elapsed_s,pid,uss,rss,pss,min_flt,maj_flt,oom,oomadj
0.0014729499816894531,112447,12036,13132,12486,1054,0,666,0
0.015104055404663086,112447,14320,16360,15392,1330,0,666,0
0.028801918029785156,112447,15744,18440,17118,1534,0,666,0
0.042688846588134766,112447,18056,20828,19418,1815,0,666,0
0.056851863861083984,112447,51512,56616,53962,4804,0,667,0
0.07188081741333008,112447,81048,86188,83498,12143,0,668,0
0.08754491806030273,112447,95708,100428,98158,14341,0,668,0
0.10311198234558105,112447,101896,106616,104346,14881,0,668,0
0.11811494827270508,112447,92124,96880,94574,14881,0,668,0
0.13276886940002441,112447,119620,124340,122070,15113,0,668,0
0.1477830410003662,112447,121668,126388,124118,15114,0,668,0
0.16245484352111816,112447,121668,126388,124118,15114,0,668,0
0.17696595191955566,112447,127812,132532,130262,15117,0,669,0
0.19170093536376953,112447,127112,131832,129562,15117,0,669,0
0.20653200149536133,112447,127112,131832,129562,15117,0,669,0
0.22129583358764648,112447,128164,132856,130614,15380,0,669,0
0.23617100715637207,112447,130368,135160,132818,15930,0,669,0
0.2512829303741455,112447,130600,135320,133050,16073,0,669,0
0.26611804962158203,112447,127120,131956,129570,16073,0,669,0
0.28061389923095703,112447,127120,131956,129570,16073,0,669,0
0.29471492767333984,112447,127120,131956,129570,16073,0,669,0
0.3086998462677002,112447,127120,131956,129570,16073,0,669,0
0.3226938247680664,112447,127120,131956,129570,16073,0,669,0
0.33671092987060547,112447,127120,131956,129570,16073,0,669,0
0.35071897506713867,112447,127120,131956,129570,16073,0,669,0
0.3647489547729492,112447,127120,131956,129570,16073,0,669,0
0.37874388694763184,112447,127120,131956,129570,16073,0,669,0
0.3927168846130371,112447,127120,131956,129570,16073,0,669,0
0.40671801567077637,112447,127120,131956,129570,16073,0,669,0
0.42102503776550293,112447,127120,131956,129570,16073,0,669,0
0.4351539611816406,112447,127120,131956,129570,16073,0,669,0
0.44934797286987305,112447,127120,131956,129570,16073,0,669,0
0.46339893341064453,112447,127120,131956,129570,16073,0,669,0
0.47734904289245605,112447,127120,131956,129570,16073,0,669,0
0.4918358325958252,112447,127120,131956,129570,16073,0,669,0
0.505767822265625,112447,127120,131956,129570,16073,0,669,0
0.519697904586792,112447,127120,131956,129570,16073,0,669,0
0.5337028503417969,112447,127120,131956,129570,16073,0,669,0
0.5477068424224854,112447,127120,131956,129570,16073,0,669,0
0.5616960525512695,112447,127120,131956,129570,16073,0,669,0
0.5757009983062744,112447,127120,131956,129570,16073,0,669,0
0.5897350311279297,112447,127120,131956,129570,16073,0,669,0
0.60428786277771,112447,127120,131956,129570,16073,0,669,0
0.6190268993377686,112447,127120,131956,129570,16073,0,669,0
0.6336729526519775,112447,127120,131956,129570,16073,0,669,0
0.6482839584350586,112447,127120,131956,129570,16073,0,669,0
0.6626818180084229,112447,127120,131956,129570,16073,0,669,0
0.6771478652954102,112447,127120,131956,129570,16073,0,669,0
0.6916899681091309,112447,127120,131956,129570,16073,0,669,0
0.7056968212127686,112447,127120,131956,129570,16073,0,669,0
0.720181941986084,112447,127120,131956,129570,16073,0,669,0
0.734407901763916,112447,127120,131956,129570,16073,0,669,0
0.7486889362335205,112447,127120,131956,129570,16073,0,669,0
0.7630529403686523,112447,127120,131956,129570,16073,0,669,0
0.7777559757232666,112447,127120,131956,129570,16073,0,669,0
0.7921278476715088,112447,127120,131956,129570,16073,0,669,0
0.8063068389892578,112447,127120,131956,129570,16073,0,669,0
0.8205649852752686,112447,127120,131956,129570,16073,0,669,0
0.8350589275360107,112447,127120,131956,129570,16073,0,669,0
0.8493008613586426,112447,127120,131956,129570,16073,0,669,0
0.8635549545288086,112447,127120,131956,129570,16073,0,669,0
0.8778109550476074,112447,127120,131956,129570,16073,0,669,0
0.8920719623565674,112447,127120,131956,129570,16073,0,669,0
0.9061028957366943,112447,127120,131956,129570,16073,0,669,0
0.9202399253845215,112447,127120,131956,129570,16073,0,669,0
0.9344470500946045,112447,127120,131956,129570,16073,0,669,0
0.9486398696899414,112447,127120,131956,129570,16073,0,669,0
0.962669849395752,112447,127120,131956,129570,16073,0,669,0
0.9767029285430908,112447,127120,131956,129570,16073,0,669,0
0.99074387550354,112447,127120,131956,129570,16073,0,669,0
1.0047190189361572,112447,127120,131956,129570,16073,0,669,0
1.0192928314208984,112447,127120,131956,129570,16073,0,669,0
1.033452033996582,112447,127120,131956,129570,16073,0,669,0
1.04758882522583,112447,127120,131956,129570,16073,0,669,0
1.061694860458374,112447,127120,131956,129570,16073,0,669,0
1.0757288932800293,112447,127120,131956,129570,16073,0,669,0
1.089735984802246,112447,127120,131956,129570,16073,0,669,0
1.1042249202728271,112447,127120,131956,129570,16073,0,669,0
1.1190638542175293,112447,127120,131956,129570,16073,0,669,0
1.1334209442138672,112447,127120,131956,129570,16073,0,669,0
1.1474440097808838,112447,127120,131956,129570,16073,0,669,0
1.1616878509521484,112447,127120,131956,129570,16073,0,669,0
1.1757240295410156,112447,127120,131956,129570,16073,0,669,0
1.1897938251495361,112447,127120,131956,129570,16073,0,669,0
1.2037358283996582,112447,127120,131956,129570,16073,0,669,0
1.2178678512573242,112447,127120,131956,129570,16073,0,669,0
1.2321598529815674,112447,127120,131956,129570,16073,0,669,0
1.2460808753967285,112447,127120,131956,129570,16073,0,669,0
1.2602880001068115,112447,127120,131956,129570,16073,0,669,0
1.2745099067687988,112447,127120,131956,129570,16073,0,669,0
1.2887418270111084,112447,127120,131956,129570,16073,0,669,0
1.303095817565918,112447,127120,131956,129570,16073,0,669,0
1.317214012145996,112447,127120,131956,129570,16073,0,669,0
1.3313260078430176,112447,127120,131956,129570,16073,0,669,0
1.3455328941345215,112447,127120,131956,129570,16073,0,669,0
1.359652042388916,112447,127120,131956,129570,16073,0,669,0
1.3738558292388916,112447,127120,131956,129570,16073,0,669,0
1.3880829811096191,112447,127120,131956,129570,16073,0,669,0
1.4022090435028076,112447,127120,131956,129570,16073,0,669,0
1.416679859161377,112447,127120,131956,129570,16073,0,669,0
1.4311599731445312,112447,127120,131956,129570,16073,0,669,0
1.4461548328399658,112447,127120,131956,129570,16073,0,669,0
1.4608769416809082,112447,127120,131956,129570,16073,0,669,0
1.4753658771514893,112447,127120,131956,129570,16073,0,669,0
1.4896669387817383,112447,127120,131956,129570,16073,0,669,0
1.5037610530853271,112447,127120,131956,129570,16073,0,669,0
1.5185279846191406,112447,127120,131956,129570,16073,0,669,0
1.5328309535980225,112447,127120,131956,129570,16073,0,669,0
1.5470499992370605,112447,127120,131956,129570,16073,0,669,0
1.561241865158081,112447,127120,131956,129570,16073,0,669,0
1.5754988193511963,112447,127120,131956,129570,16073,0,669,0
1.5897769927978516,112447,127120,131956,129570,16073,0,669,0
1.603790044784546,112447,127120,131956,129570,16073,0,669,0
1.6177020072937012,112447,127120,131956,129570,16073,0,669,0
1.6316728591918945,112447,127120,131956,129570,16073,0,669,0
1.6457879543304443,112447,127120,131956,129570,16073,0,669,0
1.6598548889160156,112447,127120,131956,129570,16073,0,669,0
1.6741750240325928,112447,127120,131956,129570,16073,0,669,0
1.6886649131774902,112447,127120,131956,129570,16073,0,669,0
1.7028439044952393,112447,127120,131956,129570,16073,0,669,0
1.7175559997558594,112447,127120,131956,129570,16073,0,669,0
1.731806993484497,112447,127120,131956,129570,16073,0,669,0
1.7461910247802734,112447,127120,131956,129570,16073,0,669,0
1.760448932647705,112447,127120,131956,129570,16073,0,669,0
1.7750749588012695,112447,127120,131956,129570,16073,0,669,0
1.7895400524139404,112447,127120,131956,129570,16073,0,669,0
1.8041608333587646,112447,127120,131956,129570,16073,0,669,0
1.8183999061584473,112447,127120,131956,129570,16073,0,669,0
1.832582950592041,112447,127120,131956,129570,16073,0,669,0
1.846707820892334,112447,127120,131956,129570,16073,0,669,0
1.8607029914855957,112447,127120,131956,129570,16073,0,669,0
1.8747308254241943,112447,127120,131956,129570,16073,0,669,0
1.8892359733581543,112447,127120,131956,129570,16073,0,669,0
1.9035840034484863,112447,127120,131956,129570,16073,0,669,0
1.9181640148162842,112447,127120,131956,129570,16073,0,669,0
1.93265700340271,112447,127120,131956,129570,16073,0,669,0
1.9472558498382568,112447,127120,131956,129570,16073,0,669,0
1.9617538452148438,112447,127120,131956,129570,16073,0,669,0
1.9764230251312256,112447,127120,131956,129570,16073,0,669,0
1.990638017654419,112447,127120,131956,129570,16073,0,669,0
2.0051398277282715,112447,127120,131956,129570,16073,0,669,0
2.019662857055664,112447,127120,131956,129570,16073,0,669,0
2.0341379642486572,112447,127120,131956,129570,16073,0,669,0
2.0487148761749268,112447,127120,131956,129570,16073,0,669,0
2.06272292137146,112447,127120,131956,129570,16073,0,669,0
2.07662296295166,112447,127120,131956,129570,16073,0,669,0
2.0907280445098877,112447,127120,131956,129570,16073,0,669,0
2.1053049564361572,112447,127120,131956,129570,16073,0,669,0
2.119743824005127,112447,127120,131956,129570,16073,0,669,0
2.1343870162963867,112447,127120,131956,129570,16073,0,669,0
2.148737907409668,112447,127120,131956,129570,16073,0,669,0
2.162796974182129,112447,127120,131956,129570,16073,0,669,0
2.176790952682495,112447,127120,131956,129570,16073,0,669,0
2.191072940826416,112447,127120,131956,129570,16073,0,669,0
2.20573091506958,112447,127120,131956,129570,16073,0,669,0
2.220197916030884,112447,127120,131956,129570,16073,0,669,0
2.234786033630371,112447,127120,131956,129570,16073,0,669,0
2.248771905899048,112447,127120,131956,129570,16073,0,669,0
2.262794017791748,112447,131216,135936,133666,16075,0,669,0
2.278153896331787,112447,133396,138240,135846,16082,0,669,0
2.293086051940918,112447,133396,138240,135846,16082,0,669,0
2.307651996612549,112447,133396,138240,135846,16082,0,669,0
2.322119951248169,112447,133396,138240,135846,16082,0,669,0
2.3366260528564453,112447,133396,138240,135846,16082,0,669,0
2.3512799739837646,112447,133396,138240,135846,16082,0,669,0
2.3659260272979736,112447,133396,138240,135846,16082,0,669,0
2.380436897277832,112447,133396,138240,135846,16082,0,669,0
2.3948609828948975,112447,133396,138240,135846,16082,0,669,0
2.4093098640441895,112447,133396,138240,135846,16082,0,669,0
2.427600860595703,112447,133396,138240,135846,16082,0,669,0
2.4423398971557617,112447,133396,138240,135846,16082,0,669,0
2.45693302154541,112447,133396,138240,135846,16082,0,669,0
2.471552848815918,112447,133396,138240,135846,16082,0,669,0
2.4860808849334717,112447,133396,138240,135846,16082,0,669,0
2.500514030456543,112447,133396,138240,135846,16082,0,669,0
2.5150279998779297,112447,133396,138240,135846,16082,0,669,0
2.5295138359069824,112447,133396,138240,135846,16082,0,669,0
2.5441508293151855,112447,133396,138240,135846,16082,0,669,0
2.5586438179016113,112447,133396,138240,135846,16082,0,669,0
2.5731749534606934,112447,133396,138240,135846,16082,0,669,0
2.5877528190612793,112447,133396,138240,135846,16082,0,669,0
2.602275848388672,112447,133396,138240,135846,16082,0,669,0
2.616710901260376,112447,133396,138240,135846,16082,0,669,0
2.6312060356140137,112447,133396,138240,135846,16082,0,669,0
2.645589828491211,112447,133396,138240,135846,16082,0,669,0
2.660054922103882,112447,133396,138240,135846,16082,0,669,0
2.6745100021362305,112447,133396,138240,135846,16082,0,669,0
2.6890578269958496,112447,133396,138240,135846,16082,0,669,0
2.703904867172241,112447,133396,138240,135846,16082,0,669,0
2.7186038494110107,112447,133396,138240,135846,16082,0,669,0
2.7331528663635254,112447,133396,138240,135846,16082,0,669,0
2.747680902481079,112447,133396,138240,135846,16082,0,669,0
2.762190818786621,112447,133396,138240,135846,16082,0,669,0
2.776620864868164,112447,133396,138240,135846,16082,0,669,0
2.791693925857544,112447,133396,138240,135846,16082,0,669,0
2.806324005126953,112447,133396,138240,135846,16082,0,669,0
2.8214168548583984,112447,133396,138240,135846,16082,0,669,0
2.835984945297241,112447,133396,138240,135846,16082,0,669,0
2.8505828380584717,112447,133396,138240,135846,16082,0,669,0
2.865164041519165,112447,133396,138240,135846,16082,0,669,0
2.879619836807251,112447,133396,138240,135846,16082,0,669,0
2.89412784576416,112447,133396,138240,135846,16082,0,669,0
2.9086549282073975,112447,133396,138240,135846,16082,0,669,0
2.92333984375,112447,133288,138112,135738,16083,0,669,0
2.938153028488159,112447,133288,138112,135738,16083,0,669,0
2.952767848968506,112447,133288,138112,135738,16083,0,669,0
2.9675369262695312,112447,133288,138112,135738,16083,0,669,0
2.98207688331604,112447,133288,138112,135738,16083,0,669,0
2.9967188835144043,112447,133288,138112,135738,16083,0,669,0
3.0112249851226807,112447,133288,138112,135738,16083,0,669,0
3.025928020477295,112447,133288,138112,135738,16083,0,669,0
3.0404958724975586,112447,133288,138112,135738,16083,0,669,0
3.0550379753112793,112447,133288,138112,135738,16083,0,669,0
3.0694868564605713,112447,133288,138112,135738,16083,0,669,0
3.083953857421875,112447,133288,138112,135738,16083,0,669,0
3.0985310077667236,112447,133288,138112,135738,16083,0,669,0
3.113083839416504,112447,133288,138112,135738,16083,0,669,0
3.127768039703369,112447,133288,138112,135738,16083,0,669,0
3.1424808502197266,112447,133288,138112,135738,16083,0,669,0
3.1569888591766357,112447,133288,138112,135738,16083,0,669,0
3.1715199947357178,112447,133288,138112,135738,16083,0,669,0
3.1861088275909424,112447,133288,138112,135738,16083,0,669,0
3.2006349563598633,112447,133288,138112,135738,16083,0,669,0
3.215214967727661,112447,133288,138112,135738,16083,0,669,0
3.230074882507324,112447,133288,138112,135738,16083,0,669,0
3.244642972946167,112447,133288,138112,135738,16083,0,669,0
3.2591450214385986,112447,133288,138112,135738,16083,0,669,0
3.2736270427703857,112447,133288,138112,135738,16083,0,669,0
3.288172960281372,112447,133288,138112,135738,16083,0,669,0
3.302719831466675,112447,133288,138112,135738,16083,0,669,0
3.3172450065612793,112447,133288,138112,135738,16083,0,669,0
3.331624984741211,112447,133288,138112,135738,16083,0,669,0
3.3462729454040527,112447,133288,138112,135738,16083,0,669,0
3.360745906829834,112447,133288,138112,135738,16083,0,669,0
3.3752639293670654,112447,135336,140056,137786,16084,0,669,0
3.3912880420684814,112447,139548,144284,141998,16088,0,669,0
3.4062979221343994,112447,139548,144284,141998,16088,0,669,0
3.4209659099578857,112447,139548,144284,141998,16088,0,669,0
3.435631036758423,112447,139548,144284,141998,16088,0,669,0
3.450286865234375,112447,139548,144284,141998,16088,0,669,0
3.4648139476776123,112447,139548,144284,141998,16088,0,669,0
3.4793429374694824,112447,139548,144284,141998,16088,0,669,0
3.494032859802246,112447,139548,144284,141998,16088,0,669,0
3.5085558891296387,112447,139548,144284,141998,16088,0,669,0
3.523066997528076,112447,139548,144284,141998,16088,0,669,0
3.5379459857940674,112447,139548,144284,141998,16088,0,669,0
3.552680015563965,112447,139548,144284,141998,16088,0,669,0
3.5672738552093506,112447,139548,144284,141998,16088,0,669,0
3.5820529460906982,112447,139548,144284,141998,16088,0,669,0
3.5967719554901123,112447,139548,144284,141998,16088,0,669,0
3.6114468574523926,112447,139548,144284,141998,16088,0,669,0
3.626023054122925,112447,139548,144284,141998,16088,0,669,0
3.640702962875366,112447,139548,144284,141998,16088,0,669,0
3.6551878452301025,112447,139548,144284,141998,16088,0,669,0
3.6696319580078125,112447,139548,144284,141998,16088,0,669,0
3.684128999710083,112447,139548,144284,141998,16088,0,669,0
3.6987838745117188,112447,139548,144284,141998,16088,0,669,0
3.713373899459839,112447,137504,142236,139954,16088,0,669,0
3.72796893119812,112447,137504,142236,139954,16088,0,669,0
3.742971897125244,112447,137504,142236,139954,16088,0,669,0
3.7576818466186523,112447,137504,142236,139954,16088,0,669,0
3.7722558975219727,112447,137504,142236,139954,16088,0,669,0
3.786702871322632,112447,137504,142236,139954,16088,0,669,0
3.801241874694824,112447,135460,140188,137910,16088,0,669,0
3.815652847290039,112447,133416,138140,135866,16088,0,669,0
3.8300888538360596,112447,135392,142160,137842,16576,0,669,0
3.845026969909668,112447,145632,152400,148082,16581,0,669,0
3.8599798679351807,112447,155872,162640,158322,16586,0,669,0
3.8749990463256836,112447,166112,172880,168562,16591,0,670,0
3.8900058269500732,112447,176352,183120,178802,16596,0,670,0
3.9051320552825928,112447,186592,193360,189042,16601,0,670,0
3.9201698303222656,112447,198880,203600,201330,16606,0,670,0
3.9355409145355225,112447,209120,213840,211570,16612,0,670,0
3.950839042663574,112447,219360,224080,221810,16617,0,670,0
3.965829849243164,112447,229600,234320,232050,16622,0,671,0
3.9808528423309326,112447,239840,244560,242290,16627,0,671,0
3.9957969188690186,112447,250080,254800,252530,16632,0,671,0
4.010771989822388,112447,260320,265040,262770,16637,0,672,0
4.025758981704712,112447,270560,275280,273010,16642,0,672,0
4.040722846984863,112447,280800,285520,283250,16647,0,672,0
4.055755853652954,112447,291040,295760,293490,16652,0,672,0
4.070724964141846,112447,301280,306000,303730,16657,0,672,0
4.085799932479858,112447,311520,316240,313970,16662,0,672,0
4.1008758544921875,112447,321760,326480,324210,16667,0,672,0
4.1159889698028564,112447,332000,336720,334450,16672,0,673,0
4.130952835083008,112447,342240,349008,344690,16677,0,673,0
4.146023988723755,112447,352480,359248,354930,16682,0,673,0
4.1614909172058105,112447,362720,369488,365170,16687,0,674,0
4.176676034927368,112447,372960,379728,375410,16692,0,674,0
4.191728830337524,112447,383200,389968,385650,16697,0,674,0
4.206748008728027,112447,395488,400208,397938,16702,0,674,0
4.221760988235474,112447,405728,410448,408178,16707,0,674,0
4.236783981323242,112447,415968,420688,418418,16713,0,674,0
4.251787900924683,112447,426208,430928,428658,16718,0,675,0
4.266706943511963,112447,436448,441168,438898,16723,0,675,0
4.281745910644531,112447,446688,451408,449138,16728,0,675,0
4.296730995178223,112447,456928,461648,459378,16733,0,676,0
4.311861038208008,112447,467168,471888,469618,16738,0,676,0
4.326748847961426,112447,477408,482128,479858,16743,0,676,0
4.341742038726807,112447,487648,492368,490098,16748,0,676,0
4.356727838516235,112447,499936,504656,502386,16754,0,676,0
4.3740928173065186,112447,510176,514896,512626,16759,0,676,0
4.388991832733154,112447,520416,525136,522866,16764,0,677,0
4.40378999710083,112447,530656,535376,533106,16769,0,677,0
4.418668985366821,112447,540896,545616,543346,16774,0,677,0
4.43367600440979,112447,549088,553808,551538,16778,0,677,0
4.4486000537872314,112447,559328,564048,561778,16783,0,678,0
4.46364688873291,112447,569568,574288,572018,16788,0,678,0
4.4786248207092285,112447,579808,584528,582258,16793,0,678,0
4.49354100227356,112447,590048,594768,592498,16798,0,678,0
4.508502960205078,112447,600288,605008,602738,16803,0,678,0
4.523543834686279,112447,610528,615248,612978,16808,0,678,0
4.538496971130371,112447,620768,627536,623218,16813,0,679,0
4.553462028503418,112447,631008,637776,633458,16818,0,679,0
4.568333864212036,112447,641248,648016,643698,16823,0,679,0
4.583638906478882,112447,651488,658256,653938,16828,0,680,0
4.598630905151367,112447,661728,668496,664178,16833,0,680,0
4.613579034805298,112447,674016,678736,676466,16838,0,680,0
4.628620862960815,112447,684256,688976,686706,16844,0,680,0
4.643589973449707,112447,694496,699216,696946,16849,0,680,0
4.658537864685059,112447,704736,709456,707186,16854,0,680,0
4.673681020736694,112447,714976,719696,717426,16859,0,680,0
4.688769817352295,112447,725216,729936,727666,16864,0,681,0
4.703765869140625,112447,735456,740176,737906,16869,0,681,0
4.718698024749756,112447,745696,750416,748146,16874,0,681,0
4.733675956726074,112447,755936,760656,758386,16879,0,682,0
4.748678922653198,112447,766176,770896,768626,16884,0,682,0
4.76346492767334,112447,776416,783184,778866,16889,0,682,0
4.778205871582031,112447,786656,793424,789106,16894,0,682,0
4.793125867843628,112447,796896,803664,799346,16899,0,682,0
4.807809829711914,112447,807136,813904,809586,16904,0,682,0
4.8225998878479,112447,817376,824144,819826,16909,0,683,0
4.837456941604614,112447,829664,834384,832114,16914,0,683,0
4.85233998298645,112447,839904,844624,842354,16920,0,683,0
4.867403984069824,112447,850144,854864,852594,16925,0,684,0
4.882340908050537,112447,860384,865104,862834,16930,0,684,0
4.897110939025879,112447,870624,875344,873074,16935,0,684,0
4.911730051040649,112447,880864,885584,883314,16940,0,684,0
4.926620960235596,112447,891104,895824,893554,16945,0,684,0
4.941583871841431,112447,901344,906064,903794,16950,0,684,0
4.956652879714966,112447,911584,916304,914034,16955,0,684,0
4.9717278480529785,112447,921824,926544,924274,16960,0,685,0
4.987046003341675,112447,932064,938832,934514,16965,0,685,0
5.001925945281982,112447,942304,949072,944754,16970,0,685,0
5.016768932342529,112447,952544,959312,954994,16975,0,686,0
5.031723976135254,112447,962784,969552,965234,16980,0,686,0
5.046604871749878,112447,973024,979792,975474,16985,0,686,0
5.061692953109741,112447,985312,990032,987762,16990,0,686,0
5.0767388343811035,112447,995552,1000272,998002,16995,0,686,0
5.091737985610962,112447,1005792,1010512,1008242,17001,0,686,0
5.106703996658325,112447,1016032,1020752,1018482,17006,0,687,0
5.121701002120972,112447,1026272,1030992,1028722,17011,0,687,0
5.136659860610962,112447,1036512,1041232,1038962,17016,0,687,0
5.151636838912964,112447,1046752,1051472,1049202,17021,0,688,0
5.166712045669556,112447,1056992,1061712,1059442,17026,0,688,0
5.1817028522491455,112447,1067232,1071952,1069682,17031,0,688,0
5.196730852127075,112447,1077472,1082192,1079922,17036,0,688,0
5.211859941482544,112447,1087712,1094480,1090162,17041,0,688,0
5.226820945739746,112447,1097952,1104720,1100402,17046,0,688,0
5.241878986358643,112447,1108192,1114960,1110642,17051,0,688,0
5.256728887557983,112447,1118432,1125200,1120882,17056,0,689,0
5.271896839141846,112447,1128672,1135440,1131122,17061,0,689,0
5.2869579792022705,112447,1140960,1145680,1143410,17066,0,689,0
5.301728963851929,112447,1151200,1155920,1153650,17072,0,690,0
5.3165810108184814,112447,1161440,1166160,1163890,17077,0,690,0
5.331668853759766,112447,1169632,1176400,1172082,17081,0,690,0
5.346961975097656,112447,1179872,1186640,1182322,17086,0,690,0
5.361871004104614,112447,1190112,1196880,1192562,17091,0,690,0
5.376912832260132,112447,1202400,1207120,1204850,17096,0,690,0
5.392058849334717,112447,1212640,1217360,1215090,17101,0,691,0
5.407327890396118,112447,1222880,1227600,1225330,17107,0,691,0
5.42250394821167,112447,1233120,1237840,1235570,17112,0,691,0
5.437464952468872,112447,1243360,1248080,1245810,17117,0,692,0
5.452268838882446,112447,1253600,1258320,1256050,17122,0,692,0
5.46724796295166,112447,1261792,1266512,1264242,17125,0,692,0
5.4823830127716064,112447,1272032,1276752,1274482,17131,0,692,0
5.497503042221069,112447,1282272,1286992,1284722,17136,0,692,0
5.512414932250977,112447,1292512,1297232,1294962,17141,0,692,0
5.527153968811035,112447,1302752,1307472,1305202,17146,0,692,0
5.5421528816223145,112447,1312992,1317712,1315442,17151,0,693,0
5.557068824768066,112447,1323232,1327952,1325682,17156,0,693,0
5.572130918502808,112447,1333472,1338192,1335922,17161,0,693,0
5.587179899215698,112447,1343712,1350480,1346162,17166,0,694,0
5.602288007736206,112447,1353952,1360720,1356402,17171,0,694,0
5.617724895477295,112447,1364192,1370960,1366642,17176,0,694,0
5.63285493850708,112447,1374432,1381200,1376882,17181,0,694,0
5.648054838180542,112447,1384672,1391440,1387122,17186,0,694,0
5.663125038146973,112447,1396960,1401680,1399410,17191,0,694,0
5.678148031234741,112447,1407200,1411920,1409650,17196,0,695,0
5.693203926086426,112447,1417440,1422160,1419890,17202,0,695,0
5.708323955535889,112447,1427680,1432400,1430130,17207,0,695,0
5.723395824432373,112447,1437920,1442640,1440370,17212,0,695,0
5.738508939743042,112447,1448160,1452880,1450610,17217,0,696,0
5.753618955612183,112447,1458400,1463120,1460850,17222,0,696,0
5.768779039382935,112447,1468640,1473360,1471090,17227,0,696,0
5.783833980560303,112447,1478880,1483600,1481330,17232,0,696,0
5.798861980438232,112447,1489120,1493840,1491570,17237,0,696,0
5.81383490562439,112447,1499360,1504080,1501810,17242,0,696,0
5.829242944717407,112447,1509600,1516368,1512050,17247,0,697,0
5.844573020935059,112447,1519840,1526608,1522290,17252,0,697,0
5.859707832336426,112447,1530080,1536848,1532530,17257,0,697,0
5.874776840209961,112447,1542368,1547088,1544818,17262,0,698,0
5.890000820159912,112447,1552608,1557328,1555058,17267,0,698,0
5.905165910720825,112447,1562848,1567568,1565298,17273,0,698,0
5.92018985748291,112447,1573088,1577808,1575538,17278,0,698,0
5.935097932815552,112447,1583328,1588048,1585778,17283,0,698,0
5.950088024139404,112447,1593568,1598288,1596018,17288,0,698,0
5.964993000030518,112447,1603808,1608528,1606258,17293,0,699,0
5.979816913604736,112447,1614048,1618768,1616498,17298,0,699,0
5.994786977767944,112447,1624288,1629008,1626738,17303,0,699,0
6.009716033935547,112447,1634528,1639248,1636978,17308,0,699,0
6.024741888046265,112447,1644768,1651536,1647218,17313,0,700,0
6.040158033370972,112447,1655008,1661776,1657458,17318,0,700,0
6.055343866348267,112447,1665248,1672016,1667698,17323,0,700,0
6.070662021636963,112447,1675488,1682256,1677938,17328,0,700,0
6.085832834243774,112447,1687776,1692496,1690226,17333,0,700,0
6.101282835006714,112447,1698016,1702736,1700466,17338,0,700,0
6.116410970687866,112447,1708256,1712976,1710706,17344,0,701,0
6.1314918994903564,112447,1718496,1723216,1720946,17349,0,701,0
6.146615982055664,112447,1728736,1733456,1731186,17354,0,701,0
6.16172194480896,112447,1738976,1743696,1741426,17359,0,702,0
6.1767418384552,112447,1749216,1753936,1751666,17364,0,702,0
6.191763877868652,112447,1759456,1764176,1761906,17369,0,702,0
6.206774950027466,112447,1769696,1774416,1772146,17374,0,702,0
6.221736907958984,112447,1779936,1784656,1782386,17379,0,702,0
6.236755847930908,112447,1790176,1794896,1792626,17384,0,702,0
6.2517619132995605,112447,1800416,1807184,1802866,17389,0,703,0
6.266757965087891,112447,1810656,1817424,1813106,17394,0,703,0
6.281743049621582,112447,1820896,1827664,1823346,17399,0,703,0
6.296833038330078,112447,1831136,1835856,1833586,17404,0,703,0
6.3119330406188965,112447,1841376,1846096,1843826,17409,0,704,0
6.327008962631226,112447,1851616,1856336,1854066,17414,0,704,0
6.341958999633789,112447,1861856,1868624,1864306,17419,0,704,0
6.356957912445068,112447,1872096,1878864,1874546,17424,0,704,0
6.371930837631226,112447,1882336,1889104,1884786,17429,0,704,0
6.386950969696045,112447,1892576,1899344,1895026,17434,0,704,0
6.401932954788208,112447,1902816,1909584,1905266,17439,0,705,0
6.416820049285889,112447,1913056,1919824,1915506,17444,0,705,0
6.431777000427246,112447,1925344,1930064,1927794,17449,0,705,0
6.447139024734497,112447,1935584,1940304,1938034,17455,0,706,0
6.462193965911865,112447,1945824,1950544,1948274,17460,0,706,0
6.477216005325317,112447,1956064,1960784,1958514,17465,0,706,0
6.492219924926758,112447,1966304,1971024,1968754,17470,0,706,0
6.507534980773926,112447,1976544,1981264,1978994,17475,0,706,0
6.522474050521851,112447,1984736,1989456,1987186,17479,0,706,0
6.537516832351685,112447,1994976,1999696,1997426,17484,0,706,0
6.552642822265625,112447,2005216,2009936,2007666,17489,0,707,0
6.567785024642944,112447,2015456,2020176,2017906,17494,0,707,0
6.582767009735107,112447,2025696,2030416,2028146,17499,0,707,0
6.59784197807312,112447,2035936,2040656,2038386,17504,0,708,0
6.612980842590332,112447,2046176,2052944,2048626,17509,0,708,0
6.6278228759765625,112447,2056416,2063184,2058866,17514,0,708,0
6.64282488822937,112447,2066656,2073424,2069106,17519,0,708,0
6.658298969268799,112447,2078944,2083664,2081394,17524,0,708,0
6.673570871353149,112447,2089184,2093904,2091634,17529,0,708,0
6.688763856887817,112447,2099424,2104144,2101874,17535,0,709,0
6.703856945037842,112447,2109664,2114384,2112114,17540,0,709,0
6.718998908996582,112447,2119904,2124624,2122354,17545,0,709,0
6.734040975570679,112447,2130144,2134864,2132594,17550,0,710,0
6.749160051345825,112447,2140384,2145104,2142834,17555,0,710,0
6.76424503326416,112447,2150624,2155344,2153074,17560,0,710,0
6.779286861419678,112447,2160864,2165584,2163314,17565,0,710,0
6.7945239543914795,112447,2171104,2177872,2173554,17570,0,710,0
6.809867858886719,112447,2181344,2188112,2183794,17575,0,710,0
6.824841022491455,112447,2191584,2198352,2194034,17580,0,711,0
6.8399879932403564,112447,2201824,2208592,2204274,17585,0,711,0
6.855029821395874,112447,2214112,2218832,2216562,17590,0,711,0
6.870219945907593,112447,2224352,2229072,2226802,17596,0,711,0
6.885438919067383,112447,2232656,2237376,2235106,17627,0,712,0
6.90057897567749,112447,2242896,2247616,2245346,17632,0,712,0
6.915644884109497,112447,2253136,2257856,2255586,17638,0,712,0
6.93075704574585,112447,2263376,2268096,2265826,17643,0,712,0
6.945852041244507,112447,2273616,2278336,2276066,17648,0,712,0
6.9608869552612305,112447,2283856,2288576,2286306,17653,0,712,0
6.975966930389404,112447,2294096,2298816,2296546,17658,0,713,0
6.990999937057495,112447,2304336,2309056,2306786,17663,0,713,0
7.0061938762664795,112447,2314576,2319296,2317026,17668,0,713,0
7.021306037902832,112447,2324816,2331584,2327266,17673,0,714,0
7.036484003067017,112447,2335056,2341824,2337506,17678,0,714,0
7.051339864730835,112447,2345296,2352064,2347746,17683,0,714,0
7.066145896911621,112447,2357584,2362304,2360034,17688,0,714,0
7.081775903701782,112447,2367824,2372544,2370274,17693,0,714,0
7.096843004226685,112447,2378064,2382784,2380514,17699,0,714,0
7.111855983734131,112447,2388304,2393024,2390754,17704,0,714,0
7.126832962036133,112447,2398544,2403264,2400994,17709,0,715,0
7.141814947128296,112447,2408784,2413504,2411234,17714,0,715,0
7.156842947006226,112447,2419024,2423744,2421474,17719,0,715,0
7.171831846237183,112447,2429264,2433984,2431714,17724,0,716,0
7.1868438720703125,112447,2439504,2444224,2441954,17729,0,716,0
7.201737880706787,112447,2449744,2454464,2452194,17734,0,716,0
7.2167909145355225,112447,2459984,2466752,2462434,17739,0,716,0
7.231845855712891,112447,2470224,2476992,2472674,17744,0,716,0
7.24687385559082,112447,2480464,2487232,2482914,17749,0,716,0
7.261852025985718,112447,2490704,2497472,2493154,17754,0,717,0
7.277293920516968,112447,2500944,2505664,2503394,17759,0,717,0
7.2928290367126465,112447,2511184,2515904,2513634,17764,0,717,0
7.3077709674835205,112447,2521424,2526144,2523874,17769,0,718,0
7.322752952575684,112447,2531664,2536384,2534114,17774,0,718,0
7.337780952453613,112447,2541904,2548672,2544354,17779,0,718,0
7.352810859680176,112447,2552144,2558912,2554594,17784,0,718,0
7.367833852767944,112447,2562384,2569152,2564834,17789,0,718,0
7.382915019989014,112447,2572624,2579392,2575074,17794,0,718,0
7.397900819778442,112447,2582864,2589632,2585314,17799,0,718,0
7.413075923919678,112447,2595152,2599872,2597602,17804,0,719,0
7.428218841552734,112447,2605392,2610112,2607842,17809,0,719,0
7.443434000015259,112447,2615632,2620352,2618082,17815,0,719,0
7.458583831787109,112447,2625872,2630592,2628322,17820,0,720,0
7.473719835281372,112447,2636112,2640832,2638562,17825,0,720,0
7.489033937454224,112447,2646352,2651072,2648802,17830,0,720,0
7.504204034805298,112447,2656592,2661312,2659042,17835,0,720,0
7.5191969871521,112447,2666832,2673600,2669282,17840,0,720,0
7.534557819366455,112447,2677072,2683840,2679522,17845,0,720,0
7.549731016159058,112447,2687312,2694080,2689762,17850,0,721,0
7.564769983291626,112447,2695504,2700224,2697954,17854,0,721,0
7.579838037490845,112447,2705744,2710464,2708194,17859,0,721,0
7.595149040222168,112447,2715984,2720704,2718434,17864,0,721,0
7.610244989395142,112447,2726224,2732992,2728674,17869,0,722,0
7.625610828399658,112447,2736464,2743232,2738914,17874,0,722,0
7.640873908996582,112447,2746704,2753472,2749154,17879,0,722,0
7.656057834625244,112447,2758992,2763712,2761442,17884,0,722,0
7.671219825744629,112447,2769232,2773952,2771682,17889,0,722,0
7.686460971832275,112447,2779472,2784192,2781922,17895,0,722,0
7.70182991027832,112447,2789712,2794432,2792162,17900,0,723,0
7.716900825500488,112447,2799952,2804672,2802402,17905,0,723,0
7.731979846954346,112447,2810192,2814912,2812642,17910,0,723,0
7.747248888015747,112447,2820432,2825152,2822882,17915,0,724,0
7.762493848800659,112447,2830672,2837440,2833122,17920,0,724,0
7.777767896652222,112447,2840912,2847680,2843362,17925,0,724,0
7.792862892150879,112447,2851152,2857920,2853602,17930,0,724,0
7.808089017868042,112447,2863440,2868160,2865890,17935,0,724,0
7.823377847671509,112447,2873680,2878400,2876130,17941,0,724,0
7.838644981384277,112447,2883920,2888640,2886370,17946,0,725,0
7.853970050811768,112447,2894160,2898880,2896610,17951,0,725,0
7.869146823883057,112447,2904400,2909120,2906850,17956,0,725,0
7.884284973144531,112447,2914640,2919360,2917090,17961,0,726,0
7.8998119831085205,112447,2924880,2931648,2927330,17966,0,726,0
7.915052890777588,112447,2935120,2941888,2937570,17971,0,726,0
7.930289030075073,112447,2945360,2952128,2947810,17976,0,726,0
7.945582866668701,112447,2957648,2962368,2960098,17981,0,726,0
7.960803985595703,112447,2967888,2972608,2970338,17987,0,726,0
7.975780963897705,112447,2978128,2982848,2980578,17992,0,726,0
7.991046905517578,112447,2988368,2993088,2990818,17997,0,727,0
8.006126880645752,112447,2998608,3003328,3001058,18002,0,727,0
8.02132797241211,112447,3008848,3013568,3011298,18007,0,727,0
8.036535024642944,112447,3019088,3023808,3021538,18012,0,728,0
8.051707029342651,112447,3029328,3036096,3031778,18017,0,728,0
8.066848039627075,112447,3039568,3046336,3042018,18022,0,728,0
8.082113981246948,112447,3051856,3056576,3054306,18027,0,728,0
8.097409963607788,112447,3062096,3066816,3064546,18032,0,728,0
8.11290693283081,112447,3072336,3077056,3074786,18038,0,728,0
8.128274917602539,112447,3082576,3087296,3085026,18043,0,729,0
8.143610954284668,112447,3092816,3097536,3095266,18048,0,729,0
8.15877389907837,112447,3103056,3107776,3105506,18053,0,729,0
8.174067974090576,112447,3113296,3118016,3115746,18058,0,730,0
8.189286947250366,112447,3123536,3130304,3125986,18063,0,730,0
8.204658031463623,112447,3133776,3140544,3136226,18068,0,730,0
8.219887971878052,112447,3144016,3150784,3146466,18073,0,730,0
8.235261917114258,112447,3156304,3161024,3158754,18078,0,730,0
8.250746965408325,112447,3164496,3171264,3166946,18083,0,730,0
8.26613187789917,112447,3174736,3181504,3177186,18088,0,730,0
8.281611919403076,112447,3187024,3191744,3189474,18093,0,731,0
8.296833992004395,112447,3197264,3201984,3199714,18099,0,731,0
8.312106847763062,112447,3207504,3212224,3209954,18104,0,731,0
8.327723026275635,112447,3217744,3222464,3220194,18109,0,732,0
8.342878818511963,112447,3227984,3232704,3230434,18114,0,732,0
8.358208894729614,112447,3238224,3242944,3240674,18119,0,732,0
8.373540878295898,112447,3248464,3255232,3250914,18124,0,732,0
8.388788938522339,112447,3258704,3265472,3261154,18129,0,732,0
8.403916835784912,112447,3268944,3275712,3271394,18134,0,732,0
8.41910982131958,112447,3279184,3285952,3281634,18139,0,733,0
8.434196949005127,112447,3291472,3296192,3293922,18144,0,733,0
8.449530839920044,112447,3301712,3306432,3304162,18150,0,733,0
8.464777946472168,112447,3311952,3316672,3314402,18155,0,734,0
8.480032920837402,112447,3322192,3326912,3324642,18160,0,734,0
8.49527096748352,112447,3332432,3337152,3334882,18165,0,734,0
8.51062297821045,112447,3342672,3347392,3345122,18170,0,734,0
8.52622389793396,112447,3352912,3359680,3355362,18175,0,734,0
8.541553974151611,112447,3363152,3369920,3365602,18180,0,734,0
8.556795835494995,112447,3373392,3380160,3375842,18185,0,735,0
8.572316884994507,112447,3385680,3390400,3388130,18190,0,735,0
8.587632894515991,112447,3395920,3400640,3398370,18196,0,735,0
8.602800846099854,112447,3406160,3410880,3408610,18201,0,735,0
8.617811918258667,112447,3412304,3419072,3414754,18204,0,736,0
8.633007049560547,112447,3422544,3429312,3424994,18209,0,736,0
8.648222923278809,112447,3434832,3439552,3437282,18214,0,736,0
8.663574934005737,112447,3445072,3449792,3447522,18220,0,736,0
8.678639888763428,112447,3455312,3460032,3457762,18225,0,736,0
8.693588972091675,112447,3465552,3470272,3468002,18230,0,736,0
8.708577871322632,112447,3475792,3480512,3478242,18235,0,737,0
8.723765850067139,112447,3486032,3490752,3488482,18240,0,737,0
8.739192962646484,112447,3496272,3503040,3498722,18245,0,737,0
8.75451397895813,112447,3506512,3513280,3508962,18250,0,738,0
8.769666910171509,112447,3516752,3523520,3519202,18255,0,738,0
8.784847974777222,112447,3526992,3533760,3529442,18260,0,738,0
8.80004596710205,112447,3539280,3544000,3541730,18265,0,738,0
8.815145015716553,112447,3549520,3554240,3551970,18270,0,738,0
8.830425024032593,112447,3559760,3564480,3562210,18276,0,738,0
8.845577001571655,112447,3570000,3574720,3572450,18281,0,738,0
8.860754013061523,112447,3580240,3584960,3582690,18286,0,739,0
8.875828981399536,112447,3590480,3595200,3592930,18291,0,739,0
8.891165971755981,112447,3600720,3607488,3603170,18296,0,739,0
8.906421899795532,112447,3610960,3617728,3613410,18301,0,740,0
8.921603918075562,112447,3621200,3627968,3623650,18306,0,740,0
8.93675184249878,112447,3631440,3638208,3633890,18311,0,740,0
8.952601909637451,112447,3643728,3648448,3646178,18316,0,740,0
8.967782974243164,112447,3653968,3658688,3656418,18322,0,740,0
8.982877016067505,112447,3664208,3668928,3666658,18327,0,740,0
8.99813199043274,112447,3674448,3679168,3676898,18332,0,741,0
9.01327395439148,112447,3684688,3689408,3687138,18337,0,741,0
9.02839994430542,112447,3694928,3701696,3697378,18342,0,741,0
9.043637990951538,112447,3705168,3711936,3707618,18347,0,742,0
9.058734893798828,112447,3715408,3722176,3717858,18352,0,742,0
9.073976039886475,112447,3725648,3732416,3728098,18357,0,742,0
9.089223861694336,112447,3737936,3742656,3740386,18362,0,742,0
9.104533910751343,112447,3748176,3752896,3750626,18368,0,742,0
9.119606018066406,112447,3758416,3763136,3760866,18373,0,742,0
9.134800910949707,112447,3768656,3773376,3771106,18378,0,743,0
9.15024995803833,112447,3778896,3783616,3781346,18383,0,743,0
9.165503025054932,112447,3789136,3795904,3791586,18388,0,743,0
9.180774927139282,112447,3799376,3806144,3801826,18393,0,744,0
9.195888996124268,112447,3809616,3816384,3812066,18398,0,744,0
9.211071968078613,112447,3819856,3826624,3822306,18403,0,744,0
9.226542949676514,112447,3830096,3834816,3832546,18408,0,744,0
9.241740942001343,112447,3840336,3847104,3842786,18413,0,744,0
9.256659984588623,112447,3850576,3857344,3853026,18418,0,744,0
9.271589040756226,112447,3860816,3867584,3863266,18423,0,744,0
9.28686785697937,112447,3873104,3877824,3875554,18428,0,745,0
9.302012920379639,112447,3883344,3888064,3885794,18434,0,745,0
9.317165851593018,112447,3893584,3898304,3896034,18439,0,745,0
9.332309007644653,112447,3903824,3908544,3906274,18444,0,746,0
9.347630977630615,112447,3914064,3918784,3916514,18449,0,746,0
9.363050937652588,112447,3924304,3929024,3926754,18454,0,746,0
9.37834095954895,112447,3934544,3941312,3936994,18459,0,746,0
9.393553972244263,112447,3944784,3951552,3947234,18464,0,746,0
9.408566951751709,112447,3955024,3961792,3957474,18469,0,746,0
9.423511028289795,112447,3967312,3972032,3969762,18474,0,747,0
9.43875789642334,112447,3977552,3982272,3980002,18480,0,747,0
9.453861951828003,112447,3987792,3992512,3990242,18485,0,747,0
9.469048976898193,112447,3998032,4002752,4000482,18490,0,748,0
9.48426604270935,112447,4008272,4012992,4010722,18495,0,748,0
9.499598026275635,112447,4018512,4025280,4020962,18500,0,748,0
9.51476788520813,112447,4028752,4035520,4031202,18505,0,748,0
9.529881000518799,112447,4038992,4045760,4041442,18510,0,748,0
9.545215845108032,112447,4051280,4056000,4053730,18515,0,748,0
9.560681819915771,112447,4061520,4066240,4063970,18520,0,748,0
9.576480865478516,112447,4071760,4076480,4074210,18526,0,749,0
9.591769933700562,112447,4082000,4086720,4084450,18531,0,749,0
9.607172966003418,112447,4092240,4096960,4094690,18536,0,749,0
9.62246584892273,112447,4102480,4109248,4104930,18541,0,750,0
9.637658834457397,112447,4112720,4119488,4115170,18546,0,750,0
9.652770042419434,112447,4122960,4129728,4125410,18551,0,750,0
9.667875051498413,112447,4131152,4135872,4133602,18555,0,750,0
9.683117866516113,112447,4141392,4146112,4143842,18560,0,750,0
9.698209047317505,112447,4151632,4158400,4154082,18565,0,750,0
9.713342905044556,112447,4161872,4168640,4164322,18570,0,751,0
9.728696823120117,112447,4172112,4178880,4174562,18575,0,751,0
9.743741989135742,112447,4184400,4189120,4186850,18580,0,751,0
9.759094953536987,112447,4194640,4199360,4197090,18586,0,752,0
9.774298906326294,112447,4204880,4209600,4207330,18591,0,752,0
9.789799928665161,112447,4215120,4219840,4217570,18596,0,752,0
9.804982900619507,112447,4225360,4230080,4227810,18601,0,752,0
9.820186853408813,112447,4235600,4240320,4238050,18606,0,752,0
9.835266828536987,112447,4245840,4252608,4248290,18611,0,752,0
9.850587844848633,112447,4256080,4262848,4258530,18616,0,752,0
9.865838050842285,112447,4268368,4273088,4270818,18621,0,753,0
9.881285905838013,112447,4278608,4283328,4281058,18626,0,753,0
9.896623849868774,112447,4288848,4293568,4291298,18632,0,753,0
9.91169786453247,112447,4299088,4303808,4301538,18637,0,754,0
9.926733016967773,112447,4309328,4314048,4311778,18642,0,754,0
9.941747903823853,112447,4319568,4326336,4322018,18647,0,754,0
9.95704984664917,112447,4323664,4328384,4326114,18649,0,754,0
9.9719979763031,112447,4323664,4328384,4326114,18649,0,754,0
9.986915826797485,112447,4323664,4328384,4326114,18649,0,754,0
10.001842021942139,112447,4323664,4328384,4326114,18649,0,754,0
10.01632285118103,112447,4323664,4328384,4326114,18649,0,754,0
10.031265020370483,112447,4323664,4328384,4326114,18649,0,754,0
10.046277046203613,112447,4323664,4328384,4326114,18649,0,754,0
10.061120986938477,112447,4323664,4328384,4326114,18649,0,754,0
10.075811862945557,112447,4323664,4328384,4326114,18649,0,754,0
10.09080195426941,112447,4323664,4328384,4326114,18649,0,754,0
10.105690002441406,112447,4323664,4328384,4326114,18649,0,754,0
10.120604991912842,112447,4323664,4328384,4326114,18649,0,754,0
10.134917974472046,112447,4323664,4328384,4326114,18649,0,754,0
10.149785041809082,112447,4323664,4328384,4326114,18649,0,754,0
10.164443016052246,112447,4323664,4328384,4326114,18649,0,754,0
10.179292917251587,112447,4323664,4328384,4326114,18649,0,754,0
10.19431185722351,112447,4323664,4328384,4326114,18649,0,754,0
10.209347009658813,112447,4323664,4328384,4326114,18649,0,754,0
10.22428584098816,112447,4323664,4328384,4326114,18649,0,754,0
10.23888897895813,112447,4323664,4328384,4326114,18649,0,754,0
10.25359582901001,112447,4323664,4328384,4326114,18649,0,754,0
10.267894983291626,112447,4323664,4328384,4326114,18649,0,754,0
10.282280921936035,112447,4323664,4328384,4326114,18649,0,754,0
10.296718835830688,112447,4323664,4328384,4326114,18649,0,754,0
10.311190843582153,112447,4323664,4328384,4326114,18649,0,754,0
10.325703859329224,112447,4323664,4328384,4326114,18649,0,754,0
10.340165853500366,112447,4323664,4328384,4326114,18649,0,754,0
10.354573011398315,112447,4323664,4328384,4326114,18649,0,754,0
10.368720054626465,112447,4323664,4328384,4326114,18649,0,754,0
10.383205890655518,112447,4323664,4328384,4326114,18649,0,754,0
10.397950887680054,112447,4323664,4328384,4326114,18649,0,754,0
10.412567853927612,112447,4323664,4328384,4326114,18649,0,754,0
10.42690896987915,112447,4323664,4328384,4326114,18649,0,754,0
10.44151496887207,112447,4323664,4328384,4326114,18649,0,754,0
10.456377983093262,112447,4323664,4328384,4326114,18649,0,754,0
10.471202850341797,112447,4323664,4328384,4326114,18649,0,754,0
10.485831022262573,112447,4323664,4328384,4326114,18649,0,754,0
10.500818967819214,112447,4323664,4328384,4326114,18649,0,754,0
10.515219926834106,112447,4323664,4328384,4326114,18649,0,754,0
10.529597043991089,112447,4323664,4328384,4326114,18649,0,754,0
10.543859004974365,112447,4323664,4328384,4326114,18649,0,754,0
10.55881404876709,112447,4323664,4328384,4326114,18649,0,754,0
10.573740005493164,112447,4323664,4328384,4326114,18649,0,754,0
10.588680028915405,112447,4323664,4328384,4326114,18649,0,754,0
10.603693008422852,112447,4323664,4328384,4326114,18649,0,754,0
10.618659973144531,112447,4323664,4328384,4326114,18649,0,754,0
10.633561849594116,112447,4323664,4328384,4326114,18649,0,754,0
10.648290872573853,112447,4323664,4328384,4326114,18649,0,754,0
10.662750959396362,112447,4323664,4328384,4326114,18649,0,754,0
10.677166938781738,112447,4323664,4328384,4326114,18649,0,754,0
10.691632986068726,112447,4323664,4328384,4326114,18649,0,754,0
10.706434965133667,112447,4323664,4328384,4326114,18649,0,754,0
10.721304893493652,112447,4323664,4328384,4326114,18649,0,754,0
10.735765933990479,112447,4323664,4328384,4326114,18649,0,754,0
10.75069284439087,112447,4323664,4328384,4326114,18649,0,754,0
10.765542030334473,112447,4323664,4328384,4326114,18649,0,754,0
10.780316829681396,112447,4323664,4328384,4326114,18649,0,754,0
10.794934034347534,112447,4323664,4328384,4326114,18649,0,754,0
10.809766054153442,112447,4323664,4328384,4326114,18649,0,754,0
10.824753999710083,112447,4323664,4328384,4326114,18649,0,754,0
10.839205026626587,112447,4323664,4328384,4326114,18649,0,754,0
10.85353684425354,112447,4323664,4328384,4326114,18649,0,754,0
10.867727041244507,112447,4323664,4328384,4326114,18649,0,754,0
10.881719827651978,112447,4323664,4328384,4326114,18649,0,754,0
10.896236896514893,112447,4323664,4328384,4326114,18649,0,754,0
10.910881042480469,112447,4323664,4328384,4326114,18649,0,754,0
10.926586866378784,112447,4323664,4328384,4326114,18649,0,754,0
10.942600965499878,112447,4323664,4328384,4326114,18649,0,754,0
10.95857286453247,112447,4323664,4328384,4326114,18649,0,754,0
10.974313020706177,112447,4323664,4328384,4326114,18649,0,754,0
10.989795923233032,112447,4323664,4328384,4326114,18649,0,754,0
11.005584955215454,112447,4323664,4328384,4326114,18649,0,754,0
11.020108938217163,112447,4323664,4328384,4326114,18649,0,754,0
11.035836935043335,112447,4323664,4328384,4326114,18649,0,754,0
11.051504850387573,112447,4323664,4328384,4326114,18649,0,754,0
11.066864967346191,112447,4323664,4328384,4326114,18649,0,754,0
11.081614971160889,112447,4323664,4328384,4326114,18649,0,754,0
11.09581995010376,112447,4323664,4328384,4326114,18649,0,754,0
11.110231876373291,112447,4323664,4328384,4326114,18649,0,754,0
11.124770879745483,112447,4323664,4328384,4326114,18649,0,754,0
11.13885498046875,112447,4323664,4328384,4326114,18649,0,754,0
11.153138875961304,112447,4323664,4328384,4326114,18649,0,754,0
11.16757583618164,112447,4323664,4328384,4326114,18649,0,754,0
11.18241000175476,112447,4323664,4328384,4326114,18649,0,754,0
11.196712017059326,112447,4323664,4328384,4326114,18649,0,754,0
11.21115493774414,112447,4323664,4328384,4326114,18649,0,754,0
11.225839853286743,112447,4323664,4328384,4326114,18649,0,754,0
11.240511894226074,112447,4323664,4328384,4326114,18649,0,754,0
11.25511884689331,112447,4323664,4328384,4326114,18649,0,754,0
11.269752025604248,112447,4323664,4328384,4326114,18649,0,754,0
11.284191846847534,112447,4323664,4328384,4326114,18649,0,754,0
11.29865288734436,112447,4323664,4328384,4326114,18649,0,754,0
11.312748908996582,112447,4323664,4328384,4326114,18649,0,754,0
11.32724905014038,112447,4323664,4328384,4326114,18649,0,754,0
11.341760873794556,112447,4323664,4328384,4326114,18649,0,754,0
11.356199026107788,112447,4323664,4328384,4326114,18649,0,754,0
11.370651006698608,112447,4323664,4328384,4326114,18649,0,754,0
11.385217905044556,112447,4323664,4328384,4326114,18649,0,754,0
11.399588823318481,112447,4323664,4328384,4326114,18649,0,754,0
11.413754940032959,112447,4323664,4328384,4326114,18649,0,754,0
11.428200960159302,112447,4323664,4328384,4326114,18649,0,754,0
11.443131923675537,112447,4323664,4328384,4326114,18649,0,754,0
11.458468914031982,112447,4323664,4328384,4326114,18649,0,754,0
11.474220991134644,112447,4323664,4328384,4326114,18649,0,754,0
11.489866971969604,112447,4323664,4328384,4326114,18649,0,754,0
11.505406856536865,112447,4323664,4328384,4326114,18649,0,754,0
11.520859003067017,112447,4323664,4328384,4326114,18649,0,754,0
11.536397933959961,112447,4323664,4328384,4326114,18649,0,754,0
11.551889896392822,112447,4323664,4328384,4326114,18649,0,754,0
11.567250967025757,112447,4323664,4328384,4326114,18649,0,754,0
11.582567930221558,112447,4323664,4328384,4326114,18649,0,754,0
11.597764015197754,112447,4323664,4328384,4326114,18649,0,754,0
11.612563848495483,112447,4323664,4328384,4326114,18649,0,754,0
11.627364873886108,112447,4323664,4328384,4326114,18649,0,754,0
11.642173051834106,112447,4323664,4328384,4326114,18649,0,754,0
11.656743049621582,112447,4323664,4328384,4326114,18649,0,754,0
11.67125391960144,112447,4323664,4328384,4326114,18649,0,754,0
11.685747861862183,112447,4323664,4328384,4326114,18649,0,754,0
11.700201988220215,112447,4323664,4328384,4326114,18649,0,754,0
11.71461296081543,112447,4323664,4328384,4326114,18649,0,754,0
11.728890895843506,112447,4323664,4328384,4326114,18649,0,754,0
11.743137836456299,112447,4323664,4328384,4326114,18649,0,754,0
11.757563829421997,112447,4323664,4328384,4326114,18649,0,754,0
11.771852016448975,112447,4323664,4328384,4326114,18649,0,754,0
11.786694049835205,112447,4323664,4328384,4326114,18649,0,754,0
11.801342010498047,112447,4323664,4328384,4326114,18649,0,754,0
11.815775871276855,112447,4323664,4328384,4326114,18649,0,754,0
11.830248832702637,112447,4323664,4328384,4326114,18649,0,754,0
11.844692945480347,112447,4323664,4328384,4326114,18649,0,754,0
11.859541893005371,112447,4323664,4328384,4326114,18649,0,754,0
11.873793840408325,112447,4323664,4328384,4326114,18649,0,754,0
11.887929916381836,112447,4323664,4328384,4326114,18649,0,754,0
11.902228832244873,112447,4323664,4328384,4326114,18649,0,754,0
11.916542053222656,112447,4323664,4328384,4326114,18649,0,754,0
11.930853843688965,112447,4323664,4328384,4326114,18649,0,754,0
11.945236921310425,112447,4323664,4328384,4326114,18649,0,754,0
11.959658861160278,112447,4323664,4330432,4326114,18649,0,754,0
11.974453926086426,112447,4294224,4296128,4296674,18650,0,753,0
11.989466905593872,112447,4259288,4261184,4261738,18650,0,752,0
12.004374980926514,112447,4224556,4226496,4227006,18650,0,752,0
12.019191026687622,112447,4189780,4191680,4192230,18650,0,751,0
12.034072875976562,112447,4154988,4156992,4157438,18650,0,750,0
12.048893928527832,112447,4120048,4122048,4122498,18650,0,750,0
12.06373405456543,112447,4085116,4087104,4087566,18650,0,749,0
12.078673839569092,112447,4049580,4051648,4052030,18650,0,748,0
12.093755006790161,112447,4014780,4016832,4017230,18650,0,748,0
12.10870099067688,112447,3979712,3981760,3982162,18650,0,747,0
12.123642921447754,112447,3944584,3946560,3947034,18650,0,746,0
12.13857388496399,112447,3908884,3910848,3911334,18650,0,746,0
12.153961896896362,112447,3873704,3875776,3876154,18650,0,745,0
12.168917894363403,112447,3838484,3840576,3840934,18650,0,744,0
12.1839120388031,112447,3803220,3805120,3805670,18650,0,744,0
12.198915958404541,112447,3767752,3769792,3770202,18650,0,742,0
12.213963031768799,112447,3732380,3734464,3734830,18650,0,742,0
12.228976964950562,112447,3696800,3698752,3699250,18650,0,741,0
12.244163990020752,112447,3661332,3663296,3663782,18650,0,740,0
12.259265899658203,112447,3625804,3627840,3628254,18650,0,740,0
12.274386882781982,112447,3590172,3592128,3592622,18650,0,739,0
12.289533853530884,112447,3554544,3556544,3556994,18650,0,738,0
12.304690837860107,112447,3518932,3520960,3521382,18650,0,738,0
12.319685935974121,112447,3483492,3485504,3485942,18650,0,737,0
12.334776878356934,112447,3447844,3449920,3450294,18650,0,736,0
12.350045919418335,112447,3412084,3414080,3414534,18650,0,736,0
12.365186929702759,112447,3376500,3378496,3378950,18650,0,735,0
12.380264043807983,112447,3340772,3342912,3343222,18650,0,734,0
12.395493030548096,112447,3304972,3306944,3307422,18650,0,733,0
12.410645961761475,112447,3269084,3271232,3271534,18650,0,732,0
12.425887823104858,112447,3233092,3235136,3235542,18650,0,732,0
12.441334009170532,112447,3196712,3198784,3199162,18650,0,731,0
12.45670199394226,112447,3160512,3162560,3162962,18650,0,730,0
12.471992015838623,112447,3123844,3125952,3126294,18650,0,730,0
12.487601041793823,112447,3087592,3089728,3090042,18650,0,729,0
12.50295090675354,112447,3051448,3053504,3053898,18650,0,728,0
12.518287897109985,112447,3015092,3017152,3017542,18650,0,728,0
12.533691883087158,112447,2978912,2980928,2981362,18650,0,726,0
12.54907488822937,112447,2942476,2944576,2944926,18650,0,726,0
12.564491033554077,112447,2905936,2908096,2908386,18650,0,725,0
12.579994916915894,112447,2869536,2871616,2871986,18650,0,724,0
12.595423936843872,112447,2833080,2835264,2835530,18650,0,724,0
12.610864877700806,112447,2796636,2798784,2799086,18650,0,723,0
12.626343965530396,112447,2760316,2762432,2762766,18650,0,722,0
12.641990900039673,112447,2723736,2725824,2726186,18650,0,722,0
12.657531976699829,112447,2687120,2689216,2689570,18650,0,721,0
12.673104047775269,112447,2650560,2652736,2653010,18650,0,720,0
12.688604831695557,112447,2613656,2615744,2616106,18650,0,719,0
12.704200029373169,112447,2577016,2579136,2579466,18650,0,718,0
12.719682931900024,112447,2540164,2542272,2542614,18650,0,718,0
12.735262870788574,112447,2503360,2505536,2505810,18650,0,717,0
12.750880002975464,112447,2466596,2468800,2469046,18650,0,716,0
12.766455888748169,112447,2429228,2431424,2431678,18650,0,716,0
12.782290935516357,112447,2392436,2394560,2394886,18650,0,715,0
12.79801082611084,112447,2355412,2357568,2357862,18650,0,714,0
12.813686847686768,112447,2318516,2320704,2320966,18650,0,713,0
12.829345941543579,112447,2281168,2283328,2283618,18650,0,712,0
12.845186948776245,112447,2244140,2246336,2246590,18650,0,712,0
12.860905885696411,112447,2228560,2233280,2231010,18650,0,712,0
12.876796007156372,112447,2228560,2233280,2231010,18650,0,712,0
12.89206600189209,112447,2228560,2233280,2231010,18650,0,712,0
12.907786846160889,112447,2228560,2233280,2231010,18650,0,712,0
12.923725843429565,112447,2228560,2233280,2231010,18650,0,712,0
12.939265012741089,112447,2228560,2233280,2231010,18650,0,712,0
12.954738855361938,112447,2228560,2233280,2231010,18650,0,712,0
12.970329999923706,112447,2228560,2233280,2231010,18650,0,712,0
12.985862970352173,112447,2228560,2233280,2231010,18650,0,712,0
13.00161099433899,112447,2228560,2233280,2231010,18650,0,712,0
13.017396926879883,112447,2228560,2233280,2231010,18650,0,712,0
13.032763004302979,112447,2228560,2233280,2231010,18650,0,712,0
13.047736883163452,112447,2228560,2233280,2231010,18650,0,712,0
13.06328296661377,112447,2228560,2233280,2231010,18650,0,712,0
13.07878303527832,112447,2228560,2233280,2231010,18650,0,712,0
13.093891859054565,112447,2228560,2233280,2231010,18650,0,712,0
13.109776020050049,112447,2228560,2233280,2231010,18650,0,712,0
13.125756025314331,112447,2228560,2233280,2231010,18650,0,712,0
13.14157485961914,112447,2228560,2233280,2231010,18650,0,712,0
13.15714693069458,112447,2228560,2233280,2231010,18650,0,712,0
13.172605037689209,112447,2228560,2233280,2231010,18650,0,712,0
13.187752962112427,112447,2228560,2233280,2231010,18650,0,712,0
13.203217029571533,112447,2228560,2233280,2231010,18650,0,712,0
13.21851396560669,112447,2228560,2233280,2231010,18650,0,712,0
13.233760833740234,112447,2228560,2233280,2231010,18650,0,712,0
13.248832941055298,112447,2228560,2233280,2231010,18650,0,712,0
13.264240980148315,112447,2228560,2233280,2231010,18650,0,712,0
13.279572010040283,112447,2228560,2233280,2231010,18650,0,712,0
13.2947518825531,112447,2228560,2233280,2231010,18650,0,712,0
13.310547828674316,112447,2228560,2233280,2231010,18650,0,712,0
13.326124906539917,112447,2228560,2233280,2231010,18650,0,712,0
13.341779947280884,112447,2228560,2233280,2231010,18650,0,712,0
13.357102870941162,112447,2228560,2233280,2231010,18650,0,712,0
13.372822046279907,112447,2228560,2233280,2231010,18650,0,712,0
13.3885178565979,112447,2228560,2233280,2231010,18650,0,712,0
13.404330968856812,112447,2228560,2233280,2231010,18650,0,712,0
13.419859886169434,112447,2228560,2233280,2231010,18650,0,712,0
13.435377836227417,112447,2228560,2233280,2231010,18650,0,712,0
13.45090103149414,112447,2228560,2233280,2231010,18650,0,712,0
13.466490983963013,112447,2228560,2233280,2231010,18650,0,712,0
13.481717824935913,112447,2228560,2233280,2231010,18650,0,712,0
13.497081995010376,112447,2228560,2233280,2231010,18650,0,712,0
13.512487888336182,112447,2228560,2233280,2231010,18650,0,712,0
13.52838683128357,112447,2228560,2233280,2231010,18650,0,712,0
13.544255018234253,112447,2228560,2233280,2231010,18650,0,712,0
13.559859037399292,112447,2228560,2233280,2231010,18650,0,712,0
13.575212955474854,112447,2228560,2233280,2231010,18650,0,712,0
13.590767860412598,112447,2228560,2233280,2231010,18650,0,712,0
13.60659384727478,112447,2228560,2233280,2231010,18650,0,712,0
13.622349977493286,112447,2228560,2233280,2231010,18650,0,712,0
13.637670993804932,112447,2228560,2233280,2231010,18650,0,712,0
13.65314793586731,112447,2228560,2233280,2231010,18650,0,712,0
13.66858983039856,112447,2228560,2233280,2231010,18650,0,712,0
13.684155941009521,112447,2228560,2233280,2231010,18650,0,712,0
13.699619054794312,112447,2228560,2233280,2231010,18650,0,712,0
13.715399026870728,112447,2228560,2233280,2231010,18650,0,712,0
13.731374025344849,112447,2228560,2233280,2231010,18650,0,712,0
13.747164011001587,112447,2228560,2233280,2231010,18650,0,712,0
13.762769937515259,112447,2228560,2233280,2231010,18650,0,712,0
13.77852988243103,112447,2228560,2233280,2231010,18650,0,712,0
13.79433298110962,112447,2228560,2233280,2231010,18650,0,712,0
13.810170888900757,112447,2228560,2233280,2231010,18650,0,712,0
13.825837850570679,112447,2228560,2233280,2231010,18650,0,712,0
13.841538906097412,112447,2228560,2233280,2231010,18650,0,712,0
13.857271909713745,112447,2228560,2233280,2231010,18650,0,712,0
13.872768878936768,112447,2228560,2233280,2231010,18650,0,712,0
13.888597011566162,112447,2228560,2233280,2231010,18650,0,712,0
13.904338836669922,112447,2228560,2233280,2231010,18650,0,712,0
13.919741868972778,112447,2228560,2233280,2231010,18650,0,712,0
13.935480833053589,112447,2228560,2233280,2231010,18650,0,712,0
13.950722932815552,112447,2228560,2233280,2231010,18650,0,712,0
13.966534852981567,112447,2228560,2233280,2231010,18650,0,712,0
13.981873989105225,112447,2228560,2233280,2231010,18650,0,712,0
13.99766492843628,112447,2228560,2233280,2231010,18650,0,712,0
14.013366937637329,112447,2228560,2233280,2231010,18650,0,712,0
14.02882194519043,112447,2228560,2233280,2231010,18650,0,712,0
14.044435977935791,112447,2228560,2233280,2231010,18650,0,712,0
14.059810876846313,112447,2228560,2233280,2231010,18650,0,712,0
14.075537919998169,112447,2228560,2233280,2231010,18650,0,712,0
14.090893030166626,112447,2228560,2233280,2231010,18650,0,712,0
14.10617995262146,112447,2228560,2233280,2231010,18650,0,712,0
14.121676921844482,112447,2228560,2233280,2231010,18650,0,712,0
14.136905908584595,112447,2228560,2233280,2231010,18650,0,712,0
14.152884006500244,112447,2228560,2233280,2231010,18650,0,712,0
14.168776035308838,112447,2228560,2233280,2231010,18650,0,712,0
14.183068990707397,112447,2228560,2233280,2231010,18650,0,712,0
14.198858976364136,112447,2228560,2233280,2231010,18650,0,712,0
14.214411973953247,112447,2228560,2233280,2231010,18650,0,712,0
14.23014497756958,112447,2228560,2233280,2231010,18650,0,712,0
14.245807886123657,112447,2228560,2233280,2231010,18650,0,712,0
14.261122941970825,112447,2228560,2233280,2231010,18650,0,712,0
14.276726007461548,112447,2228560,2233280,2231010,18650,0,712,0
14.292346000671387,112447,2228560,2233280,2231010,18650,0,712,0
14.307729005813599,112447,2228560,2233280,2231010,18650,0,712,0
14.322877883911133,112447,2228560,2233280,2231010,18650,0,712,0
14.338137865066528,112447,2228560,2233280,2231010,18650,0,712,0
14.35331392288208,112447,2228560,2233280,2231010,18650,0,712,0
14.36869192123413,112447,2228560,2233280,2231010,18650,0,712,0
14.384170055389404,112447,2228560,2233280,2231010,18650,0,712,0
14.399925947189331,112447,2228560,2233280,2231010,18650,0,712,0
14.415721893310547,112447,2228560,2233280,2231010,18650,0,712,0
14.43093204498291,112447,2228560,2233280,2231010,18650,0,712,0
14.446542978286743,112447,2228560,2233280,2231010,18650,0,712,0
14.461913824081421,112447,2228560,2233280,2231010,18650,0,712,0
14.477458000183105,112447,2228560,2233280,2231010,18650,0,712,0
14.493311882019043,112447,2228560,2233280,2231010,18650,0,712,0
14.508777856826782,112447,2228560,2233280,2231010,18650,0,712,0
14.524749040603638,112447,2228560,2233280,2231010,18650,0,712,0
14.540503025054932,112447,2228560,2233280,2231010,18650,0,712,0
14.556321859359741,112447,2228560,2233280,2231010,18650,0,712,0
14.571779012680054,112447,2228560,2233280,2231010,18650,0,712,0
14.587165832519531,112447,2228560,2233280,2231010,18650,0,712,0
14.602664947509766,112447,2228560,2233280,2231010,18650,0,712,0
14.618124008178711,112447,2228560,2233280,2231010,18650,0,712,0
14.633342981338501,112447,2228560,2233280,2231010,18650,0,712,0
14.648752927780151,112447,2228560,2233280,2231010,18650,0,712,0
14.664124011993408,112447,2228560,2233280,2231010,18650,0,712,0
14.679522037506104,112447,2228560,2233280,2231010,18650,0,712,0
14.694944858551025,112447,2228560,2233280,2231010,18650,0,712,0
14.710345029830933,112447,2228560,2233280,2231010,18650,0,712,0
14.725618839263916,112447,2228560,2233280,2231010,18650,0,712,0
14.740797996520996,112447,2228560,2233280,2231010,18650,0,712,0
14.756142854690552,112447,2228560,2233280,2231010,18650,0,712,0
14.771795988082886,112447,2228560,2233280,2231010,18650,0,712,0
14.787799835205078,112447,2228560,2233280,2231010,18650,0,712,0
14.803668022155762,112447,2228560,2233280,2231010,18650,0,712,0
14.81890082359314,112447,2228560,2233280,2231010,18650,0,712,0
14.834081888198853,112447,2228560,2233280,2231010,18650,0,712,0
14.84928584098816,112447,2228560,2233280,2231010,18650,0,712,0
14.864523887634277,112447,2228560,2233280,2231010,18650,0,712,0
14.880122900009155,112447,2208044,2210240,2210494,18651,0,711,0
14.896108865737915,112447,2170312,2172480,2172762,18651,0,710,0
14.912067890167236,112447,2133116,2135360,2135566,18651,0,710,0
14.927918910980225,112447,2095852,2098112,2098302,18651,0,709,0
14.943774938583374,112447,2058584,2060864,2061034,18651,0,708,0
14.959769010543823,112447,2021380,2023616,2023830,18651,0,707,0
14.976011991500854,112447,1983608,1985856,1986058,18651,0,706,0
14.992099046707153,112447,1946112,1948352,1948562,18651,0,706,0
15.008062839508057,112447,1908720,1910976,1911170,18651,0,705,0
15.024072885513306,112447,1871256,1873472,1873706,18651,0,704,0
15.04000186920166,112447,1833824,1836096,1836274,18651,0,704,0
15.056013822555542,112447,1798336,1800640,1800786,18651,0,703,0
15.07257890701294,112447,1760800,1763008,1763250,18651,0,702,0
15.088690042495728,112447,1722820,1725120,1725270,18651,0,701,0
15.104753017425537,112447,1685000,1687232,1687450,18651,0,700,0
15.120805025100708,112447,1647464,1649728,1649914,18651,0,700,0
15.13690996170044,112447,1609808,1612096,1612258,18651,0,699,0
15.153023958206177,112447,1572028,1574336,1574478,18651,0,698,0
15.169136047363281,112447,1534312,1536576,1536762,18651,0,698,0
15.185606002807617,112447,1496220,1498432,1498670,18651,0,696,0
15.201836824417114,112447,1458324,1460672,1460774,18651,0,696,0
15.218158960342407,112447,1419992,1422400,1422442,18651,0,695,0
15.23448395729065,112447,1381832,1384128,1384282,18651,0,694,0
15.250706911087036,112447,1343908,1346240,1346358,18651,0,694,0
15.266942024230957,112447,1305724,1307968,1308174,18651,0,693,0
15.283208847045898,112447,1267616,1269952,1270066,18651,0,692,0
15.299602031707764,112447,1229296,1231680,1231746,18651,0,691,0
15.3159339427948,112447,1190852,1193152,1193302,18651,0,690,0
15.332244873046875,112447,1152412,1154752,1154862,18651,0,690,0
15.348603963851929,112447,1114168,1116480,1116618,18651,0,689,0
15.364970922470093,112447,1075380,1077696,1077830,18651,0,688,0
15.381623983383179,112447,1037096,1039424,1039546,18651,0,687,0
15.39829397201538,112447,998476,1000896,1000926,18651,0,686,0
15.414855003356934,112447,960108,962496,962558,18651,0,686,0
15.43129301071167,112447,921616,923968,924066,18651,0,685,0
15.447743892669678,112447,883144,885568,885594,18651,0,684,0
15.464237928390503,112447,844240,846656,846690,18651,0,684,0
15.480833053588867,112447,805488,807872,807938,18651,0,682,0
15.497460842132568,112447,766516,768960,768966,18651,0,682,0
15.51406192779541,112447,727280,729664,729730,18651,0,681,0
15.530791997909546,112447,688632,691008,691082,18651,0,680,0
15.547312021255493,112447,649644,652096,652094,18651,0,680,0
15.563957929611206,112447,610556,612928,613006,18651,0,678,0
15.580606937408447,112447,571488,573888,573938,18651,0,678,0
15.59756088256836,112447,532204,534592,534654,18651,0,677,0
15.61437702178955,112447,493020,495424,495470,18651,0,676,0
15.631232023239136,112447,453844,456256,456294,18651,0,676,0
15.648017883300781,112447,414440,416832,416890,18651,0,674,0
15.664870977401733,112447,375196,377664,377646,18651,0,674,0
15.681711912155151,112447,335560,337984,338010,18651,0,673,0
15.698593854904175,112447,296244,298688,298694,18651,0,672,0
15.715394973754883,112447,256840,259264,259290,18651,0,672,0
15.73222303390503,112447,217240,219712,219690,18651,0,670,0
15.749125003814697,112447,177672,180032,180122,18651,0,670,0
15.765949964523315,112447,138072,140480,140522,18651,0,669,0
15.782728910446167,112447,133520,138304,135970,18651,0,669,0
15.799715042114258,112447,133520,138304,135970,18651,0,669,0
15.816951990127563,112447,133520,138304,135970,18651,0,669,0
15.833899974822998,112447,133520,138304,135970,18651,0,669,0
15.850707054138184,112447,133520,138304,135970,18651,0,669,0
15.867524862289429,112447,133520,138304,135970,18651,0,669,0
15.884294986724854,112447,133520,138304,135970,18651,0,669,0
15.901104927062988,112447,133520,138304,135970,18651,0,669,0
15.917839050292969,112447,133520,138304,135970,18651,0,669,0
15.934823989868164,112447,133520,138304,135970,18651,0,669,0
15.951695919036865,112447,133520,138304,135970,18651,0,669,0
15.968544006347656,112447,133520,138304,135970,18651,0,669,0
15.985355854034424,112447,133520,138304,135970,18651,0,669,0
16.002153873443604,112447,133520,138304,135970,18651,0,669,0
16.019289016723633,112447,133520,138304,135970,18651,0,669,0
16.03646683692932,112447,133520,138304,135970,18651,0,669,0
16.053210973739624,112447,133520,138304,135970,18651,0,669,0
16.06996488571167,112447,133520,138304,135970,18651,0,669,0
16.086658000946045,112447,133520,138304,135970,18651,0,669,0
16.103435039520264,112447,133520,138304,135970,18651,0,669,0
16.120075941085815,112447,133520,138304,135970,18651,0,669,0
16.136911869049072,112447,133520,138304,135970,18651,0,669,0
16.15371084213257,112447,133520,138304,135970,18651,0,669,0
16.170617818832397,112447,133520,138304,135970,18651,0,669,0
16.187376976013184,112447,133520,138304,135970,18651,0,669,0
16.204200983047485,112447,133520,138304,135970,18651,0,669,0
16.22119688987732,112447,133520,138304,135970,18651,0,669,0
16.23814582824707,112447,133520,138304,135970,18651,0,669,0
16.255061864852905,112447,133520,138304,135970,18651,0,669,0
16.271682024002075,112447,133556,139200,136006,18655,0,669,0
16.288692951202393,112447,141828,147520,144278,20563,0,669,0
16.305811882019043,112447,150124,155840,152574,22623,0,670,0
16.322968006134033,112447,158536,164288,160986,24699,0,670,0
16.340596914291382,112447,167024,172736,169474,26810,0,670,0
16.358187913894653,112447,175492,181184,177942,28916,0,670,0
16.375759840011597,112447,183988,189632,186438,31029,0,670,0
16.39346194267273,112447,192548,198208,194998,33159,0,670,0
16.4111750125885,112447,201232,206912,203682,35315,0,670,0
16.429270029067993,112447,209976,215616,212426,37488,0,670,0
16.4472918510437,112447,218776,224448,221226,39681,0,671,0
16.465126991271973,112447,227568,233152,230018,41868,0,671,0
16.483299016952515,112447,236204,241856,238654,44046,0,671,0
16.501471042633057,112447,245100,250816,247550,46225,0,671,0
16.519798040390015,112447,254028,259648,256478,48447,0,672,0
16.53813099861145,112447,262936,268608,265386,50673,0,672,0
16.556670904159546,112447,272056,277696,274506,52926,0,672,0
16.57524585723877,112447,281188,286912,283638,55199,0,672,0
16.59375286102295,112447,290404,296128,292854,57489,0,672,0
16.612557888031006,112447,299680,305344,302130,59796,0,672,0
16.63148784637451,112447,309020,314688,311470,62114,0,672,0
16.650746822357178,112447,318400,324032,320850,64454,0,673,0
16.669806003570557,112447,327692,333376,330142,66776,0,673,0
16.688843965530396,112447,337140,342848,339590,69114,0,673,0
16.70819592475891,112447,346532,352192,348982,71447,0,673,0
16.72768783569336,112447,356076,361792,358526,73824,0,674,0
16.747283935546875,112447,365732,371392,368182,76222,0,674,0
16.767074823379517,112447,375320,380992,377770,78621,0,674,0
16.786792039871216,112447,384916,390592,387366,81011,0,674,0
16.806704998016357,112447,394688,400320,397138,83427,0,674,0
16.82668900489807,112447,404456,410048,406906,85854,0,674,0
16.846596002578735,112447,414308,420032,416758,88297,0,675,0
16.86676788330078,112447,424116,429760,426566,90758,0,675,0
16.886872053146362,112447,433996,439616,436446,93212,0,675,0
16.90702986717224,112447,443812,449472,446262,95645,0,675,0
16.927392959594727,112447,453816,459456,456266,98136,0,676,0
16.947911977767944,112447,463832,469440,466282,100622,0,676,0
16.96857786178589,112447,473868,479552,476318,103132,0,676,0
16.989233016967773,112447,484016,489664,486466,105647,0,676,0
17.01026487350464,112447,494196,499776,496646,108180,0,676,0
17.03115200996399,112447,504368,510016,506818,110724,0,676,0
17.052140951156616,112447,514560,520256,517010,113242,0,677,0
17.073312044143677,112447,524940,530624,527390,115828,0,677,0
17.094655990600586,112447,535380,540992,537830,118425,0,677,0
17.115861892700195,112447,545640,551232,548090,121016,0,678,0
17.13731598854065,112447,556188,561856,558638,123599,0,678,0
17.158998012542725,112447,566680,572224,569130,126215,0,678,0
17.18052101135254,112447,577196,582848,579646,128836,0,678,0
17.20222783088684,112447,587880,593472,590330,131496,0,678,0
17.224118947982788,112447,598544,604096,600994,134139,0,678,0
17.246076822280884,112447,609272,614848,611722,136814,0,678,0
17.268204927444458,112447,620100,625728,622550,139502,0,679,0
17.29031991958618,112447,630948,636480,633398,142192,0,679,0
17.312644958496094,112447,641820,647360,644270,144908,0,679,0
17.335094928741455,112447,650600,656192,653050,147088,0,680,0
17.357542037963867,112447,661616,667200,664066,149817,0,680,0
17.37990689277649,112447,672624,678208,675074,152561,0,680,0
17.402485847473145,112447,683672,689216,686122,155319,0,680,0
17.425214052200317,112447,694828,700352,697278,158078,0,680,0
17.448024034500122,112447,705996,711616,708446,160868,0,680,0
17.470984935760498,112447,717360,722880,719810,163677,0,681,0
17.49423098564148,112447,728680,734272,731130,166499,0,681,0
17.517413854599,112447,740048,745664,742498,169346,0,681,0
17.540777921676636,112447,751428,757056,753878,172186,0,682,0
17.56437587738037,112447,762856,768448,765306,175013,0,682,0
17.587777853012085,112447,774404,779968,776854,177882,0,682,0
17.611429929733276,112447,785992,791488,788442,180762,0,682,0
17.635145902633667,112447,797608,803136,800058,183654,0,682,0
17.659052848815918,112447,809332,814912,811782,186558,0,683,0
17.682934999465942,112447,821108,826688,823558,189490,0,683,0
17.706974029541016,112447,833028,838592,835478,192449,0,683,0
17.731144905090332,112447,844952,850496,847402,195430,0,684,0
17.755552053451538,112447,856836,862400,859286,198376,0,684,0
17.779873847961426,112447,868804,874304,871254,201371,0,684,0
17.804338932037354,112447,880948,886464,883398,204380,0,684,0
17.829041004180908,112447,893012,898496,895462,207398,0,684,0
17.853633880615234,112447,905212,910784,907662,210417,0,684,0
17.87849187850952,112447,917480,923072,919930,213474,0,685,0
17.90365695953369,112447,929820,935360,932270,216544,0,685,0
17.928685903549194,112447,942144,947648,944594,219625,0,686,0
17.95377492904663,112447,954408,960064,956858,222718,0,686,0
17.980098009109497,112447,967096,972608,969546,225865,0,686,0
18.00500988960266,112447,979488,984896,981938,228931,0,686,0
18.0298068523407,112447,991876,997312,994326,232028,0,686,0
18.05460500717163,112447,1004332,1009856,1006782,235131,0,686,0
18.079710006713867,112447,1016936,1022400,1019386,238264,0,687,0
18.104732990264893,112447,1029476,1034944,1031926,241391,0,687,0
18.129766941070557,112447,1042100,1047616,1044550,244529,0,688,0
18.15525197982788,112447,1054724,1060032,1057174,247669,0,688,0
18.183027982711792,112447,1067784,1073216,1070234,250924,0,688,0
18.20917582511902,112447,1080508,1086016,1082958,254098,0,688,0
18.234853982925415,112447,1093280,1098688,1095730,257278,0,688,0
18.26046085357666,112447,1106148,1111616,1108598,260481,0,689,0
18.286212921142578,112447,1119040,1124544,1121490,263685,0,689,0
18.312137842178345,112447,1132012,1137472,1134462,266915,0,689,0
18.337952852249146,112447,1144944,1150400,1147394,270144,0,690,0
18.364287853240967,112447,1157532,1162176,1159982,273377,0,690,0
18.39131188392639,112447,1169252,1174720,1171702,276166,0,690,0
18.418232917785645,112447,1182392,1187776,1184842,279449,0,690,0
18.444885969161987,112447,1195636,1201088,1198086,282730,0,690,0
18.471786975860596,112447,1208836,1214272,1211286,286048,0,691,0
18.49874997138977,112447,1222136,1227584,1224586,289351,0,691,0
18.526233911514282,112447,1235592,1241024,1238042,292684,0,692,0
18.5535888671875,112447,1249016,1254464,1251466,296037,0,692,0
18.58089303970337,112447,1262468,1267904,1264918,299410,0,692,0
18.60862898826599,112447,1276056,1281472,1278506,302767,0,692,0
18.636240005493164,112447,1289644,1295040,1292094,306142,0,692,0
18.663877964019775,112447,1303172,1308608,1305622,309541,0,693,0
18.691650867462158,112447,1317008,1322432,1319458,312951,0,693,0
18.719666004180908,112447,1330672,1336128,1333122,316393,0,693,0
18.747546911239624,112447,1344480,1349824,1346930,319793,0,694,0
18.77566695213318,112447,1358396,1363776,1360846,323247,0,694,0
18.80398988723755,112447,1372092,1377472,1374542,326704,0,694,0
18.832157850265503,112447,1385920,1391296,1388370,330154,0,694,0
18.86002492904663,112447,1399792,1405120,1402242,333606,0,695,0
18.887747049331665,112447,1413784,1419200,1416234,337094,0,695,0
18.915798902511597,112447,1427852,1433280,1430302,340567,0,695,0
18.944069862365723,112447,1443096,1448512,1445546,344385,0,696,0
18.974747896194458,112447,1457172,1462592,1459622,347891,0,696,0
19.00309681892395,112447,1471280,1476672,1473730,351426,0,696,0
19.03156805038452,112447,1485472,1490880,1487922,354946,0,696,0
19.060041904449463,112447,1499720,1505088,1502170,358494,0,697,0
19.088579893112183,112447,1514044,1519424,1516494,362052,0,697,0
19.11739993095398,112447,1528472,1533760,1530922,365626,0,697,0
19.14638090133667,112447,1542960,1548352,1545410,369251,0,698,0
19.17547082901001,112447,1557480,1562816,1559930,372859,0,698,0
19.204701900482178,112447,1571920,1577280,1574370,376496,0,698,0
19.233865976333618,112447,1586464,1591744,1588914,380090,0,698,0
19.262946844100952,112447,1601092,1606464,1603542,383732,0,699,0
19.2922420501709,112447,1615864,1621184,1618314,387411,0,699,0
19.32176685333252,112447,1630664,1636032,1633114,391088,0,700,0
19.35172986984253,112447,1645592,1650880,1648042,394813,0,700,0
19.3814959526062,112447,1660488,1665856,1662938,398520,0,700,0
19.411293029785156,112447,1673232,1678528,1675682,402240,0,700,0
19.44112992286682,112447,1688136,1693504,1690586,405413,0,700,0
19.47087001800537,112447,1703160,1708480,1705610,409142,0,701,0
19.500848054885864,112447,1718240,1723584,1720690,412915,0,701,0
19.531102895736694,112447,1733420,1738688,1735870,416663,0,702,0
19.561895847320557,112447,1748840,1754176,1751290,420474,0,702,0
19.592859029769897,112447,1764068,1769408,1766518,424323,0,702,0
19.623641967773438,112447,1779436,1784768,1781886,428125,0,702,0
19.654836893081665,112447,1794912,1800256,1797362,431957,0,703,0
19.686295986175537,112447,1810280,1815488,1812730,435844,0,703,0
19.71761393547058,112447,1825884,1831104,1828334,439677,0,703,0
19.749109983444214,112447,1841720,1846976,1844170,443571,0,704,0
19.781508922576904,112447,1857440,1862720,1859890,447530,0,704,0
19.81333899497986,112447,1872984,1878208,1875434,451465,0,704,0
19.844852924346924,112447,1888656,1893952,1891106,455307,0,704,0
19.876781940460205,112447,1904320,1909568,1906770,459263,0,705,0
19.908665895462036,112447,1921392,1926592,1923842,463197,0,705,0
19.943333864212036,112447,1937472,1942720,1939922,467437,0,706,0
19.976390838623047,112447,1953256,1958464,1955706,471469,0,706,0
20.00834894180298,112447,1969368,1974592,1971818,475400,0,706,0
20.041088819503784,112447,1985168,1990336,1987618,479430,0,706,0
20.073293924331665,112447,2001128,2006336,2003578,483385,0,707,0
20.105686902999878,112447,2017236,2022464,2019686,487367,0,707,0
20.138347864151,112447,2033244,2038464,2035694,491396,0,708,0
20.17119288444519,112447,2049728,2054976,2052178,495399,0,708,0
20.204718828201294,112447,2066260,2071488,2068710,499520,0,708,0
20.238165855407715,112447,2082392,2087616,2084842,503673,0,708,0
20.271265983581543,112447,2098944,2104128,2101394,507682,0,709,0
20.304914951324463,112447,2115576,2120768,2118026,511812,0,709,0
20.338804960250854,112447,2132268,2137408,2134718,515968,0,710,0
20.37267804145813,112447,2149248,2154432,2151698,520158,0,710,0
20.407570838928223,112447,2165848,2171072,2168298,524412,0,710,0
20.4412899017334,112447,2181512,2186176,2183962,528552,0,710,0
20.475620985031128,112447,2197264,2202432,2199714,532243,0,711,0
20.50938582420349,112447,2214192,2219328,2216642,536387,0,711,0
20.54390287399292,112447,2230584,2235328,2233034,540630,0,712,0
20.57776403427124,112447,2230624,2235328,2233074,542927,0,712,0
20.611811876296997,112447,2230624,2235328,2233074,542927,0,712,0
20.644606828689575,112447,2230624,2235328,2233074,542927,0,712,0
20.677016973495483,112447,2230624,2235328,2233074,542927,0,712,0
20.70969295501709,112447,2230624,2235328,2233074,542927,0,712,0
20.743563890457153,112447,2230624,2235328,2233074,542927,0,712,0
20.77629590034485,112447,2230624,2235328,2233074,542927,0,712,0
20.809324026107788,112447,2230624,2235328,2233074,542927,0,712,0
20.843456983566284,112447,2230624,2235328,2233074,542927,0,712,0
20.87599802017212,112447,2230624,2235328,2233074,542927,0,712,0
20.909292936325073,112447,2230624,2235328,2233074,542927,0,712,0
20.94185996055603,112447,2230624,2235328,2233074,542927,0,712,0
20.975571870803833,112447,2230624,2235328,2233074,542927,0,712,0
21.008343935012817,112447,2230624,2235328,2233074,542927,0,712,0
21.042340993881226,112447,2230624,2235328,2233074,542927,0,712,0
21.07484483718872,112447,2230624,2235328,2233074,542927,0,712,0
21.108590841293335,112447,2230624,2235328,2233074,542927,0,712,0
21.14186191558838,112447,2230624,2235328,2233074,542927,0,712,0
21.175621032714844,112447,2230624,2235328,2233074,542927,0,712,0
21.209215879440308,112447,2230624,2235328,2233074,542927,0,712,0
21.24296998977661,112447,2230624,2235328,2233074,542927,0,712,0
21.27588391304016,112447,2230624,2235328,2233074,542927,0,712,0
21.309605836868286,112447,2230624,2235328,2233074,542927,0,712,0
21.34323501586914,112447,2230624,2235328,2233074,542927,0,712,0
21.37690496444702,112447,2230624,2235328,2233074,542927,0,712,0
21.4108989238739,112447,2230624,2235328,2233074,542927,0,712,0
21.44496488571167,112447,2230624,2235328,2233074,542927,0,712,0
21.47854495048523,112447,2230624,2235328,2233074,542927,0,712,0
21.512502908706665,112447,2230624,2235328,2233074,542927,0,712,0
21.546530961990356,112447,2230624,2235328,2233074,542927,0,712,0
21.58058190345764,112447,2230624,2235328,2233074,542927,0,712,0
21.614233016967773,112447,2230624,2235328,2233074,542927,0,712,0
21.64783501625061,112447,2230624,2235328,2233074,542927,0,712,0
21.682302951812744,112447,2230624,2235328,2233074,542927,0,712,0
21.716583013534546,112447,2230624,2235328,2233074,542927,0,712,0
21.750303030014038,112447,2230624,2235328,2233074,542927,0,712,0
21.784317016601562,112447,2230624,2235328,2233074,542927,0,712,0
21.81772804260254,112447,2230624,2235328,2233074,542927,0,712,0
21.851903915405273,112447,2230624,2235328,2233074,542927,0,712,0
21.886373043060303,112447,2230624,2235328,2233074,542927,0,712,0
21.919412851333618,112447,2230624,2235328,2233074,542927,0,712,0
21.951846837997437,112447,2230624,2235328,2233074,542927,0,712,0
21.984715938568115,112447,2230624,2235328,2233074,542927,0,712,0
22.017448902130127,112447,2230624,2235328,2233074,542927,0,712,0
22.049872875213623,112447,2230624,2235328,2233074,542927,0,712,0
22.08268094062805,112447,2230624,2235328,2233074,542927,0,712,0
22.115257024765015,112447,2230624,2235328,2233074,542927,0,712,0
22.147852897644043,112447,2230624,2235328,2233074,542927,0,712,0
22.18070101737976,112447,2230624,2235328,2233074,542927,0,712,0
22.213526964187622,112447,2230624,2235328,2233074,542927,0,712,0
22.24598789215088,112447,2230624,2235328,2233074,542927,0,712,0
22.278822898864746,112447,2230624,2235328,2233074,542927,0,712,0
22.311502933502197,112447,2230624,2235328,2233074,542927,0,712,0
22.343860864639282,112447,2230624,2235328,2233074,542927,0,712,0
22.3765389919281,112447,2230624,2235328,2233074,542927,0,712,0
22.408979892730713,112447,2230624,2235328,2233074,542927,0,712,0
22.44151496887207,112447,2230624,2235328,2233074,542927,0,712,0
22.474246978759766,112447,2230624,2235328,2233074,542927,0,712,0
22.5068039894104,112447,2230624,2235328,2233074,542927,0,712,0
22.53947401046753,112447,2230624,2235328,2233074,542927,0,712,0
22.57189393043518,112447,2230624,2204736,2233074,542927,0,711,0
22.605679988861084,112447,2172856,2144832,2175306,542927,0,710,0
22.638699054718018,112447,2112936,2085568,2115386,542927,0,708,0
22.671149969100952,112447,2053156,2026688,2055606,542927,0,707,0
22.70319390296936,112447,1993984,1968704,1996434,542927,0,706,0
22.734503984451294,112447,1936036,1911872,1938486,542927,0,705,0
22.765254020690918,112447,1879024,1855680,1881474,542927,0,704,0
22.795711040496826,112447,1822748,1800640,1825198,542927,0,703,0
22.825753927230835,112447,1767404,1740608,1769854,542927,0,702,0
22.858548879623413,112447,1708072,1686720,1710522,542927,0,700,0
22.888211965560913,112447,1653516,1634496,1655966,542927,0,699,0
22.916625022888184,112447,1601760,1583680,1604210,542927,0,698,0
22.944185972213745,112447,1550500,1533376,1552950,542927,0,697,0
22.971240043640137,112447,1499724,1483328,1502174,542927,0,696,0
22.998000860214233,112447,1450064,1434176,1452514,542927,0,695,0
23.02416491508484,112447,1401040,1385920,1403490,542927,0,694,0
23.04997491836548,112447,1352528,1338176,1354978,542927,0,693,0
23.075655937194824,112447,1304836,1290816,1307286,542927,0,692,0
23.1010959148407,112447,1257176,1244608,1259626,542927,0,692,0
23.125784873962402,112447,1210968,1198784,1213418,542927,0,690,0
23.150275945663452,112447,1165176,1153728,1167626,542927,0,690,0
23.174434900283813,112447,1120204,1109312,1122654,542927,0,689,0
23.198254823684692,112447,1075512,1065536,1077962,542927,0,688,0
23.221554040908813,112447,1032088,1022400,1034538,542927,0,687,0
23.244622945785522,112447,988860,980160,991310,542927,0,686,0
23.267279863357544,112447,946128,938176,948578,542927,0,685,0
23.2897629737854,112447,903592,895680,906042,542927,0,684,0
23.31255602836609,112447,862012,854336,864462,542927,0,684,0
23.334758043289185,112447,820596,814144,823046,542927,0,683,0
23.356552839279175,112447,780484,774080,782934,542927,0,682,0
23.37809991836548,112447,740356,734656,742806,542927,0,681,0
23.39937996864319,112447,700588,695488,703038,542927,0,680,0
23.420335054397583,112447,661396,657216,663846,542927,0,680,0
23.440865993499756,112447,623108,619072,625558,542927,0,679,0
23.461233854293823,112447,584904,581696,587354,542927,0,678,0
23.481226921081543,112447,547212,544192,549662,542927,0,677,0
23.50157904624939,112447,510148,507456,512598,542927,0,676,0
23.521137952804565,112447,473232,471488,475682,542927,0,676,0
23.540267944335938,112447,437364,435776,439814,542927,0,675,0
23.559201955795288,112447,401700,400960,404150,542927,0,674,0
23.577728986740112,112447,366920,366400,369370,542927,0,674,0
23.596056938171387,112447,332284,332480,334734,542927,0,673,0
23.61419987678528,112447,297960,298688,300410,542927,0,672,0
23.63217282295227,112447,264660,265792,267110,542927,0,672,0
23.649983882904053,112447,231368,233152,233818,542927,0,671,0
23.66749882698059,112447,198324,200256,200774,542927,0,670,0
23.68486189842224,112447,165936,168256,168386,542927,0,670,0
23.70202398300171,112447,133932,138304,136382,542927,0,669,0
23.71946692466736,112447,133536,138304,135986,542927,0,669,0
23.736484050750732,112447,133536,138304,135986,542927,0,669,0
23.75278401374817,112447,133536,138304,135986,542927,0,669,0
23.769248008728027,112447,133536,138304,135986,542927,0,669,0
23.78565788269043,112447,133536,138304,135986,542927,0,669,0
23.802175045013428,112447,133536,138304,135986,542927,0,669,0
23.81918501853943,112447,133536,138304,135986,542927,0,669,0
23.835788011550903,112447,133536,138304,135986,542927,0,669,0
23.85216784477234,112447,133536,138304,135986,542927,0,669,0
23.8685200214386,112447,133536,138304,135986,542927,0,669,0
23.88479495048523,112447,133536,138304,135986,542927,0,669,0
23.901293992996216,112447,133536,138304,135986,542927,0,669,0
23.917744874954224,112447,133536,138304,135986,542927,0,669,0
23.93413496017456,112447,133536,138304,135986,542927,0,669,0
23.950541019439697,112447,133536,138304,135986,542927,0,669,0
23.966809034347534,112447,133536,138304,135986,542927,0,669,0
23.98316192626953,112447,133536,138304,135986,542927,0,669,0
23.99967384338379,112447,133536,138304,135986,542927,0,669,0
24.015846967697144,112447,133536,138304,135986,542927,0,669,0
24.032161951065063,112447,133536,138304,135986,542927,0,669,0
24.04886794090271,112447,133536,138304,135986,542927,0,669,0
24.065521001815796,112447,133536,138304,135986,542927,0,669,0
24.082162857055664,112447,133536,138304,135986,542927,0,669,0
24.098882913589478,112447,133536,138304,135986,542927,0,669,0
24.115757942199707,112447,133536,138304,135986,542927,0,669,0
24.13218903541565,112447,133536,138304,135986,542927,0,669,0
24.14859390258789,112447,133536,138304,135986,542927,0,669,0
24.164865970611572,112447,133536,138304,135986,542927,0,669,0
24.181325912475586,112447,133536,138304,135986,542927,0,669,0
24.197788953781128,112447,133536,138304,135986,542927,0,669,0
24.214711904525757,112447,133536,138304,135986,542927,0,669,0
24.231217861175537,112447,133536,138304,135986,542927,0,669,0
24.24750590324402,112447,133536,138304,135986,542927,0,669,0
24.263768911361694,112447,133536,138304,135986,542927,0,669,0
24.27981400489807,112447,133536,138304,135986,542927,0,669,0
24.296288013458252,112447,133536,138304,135986,542927,0,669,0
24.313251972198486,112447,133536,138304,135986,542927,0,669,0
24.330193996429443,112447,133536,138304,135986,542927,0,669,0
24.346823930740356,112447,133536,138304,135986,542927,0,669,0
24.363181829452515,112447,133536,138304,135986,542927,0,669,0
24.37952995300293,112447,133536,138304,135986,542927,0,669,0
24.395769834518433,112447,133536,138304,135986,542927,0,669,0
24.41213583946228,112447,133536,138304,135986,542927,0,669,0
24.428617000579834,112447,133536,138304,135986,542927,0,669,0
24.44513702392578,112447,133536,138304,135986,542927,0,669,0
24.461782932281494,112447,133536,138304,135986,542927,0,669,0
24.478274822235107,112447,133536,138304,135986,542927,0,669,0
24.49480104446411,112447,133536,138304,135986,542927,0,669,0
24.510928869247437,112447,133536,138304,135986,542927,0,669,0
24.527514934539795,112447,133536,138304,135986,542927,0,669,0
24.544239044189453,112447,133536,138304,135986,542927,0,669,0
24.560816049575806,112447,133536,138304,135986,542927,0,669,0
24.57719898223877,112447,133536,138304,135986,542927,0,669,0
24.59356689453125,112447,133536,138304,135986,542927,0,669,0
24.609758853912354,112447,133536,138304,135986,542927,0,669,0
24.626014947891235,112447,133536,138304,135986,542927,0,669,0
24.643049955368042,112447,133536,138304,135986,542927,0,669,0
24.660634994506836,112447,133536,138304,135986,542927,0,669,0
24.678026914596558,112447,133536,138304,135986,542927,0,669,0
24.69554305076599,112447,133536,138304,135986,542927,0,669,0
24.71295690536499,112447,133536,138304,135986,542927,0,669,0
24.73061203956604,112447,133536,138304,135986,542927,0,669,0
24.74829387664795,112447,133536,138304,135986,542927,0,669,0
24.76583695411682,112447,133536,138304,135986,542927,0,669,0
24.78336000442505,112447,133536,138304,135986,542927,0,669,0
24.800878047943115,112447,133536,138304,135986,542927,0,669,0
24.818517923355103,112447,133536,138304,135986,542927,0,669,0
24.83589482307434,112447,133536,138304,135986,542927,0,669,0
24.853606939315796,112447,133536,138304,135986,542927,0,669,0
24.870795011520386,112447,133536,138304,135986,542927,0,669,0
24.887212991714478,112447,133536,138304,135986,542927,0,669,0
24.903686046600342,112447,133536,138304,135986,542927,0,669,0
24.919824838638306,112447,133536,138304,135986,542927,0,669,0
24.936401844024658,112447,133536,138304,135986,542927,0,669,0
24.953174829483032,112447,133536,138304,135986,542927,0,669,0
24.969921827316284,112447,133536,138304,135986,542927,0,669,0
24.987648963928223,112447,133536,138304,135986,542927,0,669,0
25.00570797920227,112447,133536,138304,135986,542927,0,669,0
25.02348804473877,112447,133536,138304,135986,542927,0,669,0
25.039764881134033,112447,133536,138304,135986,542927,0,669,0
25.056015968322754,112447,133536,138304,135986,542927,0,669,0
25.07228994369507,112447,133536,138304,135986,542927,0,669,0
25.0885968208313,112447,133536,138304,135986,542927,0,669,0
25.104815006256104,112447,133536,138304,135986,542927,0,669,0
25.121415853500366,112447,133536,138304,135986,542927,0,669,0
25.13828182220459,112447,133536,138304,135986,542927,0,669,0
25.154999017715454,112447,133536,138304,135986,542927,0,669,0
25.17181396484375,112447,133536,138304,135986,542927,0,669,0
25.188727855682373,112447,133536,138304,135986,542927,0,669,0
25.205559015274048,112447,133536,138304,135986,542927,0,669,0
25.222396850585938,112447,133536,138304,135986,542927,0,669,0
25.239222049713135,112447,133536,138304,135986,542927,0,669,0
25.25576686859131,112447,133536,138304,135986,542927,0,669,0
25.271893978118896,112447,133536,138304,135986,542927,0,669,0
25.288257837295532,112447,133536,138304,135986,542927,0,669,0
25.304605960845947,112447,133536,138304,135986,542927,0,669,0
25.32078504562378,112447,133536,138304,135986,542927,0,669,0
25.337185859680176,112447,133536,138304,135986,542927,0,669,0
25.353677988052368,112447,133536,138304,135986,542927,0,669,0
25.37016201019287,112447,133536,138304,135986,542927,0,669,0
25.38688087463379,112447,133536,138304,135986,542927,0,669,0
25.40354299545288,112447,133536,138304,135986,542927,0,669,0
25.419744968414307,112447,133536,138304,135986,542927,0,669,0
25.4358868598938,112447,133536,138304,135986,542927,0,669,0
25.45232105255127,112447,133536,138304,135986,542927,0,669,0
25.46873688697815,112447,133536,138304,135986,542927,0,669,0
25.485137939453125,112447,133536,138304,135986,542927,0,669,0
25.501773834228516,112447,133536,138304,135986,542927,0,669,0
25.518160820007324,112447,133536,138304,135986,542927,0,669,0
25.534591913223267,112447,133536,138304,135986,542927,0,669,0
25.550779819488525,112447,133536,138304,135986,542927,0,669,0
25.56717085838318,112447,133536,138304,135986,542927,0,669,0
25.583807945251465,112447,133536,138304,135986,542927,0,669,0
25.60033392906189,112447,133536,138304,135986,542927,0,669,0
25.61676287651062,112447,133536,138304,135986,542927,0,669,0
25.63317084312439,112447,133536,138304,135986,542927,0,669,0
25.649682998657227,112447,133536,138304,135986,542927,0,669,0
25.666273832321167,112447,133536,138304,135986,542927,0,669,0
25.682775020599365,112447,133536,138304,135986,542927,0,669,0
25.699156999588013,112447,133536,138304,135986,542927,0,669,0
25.715962886810303,112447,133536,138304,135986,542927,0,669,0
25.73277187347412,112447,133536,138304,135986,542927,0,669,0
25.74973487854004,112447,133536,138304,135986,542927,0,669,0
25.76708698272705,112447,133536,138304,135986,542927,0,669,0
25.784039974212646,112447,133536,138304,135986,542927,0,669,0
25.801206827163696,112447,133536,138304,135986,542927,0,669,0
25.81809902191162,112447,133536,138304,135986,542927,0,669,0
25.834858894348145,112447,133536,138304,135986,542927,0,669,0
25.851709842681885,112447,133536,138304,135986,542927,0,669,0
25.869053840637207,112447,133536,138304,135986,542927,0,669,0
25.885994911193848,112447,133536,138304,135986,542927,0,669,0
25.902729988098145,112447,133536,138304,135986,542927,0,669,0
25.919559955596924,112447,133536,138304,135986,542927,0,669,0
25.936511993408203,112447,133536,138304,135986,542927,0,669,0
25.953389883041382,112447,133536,138304,135986,542927,0,669,0
25.9704909324646,112447,133536,138304,135986,542927,0,669,0
25.987494945526123,112447,133536,138304,135986,542927,0,669,0
26.004678964614868,112447,133536,138304,135986,542927,0,669,0
26.02163600921631,112447,133536,138304,135986,542927,0,669,0
26.03846001625061,112447,133536,138304,135986,542927,0,669,0
26.055274963378906,112447,133536,138304,135986,542927,0,669,0
26.07219696044922,112447,133536,138304,135986,542927,0,669,0
26.089090824127197,112447,133536,138304,135986,542927,0,669,0
26.105929851531982,112447,133536,138304,135986,542927,0,669,0
26.122642993927002,112447,133536,138304,135986,542927,0,669,0
26.139379024505615,112447,133536,138304,135986,542927,0,669,0
26.15649390220642,112447,133536,138304,135986,542927,0,669,0
26.173401832580566,112447,133536,138304,135986,542927,0,669,0
26.190227031707764,112447,133536,138304,135986,542927,0,669,0
26.20747685432434,112447,133536,138304,135986,542927,0,669,0
26.22446894645691,112447,138204,143936,140654,543918,0,669,0
26.24162983894348,112447,146588,152256,149038,546003,0,669,0
26.2590069770813,112447,155100,160832,157550,548119,0,670,0
26.276659965515137,112447,163560,169280,166010,550224,0,670,0
26.294086933135986,112447,172076,177728,174526,552337,0,670,0
26.311573028564453,112447,180704,186432,183154,554486,0,670,0
26.329275846481323,112447,189324,195008,191774,556630,0,670,0
26.346925020217896,112447,197928,203584,200378,558767,0,670,0
26.364760875701904,112447,206704,212416,209154,560953,0,670,0
26.382742881774902,112447,215508,221248,217958,563140,0,670,0
26.400550842285156,112447,224296,229952,226746,565327,0,671,0
26.418933868408203,112447,233192,238912,235642,567535,0,671,0
26.437342882156372,112447,241980,247616,244430,569723,0,671,0
26.455729961395264,112447,250876,256576,253326,571953,0,672,0
26.474308967590332,112447,259920,265664,262370,574179,0,672,0
26.492799997329712,112447,268940,274624,271390,576425,0,672,0
26.511420965194702,112447,278096,283840,280546,578702,0,672,0
26.530072927474976,112447,287296,292928,289746,580992,0,672,0
26.548720836639404,112447,296568,302272,299018,583298,0,672,0
26.567577838897705,112447,305904,311488,308354,585620,0,672,0
26.586598873138428,112447,315220,320960,317670,587948,0,673,0
26.6056489944458,112447,324620,330304,327070,590289,0,673,0
26.625076055526733,112447,334084,339776,336534,592622,0,673,0
26.6444149017334,112447,343456,349120,345906,594958,0,673,0
26.663821935653687,112447,353016,358720,355466,597338,0,674,0
26.68321204185486,112447,362556,368192,365006,599716,0,674,0
26.702740907669067,112447,372192,377792,374642,602122,0,674,0
26.722486972808838,112447,381072,386752,383522,604406,0,674,0
26.742403984069824,112447,390772,396480,393222,606727,0,674,0
26.762213945388794,112447,400508,406208,402958,609158,0,674,0
26.782100915908813,112447,410360,416064,412810,611605,0,674,0
26.80218005180359,112447,420108,425792,422558,614043,0,675,0
26.82217502593994,112447,430040,435648,432490,616501,0,675,0
26.842795848846436,112447,440020,445376,442470,618984,0,675,0
26.863126039505005,112447,446832,452416,449282,620681,0,676,0
26.8834228515625,112447,456788,462400,459238,623162,0,676,0
26.90372586250305,112447,466840,472512,469290,625655,0,676,0
26.92425799369812,112447,476928,482624,479378,628181,0,676,0
26.94480299949646,112447,487156,492736,489606,630714,0,676,0
26.965653896331787,112447,497336,502976,499786,633240,0,676,0
26.98650097846985,112447,507548,513088,509998,635790,0,676,0
27.00739598274231,112447,517808,523456,520258,638346,0,677,0
27.028535842895508,112447,528168,533824,530618,640903,0,677,0
27.050042867660522,112447,538556,544192,541006,643497,0,677,0
27.071152925491333,112447,548828,554432,551278,646059,0,678,0
27.092519998550415,112447,559368,564928,561818,648678,0,678,0
27.113839864730835,112447,569988,575552,572438,651319,0,678,0
27.135462999343872,112447,580616,586176,583066,653953,0,678,0
27.15706205368042,112447,591208,596800,593658,656609,0,678,0
27.17867088317871,112447,601924,607552,604374,659266,0,678,0
27.200511932373047,112447,612724,618304,615174,661940,0,679,0
27.22252082824707,112447,623464,629056,625914,664632,0,679,0
27.244570016860962,112447,634288,639936,636738,667298,0,679,0
27.266944885253906,112447,645168,650560,647618,670018,0,680,0
27.288763999938965,112447,656084,661696,658534,672736,0,680,0
27.311224937438965,112447,667096,672704,669546,675481,0,680,0
27.333575010299683,112447,678116,683712,680566,678228,0,680,0
27.3561749458313,112447,689276,694848,691726,680977,0,680,0
27.378811836242676,112447,700512,706112,702962,683776,0,680,0
27.401553869247437,112447,711720,717248,714170,686585,0,681,0
27.424263954162598,112447,723060,728640,725510,689385,0,681,0
27.447173833847046,112447,734496,740032,736946,692222,0,681,0
27.470782995224,112447,746000,751552,748450,695096,0,682,0
27.493921041488647,112447,757352,762816,759802,697919,0,682,0
27.517082929611206,112447,768888,774464,771338,700803,0,682,0
27.540717840194702,112447,780468,785984,782918,703675,0,682,0
27.564225912094116,112447,792108,797632,794558,706571,0,682,0
27.58793592453003,112447,803912,809408,806362,709496,0,682,0
27.611827850341797,112447,815604,821184,818054,712412,0,683,0
27.63583493232727,112447,827372,832960,829822,715344,0,683,0
27.66006588935852,112447,839340,844864,841790,718296,0,683,0
27.684460878372192,112447,851176,856384,853626,721298,0,684,0
27.709131002426147,112447,862460,867904,864910,724076,0,684,0
27.733332872390747,112447,874496,880064,876946,727064,0,684,0
27.757817029953003,112447,886524,891968,888974,730067,0,684,0
27.78219699859619,112447,898644,904128,901094,733074,0,684,0
27.80679488182068,112447,910792,916288,913242,736112,0,685,0
27.83131194114685,112447,922956,928448,925406,739141,0,685,0
27.856163024902344,112447,935236,940736,937686,742185,0,685,0
27.88147783279419,112447,947536,953024,949986,745259,0,686,0
27.90660786628723,112447,957744,963264,960194,747786,0,686,0
27.931670904159546,112447,970112,975680,972562,750889,0,686,0
27.956872940063477,112447,982548,988096,984998,753971,0,686,0
27.9819118976593,112447,994996,1000512,997446,757084,0,686,0
28.007139921188354,112447,1007520,1012928,1009970,760197,0,687,0
28.032423973083496,112447,1020060,1025600,1022510,763327,0,687,0
28.057760000228882,112447,1032680,1038144,1035130,766467,0,687,0
28.083319902420044,112447,1045448,1050944,1047898,769640,0,688,0
28.109022855758667,112447,1058076,1063616,1060526,772800,0,688,0
28.1347758769989,112447,1070824,1076288,1073274,775957,0,688,0
28.160531997680664,112447,1083616,1089088,1086066,779148,0,688,0
28.18639588356018,112447,1096456,1101888,1098906,782341,0,688,0
28.212239980697632,112447,1109284,1114688,1111734,785546,0,689,0
28.238247871398926,112447,1122188,1127616,1124638,788756,0,689,0
28.264442920684814,112447,1135224,1140672,1137674,791996,0,689,0
28.290735960006714,112447,1148336,1153856,1150786,795258,0,690,0
28.317219018936157,112447,1161312,1166784,1163762,798521,0,690,0
28.343572854995728,112447,1174432,1179840,1176882,801762,0,690,0
28.37007188796997,112447,1187604,1193024,1190054,805044,0,690,0
28.39668583869934,112447,1200860,1206336,1203310,808333,0,690,0
28.423471927642822,112447,1214180,1219648,1216630,811662,0,691,0
28.450456857681274,112447,1227544,1232960,1229994,814987,0,691,0
28.477507829666138,112447,1241024,1246528,1243474,818326,0,692,0
28.504665851593018,112447,1254520,1259968,1256970,821701,0,692,0
28.531810998916626,112447,1267868,1273280,1270318,825025,0,692,0
28.55906891822815,112447,1281404,1286848,1283854,828385,0,692,0
28.586091995239258,112447,1294976,1300416,1297426,831781,0,692,0
28.613188982009888,112447,1308612,1313984,1311062,835177,0,693,0
28.64062190055847,112447,1322372,1327680,1324822,838564,0,693,0
28.66844892501831,112447,1337492,1342912,1339942,842033,0,694,0
28.699533939361572,112447,1351548,1356992,1353998,845799,0,694,0
28.728265047073364,112447,1365292,1370688,1367742,849321,0,694,0
28.756317853927612,112447,1379308,1384768,1381758,852739,0,694,0
28.784801959991455,112447,1393244,1398592,1395694,856248,0,694,0
28.81311583518982,112447,1407404,1412800,1409854,859728,0,695,0
28.841806888580322,112447,1421464,1426880,1423914,863258,0,695,0
28.87055492401123,112447,1435584,1440960,1438034,866794,0,696,0
28.89941692352295,112447,1449940,1455296,1452390,870335,0,696,0
28.928953886032104,112447,1464132,1469376,1466582,873891,0,696,0
28.95779800415039,112447,1476328,1481664,1478778,876891,0,696,0
28.98716902732849,112447,1490636,1496000,1493086,880503,0,696,0
29.01581382751465,112447,1505196,1510592,1507646,884077,0,697,0
29.045501947402954,112447,1519764,1525056,1522214,887713,0,697,0
29.075139045715332,112447,1534392,1539776,1536842,891347,0,698,0
29.10487389564514,112447,1549112,1554496,1551562,894997,0,698,0
29.135480880737305,112447,1563924,1569216,1566374,898691,0,698,0
29.165478944778442,112447,1578612,1583936,1581062,902363,0,698,0
29.19558596611023,112447,1593432,1598784,1595882,906051,0,698,0
29.22584104537964,112447,1608392,1613760,1610842,909778,0,699,0
29.256208896636963,112447,1623384,1628736,1625834,913509,0,699,0
29.286685943603516,112447,1638244,1643584,1640694,917249,0,700,0
29.31770086288452,112447,1653316,1658688,1655766,920966,0,700,0
29.348757028579712,112447,1668472,1673792,1670922,924742,0,700,0
29.379612922668457,112447,1683604,1688896,1686054,928488,0,700,0
29.41081404685974,112447,1698880,1704128,1701330,932305,0,701,0
29.441845893859863,112447,1714124,1719488,1716574,936108,0,701,0
29.472808837890625,112447,1729448,1734720,1731898,939922,0,702,0
29.50415301322937,112447,1744820,1750080,1747270,943756,0,702,0
29.53565001487732,112447,1760388,1765696,1762838,947615,0,702,0
29.567348957061768,112447,1775772,1781056,1778222,951490,0,702,0
29.598840951919556,112447,1791368,1796672,1793818,955352,0,702,0
29.63059401512146,112447,1808340,1813568,1810790,959234,0,703,0
29.665316820144653,112447,1824008,1829312,1826458,963478,0,703,0
29.697258949279785,112447,1839528,1844800,1841978,967398,0,704,0
29.72871994972229,112447,1855272,1860544,1857722,971284,0,704,0
29.76046085357666,112447,1870992,1876160,1873442,975228,0,704,0
29.791990041732788,112447,1886544,1891776,1888994,979110,0,704,0
29.823659896850586,112447,1902248,1907520,1904698,983019,0,705,0
29.855303049087524,112447,1918032,1923264,1920482,986950,0,705,0
29.88732385635376,112447,1933904,1939136,1936354,990896,0,706,0
29.919323921203613,112447,1949796,1955008,1952246,994864,0,706,0
29.95184588432312,112447,1965836,1971136,1968286,998841,0,706,0
29.984156847000122,112447,1979632,1984832,1982082,1002841,0,706,0
30.016396045684814,112447,1995628,2000832,1998078,1006288,0,707,0
30.04862904548645,112447,2011692,2016960,2014142,1010282,0,707,0
30.081121921539307,112447,2027836,2033088,2030286,1014311,0,708,0
30.113749980926514,112447,2044044,2049216,2046494,1018346,0,708,0
30.146453857421875,112447,2060352,2065600,2062802,1022381,0,708,0
30.179735898971558,112447,2076684,2081856,2079134,1026473,0,708,0
30.212713956832886,112447,2092928,2098112,2095378,1030521,0,709,0
30.245759963989258,112447,2109352,2114496,2111802,1034603,0,709,0
30.27889585494995,112447,2125788,2131008,2128238,1038710,0,710,0
30.312021017074585,112447,2142256,2147392,2144706,1042811,0,710,0
30.345252990722656,112447,2158888,2164032,2161338,1046939,0,710,0
30.379222869873047,112447,2175588,2180800,2178038,1051107,0,710,0
30.4127779006958,112447,2192152,2197312,2194602,1055226,0,711,0
30.446604013442993,112447,2208892,2214080,2211342,1059405,0,711,0
30.480329036712646,112447,2225684,2230848,2228134,1063592,0,712,0
30.514174938201904,112447,2230620,2235328,2233070,1067202,0,712,0
30.547433853149414,112447,2230620,2235328,2233070,1067202,0,712,0
30.58052086830139,112447,2230620,2235328,2233070,1067202,0,712,0
30.61331295967102,112447,2230620,2235328,2233070,1067202,0,712,0
30.64680790901184,112447,2230620,2235328,2233070,1067202,0,712,0
30.679577827453613,112447,2230620,2235328,2233070,1067202,0,712,0
30.712249040603638,112447,2230620,2235328,2233070,1067202,0,712,0
30.744751930236816,112447,2230620,2235328,2233070,1067202,0,712,0
30.7775239944458,112447,2230620,2235328,2233070,1067202,0,712,0
30.810247898101807,112447,2230620,2235328,2233070,1067202,0,712,0
30.8425350189209,112447,2230620,2235328,2233070,1067202,0,712,0
30.87487483024597,112447,2230620,2235328,2233070,1067202,0,712,0
30.907582998275757,112447,2230620,2235328,2233070,1067202,0,712,0
30.94072198867798,112447,2230620,2235328,2233070,1067202,0,712,0
30.97450590133667,112447,2230620,2235328,2233070,1067202,0,712,0
31.00876498222351,112447,2230620,2235328,2233070,1067202,0,712,0
31.041621923446655,112447,2230620,2235328,2233070,1067202,0,712,0
31.07446002960205,112447,2230620,2235328,2233070,1067202,0,712,0
31.107250928878784,112447,2230620,2235328,2233070,1067202,0,712,0
31.139907836914062,112447,2230620,2235328,2233070,1067202,0,712,0
31.172629833221436,112447,2230620,2235328,2233070,1067202,0,712,0
31.205845832824707,112447,2230620,2235328,2233070,1067202,0,712,0
31.23960304260254,112447,2230620,2235328,2233070,1067202,0,712,0
31.272632837295532,112447,2230620,2235328,2233070,1067202,0,712,0
31.305460929870605,112447,2230620,2235328,2233070,1067202,0,712,0
31.33820390701294,112447,2230620,2235328,2233070,1067202,0,712,0
31.37193489074707,112447,2230620,2235328,2233070,1067202,0,712,0
31.405426025390625,112447,2230620,2235328,2233070,1067202,0,712,0
31.43922185897827,112447,2230620,2235328,2233070,1067202,0,712,0
31.472874879837036,112447,2230620,2235328,2233070,1067202,0,712,0
31.5066819190979,112447,2230620,2235328,2233070,1067202,0,712,0
31.54047393798828,112447,2230620,2235328,2233070,1067202,0,712,0
31.574547052383423,112447,2230620,2235328,2233070,1067202,0,712,0
31.608985900878906,112447,2230620,2235328,2233070,1067202,0,712,0
31.642846822738647,112447,2230620,2235328,2233070,1067202,0,712,0
31.677242040634155,112447,2230620,2235328,2233070,1067202,0,712,0
31.71126103401184,112447,2230620,2235328,2233070,1067202,0,712,0
31.745322942733765,112447,2230620,2235328,2233070,1067202,0,712,0
31.779288053512573,112447,2230620,2235328,2233070,1067202,0,712,0
31.813343048095703,112447,2230620,2235328,2233070,1067202,0,712,0
31.847890853881836,112447,2230620,2235328,2233070,1067202,0,712,0
31.881645917892456,112447,2230620,2235328,2233070,1067202,0,712,0
31.91586995124817,112447,2230620,2235328,2233070,1067202,0,712,0
31.949867963790894,112447,2230620,2235328,2233070,1067202,0,712,0
31.98443293571472,112447,2230620,2235328,2233070,1067202,0,712,0
32.018574953079224,112447,2230620,2235328,2233070,1067202,0,712,0
32.05286502838135,112447,2230620,2235328,2233070,1067202,0,712,0
32.08659291267395,112447,2230620,2235328,2233070,1067202,0,712,0
32.12029004096985,112447,2230620,2235328,2233070,1067202,0,712,0
32.15449786186218,112447,2230620,2235328,2233070,1067202,0,712,0
32.18792796134949,112447,2230620,2235328,2233070,1067202,0,712,0
32.22229194641113,112447,2230620,2235328,2233070,1067202,0,712,0
32.25662684440613,112447,2230620,2235328,2233070,1067202,0,712,0
32.29057288169861,112447,2230620,2235328,2233070,1067202,0,712,0
32.32429599761963,112447,2230620,2235328,2233070,1067202,0,712,0
32.357527017593384,112447,2230620,2235328,2233070,1067202,0,712,0
32.391347885131836,112447,2230620,2235328,2233070,1067202,0,712,0
32.42502689361572,112447,2230620,2235328,2233070,1067202,0,712,0
32.458616971969604,112447,2230620,2235328,2233070,1067202,0,712,0
32.491966009140015,112447,2230620,2235328,2233070,1067202,0,712,0
32.525781869888306,112447,2221864,2190016,2224314,1067202,0,710,0
32.5602068901062,112447,2152516,2123712,2154966,1067202,0,709,0
32.59634304046631,112447,2091836,2063680,2094286,1067202,0,708,0
32.629679918289185,112447,2030772,2003264,2033222,1067202,0,707,0
32.66272497177124,112447,1970336,1944384,1972786,1067202,0,706,0
32.69423294067383,112447,1911984,1886528,1914434,1067202,0,704,0
32.72516393661499,112447,1853972,1829824,1856422,1067202,0,703,0
32.756139039993286,112447,1796988,1773888,1799438,1067202,0,702,0
32.787477016448975,112447,1740296,1718464,1742746,1067202,0,701,0
32.81672501564026,112447,1685576,1664832,1688026,1067202,0,700,0
32.845680952072144,112447,1631780,1611968,1634230,1067202,0,699,0
32.87468695640564,112447,1578708,1560000,1581158,1067202,0,698,0
32.90283799171448,112447,1526936,1508800,1529386,1067202,0,697,0
32.93022584915161,112447,1475640,1458496,1478090,1067202,0,696,0
32.957512855529785,112447,1424952,1408576,1427402,1067202,0,695,0
32.984089851379395,112447,1374968,1359424,1377418,1067202,0,694,0
33.01057982444763,112447,1325480,1310784,1327930,1067202,0,693,0
33.037014961242676,112447,1277048,1263168,1279498,1067202,0,692,0
33.06273889541626,112447,1229316,1215936,1231766,1067202,0,691,0
33.08870887756348,112447,1181820,1169216,1184270,1067202,0,690,0
33.113422870635986,112447,1135620,1123648,1138070,1067202,0,689,0
33.138192892074585,112447,1090264,1079104,1092714,1067202,0,688,0
33.162083864212036,112447,1045156,1034688,1047606,1067202,0,687,0
33.18608999252319,112447,1001280,991424,1003730,1067202,0,686,0
33.2091429233551,112447,957736,948800,960186,1067202,0,686,0
33.23240685462952,112447,914720,906432,917170,1067202,0,684,0
33.255255937576294,112447,872644,864832,875094,1067202,0,684,0
33.27807092666626,112447,830968,823744,833418,1067202,0,683,0
33.299986839294434,112447,789908,783424,792358,1067202,0,682,0
33.32179093360901,112447,749476,743744,751926,1067202,0,681,0
33.34310984611511,112447,709748,704320,712198,1067202,0,680,0
33.364279985427856,112447,670116,665664,672566,1067202,0,680,0
33.384753942489624,112447,631080,626880,633530,1067202,0,679,0
33.405505895614624,112447,592428,588736,594878,1067202,0,678,0
33.42577290534973,112447,554680,551616,557130,1067202,0,678,0
33.44573497772217,112447,517240,515008,519690,1067202,0,676,0
33.465338945388794,112447,480300,478272,482750,1067202,0,676,0
33.48402285575867,112447,445700,443840,448150,1067202,0,675,0
33.503522872924805,112447,409580,408768,412030,1067202,0,674,0
33.52221202850342,112447,374004,373568,376454,1067202,0,674,0
33.54187798500061,112447,335404,335808,337854,1067202,0,673,0
33.561561822891235,112447,300884,301376,303334,1067202,0,672,0
33.57980990409851,112447,267144,268096,269594,1067202,0,672,0
33.59757089614868,112447,233392,234816,235842,1067202,0,671,0
33.61532402038574,112447,201200,203072,203650,1067202,0,670,0
33.63263702392578,112447,168460,170816,170910,1067202,0,670,0
33.649895906448364,112447,136224,139072,138674,1067202,0,669,0
33.6670298576355,112447,133532,138304,135982,1067202,0,669,0
33.683960914611816,112447,133532,138304,135982,1067202,0,669,0
33.70079684257507,112447,133532,138304,135982,1067202,0,669,0
33.71820902824402,112447,133532,138304,135982,1067202,0,669,0
33.73555588722229,112447,133532,138304,135982,1067202,0,669,0
33.752331018447876,112447,133532,138304,135982,1067202,0,669,0
33.768791913986206,112447,133532,138304,135982,1067202,0,669,0
33.78532004356384,112447,133532,138304,135982,1067202,0,669,0
33.801815032958984,112447,133532,138304,135982,1067202,0,669,0
33.818500995635986,112447,133532,138304,135982,1067202,0,669,0
33.8348228931427,112447,133532,138304,135982,1067202,0,669,0
33.85171699523926,112447,133532,138304,135982,1067202,0,669,0
33.868412017822266,112447,133532,138304,135982,1067202,0,669,0
33.88569498062134,112447,133532,138304,135982,1067202,0,669,0
33.90282487869263,112447,133532,138304,135982,1067202,0,669,0
33.91941285133362,112447,133532,138304,135982,1067202,0,669,0
33.93623995780945,112447,133532,138304,135982,1067202,0,669,0
33.95321202278137,112447,133532,138304,135982,1067202,0,669,0
33.969890832901,112447,133532,138304,135982,1067202,0,669,0
33.98682498931885,112447,133532,138304,135982,1067202,0,669,0
34.004541873931885,112447,135564,140224,138014,1067202,0,669,0
34.02143883705139,112447,135564,140224,138014,1067202,0,669,0
34.03788685798645,112447,135564,140224,138014,1067202,0,669,0
34.054478883743286,112447,135564,140224,138014,1067202,0,669,0
34.07078504562378,112447,135564,140224,138014,1067202,0,669,0
34.08727502822876,112447,135564,140224,138014,1067202,0,669,0
34.10379886627197,112447,135564,140224,138014,1067202,0,669,0
34.120465993881226,112447,135564,140224,138014,1067202,0,669,0
34.13680601119995,112447,135564,140224,138014,1067202,0,669,0
34.15333700180054,112447,135564,140224,138014,1067202,0,669,0
34.17029285430908,112447,135564,140224,138014,1067202,0,669,0
34.187389850616455,112447,135564,140224,138014,1067202,0,669,0
34.20385384559631,112447,135564,140224,138014,1067202,0,669,0
34.22033405303955,112447,135564,140224,138014,1067202,0,669,0
34.2367730140686,112447,135564,140224,138014,1067202,0,669,0
34.253286838531494,112447,135564,140224,138014,1067202,0,669,0
34.2698290348053,112447,135564,140224,138014,1067202,0,669,0
34.28679800033569,112447,135564,140224,138014,1067202,0,669,0
34.303669929504395,112447,135564,140224,138014,1067202,0,669,0
34.32032084465027,112447,135564,140224,138014,1067202,0,669,0
34.337626934051514,112447,135564,140224,138014,1067202,0,669,0
34.3545880317688,112447,135564,140224,138014,1067202,0,669,0
34.371726989746094,112447,135564,140224,138014,1067202,0,669,0
34.38878083229065,112447,135564,140224,138014,1067202,0,669,0
34.40573000907898,112447,135564,140224,138014,1067202,0,669,0
34.422528982162476,112447,135564,140224,138014,1067202,0,669,0
34.43964195251465,112447,135564,140224,138014,1067202,0,669,0
34.456565856933594,112447,135564,140224,138014,1067202,0,669,0
34.47356700897217,112447,135564,140224,138014,1067202,0,669,0
34.490659952163696,112447,135564,140224,138014,1067202,0,669,0
34.50756287574768,112447,135564,140224,138014,1067202,0,669,0
34.52734303474426,112447,135564,140224,138014,1067202,0,669,0
34.543850898742676,112447,135564,140224,138014,1067202,0,669,0
34.56052494049072,112447,135564,140224,138014,1067202,0,669,0
34.576777935028076,112447,135564,140224,138014,1067202,0,669,0
34.593212842941284,112447,135564,140224,138014,1067202,0,669,0
34.609784841537476,112447,135564,140224,138014,1067202,0,669,0
34.62592887878418,112447,135564,140224,138014,1067202,0,669,0
34.64251494407654,112447,135564,140224,138014,1067202,0,669,0
34.659446001052856,112447,135564,140224,138014,1067202,0,669,0
34.67594289779663,112447,135564,140224,138014,1067202,0,669,0
34.692582845687866,112447,135564,140224,138014,1067202,0,669,0
34.70892882347107,112447,135564,140224,138014,1067202,0,669,0
34.72576594352722,112447,135564,140224,138014,1067202,0,669,0
34.74329900741577,112447,135564,140224,138014,1067202,0,669,0
34.75981402397156,112447,135564,140224,138014,1067202,0,669,0
34.77649903297424,112447,135564,140224,138014,1067202,0,669,0
34.792866945266724,112447,135564,140224,138014,1067202,0,669,0
34.80953598022461,112447,135564,140224,138014,1067202,0,669,0
34.825865030288696,112447,135564,140224,138014,1067202,0,669,0
34.84230589866638,112447,135564,140224,138014,1067202,0,669,0
34.85869884490967,112447,135564,140224,138014,1067202,0,669,0
34.875020027160645,112447,135564,140224,138014,1067202,0,669,0
34.89160990715027,112447,135564,140224,138014,1067202,0,669,0
34.908567905426025,112447,135564,140224,138014,1067202,0,669,0
34.92518091201782,112447,135564,140224,138014,1067202,0,669,0
34.9417998790741,112447,135564,140224,138014,1067202,0,669,0
34.958348989486694,112447,135564,140224,138014,1067202,0,669,0
34.97479796409607,112447,135564,140224,138014,1067202,0,669,0
34.99132299423218,112447,135564,140224,138014,1067202,0,669,0
35.00777792930603,112447,135564,140224,138014,1067202,0,669,0
35.023841857910156,112447,135564,140224,138014,1067202,0,669,0
35.04031491279602,112447,135564,140224,138014,1067202,0,669,0
35.05678391456604,112447,135564,140224,138014,1067202,0,669,0
35.07318687438965,112447,135564,140224,138014,1067202,0,669,0
35.08971095085144,112447,135564,140224,138014,1067202,0,669,0
35.10593795776367,112447,135564,140224,138014,1067202,0,669,0
35.12237882614136,112447,135564,140224,138014,1067202,0,669,0
35.13876295089722,112447,135564,140224,138014,1067202,0,669,0
35.154911041259766,112447,135564,140224,138014,1067202,0,669,0
35.17157697677612,112447,135564,140224,138014,1067202,0,669,0
35.188421964645386,112447,135564,140224,138014,1067202,0,669,0
35.20479989051819,112447,135564,140224,138014,1067202,0,669,0
35.221333026885986,112447,135564,140224,138014,1067202,0,669,0
35.23826599121094,112447,135564,140224,138014,1067202,0,669,0
35.25492882728577,112447,135564,140224,138014,1067202,0,669,0
35.271705865859985,112447,135564,140224,138014,1067202,0,669,0
35.28827095031738,112447,135564,140224,138014,1067202,0,669,0
35.30474591255188,112447,135564,140224,138014,1067202,0,669,0
35.320919036865234,112447,135564,140224,138014,1067202,0,669,0
35.336930990219116,112447,135564,140224,138014,1067202,0,669,0
35.35314202308655,112447,135564,140224,138014,1067202,0,669,0
35.369494915008545,112447,135564,140224,138014,1067202,0,669,0
35.38587498664856,112447,135564,140224,138014,1067202,0,669,0
35.402562856674194,112447,135564,140224,138014,1067202,0,669,0
35.41878294944763,112447,135564,140224,138014,1067202,0,669,0
35.43529987335205,112447,135564,140224,138014,1067202,0,669,0
35.45215201377869,112447,135564,140224,138014,1067202,0,669,0
35.468838930130005,112447,135564,140224,138014,1067202,0,669,0
35.48816704750061,112447,135564,140224,138014,1067202,0,669,0
35.504886865615845,112447,135564,140224,138014,1067202,0,669,0
35.52134704589844,112447,135564,140224,138014,1067202,0,669,0
35.537840843200684,112447,135564,140224,138014,1067202,0,669,0
35.55428695678711,112447,135564,140224,138014,1067202,0,669,0
35.570793867111206,112447,135564,140224,138014,1067202,0,669,0
35.587586879730225,112447,135564,140224,138014,1067202,0,669,0
35.6039719581604,112447,135564,140224,138014,1067202,0,669,0
35.620492935180664,112447,135564,140224,138014,1067202,0,669,0
35.63678598403931,112447,135564,140224,138014,1067202,0,669,0
35.65316200256348,112447,135564,140224,138014,1067202,0,669,0
35.669585943222046,112447,135564,140224,138014,1067202,0,669,0
35.68605995178223,112447,135564,140224,138014,1067202,0,669,0
35.70315194129944,112447,135564,140224,138014,1067202,0,669,0
35.72010898590088,112447,135564,140224,138014,1067202,0,669,0
35.73706102371216,112447,135564,140224,138014,1067202,0,669,0
35.75393486022949,112447,135564,140224,138014,1067202,0,669,0
35.770689964294434,112447,135564,140224,138014,1067202,0,669,0
35.787505865097046,112447,135564,140224,138014,1067202,0,669,0
35.8045608997345,112447,135564,140224,138014,1067202,0,669,0
35.82149291038513,112447,135564,140224,138014,1067202,0,669,0
35.838242053985596,112447,135564,140224,138014,1067202,0,669,0
35.85515999794006,112447,135564,140224,138014,1067202,0,669,0
35.8720269203186,112447,135564,140224,138014,1067202,0,669,0
35.889045000076294,112447,135564,140224,138014,1067202,0,669,0
35.906111001968384,112447,135564,140224,138014,1067202,0,669,0
35.92280697822571,112447,135564,140224,138014,1067202,0,669,0
35.93963384628296,112447,135564,140224,138014,1067202,0,669,0
35.95650005340576,112447,135564,140224,138014,1067202,0,669,0
35.97339582443237,112447,135564,140224,138014,1067202,0,669,0
35.990772008895874,112447,135564,140224,138014,1067202,0,669,0
36.007725954055786,112447,135564,140224,138014,1067202,0,669,0
36.024672985076904,112447,135564,140224,138014,1067202,0,669,0
36.04169201850891,112447,135564,140224,138014,1067202,0,669,0
36.05872702598572,112447,135564,140224,138014,1067202,0,669,0
36.0756459236145,112447,135564,140224,138014,1067202,0,669,0
36.09262490272522,112447,135564,140224,138014,1067202,0,669,0
36.10956382751465,112447,135564,140224,138014,1067202,0,669,0
36.12655282020569,112447,135564,140224,138014,1067202,0,669,0
36.143518924713135,112447,135564,140224,138014,1067202,0,669,0
36.160557985305786,112447,135564,140608,138014,1067202,0,669,0
36.177631855010986,112447,143464,149056,145914,1068998,0,669,0
36.195212841033936,112447,152080,157632,154530,1071139,0,670,0
36.2126579284668,112447,160680,166336,163130,1073282,0,670,0
36.23007893562317,112447,169348,174912,171798,1075440,0,670,0
36.24758195877075,112447,177920,183488,180370,1077579,0,670,0
36.265074014663696,112447,186528,192064,188978,1079716,0,670,0
36.28288984298706,112447,195124,200640,197574,1081852,0,670,0
36.300734996795654,112447,203720,209344,206170,1084007,0,670,0
36.31869196891785,112447,212424,218048,214874,1086163,0,670,0
36.33669304847717,112447,221152,226752,223602,1088326,0,671,0
36.35471701622009,112447,229968,235584,232418,1090517,0,671,0
36.37282991409302,112447,238664,244288,241114,1092714,0,671,0
36.391083002090454,112447,247568,253120,250018,1094892,0,671,0
36.409828901290894,112447,256528,262080,258978,1097122,0,672,0
36.42831301689148,112447,265504,271040,267954,1099358,0,672,0
36.446763038635254,112447,274492,280000,276942,1101596,0,672,0
36.46554088592529,112447,283516,288960,285966,1103837,0,672,0
36.484050035476685,112447,292548,298048,294998,1106099,0,672,0
36.50251603126526,112447,301708,307264,304158,1108357,0,672,0
36.52109384536743,112447,310936,316480,313386,1110654,0,672,0
36.539690017700195,112447,320320,325824,322770,1112987,0,673,0
36.55849289894104,112447,329640,335168,332090,1115306,0,673,0
36.57726192474365,112447,339028,344640,341478,1117642,0,673,0
36.59613490104675,112447,348356,353856,350806,1119955,0,674,0
36.61524701118469,112447,357820,363328,360270,1122331,0,674,0
36.63445281982422,112447,367396,372928,369846,1124694,0,674,0
36.653684854507446,112447,377020,382528,379470,1127092,0,674,0
36.67287302017212,112447,386628,392128,389078,1129481,0,674,0
36.69223093986511,112447,396328,401856,398778,1131892,0,674,0
36.711843967437744,112447,406000,411584,408450,1134305,0,674,0
36.73172998428345,112447,415760,421312,418210,1136723,0,675,0
36.75170302391052,112447,425648,431168,428098,1139177,0,675,0
36.771806955337524,112447,435504,441024,437954,1141640,0,675,0
36.79186487197876,112447,442764,447680,445214,1144002,0,675,0
36.81216096878052,112447,452124,457664,454574,1145769,0,676,0
36.83275294303894,112447,462120,467648,464570,1148274,0,676,0
36.85308599472046,112447,472180,477760,474630,1150764,0,676,0
36.87361001968384,112447,482340,487872,484790,1153293,0,676,0
36.89425301551819,112447,492576,498112,495026,1155836,0,676,0
36.91528391838074,112447,502876,508352,505326,1158409,0,676,0
36.93639087677002,112447,513144,518592,515594,1160962,0,677,0
36.95729088783264,112447,523472,528960,525922,1163532,0,677,0
36.97851800918579,112447,533896,539328,536346,1166118,0,677,0
36.999791860580444,112447,544296,549696,546746,1168715,0,677,0
37.02115488052368,112447,554624,560192,557074,1171256,0,678,0
37.042709827423096,112447,565188,570688,567638,1173898,0,678,0
37.064288854599,112447,575756,581312,578206,1176538,0,678,0
37.08614683151245,112447,586432,591936,588882,1179179,0,678,0
37.107863903045654,112447,597160,602688,599610,1181839,0,678,0
37.12976789474487,112447,607844,613312,610294,1184521,0,678,0
37.15167689323425,112447,618592,624064,621042,1187197,0,679,0
37.17369604110718,112447,629452,634944,631902,1189880,0,679,0
37.195915937423706,112447,640276,645696,642726,1192603,0,679,0
37.21815586090088,112447,651132,656576,653582,1195267,0,680,0
37.24077296257019,112447,662212,667584,664662,1198031,0,680,0
37.263309955596924,112447,673232,678720,675682,1200784,0,680,0
37.28584694862366,112447,684324,689728,686774,1203527,0,680,0
37.30862283706665,112447,695432,700864,697882,1206307,0,680,0
37.33139681816101,112447,706624,712128,709074,1209104,0,680,0
37.35412287712097,112447,717924,723392,720374,1211889,0,681,0
37.37716484069824,112447,729184,734656,731634,1214720,0,681,0
37.4001669883728,112447,740484,745920,742934,1217518,0,681,0
37.42329692840576,112447,751788,757312,754238,1220351,0,682,0
37.44743204116821,112447,763316,768704,765766,1223194,0,682,0
37.47094392776489,112447,774816,780224,777266,1226040,0,682,0
37.494648933410645,112447,786380,791872,788830,1228929,0,682,0
37.518491983413696,112447,798032,803520,800482,1231817,0,682,0
37.54239892959595,112447,809692,815168,812142,1234730,0,683,0
37.56627798080444,112447,821460,826944,823910,1237642,0,683,0
37.59026288986206,112447,833252,838720,835702,1240586,0,683,0
37.61450505256653,112447,845160,850624,847610,1243551,0,684,0
37.63883090019226,112447,857072,862528,859522,1246492,0,684,0
37.663527965545654,112447,869176,874560,871626,1249508,0,684,0
37.688042879104614,112447,881220,886592,883670,1252515,0,684,0
37.7126100063324,112447,893264,898624,895714,1255528,0,684,0
37.73745584487915,112447,905440,910912,907890,1258549,0,684,0
37.762189865112305,112447,917560,922944,920010,1261581,0,685,0
37.78681683540344,112447,929744,935104,932194,1264606,0,685,0
37.81179594993591,112447,942120,947520,944570,1267670,0,686,0
37.836954832077026,112447,954332,959296,956782,1270745,0,686,0
37.86225605010986,112447,964508,969920,966958,1273266,0,686,0
37.8874888420105,112447,976924,982208,979374,1276341,0,686,0
37.91282796859741,112447,989368,994752,991818,1279469,0,686,0
37.938323974609375,112447,1001932,1007296,1004382,1282598,0,686,0
37.9641170501709,112447,1014560,1019968,1017010,1285714,0,687,0
37.989701986312866,112447,1027144,1032512,1029594,1288870,0,687,0
38.01529502868652,112447,1039764,1045184,1042214,1292005,0,688,0
38.04087996482849,112447,1052512,1057856,1054962,1295161,0,688,0
38.06716704368591,112447,1065280,1070656,1067730,1298320,0,688,0
38.09331202507019,112447,1078136,1083456,1080586,1301538,0,688,0
38.11947202682495,112447,1091032,1096384,1093482,1304751,0,688,0
38.14575982093811,112447,1103964,1109312,1106414,1307984,0,689,0
38.17187190055847,112447,1116872,1122240,1119322,1311196,0,689,0
38.19821095466614,112447,1129832,1135168,1132282,1314432,0,689,0
38.22459101676941,112447,1142960,1148352,1145410,1317671,0,690,0
38.25148391723633,112447,1156036,1161408,1158486,1320963,0,690,0
38.27851700782776,112447,1169060,1174336,1171510,1324204,0,690,0
38.30530786514282,112447,1182180,1187520,1184630,1327472,0,690,0
38.33224701881409,112447,1195360,1200704,1197810,1330753,0,690,0
38.35932183265686,112447,1208764,1214144,1211214,1334066,0,691,0
38.386605978012085,112447,1223480,1228864,1225930,1337422,0,691,0
38.41677689552307,112447,1236776,1242048,1239226,1341075,0,692,0
38.44380187988281,112447,1250212,1255488,1252662,1344405,0,692,0
38.470792055130005,112447,1263712,1269056,1266162,1347766,0,692,0
38.4981689453125,112447,1277220,1282496,1279670,1351132,0,692,0
38.525179862976074,112447,1290796,1296064,1293246,1354512,0,692,0
38.55224585533142,112447,1304372,1309632,1306822,1357906,0,693,0
38.57955884933472,112447,1318028,1323328,1320478,1361301,0,693,0
38.606783866882324,112447,1331744,1337024,1334194,1364704,0,693,0
38.6346709728241,112447,1345688,1350976,1348138,1368149,0,694,0
38.663146018981934,112447,1359436,1364672,1361886,1371621,0,694,0
38.69123196601868,112447,1373308,1378624,1375758,1375028,0,694,0
38.719732999801636,112447,1387372,1392704,1389822,1378521,0,694,0
38.74816703796387,112447,1401512,1406784,1403962,1382049,0,695,0
38.776957988739014,112447,1415528,1420736,1417978,1385584,0,695,0
38.805662870407104,112447,1429544,1434816,1431994,1389070,0,695,0
38.833786964416504,112447,1443956,1449280,1446406,1392595,0,696,0
38.86260104179382,112447,1458176,1463488,1460626,1396173,0,696,0
38.89200496673584,112447,1470444,1475648,1472894,1399730,0,696,0
38.92155385017395,112447,1484960,1490112,1487410,1402803,0,696,0
38.951119899749756,112447,1499520,1504832,1501970,1406435,0,697,0
38.980960845947266,112447,1514084,1519296,1516534,1410065,0,697,0
39.01074504852295,112447,1528552,1533760,1531002,1413708,0,697,0
39.040318965911865,112447,1543056,1548352,1545506,1417329,0,698,0
39.07010793685913,112447,1557804,1562944,1560254,1420944,0,698,0
39.100175857543945,112447,1572176,1577408,1574626,1424598,0,698,0
39.130199909210205,112447,1586960,1592128,1589410,1428217,0,698,0
39.16048002243042,112447,1601848,1607104,1604298,1431915,0,699,0
39.191004037857056,112447,1616568,1621824,1619018,1435637,0,699,0
39.22090697288513,112447,1631588,1636800,1634038,1439329,0,700,0
39.251598834991455,112447,1646484,1651648,1648934,1443077,0,700,0
39.281862020492554,112447,1661584,1666752,1664034,1446795,0,700,0
39.31292796134949,112447,1676664,1681856,1679114,1450570,0,700,0
39.343931913375854,112447,1691844,1697088,1694294,1454330,0,700,0
39.374866008758545,112447,1707160,1712320,1709610,1458143,0,701,0
39.406489849090576,112447,1722480,1727680,1724930,1461962,0,701,0
39.43779993057251,112447,1737860,1743040,1740310,1465789,0,702,0
39.46909999847412,112447,1753280,1758528,1755730,1469630,0,702,0
39.500701904296875,112447,1768836,1774016,1771286,1473489,0,702,0
39.53255891799927,112447,1784352,1789504,1786802,1477367,0,702,0
39.56450295448303,112447,1799952,1805120,1802402,1481268,0,703,0
39.59633803367615,112447,1815628,1820736,1818078,1485159,0,703,0
39.62824892997742,112447,1831412,1836608,1833862,1489086,0,704,0
39.66043996810913,112447,1846908,1852096,1849358,1493017,0,704,0
39.691972970962524,112447,1862660,1867840,1865110,1496881,0,704,0
39.724180936813354,112447,1878412,1883584,1880862,1500805,0,704,0
39.75682497024536,112447,1894348,1899456,1896798,1504762,0,705,0
39.789329051971436,112447,1910324,1915456,1912774,1508744,0,705,0
39.82182788848877,112447,1926392,1931584,1928842,1512744,0,706,0
39.8544979095459,112447,1942268,1947456,1944718,1516758,0,706,0
39.886796951293945,112447,1958456,1963584,1960906,1520733,0,706,0
39.91962790489197,112447,1974936,1980096,1977386,1524806,0,706,0
39.95310187339783,112447,1989064,1994176,1991514,1528345,0,706,0
39.986029863357544,112447,2005476,2010560,2007926,1532433,0,707,0
40.01924395561218,112447,2021660,2026816,2024110,1536536,0,707,0
40.05219292640686,112447,2037796,2042944,2040246,1540566,0,708,0
40.084938049316406,112447,2054264,2059328,2056714,1544600,0,708,0
40.11859393119812,112447,2070680,2075840,2073130,1548726,0,708,0
40.15228796005249,112447,2087224,2092352,2089674,1552830,0,708,0
40.18609285354614,112447,2103876,2108992,2106326,1556953,0,709,0
40.22004294395447,112447,2120696,2125760,2123146,1561131,0,709,0
40.254271030426025,112447,2137512,2142656,2139962,1565320,0,710,0
40.2883038520813,112447,2154072,2159168,2156522,1569527,0,710,0
40.32165789604187,112447,2170544,2175552,2172994,1573665,0,710,0
40.354840993881226,112447,2187084,2192192,2189534,1577776,0,710,0
40.3881459236145,112447,2203892,2208960,2206342,1581931,0,711,0
40.42170286178589,112447,2220776,2225856,2223226,1586131,0,711,0
40.45529294013977,112447,2232564,2237120,2235014,1590337,0,712,0
40.488932847976685,112447,2232564,2237120,2235014,1591468,0,712,0
40.52292990684509,112447,2232564,2237120,2235014,1591468,0,712,0
40.55689096450806,112447,2232564,2237120,2235014,1591468,0,712,0
40.59041404724121,112447,2232564,2237120,2235014,1591468,0,712,0
40.62350797653198,112447,2232564,2237120,2235014,1591468,0,712,0
40.657028913497925,112447,2232564,2237120,2235014,1591468,0,712,0
40.6907160282135,112447,2232564,2237120,2235014,1591468,0,712,0
40.724709033966064,112447,2232564,2237120,2235014,1591468,0,712,0
40.75857186317444,112447,2232564,2237120,2235014,1591468,0,712,0
40.792688846588135,112447,2232564,2237120,2235014,1591468,0,712,0
40.82660484313965,112447,2232564,2237120,2235014,1591468,0,712,0
40.86041593551636,112447,2232564,2237120,2235014,1591468,0,712,0
40.893301010131836,112447,2232564,2237120,2235014,1591468,0,712,0
40.9264440536499,112447,2232564,2237120,2235014,1591468,0,712,0
40.96071982383728,112447,2232564,2237120,2235014,1591468,0,712,0
40.995023012161255,112447,2232564,2237120,2235014,1591468,0,712,0
41.028892040252686,112447,2232564,2237120,2235014,1591468,0,712,0
41.062784910202026,112447,2232564,2237120,2235014,1591468,0,712,0
41.09652400016785,112447,2232564,2237120,2235014,1591468,0,712,0
41.13060688972473,112447,2232564,2237120,2235014,1591468,0,712,0
41.164429903030396,112447,2232564,2237120,2235014,1591468,0,712,0
41.19889688491821,112447,2232564,2237120,2235014,1591468,0,712,0
41.23288083076477,112447,2232564,2237120,2235014,1591468,0,712,0
41.26666283607483,112447,2232564,2237120,2235014,1591468,0,712,0
41.30043292045593,112447,2232564,2237120,2235014,1591468,0,712,0
41.33441686630249,112447,2232564,2237120,2235014,1591468,0,712,0
41.368613958358765,112447,2232564,2237120,2235014,1591468,0,712,0
41.4030179977417,112447,2232564,2237120,2235014,1591468,0,712,0
41.436375856399536,112447,2232564,2237120,2235014,1591468,0,712,0
41.470343828201294,112447,2232564,2237120,2235014,1591468,0,712,0
41.50441002845764,112447,2232564,2237120,2235014,1591468,0,712,0
41.538578033447266,112447,2232564,2237120,2235014,1591468,0,712,0
41.57230281829834,112447,2232564,2237120,2235014,1591468,0,712,0
41.60656690597534,112447,2232564,2237120,2235014,1591468,0,712,0
41.64054203033447,112447,2232564,2237120,2235014,1591468,0,712,0
41.67445182800293,112447,2232564,2237120,2235014,1591468,0,712,0
41.70758390426636,112447,2232564,2237120,2235014,1591468,0,712,0
41.74157404899597,112447,2232564,2237120,2235014,1591468,0,712,0
41.77543497085571,112447,2232564,2237120,2235014,1591468,0,712,0
41.8097128868103,112447,2232564,2237120,2235014,1591468,0,712,0
41.842686891555786,112447,2232564,2237120,2235014,1591468,0,712,0
41.8754940032959,112447,2232564,2237120,2235014,1591468,0,712,0
41.90844798088074,112447,2232564,2237120,2235014,1591468,0,712,0
41.94086694717407,112447,2232564,2237120,2235014,1591468,0,712,0
41.97482490539551,112447,2232564,2237120,2235014,1591468,0,712,0
42.007673025131226,112447,2232564,2237120,2235014,1591468,0,712,0
42.040772914886475,112447,2232564,2237120,2235014,1591468,0,712,0
42.073566913604736,112447,2232564,2237120,2235014,1591468,0,712,0
42.10623288154602,112447,2232564,2237120,2235014,1591468,0,712,0
42.13889789581299,112447,2232564,2237120,2235014,1591468,0,712,0
42.17303490638733,112447,2232564,2237120,2235014,1591468,0,712,0
42.20738983154297,112447,2232564,2237120,2235014,1591468,0,712,0
42.241848945617676,112447,2232564,2237120,2235014,1591468,0,712,0
42.2755389213562,112447,2232564,2237120,2235014,1591468,0,712,0
42.30987787246704,112447,2232564,2237120,2235014,1591468,0,712,0
42.34393501281738,112447,2232564,2237120,2235014,1591468,0,712,0
42.37688398361206,112447,2232564,2237120,2235014,1591468,0,712,0
42.4106240272522,112447,2232564,2237120,2235014,1591468,0,712,0
42.445106983184814,112447,2232564,2237120,2235014,1591468,0,712,0
42.47891592979431,112447,2226240,2193344,2228690,1591468,0,710,0
42.51386284828186,112447,2161032,2131008,2163482,1591468,0,710,0
42.548117876052856,112447,2099356,2072128,2101806,1591468,0,708,0
42.58088302612305,112447,2040256,2012352,2042706,1591468,0,707,0
42.613767862319946,112447,1979472,1953856,1981922,1591468,0,706,0
42.646064043045044,112447,1921124,1895360,1923574,1591468,0,704,0
42.67803502082825,112447,1862724,1838016,1865174,1591468,0,704,0
42.70920395851135,112447,1805412,1782848,1807862,1591468,0,702,0
42.739506006240845,112447,1749984,1728448,1752434,1591468,0,701,0
42.769309997558594,112447,1695728,1675584,1698178,1591468,0,700,0
42.798245906829834,112447,1642496,1622208,1644946,1591468,0,699,0
42.82724690437317,112447,1589324,1569984,1591774,1591468,0,698,0
42.8562798500061,112447,1536680,1518400,1539130,1591468,0,697,0
42.88424587249756,112447,1485388,1467584,1487838,1591468,0,696,0
42.91168284416199,112447,1434424,1417664,1436874,1591468,0,695,0
42.938753843307495,112447,1383900,1368000,1386350,1591468,0,694,0
42.965518951416016,112447,1334288,1319232,1336738,1591468,0,693,0
42.99180293083191,112447,1285452,1272256,1287902,1591468,0,692,0
43.01719284057617,112447,1238456,1225536,1240906,1591468,0,691,0
43.04223084449768,112447,1191900,1178560,1194350,1591468,0,690,0
43.06781482696533,112447,1145140,1132864,1147590,1591468,0,689,0
43.092665910720825,112447,1098992,1087552,1101442,1591468,0,688,0
43.1170608997345,112447,1054016,1043136,1056466,1591468,0,688,0
43.14097285270691,112447,1009676,999360,1012126,1591468,0,686,0
43.16464591026306,112447,965756,956480,968206,1591468,0,686,0
43.18785095214844,112447,922644,914624,925094,1591468,0,685,0
43.210479974746704,112447,880724,873152,883174,1591468,0,684,0
43.23286485671997,112447,839368,832448,841818,1591468,0,683,0
43.25484585762024,112447,798732,792384,801182,1591468,0,682,0
43.276808977127075,112447,758552,752448,761002,1591468,0,682,0
43.29843187332153,112447,718396,712896,720846,1591468,0,680,0
43.31976294517517,112447,678796,673728,681246,1591468,0,680,0
43.34074401855469,112447,639344,635200,641794,1591468,0,679,0
43.36148500442505,112447,600860,596928,603310,1591468,0,678,0
43.38182497024536,112447,562992,559552,565442,1591468,0,678,0
43.40188789367676,112447,525540,522816,527990,1591468,0,677,0
43.42172694206238,112447,487888,485696,490338,1591468,0,676,0
43.44156002998352,112447,451400,449728,453850,1591468,0,675,0
43.46085786819458,112447,415284,414016,417734,1591468,0,674,0
43.48037385940552,112447,379616,378688,382066,1591468,0,674,0
43.49932599067688,112447,344584,344512,347034,1591468,0,673,0
43.51782584190369,112447,310052,310464,312502,1591468,0,672,0
43.536070823669434,112447,276124,276800,278574,1591468,0,672,0
43.55411696434021,112447,242488,243776,244938,1591468,0,671,0
43.57182502746582,112447,208908,210752,211358,1591468,0,670,0
43.5891170501709,112447,176248,179264,178698,1591468,0,670,0
43.606077909469604,112447,144444,147392,146894,1591468,0,669,0
43.62277793884277,112447,137892,0,140366,1591468,0,0,0
