elapsed_s,pid,uss,rss,pss,min_flt,maj_flt,oom,oomadj
0.0016450881958007812,101349,12352,13220,12808,1081,0,666,0
0.014992952346801758,101349,14272,16300,15342,1330,0,666,0
0.028589963912963867,101349,15732,18456,17104,1537,0,666,0
0.04235196113586426,101349,21044,25332,22404,2171,0,666,0
0.05622506141662598,101349,53324,58360,55782,5219,0,667,0
0.07112812995910645,101349,82512,87704,84970,12512,0,668,0
0.08667302131652832,101349,94612,99412,97070,14070,0,668,0
0.10255002975463867,101349,100468,105268,102926,14520,0,668,0
0.11750912666320801,101349,92108,96940,94566,14520,0,668,0
0.132781982421875,101349,119588,124388,122046,14748,0,668,0
0.1478259563446045,101349,121636,126436,124094,14749,0,668,0
0.16236400604248047,101349,121636,128484,124094,14749,0,668,0
0.1768510341644287,101349,127780,132580,130238,14752,0,669,0
0.19136500358581543,101349,127080,132000,129538,14752,0,669,0
0.20566296577453613,101349,127080,132000,129538,14752,0,669,0
0.21998810768127441,101349,128120,133152,130578,15012,0,669,0
0.23495697975158691,101349,130476,135328,132934,15608,0,669,0
0.24948811531066895,101349,129652,134452,132110,15645,0,669,0
0.2638981342315674,101349,127156,131956,129614,15645,0,669,0
0.27811503410339355,101349,127156,131956,129614,15645,0,669,0
0.29199695587158203,101349,127156,131956,129614,15645,0,669,0
0.305880069732666,101349,127156,131956,129614,15645,0,669,0
0.3195791244506836,101349,127156,131956,129614,15645,0,669,0
0.3334920406341553,101349,127156,131956,129614,15645,0,669,0
0.34743714332580566,101349,127156,131956,129614,15645,0,669,0
0.3615760803222656,101349,127156,131956,129614,15645,0,669,0
0.3754551410675049,101349,127156,131956,129614,15645,0,669,0
0.38949108123779297,101349,127156,131956,129614,15645,0,669,0
0.4033479690551758,101349,127156,131956,129614,15645,0,669,0
0.4172821044921875,101349,127156,131956,129614,15645,0,669,0
0.4311380386352539,101349,127156,131956,129614,15645,0,669,0
0.44547200202941895,101349,127156,131956,129614,15645,0,669,0
0.4594910144805908,101349,127156,131956,129614,15645,0,669,0
0.47348999977111816,101349,127156,131956,129614,15645,0,669,0
0.48747992515563965,101349,127156,131956,129614,15645,0,669,0
0.501533031463623,101349,127156,131956,129614,15645,0,669,0
0.5154640674591064,101349,127156,131956,129614,15645,0,669,0
0.5303890705108643,101349,127156,131956,129614,15645,0,669,0
0.5446960926055908,101349,127156,131956,129614,15645,0,669,0
0.5588741302490234,101349,127156,131956,129614,15645,0,669,0
0.5735490322113037,101349,127156,131956,129614,15645,0,669,0
0.5880289077758789,101349,127156,131956,129614,15645,0,669,0
0.6025679111480713,101349,127156,131956,129614,15645,0,669,0
0.6170520782470703,101349,127156,131956,129614,15645,0,669,0
0.6314499378204346,101349,127156,131956,129614,15645,0,669,0
0.6456940174102783,101349,127156,131956,129614,15645,0,669,0
0.659621000289917,101349,127156,131956,129614,15645,0,669,0
0.6741230487823486,101349,127156,131956,129614,15645,0,669,0
0.6883749961853027,101349,127156,131956,129614,15645,0,669,0
0.7024309635162354,101349,127156,131956,129614,15645,0,669,0
0.7164750099182129,101349,127156,131956,129614,15645,0,669,0
0.7310390472412109,101349,127156,131956,129614,15645,0,669,0
0.745568037033081,101349,127156,131956,129614,15645,0,669,0
0.7600440979003906,101349,127156,131956,129614,15645,0,669,0
0.7743990421295166,101349,127156,131956,129614,15645,0,669,0
0.7891759872436523,101349,127156,131956,129614,15645,0,669,0
0.8034069538116455,101349,127156,131956,129614,15645,0,669,0
0.8179340362548828,101349,127156,131956,129614,15645,0,669,0
0.8328850269317627,101349,127156,131956,129614,15645,0,669,0
0.8475520610809326,101349,127156,131956,129614,15645,0,669,0
0.861536979675293,101349,127156,131956,129614,15645,0,669,0
0.8763580322265625,101349,127156,131956,129614,15645,0,669,0
0.8906700611114502,101349,127156,131956,129614,15645,0,669,0
0.9053010940551758,101349,127156,131956,129614,15645,0,669,0
0.9195630550384521,101349,127156,131956,129614,15645,0,669,0
0.9336550235748291,101349,127156,131956,129614,15645,0,669,0
0.9479990005493164,101349,127156,131956,129614,15645,0,669,0
0.9624090194702148,101349,127156,131956,129614,15645,0,669,0
0.9770281314849854,101349,127156,131956,129614,15645,0,669,0
0.9916589260101318,101349,127156,131956,129614,15645,0,669,0
1.006546974182129,101349,127156,131956,129614,15645,0,669,0
1.020880937576294,101349,127156,131956,129614,15645,0,669,0
1.0355370044708252,101349,127156,131956,129614,15645,0,669,0
1.0501079559326172,101349,127156,131956,129614,15645,0,669,0
1.0646190643310547,101349,127156,131956,129614,15645,0,669,0
1.0791029930114746,101349,127156,131956,129614,15645,0,669,0
1.0934350490570068,101349,127156,131956,129614,15645,0,669,0
1.1075050830841064,101349,127156,131956,129614,15645,0,669,0
1.1215009689331055,101349,127156,131956,129614,15645,0,669,0
1.135571002960205,101349,127156,131956,129614,15645,0,669,0
1.1495361328125,101349,127156,131956,129614,15645,0,669,0
1.1635420322418213,101349,127156,131956,129614,15645,0,669,0
1.1775259971618652,101349,127156,131956,129614,15645,0,669,0
1.1915030479431152,101349,127156,131956,129614,15645,0,669,0
1.2062389850616455,101349,127156,131956,129614,15645,0,669,0
1.220466136932373,101349,127156,131956,129614,15645,0,669,0
1.234518051147461,101349,127156,131956,129614,15645,0,669,0
1.2486000061035156,101349,127156,131956,129614,15645,0,669,0
1.2625820636749268,101349,127156,131956,129614,15645,0,669,0
1.2765140533447266,101349,127156,131956,129614,15645,0,669,0
1.2906219959259033,101349,127156,131956,129614,15645,0,669,0
1.3052020072937012,101349,127156,131956,129614,15645,0,669,0
1.3194940090179443,101349,127156,131956,129614,15645,0,669,0
1.334130048751831,101349,127156,131956,129614,15645,0,669,0
1.3484570980072021,101349,127156,131956,129614,15645,0,669,0
1.3625109195709229,101349,127156,131956,129614,15645,0,669,0
1.3766751289367676,101349,127156,131956,129614,15645,0,669,0
1.3910419940948486,101349,127156,131956,129614,15645,0,669,0
1.4056200981140137,101349,127156,131956,129614,15645,0,669,0
1.4203910827636719,101349,127156,131956,129614,15645,0,669,0
1.435157060623169,101349,127156,131956,129614,15645,0,669,0
1.449713945388794,101349,127156,131956,129614,15645,0,669,0
1.4644460678100586,101349,127156,131956,129614,15645,0,669,0
1.4792249202728271,101349,127156,131956,129614,15645,0,669,0
1.4940650463104248,101349,127156,131956,129614,15645,0,669,0
1.5086491107940674,101349,127156,131956,129614,15645,0,669,0
1.5235350131988525,101349,127156,131956,129614,15645,0,669,0
1.538248062133789,101349,127156,131956,129614,15645,0,669,0
1.5530591011047363,101349,127156,131956,129614,15645,0,669,0
1.5676469802856445,101349,127156,131956,129614,15645,0,669,0
1.5823819637298584,101349,127156,131956,129614,15645,0,669,0
1.5970571041107178,101349,127156,131956,129614,15645,0,669,0
1.6116769313812256,101349,127156,131956,129614,15645,0,669,0
1.6264119148254395,101349,127156,131956,129614,15645,0,669,0
1.6411700248718262,101349,127156,131956,129614,15645,0,669,0
1.6556799411773682,101349,127156,131956,129614,15645,0,669,0
1.6703989505767822,101349,127156,131956,129614,15645,0,669,0
1.6850850582122803,101349,127156,131956,129614,15645,0,669,0
1.6996660232543945,101349,127156,131956,129614,15645,0,669,0
1.7144520282745361,101349,127156,131956,129614,15645,0,669,0
1.7291710376739502,101349,127156,131956,129614,15645,0,669,0
1.7436940670013428,101349,127156,131956,129614,15645,0,669,0
1.758418083190918,101349,127156,131956,129614,15645,0,669,0
1.7731449604034424,101349,127156,131956,129614,15645,0,669,0
1.7879230976104736,101349,127156,131956,129614,15645,0,669,0
1.8024699687957764,101349,127156,131956,129614,15645,0,669,0
1.816939115524292,101349,127156,131956,129614,15645,0,669,0
1.8315770626068115,101349,127156,131956,129614,15645,0,669,0
1.846039056777954,101349,127156,131956,129614,15645,0,669,0
1.8605170249938965,101349,127156,131956,129614,15645,0,669,0
1.8750081062316895,101349,127156,131956,129614,15645,0,669,0
1.8892619609832764,101349,127156,131956,129614,15645,0,669,0
1.9033830165863037,101349,127156,131956,129614,15645,0,669,0
1.9175870418548584,101349,127156,131956,129614,15645,0,669,0
1.9315299987792969,101349,127156,131956,129614,15645,0,669,0
1.945965051651001,101349,127156,131956,129614,15645,0,669,0
1.960433006286621,101349,127156,131956,129614,15645,0,669,0
1.9748730659484863,101349,127156,131956,129614,15645,0,669,0
1.9894311428070068,101349,127156,131956,129614,15645,0,669,0
2.003619909286499,101349,127156,131956,129614,15645,0,669,0
2.0175230503082275,101349,127156,131956,129614,15645,0,669,0
2.031564950942993,101349,127156,131956,129614,15645,0,669,0
2.045638084411621,101349,127156,131956,129614,15645,0,669,0
2.059875965118408,101349,127156,131956,129614,15645,0,669,0
2.0740439891815186,101349,127156,131956,129614,15645,0,669,0
2.0883350372314453,101349,127156,131956,129614,15645,0,669,0
2.102540969848633,101349,127156,131956,129614,15645,0,669,0
2.116579055786133,101349,127156,131956,129614,15645,0,669,0
2.130645990371704,101349,127156,131956,129614,15645,0,669,0
2.1446220874786377,101349,127156,131956,129614,15645,0,669,0
2.15858793258667,101349,127156,131956,129614,15645,0,669,0
2.1725480556488037,101349,127156,131956,129614,15645,0,669,0
2.1866209506988525,101349,127156,131956,129614,15645,0,669,0
2.2006349563598633,101349,127156,131956,129614,15645,0,669,0
2.2149550914764404,101349,127156,131956,129614,15645,0,669,0
2.229423999786377,101349,127156,131956,129614,15645,0,669,0
2.244184970855713,101349,127156,131956,129614,15645,0,669,0
2.2584309577941895,101349,131252,136052,133710,15647,0,669,0
2.2728281021118164,101349,133432,138356,135890,15654,0,669,0
2.287548065185547,101349,133432,138356,135890,15654,0,669,0
2.302312135696411,101349,133432,138356,135890,15654,0,669,0
2.3167669773101807,101349,133432,138356,135890,15654,0,669,0
2.3312530517578125,101349,133432,138356,135890,15654,0,669,0
2.34586501121521,101349,133432,138356,135890,15654,0,669,0
2.360429048538208,101349,133432,138356,135890,15654,0,669,0
2.3749160766601562,101349,133432,138356,135890,15654,0,669,0
2.389465093612671,101349,133432,138356,135890,15654,0,669,0
2.403947114944458,101349,133432,138356,135890,15654,0,669,0
2.418468952178955,101349,133432,138356,135890,15654,0,669,0
2.433007001876831,101349,133432,138356,135890,15654,0,669,0
2.4477651119232178,101349,133432,138356,135890,15654,0,669,0
2.462261915206909,101349,133432,138356,135890,15654,0,669,0
2.476099967956543,101349,133432,138356,135890,15654,0,669,0
2.490797996520996,101349,133432,138356,135890,15654,0,669,0
2.505397081375122,101349,133432,138356,135890,15654,0,669,0
2.5199549198150635,101349,133432,138356,135890,15654,0,669,0
2.5347681045532227,101349,133432,138356,135890,15654,0,669,0
2.549344062805176,101349,133432,138356,135890,15654,0,669,0
2.563892126083374,101349,133432,138356,135890,15654,0,669,0
2.5783870220184326,101349,133432,138356,135890,15654,0,669,0
2.5929770469665527,101349,133432,138356,135890,15654,0,669,0
2.607475996017456,101349,133432,138356,135890,15654,0,669,0
2.621882915496826,101349,133432,138356,135890,15654,0,669,0
2.636531114578247,101349,133432,138356,135890,15654,0,669,0
2.651310920715332,101349,133432,138356,135890,15654,0,669,0
2.665869951248169,101349,133432,138356,135890,15654,0,669,0
2.6804800033569336,101349,133432,138356,135890,15654,0,669,0
2.6948890686035156,101349,133432,138356,135890,15654,0,669,0
2.709074020385742,101349,133432,138356,135890,15654,0,669,0
2.723335027694702,101349,133432,138356,135890,15654,0,669,0
2.7378270626068115,101349,133432,138356,135890,15654,0,669,0
2.752401113510132,101349,133432,138356,135890,15654,0,669,0
2.7669479846954346,101349,133432,138356,135890,15654,0,669,0
2.7814180850982666,101349,133432,138356,135890,15654,0,669,0
2.7959229946136475,101349,133432,138356,135890,15654,0,669,0
2.8104429244995117,101349,133432,138356,135890,15654,0,669,0
2.824928045272827,101349,133432,138356,135890,15654,0,669,0
2.8394439220428467,101349,133432,138356,135890,15654,0,669,0
2.8540749549865723,101349,133432,138356,135890,15654,0,669,0
2.8689961433410645,101349,133432,138356,135890,15654,0,669,0
2.8835489749908447,101349,133432,138356,135890,15654,0,669,0
2.898010015487671,101349,133320,138228,135778,15654,0,669,0
2.912562131881714,101349,133320,138228,135778,15654,0,669,0
2.9274179935455322,101349,133320,138228,135778,15654,0,669,0
2.942129135131836,101349,133320,138228,135778,15654,0,669,0
2.9567389488220215,101349,133320,138228,135778,15654,0,669,0
2.971410036087036,101349,133320,138228,135778,15654,0,669,0
2.9859869480133057,101349,133320,138228,135778,15654,0,669,0
3.0005440711975098,101349,133320,138228,135778,15654,0,669,0
3.015303134918213,101349,133320,138228,135778,15654,0,669,0
3.0297141075134277,101349,133320,138228,135778,15654,0,669,0
3.044311046600342,101349,133320,138228,135778,15654,0,669,0
3.0588619709014893,101349,133320,138228,135778,15654,0,669,0
3.0737249851226807,101349,133320,138228,135778,15654,0,669,0
3.088313102722168,101349,133320,138228,135778,15654,0,669,0
3.1028919219970703,101349,133320,138228,135778,15654,0,669,0
3.1174330711364746,101349,133320,138228,135778,15654,0,669,0
3.131977081298828,101349,133320,138228,135778,15654,0,669,0
3.1464760303497314,101349,133320,138228,135778,15654,0,669,0
3.161060094833374,101349,133320,138228,135778,15654,0,669,0
3.17569899559021,101349,133320,138228,135778,15654,0,669,0
3.1903491020202637,101349,133320,138228,135778,15654,0,669,0
3.2049241065979004,101349,133320,138228,135778,15654,0,669,0
3.219383955001831,101349,133320,138228,135778,15654,0,669,0
3.2339720726013184,101349,133320,138228,135778,15654,0,669,0
3.2485251426696777,101349,133320,138228,135778,15654,0,669,0
3.263134002685547,101349,133320,138228,135778,15654,0,669,0
3.278144121170044,101349,133320,138228,135778,15654,0,669,0
3.292742967605591,101349,133320,138228,135778,15654,0,669,0
3.3072550296783447,101349,133320,138228,135778,15654,0,669,0
3.321721076965332,101349,133320,138228,135778,15654,0,669,0
3.3363380432128906,101349,133320,138228,135778,15654,0,669,0
3.350965976715088,101349,133320,140168,135778,15654,0,669,0
3.3657541275024414,101349,139576,144392,142034,15658,0,669,0
3.3808181285858154,101349,139576,144392,142034,15658,0,669,0
3.3955941200256348,101349,139576,144392,142034,15658,0,669,0
3.4103269577026367,101349,139576,144392,142034,15658,0,669,0
3.424901008605957,101349,139576,144392,142034,15658,0,669,0
3.4394290447235107,101349,139576,144392,142034,15658,0,669,0
3.454517126083374,101349,139576,144392,142034,15658,0,669,0
3.4692890644073486,101349,139576,144392,142034,15658,0,669,0
3.4840400218963623,101349,139576,144392,142034,15658,0,669,0
3.498450994491577,101349,139576,144392,142034,15658,0,669,0
3.5127670764923096,101349,139576,144392,142034,15658,0,669,0
3.5273489952087402,101349,139576,144392,142034,15658,0,669,0
3.541839122772217,101349,139576,144392,142034,15658,0,669,0
3.556457996368408,101349,139576,144392,142034,15658,0,669,0
3.5710949897766113,101349,139576,144392,142034,15658,0,669,0
3.5858371257781982,101349,139576,144392,142034,15658,0,669,0
3.600330114364624,101349,139576,144392,142034,15658,0,669,0
3.6149649620056152,101349,139576,144392,142034,15658,0,669,0
3.6294920444488525,101349,139576,144392,142034,15658,0,669,0
3.643929958343506,101349,139576,144392,142034,15658,0,669,0
3.6584041118621826,101349,139576,144392,142034,15658,0,669,0
3.672847032546997,101349,139576,144392,142034,15658,0,669,0
3.687407970428467,101349,137532,142344,139990,15658,0,669,0
3.7024171352386475,101349,137532,142344,139990,15658,0,669,0
3.7169899940490723,101349,137532,142344,139990,15658,0,669,0
3.7314460277557373,101349,137532,142344,139990,15658,0,669,0
3.745929002761841,101349,137532,142344,139990,15658,0,669,0
3.7602760791778564,101349,137532,142344,139990,15658,0,669,0
3.7748630046844482,101349,135488,140296,137946,15658,0,669,0
3.789452075958252,101349,131424,136328,133882,15658,0,669,0
3.8040199279785156,101349,139512,144312,141970,16147,0,669,0
3.818988084793091,101349,149752,154552,152210,16152,0,669,0
3.833962917327881,101349,159992,164792,162450,16157,0,670,0
3.848921060562134,101349,170232,177080,172690,16162,0,670,0
3.8640310764312744,101349,180472,187320,182930,16167,0,670,0
3.879317045211792,101349,190712,197560,193170,16172,0,670,0
3.8945350646972656,101349,200952,207800,203410,16177,0,670,0
3.909968137741089,101349,211192,218040,213650,16182,0,670,0
3.925117015838623,101349,223480,228280,225938,16187,0,670,0
3.9400689601898193,101349,233720,238520,236178,16192,0,671,0
3.9550929069519043,101349,243960,248760,246418,16197,0,671,0
3.970288038253784,101349,254200,259000,256658,16202,0,671,0
3.9851040840148926,101349,264440,269240,266898,16208,0,672,0
4.000113010406494,101349,274680,279480,277138,16213,0,672,0
4.015301942825317,101349,284920,289720,287378,16218,0,672,0
4.030281066894531,101349,295160,299960,297618,16223,0,672,0
4.045382022857666,101349,305400,310200,307858,16228,0,672,0
4.060451030731201,101349,315640,320440,318098,16233,0,672,0
4.075534105300903,101349,325880,330680,328338,16238,0,673,0
4.090507984161377,101349,336120,340920,338578,16243,0,673,0
4.1058349609375,101349,346360,351160,348818,16248,0,673,0
4.12103796005249,101349,356600,361400,359058,16253,0,674,0
4.136152982711792,101349,366840,371640,369298,16258,0,674,0
4.151106119155884,101349,377080,383928,379538,16263,0,674,0
4.16585111618042,101349,387320,394168,389778,16268,0,674,0
4.1809399127960205,101349,397560,404408,400018,16273,0,674,0
4.195980072021484,101349,407800,414648,410258,16278,0,674,0
4.210982084274292,101349,418040,424888,420498,16283,0,674,0
4.225876092910767,101349,428280,435128,430738,16288,0,675,0
4.240802049636841,101349,438520,445368,440978,16293,0,675,0
4.255713939666748,101349,448760,455608,451218,16298,0,675,0
4.270707130432129,101349,459000,465848,461458,16303,0,676,0
4.285782098770142,101349,471288,476088,473746,16308,0,676,0
4.300678968429565,101349,481528,486328,483986,16313,0,676,0
4.316149950027466,101349,491768,496568,494226,16319,0,676,0
4.3313000202178955,101349,502008,506808,504466,16324,0,676,0
4.346306085586548,101349,512248,517048,514706,16329,0,676,0
4.361365079879761,101349,522488,527288,524946,16334,0,677,0
4.376476049423218,101349,532728,537528,535186,16339,0,677,0
4.391542911529541,101349,542968,547768,545426,16344,0,677,0
4.406584024429321,101349,551160,555960,553618,16347,0,677,0
4.421637058258057,101349,559352,564152,561810,16352,0,678,0
4.43688702583313,101349,569592,574392,572050,16357,0,678,0
4.451909065246582,101349,579832,584632,582290,16362,0,678,0
4.466871023178101,101349,590072,594872,592530,16367,0,678,0
4.481842041015625,101349,600312,607160,602770,16372,0,678,0
4.496837139129639,101349,610552,617400,613010,16377,0,678,0
4.512004137039185,101349,620792,627640,623250,16382,0,679,0
4.527334928512573,101349,631032,637880,633490,16387,0,679,0
4.542448043823242,101349,641272,648120,643730,16392,0,679,0
4.557308912277222,101349,651512,658360,653970,16397,0,680,0
4.5723559856414795,101349,663800,668600,666258,16402,0,680,0
4.58738112449646,101349,674040,678840,676498,16407,0,680,0
4.602415084838867,101349,684280,689080,686738,16413,0,680,0
4.617487907409668,101349,694520,699320,696978,16418,0,680,0
4.632519960403442,101349,704760,709560,707218,16423,0,680,0
4.647505044937134,101349,715000,719800,717458,16428,0,680,0
4.6625471115112305,101349,725240,730040,727698,16433,0,681,0
4.67762303352356,101349,735480,740280,737938,16438,0,681,0
4.692677021026611,101349,745720,750520,748178,16443,0,681,0
4.707791090011597,101349,755960,760760,758418,16448,0,682,0
4.722901105880737,101349,766200,771000,768658,16453,0,682,0
4.738147974014282,101349,776440,781240,778898,16458,0,682,0
4.75334095954895,101349,786680,791480,789138,16463,0,682,0
4.768381118774414,101349,796920,801720,799378,16468,0,682,0
4.7834250926971436,101349,807160,814008,809618,16473,0,682,0
4.798495054244995,101349,817400,824248,819858,16478,0,683,0
4.813569068908691,101349,827640,834488,830098,16483,0,683,0
4.82872200012207,101349,837880,844728,840338,16488,0,683,0
4.843639135360718,101349,848120,854968,850578,16493,0,684,0
4.858386993408203,101349,858360,865208,860818,16498,0,684,0
4.873525142669678,101349,870648,875448,873106,16503,0,684,0
4.888556003570557,101349,880888,885688,883346,16508,0,684,0
4.903588056564331,101349,891128,895928,893586,16514,0,684,0
4.918642997741699,101349,901368,906168,903826,16519,0,684,0
4.93353009223938,101349,911608,916408,914066,16524,0,684,0
4.948889970779419,101349,921848,926648,924306,16529,0,685,0
4.964213132858276,101349,932088,936888,934546,16534,0,685,0
4.979257106781006,101349,942328,947128,944786,16539,0,685,0
4.994275093078613,101349,952568,957368,955026,16544,0,686,0
5.009321928024292,101349,962808,967608,965266,16549,0,686,0
5.024526119232178,101349,973048,977848,975506,16554,0,686,0
5.03964900970459,101349,983288,988088,985746,16559,0,686,0
5.054563045501709,101349,993528,998328,995986,16564,0,686,0
5.0695719718933105,101349,1003768,1010616,1006226,16569,0,686,0
5.084602117538452,101349,1014008,1020856,1016466,16574,0,687,0
5.099687099456787,101349,1024248,1031096,1026706,16579,0,687,0
5.114867925643921,101349,1034488,1041336,1036946,16584,0,687,0
5.1298041343688965,101349,1044728,1051576,1047186,16589,0,688,0
5.145271062850952,101349,1054968,1061816,1057426,16594,0,688,0
5.160517930984497,101349,1067256,1072056,1069714,16599,0,688,0
5.175451993942261,101349,1077496,1082296,1079954,16605,0,688,0
5.190562009811401,101349,1087736,1092536,1090194,16610,0,688,0
5.205466032028198,101349,1097976,1102776,1100434,16615,0,688,0
5.220299005508423,101349,1108216,1113016,1110674,16620,0,688,0
5.235291957855225,101349,1118456,1123256,1120914,16625,0,689,0
5.250482082366943,101349,1128696,1133496,1131154,16630,0,689,0
5.265592098236084,101349,1138936,1143736,1141394,16635,0,689,0
5.280658960342407,101349,1149176,1153976,1151634,16640,0,690,0
5.295668125152588,101349,1159416,1164216,1161874,16645,0,690,0
5.310703992843628,101349,1169656,1176504,1172114,16650,0,690,0
5.325870037078857,101349,1179896,1186744,1182354,16655,0,690,0
5.340991973876953,101349,1190136,1196984,1192594,16660,0,690,0
5.356100082397461,101349,1200376,1207224,1202834,16665,0,690,0
5.371419906616211,101349,1212664,1217464,1215122,16670,0,691,0
5.386516094207764,101349,1222904,1227704,1225362,16676,0,691,0
5.401700973510742,101349,1233144,1237944,1235602,16681,0,691,0
5.416932106018066,101349,1243384,1248184,1245842,16686,0,692,0
5.432097911834717,101349,1253624,1258424,1256082,16691,0,692,0
5.447258949279785,101349,1259768,1266616,1262226,16694,0,692,0
5.462355136871338,101349,1272056,1276856,1274514,16699,0,692,0
5.4775450229644775,101349,1282296,1287096,1284754,16705,0,692,0
5.492825984954834,101349,1292536,1297336,1294994,16710,0,692,0
5.507894039154053,101349,1302776,1307576,1305234,16715,0,692,0
5.522926092147827,101349,1313016,1317816,1315474,16720,0,693,0
5.53806209564209,101349,1323256,1328056,1325714,16725,0,693,0
5.553138971328735,101349,1333496,1338296,1335954,16730,0,693,0
5.568434000015259,101349,1343736,1348536,1346194,16735,0,694,0
5.583683013916016,101349,1353976,1360824,1356434,16740,0,694,0
5.59885311126709,101349,1364216,1371064,1366674,16745,0,694,0
5.614061117172241,101349,1374456,1381304,1376914,16750,0,694,0
5.629277944564819,101349,1384696,1391544,1387154,16755,0,694,0
5.644405126571655,101349,1394936,1401784,1397394,16760,0,694,0
5.659585952758789,101349,1407224,1412024,1409682,16765,0,695,0
5.6746790409088135,101349,1417464,1422264,1419922,16771,0,695,0
5.689836025238037,101349,1427704,1432504,1430162,16776,0,695,0
5.704946041107178,101349,1437944,1442744,1440402,16781,0,695,0
5.720139980316162,101349,1448184,1452984,1450642,16786,0,696,0
5.7353339195251465,101349,1458424,1463224,1460882,16791,0,696,0
5.750472068786621,101349,1468664,1473464,1471122,16796,0,696,0
5.765568971633911,101349,1478904,1483704,1481362,16801,0,696,0
5.7811150550842285,101349,1489144,1493944,1491602,16806,0,696,0
5.796347141265869,101349,1499384,1506232,1501842,16811,0,696,0
5.811523914337158,101349,1509624,1516472,1512082,16816,0,697,0
5.826653957366943,101349,1519864,1526712,1522322,16821,0,697,0
5.841825008392334,101349,1530104,1536952,1532562,16826,0,697,0
5.856957912445068,101349,1542392,1547192,1544850,16831,0,698,0
5.872103929519653,101349,1552632,1557432,1555090,16836,0,698,0
5.887273073196411,101349,1562872,1567672,1565330,16842,0,698,0
5.90241003036499,101349,1573112,1577912,1575570,16847,0,698,0
5.917491912841797,101349,1583352,1588152,1585810,16852,0,698,0
5.9325621128082275,101349,1593592,1598392,1596050,16857,0,698,0
5.947670936584473,101349,1603832,1608632,1606290,16862,0,699,0
5.962785959243774,101349,1614072,1618872,1616530,16867,0,699,0
5.977862119674683,101349,1624312,1629112,1626770,16872,0,699,0
5.9930260181427,101349,1634552,1639352,1637010,16877,0,699,0
6.008139133453369,101349,1644792,1649592,1647250,16882,0,700,0
6.023339033126831,101349,1655032,1661880,1657490,16887,0,700,0
6.038496971130371,101349,1665272,1672120,1667730,16892,0,700,0
6.053493976593018,101349,1675512,1682360,1677970,16897,0,700,0
6.068443059921265,101349,1685752,1692600,1688210,16902,0,700,0
6.083396911621094,101349,1695992,1702840,1698450,16907,0,700,0
6.09850811958313,101349,1706232,1713080,1708690,16912,0,701,0
6.113685131072998,101349,1718520,1723320,1720978,16917,0,701,0
6.128907918930054,101349,1728760,1733560,1731218,16923,0,701,0
6.143939971923828,101349,1739000,1743800,1741458,16928,0,702,0
6.159088134765625,101349,1749240,1754040,1751698,16933,0,702,0
6.174142122268677,101349,1759480,1764280,1761938,16938,0,702,0
6.189091920852661,101349,1769720,1774520,1772178,16943,0,702,0
6.204288959503174,101349,1779960,1784760,1782418,16948,0,702,0
6.219327926635742,101349,1790200,1795000,1792658,16953,0,702,0
6.234483957290649,101349,1800440,1807288,1802898,16958,0,703,0
6.249624013900757,101349,1810680,1817528,1813138,16963,0,703,0
6.26457405090332,101349,1820920,1827768,1823378,16968,0,703,0
6.279612064361572,101349,1831160,1838008,1833618,16973,0,704,0
6.294620037078857,101349,1841400,1848248,1843858,16978,0,704,0
6.309659957885742,101349,1853688,1858488,1856146,16983,0,704,0
6.324615955352783,101349,1863928,1868728,1866386,16989,0,704,0
6.339663028717041,101349,1874168,1878968,1876626,16994,0,704,0
6.354583024978638,101349,1884408,1889208,1886866,16999,0,704,0
6.370014905929565,101349,1894648,1899448,1897106,17004,0,704,0
6.384973049163818,101349,1904888,1909688,1907346,17009,0,705,0
6.400098085403442,101349,1915128,1919928,1917586,17014,0,705,0
6.415127992630005,101349,1925368,1930168,1927826,17019,0,705,0
6.4303529262542725,101349,1935608,1940408,1938066,17024,0,706,0
6.445505142211914,101349,1945848,1952696,1948306,17029,0,706,0
6.460453987121582,101349,1956088,1962936,1958546,17034,0,706,0
6.475645065307617,101349,1966328,1973176,1968786,17039,0,706,0
6.490803956985474,101349,1976568,1981368,1979026,17044,0,706,0
6.505722999572754,101349,1984760,1989560,1987218,17048,0,706,0
6.520695924758911,101349,1995000,1999800,1997458,17053,0,706,0
6.5358381271362305,101349,2005240,2012088,2007698,17058,0,707,0
6.5508949756622314,101349,2015480,2022328,2017938,17063,0,707,0
6.565747022628784,101349,2025720,2032568,2028178,17068,0,707,0
6.580704927444458,101349,2035960,2042808,2038418,17073,0,708,0
6.595647096633911,101349,2046200,2053048,2048658,17078,0,708,0
6.6107189655303955,101349,2058488,2063288,2060946,17083,0,708,0
6.625925064086914,101349,2068728,2073528,2071186,17089,0,708,0
6.6410980224609375,101349,2078968,2083768,2081426,17094,0,708,0
6.656222105026245,101349,2089208,2094008,2091666,17099,0,708,0
6.670984983444214,101349,2099448,2104248,2101906,17104,0,709,0
6.686043977737427,101349,2109688,2114488,2112146,17109,0,709,0
6.701007127761841,101349,2119928,2124728,2122386,17114,0,709,0
6.715920925140381,101349,2130168,2134968,2132626,17119,0,710,0
6.73108696937561,101349,2140408,2147256,2142866,17124,0,710,0
6.746329069137573,101349,2150648,2157496,2153106,17129,0,710,0
6.761361122131348,101349,2160888,2167736,2163346,17134,0,710,0
6.776566028594971,101349,2171128,2177976,2173586,17139,0,710,0
6.791533946990967,101349,2181368,2188216,2183826,17144,0,710,0
6.806368112564087,101349,2193656,2198456,2196114,17149,0,711,0
6.821926116943359,101349,2203896,2208696,2206354,17155,0,711,0
6.837054967880249,101349,2214136,2218936,2216594,17160,0,711,0
6.852236032485962,101349,2224376,2229176,2226834,17165,0,711,0
6.867451906204224,101349,2232680,2237480,2235138,17197,0,712,0
6.882426977157593,101349,2242920,2247720,2245378,17202,0,712,0
6.8973870277404785,101349,2253160,2257960,2255618,17207,0,712,0
6.912271022796631,101349,2263400,2268200,2265858,17212,0,712,0
6.92728590965271,101349,2277736,2282536,2280194,17219,0,712,0
6.948035001754761,101349,2287976,2292776,2290434,17224,0,712,0
6.962963104248047,101349,2298216,2303016,2300674,17229,0,713,0
6.977987051010132,101349,2308456,2313256,2310914,17234,0,713,0
6.9930219650268555,101349,2318696,2323496,2321154,17239,0,713,0
7.0079591274261475,101349,2328936,2333736,2331394,17244,0,714,0
7.022864103317261,101349,2339176,2346024,2341634,17249,0,714,0
7.037909030914307,101349,2349416,2356264,2351874,17254,0,714,0
7.052809953689575,101349,2359656,2366504,2362114,17259,0,714,0
7.067893981933594,101349,2369896,2376744,2372354,17264,0,714,0
7.082910060882568,101349,2382184,2386984,2384642,17269,0,714,0
7.097794055938721,101349,2392424,2397224,2394882,17274,0,715,0
7.112713098526001,101349,2402664,2407464,2405122,17279,0,715,0
7.127648115158081,101349,2412904,2417704,2415362,17285,0,715,0
7.142616033554077,101349,2423144,2427944,2425602,17290,0,716,0
7.157550096511841,101349,2433384,2438184,2435842,17295,0,716,0
7.1725640296936035,101349,2443624,2448424,2446082,17300,0,716,0
7.187525033950806,101349,2453864,2458664,2456322,17305,0,716,0
7.202649116516113,101349,2464104,2468904,2466562,17310,0,716,0
7.217570066452026,101349,2474344,2481192,2476802,17315,0,716,0
7.232944011688232,101349,2484584,2491432,2487042,17320,0,716,0
7.248269081115723,101349,2494824,2501672,2497282,17325,0,717,0
7.2632880210876465,101349,2505064,2511912,2507522,17330,0,717,0
7.278275966644287,101349,2517352,2522152,2519810,17335,0,717,0
7.293031930923462,101349,2527592,2532392,2530050,17341,0,718,0
7.308244943618774,101349,2537832,2542632,2540290,17346,0,718,0
7.323225975036621,101349,2548072,2552872,2550530,17351,0,718,0
7.338536024093628,101349,2556264,2563112,2558722,17355,0,718,0
7.353752136230469,101349,2568552,2573352,2571010,17360,0,718,0
7.368942975997925,101349,2578792,2583592,2581250,17366,0,718,0
7.3841071128845215,101349,2589032,2593832,2591490,17371,0,719,0
7.3993730545043945,101349,2599272,2604072,2601730,17376,0,719,0
7.414650917053223,101349,2609512,2614312,2611970,17381,0,719,0
7.4298460483551025,101349,2619752,2624552,2622210,17386,0,720,0
7.445473909378052,101349,2629992,2634792,2632450,17391,0,720,0
7.460552930831909,101349,2640232,2647080,2642690,17396,0,720,0
7.475593090057373,101349,2650472,2657320,2652930,17401,0,720,0
7.490667104721069,101349,2660712,2667560,2663170,17406,0,720,0
7.505661964416504,101349,2670952,2677800,2673410,17411,0,720,0
7.520852088928223,101349,2683240,2688040,2685698,17416,0,720,0
7.535952091217041,101349,2691432,2696232,2693890,17421,0,721,0
7.551132917404175,101349,2699624,2706472,2702082,17425,0,721,0
7.566383123397827,101349,2709864,2716712,2712322,17430,0,721,0
7.581594944000244,101349,2720104,2726952,2722562,17435,0,722,0
7.59679913520813,101349,2732392,2737192,2734850,17440,0,722,0
7.612020969390869,101349,2742632,2747432,2745090,17446,0,722,0
7.6273369789123535,101349,2752872,2757672,2755330,17451,0,722,0
7.642569065093994,101349,2763112,2767912,2765570,17456,0,722,0
7.657817125320435,101349,2773352,2778152,2775810,17461,0,722,0
7.673074960708618,101349,2783592,2788392,2786050,17466,0,723,0
7.68845796585083,101349,2793832,2798632,2796290,17471,0,723,0
7.703573942184448,101349,2804072,2808872,2806530,17476,0,723,0
7.718696117401123,101349,2814312,2821160,2816770,17481,0,724,0
7.733896970748901,101349,2824552,2831400,2827010,17486,0,724,0
7.749237060546875,101349,2834792,2841640,2837250,17491,0,724,0
7.764563083648682,101349,2847080,2851880,2849538,17496,0,724,0
7.7797040939331055,101349,2857320,2862120,2859778,17501,0,724,0
7.794878005981445,101349,2867560,2872360,2870018,17507,0,724,0
7.809968948364258,101349,2877800,2882600,2880258,17512,0,724,0
7.825144052505493,101349,2888040,2892840,2890498,17517,0,725,0
7.8403639793396,101349,2898280,2903080,2900738,17522,0,725,0
7.8556859493255615,101349,2908520,2913320,2910978,17527,0,725,0
7.871020078659058,101349,2918760,2923560,2921218,17532,0,726,0
7.886372089385986,101349,2929000,2935848,2931458,17537,0,726,0
7.901586055755615,101349,2939240,2946088,2941698,17542,0,726,0
7.916873931884766,101349,2949480,2956328,2951938,17547,0,726,0
7.9320409297943115,101349,2961768,2966568,2964226,17552,0,726,0
7.947303056716919,101349,2972008,2976808,2974466,17558,0,726,0
7.962568044662476,101349,2982248,2987048,2984706,17563,0,727,0
7.977808952331543,101349,2992488,2997288,2994946,17568,0,727,0
7.992975950241089,101349,3002728,3007528,3005186,17573,0,727,0
8.008223056793213,101349,3012968,3017768,3015426,17578,0,728,0
8.023399114608765,101349,3023208,3028008,3025666,17583,0,728,0
8.038628101348877,101349,3033448,3040296,3035906,17588,0,728,0
8.053983926773071,101349,3043688,3050536,3046146,17593,0,728,0
8.069387912750244,101349,3053928,3060776,3056386,17598,0,728,0
8.084567070007324,101349,3066216,3071016,3068674,17603,0,728,0
8.099972009658813,101349,3076456,3081256,3078914,17609,0,728,0
8.115270137786865,101349,3086696,3091496,3089154,17614,0,729,0
8.13060998916626,101349,3096936,3101736,3099394,17619,0,729,0
8.145963907241821,101349,3107176,3111976,3109634,17624,0,729,0
8.161330938339233,101349,3117416,3122216,3119874,17629,0,730,0
8.176571130752563,101349,3127656,3134504,3130114,17634,0,730,0
8.191651105880737,101349,3137896,3144744,3140354,17639,0,730,0
8.206424951553345,101349,3148136,3154984,3150594,17644,0,730,0
8.221246004104614,101349,3160424,3165224,3162882,17649,0,730,0
8.236446142196655,101349,3170664,3175464,3173122,17654,0,730,0
8.251588106155396,101349,3180904,3185704,3183362,17660,0,731,0
8.26643705368042,101349,3191144,3195944,3193602,17665,0,731,0
8.281454086303711,101349,3201384,3206184,3203842,17670,0,731,0
8.296373128890991,101349,3211624,3216424,3214082,17675,0,732,0
8.311229944229126,101349,3221864,3226664,3224322,17680,0,732,0
8.325958013534546,101349,3232104,3236904,3234562,17685,0,732,0
8.340660095214844,101349,3242344,3247144,3244802,17690,0,732,0
8.35623812675476,101349,3252584,3259432,3255042,17695,0,732,0
8.37135910987854,101349,3262824,3269672,3265282,17700,0,732,0
8.386402130126953,101349,3273064,3279912,3275522,17705,0,732,0
8.401503086090088,101349,3285352,3290152,3287810,17710,0,733,0
8.4165940284729,101349,3295592,3300392,3298050,17716,0,733,0
8.431564092636108,101349,3305832,3310632,3308290,17721,0,733,0
8.446624994277954,101349,3316072,3320872,3318530,17726,0,734,0
8.461679935455322,101349,3326312,3331112,3328770,17731,0,734,0
8.477039098739624,101349,3336552,3341352,3339010,17736,0,734,0
8.492367029190063,101349,3346792,3351592,3349250,17741,0,734,0
8.507374048233032,101349,3357032,3363880,3359490,17746,0,734,0
8.522303104400635,101349,3367272,3374120,3369730,17751,0,734,0
8.537071943283081,101349,3377512,3384360,3379970,17756,0,735,0
8.552379131317139,101349,3389800,3394600,3392258,17761,0,735,0
8.56746792793274,101349,3400040,3404840,3402498,17767,0,735,0
8.582608938217163,101349,3408232,3413032,3410690,17771,0,736,0
8.597716093063354,101349,3416424,3423272,3418882,17775,0,736,0
8.612762928009033,101349,3428712,3433512,3431170,17780,0,736,0
8.627974033355713,101349,3438952,3443752,3441410,17786,0,736,0
8.643042087554932,101349,3449192,3453992,3451650,17791,0,736,0
8.658137083053589,101349,3459432,3464232,3461890,17796,0,736,0
8.673389911651611,101349,3469672,3474472,3472130,17801,0,736,0
8.688777923583984,101349,3479912,3486760,3482370,17806,0,737,0
8.704077959060669,101349,3490152,3497000,3492610,17811,0,737,0
8.71924901008606,101349,3500392,3507240,3502850,17816,0,737,0
8.734125137329102,101349,3510632,3517480,3513090,17821,0,738,0
8.749072074890137,101349,3522920,3527720,3525378,17826,0,738,0
8.764125108718872,101349,3533160,3537960,3535618,17832,0,738,0
8.77944302558899,101349,3543400,3548200,3545858,17837,0,738,0
8.794783115386963,101349,3553640,3558440,3556098,17842,0,738,0
8.810001134872437,101349,3563880,3568680,3566338,17847,0,738,0
8.825242042541504,101349,3574120,3580968,3576578,17852,0,739,0
8.840553998947144,101349,3584360,3591208,3586818,17857,0,739,0
8.85572099685669,101349,3594600,3601448,3597058,17862,0,739,0
8.87095308303833,101349,3606888,3611688,3609346,17867,0,740,0
8.88626503944397,101349,3617128,3621928,3619586,17873,0,740,0
8.901679039001465,101349,3627368,3632168,3629826,17878,0,740,0
8.916867971420288,101349,3637608,3642408,3640066,17883,0,740,0
8.932004928588867,101349,3647848,3652648,3650306,17888,0,740,0
8.94737696647644,101349,3658088,3664936,3660546,17893,0,740,0
8.962600946426392,101349,3668328,3675176,3670786,17898,0,741,0
8.97794795036316,101349,3678568,3685416,3681026,17903,0,741,0
8.993340969085693,101349,3690856,3695656,3693314,17908,0,741,0
9.00857400894165,101349,3701096,3705896,3703554,17913,0,741,0
9.02386212348938,101349,3711336,3716136,3713794,17919,0,742,0
9.039089918136597,101349,3721576,3726376,3724034,17924,0,742,0
9.054455995559692,101349,3731816,3736616,3734274,17929,0,742,0
9.069704055786133,101349,3742056,3746856,3744514,17934,0,742,0
9.08500599861145,101349,3752296,3759144,3754754,17939,0,742,0
9.100335121154785,101349,3762536,3769384,3764994,17944,0,742,0
9.115674018859863,101349,3772776,3779624,3775234,17949,0,743,0
9.130857944488525,101349,3785064,3789864,3787522,17954,0,743,0
9.146111965179443,101349,3795304,3800104,3797762,17960,0,743,0
9.161261081695557,101349,3805544,3810344,3808002,17965,0,744,0
9.176507949829102,101349,3815784,3820584,3818242,17970,0,744,0
9.191831111907959,101349,3826024,3830824,3828482,17975,0,744,0
9.207051992416382,101349,3836264,3841064,3838722,17980,0,744,0
9.222371101379395,101349,3846504,3853352,3848962,17985,0,744,0
9.237607955932617,101349,3856744,3863592,3859202,17990,0,744,0
9.25286602973938,101349,3866984,3873832,3869442,17995,0,745,0
9.268080949783325,101349,3879272,3884072,3881730,18000,0,745,0
9.283677101135254,101349,3889512,3894312,3891970,18006,0,745,0
9.298907041549683,101349,3899752,3904552,3902210,18011,0,746,0
9.314448118209839,101349,3909992,3914792,3912450,18016,0,746,0
9.329646110534668,101349,3920232,3925032,3922690,18021,0,746,0
9.344995975494385,101349,3930472,3937320,3932930,18026,0,746,0
9.360583066940308,101349,3940712,3947560,3943170,18031,0,746,0
9.375916004180908,101349,3950952,3957800,3953410,18036,0,746,0
9.391319990158081,101349,3963240,3968040,3965698,18041,0,746,0
9.406582117080688,101349,3973480,3978280,3975938,18047,0,747,0
9.421535968780518,101349,3983720,3988520,3986178,18052,0,747,0
9.436569929122925,101349,3993960,3998760,3996418,18057,0,747,0
9.451528072357178,101349,4004200,4009000,4006658,18062,0,748,0
9.466613054275513,101349,4014440,4021288,4016898,18067,0,748,0
9.481564998626709,101349,4024680,4031528,4027138,18072,0,748,0
9.496623039245605,101349,4034920,4041768,4037378,18077,0,748,0
9.511543989181519,101349,4045160,4052008,4047618,18082,0,748,0
9.526952981948853,101349,4057448,4062248,4059906,18087,0,748,0
9.54223108291626,101349,4067688,4072488,4070146,18093,0,749,0
9.557430028915405,101349,4077928,4082728,4080386,18098,0,749,0
9.572542905807495,101349,4088168,4092968,4090626,18103,0,749,0
9.587568998336792,101349,4098408,4103208,4100866,18108,0,750,0
9.602643966674805,101349,4108648,4113448,4111106,18113,0,750,0
9.617604970932007,101349,4118888,4125736,4121346,18118,0,750,0
9.63279104232788,101349,4127080,4131880,4129538,18122,0,750,0
9.647826910018921,101349,4137320,4142120,4139778,18127,0,750,0
9.662858009338379,101349,4147560,4152360,4150018,18132,0,750,0
9.677937984466553,101349,4157800,4164648,4160258,18137,0,750,0
9.693053960800171,101349,4168040,4174888,4170498,18142,0,751,0
9.708255052566528,101349,4178280,4185128,4180738,18147,0,751,0
9.723556995391846,101349,4190568,4195368,4193026,18152,0,751,0
9.738765001296997,101349,4200808,4205608,4203266,18158,0,752,0
9.75385308265686,101349,4211048,4215848,4213506,18163,0,752,0
9.768890142440796,101349,4221288,4226088,4223746,18168,0,752,0
9.78397512435913,101349,4231528,4236328,4233986,18173,0,752,0
9.799070119857788,101349,4241768,4246568,4244226,18178,0,752,0
9.814250946044922,101349,4252008,4258856,4254466,18183,0,752,0
9.829445123672485,101349,4262248,4269096,4264706,18188,0,753,0
9.84453010559082,101349,4274536,4279336,4276994,18193,0,753,0
9.859607934951782,101349,4284776,4289576,4287234,18198,0,753,0
9.874642133712769,101349,4295016,4299816,4297474,18204,0,754,0
9.889802932739258,101349,4305256,4310056,4307714,18209,0,754,0
9.905046939849854,101349,4315496,4320296,4317954,18214,0,754,0
9.92022705078125,101349,4323688,4328488,4326146,18218,0,754,0
9.935692071914673,101349,4323688,4328488,4326146,18218,0,754,0
9.950309991836548,101349,4323688,4328488,4326146,18218,0,754,0
9.964437007904053,101349,4323688,4328488,4326146,18218,0,754,0
9.978606939315796,101349,4323688,4328488,4326146,18218,0,754,0
9.992523908615112,101349,4323688,4328488,4326146,18218,0,754,0
10.006927013397217,101349,4323688,4328488,4326146,18218,0,754,0
10.021151065826416,101349,4323688,4328488,4326146,18218,0,754,0
10.035346031188965,101349,4323688,4328488,4326146,18218,0,754,0
10.049585103988647,101349,4323688,4328488,4326146,18218,0,754,0
10.064022064208984,101349,4323688,4328488,4326146,18218,0,754,0
10.078423976898193,101349,4323688,4328488,4326146,18218,0,754,0
10.09241008758545,101349,4323688,4328488,4326146,18218,0,754,0
10.106518983840942,101349,4323688,4328488,4326146,18218,0,754,0
10.121068000793457,101349,4323688,4328488,4326146,18218,0,754,0
10.135309934616089,101349,4323688,4328488,4326146,18218,0,754,0
10.15005111694336,101349,4323688,4328488,4326146,18218,0,754,0
10.164647102355957,101349,4323688,4328488,4326146,18218,0,754,0
10.179357051849365,101349,4323688,4328488,4326146,18218,0,754,0
10.19370698928833,101349,4323688,4328488,4326146,18218,0,754,0
10.208338022232056,101349,4323688,4328488,4326146,18218,0,754,0
10.222986936569214,101349,4323688,4328488,4326146,18218,0,754,0
10.237168073654175,101349,4323688,4328488,4326146,18218,0,754,0
10.250307083129883,101349,4323688,4328488,4326146,18218,0,754,0
10.265259981155396,101349,4323688,4328488,4326146,18218,0,754,0
10.279592037200928,101349,4323688,4328488,4326146,18218,0,754,0
10.294260025024414,101349,4323688,4328488,4326146,18218,0,754,0
10.309080123901367,101349,4323688,4328488,4326146,18218,0,754,0
10.323575973510742,101349,4323688,4328488,4326146,18218,0,754,0
10.338297128677368,101349,4323688,4328488,4326146,18218,0,754,0
10.353152990341187,101349,4323688,4328488,4326146,18218,0,754,0
10.36751914024353,101349,4323688,4328488,4326146,18218,0,754,0
10.382156133651733,101349,4323688,4328488,4326146,18218,0,754,0
10.396533966064453,101349,4323688,4328488,4326146,18218,0,754,0
10.411194086074829,101349,4323688,4328488,4326146,18218,0,754,0
10.425543069839478,101349,4323688,4328488,4326146,18218,0,754,0
10.439532041549683,101349,4323688,4328488,4326146,18218,0,754,0
10.453624963760376,101349,4323688,4328488,4326146,18218,0,754,0
10.467561960220337,101349,4323688,4328488,4326146,18218,0,754,0
10.481940031051636,101349,4323688,4328488,4326146,18218,0,754,0
10.4964439868927,101349,4323688,4328488,4326146,18218,0,754,0
10.510646104812622,101349,4323688,4328488,4326146,18218,0,754,0
10.525053977966309,101349,4323688,4328488,4326146,18218,0,754,0
10.539506912231445,101349,4323688,4328488,4326146,18218,0,754,0
10.55355191230774,101349,4323688,4328488,4326146,18218,0,754,0
10.568112134933472,101349,4323688,4328488,4326146,18218,0,754,0
10.582257986068726,101349,4323688,4328488,4326146,18218,0,754,0
10.596216917037964,101349,4323688,4328488,4326146,18218,0,754,0
10.610270023345947,101349,4323688,4328488,4326146,18218,0,754,0
10.624488115310669,101349,4323688,4328488,4326146,18218,0,754,0
10.638883113861084,101349,4323688,4328488,4326146,18218,0,754,0
10.653257131576538,101349,4323688,4328488,4326146,18218,0,754,0
10.66734790802002,101349,4323688,4328488,4326146,18218,0,754,0
10.681525945663452,101349,4323688,4328488,4326146,18218,0,754,0
10.695600032806396,101349,4323688,4328488,4326146,18218,0,754,0
10.709933996200562,101349,4323688,4328488,4326146,18218,0,754,0
10.724606990814209,101349,4323688,4328488,4326146,18218,0,754,0
10.739066123962402,101349,4323688,4328488,4326146,18218,0,754,0
10.753082990646362,101349,4323688,4328488,4326146,18218,0,754,0
10.767660140991211,101349,4323688,4328488,4326146,18218,0,754,0
10.782074928283691,101349,4323688,4328488,4326146,18218,0,754,0
10.796533107757568,101349,4323688,4328488,4326146,18218,0,754,0
10.810725927352905,101349,4323688,4328488,4326146,18218,0,754,0
10.825247049331665,101349,4323688,4328488,4326146,18218,0,754,0
10.839591979980469,101349,4323688,4328488,4326146,18218,0,754,0
10.854063034057617,101349,4323688,4328488,4326146,18218,0,754,0
10.868437051773071,101349,4323688,4328488,4326146,18218,0,754,0
10.882601976394653,101349,4323688,4328488,4326146,18218,0,754,0
10.89703893661499,101349,4323688,4328488,4326146,18218,0,754,0
10.911459922790527,101349,4323688,4328488,4326146,18218,0,754,0
10.925652027130127,101349,4323688,4328488,4326146,18218,0,754,0
10.940112113952637,101349,4323688,4328488,4326146,18218,0,754,0
10.95458698272705,101349,4323688,4328488,4326146,18218,0,754,0
10.969129085540771,101349,4323688,4328488,4326146,18218,0,754,0
10.983922004699707,101349,4323688,4328488,4326146,18218,0,754,0
10.998455047607422,101349,4323688,4328488,4326146,18218,0,754,0
11.012923955917358,101349,4323688,4328488,4326146,18218,0,754,0
11.027398109436035,101349,4323688,4328488,4326146,18218,0,754,0
11.041644096374512,101349,4323688,4328488,4326146,18218,0,754,0
11.056412935256958,101349,4323688,4328488,4326146,18218,0,754,0
11.070940971374512,101349,4323688,4328488,4326146,18218,0,754,0
11.085348129272461,101349,4323688,4328488,4326146,18218,0,754,0
11.09964108467102,101349,4323688,4328488,4326146,18218,0,754,0
11.114290952682495,101349,4323688,4328488,4326146,18218,0,754,0
11.128732919692993,101349,4323688,4328488,4326146,18218,0,754,0
11.143408060073853,101349,4323688,4328488,4326146,18218,0,754,0
11.157724142074585,101349,4323688,4328488,4326146,18218,0,754,0
11.17214298248291,101349,4323688,4328488,4326146,18218,0,754,0
11.186558961868286,101349,4323688,4328488,4326146,18218,0,754,0
11.200998067855835,101349,4323688,4328488,4326146,18218,0,754,0
11.215413093566895,101349,4323688,4328488,4326146,18218,0,754,0
11.230504035949707,101349,4323688,4328488,4326146,18218,0,754,0
11.24518609046936,101349,4323688,4328488,4326146,18218,0,754,0
11.259602069854736,101349,4323688,4328488,4326146,18218,0,754,0
11.273962020874023,101349,4323688,4328488,4326146,18218,0,754,0
11.288347005844116,101349,4323688,4328488,4326146,18218,0,754,0
11.302580118179321,101349,4323688,4328488,4326146,18218,0,754,0
11.317021131515503,101349,4323688,4328488,4326146,18218,0,754,0
11.33139705657959,101349,4323688,4328488,4326146,18218,0,754,0
11.345685005187988,101349,4323688,4328488,4326146,18218,0,754,0
11.360116958618164,101349,4323688,4328488,4326146,18218,0,754,0
11.374592065811157,101349,4323688,4328488,4326146,18218,0,754,0
11.38946008682251,101349,4323688,4328488,4326146,18218,0,754,0
11.403967142105103,101349,4323688,4328488,4326146,18218,0,754,0
11.418447017669678,101349,4323688,4328488,4326146,18218,0,754,0
11.432969093322754,101349,4323688,4328488,4326146,18218,0,754,0
11.447466135025024,101349,4323688,4328488,4326146,18218,0,754,0
11.461719036102295,101349,4323688,4328488,4326146,18218,0,754,0
11.476310014724731,101349,4323688,4328488,4326146,18218,0,754,0
11.490564107894897,101349,4323688,4328488,4326146,18218,0,754,0
11.505024909973145,101349,4323688,4328488,4326146,18218,0,754,0
11.519428968429565,101349,4323688,4328488,4326146,18218,0,754,0
11.533658027648926,101349,4323688,4328488,4326146,18218,0,754,0
11.548136949539185,101349,4323688,4328488,4326146,18218,0,754,0
11.562648057937622,101349,4323688,4328488,4326146,18218,0,754,0
11.577481985092163,101349,4323688,4328488,4326146,18218,0,754,0
11.592652082443237,101349,4323688,4328488,4326146,18218,0,754,0
11.607556104660034,101349,4323688,4328488,4326146,18218,0,754,0
11.62212610244751,101349,4323688,4328488,4326146,18218,0,754,0
11.636620044708252,101349,4323688,4328488,4326146,18218,0,754,0
11.651133060455322,101349,4323688,4328488,4326146,18218,0,754,0
11.665560960769653,101349,4323688,4328488,4326146,18218,0,754,0
11.680063009262085,101349,4323688,4328488,4326146,18218,0,754,0
11.694584131240845,101349,4323688,4328488,4326146,18218,0,754,0
11.70905613899231,101349,4323688,4328488,4326146,18218,0,754,0
11.723619937896729,101349,4323688,4328488,4326146,18218,0,754,0
11.738439083099365,101349,4323688,4328488,4326146,18218,0,754,0
11.753278970718384,101349,4323688,4328488,4326146,18218,0,754,0
11.768017053604126,101349,4323688,4328488,4326146,18218,0,754,0
11.782728910446167,101349,4323688,4328488,4326146,18218,0,754,0
11.797605037689209,101349,4323688,4328488,4326146,18218,0,754,0
11.81237506866455,101349,4323688,4328488,4326146,18218,0,754,0
11.827131986618042,101349,4323688,4328488,4326146,18218,0,754,0
11.8420889377594,101349,4323688,4328488,4326146,18218,0,754,0
11.85659909248352,101349,4323688,4328488,4326146,18218,0,754,0
11.871346950531006,101349,4323688,4328488,4326146,18218,0,754,0
11.885762929916382,101349,4323688,4328488,4326146,18218,0,754,0
11.900299072265625,101349,4323688,4328488,4326146,18218,0,754,0
11.915086030960083,101349,4323688,4328488,4326146,18218,0,754,0
11.92966604232788,101349,4323688,4328488,4326146,18218,0,754,0
11.95008397102356,101349,4299568,4301608,4302026,18219,0,754,0
11.96493911743164,101349,4264596,4266664,4267054,18219,0,753,0
11.979712009429932,101349,4229300,4231336,4231758,18219,0,752,0
11.994673013687134,101349,4194136,4196136,4196594,18219,0,751,0
12.009643077850342,101349,4158784,4160808,4161242,18219,0,750,0
12.024354934692383,101349,4123632,4125736,4126090,18219,0,750,0
12.039087057113647,101349,4088436,4090536,4090894,18219,0,749,0
12.053811073303223,101349,4052976,4054952,4055434,18219,0,748,0
12.068681955337524,101349,4017804,4019880,4020262,18219,0,748,0
12.083440065383911,101349,3982636,3984680,3985094,18219,0,747,0
12.098119974136353,101349,3947644,3949736,3950102,18219,0,746,0
12.112839937210083,101349,3912736,3914792,3915194,18219,0,746,0
12.127485990524292,101349,3877600,3879720,3880058,18219,0,745,0
12.142301082611084,101349,3842244,3844392,3844702,18219,0,744,0
12.157150030136108,101349,3806696,3808808,3809154,18219,0,744,0
12.172225952148438,101349,3771172,3773352,3773630,18219,0,743,0
12.186980962753296,101349,3735896,3738024,3738354,18219,0,742,0
12.20265507698059,101349,3698604,3700648,3701062,18219,0,741,0
12.21805191040039,101349,3661716,3663784,3664174,18219,0,740,0
12.23329210281372,101349,3626088,3628200,3628546,18219,0,740,0
12.248270034790039,101349,3590524,3592616,3592982,18219,0,739,0
12.263256072998047,101349,3554664,3556776,3557122,18219,0,738,0
12.278381109237671,101349,3518304,3520424,3520762,18219,0,738,0
12.293625116348267,101349,3482068,3484200,3484526,18219,0,737,0
12.308960914611816,101349,3446352,3448488,3448810,18219,0,736,0
12.323900938034058,101349,3410308,3412392,3412766,18219,0,736,0
12.339054107666016,101349,3374360,3376424,3376818,18219,0,734,0
12.353985071182251,101349,3338156,3340328,3340614,18219,0,734,0
12.369193077087402,101349,3302108,3304360,3304566,18219,0,733,0
12.384428024291992,101349,3265892,3268136,3268350,18219,0,732,0
12.3994619846344,101349,3229664,3231912,3232122,18219,0,732,0
12.414567947387695,101349,3193360,3195560,3195818,18219,0,731,0
12.429991006851196,101349,3157008,3159208,3159466,18219,0,730,0
12.445130109786987,101349,3120736,3122984,3123194,18219,0,730,0
12.460230112075806,101349,3084592,3086760,3087050,18219,0,729,0
12.475412130355835,101349,3047872,3050152,3050330,18219,0,728,0
12.490679025650024,101349,3011372,3013672,3013830,18219,0,727,0
12.505859136581421,101349,2975308,2977576,2977766,18219,0,726,0
12.5210599899292,101349,2938708,2940968,2941166,18219,0,726,0
12.536447048187256,101349,2902276,2904488,2904734,18219,0,725,0
12.551882982254028,101349,2865568,2867752,2868026,18219,0,724,0
12.567369937896729,101349,2828688,2830888,2831146,18219,0,724,0
12.582865953445435,101349,2791928,2794152,2794386,18219,0,723,0
12.598057985305786,101349,2755160,2757416,2757618,18219,0,722,0
12.613563060760498,101349,2718332,2720552,2720790,18219,0,722,0
12.629086017608643,101349,2681388,2683560,2683846,18219,0,720,0
12.644987106323242,101349,2644280,2646568,2646738,18219,0,720,0
12.66052794456482,101349,2607320,2609576,2609778,18219,0,719,0
12.676185131072998,101349,2570372,2572584,2572830,18219,0,718,0
12.691649913787842,101349,2533280,2535464,2535738,18219,0,718,0
12.70704698562622,101349,2496172,2498472,2498630,18219,0,717,0
12.722649097442627,101349,2458980,2461224,2461438,18219,0,716,0
12.738126993179321,101349,2422052,2424360,2424510,18219,0,716,0
12.753437042236328,101349,2384912,2387112,2387370,18219,0,714,0
12.76909613609314,101349,2347568,2349864,2350026,18219,0,714,0
12.784754991531372,101349,2310312,2312616,2312770,18219,0,713,0
12.800487041473389,101349,2273072,2275368,2275530,18219,0,712,0
12.81633710861206,101349,2235452,2237736,2237910,18219,0,712,0
12.832345962524414,101349,2228584,2233384,2231042,18219,0,712,0
12.848666906356812,101349,2228584,2233384,2231042,18219,0,712,0
12.86455512046814,101349,2228584,2233384,2231042,18219,0,712,0
12.88003396987915,101349,2228584,2233384,2231042,18219,0,712,0
12.895502090454102,101349,2228584,2233384,2231042,18219,0,712,0
12.910666942596436,101349,2228584,2233384,2231042,18219,0,712,0
12.926151990890503,101349,2228584,2233384,2231042,18219,0,712,0
12.941451072692871,101349,2228584,2233384,2231042,18219,0,712,0
12.956610918045044,101349,2228584,2233384,2231042,18219,0,712,0
12.972003936767578,101349,2228584,2233384,2231042,18219,0,712,0
12.98757004737854,101349,2228584,2233384,2231042,18219,0,712,0
13.002665996551514,101349,2228584,2233384,2231042,18219,0,712,0
13.017977952957153,101349,2228584,2233384,2231042,18219,0,712,0
13.033627986907959,101349,2228584,2233384,2231042,18219,0,712,0
13.049428939819336,101349,2228584,2233384,2231042,18219,0,712,0
13.065331935882568,101349,2228584,2233384,2231042,18219,0,712,0
13.08113408088684,101349,2228584,2233384,2231042,18219,0,712,0
13.096666097640991,101349,2228584,2233384,2231042,18219,0,712,0
13.112066984176636,101349,2228584,2233384,2231042,18219,0,712,0
13.127466917037964,101349,2228584,2233384,2231042,18219,0,712,0
13.14302110671997,101349,2228584,2233384,2231042,18219,0,712,0
13.158985137939453,101349,2228584,2233384,2231042,18219,0,712,0
13.174804925918579,101349,2228584,2233384,2231042,18219,0,712,0
13.190649032592773,101349,2228584,2233384,2231042,18219,0,712,0
13.206326007843018,101349,2228584,2233384,2231042,18219,0,712,0
13.221564054489136,101349,2228584,2233384,2231042,18219,0,712,0
13.237013101577759,101349,2228584,2233384,2231042,18219,0,712,0
13.252502918243408,101349,2228584,2233384,2231042,18219,0,712,0
13.268364906311035,101349,2228584,2233384,2231042,18219,0,712,0
13.283589124679565,101349,2228584,2233384,2231042,18219,0,712,0
13.298943042755127,101349,2228584,2233384,2231042,18219,0,712,0
13.314438104629517,101349,2228584,2233384,2231042,18219,0,712,0
13.330249071121216,101349,2228584,2233384,2231042,18219,0,712,0
13.345710039138794,101349,2228584,2233384,2231042,18219,0,712,0
13.361285924911499,101349,2228584,2233384,2231042,18219,0,712,0
13.376581907272339,101349,2228584,2233384,2231042,18219,0,712,0
13.39203405380249,101349,2228584,2233384,2231042,18219,0,712,0
13.407556056976318,101349,2228584,2233384,2231042,18219,0,712,0
13.423572063446045,101349,2228584,2233384,2231042,18219,0,712,0
13.439535140991211,101349,2228584,2233384,2231042,18219,0,712,0
13.455584049224854,101349,2228584,2233384,2231042,18219,0,712,0
13.47166395187378,101349,2228584,2233384,2231042,18219,0,712,0
13.487365961074829,101349,2228584,2233384,2231042,18219,0,712,0
13.502671957015991,101349,2228584,2233384,2231042,18219,0,712,0
13.51800012588501,101349,2228584,2233384,2231042,18219,0,712,0
13.533478021621704,101349,2228584,2233384,2231042,18219,0,712,0
13.548901081085205,101349,2228584,2233384,2231042,18219,0,712,0
13.564510107040405,101349,2228584,2233384,2231042,18219,0,712,0
13.579684972763062,101349,2228584,2233384,2231042,18219,0,712,0
13.59533405303955,101349,2228584,2233384,2231042,18219,0,712,0
13.610564947128296,101349,2228584,2233384,2231042,18219,0,712,0
13.626042127609253,101349,2228584,2233384,2231042,18219,0,712,0
13.64151406288147,101349,2228584,2233384,2231042,18219,0,712,0
13.656873941421509,101349,2228584,2233384,2231042,18219,0,712,0
13.672409057617188,101349,2228584,2233384,2231042,18219,0,712,0
13.687983989715576,101349,2228584,2233384,2231042,18219,0,712,0
13.70337200164795,101349,2228584,2233384,2231042,18219,0,712,0
13.71858811378479,101349,2228584,2233384,2231042,18219,0,712,0
13.733999967575073,101349,2228584,2233384,2231042,18219,0,712,0
13.749284982681274,101349,2228584,2233384,2231042,18219,0,712,0
13.764549970626831,101349,2228584,2233384,2231042,18219,0,712,0
13.780003070831299,101349,2228584,2233384,2231042,18219,0,712,0
13.795475006103516,101349,2228584,2233384,2231042,18219,0,712,0
13.810707092285156,101349,2228584,2233384,2231042,18219,0,712,0
13.826126098632812,101349,2228584,2233384,2231042,18219,0,712,0
13.841612100601196,101349,2228584,2233384,2231042,18219,0,712,0
13.857012033462524,101349,2228584,2233384,2231042,18219,0,712,0
13.87247610092163,101349,2228584,2233384,2231042,18219,0,712,0
13.888401985168457,101349,2228584,2233384,2231042,18219,0,712,0
13.903950929641724,101349,2228584,2233384,2231042,18219,0,712,0
13.919430017471313,101349,2228584,2233384,2231042,18219,0,712,0
13.934618949890137,101349,2228584,2233384,2231042,18219,0,712,0
13.94991397857666,101349,2228584,2233384,2231042,18219,0,712,0
13.965673923492432,101349,2228584,2233384,2231042,18219,0,712,0
13.981399059295654,101349,2228584,2233384,2231042,18219,0,712,0
13.99689793586731,101349,2228584,2233384,2231042,18219,0,712,0
14.012418985366821,101349,2228584,2233384,2231042,18219,0,712,0
14.027656078338623,101349,2228584,2233384,2231042,18219,0,712,0
14.043359994888306,101349,2228584,2233384,2231042,18219,0,712,0
14.0592520236969,101349,2228584,2233384,2231042,18219,0,712,0
14.0745530128479,101349,2228584,2233384,2231042,18219,0,712,0
14.089952945709229,101349,2228584,2233384,2231042,18219,0,712,0
14.105556964874268,101349,2228584,2233384,2231042,18219,0,712,0
14.121047019958496,101349,2228584,2233384,2231042,18219,0,712,0
14.136528015136719,101349,2228584,2233384,2231042,18219,0,712,0
14.15291690826416,101349,2228584,2233384,2231042,18219,0,712,0
14.169039011001587,101349,2228584,2233384,2231042,18219,0,712,0
14.184598922729492,101349,2228584,2233384,2231042,18219,0,712,0
14.20002794265747,101349,2228584,2233384,2231042,18219,0,712,0
14.215584993362427,101349,2228584,2233384,2231042,18219,0,712,0
14.230971097946167,101349,2228584,2233384,2231042,18219,0,712,0
14.246381044387817,101349,2228584,2233384,2231042,18219,0,712,0
14.261596918106079,101349,2228584,2233384,2231042,18219,0,712,0
14.276902914047241,101349,2228584,2233384,2231042,18219,0,712,0
14.29215693473816,101349,2228584,2233384,2231042,18219,0,712,0
14.307694911956787,101349,2228584,2233384,2231042,18219,0,712,0
14.323185920715332,101349,2228584,2233384,2231042,18219,0,712,0
14.338587045669556,101349,2228584,2233384,2231042,18219,0,712,0
14.354260921478271,101349,2228584,2233384,2231042,18219,0,712,0
14.369590044021606,101349,2228584,2233384,2231042,18219,0,712,0
14.385504961013794,101349,2228584,2233384,2231042,18219,0,712,0
14.400970935821533,101349,2228584,2233384,2231042,18219,0,712,0
14.41663908958435,101349,2228584,2233384,2231042,18219,0,712,0
14.43219804763794,101349,2228584,2233384,2231042,18219,0,712,0
14.44757604598999,101349,2228584,2233384,2231042,18219,0,712,0
14.463093996047974,101349,2228584,2233384,2231042,18219,0,712,0
14.478414058685303,101349,2228584,2233384,2231042,18219,0,712,0
14.493634939193726,101349,2228584,2233384,2231042,18219,0,712,0
14.509598016738892,101349,2228584,2233384,2231042,18219,0,712,0
14.525100946426392,101349,2228584,2233384,2231042,18219,0,712,0
14.540588140487671,101349,2228584,2233384,2231042,18219,0,712,0
14.556003093719482,101349,2228584,2233384,2231042,18219,0,712,0
14.571346998214722,101349,2228584,2233384,2231042,18219,0,712,0
14.586558103561401,101349,2228584,2233384,2231042,18219,0,712,0
14.601709127426147,101349,2228584,2233384,2231042,18219,0,712,0
14.61747694015503,101349,2228584,2233384,2231042,18219,0,712,0
14.632652997970581,101349,2228584,2233384,2231042,18219,0,712,0
14.648041009902954,101349,2228584,2233384,2231042,18219,0,712,0
14.663547039031982,101349,2228584,2233384,2231042,18219,0,712,0
14.6786949634552,101349,2228584,2233384,2231042,18219,0,712,0
14.694262981414795,101349,2228584,2233384,2231042,18219,0,712,0
14.71003794670105,101349,2228584,2233384,2231042,18219,0,712,0
14.726536989212036,101349,2228584,2233384,2231042,18219,0,712,0
14.742371082305908,101349,2228584,2233384,2231042,18219,0,712,0
14.757558107376099,101349,2228584,2233384,2231042,18219,0,712,0
14.773010015487671,101349,2228584,2233384,2231042,18219,0,712,0
14.7885000705719,101349,2228584,2233384,2231042,18219,0,712,0
14.803973913192749,101349,2228584,2233384,2231042,18219,0,712,0
14.819508075714111,101349,2228584,2233384,2231042,18219,0,712,0
14.8350510597229,101349,2228584,2233384,2231042,18219,0,712,0
14.850784063339233,101349,2200608,2202920,2203066,18220,0,711,0
14.866929054260254,101349,2163052,2165416,2165510,18220,0,710,0
14.882826089859009,101349,2125712,2128040,2128170,18220,0,710,0
14.89861011505127,101349,2088460,2090792,2090918,18220,0,708,0
14.91450309753418,101349,2051176,2053544,2053634,18220,0,708,0
14.930793046951294,101349,2013612,2016040,2016070,18220,0,707,0
14.946723937988281,101349,1975908,1978280,1978366,18220,0,706,0
14.962608098983765,101349,1938168,1940648,1940626,18220,0,706,0
14.978431940078735,101349,1900404,1902760,1902862,18220,0,705,0
14.994349956512451,101349,1862316,1864744,1864774,18220,0,704,0
15.010432004928589,101349,1824500,1826856,1826958,18220,0,703,0
15.026401042938232,101349,1786652,1789096,1789110,18220,0,702,0
15.042477130889893,101349,1748816,1751208,1751274,18220,0,702,0
15.058495044708252,101349,1711020,1713448,1713478,18220,0,701,0
15.0745530128479,101349,1673296,1675688,1675754,18220,0,700,0
15.090510129928589,101349,1635296,1637672,1637754,18220,0,700,0
15.106498003005981,101349,1597436,1599784,1599894,18220,0,698,0
15.12265396118164,101349,1559280,1561768,1561738,18220,0,698,0
15.139032125473022,101349,1520604,1523112,1523062,18220,0,697,0
15.155347108840942,101349,1482516,1484968,1484974,18220,0,696,0
15.171447038650513,101349,1443900,1446312,1446358,18220,0,696,0
15.187756061553955,101349,1405612,1408040,1408070,18220,0,695,0
15.20389199256897,101349,1367072,1369512,1369530,18220,0,694,0
15.220225095748901,101349,1328812,1331240,1331270,18220,0,693,0
15.23652195930481,101349,1290572,1292968,1293030,18220,0,692,0
15.25277590751648,101349,1252196,1254696,1254654,18220,0,692,0
15.269046068191528,101349,1213996,1216424,1216454,18220,0,691,0
15.285409927368164,101349,1175672,1178152,1178130,18220,0,690,0
15.301697969436646,101349,1137208,1139752,1139666,18220,0,689,0
15.317862033843994,101349,1098376,1100840,1100834,18220,0,688,0
15.334397077560425,101349,1059344,1061800,1061802,18220,0,688,0
15.351292133331299,101349,1020332,1022888,1022790,18220,0,687,0
15.367814064025879,101349,981736,984232,984194,18220,0,686,0
15.38408899307251,101349,942644,945192,945102,18220,0,686,0
15.40053105354309,101349,904000,906536,906458,18220,0,684,0
15.416794061660767,101349,864812,867368,867270,18220,0,684,0
15.433408975601196,101349,825708,828200,828166,18220,0,683,0
15.449911117553711,101349,786652,789160,789110,18220,0,682,0
15.466285943984985,101349,747708,750248,750166,18220,0,682,0
15.482744932174683,101349,708668,711208,711126,18220,0,680,0
15.499229907989502,101349,669272,671784,671730,18220,0,680,0
15.515856981277466,101349,630100,632616,632558,18220,0,679,0
15.532310009002686,101349,590648,593192,593106,18220,0,678,0
15.549368143081665,101349,551204,553640,553662,18220,0,678,0
15.566095113754272,101349,511716,514216,514174,18220,0,676,0
15.582839012145996,101349,472436,474920,474894,18220,0,676,0
15.59949803352356,101349,433168,435752,435626,18220,0,675,0
15.616307973861694,101349,393504,396072,395962,18220,0,674,0
15.633088111877441,101349,354008,356648,356466,18220,0,674,0
15.649919986724854,101349,314476,317096,316934,18220,0,672,0
15.666495084762573,101349,274824,277416,277282,18220,0,672,0
15.683150053024292,101349,234964,237608,237422,18220,0,671,0
15.69999098777771,101349,195428,198056,197886,18220,0,670,0
15.716745138168335,101349,155676,158248,158134,18220,0,670,0
15.73365306854248,101349,133544,138408,136002,18220,0,669,0
15.750558137893677,101349,133544,138408,136002,18220,0,669,0
15.767841100692749,101349,133544,138408,136002,18220,0,669,0
15.784495115280151,101349,133544,138408,136002,18220,0,669,0
15.801188945770264,101349,133544,138408,136002,18220,0,669,0
15.818058013916016,101349,133544,138408,136002,18220,0,669,0
15.834731101989746,101349,133544,138408,136002,18220,0,669,0
15.851478099822998,101349,133544,138408,136002,18220,0,669,0
15.868396997451782,101349,133544,138408,136002,18220,0,669,0
15.885050058364868,101349,133544,138408,136002,18220,0,669,0
15.901751041412354,101349,133544,138408,136002,18220,0,669,0
15.9184730052948,101349,133544,138408,136002,18220,0,669,0
15.935276985168457,101349,133544,138408,136002,18220,0,669,0
15.951942920684814,101349,133544,138408,136002,18220,0,669,0
15.968739986419678,101349,133544,138408,136002,18220,0,669,0
15.985486030578613,101349,133544,138408,136002,18220,0,669,0
16.002361059188843,101349,133544,138408,136002,18220,0,669,0
16.01907706260681,101349,133544,138408,136002,18220,0,669,0
16.03583312034607,101349,133544,138408,136002,18220,0,669,0
16.05267095565796,101349,133544,138408,136002,18220,0,669,0
16.069549083709717,101349,133544,138408,136002,18220,0,669,0
16.086545944213867,101349,133544,138408,136002,18220,0,669,0
16.103753089904785,101349,133544,138408,136002,18220,0,669,0
16.12072205543518,101349,133544,138408,136002,18220,0,669,0
16.13758611679077,101349,133544,138408,136002,18220,0,669,0
16.154616117477417,101349,133544,138408,136002,18220,0,669,0
16.171889066696167,101349,133544,138408,136002,18220,0,669,0
16.18882703781128,101349,133544,138408,136002,18220,0,669,0
16.205708980560303,101349,133544,138408,136002,18220,0,669,0
16.22262191772461,101349,136692,142504,139150,18832,0,669,0
16.23965811729431,101349,145016,150824,147474,20902,0,669,0
16.257054090499878,101349,153452,159272,155910,23000,0,670,0
16.274562120437622,101349,161940,167720,164398,25106,0,670,0
16.292285919189453,101349,170452,176168,172910,27226,0,670,0
16.30990195274353,101349,178996,184744,181454,29351,0,670,0
16.327641010284424,101349,187696,193448,190154,31514,0,670,0
16.345709085464478,101349,196320,202152,198778,33655,0,670,0
16.363697052001953,101349,204944,210600,207402,35801,0,670,0
16.38192391395569,101349,213680,219432,216138,37973,0,670,0
16.400118112564087,101349,222412,228136,224870,40164,0,671,0
16.418370008468628,101349,231096,236840,233554,42306,0,671,0
16.436525106430054,101349,239864,245672,242322,44486,0,671,0
16.454859972000122,101349,248840,254632,251298,46718,0,672,0
16.47343397140503,101349,257832,263592,260290,48955,0,672,0
16.491899013519287,101349,266824,272552,269282,51190,0,672,0
16.510481119155884,101349,275976,281768,278434,53465,0,672,0
16.52912402153015,101349,285144,290856,287602,55743,0,672,0
16.54797601699829,101349,294332,300072,296790,58036,0,672,0
16.566926956176758,101349,303568,309288,306026,60340,0,672,0
16.585922956466675,101349,312772,318504,315230,62610,0,672,0
16.604963064193726,101349,322180,327976,324638,64955,0,673,0
16.624097108840942,101349,331620,337320,334078,67307,0,673,0
16.643314123153687,101349,340968,346664,343426,69625,0,673,0
16.66260004043579,101349,350544,356264,353002,72012,0,674,0
16.682071924209595,101349,360012,365736,362470,74382,0,674,0
16.701581954956055,101349,369616,375336,372074,76753,0,674,0
16.72132706642151,101349,379240,384936,381698,79154,0,674,0
16.7409610748291,101349,388856,394536,391314,81542,0,674,0
16.76061511039734,101349,398580,404264,401038,83961,0,674,0
16.780576944351196,101349,408328,413992,410786,86394,0,674,0
16.80059504508972,101349,418204,423848,420662,88833,0,675,0
16.820815086364746,101349,428064,433832,430522,91295,0,675,0
16.840991020202637,101349,437948,443688,440406,93754,0,675,0
16.8612859249115,101349,447716,453416,450174,96194,0,676,0
16.881700038909912,101349,457772,463528,460230,98692,0,676,0
16.902276039123535,101349,467820,473512,470278,101182,0,676,0
16.92271614074707,101349,477892,483624,480350,103685,0,676,0
16.943351984024048,101349,487996,493736,490454,106211,0,676,0
16.964139938354492,101349,498172,503848,500630,108743,0,676,0
16.985088109970093,101349,508448,514088,510906,111284,0,676,0
17.00645399093628,101349,518844,524584,521302,113859,0,677,0
17.027591943740845,101349,529124,534824,531582,116445,0,677,0
17.048691034317017,101349,539508,545192,541966,119021,0,677,0
17.070194005966187,101349,549836,555560,552294,121587,0,678,0
17.091270923614502,101349,560356,565928,562814,124205,0,678,0
17.11238694190979,101349,570952,576680,573410,126849,0,678,0
17.13375210762024,101349,581556,587176,584014,129479,0,678,0
17.154989004135132,101349,592184,597800,594642,132125,0,678,0
17.176387071609497,101349,602860,608552,605318,134787,0,678,0
17.197930097579956,101349,613616,619304,616074,137450,0,679,0
17.21981906890869,101349,624456,630056,626914,140148,0,679,0
17.241503953933716,101349,635296,640936,637754,142853,0,679,0
17.26326298713684,101349,645556,650280,648014,145567,0,680,0
17.28531503677368,101349,655028,660648,657486,147752,0,680,0
17.307317972183228,101349,665984,671656,668442,150491,0,680,0
17.329368114471436,101349,677056,682664,679514,153231,0,680,0
17.35153293609619,101349,688200,693800,690658,156005,0,680,0
17.37390899658203,101349,699312,704936,701770,158780,0,680,0
17.39638590812683,101349,710536,716200,712994,161561,0,681,0
17.41908597946167,101349,721864,727464,724322,164371,0,681,0
17.441982984542847,101349,733160,738728,735618,167197,0,681,0
17.464636087417603,101349,744532,750120,746990,170018,0,682,0
17.487487077713013,101349,755844,761512,758302,172839,0,682,0
17.510447025299072,101349,767392,773032,769850,175699,0,682,0
17.53353500366211,101349,778968,784552,781426,178578,0,682,0
17.557115077972412,101349,790564,796200,793022,181465,0,682,0
17.580554008483887,101349,802292,807848,804750,184368,0,682,0
17.604560136795044,101349,813980,819624,816438,187300,0,683,0
17.628315925598145,101349,825976,831528,828434,190236,0,683,0
17.652714014053345,101349,837848,843432,840306,193218,0,683,0
17.677021026611328,101349,849796,855336,852254,196201,0,684,0
17.7011079788208,101349,861692,867240,864150,199152,0,684,0
17.725547075271606,101349,873792,879400,876250,202155,0,684,0
17.750128030776978,101349,885864,891432,888322,205176,0,684,0
17.774904012680054,101349,897960,903592,900418,208195,0,684,0
17.799566984176636,101349,910236,915880,912694,211237,0,685,0
17.824522018432617,101349,922488,928040,924946,214280,0,685,0
17.84918999671936,101349,934748,940328,937206,217363,0,685,0
17.87426495552063,101349,947112,952616,949570,220412,0,686,0
17.899521112442017,101349,959348,964904,961806,223466,0,686,0
17.924834966659546,101349,971752,977320,974210,226552,0,686,0
17.950249910354614,101349,984236,989864,986694,229666,0,686,0
17.97557497024536,101349,996712,1002280,999170,232774,0,686,0
18.001055002212524,101349,1009324,1014952,1011782,235898,0,687,0
18.026641130447388,101349,1021944,1027496,1024402,239044,0,687,0
18.052606105804443,101349,1034572,1040168,1037030,242220,0,687,0
18.078185081481934,101349,1047308,1052840,1049766,245359,0,688,0
18.104202032089233,101349,1059964,1065512,1062422,248539,0,688,0
18.130111932754517,101349,1072800,1078312,1075258,251714,0,688,0
18.156249046325684,101349,1085628,1091240,1088086,254908,0,688,0
18.18242311477661,101349,1098616,1104168,1101074,258129,0,688,0
18.208642959594727,101349,1111452,1116968,1113910,261360,0,689,0
18.234600067138672,101349,1124532,1130024,1126990,264571,0,689,0
18.261563062667847,101349,1137612,1143080,1140070,267849,0,690,0
18.28829598426819,101349,1150708,1156264,1153166,271108,0,690,0
18.31502890586853,101349,1161720,1167272,1164178,274223,0,690,0
18.3419349193573,101349,1174852,1180328,1177310,277135,0,690,0
18.368627071380615,101349,1188080,1193640,1190538,280407,0,690,0
18.395565032958984,101349,1201328,1206824,1203786,283713,0,690,0
18.42255210876465,101349,1214700,1220264,1217158,287042,0,691,0
18.449809074401855,101349,1228744,1234216,1231202,290374,0,691,0
18.478400945663452,101349,1242060,1247528,1244518,293895,0,692,0
18.50603199005127,101349,1255560,1261096,1258018,297234,0,692,0
18.533493041992188,101349,1269100,1274536,1271558,300565,0,692,0
18.561267137527466,101349,1282776,1288232,1285234,303979,0,692,0
18.589112043380737,101349,1296528,1302056,1298986,307401,0,692,0
18.61729097366333,101349,1310356,1315752,1312814,310838,0,693,0
18.64547610282898,101349,1324236,1329704,1326694,314299,0,693,0
18.67411708831787,101349,1338232,1343656,1340690,317787,0,694,0
18.702644109725952,101349,1352056,1357480,1354514,321247,0,694,0
18.730905055999756,101349,1365824,1371304,1368282,324713,0,694,0
18.759133100509644,101349,1379784,1385256,1382242,328140,0,694,0
18.787590980529785,101349,1393804,1399208,1396262,331624,0,694,0
18.816133975982666,101349,1407948,1413416,1410406,335147,0,695,0
18.844934940338135,101349,1422152,1427624,1424610,338670,0,695,0
18.873889923095703,101349,1436456,1441960,1438914,342225,0,696,0
18.902930974960327,101349,1450712,1456168,1453170,345795,0,696,0
18.931957006454468,101349,1464920,1470376,1467378,349361,0,696,0
18.961120128631592,101349,1479384,1484840,1481842,352921,0,696,0
18.990540981292725,101349,1493796,1499176,1496254,356529,0,696,0
19.020151138305664,101349,1508176,1513640,1510634,360145,0,697,0
19.04951000213623,101349,1522512,1527976,1524970,363724,0,697,0
19.07871913909912,101349,1537132,1542568,1539590,367324,0,698,0
19.10890793800354,101349,1551704,1557032,1554162,370966,0,698,0
19.138468027114868,101349,1566256,1571624,1568714,374604,0,698,0
19.16806411743164,101349,1580724,1586088,1583182,378215,0,698,0
19.19772505760193,101349,1595556,1600936,1598014,381852,0,698,0
19.227976083755493,101349,1610500,1615912,1612958,385571,0,699,0
19.2583749294281,101349,1625340,1630760,1627798,389318,0,699,0
19.28878402709961,101349,1640388,1645736,1642846,393030,0,700,0
19.31905198097229,101349,1655292,1660712,1657750,396776,0,700,0
19.349136114120483,101349,1669552,1674280,1672010,400500,0,700,0
19.379390001296997,101349,1683084,1688488,1685542,403701,0,700,0
19.409621000289917,101349,1698112,1703464,1700570,407444,0,701,0
19.43998908996582,101349,1713268,1718568,1715726,411212,0,701,0
19.47056007385254,101349,1728436,1733800,1730894,415001,0,702,0
19.501194953918457,101349,1743648,1749032,1746106,418781,0,702,0
19.53196406364441,101349,1758916,1764264,1761374,422586,0,702,0
19.562772035598755,101349,1774188,1779496,1776646,426415,0,702,0
19.593761920928955,101349,1789560,1794856,1792018,430214,0,702,0
19.624627113342285,101349,1804964,1810344,1807422,434063,0,703,0
19.655569076538086,101349,1820420,1825832,1822878,437912,0,703,0
19.686686038970947,101349,1835940,1841320,1838398,441773,0,704,0
19.718045949935913,101349,1851512,1856808,1853970,445661,0,704,0
19.74950909614563,101349,1867120,1872424,1869578,449545,0,704,0
19.781017065048218,101349,1882676,1887912,1885134,453425,0,704,0
19.81262493133545,101349,1898236,1903528,1900694,457319,0,705,0
19.844424962997437,101349,1914196,1919528,1916654,461212,0,705,0
19.876850128173828,101349,1930036,1935400,1932494,465222,0,706,0
19.908939123153687,101349,1946064,1951400,1948522,469183,0,706,0
19.941636085510254,101349,1961904,1967272,1964362,473165,0,706,0
19.973593950271606,101349,1977708,1983016,1980166,477133,0,706,0
20.006047010421753,101349,1993708,1999016,1996166,481081,0,707,0
20.03835391998291,101349,2009740,2015016,2012198,485078,0,707,0
20.070707082748413,101349,2025828,2031144,2028286,489086,0,708,0
20.103209018707275,101349,2042024,2047272,2044482,493107,0,708,0
20.13632106781006,101349,2058264,2063528,2060722,497166,0,708,0
20.16938805580139,101349,2074488,2079784,2076946,501210,0,708,0
20.202194929122925,101349,2090624,2095912,2093082,505232,0,709,0
20.23507809638977,101349,2107068,2112296,2109526,509319,0,709,0
20.268463134765625,101349,2123444,2128680,2125902,513408,0,710,0
20.30155897140503,101349,2139896,2145192,2142354,517502,0,710,0
20.334902048110962,101349,2156468,2161704,2158926,521616,0,710,0
20.368474006652832,101349,2172996,2178216,2175454,525757,0,710,0
20.401754140853882,101349,2187436,2192680,2189894,529896,0,710,0
20.435395002365112,101349,2204048,2209320,2206506,533493,0,711,0
20.469062089920044,101349,2220768,2225960,2223226,537651,0,711,0
20.50290608406067,101349,2230608,2235432,2233066,541820,0,712,0
20.536229133605957,101349,2230648,2235432,2233106,542496,0,712,0
20.56971502304077,101349,2230648,2235432,2233106,542496,0,712,0
20.60348892211914,101349,2230648,2235432,2233106,542496,0,712,0
20.636833906173706,101349,2230648,2235432,2233106,542496,0,712,0
20.67054295539856,101349,2230648,2235432,2233106,542496,0,712,0
20.70421600341797,101349,2230648,2235432,2233106,542496,0,712,0
20.737601041793823,101349,2230648,2235432,2233106,542496,0,712,0
20.771050930023193,101349,2230648,2235432,2233106,542496,0,712,0
20.803668975830078,101349,2230648,2235432,2233106,542496,0,712,0
20.83724808692932,101349,2230648,2235432,2233106,542496,0,712,0
20.870671033859253,101349,2230648,2235432,2233106,542496,0,712,0
20.904041051864624,101349,2230648,2235432,2233106,542496,0,712,0
20.93718695640564,101349,2230648,2235432,2233106,542496,0,712,0
20.971252918243408,101349,2230648,2235432,2233106,542496,0,712,0
21.004773139953613,101349,2230648,2235432,2233106,542496,0,712,0
21.038373947143555,101349,2230648,2235432,2233106,542496,0,712,0
21.07167410850525,101349,2230648,2235432,2233106,542496,0,712,0
21.10467791557312,101349,2230648,2235432,2233106,542496,0,712,0
21.138272047042847,101349,2230648,2235432,2233106,542496,0,712,0
21.17232608795166,101349,2230648,2235432,2233106,542496,0,712,0
21.205754041671753,101349,2230648,2235432,2233106,542496,0,712,0
21.239146947860718,101349,2230648,2235432,2233106,542496,0,712,0
21.27275800704956,101349,2230648,2235432,2233106,542496,0,712,0
21.30642795562744,101349,2230648,2235432,2233106,542496,0,712,0
21.340142965316772,101349,2230648,2235432,2233106,542496,0,712,0
21.37371802330017,101349,2230648,2235432,2233106,542496,0,712,0
21.40740203857422,101349,2230648,2235432,2233106,542496,0,712,0
21.440799951553345,101349,2230648,2235432,2233106,542496,0,712,0
21.474590063095093,101349,2230648,2235432,2233106,542496,0,712,0
21.508049964904785,101349,2230648,2235432,2233106,542496,0,712,0
21.541667938232422,101349,2230648,2235432,2233106,542496,0,712,0
21.57515597343445,101349,2230648,2235432,2233106,542496,0,712,0
21.608386993408203,101349,2230648,2235432,2233106,542496,0,712,0
21.641798973083496,101349,2230648,2235432,2233106,542496,0,712,0
21.67502212524414,101349,2230648,2235432,2233106,542496,0,712,0
21.708411931991577,101349,2230648,2235432,2233106,542496,0,712,0
21.74168109893799,101349,2230648,2235432,2233106,542496,0,712,0
21.775185108184814,101349,2230648,2235432,2233106,542496,0,712,0
21.808637142181396,101349,2230648,2235432,2233106,542496,0,712,0
21.842139959335327,101349,2230648,2235432,2233106,542496,0,712,0
21.875668048858643,101349,2230648,2235432,2233106,542496,0,712,0
21.90768814086914,101349,2230648,2235432,2233106,542496,0,712,0
21.941636085510254,101349,2230648,2235432,2233106,542496,0,712,0
21.975141048431396,101349,2230648,2235432,2233106,542496,0,712,0
22.008606910705566,101349,2230648,2235432,2233106,542496,0,712,0
22.04252600669861,101349,2230648,2235432,2233106,542496,0,712,0
22.076103925704956,101349,2230648,2235432,2233106,542496,0,712,0
22.109643936157227,101349,2230648,2235432,2233106,542496,0,712,0
22.143065929412842,101349,2230648,2235432,2233106,542496,0,712,0
22.176501989364624,101349,2230648,2235432,2233106,542496,0,712,0
22.209759950637817,101349,2230648,2235432,2233106,542496,0,712,0
22.242573022842407,101349,2230648,2235432,2233106,542496,0,712,0
22.275629997253418,101349,2230648,2235432,2233106,542496,0,712,0
22.308990001678467,101349,2230648,2235432,2233106,542496,0,712,0
22.34164810180664,101349,2230648,2235432,2233106,542496,0,712,0
22.37528896331787,101349,2230648,2235432,2233106,542496,0,712,0
22.408709049224854,101349,2230648,2235432,2233106,542496,0,712,0
22.44268012046814,101349,2230648,2235432,2233106,542496,0,712,0
22.475549936294556,101349,2230648,2235432,2233106,542496,0,712,0
22.50915503501892,101349,2230648,2219688,2233106,542496,0,711,0
22.543514013290405,101349,2186824,2157736,2189282,542496,0,710,0
22.577665090560913,101349,2125776,2097448,2128234,542496,0,709,0
22.61128306388855,101349,2065116,2036648,2067574,542496,0,708,0
22.644810914993286,101349,2004088,1977256,2006546,542496,0,706,0
22.677114009857178,101349,1944508,1918888,1946966,542496,0,705,0
22.70902705192566,101349,1886304,1862568,1888762,542496,0,704,0
22.73976492881775,101349,1830156,1807656,1832614,542496,0,703,0
22.769596099853516,101349,1774992,1753512,1777450,542496,0,702,0
22.798988103866577,101349,1720376,1700008,1722834,542496,0,700,0
22.827956914901733,101349,1667104,1647656,1669562,542496,0,700,0
22.856367111206055,101349,1614604,1596456,1617062,542496,0,698,0
22.884028911590576,101349,1563628,1546152,1566086,542496,0,698,0
22.911564111709595,101349,1512928,1496360,1515386,542496,0,696,0
22.93802499771118,101349,1462776,1446952,1465234,542496,0,696,0
22.964060068130493,101349,1413080,1398056,1415538,542496,0,694,0
22.990417003631592,101349,1364340,1349160,1366798,542496,0,694,0
23.01683807373047,101349,1315516,1301032,1317974,542496,0,692,0
23.042853116989136,101349,1267272,1253800,1269730,542496,0,692,0
23.06847906112671,101349,1219972,1207208,1222430,542496,0,690,0
23.093591928482056,101349,1173624,1162024,1176082,542496,0,690,0
23.118026971817017,101349,1128376,1117608,1130834,542496,0,689,0
23.14182710647583,101349,1083768,1073704,1086226,542496,0,688,0
23.164998054504395,101349,1039836,1030440,1042294,542496,0,687,0
23.188013076782227,101349,996416,987688,998874,542496,0,686,0
23.21104407310486,101349,953836,944808,956294,542496,0,686,0
23.234292030334473,101349,911252,903080,913710,542496,0,684,0
23.25715708732605,101349,869220,861992,871678,542496,0,684,0
23.279431104660034,101349,828036,821416,830494,542496,0,683,0
23.30133295059204,101349,787584,781480,790042,542496,0,682,0
23.322915077209473,101349,747304,741800,749762,542496,0,681,0
23.344207048416138,101349,707632,702504,710090,542496,0,680,0
23.36509394645691,101349,668292,663592,670750,542496,0,680,0
23.38589310646057,101349,629200,625320,631658,542496,0,679,0
23.40630793571472,101349,591176,587688,593634,542496,0,678,0
23.426482915878296,101349,553304,550184,555762,542496,0,678,0
23.446531057357788,101349,515836,513320,518294,542496,0,676,0
23.466531991958618,101349,478984,477224,481442,542496,0,676,0
23.485965967178345,101349,442832,441640,445290,542496,0,675,0
23.505074977874756,101349,407356,407336,409814,542496,0,674,0
23.52379012107849,101349,372392,372264,374850,542496,0,674,0
23.541969060897827,101349,337620,337832,340078,542496,0,673,0
23.55996298789978,101349,303096,304040,305554,542496,0,672,0
23.577760934829712,101349,269080,270376,271538,542496,0,672,0
23.5956609249115,101349,236004,237480,238462,542496,0,671,0
23.61312699317932,101349,202812,204840,205270,542496,0,670,0
23.63033699989319,101349,170032,172584,172490,542496,0,670,0
23.647249937057495,101349,138112,140968,140570,542496,0,669,0
23.66452407836914,101349,133560,138408,136018,542496,0,669,0
23.681591033935547,101349,133560,138408,136018,542496,0,669,0
23.69845700263977,101349,133560,138408,136018,542496,0,669,0
23.715012073516846,101349,133560,138408,136018,542496,0,669,0
23.731585025787354,101349,133560,138408,136018,542496,0,669,0
23.748055934906006,101349,133560,138408,136018,542496,0,669,0
23.764617919921875,101349,133560,138408,136018,542496,0,669,0
23.781585931777954,101349,133560,138408,136018,542496,0,669,0
23.798244953155518,101349,133560,138408,136018,542496,0,669,0
23.81529998779297,101349,133560,138408,136018,542496,0,669,0
23.83208703994751,101349,133560,138408,136018,542496,0,669,0
23.84877300262451,101349,133560,138408,136018,542496,0,669,0
23.86576509475708,101349,133560,138408,136018,542496,0,669,0
23.88307213783264,101349,133560,138408,136018,542496,0,669,0
23.899632930755615,101349,133560,138408,136018,542496,0,669,0
23.91608691215515,101349,133560,138408,136018,542496,0,669,0
23.93264102935791,101349,133560,138408,136018,542496,0,669,0
23.949181079864502,101349,133560,138408,136018,542496,0,669,0
23.96558713912964,101349,133560,138408,136018,542496,0,669,0
23.98164391517639,101349,133560,138408,136018,542496,0,669,0
23.997659921646118,101349,133560,138408,136018,542496,0,669,0
24.01400399208069,101349,133560,138408,136018,542496,0,669,0
24.03050208091736,101349,133560,138408,136018,542496,0,669,0
24.046983003616333,101349,133560,138408,136018,542496,0,669,0
24.063390970230103,101349,133560,138408,136018,542496,0,669,0
24.079591035842896,101349,133560,138408,136018,542496,0,669,0
24.09572410583496,101349,133560,138408,136018,542496,0,669,0
24.11209511756897,101349,133560,138408,136018,542496,0,669,0
24.1284019947052,101349,133560,138408,136018,542496,0,669,0
24.144609928131104,101349,133560,138408,136018,542496,0,669,0
24.161113023757935,101349,133560,138408,136018,542496,0,669,0
24.177529096603394,101349,133560,138408,136018,542496,0,669,0
24.19394612312317,101349,133560,138408,136018,542496,0,669,0
24.210432052612305,101349,133560,138408,136018,542496,0,669,0
24.2270929813385,101349,133560,138408,136018,542496,0,669,0
24.243639945983887,101349,133560,138408,136018,542496,0,669,0
24.260303020477295,101349,133560,138408,136018,542496,0,669,0
24.27661895751953,101349,133560,138408,136018,542496,0,669,0
24.293153047561646,101349,133560,138408,136018,542496,0,669,0
24.30956506729126,101349,133560,138408,136018,542496,0,669,0
24.32570791244507,101349,133560,138408,136018,542496,0,669,0
24.342140913009644,101349,133560,138408,136018,542496,0,669,0
24.35856008529663,101349,133560,138408,136018,542496,0,669,0
24.374583959579468,101349,133560,138408,136018,542496,0,669,0
24.390984058380127,101349,133560,138408,136018,542496,0,669,0
24.4076030254364,101349,133560,138408,136018,542496,0,669,0
24.424547910690308,101349,133560,138408,136018,542496,0,669,0
24.44129490852356,101349,133560,138408,136018,542496,0,669,0
24.458264112472534,101349,133560,138408,136018,542496,0,669,0
24.47512412071228,101349,133560,138408,136018,542496,0,669,0
24.491769075393677,101349,133560,138408,136018,542496,0,669,0
24.508992910385132,101349,133560,138408,136018,542496,0,669,0
24.52628993988037,101349,133560,138408,136018,542496,0,669,0
24.54315495491028,101349,133560,138408,136018,542496,0,669,0
24.56038212776184,101349,133560,138408,136018,542496,0,669,0
24.577436923980713,101349,133560,138408,136018,542496,0,669,0
24.59397292137146,101349,133560,138408,136018,542496,0,669,0
24.610445022583008,101349,133560,138408,136018,542496,0,669,0
24.62665295600891,101349,133560,138408,136018,542496,0,669,0
24.64314913749695,101349,133560,138408,136018,542496,0,669,0
24.659455060958862,101349,133560,138408,136018,542496,0,669,0
24.675590991973877,101349,133560,138408,136018,542496,0,669,0
24.692276000976562,101349,133560,138408,136018,542496,0,669,0
24.709100008010864,101349,133560,138408,136018,542496,0,669,0
24.725731134414673,101349,133560,138408,136018,542496,0,669,0
24.7425799369812,101349,133560,138408,136018,542496,0,669,0
24.759042024612427,101349,133560,138408,136018,542496,0,669,0
24.77557396888733,101349,133560,138408,136018,542496,0,669,0
24.791681051254272,101349,133560,138408,136018,542496,0,669,0
24.808104038238525,101349,133560,138408,136018,542496,0,669,0
24.824615955352783,101349,133560,138408,136018,542496,0,669,0
24.84160804748535,101349,133560,138408,136018,542496,0,669,0
24.85832691192627,101349,133560,138408,136018,542496,0,669,0
24.87461495399475,101349,133560,138408,136018,542496,0,669,0
24.891083002090454,101349,133560,138408,136018,542496,0,669,0
24.907448053359985,101349,133560,138408,136018,542496,0,669,0
24.923738956451416,101349,133560,138408,136018,542496,0,669,0
24.940074920654297,101349,133560,138408,136018,542496,0,669,0
24.956526041030884,101349,133560,138408,136018,542496,0,669,0
24.97295904159546,101349,133560,138408,136018,542496,0,669,0
24.9893159866333,101349,133560,138408,136018,542496,0,669,0
25.00570297241211,101349,133560,138408,136018,542496,0,669,0
25.022751092910767,101349,133560,138408,136018,542496,0,669,0
25.039570093154907,101349,133560,138408,136018,542496,0,669,0
25.05613398551941,101349,133560,138408,136018,542496,0,669,0
25.072592973709106,101349,133560,138408,136018,542496,0,669,0
25.08907413482666,101349,133560,138408,136018,542496,0,669,0
25.10544204711914,101349,133560,138408,136018,542496,0,669,0
25.12158703804016,101349,133560,138408,136018,542496,0,669,0
25.138023138046265,101349,133560,138408,136018,542496,0,669,0
25.154546976089478,101349,133560,138408,136018,542496,0,669,0
25.17136001586914,101349,133560,138408,136018,542496,0,669,0
25.1881320476532,101349,133560,138408,136018,542496,0,669,0
25.204740047454834,101349,133560,138408,136018,542496,0,669,0
25.221972942352295,101349,133560,138408,136018,542496,0,669,0
25.239145040512085,101349,133560,138408,136018,542496,0,669,0
25.25600004196167,101349,133560,138408,136018,542496,0,669,0
25.27309799194336,101349,133560,138408,136018,542496,0,669,0
25.290257930755615,101349,133560,138408,136018,542496,0,669,0
25.30726909637451,101349,133560,138408,136018,542496,0,669,0
25.324100971221924,101349,133560,138408,136018,542496,0,669,0
25.341068983078003,101349,133560,138408,136018,542496,0,669,0
25.35804510116577,101349,133560,138408,136018,542496,0,669,0
25.37525200843811,101349,133560,138408,136018,542496,0,669,0
25.39178705215454,101349,133560,138408,136018,542496,0,669,0
25.408633947372437,101349,133560,138408,136018,542496,0,669,0
25.425631999969482,101349,133560,138408,136018,542496,0,669,0
25.44226908683777,101349,133560,138408,136018,542496,0,669,0
25.458606004714966,101349,133560,138408,136018,542496,0,669,0
25.474967002868652,101349,133560,138408,136018,542496,0,669,0
25.49146294593811,101349,133560,138408,136018,542496,0,669,0
25.50758409500122,101349,133560,138408,136018,542496,0,669,0
25.523684978485107,101349,133560,138408,136018,542496,0,669,0
25.54028010368347,101349,133560,138408,136018,542496,0,669,0
25.556605100631714,101349,133560,138408,136018,542496,0,669,0
25.573015928268433,101349,133560,138408,136018,542496,0,669,0
25.589566946029663,101349,133560,138408,136018,542496,0,669,0
25.605664014816284,101349,133560,138408,136018,542496,0,669,0
25.622039079666138,101349,133560,138408,136018,542496,0,669,0
25.63858199119568,101349,133560,138408,136018,542496,0,669,0
25.65467596054077,101349,133560,138408,136018,542496,0,669,0
25.670968055725098,101349,133560,138408,136018,542496,0,669,0
25.687636137008667,101349,133560,138408,136018,542496,0,669,0
25.704603910446167,101349,133560,138408,136018,542496,0,669,0
25.721374988555908,101349,133560,138408,136018,542496,0,669,0
25.738254070281982,101349,133560,138408,136018,542496,0,669,0
25.755093097686768,101349,133560,138408,136018,542496,0,669,0
25.77194309234619,101349,133560,138408,136018,542496,0,669,0
25.788814067840576,101349,133560,138408,136018,542496,0,669,0
25.805593013763428,101349,133560,138408,136018,542496,0,669,0
25.822701930999756,101349,133560,138408,136018,542496,0,669,0
25.83950114250183,101349,133560,138408,136018,542496,0,669,0
25.85632300376892,101349,133560,138408,136018,542496,0,669,0
25.873323917388916,101349,133560,138408,136018,542496,0,669,0
25.890042066574097,101349,133560,138408,136018,542496,0,669,0
25.906929969787598,101349,133560,138408,136018,542496,0,669,0
25.92383098602295,101349,133560,138408,136018,542496,0,669,0
25.940858125686646,101349,133560,138408,136018,542496,0,669,0
25.957988023757935,101349,133560,138408,136018,542496,0,669,0
25.974750995635986,101349,133560,138408,136018,542496,0,669,0
25.991626977920532,101349,133560,138408,136018,542496,0,669,0
26.008440017700195,101349,133560,138408,136018,542496,0,669,0
26.025301933288574,101349,133560,138408,136018,542496,0,669,0
26.042213916778564,101349,133560,138408,136018,542496,0,669,0
26.059087991714478,101349,133560,138408,136018,542496,0,669,0
26.07596206665039,101349,133560,138408,136018,542496,0,669,0
26.092782020568848,101349,133560,138408,136018,542496,0,669,0
26.109529972076416,101349,133560,138408,136018,542496,0,669,0
26.126399040222168,101349,133560,138408,136018,542496,0,669,0
26.14328408241272,101349,133560,138408,136018,542496,0,669,0
26.1600661277771,101349,139144,144936,141602,543715,0,669,0
26.177058935165405,101349,147532,153256,149990,545802,0,669,0
26.194252967834473,101349,155944,161704,158402,547892,0,670,0
26.21134305000305,101349,164440,170152,166898,550004,0,670,0
26.228568077087402,101349,173016,178728,175474,552136,0,670,0
26.245984077453613,101349,181600,187432,184058,554272,0,670,0
26.263742923736572,101349,190168,195880,192626,556404,0,670,0
26.28148102760315,101349,198836,204584,201294,558557,0,670,0
26.29947304725647,101349,207564,213288,210022,560726,0,670,0
26.317466974258423,101349,216288,221992,218746,562913,0,671,0
26.33538794517517,101349,225072,230824,227530,565079,0,671,0
26.35350203514099,101349,233976,239784,236434,567291,0,671,0
26.372031927108765,101349,242808,248616,245266,569490,0,671,0
26.390476942062378,101349,251736,257448,254194,571711,0,672,0
26.408807039260864,101349,260704,266408,263162,573940,0,672,0
26.427278995513916,101349,269768,275496,272226,576195,0,672,0
26.445855140686035,101349,278920,284712,281378,578469,0,672,0
26.464599132537842,101349,288128,293800,290586,580759,0,672,0
26.483393907546997,101349,297312,303016,299770,583059,0,672,0
26.502222061157227,101349,306608,312360,309066,585357,0,672,0
26.52108097076416,101349,316016,321832,318474,587695,0,673,0
26.540215015411377,101349,325460,331176,327918,590047,0,673,0
26.559394121170044,101349,334940,340648,337398,592400,0,673,0
26.57905411720276,101349,344380,350120,346838,594748,0,673,0
26.598532915115356,101349,353852,359592,356310,597118,0,674,0
26.617928981781006,101349,363476,369192,365934,599497,0,674,0
26.637629985809326,101349,373212,378920,375670,601920,0,674,0
26.65751314163208,101349,383192,388904,385650,604399,0,674,0
26.677722930908203,101349,392848,398504,395306,606808,0,674,0
26.697643041610718,101349,402592,408360,405050,609237,0,674,0
26.717584133148193,101349,412456,418216,414914,611677,0,674,0
26.737630128860474,101349,422308,428072,424766,614136,0,675,0
26.757667064666748,101349,432212,437928,434670,616596,0,675,0
26.77784490585327,101349,440764,445480,443222,619068,0,675,0
26.798535108566284,101349,448988,454696,451446,620773,0,676,0
26.818861961364746,101349,458976,464680,461434,623268,0,676,0
26.83929991722107,101349,469012,474664,471470,625757,0,676,0
26.859868049621582,101349,479136,484776,481594,628274,0,676,0
26.880542993545532,101349,489328,495016,491786,630805,0,676,0
26.90129804611206,101349,499540,505256,501998,633355,0,676,0
26.922197103500366,101349,509856,515496,512314,635912,0,676,0
26.943121910095215,101349,520116,525864,522574,638465,0,677,0
26.963987112045288,101349,530424,536104,532882,641042,0,677,0
26.985080003738403,101349,540956,546600,543414,643633,0,677,0
27.006521940231323,101349,551356,557096,553814,646231,0,678,0
27.02788209915161,101349,561864,567464,564322,648845,0,678,0
27.049242973327637,101349,572432,578088,574890,651485,0,678,0
27.070785999298096,101349,583000,588712,585458,654114,0,678,0
27.092278957366943,101349,593696,599336,596154,656763,0,678,0
27.114069938659668,101349,604368,610088,606826,659437,0,678,0
27.135930061340332,101349,615164,620840,617622,662103,0,679,0
27.15769910812378,101349,626048,631720,628506,664807,0,679,0
27.179924964904785,101349,636892,642600,639350,667520,0,679,0
27.202096939086914,101349,647792,653480,650250,670236,0,680,0
27.224535942077637,101349,658876,664488,661334,672975,0,680,0
27.24689292907715,101349,669904,675496,672362,675735,0,680,0
27.269397974014282,101349,681040,686632,683498,678494,0,680,0
27.291993141174316,101349,692176,697768,694634,681270,0,680,0
27.314621925354004,101349,703396,709032,705854,684044,0,680,0
27.337342023849487,101349,714692,720296,717150,686859,0,681,0
27.360311031341553,101349,725980,731560,728438,689682,0,681,0
27.383336067199707,101349,737352,742952,739810,692502,0,681,0
27.406539916992188,101349,748708,754344,751166,695345,0,682,0
27.430066108703613,101349,760232,765864,762690,698181,0,682,0
27.453444004058838,101349,771812,777384,774270,701061,0,682,0
27.476973056793213,101349,783392,789032,785850,703955,0,682,0
27.500500917434692,101349,795016,800680,797474,706846,0,682,0
27.52421808242798,101349,806668,812328,809126,709752,0,682,0
27.547987937927246,101349,818380,823976,820838,712658,0,683,0
27.571726083755493,101349,830220,835880,832678,715604,0,683,0
27.595953941345215,101349,842192,847784,844650,718562,0,684,0
27.62030005455017,101349,854060,859688,856518,721560,0,684,0
27.644695043563843,101349,866104,871720,868562,724519,0,684,0
27.669064044952393,101349,878152,883752,880610,727540,0,684,0
27.693551063537598,101349,890264,895912,892722,730550,0,684,0
27.718065977096558,101349,902412,908072,904870,733568,0,684,0
27.742697954177856,101349,914624,920232,917082,736608,0,685,0
27.767681121826172,101349,926884,932520,929342,739656,0,685,0
27.79261612892151,101349,939160,944680,941618,742723,0,686,0
27.817639112472534,101349,951596,957224,954054,745788,0,686,0
27.842849016189575,101349,961820,967336,964278,748358,0,686,0
27.86792492866516,101349,974180,979752,976638,751456,0,686,0
27.893043041229248,101349,986592,992168,989050,754537,0,686,0
27.918375968933105,101349,999040,1004584,1001498,757645,0,686,0
27.943805932998657,101349,1011656,1017256,1014114,760751,0,687,0
27.969325065612793,101349,1024260,1029800,1026718,763920,0,687,0
27.994909048080444,101349,1036864,1042472,1039322,767054,0,687,0
28.020434141159058,101349,1049724,1055272,1052182,770213,0,688,0
28.0465829372406,101349,1062352,1067944,1064810,773405,0,688,0
28.072472095489502,101349,1075112,1080616,1077570,776585,0,688,0
28.09834909439087,101349,1088000,1093544,1090458,779768,0,688,0
28.124634981155396,101349,1100980,1106472,1103438,782994,0,688,0
28.151005029678345,101349,1113916,1119400,1116374,786243,0,689,0
28.177375078201294,101349,1126916,1132456,1129374,789460,0,689,0
28.203856945037842,101349,1139888,1145384,1142346,792727,0,690,0
28.230199098587036,101349,1153152,1158696,1155610,795958,0,690,0
28.257511138916016,101349,1166304,1171752,1168762,799245,0,690,0
28.28438091278076,101349,1179504,1185064,1181962,802573,0,690,0
28.311222076416016,101349,1192692,1198248,1195150,805858,0,690,0
28.337988138198853,101349,1206120,1211688,1208578,809161,0,691,0
28.365262031555176,101349,1219520,1225000,1221978,812507,0,691,0
28.3924880027771,101349,1232872,1238440,1235330,815870,0,691,0
28.419640064239502,101349,1246384,1251880,1248842,819188,0,692,0
28.447130918502808,101349,1259948,1265448,1262406,822585,0,692,0
28.474885940551758,101349,1273632,1279144,1276090,825980,0,692,0
28.502516984939575,101349,1287352,1292840,1289810,829384,0,692,0
28.530270099639893,101349,1301152,1306664,1303610,832829,0,693,0
28.558370113372803,101349,1314840,1320360,1317298,836271,0,693,0
28.586055040359497,101349,1328560,1334056,1331018,839692,0,693,0
28.61390709877014,101349,1342528,1348008,1344986,843130,0,694,0
28.642056941986084,101349,1356496,1361960,1358954,846620,0,694,0
28.67054796218872,101349,1370192,1375656,1372650,850071,0,694,0
28.698090076446533,101349,1384072,1389480,1386530,853515,0,694,0
28.725871086120605,101349,1399656,1405096,1402114,857385,0,695,0
28.7570641040802,101349,1413700,1419176,1416158,860882,0,695,0
28.785584926605225,101349,1428000,1433512,1430458,864405,0,695,0
28.814482927322388,101349,1442204,1447720,1444662,867982,0,696,0
28.843379020690918,101349,1456484,1461928,1458942,871522,0,696,0
28.872684955596924,101349,1468692,1474088,1471150,875083,0,696,0
28.901855945587158,101349,1483120,1488552,1485578,878133,0,696,0
28.9311101436615,101349,1497676,1503144,1500134,881747,0,696,0
28.960572004318237,101349,1512284,1517736,1514742,885388,0,697,0
28.989897966384888,101349,1526920,1532328,1529378,889032,0,697,0
29.019388914108276,101349,1541496,1546920,1543954,892707,0,698,0
29.048918962478638,101349,1556064,1561512,1558522,896335,0,698,0
29.078750133514404,101349,1570588,1575976,1573046,899976,0,698,0
29.108590126037598,101349,1585256,1590696,1587714,903613,0,698,0
29.138245105743408,101349,1600188,1605544,1602646,907271,0,699,0
29.16851806640625,101349,1615160,1620520,1617618,911001,0,699,0
29.198681116104126,101349,1630188,1635624,1632646,914747,0,700,0
29.22901701927185,101349,1645304,1650728,1647762,918512,0,700,0
29.259445905685425,101349,1660532,1665960,1662990,922284,0,700,0
29.29009199142456,101349,1675640,1681064,1678098,926095,0,700,0
29.32085108757019,101349,1690972,1696296,1693430,929876,0,700,0
29.35161590576172,101349,1706240,1711656,1708698,933697,0,701,0
29.382519006729126,101349,1721484,1726888,1723942,937530,0,701,0
29.413239002227783,101349,1736636,1741992,1739094,941317,0,702,0
29.443684101104736,101349,1752180,1757608,1754638,945119,0,702,0
29.475022077560425,101349,1767896,1773224,1770354,949002,0,702,0
29.506968021392822,101349,1783424,1788840,1785882,952904,0,702,0
29.538492918014526,101349,1799116,1804456,1801574,956812,0,703,0
29.57027792930603,101349,1814820,1820200,1817278,960725,0,703,0
29.602023124694824,101349,1830604,1835944,1833062,964662,0,704,0
29.633840084075928,101349,1846436,1851816,1848894,968603,0,704,0
29.66573190689087,101349,1862328,1867688,1864786,972558,0,704,0
29.69807004928589,101349,1877924,1883304,1880382,976538,0,704,0
29.730315923690796,101349,1893692,1899048,1896150,980430,0,705,0
29.762370109558105,101349,1909508,1914792,1911966,984373,0,705,0
29.794538974761963,101349,1925628,1930920,1928086,988335,0,706,0
29.827194929122925,101349,1941764,1947048,1944222,992354,0,706,0
29.859673976898193,101349,1957980,1963304,1960438,996391,0,706,0
29.89257001876831,101349,1974452,1979816,1976910,1000451,0,706,0
29.925729036331177,101349,1988648,1993896,1991106,1004017,0,706,0
29.958662033081055,101349,2005040,2010408,2007498,1008097,0,707,0
29.992016077041626,101349,2021524,2026792,2023982,1012208,0,707,0
30.025346994400024,101349,2037776,2043048,2040234,1016319,0,708,0
30.05814003944397,101349,2054072,2059304,2056530,1020382,0,708,0
30.091278076171875,101349,2070700,2075944,2073158,1024443,0,708,0
30.125375986099243,101349,2087260,2092584,2089718,1028628,0,708,0
30.15890407562256,101349,2103968,2109224,2106426,1032744,0,709,0
30.192502975463867,101349,2120800,2126120,2123258,1036932,0,709,0
30.226421117782593,101349,2137364,2142632,2139822,1041128,0,710,0
30.259855031967163,101349,2153948,2159144,2156406,1045273,0,710,0
30.293498992919922,101349,2170960,2176168,2173418,1049412,0,710,0
30.328216075897217,101349,2187580,2192808,2190038,1053678,0,710,0
30.36201810836792,101349,2204280,2209576,2206738,1057816,0,711,0
30.39591097831726,101349,2221416,2226600,2223874,1061986,0,712,0
30.43066906929016,101349,2230616,2235432,2233074,1066283,0,712,0
30.465380907058716,101349,2230644,2235432,2233102,1066771,0,712,0
30.49929714202881,101349,2230644,2235432,2233102,1066771,0,712,0
30.53273296356201,101349,2230644,2235432,2233102,1066771,0,712,0
30.566690921783447,101349,2230644,2235432,2233102,1066771,0,712,0
30.600462913513184,101349,2230644,2235432,2233102,1066771,0,712,0
30.63415813446045,101349,2230644,2235432,2233102,1066771,0,712,0
30.667603969573975,101349,2230644,2235432,2233102,1066771,0,712,0
30.701754093170166,101349,2230644,2235432,2233102,1066771,0,712,0
30.735445976257324,101349,2230644,2235432,2233102,1066771,0,712,0
30.771138906478882,101349,2230644,2235432,2233102,1066771,0,712,0
30.805025100708008,101349,2230644,2235432,2233102,1066771,0,712,0
30.838676929473877,101349,2230644,2235432,2233102,1066771,0,712,0
30.87222695350647,101349,2230644,2235432,2233102,1066771,0,712,0
30.90610909461975,101349,2230644,2235432,2233102,1066771,0,712,0
30.939677000045776,101349,2230644,2235432,2233102,1066771,0,712,0
30.973644971847534,101349,2230644,2235432,2233102,1066771,0,712,0
31.007417917251587,101349,2230644,2235432,2233102,1066771,0,712,0
31.040765047073364,101349,2230644,2235432,2233102,1066771,0,712,0
31.073682069778442,101349,2230644,2235432,2233102,1066771,0,712,0
31.10642409324646,101349,2230644,2235432,2233102,1066771,0,712,0
31.13977599143982,101349,2230644,2235432,2233102,1066771,0,712,0
31.173583984375,101349,2230644,2235432,2233102,1066771,0,712,0
31.207026958465576,101349,2230644,2235432,2233102,1066771,0,712,0
31.240493059158325,101349,2230644,2235432,2233102,1066771,0,712,0
31.2742121219635,101349,2230644,2235432,2233102,1066771,0,712,0
31.30762004852295,101349,2230644,2235432,2233102,1066771,0,712,0
31.341563940048218,101349,2230644,2235432,2233102,1066771,0,712,0
31.375534057617188,101349,2230644,2235432,2233102,1066771,0,712,0
31.409058094024658,101349,2230644,2235432,2233102,1066771,0,712,0
31.442596912384033,101349,2230644,2235432,2233102,1066771,0,712,0
31.47577404975891,101349,2230644,2235432,2233102,1066771,0,712,0
31.509067058563232,101349,2230644,2235432,2233102,1066771,0,712,0
31.54268503189087,101349,2230644,2235432,2233102,1066771,0,712,0
31.57638192176819,101349,2230644,2235432,2233102,1066771,0,712,0
31.610045909881592,101349,2230644,2235432,2233102,1066771,0,712,0
31.643692016601562,101349,2230644,2235432,2233102,1066771,0,712,0
31.680145978927612,101349,2230644,2235432,2233102,1066771,0,712,0
31.713670015335083,101349,2230644,2235432,2233102,1066771,0,712,0
31.747402906417847,101349,2230644,2235432,2233102,1066771,0,712,0
31.781250953674316,101349,2230644,2235432,2233102,1066771,0,712,0
31.814707040786743,101349,2230644,2235432,2233102,1066771,0,712,0
31.847398042678833,101349,2230644,2235432,2233102,1066771,0,712,0
31.881115913391113,101349,2230644,2235432,2233102,1066771,0,712,0
31.914672136306763,101349,2230644,2235432,2233102,1066771,0,712,0
31.948354959487915,101349,2230644,2235432,2233102,1066771,0,712,0
31.982417106628418,101349,2230644,2235432,2233102,1066771,0,712,0
32.016140937805176,101349,2230644,2235432,2233102,1066771,0,712,0
32.04865503311157,101349,2230644,2235432,2233102,1066771,0,712,0
32.082350969314575,101349,2230644,2235432,2233102,1066771,0,712,0
32.11570501327515,101349,2230644,2235432,2233102,1066771,0,712,0
32.14935302734375,101349,2230644,2235432,2233102,1066771,0,712,0
32.18267107009888,101349,2230644,2235432,2233102,1066771,0,712,0
32.216618061065674,101349,2230644,2235432,2233102,1066771,0,712,0
32.250380992889404,101349,2230644,2235432,2233102,1066771,0,712,0
32.28372597694397,101349,2230644,2235432,2233102,1066771,0,712,0
32.31729507446289,101349,2230644,2235432,2233102,1066771,0,712,0
32.35081505775452,101349,2230644,2235432,2233102,1066771,0,712,0
32.38436794281006,101349,2230644,2235432,2233102,1066771,0,712,0
32.41803598403931,101349,2230644,2235432,2233102,1066771,0,712,0
32.45166802406311,101349,2220140,2189224,2222598,1066771,0,710,0
32.4854531288147,101349,2156876,2127912,2159334,1066771,0,710,0
32.51924800872803,101349,2095696,2068264,2098154,1066771,0,708,0
32.551846981048584,101349,2035912,2009896,2038370,1066771,0,707,0
32.58359909057617,101349,1976992,1951528,1979450,1066771,0,706,0
32.61552906036377,101349,1918560,1894440,1921018,1066771,0,704,0
32.64683413505554,101349,1861456,1837352,1863914,1066771,0,704,0
32.67770195007324,101349,1804204,1781160,1806662,1066771,0,702,0
32.708049058914185,101349,1748176,1726248,1750634,1066771,0,701,0
32.7377290725708,101349,1693320,1672232,1695778,1066771,0,700,0
32.76693606376648,101349,1639288,1619112,1641746,1066771,0,699,0
32.795653104782104,101349,1586208,1566888,1588666,1066771,0,698,0
32.82437992095947,101349,1533916,1515816,1536374,1066771,0,697,0
32.8520929813385,101349,1482364,1465128,1484822,1066771,0,696,0
32.879300117492676,101349,1431768,1415080,1434226,1066771,0,695,0
32.906156063079834,101349,1381836,1366056,1384294,1066771,0,694,0
32.93250393867493,101349,1332740,1318696,1335198,1066771,0,693,0
32.958133935928345,101349,1285040,1270696,1287498,1066771,0,692,0
32.98385500907898,101349,1237356,1223976,1239814,1066771,0,691,0
33.00896406173706,101349,1190388,1178280,1192846,1066771,0,690,0
33.03406596183777,101349,1144260,1132200,1146718,1066771,0,689,0
33.058552980422974,101349,1098912,1087784,1101370,1066771,0,688,0
33.08263397216797,101349,1054004,1043368,1056462,1066771,0,688,0
33.10643911361694,101349,1009800,1000104,1012258,1066771,0,686,0
33.1298930644989,101349,966140,957736,968598,1066771,0,686,0
33.15260195732117,101349,923716,915112,926174,1066771,0,685,0
33.175537109375,101349,881320,873512,883778,1066771,0,684,0
33.19790601730347,101349,839692,833064,842150,1066771,0,683,0
33.21964502334595,101349,798956,792488,801414,1066771,0,682,0
33.24195313453674,101349,757792,752168,760250,1066771,0,682,0
33.263554096221924,101349,717668,712232,720126,1066771,0,680,0
33.28465795516968,101349,678148,673320,680606,1066771,0,680,0
33.30531597137451,101349,639180,634792,641638,1066771,0,679,0
33.32583713531494,101349,600692,597416,603150,1066771,0,678,0
33.34585499763489,101349,562780,559656,565238,1066771,0,678,0
33.36585307121277,101349,525380,523176,527838,1066771,0,677,0
33.38543200492859,101349,488880,486568,491338,1066771,0,676,0
33.40485191345215,101349,452296,450728,454754,1066771,0,675,0
33.424124002456665,101349,416352,415400,418810,1066771,0,674,0
33.44331502914429,101349,380816,380328,383274,1066771,0,674,0
33.46204113960266,101349,345784,345896,348242,1066771,0,673,0
33.48044204711914,101349,311304,311720,313762,1066771,0,672,0
33.49857306480408,101349,277356,278184,279814,1066771,0,672,0
33.516515016555786,101349,243784,245288,246242,1066771,0,671,0
33.53406095504761,101349,210572,212392,213030,1066771,0,670,0
33.55151295661926,101349,177912,180264,180370,1066771,0,670,0
33.568772077560425,101349,145924,148648,148382,1066771,0,669,0
33.58584213256836,101349,133556,138408,136014,1066771,0,669,0
33.604636907577515,101349,133556,138408,136014,1066771,0,669,0
33.62174105644226,101349,133556,138408,136014,1066771,0,669,0
33.63861012458801,101349,133556,138408,136014,1066771,0,669,0
33.65573191642761,101349,133556,138408,136014,1066771,0,669,0
33.672648906707764,101349,133556,138408,136014,1066771,0,669,0
33.68961691856384,101349,133556,138408,136014,1066771,0,669,0
33.70635414123535,101349,133556,138408,136014,1066771,0,669,0
33.72346901893616,101349,133556,138408,136014,1066771,0,669,0
33.74005603790283,101349,133556,138408,136014,1066771,0,669,0
33.756564140319824,101349,133556,138408,136014,1066771,0,669,0
33.77302098274231,101349,133556,138408,136014,1066771,0,669,0
33.78949213027954,101349,133556,138408,136014,1066771,0,669,0
33.80598592758179,101349,133556,138408,136014,1066771,0,669,0
33.82237195968628,101349,133556,138408,136014,1066771,0,669,0
33.83863306045532,101349,133556,138408,136014,1066771,0,669,0
33.85505199432373,101349,133556,138408,136014,1066771,0,669,0
33.87154507637024,101349,133556,138408,136014,1066771,0,669,0
33.88767409324646,101349,133556,138408,136014,1066771,0,669,0
33.90427613258362,101349,133556,138408,136014,1066771,0,669,0
33.92108201980591,101349,133556,138408,136014,1066771,0,669,0
33.937992095947266,101349,133556,138408,136014,1066771,0,669,0
33.95463705062866,101349,133556,138408,136014,1066771,0,669,0
33.97157096862793,101349,133556,138408,136014,1066771,0,669,0
33.988150119781494,101349,133556,138408,136014,1066771,0,669,0
34.004607915878296,101349,133556,138408,136014,1066771,0,669,0
34.02110409736633,101349,133556,138408,136014,1066771,0,669,0
34.03756308555603,101349,133556,138408,136014,1066771,0,669,0
34.05402994155884,101349,133556,138408,136014,1066771,0,669,0
34.07049298286438,101349,133556,138408,136014,1066771,0,669,0
34.08661413192749,101349,133556,138408,136014,1066771,0,669,0
34.10275101661682,101349,133556,138408,136014,1066771,0,669,0
34.11930298805237,101349,133556,138408,136014,1066771,0,669,0
34.13608193397522,101349,133556,138408,136014,1066771,0,669,0
34.153018951416016,101349,133556,138408,136014,1066771,0,669,0
34.169662952423096,101349,133556,138408,136014,1066771,0,669,0
34.1865599155426,101349,133556,138408,136014,1066771,0,669,0
34.20335006713867,101349,133556,138408,136014,1066771,0,669,0
34.22031092643738,101349,133556,138408,136014,1066771,0,669,0
34.237077951431274,101349,133556,138408,136014,1066771,0,669,0
34.253663063049316,101349,133556,138408,136014,1066771,0,669,0
34.270612955093384,101349,133556,138408,136014,1066771,0,669,0
34.287588119506836,101349,133556,138408,136014,1066771,0,669,0
34.30414009094238,101349,133556,138408,136014,1066771,0,669,0
34.32056903839111,101349,133556,138408,136014,1066771,0,669,0
34.336950063705444,101349,133556,138408,136014,1066771,0,669,0
34.35341191291809,101349,133556,138408,136014,1066771,0,669,0
34.36961913108826,101349,133556,138408,136014,1066771,0,669,0
34.38613200187683,101349,133556,138408,136014,1066771,0,669,0
34.402738094329834,101349,133556,138408,136014,1066771,0,669,0
34.41954493522644,101349,133556,138408,136014,1066771,0,669,0
34.43646597862244,101349,133556,138408,136014,1066771,0,669,0
34.4532470703125,101349,133556,138408,136014,1066771,0,669,0
34.469537019729614,101349,133556,138408,136014,1066771,0,669,0
34.48571491241455,101349,133556,138408,136014,1066771,0,669,0
34.50209093093872,101349,133556,138408,136014,1066771,0,669,0
34.518513917922974,101349,133556,138408,136014,1066771,0,669,0
34.53466010093689,101349,133556,138408,136014,1066771,0,669,0
34.551060914993286,101349,133556,138408,136014,1066771,0,669,0
34.567424058914185,101349,133556,138408,136014,1066771,0,669,0
34.583373069763184,101349,133556,138408,136014,1066771,0,669,0
34.600449085235596,101349,133556,138408,136014,1066771,0,669,0
34.61733293533325,101349,133556,138408,136014,1066771,0,669,0
34.633716106414795,101349,133556,138408,136014,1066771,0,669,0
34.65006494522095,101349,133556,138408,136014,1066771,0,669,0
34.66649794578552,101349,133556,138408,136014,1066771,0,669,0
34.68311309814453,101349,133556,138408,136014,1066771,0,669,0
34.699559926986694,101349,133556,138408,136014,1066771,0,669,0
34.71604609489441,101349,133556,138408,136014,1066771,0,669,0
34.732813119888306,101349,133556,138408,136014,1066771,0,669,0
34.74950313568115,101349,133556,138408,136014,1066771,0,669,0
34.766063928604126,101349,133556,138408,136014,1066771,0,669,0
34.782607078552246,101349,133556,138408,136014,1066771,0,669,0
34.79929208755493,101349,133556,138408,136014,1066771,0,669,0
34.816102027893066,101349,133556,138408,136014,1066771,0,669,0
34.83273410797119,101349,133556,138408,136014,1066771,0,669,0
34.84968304634094,101349,133556,138408,136014,1066771,0,669,0
34.866517066955566,101349,133556,138408,136014,1066771,0,669,0
34.883469104766846,101349,133556,138408,136014,1066771,0,669,0
34.90061092376709,101349,133556,138408,136014,1066771,0,669,0
34.91755700111389,101349,133556,138408,136014,1066771,0,669,0
34.934468030929565,101349,133556,138408,136014,1066771,0,669,0
34.95133113861084,101349,133556,138408,136014,1066771,0,669,0
34.96762990951538,101349,133556,138408,136014,1066771,0,669,0
34.98406195640564,101349,133556,138408,136014,1066771,0,669,0
35.00059413909912,101349,133556,138408,136014,1066771,0,669,0
35.016977071762085,101349,133556,138408,136014,1066771,0,669,0
35.03334403038025,101349,133556,138408,136014,1066771,0,669,0
35.04963493347168,101349,133556,138408,136014,1066771,0,669,0
35.06590700149536,101349,133556,138408,136014,1066771,0,669,0
35.082245111465454,101349,133556,138408,136014,1066771,0,669,0
35.09863901138306,101349,133556,138408,136014,1066771,0,669,0
35.11510109901428,101349,133556,138408,136014,1066771,0,669,0
35.131603956222534,101349,133556,138408,136014,1066771,0,669,0
35.1484580039978,101349,133556,138408,136014,1066771,0,669,0
35.16534495353699,101349,133556,138408,136014,1066771,0,669,0
35.18199396133423,101349,133556,138408,136014,1066771,0,669,0
35.198665142059326,101349,133556,138408,136014,1066771,0,669,0
35.215559005737305,101349,133556,138408,136014,1066771,0,669,0
35.23236298561096,101349,133556,138408,136014,1066771,0,669,0
35.24920296669006,101349,133556,138408,136014,1066771,0,669,0
35.26609492301941,101349,133556,138408,136014,1066771,0,669,0
35.28268814086914,101349,133556,138408,136014,1066771,0,669,0
35.29957914352417,101349,133556,138408,136014,1066771,0,669,0
35.316221952438354,101349,133556,138408,136014,1066771,0,669,0
35.332672119140625,101349,133556,138408,136014,1066771,0,669,0
35.34939908981323,101349,133556,138408,136014,1066771,0,669,0
35.36609697341919,101349,133556,138408,136014,1066771,0,669,0
35.382548093795776,101349,133556,138408,136014,1066771,0,669,0
35.39895796775818,101349,133556,138408,136014,1066771,0,669,0
35.41539192199707,101349,133556,138408,136014,1066771,0,669,0
35.43163204193115,101349,133556,138408,136014,1066771,0,669,0
35.44798493385315,101349,133556,138408,136014,1066771,0,669,0
35.464394092559814,101349,133556,138408,136014,1066771,0,669,0
35.48067593574524,101349,133556,138408,136014,1066771,0,669,0
35.497048139572144,101349,133556,138408,136014,1066771,0,669,0
35.513673067092896,101349,133556,138408,136014,1066771,0,669,0
35.53101992607117,101349,133556,138408,136014,1066771,0,669,0
35.54808712005615,101349,133556,138408,136014,1066771,0,669,0
35.565268993377686,101349,133556,138408,136014,1066771,0,669,0
35.58222699165344,101349,133556,138408,136014,1066771,0,669,0
35.59903311729431,101349,133556,138408,136014,1066771,0,669,0
35.61598610877991,101349,133556,138408,136014,1066771,0,669,0
35.632851123809814,101349,133556,138408,136014,1066771,0,669,0
35.649781942367554,101349,133556,138408,136014,1066771,0,669,0
35.66647791862488,101349,133556,138408,136014,1066771,0,669,0
35.683342933654785,101349,133556,138408,136014,1066771,0,669,0
35.70022892951965,101349,133556,138408,136014,1066771,0,669,0
35.71712112426758,101349,133556,138408,136014,1066771,0,669,0
35.73399090766907,101349,133556,138408,136014,1066771,0,669,0
35.75078296661377,101349,133556,138408,136014,1066771,0,669,0
35.76753091812134,101349,133556,138408,136014,1066771,0,669,0
35.784279108047485,101349,133556,138408,136014,1066771,0,669,0
35.801023960113525,101349,133556,138408,136014,1066771,0,669,0
35.81809210777283,101349,133556,138408,136014,1066771,0,669,0
35.83482813835144,101349,133556,138408,136014,1066771,0,669,0
35.851536989212036,101349,133556,138408,136014,1066771,0,669,0
35.868412017822266,101349,133556,138408,136014,1066771,0,669,0
35.88518500328064,101349,133556,138408,136014,1066771,0,669,0
35.90194392204285,101349,133556,138408,136014,1066771,0,669,0
35.91881704330444,101349,133556,138408,136014,1066771,0,669,0
35.93590593338013,101349,133556,138408,136014,1066771,0,669,0
35.952739000320435,101349,133556,138408,136014,1066771,0,669,0
35.969537019729614,101349,133556,138408,136014,1066771,0,669,0
35.98637795448303,101349,133556,138408,136014,1066771,0,669,0
36.00308394432068,101349,133556,138408,136014,1066771,0,669,0
36.01993012428284,101349,133556,138408,136014,1066771,0,669,0
36.036571979522705,101349,133556,138408,136014,1066771,0,669,0
36.05346202850342,101349,133556,138408,136014,1066771,0,669,0
36.0701539516449,101349,133556,138408,136014,1066771,0,669,0
36.08704590797424,101349,140388,146216,142846,1068301,0,669,0
36.103991985321045,101349,148880,154664,151338,1070417,0,669,0
36.121201038360596,101349,157500,163240,159958,1072562,0,670,0
36.138598918914795,101349,166128,171944,168586,1074711,0,670,0
36.156063079833984,101349,174592,180264,177050,1076819,0,670,0
36.17340111732483,101349,183016,188712,185474,1078928,0,670,0
36.19090414047241,101349,191540,197288,193998,1081050,0,670,0
36.208471059799194,101349,200136,205864,202594,1083167,0,670,0
36.226155042648315,101349,208788,214568,211246,1085323,0,670,0
36.24398708343506,101349,217416,223144,219874,1087471,0,671,0
36.261719942092896,101349,226144,231848,228602,1089633,0,671,0
36.27961993217468,101349,234928,240680,237386,1091823,0,671,0
36.2975869178772,101349,243676,249384,246134,1094000,0,671,0
36.315838098526,101349,252536,258216,254994,1096199,0,672,0
36.334108114242554,101349,261440,267176,263898,1098419,0,672,0
36.352510929107666,101349,270472,276136,272930,1100657,0,672,0
36.37123513221741,101349,279452,285096,281910,1102893,0,672,0
36.38962697982788,101349,288352,294056,290810,1105127,0,672,0
36.408117055892944,101349,297448,303144,299906,1107368,0,672,0
36.42689800262451,101349,306568,312232,309026,1109637,0,672,0
36.4456570148468,101349,315772,321448,318230,1111925,0,673,0
36.46448802947998,101349,325080,330792,327538,1114239,0,673,0
36.4834361076355,101349,334432,340136,336890,1116564,0,673,0
36.502418994903564,101349,344276,349992,346734,1118997,0,673,0
36.52304792404175,101349,353732,359464,356190,1121378,0,674,0
36.54229211807251,101349,363232,368936,365690,1123731,0,674,0
36.5616569519043,101349,372808,378536,375266,1126108,0,674,0
36.58115601539612,101349,382408,388136,384866,1128501,0,674,0
36.60059595108032,101349,392000,397608,394458,1130882,0,674,0
36.62007403373718,101349,401616,407336,404074,1133292,0,674,0
36.63970398902893,101349,411336,417064,413794,1135695,0,674,0
36.659425020217896,101349,421092,426792,423550,1138119,0,675,0
36.67921590805054,101349,430972,436648,433430,1140580,0,675,0
36.69931197166443,101349,440760,445480,443218,1143030,0,675,0
36.719335079193115,101349,447640,453288,450098,1144722,0,676,0
36.73965907096863,101349,457616,463272,460074,1147211,0,676,0
36.76003313064575,101349,467832,473512,470290,1149734,0,676,0
36.780916929244995,101349,477864,483496,480322,1152248,0,676,0
36.80139493942261,101349,487968,493608,490426,1154751,0,676,0
36.82211494445801,101349,498116,503848,500574,1157277,0,676,0
36.843037128448486,101349,508332,513960,510790,1159826,0,676,0
36.86383104324341,101349,518548,524200,521006,1162371,0,677,0
36.88459610939026,101349,526748,533800,529206,1164930,0,677,0
36.90588593482971,101349,538460,544040,540918,1166819,0,677,0
36.92677712440491,101349,548612,554152,551070,1169357,0,678,0
36.94771194458008,101349,558964,564520,561422,1171916,0,678,0
36.96899104118347,101349,571556,577064,574014,1175048,0,678,0
36.99522399902344,101349,582044,587560,584502,1177660,0,678,0
37.01659893989563,101349,592604,598184,595062,1180287,0,678,0
37.03805112838745,101349,603160,608680,605618,1182926,0,678,0
37.05962896347046,101349,613804,619304,616262,1185574,0,679,0
37.081345081329346,101349,624428,629928,626886,1188205,0,679,0
37.10303592681885,101349,635164,640680,637622,1190877,0,679,0
37.12482213973999,101349,645912,651432,648370,1193555,0,680,0
37.146820068359375,101349,656636,662184,659094,1196216,0,680,0
37.16894507408142,101349,667584,673064,670042,1198912,0,680,0
37.19140100479126,101349,678528,684072,680986,1201671,0,680,0
37.21386408805847,101349,689532,695080,691990,1204398,0,680,0
37.23629403114319,101349,700564,706088,703022,1207157,0,680,0
37.258989095687866,101349,711652,717224,714110,1209901,0,681,0
37.281644105911255,101349,722780,728360,725238,1212669,0,681,0
37.30443596839905,101349,733992,739496,736450,1215468,0,681,0
37.32740902900696,101349,745248,750760,747706,1218261,0,682,0
37.35043406486511,101349,756392,761896,758850,1221042,0,682,0
37.373451948165894,101349,767844,773416,770302,1223882,0,682,0
37.396970987319946,101349,779308,784808,781766,1226732,0,682,0
37.420345067977905,101349,790740,796200,793198,1229584,0,682,0
37.44367003440857,101349,802316,807848,804774,1232452,0,682,0
37.46734094619751,101349,814016,819752,816474,1235347,0,683,0
37.491939067840576,101349,825936,831400,828394,1238327,0,683,0
37.51557993888855,101349,837544,843048,840002,1241228,0,683,0
37.53940796852112,101349,849404,854952,851862,1244156,0,684,0
37.563624143600464,101349,861124,866600,863582,1247065,0,684,0
37.58798408508301,101349,873184,878632,875642,1250048,0,684,0
37.61272096633911,101349,885252,890664,887710,1253081,0,684,0
37.637277126312256,101349,897284,902824,899742,1256087,0,684,0
37.66169810295105,101349,909344,914728,911802,1259077,0,685,0
37.68613290786743,101349,921472,926888,923930,1262110,0,685,0
37.710729122161865,101349,933616,939048,936074,1265127,0,685,0
37.73536801338196,101349,945772,951208,948230,1268162,0,686,0
37.76015496253967,101349,955884,961320,958342,1271213,0,686,0
37.78501009941101,101349,968112,973608,970570,1273720,0,686,0
37.80995297431946,101349,980456,985896,982914,1276788,0,686,0
37.83498406410217,101349,992780,998184,995238,1279865,0,686,0
37.86015796661377,101349,1005212,1010600,1007670,1282955,0,687,0
37.88536500930786,101349,1017616,1023016,1020074,1286052,0,687,0
37.91056513786316,101349,1030096,1035560,1032554,1289156,0,687,0
37.93597602844238,101349,1042648,1048104,1045106,1292275,0,688,0
37.96138906478882,101349,1055232,1060648,1057690,1295416,0,688,0
37.98691391944885,101349,1067796,1073192,1070254,1298534,0,688,0
38.012815952301025,101349,1080676,1086120,1083134,1301700,0,688,0
38.03918695449829,101349,1093640,1099048,1096098,1304931,0,688,0
38.065678119659424,101349,1106452,1111848,1108910,1308162,0,689,0
38.09187412261963,101349,1119352,1124776,1121810,1311356,0,689,0
38.118200063705444,101349,1132444,1137832,1134902,1314593,0,689,0
38.144729137420654,101349,1145560,1151016,1148018,1317866,0,690,0
38.171639919281006,101349,1158572,1163944,1161030,1321144,0,690,0
38.198415994644165,101349,1171664,1177128,1174122,1324369,0,690,0
38.22546911239624,101349,1184872,1190312,1187330,1327687,0,690,0
38.25243592262268,101349,1198140,1203496,1200598,1330980,0,690,0
38.27958106994629,101349,1211372,1216808,1213830,1334286,0,691,0
38.306654930114746,101349,1224692,1230120,1227150,1337603,0,691,0
38.333873987197876,101349,1238152,1243560,1240610,1340921,0,692,0
38.36114501953125,101349,1251528,1256872,1253986,1344294,0,692,0
38.388543128967285,101349,1264764,1270184,1267222,1347618,0,692,0
38.41547894477844,101349,1278384,1283752,1280842,1350946,0,692,0
38.442946910858154,101349,1292000,1297448,1294458,1354339,0,692,0
38.4707670211792,101349,1305672,1311016,1308130,1357731,0,693,0
38.498412132263184,101349,1319492,1324840,1321950,1361158,0,693,0
38.52628302574158,101349,1333296,1338664,1335754,1364609,0,693,0
38.55421805381775,101349,1347116,1352488,1349574,1368045,0,694,0
38.58240604400635,101349,1361028,1366440,1363486,1371515,0,694,0
38.610599994659424,101349,1374924,1380264,1377382,1374960,0,694,0
38.63890790939331,101349,1389024,1394344,1391482,1378472,0,694,0
38.66743206977844,101349,1403112,1408424,1405570,1381992,0,695,0
38.69589710235596,101349,1417284,1422632,1419742,1385519,0,695,0
38.72454905509949,101349,1431328,1436712,1433786,1389052,0,695,0
38.75276803970337,101349,1445596,1450920,1448054,1392561,0,696,0
38.781662940979004,101349,1459944,1465256,1462402,1396135,0,696,0
38.81051707267761,101349,1472180,1477544,1474638,1399572,0,696,0
38.83959102630615,101349,1486756,1492136,1489214,1402785,0,696,0
38.86904692649841,101349,1501244,1506600,1503702,1406419,0,697,0
38.89842891693115,101349,1515772,1521064,1518230,1410037,0,697,0
38.92782807350159,101349,1530400,1535784,1532858,1413666,0,697,0
38.95741391181946,101349,1545068,1550376,1547526,1417318,0,698,0
38.98700404167175,101349,1559848,1565096,1562306,1421001,0,698,0
39.016928911209106,101349,1574484,1579816,1576942,1424681,0,698,0
39.046679973602295,101349,1589420,1594664,1591878,1428338,0,698,0
39.07688093185425,101349,1604292,1609640,1606750,1432077,0,699,0
39.10697102546692,101349,1619224,1624488,1621682,1435787,0,699,0
39.13706707954407,101349,1634288,1639592,1636746,1439534,0,700,0
39.16746497154236,101349,1649420,1654696,1651878,1443302,0,700,0
39.19785714149475,101349,1664608,1669928,1667066,1447081,0,700,0
39.22835111618042,101349,1679740,1685032,1682198,1450854,0,700,0
39.258687019348145,101349,1694972,1700264,1697430,1454618,0,700,0
39.28940296173096,101349,1710332,1715624,1712790,1458465,0,701,0
39.3201539516449,101349,1725520,1730728,1727978,1462314,0,701,0
39.35061001777649,101349,1740760,1745960,1743218,1466109,0,702,0
39.38098502159119,101349,1756072,1761320,1758530,1469911,0,702,0
39.411587953567505,101349,1771564,1776808,1774022,1473740,0,702,0
39.44326710700989,101349,1787024,1792296,1789482,1477578,0,702,0
39.474369049072266,101349,1802696,1807912,1805154,1481472,0,703,0
39.50558114051819,101349,1818372,1823656,1820830,1485386,0,703,0
39.53679609298706,101349,1834076,1839272,1836534,1489303,0,704,0
39.568150997161865,101349,1849844,1855016,1852302,1493229,0,704,0
39.59958004951477,101349,1865460,1870632,1867918,1497185,0,704,0
39.630645990371704,101349,1881196,1886376,1883654,1501071,0,704,0
39.662307024002075,101349,1897300,1902504,1899758,1505006,0,705,0
39.69495511054993,101349,1913308,1918504,1915766,1509034,0,705,0
39.72691512107849,101349,1929356,1934632,1931814,1513023,0,706,0
39.75891613960266,101349,1945512,1950760,1947970,1517046,0,706,0
39.79108905792236,101349,1961552,1966760,1964010,1521080,0,706,0
39.82353711128235,101349,1977800,1983016,1980258,1525098,0,706,0
39.855921030044556,101349,1991500,1996712,1993958,1528598,0,707,0
39.88768792152405,101349,2007856,2013096,2010314,1532569,0,707,0
39.920401096343994,101349,2024060,2029224,2026518,1536676,0,708,0
39.95280313491821,101349,2040508,2045736,2042966,1540707,0,708,0
39.985872983932495,101349,2056932,2062120,2059390,1544814,0,708,0
40.018800020217896,101349,2073448,2078632,2075906,1548920,0,708,0
40.05171799659729,101349,2089956,2095144,2092414,1553054,0,709,0
40.08501100540161,101349,2106792,2111912,2109250,1557195,0,709,0
40.1189169883728,101349,2123580,2128680,2126038,1561400,0,710,0
40.15260601043701,101349,2140332,2145448,2142790,1565584,0,710,0
40.18614196777344,101349,2157216,2162344,2159674,1569773,0,710,0
40.22004699707031,101349,2174108,2179240,2176566,1573985,0,710,0
40.253921031951904,101349,2190968,2196136,2193426,1578226,0,711,0
40.28801107406616,101349,2208132,2213288,2210590,1582435,0,711,0
40.32250714302063,101349,2225216,2230312,2227674,1586717,0,712,0
40.35652494430542,101349,2232652,2237224,2235110,1590996,0,712,0
40.39045000076294,101349,2232652,2237224,2235110,1591039,0,712,0
40.42436504364014,101349,2232652,2237224,2235110,1591039,0,712,0
40.45768094062805,101349,2232652,2237224,2235110,1591039,0,712,0
40.491039991378784,101349,2232652,2237224,2235110,1591039,0,712,0
40.52405595779419,101349,2232652,2237224,2235110,1591039,0,712,0
40.5566840171814,101349,2232652,2237224,2235110,1591039,0,712,0
40.59018397331238,101349,2232652,2237224,2235110,1591039,0,712,0
40.62275004386902,101349,2232652,2237224,2235110,1591039,0,712,0
40.65550494194031,101349,2232652,2237224,2235110,1591039,0,712,0
40.68828296661377,101349,2232652,2237224,2235110,1591039,0,712,0
40.7218120098114,101349,2232652,2237224,2235110,1591039,0,712,0
40.755162954330444,101349,2232652,2237224,2235110,1591039,0,712,0
40.78831100463867,101349,2232652,2237224,2235110,1591039,0,712,0
40.821393966674805,101349,2232652,2237224,2235110,1591039,0,712,0
40.85371708869934,101349,2232652,2237224,2235110,1591039,0,712,0
40.886492013931274,101349,2232652,2237224,2235110,1591039,0,712,0
40.919666051864624,101349,2232652,2237224,2235110,1591039,0,712,0
40.9524359703064,101349,2232652,2237224,2235110,1591039,0,712,0
40.98543691635132,101349,2232652,2237224,2235110,1591039,0,712,0
41.01838994026184,101349,2232652,2237224,2235110,1591039,0,712,0
41.05163598060608,101349,2232652,2237224,2235110,1591039,0,712,0
41.08465600013733,101349,2232652,2237224,2235110,1591039,0,712,0
41.11761999130249,101349,2232652,2237224,2235110,1591039,0,712,0
41.151089906692505,101349,2232652,2237224,2235110,1591039,0,712,0
41.183475971221924,101349,2232652,2237224,2235110,1591039,0,712,0
41.21655201911926,101349,2232652,2237224,2235110,1591039,0,712,0
41.24948811531067,101349,2232652,2237224,2235110,1591039,0,712,0
41.28233098983765,101349,2232652,2237224,2235110,1591039,0,712,0
41.3153510093689,101349,2232652,2237224,2235110,1591039,0,712,0
41.348658084869385,101349,2232652,2237224,2235110,1591039,0,712,0
41.381397008895874,101349,2232652,2237224,2235110,1591039,0,712,0
41.41414999961853,101349,2232652,2237224,2235110,1591039,0,712,0
41.44742202758789,101349,2232652,2237224,2235110,1591039,0,712,0
41.47972011566162,101349,2232652,2237224,2235110,1591039,0,712,0
41.51248908042908,101349,2232652,2237224,2235110,1591039,0,712,0
41.545005083084106,101349,2232652,2237224,2235110,1591039,0,712,0
41.57762002944946,101349,2232652,2237224,2235110,1591039,0,712,0
41.60967206954956,101349,2232652,2237224,2235110,1591039,0,712,0
41.64280390739441,101349,2232652,2237224,2235110,1591039,0,712,0
41.67567300796509,101349,2232652,2237224,2235110,1591039,0,712,0
41.7076780796051,101349,2232652,2237224,2235110,1591039,0,712,0
41.74053192138672,101349,2232652,2237224,2235110,1591039,0,712,0
41.77356290817261,101349,2232652,2237224,2235110,1591039,0,712,0
41.80583906173706,101349,2232652,2237224,2235110,1591039,0,712,0
41.83920693397522,101349,2232652,2237224,2235110,1591039,0,712,0
41.87157702445984,101349,2232652,2237224,2235110,1591039,0,712,0
41.90448713302612,101349,2232652,2237224,2235110,1591039,0,712,0
41.93739295005798,101349,2232652,2237224,2235110,1591039,0,712,0
41.96981906890869,101349,2232652,2237224,2235110,1591039,0,712,0
42.00256705284119,101349,2232652,2237224,2235110,1591039,0,712,0
42.03467297554016,101349,2232652,2237224,2235110,1591039,0,712,0
42.06671404838562,101349,2232652,2237224,2235110,1591039,0,712,0
42.098681926727295,101349,2232652,2237224,2235110,1591039,0,712,0
42.131500005722046,101349,2232652,2237224,2235110,1591039,0,712,0
42.16460704803467,101349,2232652,2237224,2235110,1591039,0,712,0
42.198265075683594,101349,2232652,2237224,2235110,1591039,0,712,0
42.231385946273804,101349,2232652,2237224,2235110,1591039,0,712,0
42.26454210281372,101349,2232652,2237224,2235110,1591039,0,712,0
42.29765796661377,101349,2232652,2237224,2235110,1591039,0,712,0
42.330564975738525,101349,2232652,2237224,2235110,1591039,0,712,0
42.36357092857361,101349,2232652,2208680,2235110,1591039,0,711,0
42.39834499359131,101349,2175748,2146728,2178206,1591039,0,710,0
42.43132495880127,101349,2114584,2087208,2117042,1591039,0,708,0
42.46360898017883,101349,2055252,2027304,2057710,1591039,0,707,0
42.49598503112793,101349,1994672,1968424,1997130,1591039,0,706,0
42.5272331237793,101349,1936472,1911720,1938930,1591039,0,705,0
42.55790901184082,101349,1878876,1855912,1881334,1591039,0,704,0
42.58796501159668,101349,1822952,1800104,1825410,1591039,0,703,0
42.61766290664673,101349,1767384,1745832,1769842,1591039,0,702,0
42.64653706550598,101349,1713100,1691432,1715558,1591039,0,700,0
42.67557406425476,101349,1658468,1638952,1660926,1591039,0,700,0
42.703553915023804,101349,1606192,1587624,1608650,1591039,0,698,0
42.731024980545044,101349,1554544,1536168,1557002,1591039,0,697,0
42.758399963378906,101349,1503052,1485608,1505510,1591039,0,696,0
42.785409927368164,101349,1452140,1435944,1454598,1591039,0,695,0
42.81191802024841,101349,1402100,1386920,1404558,1591039,0,694,0
42.83768105506897,101349,1353336,1338792,1355794,1591039,0,693,0
42.863008975982666,101349,1305208,1291688,1307666,1591039,0,692,0
42.88792300224304,101349,1257888,1244840,1260346,1591039,0,692,0
42.912543058395386,101349,1211296,1198888,1213754,1591039,0,690,0
42.936662912368774,101349,1165336,1152808,1167794,1591039,0,690,0
42.96125602722168,101349,1119060,1107496,1121518,1591039,0,688,0
42.98535895347595,101349,1074028,1063848,1076486,1591039,0,688,0
43.008816957473755,101349,1029640,1020072,1032098,1591039,0,687,0
43.03187012672424,101349,986592,977192,989050,1591039,0,686,0
43.054584980010986,101349,943140,934440,945598,1591039,0,685,0
43.0772500038147,101349,900428,892456,902886,1591039,0,684,0
43.099416971206665,101349,858680,850984,861138,1591039,0,684,0
43.12126898765564,101349,817272,810408,819730,1591039,0,682,0
43.14280891418457,101349,776700,770344,779158,1591039,0,682,0
43.16428303718567,101349,736564,730792,739022,1591039,0,681,0
43.18515610694885,101349,696880,691880,699338,1591039,0,680,0
43.205836057662964,101349,657680,652968,660138,1591039,0,680,0
43.22676610946655,101349,618564,614696,621022,1591039,0,678,0
43.2467200756073,101349,580440,576936,582898,1591039,0,678,0
43.26658892631531,101349,542832,539944,545290,1591039,0,677,0
43.28628897666931,101349,505348,502952,507806,1591039,0,676,0
43.30567693710327,101349,468696,467368,471154,1591039,0,676,0
43.325324058532715,101349,433836,432552,436294,1591039,0,675,0
43.34445405006409,101349,398228,397224,400686,1591039,0,674,0
43.3630530834198,101349,362616,362408,365074,1591039,0,674,0
43.38150691986084,101349,327676,328104,330134,1591039,0,673,0
43.39973998069763,101349,293760,294312,296218,1591039,0,672,0
43.41779112815857,101349,260188,261288,262646,1591039,0,672,0
43.435567140579224,101349,226820,228392,229278,1591039,0,671,0
43.45301103591919,101349,193972,196008,196430,1591039,0,670,0
43.47013211250305,101349,161500,164008,163958,1591039,0,670,0
43.487059116363525,101349,135564,140328,138022,1591039,0,669,0
43.50391101837158,101349,0,0,0,1591153,0,0,0
43.51715707778931,101349,0,0,0,1591153,0,0,0
43.530895948410034,101349,0,0,0,1591153,0,0,0
