elapsed_s,pid,uss,rss,pss,min_flt,maj_flt,oom,oomadj
0.0024230480194091797,38336,13228,14464,13692,1147,0,666,0
0.01616811752319336,38336,14460,16576,15530,1343,0,666,0
0.030129194259643555,38336,15896,18536,17272,1539,0,666,0
0.044088125228881836,38336,24604,28784,25968,2587,0,666,0
0.0582430362701416,38336,53056,58144,55532,5164,0,667,0
0.0734720230102539,38336,81816,86840,84292,12311,0,668,0
0.08882999420166016,38336,93712,98480,96188,13853,0,668,0
0.10477900505065918,38336,99176,103944,101652,14206,0,668,0
0.11997008323669434,38336,99312,104200,101788,14240,0,668,0
0.13523411750793457,38336,126580,131348,129056,14415,0,669,0
0.15048718452453613,38336,120560,125444,123036,14416,0,668,0
0.16539716720581055,38336,120560,127376,123036,14416,0,668,0
0.18016910552978516,38336,126704,131472,129180,14419,0,669,0
0.19513607025146484,38336,126704,131472,129180,14419,0,669,0
0.20995402336120605,38336,126704,131472,129180,14419,0,669,0
0.22499608993530273,38336,127604,132368,130080,14644,0,669,0
0.24004602432250977,38336,127604,132368,130080,14644,0,669,0
0.25502514839172363,38336,127604,132368,130080,14644,0,669,0
0.2697131633758545,38336,127604,132368,130080,14644,0,669,0
0.2841610908508301,38336,126868,131648,129344,14644,0,669,0
0.298267126083374,38336,126868,131648,129344,14644,0,669,0
0.3125,38336,126868,131648,129344,14644,0,669,0
0.32689714431762695,38336,126868,131648,129344,14644,0,669,0
0.34115099906921387,38336,126868,131648,129344,14644,0,669,0
0.3551361560821533,38336,126868,131648,129344,14644,0,669,0
0.3691880702972412,38336,126868,131648,129344,14644,0,669,0
0.38358497619628906,38336,126868,131648,129344,14644,0,669,0
0.3979361057281494,38336,126868,131648,129344,14644,0,669,0
0.41218996047973633,38336,126868,131648,129344,14644,0,669,0
0.4261131286621094,38336,126868,131648,129344,14644,0,669,0
0.4405791759490967,38336,126868,131648,129344,14644,0,669,0
0.4552161693572998,38336,126868,131648,129344,14644,0,669,0
0.4698801040649414,38336,126868,131648,129344,14644,0,669,0
0.484281063079834,38336,126868,131648,129344,14644,0,669,0
0.49896812438964844,38336,126868,131648,129344,14644,0,669,0
0.5132520198822021,38336,126868,131648,129344,14644,0,669,0
0.5275709629058838,38336,126868,131648,129344,14644,0,669,0
0.5419180393218994,38336,126868,131648,129344,14644,0,669,0
0.5561971664428711,38336,126868,131648,129344,14644,0,669,0
0.5708019733428955,38336,126868,131648,129344,14644,0,669,0
0.5853431224822998,38336,126868,131648,129344,14644,0,669,0
0.5997910499572754,38336,126868,131648,129344,14644,0,669,0
0.6146299839019775,38336,126868,131648,129344,14644,0,669,0
0.6292030811309814,38336,126868,131648,129344,14644,0,669,0
0.6441891193389893,38336,126868,131648,129344,14644,0,669,0
0.6585249900817871,38336,126868,131648,129344,14644,0,669,0
0.6731781959533691,38336,126868,131648,129344,14644,0,669,0
0.6873271465301514,38336,126868,131648,129344,14644,0,669,0
0.7020471096038818,38336,126868,131648,129344,14644,0,669,0
0.7165601253509521,38336,126868,131648,129344,14644,0,669,0
0.7307829856872559,38336,126868,131648,129344,14644,0,669,0
0.7451560497283936,38336,126868,131648,129344,14644,0,669,0
0.759148120880127,38336,126868,131648,129344,14644,0,669,0
0.7732391357421875,38336,126868,131648,129344,14644,0,669,0
0.7872061729431152,38336,126868,131648,129344,14644,0,669,0
0.8011610507965088,38336,126868,131648,129344,14644,0,669,0
0.8155760765075684,38336,126868,131648,129344,14644,0,669,0
0.8297250270843506,38336,126868,131648,129344,14644,0,669,0
0.8439040184020996,38336,126868,131648,129344,14644,0,669,0
0.8589050769805908,38336,126868,131648,129344,14644,0,669,0
0.8736159801483154,38336,126868,131648,129344,14644,0,669,0
0.8882031440734863,38336,126868,131648,129344,14644,0,669,0
0.9027559757232666,38336,126868,131648,129344,14644,0,669,0
0.9172420501708984,38336,126868,131648,129344,14644,0,669,0
0.9317820072174072,38336,126868,131648,129344,14644,0,669,0
0.9463241100311279,38336,126868,131648,129344,14644,0,669,0
0.9609410762786865,38336,126868,131648,129344,14644,0,669,0
0.9752111434936523,38336,126868,131648,129344,14644,0,669,0
0.9897761344909668,38336,126868,131648,129344,14644,0,669,0
1.004601001739502,38336,126868,131648,129344,14644,0,669,0
1.019085168838501,38336,126868,131648,129344,14644,0,669,0
1.0337471961975098,38336,126868,131648,129344,14644,0,669,0
1.0481700897216797,38336,126868,131648,129344,14644,0,669,0
1.0627901554107666,38336,126868,131648,129344,14644,0,669,0
1.0773100852966309,38336,126868,131648,129344,14644,0,669,0
1.0919971466064453,38336,126868,131648,129344,14644,0,669,0
1.106283187866211,38336,126868,131648,129344,14644,0,669,0
1.1207129955291748,38336,126868,131648,129344,14644,0,669,0
1.135362148284912,38336,126868,131648,129344,14644,0,669,0
1.1501681804656982,38336,126868,131648,129344,14644,0,669,0
1.1650331020355225,38336,126868,131648,129344,14644,0,669,0
1.1799030303955078,38336,126868,131648,129344,14644,0,669,0
1.1946361064910889,38336,126868,131648,129344,14644,0,669,0
1.2092549800872803,38336,126868,131648,129344,14644,0,669,0
1.2241370677947998,38336,126868,131648,129344,14644,0,669,0
1.2389531135559082,38336,126868,131648,129344,14644,0,669,0
1.2536861896514893,38336,126868,131648,129344,14644,0,669,0
1.2685761451721191,38336,126868,131648,129344,14644,0,669,0
1.2830309867858887,38336,126868,131648,129344,14644,0,669,0
1.2971611022949219,38336,126868,131648,129344,14644,0,669,0
1.3111491203308105,38336,126868,131648,129344,14644,0,669,0
1.3252720832824707,38336,126868,131648,129344,14644,0,669,0
1.339967966079712,38336,126868,131648,129344,14644,0,669,0
1.3542351722717285,38336,126868,131648,129344,14644,0,669,0
1.3685591220855713,38336,126868,131648,129344,14644,0,669,0
1.3828201293945312,38336,126868,131648,129344,14644,0,669,0
1.396942138671875,38336,126868,131648,129344,14644,0,669,0
1.4109611511230469,38336,126868,131648,129344,14644,0,669,0
1.4252851009368896,38336,126868,131648,129344,14644,0,669,0
1.439784049987793,38336,126868,131648,129344,14644,0,669,0
1.4542009830474854,38336,126868,131648,129344,14644,0,669,0
1.4684531688690186,38336,126868,131648,129344,14644,0,669,0
1.4828791618347168,38336,126868,131648,129344,14644,0,669,0
1.4972059726715088,38336,126868,131648,129344,14644,0,669,0
1.511247158050537,38336,126868,131648,129344,14644,0,669,0
1.5252280235290527,38336,126868,131648,129344,14644,0,669,0
1.5392861366271973,38336,126868,131648,129344,14644,0,669,0
1.5533411502838135,38336,126868,131648,129344,14644,0,669,0
1.5671520233154297,38336,126868,131648,129344,14644,0,669,0
1.5811641216278076,38336,126868,131648,129344,14644,0,669,0
1.5951650142669678,38336,126868,131648,129344,14644,0,669,0
1.6091551780700684,38336,126868,131648,129344,14644,0,669,0
1.6232140064239502,38336,126868,131648,129344,14644,0,669,0
1.6372129917144775,38336,126868,131648,129344,14644,0,669,0
1.6516780853271484,38336,126868,131648,129344,14644,0,669,0
1.6661550998687744,38336,126868,131648,129344,14644,0,669,0
1.6810760498046875,38336,126868,131648,129344,14644,0,669,0
1.695307970046997,38336,126868,131648,129344,14644,0,669,0
1.7096199989318848,38336,126868,131648,129344,14644,0,669,0
1.7239739894866943,38336,126868,131648,129344,14644,0,669,0
1.738072156906128,38336,126868,131648,129344,14644,0,669,0
1.7521281242370605,38336,126868,131648,129344,14644,0,669,0
1.7661690711975098,38336,126868,131648,129344,14644,0,669,0
1.780107021331787,38336,126868,131648,129344,14644,0,669,0
1.7940971851348877,38336,126868,131648,129344,14644,0,669,0
1.808075189590454,38336,126868,131648,129344,14644,0,669,0
1.8221800327301025,38336,126868,131648,129344,14644,0,669,0
1.8362500667572021,38336,126868,131648,129344,14644,0,669,0
1.8507540225982666,38336,126868,131648,129344,14644,0,669,0
1.865009069442749,38336,126868,131648,129344,14644,0,669,0
1.8790721893310547,38336,126868,131648,129344,14644,0,669,0
1.8936400413513184,38336,126868,131648,129344,14644,0,669,0
1.9080159664154053,38336,126868,131648,129344,14644,0,669,0
1.922645092010498,38336,126868,131648,129344,14644,0,669,0
1.9371299743652344,38336,126868,131648,129344,14644,0,669,0
1.951188087463379,38336,126868,131648,129344,14644,0,669,0
1.96533203125,38336,126868,131648,129344,14644,0,669,0
1.979572057723999,38336,126868,131648,129344,14644,0,669,0
1.9940650463104248,38336,126868,131648,129344,14644,0,669,0
2.0082361698150635,38336,126868,131648,129344,14644,0,669,0
2.0225980281829834,38336,126868,131648,129344,14644,0,669,0
2.037168025970459,38336,126868,131648,129344,14644,0,669,0
2.051253080368042,38336,126868,131648,129344,14644,0,669,0
2.065545082092285,38336,126868,131648,129344,14644,0,669,0
2.079869031906128,38336,126868,131648,129344,14644,0,669,0
2.094130039215088,38336,126868,131648,129344,14644,0,669,0
2.1085190773010254,38336,126868,131648,129344,14644,0,669,0
2.1227660179138184,38336,126868,131648,129344,14644,0,669,0
2.137113094329834,38336,126868,131648,129344,14644,0,669,0
2.1513171195983887,38336,126868,131648,129344,14644,0,669,0
2.165605068206787,38336,126868,131648,129344,14644,0,669,0
2.180075168609619,38336,126868,131648,129344,14644,0,669,0
2.1950299739837646,38336,126868,131648,129344,14644,0,669,0
2.209329128265381,38336,126868,131648,129344,14644,0,669,0
2.224027156829834,38336,126868,131648,129344,14644,0,669,0
2.2387349605560303,38336,126868,131648,129344,14644,0,669,0
2.2532081604003906,38336,135060,139828,137536,14648,0,669,0
2.268115997314453,38336,145300,150068,147776,14653,0,669,0
2.2831671237945557,38336,155540,160308,158016,14658,0,669,0
2.298227071762085,38336,165780,170548,168256,14663,0,670,0
2.313528060913086,38336,176020,180788,178496,14668,0,670,0
2.328474998474121,38336,186260,191028,188736,14673,0,670,0
2.343485116958618,38336,196500,203316,198976,14678,0,670,0
2.3586480617523193,38336,206740,213556,209216,14683,0,670,0
2.3737289905548096,38336,216980,223796,219456,14688,0,670,0
2.3887059688568115,38336,227220,234036,229696,14693,0,671,0
2.4037301540374756,38336,237460,244276,239936,14698,0,671,0
2.4187660217285156,38336,247700,254516,250176,14703,0,671,0
2.433885097503662,38336,259988,264756,262464,14708,0,672,0
2.449100971221924,38336,270228,274996,272704,14714,0,672,0
2.46413516998291,38336,280468,285236,282944,14719,0,672,0
2.479267120361328,38336,290708,295476,293184,14724,0,672,0
2.4943041801452637,38336,300948,305716,303424,14729,0,672,0
2.509500026702881,38336,311188,315956,313664,14734,0,672,0
2.5245871543884277,38336,321428,326196,323904,14739,0,672,0
2.5397191047668457,38336,331668,336436,334144,14744,0,673,0
2.55503511428833,38336,341908,346676,344384,14749,0,673,0
2.5700199604034424,38336,352148,358964,354624,14754,0,673,0
2.585191011428833,38336,362388,369204,364864,14759,0,674,0
2.6002800464630127,38336,372628,379444,375104,14764,0,674,0
2.6151959896087646,38336,382868,389684,385344,14769,0,674,0
2.630239963531494,38336,393108,399924,395584,14774,0,674,0
2.6454861164093018,38336,405396,410164,407872,14780,0,674,0
2.660835027694702,38336,415636,420404,418112,14785,0,674,0
2.675673007965088,38336,425876,430644,428352,14790,0,675,0
2.6905481815338135,38336,436116,440884,438592,14795,0,675,0
2.7055001258850098,38336,446356,451124,448832,14800,0,675,0
2.720694065093994,38336,456596,461364,459072,14805,0,676,0
2.7357351779937744,38336,466836,471604,469312,14810,0,676,0
2.750704050064087,38336,477076,481844,479552,14815,0,676,0
2.765768051147461,38336,487316,492084,489792,14820,0,676,0
2.7807791233062744,38336,497556,504372,500032,14825,0,676,0
2.7959840297698975,38336,507796,514612,510272,14830,0,676,0
2.811099052429199,38336,518036,524852,520512,14835,0,677,0
2.8261961936950684,38336,528276,535092,530752,14840,0,677,0
2.841186046600342,38336,538516,545332,540992,14845,0,677,0
2.85624098777771,38336,550804,555572,553280,14850,0,677,0
2.8712899684906006,38336,561044,565812,563520,14855,0,678,0
2.886054039001465,38336,571284,576052,573760,14861,0,678,0
2.9011600017547607,38336,581524,586292,584000,14866,0,678,0
2.9160959720611572,38336,591764,596532,594240,14871,0,678,0
2.931187152862549,38336,602004,606772,604480,14876,0,678,0
2.9462430477142334,38336,612244,617012,614720,14881,0,678,0
2.9612619876861572,38336,622484,627252,624960,14886,0,679,0
2.9761850833892822,38336,632724,637492,635200,14891,0,679,0
2.99118709564209,38336,642964,647732,645440,14896,0,679,0
3.0061891078948975,38336,653204,657972,655680,14901,0,680,0
3.021224021911621,38336,663444,670260,665920,14906,0,680,0
3.0362789630889893,38336,673684,680500,676160,14911,0,680,0
3.0512290000915527,38336,683924,690740,686400,14916,0,680,0
3.066437005996704,38336,694164,700980,696640,14921,0,680,0
3.0816221237182617,38336,706452,711220,708928,14926,0,680,0
3.096562147140503,38336,716692,721460,719168,14931,0,681,0
3.111584186553955,38336,726932,731700,729408,14937,0,681,0
3.1265270709991455,38336,737172,741940,739648,14942,0,681,0
3.1417441368103027,38336,747412,752180,749888,14947,0,681,0
3.156949043273926,38336,757652,762420,760128,14952,0,682,0
3.1737351417541504,38336,767892,772660,770368,14957,0,682,0
3.1886940002441406,38336,778132,782900,780608,14962,0,682,0
3.203603982925415,38336,788372,795188,790848,14967,0,682,0
3.2184669971466064,38336,798612,805428,801088,14972,0,682,0
3.2335190773010254,38336,808852,815668,811328,14977,0,682,0
3.2486090660095215,38336,819092,825908,821568,14982,0,683,0
3.263723134994507,38336,831380,836148,833856,14987,0,683,0
3.27891206741333,38336,841620,846388,844096,14993,0,683,0
3.294034004211426,38336,851860,856628,854336,14998,0,684,0
3.309122085571289,38336,862100,866868,864576,15003,0,684,0
3.32413911819458,38336,872340,877108,874816,15008,0,684,0
3.3391480445861816,38336,882580,887348,885056,15013,0,684,0
3.3547041416168213,38336,892820,897588,895296,15018,0,684,0
3.369899034500122,38336,903060,907828,905536,15023,0,684,0
3.385064125061035,38336,913300,918068,915776,15028,0,684,0
3.4001100063323975,38336,923540,930356,926016,15033,0,685,0
3.4151620864868164,38336,933780,940596,936256,15038,0,685,0
3.43039608001709,38336,944020,950836,946496,15043,0,685,0
3.4455411434173584,38336,954260,961076,956736,15048,0,686,0
3.4607300758361816,38336,966548,971316,969024,15053,0,686,0
3.476102113723755,38336,976788,981556,979264,15059,0,686,0
3.4911510944366455,38336,987028,991796,989504,15064,0,686,0
3.5060741901397705,38336,997268,1002036,999744,15069,0,686,0
3.521023988723755,38336,1007508,1012276,1009984,15074,0,686,0
3.535973072052002,38336,1017748,1022516,1020224,15079,0,687,0
3.551182985305786,38336,1027988,1032756,1030464,15084,0,687,0
3.566153049468994,38336,1038228,1042996,1040704,15089,0,687,0
3.5812480449676514,38336,1048468,1055284,1050944,15094,0,688,0
3.5962460041046143,38336,1058708,1065524,1061184,15099,0,688,0
3.6111910343170166,38336,1068948,1075764,1071424,15104,0,688,0
3.626152992248535,38336,1079188,1086004,1081664,15109,0,688,0
3.6410939693450928,38336,1089428,1096244,1091904,15114,0,688,0
3.6560921669006348,38336,1101716,1106484,1104192,15119,0,688,0
3.671058177947998,38336,1111956,1116724,1114432,15125,0,689,0
3.686221122741699,38336,1122196,1126964,1124672,15130,0,689,0
3.7011210918426514,38336,1132436,1137204,1134912,15135,0,689,0
3.716201066970825,38336,1142676,1147444,1145152,15140,0,689,0
3.731283187866211,38336,1152916,1157684,1155392,15145,0,690,0
3.7465081214904785,38336,1163156,1167924,1165632,15150,0,690,0
3.762017011642456,38336,1173396,1178164,1175872,15155,0,690,0
3.7772350311279297,38336,1183636,1190452,1186112,15160,0,690,0
3.792487144470215,38336,1193876,1200692,1196352,15165,0,690,0
3.807671070098877,38336,1204116,1210932,1206592,15170,0,690,0
3.822700023651123,38336,1216404,1221172,1218880,15175,0,691,0
3.837891101837158,38336,1226644,1231412,1229120,15181,0,691,0
3.8530991077423096,38336,1236884,1241652,1239360,15186,0,691,0
3.8682429790496826,38336,1247124,1251892,1249600,15191,0,692,0
3.883301019668579,38336,1257364,1262132,1259840,15196,0,692,0
3.8983280658721924,38336,1267604,1272372,1270080,15201,0,692,0
3.9134600162506104,38336,1277844,1282612,1280320,15206,0,692,0
3.928694009780884,38336,1288084,1292852,1290560,15211,0,692,0
3.94395112991333,38336,1298324,1305140,1300800,15216,0,692,0
3.959144115447998,38336,1308564,1315380,1311040,15221,0,693,0
3.9746341705322266,38336,1318804,1325620,1321280,15226,0,693,0
3.9898860454559326,38336,1331092,1335860,1333568,15231,0,693,0
4.005073070526123,38336,1341332,1346100,1343808,15237,0,694,0
4.020228147506714,38336,1351572,1356340,1354048,15242,0,694,0
4.035102128982544,38336,1361812,1366580,1364288,15247,0,694,0
4.049838066101074,38336,1372052,1376820,1374528,15252,0,694,0
4.064603090286255,38336,1382292,1387060,1384768,15257,0,694,0
4.079732179641724,38336,1392532,1397300,1395008,15262,0,694,0
4.094618082046509,38336,1402772,1407540,1405248,15267,0,694,0
4.109469175338745,38336,1413012,1417780,1415488,15272,0,695,0
4.124407052993774,38336,1423252,1428020,1425728,15276,0,695,0
4.139471054077148,38336,1433492,1438260,1435968,15282,0,695,0
4.154641151428223,38336,1443732,1448500,1446208,15287,0,696,0
4.1695921421051025,38336,1453972,1458740,1456448,15292,0,696,0
4.185106039047241,38336,1464212,1468980,1466688,15297,0,696,0
4.200154066085815,38336,1474452,1479220,1476928,15302,0,696,0
4.215228080749512,38336,1484692,1489460,1487168,15307,0,696,0
4.230159044265747,38336,1494932,1501748,1497408,15312,0,696,0
4.245229005813599,38336,1505172,1511988,1507648,15317,0,697,0
4.26018500328064,38336,1515412,1522228,1517888,15322,0,697,0
4.275254964828491,38336,1527700,1532468,1530176,15327,0,697,0
4.290307998657227,38336,1537940,1542708,1540416,15332,0,698,0
4.305274963378906,38336,1548180,1552948,1550656,15338,0,698,0
4.320083141326904,38336,1558420,1563188,1560896,15343,0,698,0
4.334882974624634,38336,1568660,1573428,1571136,15348,0,698,0
4.349876165390015,38336,1578900,1583668,1581376,15353,0,698,0
4.364722967147827,38336,1589140,1593908,1591616,15358,0,698,0
4.379799127578735,38336,1599380,1604148,1601856,15363,0,698,0
4.395251035690308,38336,1609620,1614388,1612096,15368,0,699,0
4.410426139831543,38336,1619860,1626676,1622336,15373,0,699,0
4.425217151641846,38336,1630100,1636916,1632576,15378,0,699,0
4.440092086791992,38336,1640340,1647156,1642816,15383,0,700,0
4.455176115036011,38336,1650580,1657396,1653056,15388,0,700,0
4.470039129257202,38336,1662868,1667636,1665344,15393,0,700,0
4.484872102737427,38336,1673108,1677876,1675584,15398,0,700,0
4.5000011920928955,38336,1683348,1688116,1685824,15404,0,700,0
4.514897108078003,38336,1693588,1698356,1696064,15409,0,700,0
4.5298590660095215,38336,1703828,1708596,1706304,15414,0,701,0
4.544695138931274,38336,1714068,1718836,1716544,15419,0,701,0
4.559612035751343,38336,1724308,1729076,1726784,15424,0,701,0
4.574472188949585,38336,1734548,1739316,1737024,15429,0,702,0
4.5894551277160645,38336,1744788,1749556,1747264,15434,0,702,0
4.604725122451782,38336,1755028,1759796,1757504,15439,0,702,0
4.6196019649505615,38336,1765268,1772084,1767744,15444,0,702,0
4.634443998336792,38336,1775508,1782324,1777984,15449,0,702,0
4.649228096008301,38336,1785748,1792564,1788224,15454,0,702,0
4.664124011993408,38336,1795988,1802804,1798464,15459,0,702,0
4.679085969924927,38336,1808276,1813044,1810752,15464,0,703,0
4.694202184677124,38336,1818516,1823284,1820992,15469,0,703,0
4.709172010421753,38336,1828756,1833524,1831232,15475,0,703,0
4.724135160446167,38336,1838996,1843764,1841472,15480,0,704,0
4.739161014556885,38336,1849236,1854004,1851712,15485,0,704,0
4.754034996032715,38336,1859476,1864244,1861952,15490,0,704,0
4.7690300941467285,38336,1869716,1874484,1872192,15495,0,704,0
4.784008026123047,38336,1879956,1884724,1882432,15500,0,704,0
4.7993011474609375,38336,1890196,1894964,1892672,15505,0,704,0
4.814319133758545,38336,1900436,1907252,1902912,15510,0,705,0
4.82919716835022,38336,1910676,1917492,1913152,15515,0,705,0
4.844194173812866,38336,1920916,1927732,1923392,15520,0,705,0
4.8591530323028564,38336,1933204,1937972,1935680,15525,0,706,0
4.87420916557312,38336,1943444,1948212,1945920,15531,0,706,0
4.889204978942871,38336,1953684,1958452,1956160,15536,0,706,0
4.904165029525757,38336,1963924,1968692,1966400,15541,0,706,0
4.919121980667114,38336,1974164,1978932,1976640,15546,0,706,0
4.934141159057617,38336,1984404,1989172,1986880,15551,0,706,0
4.949280023574829,38336,1994644,1999412,1997120,15556,0,706,0
4.964367151260376,38336,2004884,2009652,2007360,15561,0,707,0
4.979314088821411,38336,2015124,2019892,2017600,15566,0,707,0
4.994176149368286,38336,2025364,2032180,2027840,15571,0,707,0
5.009517192840576,38336,2035604,2042420,2038080,15576,0,708,0
5.024620056152344,38336,2045844,2052660,2048320,15581,0,708,0
5.039661169052124,38336,2058132,2062900,2060608,15586,0,708,0
5.05470609664917,38336,2068372,2073140,2070848,15592,0,708,0
5.069691181182861,38336,2078612,2083380,2081088,15597,0,708,0
5.084611177444458,38336,2088852,2093620,2091328,15602,0,708,0
5.09976601600647,38336,2097044,2103860,2099520,15606,0,709,0
5.115200042724609,38336,2107284,2114100,2109760,15611,0,709,0
5.130177021026611,38336,2119572,2124340,2122048,15616,0,709,0
5.145214080810547,38336,2129812,2134580,2132288,15622,0,710,0
5.160292148590088,38336,2140052,2144820,2142528,15627,0,710,0
5.175196170806885,38336,2150292,2155060,2152768,15632,0,710,0
5.19015097618103,38336,2160532,2165300,2163008,15637,0,710,0
5.205243110656738,38336,2170772,2175540,2173248,15642,0,710,0
5.220597982406616,38336,2181012,2185780,2183488,15647,0,710,0
5.2357611656188965,38336,2191252,2198068,2193728,15652,0,711,0
5.250956058502197,38336,2201492,2208308,2203968,15657,0,711,0
5.2660071849823,38336,2211732,2218548,2214208,15662,0,711,0
5.2811360359191895,38336,2224020,2228788,2226496,15667,0,711,0
5.296072006225586,38336,2234260,2239028,2236736,15673,0,712,0
5.310918092727661,38336,2244500,2249268,2246976,15678,0,712,0
5.325742959976196,38336,2254740,2259508,2257216,15683,0,712,0
5.340604066848755,38336,2264980,2269748,2267456,15688,0,712,0
5.355488061904907,38336,2275220,2279988,2277696,15693,0,712,0
5.370396137237549,38336,2285460,2290228,2287936,15698,0,712,0
5.38554310798645,38336,2295700,2302516,2298176,15703,0,713,0
5.4007580280303955,38336,2305940,2312756,2308416,15708,0,713,0
5.415830135345459,38336,2316180,2322996,2318656,15713,0,713,0
5.431140184402466,38336,2328468,2333236,2330944,15719,0,714,0
5.446202993392944,38336,2338708,2343476,2341184,15724,0,714,0
5.461043119430542,38336,2348948,2353716,2351424,15729,0,714,0
5.476103067398071,38336,2359188,2363956,2361664,15734,0,714,0
5.49115514755249,38336,2369428,2374196,2371904,15739,0,714,0
5.505990982055664,38336,2379668,2386484,2382144,15744,0,714,0
5.52104115486145,38336,2389908,2396724,2392384,15749,0,715,0
5.536121129989624,38336,2400148,2406964,2402624,15754,0,715,0
5.551084995269775,38336,2410388,2417204,2412864,15759,0,715,0
5.5660459995269775,38336,2422676,2427444,2425152,15765,0,716,0
5.580964088439941,38336,2432916,2437684,2435392,15770,0,716,0
5.595762014389038,38336,2443156,2447924,2445632,15775,0,716,0
5.610882997512817,38336,2453396,2458164,2455872,15780,0,716,0
5.626032114028931,38336,2463636,2468404,2466112,15785,0,716,0
5.64127516746521,38336,2473876,2480692,2476352,15790,0,716,0
5.656504154205322,38336,2484116,2490932,2486592,15795,0,716,0
5.6716930866241455,38336,2494356,2501172,2496832,15800,0,717,0
5.686892032623291,38336,2506644,2511412,2509120,15805,0,717,0
5.701858043670654,38336,2516884,2521652,2519360,15811,0,717,0
5.716752052307129,38336,2527124,2531892,2529600,15816,0,718,0
5.731572151184082,38336,2537364,2542132,2539840,15821,0,718,0
5.746644020080566,38336,2547604,2552372,2550080,15826,0,718,0
5.761495113372803,38336,2557844,2562612,2560320,15831,0,718,0
5.776448011398315,38336,2568084,2574900,2570560,15836,0,718,0
5.7915520668029785,38336,2578324,2585140,2580800,15841,0,718,0
5.806678056716919,38336,2588564,2595380,2591040,15846,0,719,0
5.821645975112915,38336,2598804,2605620,2601280,15851,0,719,0
5.8370091915130615,38336,2611092,2615860,2613568,15856,0,719,0
5.852095127105713,38336,2621332,2626100,2623808,15862,0,720,0
5.86707615852356,38336,2631572,2636340,2634048,15867,0,720,0
5.882172107696533,38336,2641812,2646580,2644288,15872,0,720,0
5.897189140319824,38336,2652052,2656820,2654528,15877,0,720,0
5.912090063095093,38336,2662292,2669108,2664768,15882,0,720,0
5.927098989486694,38336,2672532,2679348,2675008,15887,0,720,0
5.9423511028289795,38336,2682772,2689588,2685248,15892,0,720,0
5.957378149032593,38336,2695060,2699828,2697536,15897,0,721,0
5.972478151321411,38336,2705300,2710068,2707776,15902,0,721,0
5.987357139587402,38336,2715540,2720308,2718016,15908,0,721,0
6.00220799446106,38336,2725780,2730548,2728256,15913,0,722,0
6.017245054244995,38336,2736020,2740788,2738496,15918,0,722,0
6.032185077667236,38336,2746260,2751028,2748736,15923,0,722,0
6.047590970993042,38336,2756500,2763316,2758976,15928,0,722,0
6.062483072280884,38336,2766740,2773556,2769216,15933,0,722,0
6.078323125839233,38336,2779028,2783796,2781504,15938,0,722,0
6.093175172805786,38336,2789268,2794036,2791744,15944,0,723,0
6.108204126358032,38336,2799508,2804276,2801984,15949,0,723,0
6.123144149780273,38336,2809748,2814516,2812224,15954,0,723,0
6.138137102127075,38336,2819988,2824756,2822464,15959,0,724,0
6.153026103973389,38336,2830228,2834996,2832704,15964,0,724,0
6.167863130569458,38336,2840468,2845236,2842944,15969,0,724,0
6.182636976242065,38336,2850708,2857524,2853184,15974,0,724,0
6.197510004043579,38336,2860948,2867764,2863424,15979,0,724,0
6.212236166000366,38336,2871188,2878004,2873664,15984,0,724,0
6.227107048034668,38336,2883476,2888244,2885952,15989,0,725,0
6.242081165313721,38336,2893716,2898484,2896192,15995,0,725,0
6.257220029830933,38336,2903956,2908724,2906432,16000,0,725,0
6.272174119949341,38336,2914196,2918964,2916672,16005,0,725,0
6.28709602355957,38336,2924436,2929204,2926912,16010,0,726,0
6.302054166793823,38336,2934676,2939444,2937152,16015,0,726,0
6.3170390129089355,38336,2944916,2951732,2947392,16020,0,726,0
6.331916093826294,38336,2955156,2961972,2957632,16025,0,726,0
6.346918106079102,38336,2965396,2972212,2967872,16030,0,726,0
6.361731052398682,38336,2975636,2982452,2978112,16035,0,726,0
6.376626968383789,38336,2987924,2992692,2990400,16040,0,727,0
6.391740083694458,38336,2998164,3002932,3000640,16046,0,727,0
6.406752109527588,38336,3008404,3013172,3010880,16051,0,727,0
6.421756982803345,38336,3018644,3023412,3021120,16056,0,728,0
6.436789035797119,38336,3028884,3033652,3031360,16061,0,728,0
6.451792001724243,38336,3039124,3043892,3041600,16066,0,728,0
6.467064142227173,38336,3049364,3056180,3051840,16071,0,728,0
6.482048988342285,38336,3059604,3066420,3062080,16076,0,728,0
6.496968984603882,38336,3071892,3076660,3074368,16081,0,728,0
6.5120110511779785,38336,3082132,3086900,3084608,16087,0,729,0
6.526983022689819,38336,3092372,3097140,3094848,16092,0,729,0
6.542049169540405,38336,3102612,3107380,3105088,16097,0,729,0
6.556889057159424,38336,3112852,3117620,3115328,16102,0,730,0
6.571943044662476,38336,3123092,3127860,3125568,16107,0,730,0
6.586822032928467,38336,3133332,3140148,3135808,16112,0,730,0
6.602029085159302,38336,3143572,3150388,3146048,16117,0,730,0
6.617002964019775,38336,3153812,3160628,3156288,16122,0,730,0
6.631961107254028,38336,3166100,3170868,3168576,16127,0,730,0
6.6470441818237305,38336,3176340,3181108,3178816,16132,0,730,0
6.662134170532227,38336,3186580,3191348,3189056,16138,0,731,0
6.677479982376099,38336,3196820,3201588,3199296,16143,0,731,0
6.692429065704346,38336,3207060,3211828,3209536,16148,0,731,0
6.707379102706909,38336,3217300,3222068,3219776,16153,0,732,0
6.7221550941467285,38336,3227540,3232308,3230016,16158,0,732,0
6.736974000930786,38336,3237780,3244596,3240256,16163,0,732,0
6.751954078674316,38336,3248020,3254836,3250496,16168,0,732,0
6.76698899269104,38336,3260308,3265076,3262784,16173,0,732,0
6.781886100769043,38336,3270548,3275316,3273024,16179,0,732,0
6.7969090938568115,38336,3280788,3285556,3283264,16184,0,733,0
6.812112092971802,38336,3291028,3295796,3293504,16189,0,733,0
6.827185153961182,38336,3301268,3306036,3303744,16194,0,733,0
6.842107057571411,38336,3311508,3316276,3313984,16199,0,734,0
6.857285022735596,38336,3321748,3328564,3324224,16204,0,734,0
6.872416973114014,38336,3331988,3338804,3334464,16209,0,734,0
6.887917995452881,38336,3344276,3349044,3346752,16214,0,734,0
6.903126001358032,38336,3354516,3359284,3356992,16220,0,734,0
6.918079137802124,38336,3364756,3369524,3367232,16225,0,734,0
6.932911157608032,38336,3374996,3379764,3377472,16230,0,735,0
6.947825193405151,38336,3385236,3390004,3387712,16235,0,735,0
6.962781190872192,38336,3395476,3400244,3397952,16240,0,735,0
6.9776880741119385,38336,3405716,3410484,3408192,16245,0,735,0
6.992614030838013,38336,3415956,3422772,3418432,16250,0,736,0
7.007788181304932,38336,3426196,3433012,3428672,16255,0,736,0
7.0227320194244385,38336,3436436,3443252,3438912,16260,0,736,0
7.037858009338379,38336,3448724,3453492,3451200,16265,0,736,0
7.0532660484313965,38336,3458964,3463732,3461440,16271,0,736,0
7.068233966827393,38336,3469204,3473972,3471680,16276,0,736,0
7.0831990242004395,38336,3479444,3484212,3481920,16281,0,737,0
7.0982911586761475,38336,3489684,3496500,3492160,16286,0,737,0
7.113161087036133,38336,3499924,3506740,3502400,16291,0,737,0
7.128139019012451,38336,3510164,3516980,3512640,16296,0,738,0
7.1431779861450195,38336,3522452,3527220,3524928,16301,0,738,0
7.158167123794556,38336,3532692,3537460,3535168,16307,0,738,0
7.173178195953369,38336,3542932,3547700,3545408,16312,0,738,0
7.1881420612335205,38336,3553172,3557940,3555648,16317,0,738,0
7.2031190395355225,38336,3563412,3568180,3565888,16322,0,738,0
7.218100070953369,38336,3573652,3580468,3576128,16327,0,739,0
7.233163118362427,38336,3583892,3590708,3586368,16332,0,739,0
7.248293161392212,38336,3594132,3600948,3596608,16337,0,739,0
7.2631800174713135,38336,3606420,3611188,3608896,16343,0,740,0
7.278194189071655,38336,3616660,3621428,3619136,16348,0,740,0
7.2931740283966064,38336,3626900,3631668,3629376,16353,0,740,0
7.30845308303833,38336,3637140,3641908,3639616,16358,0,740,0
7.323493003845215,38336,3647380,3654196,3649856,16363,0,740,0
7.3385210037231445,38336,3657620,3664436,3660096,16368,0,740,0
7.3533830642700195,38336,3667860,3674676,3670336,16373,0,741,0
7.368458986282349,38336,3680148,3684916,3682624,16378,0,741,0
7.383409023284912,38336,3690388,3695156,3692864,16384,0,741,0
7.398365020751953,38336,3700628,3705396,3703104,16389,0,741,0
7.413382053375244,38336,3710868,3715636,3713344,16394,0,742,0
7.428625106811523,38336,3721108,3725876,3723584,16399,0,742,0
7.443624973297119,38336,3731348,3736116,3733824,16404,0,742,0
7.4588751792907715,38336,3741588,3748404,3744064,16409,0,742,0
7.473874092102051,38336,3751828,3758644,3754304,16414,0,742,0
7.4887449741363525,38336,3764116,3768884,3766592,16419,0,742,0
7.503942966461182,38336,3774356,3779124,3776832,16425,0,743,0
7.519037961959839,38336,3784596,3789364,3787072,16430,0,743,0
7.53403115272522,38336,3794836,3799604,3797312,16435,0,743,0
7.549093961715698,38336,3805076,3809844,3807552,16440,0,744,0
7.564064979553223,38336,3815316,3822132,3817792,16445,0,744,0
7.579164028167725,38336,3825556,3832372,3828032,16450,0,744,0
7.594184160232544,38336,3837844,3842612,3840320,16455,0,744,0
7.609445095062256,38336,3848084,3852852,3850560,16461,0,744,0
7.624360084533691,38336,3858324,3863092,3860800,16466,0,744,0
7.639549970626831,38336,3868564,3873332,3871040,16471,0,745,0
7.6543591022491455,38336,3878804,3883572,3881280,16476,0,745,0
7.669217109680176,38336,3889044,3893812,3891520,16481,0,745,0
7.684152126312256,38336,3899284,3906100,3901760,16486,0,746,0
7.69917106628418,38336,3909524,3916340,3912000,16491,0,746,0
7.714686155319214,38336,3919764,3926580,3922240,16496,0,746,0
7.7301530838012695,38336,3932052,3936820,3934528,16501,0,746,0
7.745321035385132,38336,3942292,3947060,3944768,16507,0,746,0
7.760555982589722,38336,3952532,3957300,3955008,16512,0,746,0
7.775706052780151,38336,3962772,3967540,3965248,16517,0,746,0
7.790970087051392,38336,3973012,3977780,3975488,16522,0,747,0
7.806189060211182,38336,3983252,3990068,3985728,16527,0,747,0
7.821310997009277,38336,3993492,4000308,3995968,16532,0,747,0
7.836459159851074,38336,4003732,4010548,4006208,16537,0,748,0
7.851798057556152,38336,4016020,4020788,4018496,16542,0,748,0
7.8670570850372314,38336,4026260,4031028,4028736,16547,0,748,0
7.8822340965271,38336,4036500,4041268,4038976,16553,0,748,0
7.8973259925842285,38336,4046740,4051508,4049216,16558,0,748,0
7.912505149841309,38336,4056980,4061748,4059456,16563,0,748,0
7.928035020828247,38336,4067220,4071988,4069696,16568,0,749,0
7.943296194076538,38336,4077460,4084276,4079936,16573,0,749,0
7.958603143692017,38336,4087700,4094516,4090176,16578,0,749,0
7.973750114440918,38336,4097940,4104756,4100416,16583,0,750,0
7.98906397819519,38336,4110228,4114996,4112704,16588,0,750,0
8.004225969314575,38336,4120468,4125236,4122944,16594,0,750,0
8.020781993865967,38336,4130708,4135476,4133184,16599,0,750,0
8.03617811203003,38336,4140948,4145716,4143424,16604,0,750,0
8.05131196975708,38336,4151188,4155956,4153664,16609,0,750,0
8.066534042358398,38336,4161428,4166196,4163904,16614,0,751,0
8.0818190574646,38336,4171668,4176436,4174144,16619,0,751,0
8.097100019454956,38336,4181908,4188724,4184384,16624,0,751,0
8.11220908164978,38336,4192148,4198964,4194624,16629,0,752,0
8.127433061599731,38336,4202388,4209204,4204864,16634,0,752,0
8.142675161361694,38336,4214676,4219444,4217152,16639,0,752,0
8.157945156097412,38336,4224916,4229684,4227392,16645,0,752,0
8.173007011413574,38336,4235156,4239924,4237632,16650,0,752,0
8.18817400932312,38336,4245396,4250164,4247872,16655,0,752,0
8.203268051147461,38336,4255636,4260404,4258112,16660,0,752,0
8.218417167663574,38336,4265876,4270644,4268352,16665,0,753,0
8.233304977416992,38336,4276116,4282932,4278592,16670,0,753,0
8.24851107597351,38336,4286356,4293172,4288832,16675,0,753,0
8.263611078262329,38336,4296596,4303412,4299072,16680,0,754,0
8.27873706817627,38336,4308884,4313652,4311360,16685,0,754,0
8.293977975845337,38336,4319124,4323892,4321600,16691,0,754,0
8.309112071990967,38336,4321172,4325940,4323648,16692,0,754,0
8.323961973190308,38336,4321172,4325940,4323648,16692,0,754,0
8.338740110397339,38336,4321172,4325940,4323648,16692,0,754,0
8.353692054748535,38336,4321172,4325940,4323648,16692,0,754,0
8.368206024169922,38336,4321172,4325940,4323648,16692,0,754,0
8.382652044296265,38336,4321172,4325940,4323648,16692,0,754,0
8.397156000137329,38336,4321172,4325940,4323648,16692,0,754,0
8.411626100540161,38336,4321172,4325940,4323648,16692,0,754,0
8.426038026809692,38336,4321172,4325940,4323648,16692,0,754,0
8.440289974212646,38336,4321172,4325940,4323648,16692,0,754,0
8.454670190811157,38336,4321172,4325940,4323648,16692,0,754,0
8.46922516822815,38336,4321172,4325940,4323648,16692,0,754,0
8.48408317565918,38336,4321172,4325940,4323648,16692,0,754,0
8.498990058898926,38336,4321172,4325940,4323648,16692,0,754,0
8.51372504234314,38336,4321172,4325940,4323648,16692,0,754,0
8.528541088104248,38336,4321172,4325940,4323648,16692,0,754,0
8.543771028518677,38336,4321172,4325940,4323648,16692,0,754,0
8.5588960647583,38336,4321172,4325940,4323648,16692,0,754,0
8.573668003082275,38336,4321172,4325940,4323648,16692,0,754,0
8.588618040084839,38336,4321172,4325940,4323648,16692,0,754,0
8.603800058364868,38336,4321172,4325940,4323648,16692,0,754,0
8.61868405342102,38336,4321172,4325940,4323648,16692,0,754,0
8.633583068847656,38336,4321172,4325940,4323648,16692,0,754,0
8.648339033126831,38336,4321172,4325940,4323648,16692,0,754,0
8.662808179855347,38336,4321172,4325940,4323648,16692,0,754,0
8.677651166915894,38336,4321172,4325940,4323648,16692,0,754,0
8.692413091659546,38336,4321172,4325940,4323648,16692,0,754,0
8.707290172576904,38336,4321172,4325940,4323648,16692,0,754,0
8.722141981124878,38336,4321172,4325940,4323648,16692,0,754,0
8.73703408241272,38336,4321172,4325940,4323648,16692,0,754,0
8.752180099487305,38336,4321172,4325940,4323648,16692,0,754,0
8.767070055007935,38336,4321172,4325940,4323648,16692,0,754,0
8.781952142715454,38336,4321172,4325940,4323648,16692,0,754,0
8.796281099319458,38336,4321172,4325940,4323648,16692,0,754,0
8.810912132263184,38336,4321172,4325940,4323648,16692,0,754,0
8.825195074081421,38336,4321172,4325940,4323648,16692,0,754,0
8.839627981185913,38336,4321172,4325940,4323648,16692,0,754,0
8.854140996932983,38336,4321172,4325940,4323648,16692,0,754,0
8.868352174758911,38336,4321172,4325940,4323648,16692,0,754,0
8.882912158966064,38336,4321172,4325940,4323648,16692,0,754,0
8.89754319190979,38336,4321172,4325940,4323648,16692,0,754,0
8.912564992904663,38336,4321172,4325940,4323648,16692,0,754,0
8.927168130874634,38336,4321172,4325940,4323648,16692,0,754,0
8.941999197006226,38336,4321172,4325940,4323648,16692,0,754,0
8.956622123718262,38336,4321172,4325940,4323648,16692,0,754,0
8.971326112747192,38336,4321172,4325940,4323648,16692,0,754,0
8.986629962921143,38336,4321172,4325940,4323648,16692,0,754,0
9.002020120620728,38336,4321172,4325940,4323648,16692,0,754,0
9.017273187637329,38336,4321172,4325940,4323648,16692,0,754,0
9.032721042633057,38336,4321172,4325940,4323648,16692,0,754,0
9.048025131225586,38336,4321172,4325940,4323648,16692,0,754,0
9.062995195388794,38336,4321172,4325940,4323648,16692,0,754,0
9.077699184417725,38336,4321172,4325940,4323648,16692,0,754,0
9.092370986938477,38336,4321172,4325940,4323648,16692,0,754,0
9.107211112976074,38336,4321172,4325940,4323648,16692,0,754,0
9.12207317352295,38336,4321172,4325940,4323648,16692,0,754,0
9.136903047561646,38336,4321172,4325940,4323648,16692,0,754,0
9.151201009750366,38336,4321172,4325940,4323648,16692,0,754,0
9.165390014648438,38336,4321172,4325940,4323648,16692,0,754,0
9.179879188537598,38336,4321172,4325940,4323648,16692,0,754,0
9.194138050079346,38336,4321172,4325940,4323648,16692,0,754,0
9.208599090576172,38336,4321172,4325940,4323648,16692,0,754,0
9.222885131835938,38336,4321172,4325940,4323648,16692,0,754,0
9.237202167510986,38336,4321172,4325940,4323648,16692,0,754,0
9.251574993133545,38336,4321172,4325940,4323648,16692,0,754,0
9.266031980514526,38336,4321172,4325940,4323648,16692,0,754,0
9.280203104019165,38336,4321172,4325940,4323648,16692,0,754,0
9.294656991958618,38336,4321172,4325940,4323648,16692,0,754,0
9.309235095977783,38336,4321172,4325940,4323648,16692,0,754,0
9.323991060256958,38336,4321172,4325940,4323648,16692,0,754,0
9.338687181472778,38336,4321172,4325940,4323648,16692,0,754,0
9.353286981582642,38336,4321172,4325940,4323648,16692,0,754,0
9.367671012878418,38336,4321172,4325940,4323648,16692,0,754,0
9.382537126541138,38336,4321172,4325940,4323648,16692,0,754,0
9.397680044174194,38336,4321172,4325940,4323648,16692,0,754,0
9.413058042526245,38336,4321172,4325940,4323648,16692,0,754,0
9.428431987762451,38336,4321172,4325940,4323648,16692,0,754,0
9.443809032440186,38336,4321172,4325940,4323648,16692,0,754,0
9.459238052368164,38336,4321172,4325940,4323648,16692,0,754,0
9.474392175674438,38336,4321172,4325940,4323648,16692,0,754,0
9.489572048187256,38336,4321172,4325940,4323648,16692,0,754,0
9.50399112701416,38336,4321172,4325940,4323648,16692,0,754,0
9.51832914352417,38336,4321172,4325940,4323648,16692,0,754,0
9.533146142959595,38336,4321172,4325940,4323648,16692,0,754,0
9.548261165618896,38336,4321172,4325940,4323648,16692,0,754,0
9.56363296508789,38336,4321172,4325940,4323648,16692,0,754,0
9.57908010482788,38336,4321172,4325940,4323648,16692,0,754,0
9.59433102607727,38336,4321172,4325940,4323648,16692,0,754,0
9.609586000442505,38336,4321172,4325940,4323648,16692,0,754,0
9.624850988388062,38336,4321172,4325940,4323648,16692,0,754,0
9.640269041061401,38336,4321172,4325940,4323648,16692,0,754,0
9.655394077301025,38336,4321172,4325940,4323648,16692,0,754,0
9.67071008682251,38336,4321172,4325940,4323648,16692,0,754,0
9.684981107711792,38336,4321172,4325940,4323648,16692,0,754,0
9.699342966079712,38336,4321172,4325940,4323648,16692,0,754,0
9.713706016540527,38336,4321172,4325940,4323648,16692,0,754,0
9.728255987167358,38336,4321172,4325940,4323648,16692,0,754,0
9.742791175842285,38336,4321172,4325940,4323648,16692,0,754,0
9.757196187973022,38336,4321172,4325940,4323648,16692,0,754,0
9.771651029586792,38336,4321172,4325940,4323648,16692,0,754,0
9.786128044128418,38336,4321172,4325940,4323648,16692,0,754,0
9.80104398727417,38336,4321172,4325940,4323648,16692,0,754,0
9.815345048904419,38336,4321172,4325940,4323648,16692,0,754,0
9.82998514175415,38336,4321172,4325940,4323648,16692,0,754,0
9.844248056411743,38336,4321172,4325940,4323648,16692,0,754,0
9.858854055404663,38336,4321172,4325940,4323648,16692,0,754,0
9.87337613105774,38336,4321172,4325940,4323648,16692,0,754,0
9.888203144073486,38336,4321172,4325940,4323648,16692,0,754,0
9.903087139129639,38336,4321172,4325940,4323648,16692,0,754,0
9.91729211807251,38336,4321172,4325940,4323648,16692,0,754,0
9.931684970855713,38336,4321172,4325940,4323648,16692,0,754,0
9.946192979812622,38336,4321172,4325940,4323648,16692,0,754,0
9.960676193237305,38336,4321172,4325940,4323648,16692,0,754,0
9.975656032562256,38336,4321172,4325940,4323648,16692,0,754,0
9.99059510231018,38336,4321172,4325940,4323648,16692,0,754,0
10.005789995193481,38336,4321172,4325940,4323648,16692,0,754,0
10.020632028579712,38336,4321172,4325940,4323648,16692,0,754,0
10.035017013549805,38336,4321172,4325940,4323648,16692,0,754,0
10.04990816116333,38336,4321172,4325940,4323648,16692,0,754,0
10.064840078353882,38336,4321172,4325940,4323648,16692,0,754,0
10.079162120819092,38336,4321172,4325940,4323648,16692,0,754,0
10.093788146972656,38336,4321172,4325940,4323648,16692,0,754,0
10.1082181930542,38336,4321172,4325940,4323648,16692,0,754,0
10.122689008712769,38336,4321172,4325940,4323648,16692,0,754,0
10.137173175811768,38336,4321172,4325940,4323648,16692,0,754,0
10.151643991470337,38336,4321172,4325940,4323648,16692,0,754,0
10.166088104248047,38336,4321172,4325940,4323648,16692,0,754,0
10.180315971374512,38336,4321172,4325940,4323648,16692,0,754,0
10.195091009140015,38336,4321172,4325940,4323648,16692,0,754,0
10.210036993026733,38336,4321172,4325940,4323648,16692,0,754,0
10.224586009979248,38336,4321172,4325940,4323648,16692,0,754,0
10.23916506767273,38336,4321172,4325940,4323648,16692,0,754,0
10.25356411933899,38336,4321172,4325940,4323648,16692,0,754,0
10.268022060394287,38336,4321172,4325940,4323648,16692,0,754,0
10.282324075698853,38336,4321172,4325940,4323648,16692,0,754,0
10.29679012298584,38336,4321172,4325940,4323648,16692,0,754,0
10.31101107597351,38336,4321172,4325940,4323648,16692,0,754,0
10.328786134719849,38336,4321172,4325940,4323648,16692,0,754,0
10.34321117401123,38336,4321172,4325940,4323648,16692,0,754,0
10.357335090637207,38336,4321172,4325940,4323648,16692,0,754,0
10.371687173843384,38336,4321172,4325940,4323648,16692,0,754,0
10.38614797592163,38336,4321172,4325940,4323648,16692,0,754,0
10.400763988494873,38336,4321172,4325940,4323648,16692,0,754,0
10.415186166763306,38336,4321172,4325940,4323648,16692,0,754,0
10.429320096969604,38336,4321172,4325940,4323648,16692,0,754,0
10.444087028503418,38336,4321172,4325940,4323648,16692,0,754,0
10.458294153213501,38336,4321172,4325940,4323648,16692,0,754,0
10.472645044326782,38336,4321172,4325940,4323648,16692,0,754,0
10.486993074417114,38336,4321172,4325940,4323648,16692,0,754,0
10.501207113265991,38336,4321172,4325940,4323648,16692,0,754,0
10.515326976776123,38336,4321172,4325940,4323648,16692,0,754,0
10.529608964920044,38336,4321172,4325940,4323648,16692,0,754,0
10.544223070144653,38336,4321172,4325940,4323648,16692,0,754,0
10.558732032775879,38336,4321172,4325940,4323648,16692,0,754,0
10.573202133178711,38336,4321172,4325940,4323648,16692,0,754,0
10.587615013122559,38336,4321172,4325940,4323648,16692,0,754,0
10.602107048034668,38336,4321172,4325940,4323648,16692,0,754,0
10.616624116897583,38336,4321172,4325940,4323648,16692,0,754,0
10.631282091140747,38336,4321172,4325940,4323648,16692,0,754,0
10.646111011505127,38336,4321172,4325940,4323648,16692,0,754,0
10.661180973052979,38336,4321172,4325940,4323648,16692,0,754,0
10.675654172897339,38336,4321172,4325940,4323648,16692,0,754,0
10.69010615348816,38336,4321172,4325940,4323648,16692,0,754,0
10.704693078994751,38336,4321172,4325940,4323648,16692,0,754,0
10.719693183898926,38336,4321172,4325940,4323648,16692,0,754,0
10.734374046325684,38336,4321172,4325940,4323648,16692,0,754,0
10.748870134353638,38336,4321172,4325940,4323648,16692,0,754,0
10.7637300491333,38336,4321172,4325940,4323648,16692,0,754,0
10.77831506729126,38336,4321172,4325940,4323648,16692,0,754,0
10.792683124542236,38336,4321172,4325940,4323648,16692,0,754,0
10.807206153869629,38336,4321172,4325940,4323648,16692,0,754,0
10.821916103363037,38336,4321172,4325940,4323648,16692,0,754,0
10.836271047592163,38336,4321172,4325940,4323648,16692,0,754,0
10.850776195526123,38336,4321172,4325940,4323648,16692,0,754,0
10.86519718170166,38336,4321172,4325940,4323648,16692,0,754,0
10.87961196899414,38336,4321172,4325940,4323648,16692,0,754,0
10.894199132919312,38336,4321172,4325940,4323648,16692,0,754,0
10.90867304801941,38336,4321172,4325940,4323648,16692,0,754,0
10.92321515083313,38336,4321172,4325940,4323648,16692,0,754,0
10.940762042999268,38336,4321172,4325940,4323648,16692,0,754,0
10.955734014511108,38336,4321172,4325940,4323648,16692,0,754,0
10.970232009887695,38336,4321172,4325940,4323648,16692,0,754,0
10.98471713066101,38336,4321172,4325940,4323648,16692,0,754,0
10.999256134033203,38336,4321172,4325940,4323648,16692,0,754,0
11.01379919052124,38336,4321172,4325940,4323648,16692,0,754,0
11.028233051300049,38336,4321172,4325940,4323648,16692,0,754,0
11.042968988418579,38336,4321172,4325940,4323648,16692,0,754,0
11.057777166366577,38336,4321172,4325940,4323648,16692,0,754,0
11.07221508026123,38336,4321172,4325940,4323648,16692,0,754,0
11.087170124053955,38336,4321172,4325940,4323648,16692,0,754,0
11.101938962936401,38336,4321172,4325940,4323648,16692,0,754,0
11.116765022277832,38336,4321172,4325940,4323648,16692,0,754,0
11.131556034088135,38336,4321172,4325940,4323648,16692,0,754,0
11.146401166915894,38336,4321172,4325940,4323648,16692,0,754,0
11.161072015762329,38336,4321172,4325940,4323648,16692,0,754,0
11.175889015197754,38336,4321172,4325940,4323648,16692,0,754,0
11.190327167510986,38336,4321172,4325940,4323648,16692,0,754,0
11.205197095870972,38336,4321172,4325940,4323648,16692,0,754,0
11.219877004623413,38336,4321172,4325940,4323648,16692,0,754,0
11.234233140945435,38336,4321172,4325940,4323648,16692,0,754,0
11.24920916557312,38336,4321172,4325940,4323648,16692,0,754,0
11.2641761302948,38336,4321172,4325940,4323648,16692,0,754,0
11.278692960739136,38336,4321172,4325940,4323648,16692,0,754,0
11.293162107467651,38336,4321172,4325940,4323648,16692,0,754,0
11.307711124420166,38336,4321172,4325940,4323648,16692,0,754,0
11.322175979614258,38336,4321172,4325940,4323648,16692,0,754,0
11.336384057998657,38336,4321172,4325940,4323648,16692,0,754,0
11.35164499282837,38336,4321172,4325940,4323648,16692,0,754,0
11.366744995117188,38336,4321172,4325940,4323648,16692,0,754,0
11.38123607635498,38336,4321172,4325940,4323648,16692,0,754,0
11.395756959915161,38336,4321172,4325940,4323648,16692,0,754,0
11.410231113433838,38336,4321172,4325940,4323648,16692,0,754,0
11.424686193466187,38336,4321172,4325940,4323648,16692,0,754,0
11.439182996749878,38336,4321172,4325940,4323648,16692,0,754,0
11.453572034835815,38336,4321172,4325940,4323648,16692,0,754,0
11.468216180801392,38336,4321172,4325940,4323648,16692,0,754,0
11.482670068740845,38336,4321172,4325940,4323648,16692,0,754,0
11.497186183929443,38336,4321172,4325940,4323648,16692,0,754,0
11.511837005615234,38336,4321172,4325940,4323648,16692,0,754,0
11.526334047317505,38336,4321172,4325940,4323648,16692,0,754,0
11.54092001914978,38336,4321172,4325940,4323648,16692,0,754,0
11.555225133895874,38336,4321172,4325940,4323648,16692,0,754,0
11.56973910331726,38336,4321172,4325940,4323648,16692,0,754,0
11.584236145019531,38336,4321172,4325940,4323648,16692,0,754,0
11.599018096923828,38336,4321172,4325940,4323648,16692,0,754,0
11.613876104354858,38336,4321172,4325940,4323648,16692,0,754,0
11.628594160079956,38336,4321172,4325940,4323648,16692,0,754,0
11.64335012435913,38336,4321172,4325940,4323648,16692,0,754,0
11.658218145370483,38336,4321172,4325940,4323648,16692,0,754,0
11.673213005065918,38336,4321172,4325940,4323648,16692,0,754,0
11.687638998031616,38336,4321172,4325940,4323648,16692,0,754,0
11.702552080154419,38336,4321172,4325940,4323648,16692,0,754,0
11.71724009513855,38336,4321172,4325940,4323648,16692,0,754,0
11.732119083404541,38336,4321172,4325940,4323648,16692,0,754,0
11.747085094451904,38336,4321172,4325940,4323648,16692,0,754,0
11.761918067932129,38336,4321172,4325940,4323648,16692,0,754,0
11.776713132858276,38336,4321172,4325940,4323648,16692,0,754,0
11.791263103485107,38336,4321172,4325940,4323648,16692,0,754,0
11.806153059005737,38336,4321172,4325940,4323648,16692,0,754,0
11.821030139923096,38336,4321172,4325940,4323648,16692,0,754,0
11.83594298362732,38336,4321172,4325940,4323648,16692,0,754,0
11.851022005081177,38336,4321172,4325940,4323648,16692,0,754,0
11.865617036819458,38336,4321172,4325940,4323648,16692,0,754,0
11.880311965942383,38336,4321172,4325940,4323648,16692,0,754,0
11.894756078720093,38336,4321172,4325940,4323648,16692,0,754,0
11.909183979034424,38336,4321172,4325940,4323648,16692,0,754,0
11.924185991287231,38336,4321172,4325940,4323648,16692,0,754,0
11.938560962677002,38336,4321172,4325940,4323648,16692,0,754,0
11.952974081039429,38336,4321172,4325940,4323648,16692,0,754,0
11.967226028442383,38336,4321172,4325940,4323648,16692,0,754,0
11.981595993041992,38336,4321172,4325940,4323648,16692,0,754,0
11.995994091033936,38336,4321172,4325940,4323648,16692,0,754,0
12.010257005691528,38336,4321172,4325940,4323648,16692,0,754,0
12.024665117263794,38336,4321172,4325940,4323648,16692,0,754,0
12.039257049560547,38336,4321172,4325940,4323648,16692,0,754,0
12.053663969039917,38336,4321172,4325940,4323648,16692,0,754,0
12.068052053451538,38336,4321172,4325940,4323648,16692,0,754,0
12.082775115966797,38336,4321172,4325940,4323648,16692,0,754,0
12.097182035446167,38336,4321172,4325940,4323648,16692,0,754,0
12.11159896850586,38336,4321172,4325940,4323648,16692,0,754,0
12.126145124435425,38336,4321172,4325940,4323648,16692,0,754,0
12.140650987625122,38336,4321172,4325940,4323648,16692,0,754,0
12.15521502494812,38336,4321172,4325940,4323648,16692,0,754,0
12.169871091842651,38336,4321172,4325940,4323648,16692,0,754,0
12.184328079223633,38336,4321172,4325940,4323648,16692,0,754,0
12.198695182800293,38336,4321172,4325940,4323648,16692,0,754,0
12.21318006515503,38336,4321172,4325940,4323648,16692,0,754,0
12.227650165557861,38336,4321172,4325940,4323648,16692,0,754,0
12.242058992385864,38336,4321172,4325940,4323648,16692,0,754,0
12.256203174591064,38336,4321172,4325940,4323648,16692,0,754,0
12.27031397819519,38336,4321172,4325940,4323648,16692,0,754,0
12.285197019577026,38336,4321172,4325940,4323648,16692,0,754,0
12.299714088439941,38336,4321172,4325940,4323648,16692,0,754,0
12.314176082611084,38336,4321172,4325940,4323648,16692,0,754,0
12.32912802696228,38336,4321172,4325940,4323648,16692,0,754,0
12.344181060791016,38336,4321172,4325940,4323648,16692,0,754,0
12.35929012298584,38336,4321172,4325940,4323648,16692,0,754,0
12.373991012573242,38336,4321172,4325940,4323648,16692,0,754,0
12.38892412185669,38336,4321172,4325940,4323648,16692,0,754,0
12.403557062149048,38336,4321172,4325940,4323648,16692,0,754,0
12.4187331199646,38336,4321172,4325940,4323648,16692,0,754,0
12.433969020843506,38336,4321172,4325940,4323648,16692,0,754,0
12.44895315170288,38336,4321172,4325940,4323648,16692,0,754,0
12.46409797668457,38336,4321172,4325940,4323648,16692,0,754,0
12.479218006134033,38336,4321172,4325940,4323648,16692,0,754,0
12.494532108306885,38336,4321172,4325940,4323648,16692,0,754,0
12.509672164916992,38336,4321172,4325940,4323648,16692,0,754,0
12.52469801902771,38336,4321172,4325940,4323648,16692,0,754,0
12.539651155471802,38336,4321172,4325940,4323648,16692,0,754,0
12.55467414855957,38336,4321172,4325940,4323648,16692,0,754,0
12.56995701789856,38336,4321172,4325940,4323648,16692,0,754,0
12.58498501777649,38336,4321172,4325940,4323648,16692,0,754,0
12.600043058395386,38336,4321172,4325940,4323648,16692,0,754,0
12.615070104598999,38336,4321172,4325940,4323648,16692,0,754,0
12.630313158035278,38336,4321172,4325940,4323648,16692,0,754,0
12.64538311958313,38336,4321172,4325940,4323648,16692,0,754,0
12.66059398651123,38336,4321172,4325940,4323648,16692,0,754,0
12.675760984420776,38336,4321172,4325940,4323648,16692,0,754,0
12.691246032714844,38336,4321172,4325940,4323648,16692,0,754,0
12.706837177276611,38336,4321172,4325940,4323648,16692,0,754,0
12.72221302986145,38336,4321172,4325940,4323648,16692,0,754,0
12.737344026565552,38336,4321172,4325940,4323648,16692,0,754,0
12.752397060394287,38336,4321172,4325940,4323648,16692,0,754,0
12.76761507987976,38336,4321172,4325940,4323648,16692,0,754,0
12.782559156417847,38336,4321172,4325940,4323648,16692,0,754,0
12.797943115234375,38336,4321172,4325940,4323648,16692,0,754,0
12.812977075576782,38336,4321172,4325940,4323648,16692,0,754,0
12.82813310623169,38336,4321172,4325940,4323648,16692,0,754,0
12.843396186828613,38336,4321172,4325940,4323648,16692,0,754,0
12.858505964279175,38336,4321172,4325940,4323648,16692,0,754,0
12.873453140258789,38336,4321172,4325940,4323648,16692,0,754,0
12.891458988189697,38336,4321172,4325940,4323648,16692,0,754,0
12.90634799003601,38336,4321172,4325940,4323648,16692,0,754,0
12.921600103378296,38336,4321172,4325940,4323648,16692,0,754,0
12.937028169631958,38336,4321172,4325940,4323648,16692,0,754,0
12.952100038528442,38336,4321172,4325940,4323648,16692,0,754,0
12.967028141021729,38336,4321172,4325940,4323648,16692,0,754,0
12.982139110565186,38336,4321172,4325940,4323648,16692,0,754,0
12.997148990631104,38336,4321172,4325940,4323648,16692,0,754,0
13.011707067489624,38336,4321172,4325940,4323648,16692,0,754,0
13.026916980743408,38336,4321172,4325940,4323648,16692,0,754,0
13.0421781539917,38336,4321172,4325940,4323648,16692,0,754,0
13.057129144668579,38336,4321172,4325940,4323648,16692,0,754,0
13.072090148925781,38336,4321172,4325940,4323648,16692,0,754,0
13.087301015853882,38336,4321172,4325940,4323648,16692,0,754,0
13.102625131607056,38336,4321172,4325940,4323648,16692,0,754,0
13.117897033691406,38336,4321172,4325940,4323648,16692,0,754,0
13.133244037628174,38336,4321172,4325940,4323648,16692,0,754,0
13.148221969604492,38336,4321172,4325940,4323648,16692,0,754,0
13.163419961929321,38336,4321172,4325940,4323648,16692,0,754,0
13.17846417427063,38336,4321172,4325940,4323648,16692,0,754,0
13.193790197372437,38336,4321172,4325940,4323648,16692,0,754,0
13.209140062332153,38336,4321172,4325940,4323648,16692,0,754,0
13.224367141723633,38336,4321172,4325940,4323648,16692,0,754,0
13.23952603340149,38336,4321172,4325940,4323648,16692,0,754,0
13.254988193511963,38336,4321172,4325940,4323648,16692,0,754,0
13.270155191421509,38336,4321172,4325940,4323648,16692,0,754,0
13.285179138183594,38336,4321172,4325940,4323648,16692,0,754,0
13.30048418045044,38336,4321172,4325940,4323648,16692,0,754,0
13.31532096862793,38336,4321172,4325940,4323648,16692,0,754,0
13.330238103866577,38336,4321172,4325940,4323648,16692,0,754,0
13.34555196762085,38336,4321172,4325940,4323648,16692,0,754,0
13.36054515838623,38336,4321172,4325940,4323648,16692,0,754,0
13.375652074813843,38336,4321172,4325940,4323648,16692,0,754,0
13.390918016433716,38336,4321172,4325940,4323648,16692,0,754,0
13.406221151351929,38336,4321172,4325940,4323648,16692,0,754,0
13.421092987060547,38336,4321172,4325940,4323648,16692,0,754,0
13.436042070388794,38336,4321172,4325940,4323648,16692,0,754,0
13.4512460231781,38336,4321172,4325940,4323648,16692,0,754,0
13.466382026672363,38336,4321172,4325940,4323648,16692,0,754,0
13.481364965438843,38336,4321172,4325940,4323648,16692,0,754,0
13.496361017227173,38336,4321172,4325940,4323648,16692,0,754,0
13.511506080627441,38336,4321172,4325940,4323648,16692,0,754,0
13.52690315246582,38336,4321172,4325940,4323648,16692,0,754,0
13.542080163955688,38336,4321172,4325940,4323648,16692,0,754,0
13.557142972946167,38336,4321172,4325940,4323648,16692,0,754,0
13.572303056716919,38336,4321172,4325940,4323648,16692,0,754,0
13.587512016296387,38336,4321172,4325940,4323648,16692,0,754,0
13.602612018585205,38336,4321172,4325940,4323648,16692,0,754,0
13.617984056472778,38336,4321172,4325940,4323648,16692,0,754,0
13.633249998092651,38336,4321172,4325940,4323648,16692,0,754,0
13.64844298362732,38336,4321172,4325940,4323648,16692,0,754,0
13.663732051849365,38336,4321172,4325940,4323648,16692,0,754,0
13.678750991821289,38336,4321172,4325940,4323648,16692,0,754,0
13.693847179412842,38336,4321172,4325940,4323648,16692,0,754,0
13.708868026733398,38336,4321172,4325940,4323648,16692,0,754,0
13.723978042602539,38336,4321172,4325940,4323648,16692,0,754,0
13.739256143569946,38336,4321172,4325940,4323648,16692,0,754,0
13.75416612625122,38336,4321172,4325940,4323648,16692,0,754,0
13.769404172897339,38336,4321172,4325940,4323648,16692,0,754,0
13.784584999084473,38336,4321172,4325940,4323648,16692,0,754,0
13.799702167510986,38336,4321172,4325940,4323648,16692,0,754,0
13.814979076385498,38336,4321172,4325940,4323648,16692,0,754,0
13.829724073410034,38336,4321172,4325940,4323648,16692,0,754,0
13.844669103622437,38336,4321172,4325940,4323648,16692,0,754,0
13.860296964645386,38336,4321172,4325940,4323648,16692,0,754,0
13.875508069992065,38336,4321172,4325940,4323648,16692,0,754,0
13.890782117843628,38336,4321172,4325940,4323648,16692,0,754,0
13.906032085418701,38336,4321172,4325940,4323648,16692,0,754,0
13.921329975128174,38336,4321172,4325940,4323648,16692,0,754,0
13.936499118804932,38336,4321172,4325940,4323648,16692,0,754,0
13.951342105865479,38336,4321172,4325940,4323648,16692,0,754,0
13.966300964355469,38336,4321172,4325940,4323648,16692,0,754,0
13.981260061264038,38336,4321172,4325940,4323648,16692,0,754,0
13.996402025222778,38336,4321172,4325940,4323648,16692,0,754,0
14.011526107788086,38336,4321172,4325940,4323648,16692,0,754,0
14.026932001113892,38336,4321172,4325940,4323648,16692,0,754,0
14.042273998260498,38336,4321172,4325940,4323648,16692,0,754,0
14.057306051254272,38336,4321172,4325940,4323648,16692,0,754,0
14.072465181350708,38336,4321172,4325940,4323648,16692,0,754,0
14.087547063827515,38336,4321172,4325940,4323648,16692,0,754,0
14.102710962295532,38336,4321172,4325940,4323648,16692,0,754,0
14.118010997772217,38336,4321172,4325940,4323648,16692,0,754,0
14.133263111114502,38336,4321172,4325940,4323648,16692,0,754,0
14.148492097854614,38336,4321172,4325940,4323648,16692,0,754,0
14.164091110229492,38336,4321172,4325940,4323648,16692,0,754,0
14.17917013168335,38336,4321172,4325940,4323648,16692,0,754,0
14.194043159484863,38336,4321172,4325940,4323648,16692,0,754,0
14.208779096603394,38336,4321172,4325940,4323648,16692,0,754,0
14.223675012588501,38336,4321172,4325940,4323648,16692,0,754,0
14.238553047180176,38336,4321172,4325940,4323648,16692,0,754,0
14.253623008728027,38336,4321172,4325940,4323648,16692,0,754,0
14.268440961837769,38336,4321172,4325940,4323648,16692,0,754,0
14.283643007278442,38336,4321172,4325940,4323648,16692,0,754,0
14.298827171325684,38336,4321172,4325940,4323648,16692,0,754,0
14.314090967178345,38336,4321172,4325940,4323648,16692,0,754,0
14.329272985458374,38336,4321172,4325940,4323648,16692,0,754,0
14.34451413154602,38336,4321172,4325940,4323648,16692,0,754,0
14.359279155731201,38336,4321172,4325940,4323648,16692,0,754,0
14.374555110931396,38336,4321172,4325940,4323648,16692,0,754,0
14.389518022537231,38336,4321172,4325940,4323648,16692,0,754,0
14.404340982437134,38336,4321172,4325940,4323648,16692,0,754,0
14.419257164001465,38336,4321172,4325940,4323648,16692,0,754,0
14.434437036514282,38336,4321172,4325940,4323648,16692,0,754,0
14.44943618774414,38336,4321172,4325940,4323648,16692,0,754,0
14.464588165283203,38336,4321172,4325940,4323648,16692,0,754,0
14.479830026626587,38336,4321172,4325940,4323648,16692,0,754,0
14.494989156723022,38336,4321172,4325940,4323648,16692,0,754,0
14.509916067123413,38336,4321172,4325940,4323648,16692,0,754,0
14.524676084518433,38336,4321172,4325940,4323648,16692,0,754,0
14.540091037750244,38336,4321172,4325940,4323648,16692,0,754,0
14.55529499053955,38336,4321172,4325940,4323648,16692,0,754,0
14.57022500038147,38336,4321172,4325940,4323648,16692,0,754,0
14.585299015045166,38336,4321172,4325940,4323648,16692,0,754,0
14.60046100616455,38336,4321172,4325940,4323648,16692,0,754,0
14.615578174591064,38336,4321172,4325940,4323648,16692,0,754,0
14.630648136138916,38336,4321172,4325940,4323648,16692,0,754,0
14.645687103271484,38336,4321172,4325940,4323648,16692,0,754,0
14.660650968551636,38336,4321172,4325940,4323648,16692,0,754,0
14.67588496208191,38336,4321172,4325940,4323648,16692,0,754,0
14.690630197525024,38336,4321172,4325940,4323648,16692,0,754,0
14.70555305480957,38336,4321172,4325940,4323648,16692,0,754,0
14.720399141311646,38336,4321172,4325940,4323648,16692,0,754,0
14.735193014144897,38336,4321172,4325940,4323648,16692,0,754,0
14.750056028366089,38336,4321172,4325940,4323648,16692,0,754,0
14.765254974365234,38336,4321172,4325940,4323648,16692,0,754,0
14.780709028244019,38336,4321172,4325940,4323648,16692,0,754,0
14.795651197433472,38336,4321172,4325940,4323648,16692,0,754,0
14.810996055603027,38336,4321172,4325940,4323648,16692,0,754,0
14.825783967971802,38336,4321172,4325940,4323648,16692,0,754,0
14.841135025024414,38336,4321172,4325940,4323648,16692,0,754,0
14.856220960617065,38336,4321172,4325940,4323648,16692,0,754,0
14.871303081512451,38336,4321172,4325940,4323648,16692,0,754,0
14.886413097381592,38336,4321172,4325940,4323648,16692,0,754,0
14.901540994644165,38336,4321172,4325940,4323648,16692,0,754,0
14.916608095169067,38336,4321172,4325940,4323648,16692,0,754,0
14.93145203590393,38336,4321172,4325940,4323648,16692,0,754,0
14.946664094924927,38336,4321172,4325940,4323648,16692,0,754,0
14.961937189102173,38336,4321172,4325940,4323648,16692,0,754,0
14.977243185043335,38336,4321172,4325940,4323648,16692,0,754,0
14.992578983306885,38336,4321172,4325940,4323648,16692,0,754,0
15.00795316696167,38336,4321172,4325940,4323648,16692,0,754,0
15.02292013168335,38336,4321172,4325940,4323648,16692,0,754,0
15.038079977035522,38336,4321172,4325940,4323648,16692,0,754,0
15.05311918258667,38336,4321172,4325940,4323648,16692,0,754,0
15.068320989608765,38336,4321172,4325940,4323648,16692,0,754,0
15.08352518081665,38336,4321172,4325940,4323648,16692,0,754,0
15.09847116470337,38336,4321172,4325940,4323648,16692,0,754,0
15.113250970840454,38336,4321172,4325940,4323648,16692,0,754,0
15.12814211845398,38336,4321172,4325940,4323648,16692,0,754,0
15.143360137939453,38336,4321172,4325940,4323648,16692,0,754,0
15.158329963684082,38336,4321172,4325940,4323648,16692,0,754,0
15.17342209815979,38336,4321172,4325940,4323648,16692,0,754,0
15.188307046890259,38336,4321172,4325940,4323648,16692,0,754,0
15.203104972839355,38336,4321172,4325940,4323648,16692,0,754,0
15.218090057373047,38336,4321172,4325940,4323648,16692,0,754,0
15.233432054519653,38336,4321172,4325940,4323648,16692,0,754,0
15.248542070388794,38336,4321172,4325940,4323648,16692,0,754,0
15.263872146606445,38336,4321172,4325940,4323648,16692,0,754,0
15.27921199798584,38336,4321172,4325940,4323648,16692,0,754,0
15.29429006576538,38336,4321172,4325940,4323648,16692,0,754,0
15.309350967407227,38336,4321172,4325940,4323648,16692,0,754,0
15.324333190917969,38336,4321172,4325940,4323648,16692,0,754,0
15.339313983917236,38336,4321172,4325940,4323648,16692,0,754,0
15.354258060455322,38336,4321172,4325940,4323648,16692,0,754,0
15.36922311782837,38336,4321172,4325940,4323648,16692,0,754,0
15.384119987487793,38336,4321172,4325940,4323648,16692,0,754,0
15.3993980884552,38336,4321172,4325940,4323648,16692,0,754,0
15.414786100387573,38336,4321172,4325940,4323648,16692,0,754,0
15.430238008499146,38336,4321172,4325940,4323648,16692,0,754,0
15.445240020751953,38336,4321172,4325940,4323648,16692,0,754,0
15.459686040878296,38336,4321172,4325940,4323648,16692,0,754,0
15.474066019058228,38336,4321172,4325940,4323648,16692,0,754,0
15.488730192184448,38336,4321172,4325940,4323648,16692,0,754,0
15.503231048583984,38336,4321172,4325940,4323648,16692,0,754,0
15.5175621509552,38336,4321172,4325940,4323648,16692,0,754,0
15.531869173049927,38336,4321172,4325940,4323648,16692,0,754,0
15.546252965927124,38336,4321172,4325940,4323648,16692,0,754,0
15.560883045196533,38336,4321172,4325940,4323648,16692,0,754,0
15.575829982757568,38336,4321172,4325940,4323648,16692,0,754,0
15.590752124786377,38336,4321172,4325940,4323648,16692,0,754,0
15.60568618774414,38336,4321172,4325940,4323648,16692,0,754,0
15.620896100997925,38336,4321172,4325940,4323648,16692,0,754,0
15.635732173919678,38336,4321172,4325940,4323648,16692,0,754,0
15.65065312385559,38336,4321172,4325940,4323648,16692,0,754,0
15.665174007415771,38336,4321172,4325940,4323648,16692,0,754,0
15.679787158966064,38336,4321172,4325940,4323648,16692,0,754,0
15.694701194763184,38336,4321172,4325940,4323648,16692,0,754,0
15.70961308479309,38336,4321172,4325940,4323648,16692,0,754,0
15.724337100982666,38336,4321172,4325940,4323648,16692,0,754,0
15.738990068435669,38336,4321172,4325940,4323648,16692,0,754,0
15.753626108169556,38336,4321172,4325940,4323648,16692,0,754,0
15.768205165863037,38336,4321172,4325940,4323648,16692,0,754,0
15.783226013183594,38336,4321172,4325940,4323648,16692,0,754,0
15.798197031021118,38336,4321172,4325940,4323648,16692,0,754,0
15.813256978988647,38336,4321172,4325940,4323648,16692,0,754,0
15.82834506034851,38336,4321172,4325940,4323648,16692,0,754,0
15.84325909614563,38336,4321172,4325940,4323648,16692,0,754,0
15.85808515548706,38336,4321172,4325940,4323648,16692,0,754,0
15.872732162475586,38336,4321172,4325940,4323648,16692,0,754,0
15.887228965759277,38336,4321172,4325940,4323648,16692,0,754,0
15.901869058609009,38336,4321172,4325940,4323648,16692,0,754,0
15.916747093200684,38336,4321172,4325940,4323648,16692,0,754,0
15.931617975234985,38336,4321172,4325940,4323648,16692,0,754,0
15.946375131607056,38336,4321172,4325940,4323648,16692,0,754,0
15.96127700805664,38336,4321172,4325940,4323648,16692,0,754,0
15.976298093795776,38336,4321172,4325940,4323648,16692,0,754,0
15.99160099029541,38336,4321172,4325940,4323648,16692,0,754,0
16.006254196166992,38336,4321172,4325940,4323648,16692,0,754,0
16.02128005027771,38336,4321172,4325940,4323648,16692,0,754,0
16.036241054534912,38336,4321172,4325940,4323648,16692,0,754,0
16.051217079162598,38336,4321172,4325940,4323648,16692,0,754,0
16.066262006759644,38336,4321172,4325940,4323648,16692,0,754,0
16.081253051757812,38336,4321172,4325940,4323648,16692,0,754,0
16.096318006515503,38336,4321172,4325940,4323648,16692,0,754,0
16.111268997192383,38336,4321172,4325940,4323648,16692,0,754,0
16.12612819671631,38336,4321172,4325940,4323648,16692,0,754,0
16.140684127807617,38336,4321172,4325940,4323648,16692,0,754,0
16.155215978622437,38336,4321172,4325940,4323648,16692,0,754,0
16.169888973236084,38336,4321172,4325940,4323648,16692,0,754,0
16.184250116348267,38336,4321172,4325940,4323648,16692,0,754,0
16.199129104614258,38336,4321172,4325940,4323648,16692,0,754,0
16.213926076889038,38336,4321172,4325940,4323648,16692,0,754,0
16.22821617126465,38336,4321172,4325940,4323648,16692,0,754,0
16.24309802055359,38336,4321172,4325940,4323648,16692,0,754,0
16.25778818130493,38336,4321172,4325940,4323648,16692,0,754,0
16.27311611175537,38336,4321172,4325940,4323648,16692,0,754,0
16.287930011749268,38336,4321172,4325940,4323648,16692,0,754,0
16.302736043930054,38336,4321172,4325940,4323648,16692,0,754,0
16.317229986190796,38336,4321172,4325940,4323648,16692,0,754,0
16.331933975219727,38336,4321172,4325940,4323648,16692,0,754,0
16.346204042434692,38336,4321172,4325940,4323648,16692,0,754,0
16.360663175582886,38336,4321172,4325940,4323648,16692,0,754,0
16.375235080718994,38336,4321172,4325940,4323648,16692,0,754,0
16.390164136886597,38336,4321172,4325940,4323648,16692,0,754,0
16.40504813194275,38336,4321172,4325940,4323648,16692,0,754,0
16.41987705230713,38336,4321172,4325940,4323648,16692,0,754,0
16.434772968292236,38336,4321172,4325940,4323648,16692,0,754,0
16.4496750831604,38336,4321172,4325940,4323648,16692,0,754,0
16.464059114456177,38336,4321172,4325940,4323648,16692,0,754,0
16.47840905189514,38336,4321172,4325940,4323648,16692,0,754,0
16.49328303337097,38336,4321172,4325940,4323648,16692,0,754,0
16.50790810585022,38336,4321172,4325940,4323648,16692,0,754,0
16.522207021713257,38336,4321172,4325940,4323648,16692,0,754,0
16.536606073379517,38336,4321172,4325940,4323648,16692,0,754,0
16.550958156585693,38336,4321172,4325940,4323648,16692,0,754,0
16.565592050552368,38336,4321172,4325940,4323648,16692,0,754,0
16.580008029937744,38336,4321172,4325940,4323648,16692,0,754,0
16.594272136688232,38336,4321172,4325940,4323648,16692,0,754,0
16.608788013458252,38336,4321172,4325940,4323648,16692,0,754,0
16.623589992523193,38336,4321172,4325940,4323648,16692,0,754,0
16.63822913169861,38336,4321172,4325940,4323648,16692,0,754,0
16.653576135635376,38336,4321172,4325940,4323648,16692,0,754,0
16.668303966522217,38336,4321172,4325940,4323648,16692,0,754,0
16.683228015899658,38336,4321172,4325940,4323648,16692,0,754,0
16.698121070861816,38336,4321172,4325940,4323648,16692,0,754,0
16.713072061538696,38336,4321172,4325940,4323648,16692,0,754,0
16.727713108062744,38336,4321172,4325940,4323648,16692,0,754,0
16.742213010787964,38336,4321172,4325940,4323648,16692,0,754,0
16.75682306289673,38336,4321172,4325940,4323648,16692,0,754,0
16.771738052368164,38336,4321172,4325940,4323648,16692,0,754,0
16.7866370677948,38336,4321172,4325940,4323648,16692,0,754,0
16.801692008972168,38336,4321172,4325940,4323648,16692,0,754,0
16.816313982009888,38336,4321172,4325940,4323648,16692,0,754,0
16.83087396621704,38336,4321172,4325940,4323648,16692,0,754,0
16.845203161239624,38336,4321172,4325940,4323648,16692,0,754,0
16.85969114303589,38336,4321172,4325940,4323648,16692,0,754,0
16.87421202659607,38336,4321172,4325940,4323648,16692,0,754,0
16.888936042785645,38336,4321172,4325940,4323648,16692,0,754,0
16.903253078460693,38336,4321172,4325940,4323648,16692,0,754,0
16.917582035064697,38336,4321172,4325940,4323648,16692,0,754,0
16.932172060012817,38336,4321172,4325940,4323648,16692,0,754,0
16.946786165237427,38336,4321172,4325940,4323648,16692,0,754,0
16.96138310432434,38336,4321172,4325940,4323648,16692,0,754,0
16.976649045944214,38336,4321172,4325940,4323648,16692,0,754,0
16.991960048675537,38336,4321172,4325940,4323648,16692,0,754,0
17.00684118270874,38336,4321172,4325940,4323648,16692,0,754,0
17.021674156188965,38336,4321172,4325940,4323648,16692,0,754,0
17.03672504425049,38336,4321172,4325940,4323648,16692,0,754,0
17.051233053207397,38336,4321172,4325940,4323648,16692,0,754,0
17.065737009048462,38336,4321172,4325940,4323648,16692,0,754,0
17.080612182617188,38336,4321172,4325940,4323648,16692,0,754,0
17.095141172409058,38336,4321172,4325940,4323648,16692,0,754,0
17.109619140625,38336,4321172,4325940,4323648,16692,0,754,0
17.12426209449768,38336,4321172,4325940,4323648,16692,0,754,0
17.139173984527588,38336,4321172,4325940,4323648,16692,0,754,0
17.15408205986023,38336,4321172,4325940,4323648,16692,0,754,0
17.16904616355896,38336,4321172,4325940,4323648,16692,0,754,0
17.18358612060547,38336,4321172,4325940,4323648,16692,0,754,0
17.198381185531616,38336,4321172,4325940,4323648,16692,0,754,0
17.21322512626648,38336,4321172,4325940,4323648,16692,0,754,0
17.228106021881104,38336,4321172,4325940,4323648,16692,0,754,0
17.24268913269043,38336,4321172,4325940,4323648,16692,0,754,0
17.257657051086426,38336,4321172,4325940,4323648,16692,0,754,0
17.272634029388428,38336,4321172,4325940,4323648,16692,0,754,0
17.287734985351562,38336,4321172,4325940,4323648,16692,0,754,0
17.302294969558716,38336,4321172,4325940,4323648,16692,0,754,0
17.31671905517578,38336,4321172,4325940,4323648,16692,0,754,0
17.331258058547974,38336,4321172,4325940,4323648,16692,0,754,0
17.345606088638306,38336,4321172,4325940,4323648,16692,0,754,0
17.360143184661865,38336,4321172,4325940,4323648,16692,0,754,0
17.374670028686523,38336,4321172,4325940,4323648,16692,0,754,0
17.389161109924316,38336,4321172,4325940,4323648,16692,0,754,0
17.404190063476562,38336,4321172,4325940,4323648,16692,0,754,0
17.41904306411743,38336,4321172,4325940,4323648,16692,0,754,0
17.434012174606323,38336,4321172,4325940,4323648,16692,0,754,0
17.4498929977417,38336,4321172,4325940,4323648,16692,0,754,0
17.464290142059326,38336,4321172,4325940,4323648,16692,0,754,0
17.478934049606323,38336,4321172,4325940,4323648,16692,0,754,0
17.493229150772095,38336,4321172,4325940,4323648,16692,0,754,0
17.50766897201538,38336,4321172,4325940,4323648,16692,0,754,0
17.52215814590454,38336,4321172,4325940,4323648,16692,0,754,0
17.53652596473694,38336,4321172,4325940,4323648,16692,0,754,0
17.55095100402832,38336,4321172,4325940,4323648,16692,0,754,0
17.565208196640015,38336,4321172,4325940,4323648,16692,0,754,0
17.579612970352173,38336,4321172,4325940,4323648,16692,0,754,0
17.5941321849823,38336,4321172,4325940,4323648,16692,0,754,0
17.608702182769775,38336,4321172,4325940,4323648,16692,0,754,0
17.622928142547607,38336,4321172,4325940,4323648,16692,0,754,0
17.637362003326416,38336,4321172,4325940,4323648,16692,0,754,0
17.651909112930298,38336,4321172,4325940,4323648,16692,0,754,0
17.666282176971436,38336,4321172,4325940,4323648,16692,0,754,0
17.681259155273438,38336,4321172,4325940,4323648,16692,0,754,0
17.696766138076782,38336,4321172,4325940,4323648,16692,0,754,0
17.711876153945923,38336,4321172,4325940,4323648,16692,0,754,0
17.726750135421753,38336,4321172,4325940,4323648,16692,0,754,0
17.74131417274475,38336,4321172,4325940,4323648,16692,0,754,0
17.756368160247803,38336,4321172,4325940,4323648,16692,0,754,0
17.771274089813232,38336,4321172,4325940,4323648,16692,0,754,0
17.786192178726196,38336,4321172,4325940,4323648,16692,0,754,0
17.800862073898315,38336,4321172,4325940,4323648,16692,0,754,0
17.815601110458374,38336,4321172,4325940,4323648,16692,0,754,0
17.829854011535645,38336,4321172,4325940,4323648,16692,0,754,0
17.844256162643433,38336,4321172,4325940,4323648,16692,0,754,0
17.858893156051636,38336,4321172,4325940,4323648,16692,0,754,0
17.87321710586548,38336,4321172,4325940,4323648,16692,0,754,0
17.887612104415894,38336,4321172,4325940,4323648,16692,0,754,0
17.90211296081543,38336,4321172,4325940,4323648,16692,0,754,0
17.91654896736145,38336,4321172,4325940,4323648,16692,0,754,0
17.93112802505493,38336,4321172,4325940,4323648,16692,0,754,0
17.945276975631714,38336,4321172,4325940,4323648,16692,0,754,0
17.959748029708862,38336,4321172,4325940,4323648,16692,0,754,0
17.974213123321533,38336,4321172,4325940,4323648,16692,0,754,0
17.988710165023804,38336,4321172,4325940,4323648,16692,0,754,0
18.003062963485718,38336,4321172,4325940,4323648,16692,0,754,0
18.017765045166016,38336,4321172,4325940,4323648,16692,0,754,0
18.03224205970764,38336,4321172,4325940,4323648,16692,0,754,0
18.047211170196533,38336,4321172,4325940,4323648,16692,0,754,0
18.061904191970825,38336,4321172,4325940,4323648,16692,0,754,0
18.0767560005188,38336,4321172,4325940,4323648,16692,0,754,0
18.09174609184265,38336,4321172,4325940,4323648,16692,0,754,0
18.10627508163452,38336,4321172,4325940,4323648,16692,0,754,0
18.121320009231567,38336,4321172,4325940,4323648,16692,0,754,0
18.13625717163086,38336,4321172,4325940,4323648,16692,0,754,0
18.15114998817444,38336,4321172,4325940,4323648,16692,0,754,0
18.16613006591797,38336,4321172,4325940,4323648,16692,0,754,0
18.18089509010315,38336,4321172,4325940,4323648,16692,0,754,0
18.195234060287476,38336,4321172,4325940,4323648,16692,0,754,0
18.209779024124146,38336,4321172,4325940,4323648,16692,0,754,0
18.224265098571777,38336,4321172,4325940,4323648,16692,0,754,0
18.238969087600708,38336,4321172,4325940,4323648,16692,0,754,0
18.253831148147583,38336,4321172,4325940,4323648,16692,0,754,0
18.268239974975586,38336,4321172,4325940,4323648,16692,0,754,0
18.282768964767456,38336,4321172,4325940,4323648,16692,0,754,0
18.297237157821655,38336,4321172,4325940,4323648,16692,0,754,0
18.31169104576111,38336,4321172,4325940,4323648,16692,0,754,0
18.327100038528442,38336,4321172,4325940,4323648,16692,0,754,0
18.34191918373108,38336,4321172,4325940,4323648,16692,0,754,0
18.35622811317444,38336,4321172,4325940,4323648,16692,0,754,0
18.370854139328003,38336,4321172,4325940,4323648,16692,0,754,0
18.38518500328064,38336,4321172,4325940,4323648,16692,0,754,0
18.39959406852722,38336,4321172,4325940,4323648,16692,0,754,0
18.414191007614136,38336,4321172,4325940,4323648,16692,0,754,0
18.428577184677124,38336,4321172,4325940,4323648,16692,0,754,0
18.442962169647217,38336,4321172,4325940,4323648,16692,0,754,0
18.457612991333008,38336,4321172,4325940,4323648,16692,0,754,0
18.472254991531372,38336,4321172,4325940,4323648,16692,0,754,0
18.487149000167847,38336,4321172,4325940,4323648,16692,0,754,0
18.502021074295044,38336,4321172,4325940,4323648,16692,0,754,0
18.517076015472412,38336,4321172,4325940,4323648,16692,0,754,0
18.532251119613647,38336,4321172,4325940,4323648,16692,0,754,0
18.546975135803223,38336,4321172,4325940,4323648,16692,0,754,0
18.561328172683716,38336,4321172,4325940,4323648,16692,0,754,0
18.57576608657837,38336,4321172,4325940,4323648,16692,0,754,0
18.59029507637024,38336,4321172,4325940,4323648,16692,0,754,0
18.605208158493042,38336,4321172,4325940,4323648,16692,0,754,0
18.620084047317505,38336,4321172,4325940,4323648,16692,0,754,0
18.635048151016235,38336,4321172,4325940,4323648,16692,0,754,0
18.64976406097412,38336,4321172,4325940,4323648,16692,0,754,0
18.66418719291687,38336,4321172,4325940,4323648,16692,0,754,0
18.678754091262817,38336,4321172,4325940,4323648,16692,0,754,0
18.69318413734436,38336,4321172,4325940,4323648,16692,0,754,0
18.707612991333008,38336,4321172,4325940,4323648,16692,0,754,0
18.725037097930908,38336,4321172,4325940,4323648,16692,0,754,0
18.739943027496338,38336,4321172,4325940,4323648,16692,0,754,0
18.754995107650757,38336,4321172,4325940,4323648,16692,0,754,0
18.769268035888672,38336,4321172,4325940,4323648,16692,0,754,0
18.783607959747314,38336,4321172,4325940,4323648,16692,0,754,0
18.79808211326599,38336,4321172,4325940,4323648,16692,0,754,0
18.812326192855835,38336,4321172,4325940,4323648,16692,0,754,0
18.8269681930542,38336,4321172,4325940,4323648,16692,0,754,0
18.841339111328125,38336,4321172,4325940,4323648,16692,0,754,0
18.856232166290283,38336,4321172,4325940,4323648,16692,0,754,0
18.87107801437378,38336,4321172,4325940,4323648,16692,0,754,0
18.8859121799469,38336,4321172,4325940,4323648,16692,0,754,0
18.900686025619507,38336,4321172,4325940,4323648,16692,0,754,0
18.915409088134766,38336,4321172,4325940,4323648,16692,0,754,0
18.930238008499146,38336,4321172,4325940,4323648,16692,0,754,0
18.94501519203186,38336,4321172,4325940,4323648,16692,0,754,0
18.95935297012329,38336,4321172,4325940,4323648,16692,0,754,0
18.973952054977417,38336,4321172,4325940,4323648,16692,0,754,0
18.988214015960693,38336,4321172,4325940,4323648,16692,0,754,0
19.002686023712158,38336,4321172,4325940,4323648,16692,0,754,0
19.01720404624939,38336,4321172,4325940,4323648,16692,0,754,0
19.031733989715576,38336,4321172,4325940,4323648,16692,0,754,0
19.046269178390503,38336,4321172,4325940,4323648,16692,0,754,0
19.061140060424805,38336,4321172,4325940,4323648,16692,0,754,0
19.07574701309204,38336,4321172,4325940,4323648,16692,0,754,0
19.090183973312378,38336,4321172,4325940,4323648,16692,0,754,0
19.10465908050537,38336,4321172,4325940,4323648,16692,0,754,0
19.119122982025146,38336,4321172,4325940,4323648,16692,0,754,0
19.134068965911865,38336,4321172,4325940,4323648,16692,0,754,0
19.14917802810669,38336,4321172,4325940,4323648,16692,0,754,0
19.164002180099487,38336,4321172,4325940,4323648,16692,0,754,0
19.17877697944641,38336,4321172,4325940,4323648,16692,0,754,0
19.193401098251343,38336,4321172,4325940,4323648,16692,0,754,0
19.208109140396118,38336,4321172,4325940,4323648,16692,0,754,0
19.222670078277588,38336,4321172,4325940,4323648,16692,0,754,0
19.23722505569458,38336,4321172,4325940,4323648,16692,0,754,0
19.25171399116516,38336,4321172,4325940,4323648,16692,0,754,0
19.266155004501343,38336,4321172,4325940,4323648,16692,0,754,0
19.280375003814697,38336,4321172,4325940,4323648,16692,0,754,0
19.294718980789185,38336,4321172,4325940,4323648,16692,0,754,0
19.309198141098022,38336,4321172,4325940,4323648,16692,0,754,0
19.323318004608154,38336,4321172,4325940,4323648,16692,0,754,0
19.337746143341064,38336,4321172,4325940,4323648,16692,0,754,0
19.35222315788269,38336,4321172,4325940,4323648,16692,0,754,0
19.367021083831787,38336,4321172,4325940,4323648,16692,0,754,0
19.381352186203003,38336,4321172,4325940,4323648,16692,0,754,0
19.396201133728027,38336,4321172,4325940,4323648,16692,0,754,0
19.411049127578735,38336,4321172,4325940,4323648,16692,0,754,0
19.425939083099365,38336,4321172,4325940,4323648,16692,0,754,0
19.440711975097656,38336,4321172,4325940,4323648,16692,0,754,0
19.455549001693726,38336,4321172,4325940,4323648,16692,0,754,0
19.470601081848145,38336,4321172,4325940,4323648,16692,0,754,0
19.485594987869263,38336,4321172,4325940,4323648,16692,0,754,0
19.500545024871826,38336,4321172,4325940,4323648,16692,0,754,0
19.515510082244873,38336,4321172,4325940,4323648,16692,0,754,0
19.530506134033203,38336,4321172,4325940,4323648,16692,0,754,0
19.545510053634644,38336,4321172,4325940,4323648,16692,0,754,0
19.56064510345459,38336,4321172,4325940,4323648,16692,0,754,0
19.57599401473999,38336,4321172,4325940,4323648,16692,0,754,0
19.59116816520691,38336,4321172,4325940,4323648,16692,0,754,0
19.606204986572266,38336,4321172,4325940,4323648,16692,0,754,0
19.621186017990112,38336,4321172,4325940,4323648,16692,0,754,0
19.636131048202515,38336,4321172,4325940,4323648,16692,0,754,0
19.65121603012085,38336,4321172,4325940,4323648,16692,0,754,0
19.666280031204224,38336,4321172,4325940,4323648,16692,0,754,0
19.681260108947754,38336,4321172,4325940,4323648,16692,0,754,0
19.69662308692932,38336,4321172,4325940,4323648,16692,0,754,0
19.711627960205078,38336,4321172,4325940,4323648,16692,0,754,0
19.72663402557373,38336,4321172,4325940,4323648,16692,0,754,0
19.74175715446472,38336,4321172,4325940,4323648,16692,0,754,0
19.756958961486816,38336,4321172,4325940,4323648,16692,0,754,0
19.77213716506958,38336,4321172,4325940,4323648,16692,0,754,0
19.787172079086304,38336,4321172,4325940,4323648,16692,0,754,0
19.80208396911621,38336,4321172,4325940,4323648,16692,0,754,0
19.817124128341675,38336,4321172,4325940,4323648,16692,0,754,0
19.832075119018555,38336,4321172,4325940,4323648,16692,0,754,0
19.847138166427612,38336,4321172,4325940,4323648,16692,0,754,0
19.86213207244873,38336,4321172,4325940,4323648,16692,0,754,0
19.877206087112427,38336,4321172,4325940,4323648,16692,0,754,0
19.892297983169556,38336,4321172,4325940,4323648,16692,0,754,0
19.90723705291748,38336,4321172,4325940,4323648,16692,0,754,0
19.922203063964844,38336,4321172,4325940,4323648,16692,0,754,0
19.937241077423096,38336,4321172,4325940,4323648,16692,0,754,0
19.952142000198364,38336,4321172,4325940,4323648,16692,0,754,0
19.96724009513855,38336,4321172,4325940,4323648,16692,0,754,0
19.982211112976074,38336,4321172,4325940,4323648,16692,0,754,0
19.997300148010254,38336,4321172,4325940,4323648,16692,0,754,0
20.01224398612976,38336,4321172,4325940,4323648,16692,0,754,0
20.027085065841675,38336,4321172,4325940,4323648,16692,0,754,0
20.042112112045288,38336,4321172,4325940,4323648,16692,0,754,0
20.057051181793213,38336,4321172,4325940,4323648,16692,0,754,0
20.07203698158264,38336,4321172,4325940,4323648,16692,0,754,0
20.086944103240967,38336,4321172,4325940,4323648,16692,0,754,0
20.10187005996704,38336,4321172,4325940,4323648,16692,0,754,0
20.116647005081177,38336,4321172,4325940,4323648,16692,0,754,0
20.13159418106079,38336,4321172,4325940,4323648,16692,0,754,0
20.14653706550598,38336,4321172,4325940,4323648,16692,0,754,0
20.16153907775879,38336,4321172,4325940,4323648,16692,0,754,0
20.176526069641113,38336,4321172,4325940,4323648,16692,0,754,0
20.192021131515503,38336,4321172,4325940,4323648,16692,0,754,0
20.207170963287354,38336,4321172,4325940,4323648,16692,0,754,0
20.222179174423218,38336,4321172,4325940,4323648,16692,0,754,0
20.23722219467163,38336,4321172,4325940,4323648,16692,0,754,0
20.252182960510254,38336,4321172,4325940,4323648,16692,0,754,0
20.267179012298584,38336,4321172,4325940,4323648,16692,0,754,0
20.282158136367798,38336,4321172,4325940,4323648,16692,0,754,0
20.297213077545166,38336,4321172,4325940,4323648,16692,0,754,0
20.312012195587158,38336,4321172,4325940,4323648,16692,0,754,0
20.326662063598633,38336,4321172,4325940,4323648,16692,0,754,0
20.341116189956665,38336,4321172,4325940,4323648,16692,0,754,0
20.355746030807495,38336,4321172,4325940,4323648,16692,0,754,0
20.370486974716187,38336,4321172,4325940,4323648,16692,0,754,0
20.385172128677368,38336,4321172,4325940,4323648,16692,0,754,0
20.399737119674683,38336,4321172,4325940,4323648,16692,0,754,0
20.414436101913452,38336,4321172,4325940,4323648,16692,0,754,0
20.429253101348877,38336,4321172,4325940,4323648,16692,0,754,0
20.44414710998535,38336,4321172,4325940,4323648,16692,0,754,0
20.459145069122314,38336,4321172,4325940,4323648,16692,0,754,0
20.473973989486694,38336,4321172,4325940,4323648,16692,0,754,0
20.48893713951111,38336,4321172,4325940,4323648,16692,0,754,0
20.50375509262085,38336,4321172,4325940,4323648,16692,0,754,0
20.51857018470764,38336,4321172,4325940,4323648,16692,0,754,0
20.533135175704956,38336,4321172,4325940,4323648,16692,0,754,0
20.548099994659424,38336,4321172,4325940,4323648,16692,0,754,0
20.562944173812866,38336,4321172,4325940,4323648,16692,0,754,0
20.577908039093018,38336,4321172,4325940,4323648,16692,0,754,0
20.592565059661865,38336,4321172,4325940,4323648,16692,0,754,0
20.607542991638184,38336,4321172,4325940,4323648,16692,0,754,0
20.622300148010254,38336,4321172,4325940,4323648,16692,0,754,0
20.636895179748535,38336,4321172,4325940,4323648,16692,0,754,0
20.651868104934692,38336,4321172,4325940,4323648,16692,0,754,0
20.667962074279785,38336,4321172,4325940,4323648,16692,0,754,0
20.682723999023438,38336,4321172,4325940,4323648,16692,0,754,0
20.697604179382324,38336,4321172,4325940,4323648,16692,0,754,0
20.71238112449646,38336,4321172,4325940,4323648,16692,0,754,0
20.727245092391968,38336,4321172,4325940,4323648,16692,0,754,0
20.74217414855957,38336,4321172,4325940,4323648,16692,0,754,0
20.757107973098755,38336,4321172,4325940,4323648,16692,0,754,0
20.771958112716675,38336,4321172,4325940,4323648,16692,0,754,0
20.7869930267334,38336,4321172,4325940,4323648,16692,0,754,0
20.80190896987915,38336,4321172,4325940,4323648,16692,0,754,0
20.81692910194397,38336,4321172,4325940,4323648,16692,0,754,0
20.831971168518066,38336,4321172,4325940,4323648,16692,0,754,0
20.846708059310913,38336,4321172,4325940,4323648,16692,0,754,0
20.861690044403076,38336,4321172,4325940,4323648,16692,0,754,0
20.8768630027771,38336,4321172,4325940,4323648,16692,0,754,0
20.891930103302002,38336,4321172,4325940,4323648,16692,0,754,0
20.906711101531982,38336,4321172,4325940,4323648,16692,0,754,0
20.921605110168457,38336,4321172,4325940,4323648,16692,0,754,0
20.93672800064087,38336,4321172,4325940,4323648,16692,0,754,0
20.95178198814392,38336,4321172,4325940,4323648,16692,0,754,0
20.966583013534546,38336,4321172,4325940,4323648,16692,0,754,0
20.98120403289795,38336,4321172,4325940,4323648,16692,0,754,0
20.99632716178894,38336,4321172,4325940,4323648,16692,0,754,0
21.01114296913147,38336,4321172,4325940,4323648,16692,0,754,0
21.02584218978882,38336,4321172,4325940,4323648,16692,0,754,0
21.040707111358643,38336,4321172,4325940,4323648,16692,0,754,0
21.055711030960083,38336,4321172,4325940,4323648,16692,0,754,0
21.070603132247925,38336,4321172,4325940,4323648,16692,0,754,0
21.08545708656311,38336,4321172,4325940,4323648,16692,0,754,0
21.100407123565674,38336,4321172,4325940,4323648,16692,0,754,0
21.11529803276062,38336,4321172,4325940,4323648,16692,0,754,0
21.13036012649536,38336,4321172,4325940,4323648,16692,0,754,0
21.145174026489258,38336,4321172,4325940,4323648,16692,0,754,0
21.160107135772705,38336,4321172,4325940,4323648,16692,0,754,0
21.17500901222229,38336,4321172,4325940,4323648,16692,0,754,0
21.189776182174683,38336,4321172,4325940,4323648,16692,0,754,0
21.204491138458252,38336,4321172,4325940,4323648,16692,0,754,0
21.21913504600525,38336,4321172,4325940,4323648,16692,0,754,0
21.233858108520508,38336,4321172,4325940,4323648,16692,0,754,0
21.248674154281616,38336,4321172,4325940,4323648,16692,0,754,0
21.263419151306152,38336,4321172,4325940,4323648,16692,0,754,0
21.27814817428589,38336,4321172,4325940,4323648,16692,0,754,0
21.292885065078735,38336,4321172,4325940,4323648,16692,0,754,0
21.307733058929443,38336,4321172,4325940,4323648,16692,0,754,0
21.322582006454468,38336,4321172,4325940,4323648,16692,0,754,0
21.33731698989868,38336,4321172,4325940,4323648,16692,0,754,0
21.352261066436768,38336,4321172,4325940,4323648,16692,0,754,0
21.366989135742188,38336,4321172,4325940,4323648,16692,0,754,0
21.38170599937439,38336,4321172,4325940,4323648,16692,0,754,0
21.39647912979126,38336,4321172,4325940,4323648,16692,0,754,0
21.4114191532135,38336,4321172,4325940,4323648,16692,0,754,0
21.42649507522583,38336,4321172,4325940,4323648,16692,0,754,0
21.441177129745483,38336,4321172,4325940,4323648,16692,0,754,0
21.456223011016846,38336,4321172,4325940,4323648,16692,0,754,0
21.47107696533203,38336,4321172,4325940,4323648,16692,0,754,0
21.485910177230835,38336,4321172,4325940,4323648,16692,0,754,0
21.50090503692627,38336,4321172,4325940,4323648,16692,0,754,0
21.515971183776855,38336,4321172,4325940,4323648,16692,0,754,0
21.531015157699585,38336,4321172,4325940,4323648,16692,0,754,0
21.54610013961792,38336,4321172,4325940,4323648,16692,0,754,0
21.561042070388794,38336,4321172,4325940,4323648,16692,0,754,0
21.57598900794983,38336,4321172,4325940,4323648,16692,0,754,0
21.59104013442993,38336,4321172,4325940,4323648,16692,0,754,0
21.606038093566895,38336,4321172,4325940,4323648,16692,0,754,0
21.621006965637207,38336,4321172,4325940,4323648,16692,0,754,0
21.63625407218933,38336,4321172,4325940,4323648,16692,0,754,0
21.6517071723938,38336,4321172,4325940,4323648,16692,0,754,0
21.666784048080444,38336,4321172,4325940,4323648,16692,0,754,0
21.681764125823975,38336,4321172,4325940,4323648,16692,0,754,0
21.69688606262207,38336,4321172,4325940,4323648,16692,0,754,0
21.71173906326294,38336,4321172,4325940,4323648,16692,0,754,0
21.726678133010864,38336,4321172,4325940,4323648,16692,0,754,0
21.741533994674683,38336,4321172,4325940,4323648,16692,0,754,0
21.756450176239014,38336,4321172,4325940,4323648,16692,0,754,0
21.77145004272461,38336,4321172,4325940,4323648,16692,0,754,0
21.786221027374268,38336,4321172,4325940,4323648,16692,0,754,0
21.801172018051147,38336,4321172,4325940,4323648,16692,0,754,0
21.81620502471924,38336,4321172,4325940,4323648,16692,0,754,0
21.831281185150146,38336,4321172,4325940,4323648,16692,0,754,0
21.846129179000854,38336,4321172,4325940,4323648,16692,0,754,0
21.86145305633545,38336,4321172,4325940,4323648,16692,0,754,0
21.876248121261597,38336,4321172,4325940,4323648,16692,0,754,0
21.891138076782227,38336,4321172,4325940,4323648,16692,0,754,0
21.90608501434326,38336,4321172,4325940,4323648,16692,0,754,0
21.92109513282776,38336,4321172,4325940,4323648,16692,0,754,0
21.936124086380005,38336,4321172,4325940,4323648,16692,0,754,0
21.951021194458008,38336,4321172,4325940,4323648,16692,0,754,0
21.966106176376343,38336,4321172,4325940,4323648,16692,0,754,0
21.981176137924194,38336,4321172,4325940,4323648,16692,0,754,0
21.99619197845459,38336,4321172,4325940,4323648,16692,0,754,0
22.011368989944458,38336,4321172,4325940,4323648,16692,0,754,0
22.026172161102295,38336,4321172,4325940,4323648,16692,0,754,0
22.041152000427246,38336,4321172,4325940,4323648,16692,0,754,0
22.056193113327026,38336,4321172,4325940,4323648,16692,0,754,0
22.071135997772217,38336,4321172,4325940,4323648,16692,0,754,0
22.086135149002075,38336,4321172,4325940,4323648,16692,0,754,0
22.101062059402466,38336,4321172,4325940,4323648,16692,0,754,0
22.11609411239624,38336,4321172,4325940,4323648,16692,0,754,0
22.131076097488403,38336,4321172,4325940,4323648,16692,0,754,0
22.146183967590332,38336,4321172,4325940,4323648,16692,0,754,0
22.161189079284668,38336,4321172,4325940,4323648,16692,0,754,0
22.17605710029602,38336,4321172,4325940,4323648,16692,0,754,0
22.191078186035156,38336,4321172,4325940,4323648,16692,0,754,0
22.20596218109131,38336,4321172,4325940,4323648,16692,0,754,0
22.220725059509277,38336,4321172,4325940,4323648,16692,0,754,0
22.23555302619934,38336,4321172,4325940,4323648,16692,0,754,0
22.25054407119751,38336,4321172,4325940,4323648,16692,0,754,0
22.265406131744385,38336,4321172,4325940,4323648,16692,0,754,0
22.280740976333618,38336,4321172,4325940,4323648,16692,0,754,0
22.295637130737305,38336,4321172,4325940,4323648,16692,0,754,0
22.31055498123169,38336,4321172,4325940,4323648,16692,0,754,0
22.325497150421143,38336,4321172,4325940,4323648,16692,0,754,0
22.3405020236969,38336,4321172,4325940,4323648,16692,0,754,0
22.35552406311035,38336,4321172,4325940,4323648,16692,0,754,0
22.37041997909546,38336,4321172,4325940,4323648,16692,0,754,0
22.385329961776733,38336,4321172,4325940,4323648,16692,0,754,0
22.400302171707153,38336,4321172,4325940,4323648,16692,0,754,0
22.41513705253601,38336,4321172,4325940,4323648,16692,0,754,0
22.43024206161499,38336,4321172,4325940,4323648,16692,0,754,0
22.445027112960815,38336,4321172,4325940,4323648,16692,0,754,0
22.45977210998535,38336,4321172,4325940,4323648,16692,0,754,0
22.474091053009033,38336,4321172,4325940,4323648,16692,0,754,0
22.488713026046753,38336,4321172,4325940,4323648,16692,0,754,0
22.503275156021118,38336,4321172,4325940,4323648,16692,0,754,0
22.517296075820923,38336,4321172,4325940,4323648,16692,0,754,0
22.531311988830566,38336,4321172,4325940,4323648,16692,0,754,0
22.545720100402832,38336,4321172,4325940,4323648,16692,0,754,0
22.560163021087646,38336,4321172,4325940,4323648,16692,0,754,0
22.574690103530884,38336,4321172,4325940,4323648,16692,0,754,0
22.589118003845215,38336,4321172,4325940,4323648,16692,0,754,0
22.603667974472046,38336,4321172,4325940,4323648,16692,0,754,0
22.62119197845459,38336,4321172,4325940,4323648,16692,0,754,0
22.65700101852417,38336,4321172,4325940,4323648,16692,0,754,0
22.675079107284546,38336,4321172,4325940,4323648,16692,0,754,0
22.690221071243286,38336,4321172,4325940,4323648,16692,0,754,0
22.70506501197815,38336,4321172,4325940,4323648,16692,0,754,0
22.719748973846436,38336,4321172,4325940,4323648,16692,0,754,0
22.734272003173828,38336,4321172,4325940,4323648,16692,0,754,0
22.749067068099976,38336,4321172,4325940,4323648,16692,0,754,0
22.763720989227295,38336,4321172,4325940,4323648,16692,0,754,0
22.778253078460693,38336,4321172,4325940,4323648,16692,0,754,0
22.793049097061157,38336,4321172,4325940,4323648,16692,0,754,0
22.807751178741455,38336,4321172,4325940,4323648,16692,0,754,0
22.82224702835083,38336,4321172,4325940,4323648,16692,0,754,0
22.83705711364746,38336,4321172,4325940,4323648,16692,0,754,0
22.851969003677368,38336,4321172,4325940,4323648,16692,0,754,0
22.866677045822144,38336,4321172,4325940,4323648,16692,0,754,0
22.88086199760437,38336,4321172,4325940,4323648,16692,0,754,0
22.895889043807983,38336,4321172,4325940,4323648,16692,0,754,0
22.91025400161743,38336,4321172,4325940,4323648,16692,0,754,0
22.924777030944824,38336,4321172,4325940,4323648,16692,0,754,0
22.939167022705078,38336,4321172,4325940,4323648,16692,0,754,0
22.953744173049927,38336,4321172,4325940,4323648,16692,0,754,0
22.968263149261475,38336,4321172,4325940,4323648,16692,0,754,0
22.983147144317627,38336,4321172,4325940,4323648,16692,0,754,0
22.99735403060913,38336,4321172,4325940,4323648,16692,0,754,0
23.01202917098999,38336,4321172,4325940,4323648,16692,0,754,0
23.026766061782837,38336,4321172,4325940,4323648,16692,0,754,0
23.041234016418457,38336,4321172,4325940,4323648,16692,0,754,0
23.056090116500854,38336,4321172,4325940,4323648,16692,0,754,0
23.07095217704773,38336,4321172,4325940,4323648,16692,0,754,0
23.08569598197937,38336,4321172,4325940,4323648,16692,0,754,0
23.10058903694153,38336,4321172,4325940,4323648,16692,0,754,0
23.115275144577026,38336,4321172,4325940,4323648,16692,0,754,0
23.13009214401245,38336,4321172,4325940,4323648,16692,0,754,0
23.14439105987549,38336,4321172,4325940,4323648,16692,0,754,0
23.158679008483887,38336,4321172,4325940,4323648,16692,0,754,0
23.1731960773468,38336,4321172,4325940,4323648,16692,0,754,0
23.187695026397705,38336,4321172,4325940,4323648,16692,0,754,0
23.20212697982788,38336,4321172,4325940,4323648,16692,0,754,0
23.216392040252686,38336,4321172,4325940,4323648,16692,0,754,0
23.23099398612976,38336,4321172,4325940,4323648,16692,0,754,0
23.245273113250732,38336,4321172,4325940,4323648,16692,0,754,0
23.25975012779236,38336,4321172,4325940,4323648,16692,0,754,0
23.27420401573181,38336,4321172,4325940,4323648,16692,0,754,0
23.28872299194336,38336,4321172,4325940,4323648,16692,0,754,0
23.303083181381226,38336,4321172,4325940,4323648,16692,0,754,0
23.317861080169678,38336,4321172,4325940,4323648,16692,0,754,0
23.332123041152954,38336,4321172,4325940,4323648,16692,0,754,0
23.346256017684937,38336,4321172,4325940,4323648,16692,0,754,0
23.360294103622437,38336,4321172,4325940,4323648,16692,0,754,0
23.374258041381836,38336,4321172,4325940,4323648,16692,0,754,0
23.38820505142212,38336,4321172,4325940,4323648,16692,0,754,0
23.40235710144043,38336,4321172,4325940,4323648,16692,0,754,0
23.416620016098022,38336,4321172,4325940,4323648,16692,0,754,0
23.4311101436615,38336,4321172,4325940,4323648,16692,0,754,0
23.445605993270874,38336,4321172,4325940,4323648,16692,0,754,0
23.4601571559906,38336,4321172,4325940,4323648,16692,0,754,0
23.474547147750854,38336,4321172,4325940,4323648,16692,0,754,0
23.489047050476074,38336,4321172,4325940,4323648,16692,0,754,0
23.503282070159912,38336,4321172,4325940,4323648,16692,0,754,0
23.517661094665527,38336,4321172,4325940,4323648,16692,0,754,0
23.531970977783203,38336,4321172,4325940,4323648,16692,0,754,0
23.546329021453857,38336,4321172,4325940,4323648,16692,0,754,0
23.561060190200806,38336,4321172,4325940,4323648,16692,0,754,0
23.575963973999023,38336,4321172,4325940,4323648,16692,0,754,0
23.590537071228027,38336,4321172,4325940,4323648,16692,0,754,0
23.60497498512268,38336,4321172,4325940,4323648,16692,0,754,0
23.61922812461853,38336,4321172,4325940,4323648,16692,0,754,0
23.633856058120728,38336,4321172,4325940,4323648,16692,0,754,0
23.648267030715942,38336,4321172,4325940,4323648,16692,0,754,0
23.66236400604248,38336,4321172,4325940,4323648,16692,0,754,0
23.676855087280273,38336,4321172,4325940,4323648,16692,0,754,0
23.691282033920288,38336,4321172,4325940,4323648,16692,0,754,0
23.706068992614746,38336,4321172,4325940,4323648,16692,0,754,0
23.7209529876709,38336,4321172,4325940,4323648,16692,0,754,0
23.736013174057007,38336,4321172,4325940,4323648,16692,0,754,0
23.750576972961426,38336,4321172,4325940,4323648,16692,0,754,0
23.765276193618774,38336,4321172,4325940,4323648,16692,0,754,0
23.780070066452026,38336,4321172,4325940,4323648,16692,0,754,0
23.79481601715088,38336,4321172,4325940,4323648,16692,0,754,0
23.809242963790894,38336,4321172,4325940,4323648,16692,0,754,0
23.824047088623047,38336,4321172,4325940,4323648,16692,0,754,0
23.838606119155884,38336,4321172,4325940,4323648,16692,0,754,0
23.853957176208496,38336,4321172,4325940,4323648,16692,0,754,0
23.868937969207764,38336,4321172,4325940,4323648,16692,0,754,0
23.883437156677246,38336,4321172,4325940,4323648,16692,0,754,0
23.898142099380493,38336,4321172,4325940,4323648,16692,0,754,0
23.913038969039917,38336,4321172,4325940,4323648,16692,0,754,0
23.927770137786865,38336,4321172,4325940,4323648,16692,0,754,0
23.94302201271057,38336,4321172,4325940,4323648,16692,0,754,0
23.95763111114502,38336,4321172,4325940,4323648,16692,0,754,0
23.97227716445923,38336,4321172,4325940,4323648,16692,0,754,0
23.987181186676025,38336,4321172,4325940,4323648,16692,0,754,0
24.001939058303833,38336,4321172,4325940,4323648,16692,0,754,0
24.016772031784058,38336,4321172,4325940,4323648,16692,0,754,0
24.031381130218506,38336,4321172,4325940,4323648,16692,0,754,0
24.04626202583313,38336,4321172,4325940,4323648,16692,0,754,0
24.060837984085083,38336,4321172,4325940,4323648,16692,0,754,0
24.075201988220215,38336,4321172,4325940,4323648,16692,0,754,0
24.08924102783203,38336,4321172,4325940,4323648,16692,0,754,0
24.10374617576599,38336,4321172,4325940,4323648,16692,0,754,0
24.118226051330566,38336,4321172,4325940,4323648,16692,0,754,0
24.13232707977295,38336,4321172,4325940,4323648,16692,0,754,0
24.14666509628296,38336,4321172,4325940,4323648,16692,0,754,0
24.16124200820923,38336,4321172,4325940,4323648,16692,0,754,0
24.175305128097534,38336,4321172,4325940,4323648,16692,0,754,0
24.189718008041382,38336,4321172,4325940,4323648,16692,0,754,0
24.204238176345825,38336,4321172,4325940,4323648,16692,0,754,0
24.219269037246704,38336,4321172,4325940,4323648,16692,0,754,0
24.234151124954224,38336,4321172,4325940,4323648,16692,0,754,0
24.24905800819397,38336,4321172,4325940,4323648,16692,0,754,0
24.263800144195557,38336,4321172,4325940,4323648,16692,0,754,0
24.278242111206055,38336,4321172,4325940,4323648,16692,0,754,0
24.29256010055542,38336,4321172,4325940,4323648,16692,0,754,0
24.30706000328064,38336,4321172,4325940,4323648,16692,0,754,0
24.321360111236572,38336,4321172,4325940,4323648,16692,0,754,0
24.33595108985901,38336,4321172,4325940,4323648,16692,0,754,0
24.350109100341797,38336,4321172,4325940,4323648,16692,0,754,0
24.364633083343506,38336,4321172,4325940,4323648,16692,0,754,0
24.379168033599854,38336,4321172,4325940,4323648,16692,0,754,0
24.393943071365356,38336,4321172,4325940,4323648,16692,0,754,0
24.40877103805542,38336,4321172,4325940,4323648,16692,0,754,0
24.423197031021118,38336,4321172,4325940,4323648,16692,0,754,0
24.438192129135132,38336,4321172,4325940,4323648,16692,0,754,0
24.4528911113739,38336,4321172,4325940,4323648,16692,0,754,0
24.46723699569702,38336,4321172,4325940,4323648,16692,0,754,0
24.482169151306152,38336,4321172,4325940,4323648,16692,0,754,0
24.496981143951416,38336,4321172,4325940,4323648,16692,0,754,0
24.511258125305176,38336,4321172,4325940,4323648,16692,0,754,0
24.52562403678894,38336,4321172,4325940,4323648,16692,0,754,0
24.539947986602783,38336,4321172,4325940,4323648,16692,0,754,0
24.554408073425293,38336,4321172,4325940,4323648,16692,0,754,0
24.57228112220764,38336,4321172,4325940,4323648,16692,0,754,0
24.587241172790527,38336,4321172,4325940,4323648,16692,0,754,0
24.602041006088257,38336,4321172,4325940,4323648,16692,0,754,0
24.616928100585938,38336,4321172,4325940,4323648,16692,0,754,0
24.631617069244385,38336,4321172,4325940,4323648,16692,0,754,0
24.646289110183716,38336,4321172,4325940,4323648,16692,0,754,0
24.661200046539307,38336,4321172,4325940,4323648,16692,0,754,0
24.675812005996704,38336,4321172,4325940,4323648,16692,0,754,0
24.69021701812744,38336,4321172,4325940,4323648,16692,0,754,0
24.704596042633057,38336,4321172,4325940,4323648,16692,0,754,0
24.718950033187866,38336,4321172,4325940,4323648,16692,0,754,0
24.73325514793396,38336,4321172,4325940,4323648,16692,0,754,0
24.747599124908447,38336,4321172,4325940,4323648,16692,0,754,0
24.7622811794281,38336,4321172,4325940,4323648,16692,0,754,0
24.777740001678467,38336,4321172,4325940,4323648,16692,0,754,0
24.792243003845215,38336,4321172,4325940,4323648,16692,0,754,0
24.80677318572998,38336,4321172,4325940,4323648,16692,0,754,0
24.821552991867065,38336,4321172,4325940,4323648,16692,0,754,0
24.836238145828247,38336,4321172,4325940,4323648,16692,0,754,0
24.851076126098633,38336,4321172,4325940,4323648,16692,0,754,0
24.865987062454224,38336,4321172,4325940,4323648,16692,0,754,0
24.880900144577026,38336,4321172,4325940,4323648,16692,0,754,0
24.895670175552368,38336,4321172,4325940,4323648,16692,0,754,0
24.910314083099365,38336,4321172,4325940,4323648,16692,0,754,0
24.924848079681396,38336,4321172,4325940,4323648,16692,0,754,0
24.93922209739685,38336,4321172,4325940,4323648,16692,0,754,0
24.953673124313354,38336,4321172,4325940,4323648,16692,0,754,0
24.96810817718506,38336,4321172,4325940,4323648,16692,0,754,0
24.98256516456604,38336,4321172,4325940,4323648,16692,0,754,0
24.99699115753174,38336,4321172,4325940,4323648,16692,0,754,0
25.011253118515015,38336,4321172,4325940,4323648,16692,0,754,0
25.02578902244568,38336,4321172,4325940,4323648,16692,0,754,0
25.0402991771698,38336,4321172,4325940,4323648,16692,0,754,0
25.05477213859558,38336,4321172,4325940,4323648,16692,0,754,0
25.069256067276,38336,4321172,4325940,4323648,16692,0,754,0
25.083912134170532,38336,4321172,4325940,4323648,16692,0,754,0
25.098230123519897,38336,4321172,4325940,4323648,16692,0,754,0
25.112666130065918,38336,4321172,4325940,4323648,16692,0,754,0
25.127129077911377,38336,4321172,4325940,4323648,16692,0,754,0
25.141366004943848,38336,4321172,4325940,4323648,16692,0,754,0
25.156219959259033,38336,4321172,4325940,4323648,16692,0,754,0
25.170799016952515,38336,4321172,4325940,4323648,16692,0,754,0
25.1859130859375,38336,4321172,4325940,4323648,16692,0,754,0
25.200265169143677,38336,4321172,4325940,4323648,16692,0,754,0
25.214951992034912,38336,4321172,4325940,4323648,16692,0,754,0
25.229313135147095,38336,4321172,4325940,4323648,16692,0,754,0
25.24362015724182,38336,4321172,4325940,4323648,16692,0,754,0
25.25808095932007,38336,4321172,4325940,4323648,16692,0,754,0
25.272629022598267,38336,4321172,4325940,4323648,16692,0,754,0
25.28717803955078,38336,4321172,4325940,4323648,16692,0,754,0
25.30162501335144,38336,4321172,4325940,4323648,16692,0,754,0
25.3160560131073,38336,4321172,4325940,4323648,16692,0,754,0
25.3302640914917,38336,4321172,4325940,4323648,16692,0,754,0
25.344669103622437,38336,4321172,4325940,4323648,16692,0,754,0
25.35900115966797,38336,4321172,4325940,4323648,16692,0,754,0
25.373394012451172,38336,4321172,4325940,4323648,16692,0,754,0
25.388269186019897,38336,4321172,4325940,4323648,16692,0,754,0
25.40315318107605,38336,4321172,4325940,4323648,16692,0,754,0
25.418159008026123,38336,4321172,4325940,4323648,16692,0,754,0
25.43301010131836,38336,4321172,4325940,4323648,16692,0,754,0
25.447834014892578,38336,4321172,4325940,4323648,16692,0,754,0
25.462807178497314,38336,4321172,4325940,4323648,16692,0,754,0
25.477349996566772,38336,4321172,4325940,4323648,16692,0,754,0
25.492345094680786,38336,4321172,4325940,4323648,16692,0,754,0
25.507205963134766,38336,4321172,4325940,4323648,16692,0,754,0
25.522135019302368,38336,4321172,4325940,4323648,16692,0,754,0
25.537079095840454,38336,4321172,4325940,4323648,16692,0,754,0
25.551876068115234,38336,4321172,4325940,4323648,16692,0,754,0
25.56630516052246,38336,4321172,4325940,4323648,16692,0,754,0
25.580739974975586,38336,4321172,4325940,4323648,16692,0,754,0
25.595283031463623,38336,4321172,4325940,4323648,16692,0,754,0
25.61016011238098,38336,4321172,4325940,4323648,16692,0,754,0
25.624686002731323,38336,4321172,4325940,4323648,16692,0,754,0
25.639240026474,38336,4321172,4325940,4323648,16692,0,754,0
25.654163122177124,38336,4321172,4325940,4323648,16692,0,754,0
25.66900396347046,38336,4321172,4325940,4323648,16692,0,754,0
25.683387994766235,38336,4321172,4325940,4323648,16692,0,754,0
25.69840407371521,38336,4321172,4325940,4323648,16692,0,754,0
25.713247060775757,38336,4321172,4325940,4323648,16692,0,754,0
25.728121995925903,38336,4321172,4325940,4323648,16692,0,754,0
25.742851972579956,38336,4321172,4325940,4323648,16692,0,754,0
25.757593154907227,38336,4321172,4325940,4323648,16692,0,754,0
25.77229905128479,38336,4321172,4325940,4323648,16692,0,754,0
25.787214040756226,38336,4321172,4325940,4323648,16692,0,754,0
25.802006006240845,38336,4321172,4325940,4323648,16692,0,754,0
25.81723117828369,38336,4321172,4325940,4323648,16692,0,754,0
25.832061052322388,38336,4321172,4325940,4323648,16692,0,754,0
25.84639596939087,38336,4321172,4325940,4323648,16692,0,754,0
25.860913038253784,38336,4321172,4325940,4323648,16692,0,754,0
25.87524700164795,38336,4321172,4325940,4323648,16692,0,754,0
25.889631032943726,38336,4321172,4325940,4323648,16692,0,754,0
25.90467405319214,38336,4321172,4325940,4323648,16692,0,754,0
25.919645071029663,38336,4321172,4325940,4323648,16692,0,754,0
25.93442416191101,38336,4321172,4325940,4323648,16692,0,754,0
25.94929003715515,38336,4321172,4325940,4323648,16692,0,754,0
25.964200973510742,38336,4321172,4325940,4323648,16692,0,754,0
25.979264974594116,38336,4321172,4325940,4323648,16692,0,754,0
25.994234085083008,38336,4321172,4325940,4323648,16692,0,754,0
26.00903010368347,38336,4321172,4325940,4323648,16692,0,754,0
26.024073123931885,38336,4321172,4325940,4323648,16692,0,754,0
26.038920164108276,38336,4321172,4325940,4323648,16692,0,754,0
26.05314803123474,38336,4321172,4325940,4323648,16692,0,754,0
26.067913055419922,38336,4321172,4325940,4323648,16692,0,754,0
26.0821750164032,38336,4321172,4325940,4323648,16692,0,754,0
26.096590042114258,38336,4321172,4325940,4323648,16692,0,754,0
26.111258029937744,38336,4321172,4325940,4323648,16692,0,754,0
26.125599145889282,38336,4321172,4325940,4323648,16692,0,754,0
26.14013409614563,38336,4321172,4325940,4323648,16692,0,754,0
26.154328107833862,38336,4321172,4325940,4323648,16692,0,754,0
26.168817043304443,38336,4321172,4325940,4323648,16692,0,754,0
26.18311905860901,38336,4321172,4325940,4323648,16692,0,754,0
26.197291135787964,38336,4321172,4325940,4323648,16692,0,754,0
26.212023973464966,38336,4321172,4325940,4323648,16692,0,754,0
26.226723194122314,38336,4321172,4325940,4323648,16692,0,754,0
26.241209030151367,38336,4321172,4325940,4323648,16692,0,754,0
26.25578498840332,38336,4321172,4325940,4323648,16692,0,754,0
26.27024507522583,38336,4321172,4325940,4323648,16692,0,754,0
26.284656047821045,38336,4321172,4325940,4323648,16692,0,754,0
26.299152135849,38336,4321172,4325940,4323648,16692,0,754,0
26.313696146011353,38336,4321172,4325940,4323648,16692,0,754,0
26.328257083892822,38336,4321172,4325940,4323648,16692,0,754,0
26.342677116394043,38336,4321172,4325940,4323648,16692,0,754,0
26.357283115386963,38336,4321172,4325940,4323648,16692,0,754,0
26.372456073760986,38336,4321172,4325940,4323648,16692,0,754,0
26.38783311843872,38336,4321172,4325940,4323648,16692,0,754,0
26.40299415588379,38336,4321172,4325940,4323648,16692,0,754,0
26.41827416419983,38336,4321172,4325940,4323648,16692,0,754,0
26.433489084243774,38336,4321172,4325940,4323648,16692,0,754,0
26.448400020599365,38336,4321172,4325940,4323648,16692,0,754,0
26.463093996047974,38336,4321172,4325940,4323648,16692,0,754,0
26.47808599472046,38336,4321172,4325940,4323648,16692,0,754,0
26.49289608001709,38336,4321172,4325940,4323648,16692,0,754,0
26.508393049240112,38336,4321172,4325940,4323648,16692,0,754,0
26.52346110343933,38336,4321172,4325940,4323648,16692,0,754,0
26.53844714164734,38336,4321172,4325940,4323648,16692,0,754,0
26.553377151489258,38336,4321172,4325940,4323648,16692,0,754,0
26.56825613975525,38336,4321172,4325940,4323648,16692,0,754,0
26.583055019378662,38336,4321172,4325940,4323648,16692,0,754,0
26.598002195358276,38336,4321172,4325940,4323648,16692,0,754,0
26.61309313774109,38336,4321172,4325940,4323648,16692,0,754,0
26.628082036972046,38336,4321172,4325940,4323648,16692,0,754,0
26.64317798614502,38336,4321172,4325940,4323648,16692,0,754,0
26.658220052719116,38336,4321172,4325940,4323648,16692,0,754,0
26.673190116882324,38336,4321172,4325940,4323648,16692,0,754,0
26.688136100769043,38336,4321172,4325940,4323648,16692,0,754,0
26.70318603515625,38336,4321172,4325940,4323648,16692,0,754,0
26.718176126480103,38336,4321172,4325940,4323648,16692,0,754,0
26.733046054840088,38336,4321172,4325940,4323648,16692,0,754,0
26.747765064239502,38336,4321172,4325940,4323648,16692,0,754,0
26.762466192245483,38336,4321172,4325940,4323648,16692,0,754,0
26.777377128601074,38336,4321172,4325940,4323648,16692,0,754,0
26.79220700263977,38336,4321172,4325940,4323648,16692,0,754,0
26.807141065597534,38336,4321172,4325940,4323648,16692,0,754,0
26.82215118408203,38336,4321172,4325940,4323648,16692,0,754,0
26.83712100982666,38336,4321172,4325940,4323648,16692,0,754,0
26.852277994155884,38336,4321172,4325940,4323648,16692,0,754,0
26.867180109024048,38336,4321172,4325940,4323648,16692,0,754,0
26.881924152374268,38336,4321172,4325940,4323648,16692,0,754,0
26.89668607711792,38336,4321172,4325940,4323648,16692,0,754,0
26.911700963974,38336,4321172,4325940,4323648,16692,0,754,0
26.92664098739624,38336,4321172,4325940,4323648,16692,0,754,0
26.94160509109497,38336,4321172,4325940,4323648,16692,0,754,0
26.956643104553223,38336,4321172,4325940,4323648,16692,0,754,0
26.97088599205017,38336,4321172,4325940,4323648,16692,0,754,0
26.985790014266968,38336,4321172,4325940,4323648,16692,0,754,0
27.00077199935913,38336,4321172,4325940,4323648,16692,0,754,0
27.01590919494629,38336,4321172,4325940,4323648,16692,0,754,0
27.030976057052612,38336,4321172,4325940,4323648,16692,0,754,0
27.045698165893555,38336,4321172,4325940,4323648,16692,0,754,0
27.06036901473999,38336,4321172,4325940,4323648,16692,0,754,0
27.0751690864563,38336,4321172,4325940,4323648,16692,0,754,0
27.08981704711914,38336,4321172,4325940,4323648,16692,0,754,0
27.104560136795044,38336,4321172,4325940,4323648,16692,0,754,0
27.11920404434204,38336,4321172,4325940,4323648,16692,0,754,0
27.13419198989868,38336,4321172,4325940,4323648,16692,0,754,0
27.149168968200684,38336,4321172,4325940,4323648,16692,0,754,0
27.164129972457886,38336,4321172,4325940,4323648,16692,0,754,0
27.1789391040802,38336,4321172,4325940,4323648,16692,0,754,0
27.19385313987732,38336,4321172,4325940,4323648,16692,0,754,0
27.208625078201294,38336,4321172,4325940,4323648,16692,0,754,0
27.22356104850769,38336,4321172,4325940,4323648,16692,0,754,0
27.2384831905365,38336,4321172,4325940,4323648,16692,0,754,0
27.253231048583984,38336,4321172,4325940,4323648,16692,0,754,0
27.26833701133728,38336,4321172,4325940,4323648,16692,0,754,0
27.283387184143066,38336,4321172,4325940,4323648,16692,0,754,0
27.298213005065918,38336,4321172,4325940,4323648,16692,0,754,0
27.312925100326538,38336,4321172,4325940,4323648,16692,0,754,0
27.327599048614502,38336,4321172,4325940,4323648,16692,0,754,0
27.34256100654602,38336,4321172,4325940,4323648,16692,0,754,0
27.35756802558899,38336,4321172,4325940,4323648,16692,0,754,0
27.372477054595947,38336,4321172,4325940,4323648,16692,0,754,0
27.387132167816162,38336,4321172,4325940,4323648,16692,0,754,0
27.402055025100708,38336,4321172,4325940,4323648,16692,0,754,0
27.417046070098877,38336,4321172,4325940,4323648,16692,0,754,0
27.43207597732544,38336,4321172,4325940,4323648,16692,0,754,0
27.44693112373352,38336,4321172,4325940,4323648,16692,0,754,0
27.461776971817017,38336,4321172,4325940,4323648,16692,0,754,0
27.477632999420166,38336,4321172,4325940,4323648,16692,0,754,0
27.49269413948059,38336,4321172,4325940,4323648,16692,0,754,0
27.50769805908203,38336,4321172,4325940,4323648,16692,0,754,0
27.52258014678955,38336,4321172,4325940,4323648,16692,0,754,0
27.537657976150513,38336,4321172,4325940,4323648,16692,0,754,0
27.55263614654541,38336,4321172,4325940,4323648,16692,0,754,0
27.567618131637573,38336,4321172,4325940,4323648,16692,0,754,0
27.582556009292603,38336,4321172,4325940,4323648,16692,0,754,0
27.59740900993347,38336,4321172,4325940,4323648,16692,0,754,0
27.61224603652954,38336,4321172,4325940,4323648,16692,0,754,0
27.627022981643677,38336,4321172,4325940,4323648,16692,0,754,0
27.641999006271362,38336,4321172,4325940,4323648,16692,0,754,0
27.656975984573364,38336,4321172,4325940,4323648,16692,0,754,0
27.67173409461975,38336,4321172,4325940,4323648,16692,0,754,0
27.687215089797974,38336,4321172,4325940,4323648,16692,0,754,0
27.70226216316223,38336,4321172,4325940,4323648,16692,0,754,0
27.71712613105774,38336,4321172,4325940,4323648,16692,0,754,0
27.731942176818848,38336,4321172,4325940,4323648,16692,0,754,0
27.746843099594116,38336,4321172,4325940,4323648,16692,0,754,0
27.761763095855713,38336,4321172,4325940,4323648,16692,0,754,0
27.776677131652832,38336,4321172,4325940,4323648,16692,0,754,0
27.79161810874939,38336,4321172,4325940,4323648,16692,0,754,0
27.806563138961792,38336,4321172,4325940,4323648,16692,0,754,0
27.821441173553467,38336,4321172,4325940,4323648,16692,0,754,0
27.83625602722168,38336,4321172,4325940,4323648,16692,0,754,0
27.851123094558716,38336,4321172,4325940,4323648,16692,0,754,0
27.865993976593018,38336,4321172,4325940,4323648,16692,0,754,0
27.881716012954712,38336,4321172,4325940,4323648,16692,0,754,0
27.896716117858887,38336,4321172,4325940,4323648,16692,0,754,0
27.911728143692017,38336,4321172,4325940,4323648,16692,0,754,0
27.926396131515503,38336,4321172,4325940,4323648,16692,0,754,0
27.941060066223145,38336,4321172,4325940,4323648,16692,0,754,0
27.955835103988647,38336,4321172,4325940,4323648,16692,0,754,0
27.970590114593506,38336,4321172,4325940,4323648,16692,0,754,0
27.985543966293335,38336,4321172,4325940,4323648,16692,0,754,0
28.0004141330719,38336,4321172,4325940,4323648,16692,0,754,0
28.015197038650513,38336,4321172,4325940,4323648,16692,0,754,0
28.030142068862915,38336,4321172,4325940,4323648,16692,0,754,0
28.045215129852295,38336,4321172,4325940,4323648,16692,0,754,0
28.060152053833008,38336,4321172,4325940,4323648,16692,0,754,0
28.07508611679077,38336,4321172,4325940,4323648,16692,0,754,0
28.090003967285156,38336,4321172,4325940,4323648,16692,0,754,0
28.105058193206787,38336,4321172,4325940,4323648,16692,0,754,0
28.120098114013672,38336,4321172,4325940,4323648,16692,0,754,0
28.135061025619507,38336,4321172,4325940,4323648,16692,0,754,0
28.149707078933716,38336,4321172,4325940,4323648,16692,0,754,0
28.16443419456482,38336,4321172,4325940,4323648,16692,0,754,0
28.179380178451538,38336,4321172,4325940,4323648,16692,0,754,0
28.194138050079346,38336,4321172,4325940,4323648,16692,0,754,0
28.20903706550598,38336,4321172,4325940,4323648,16692,0,754,0
28.223963975906372,38336,4321172,4325940,4323648,16692,0,754,0
28.23892903327942,38336,4321172,4325940,4323648,16692,0,754,0
28.253623962402344,38336,4321172,4325940,4323648,16692,0,754,0
28.268323183059692,38336,4321172,4325940,4323648,16692,0,754,0
28.282982110977173,38336,4321172,4325940,4323648,16692,0,754,0
28.297945022583008,38336,4321172,4325940,4323648,16692,0,754,0
28.312915086746216,38336,4321172,4325940,4323648,16692,0,754,0
28.3276309967041,38336,4321172,4325940,4323648,16692,0,754,0
28.342557191848755,38336,4321172,4325940,4323648,16692,0,754,0
28.3571879863739,38336,4321172,4325940,4323648,16692,0,754,0
28.37215805053711,38336,4321172,4325940,4323648,16692,0,754,0
28.387171030044556,38336,4321172,4325940,4323648,16692,0,754,0
28.40201711654663,38336,4321172,4325940,4323648,16692,0,754,0
28.416758060455322,38336,4321172,4325940,4323648,16692,0,754,0
28.431533098220825,38336,4321172,4325940,4323648,16692,0,754,0
28.446624040603638,38336,4321172,4325940,4323648,16692,0,754,0
28.46194100379944,38336,4321172,4325940,4323648,16692,0,754,0
28.4770770072937,38336,4321172,4325940,4323648,16692,0,754,0
28.491769075393677,38336,4321172,4325940,4323648,16692,0,754,0
28.506716012954712,38336,4321172,4325940,4323648,16692,0,754,0
28.521557092666626,38336,4321172,4325940,4323648,16692,0,754,0
28.53643798828125,38336,4321172,4325940,4323648,16692,0,754,0
28.551416158676147,38336,4321172,4325940,4323648,16692,0,754,0
28.56640100479126,38336,4321172,4325940,4323648,16692,0,754,0
28.581406116485596,38336,4321172,4325940,4323648,16692,0,754,0
28.596445083618164,38336,4321172,4325940,4323648,16692,0,754,0
28.61147117614746,38336,4321172,4325940,4323648,16692,0,754,0
28.626397132873535,38336,4321172,4325940,4323648,16692,0,754,0
28.641118049621582,38336,4321172,4325940,4323648,16692,0,754,0
28.655994176864624,38336,4321172,4325940,4323648,16692,0,754,0
28.67083215713501,38336,4321172,4325940,4323648,16692,0,754,0
28.68567419052124,38336,4321172,4325940,4323648,16692,0,754,0
28.700690031051636,38336,4321172,4325940,4323648,16692,0,754,0
28.715506076812744,38336,4321172,4325940,4323648,16692,0,754,0
28.73041605949402,38336,4321172,4325940,4323648,16692,0,754,0
28.745405197143555,38336,4321172,4325940,4323648,16692,0,754,0
28.760390996932983,38336,4321172,4325940,4323648,16692,0,754,0
28.775315046310425,38336,4321172,4325940,4323648,16692,0,754,0
28.790170192718506,38336,4321172,4325940,4323648,16692,0,754,0
28.80519199371338,38336,4321172,4325940,4323648,16692,0,754,0
28.820096969604492,38336,4321172,4325940,4323648,16692,0,754,0
28.83490014076233,38336,4321172,4325940,4323648,16692,0,754,0
28.84967017173767,38336,4321172,4325940,4323648,16692,0,754,0
28.86469602584839,38336,4321172,4325940,4323648,16692,0,754,0
28.879727125167847,38336,4321172,4325940,4323648,16692,0,754,0
28.894482135772705,38336,4321172,4325940,4323648,16692,0,754,0
28.90913701057434,38336,4321172,4325940,4323648,16692,0,754,0
28.924192190170288,38336,4321172,4325940,4323648,16692,0,754,0
28.939150094985962,38336,4321172,4325940,4323648,16692,0,754,0
28.95387601852417,38336,4321172,4325940,4323648,16692,0,754,0
28.96883797645569,38336,4321172,4325940,4323648,16692,0,754,0
28.98377513885498,38336,4321172,4325940,4323648,16692,0,754,0
28.998712062835693,38336,4321172,4325940,4323648,16692,0,754,0
29.01343011856079,38336,4321172,4325940,4323648,16692,0,754,0
29.028372049331665,38336,4321172,4325940,4323648,16692,0,754,0
29.04320502281189,38336,4321172,4325940,4323648,16692,0,754,0
29.058207035064697,38336,4321172,4325940,4323648,16692,0,754,0
29.07322406768799,38336,4321172,4325940,4323648,16692,0,754,0
29.088191032409668,38336,4321172,4325940,4323648,16692,0,754,0
29.10303497314453,38336,4321172,4325940,4323648,16692,0,754,0
29.11810803413391,38336,4321172,4325940,4323648,16692,0,754,0
29.133186101913452,38336,4321172,4325940,4323648,16692,0,754,0
29.148113012313843,38336,4321172,4325940,4323648,16692,0,754,0
29.163065195083618,38336,4321172,4325940,4323648,16692,0,754,0
29.17799997329712,38336,4321172,4325940,4323648,16692,0,754,0
29.192846059799194,38336,4321172,4325940,4323648,16692,0,754,0
29.20768713951111,38336,4321172,4325940,4323648,16692,0,754,0
29.2226140499115,38336,4321172,4325940,4323648,16692,0,754,0
29.2375271320343,38336,4321172,4325940,4323648,16692,0,754,0
29.252331972122192,38336,4321172,4325940,4323648,16692,0,754,0
29.267184019088745,38336,4321172,4325940,4323648,16692,0,754,0
29.28220009803772,38336,4321172,4325940,4323648,16692,0,754,0
29.296961069107056,38336,4321172,4325940,4323648,16692,0,754,0
29.31194019317627,38336,4321172,4325940,4323648,16692,0,754,0
29.326935052871704,38336,4321172,4325940,4323648,16692,0,754,0
29.34201717376709,38336,4321172,4325940,4323648,16692,0,754,0
29.35684108734131,38336,4321172,4325940,4323648,16692,0,754,0
29.371244192123413,38336,4321172,4325940,4323648,16692,0,754,0
29.385667085647583,38336,4321172,4325940,4323648,16692,0,754,0
29.40062117576599,38336,4321172,4325940,4323648,16692,0,754,0
29.415276050567627,38336,4321172,4325940,4323648,16692,0,754,0
29.431668996810913,38336,4321172,4325940,4323648,16692,0,754,0
29.44632601737976,38336,4321172,4325940,4323648,16692,0,754,0
29.460735082626343,38336,4321172,4325940,4323648,16692,0,754,0
29.475138187408447,38336,4321172,4325940,4323648,16692,0,754,0
29.48969006538391,38336,4321172,4325940,4323648,16692,0,754,0
29.504263162612915,38336,4321172,4325940,4323648,16692,0,754,0
29.518954038619995,38336,4321172,4325940,4323648,16692,0,754,0
29.53336215019226,38336,4321172,4325940,4323648,16692,0,754,0
29.547949075698853,38336,4321172,4325940,4323648,16692,0,754,0
29.562312126159668,38336,4321172,4325940,4323648,16692,0,754,0
29.57685899734497,38336,4321172,4325940,4323648,16692,0,754,0
29.591423988342285,38336,4321172,4325940,4323648,16692,0,754,0
29.60608696937561,38336,4321172,4325940,4323648,16692,0,754,0
29.62039017677307,38336,4321172,4325940,4323648,16692,0,754,0
29.634966135025024,38336,4321172,4325940,4323648,16692,0,754,0
29.649365186691284,38336,4321172,4325940,4323648,16692,0,754,0
29.664302110671997,38336,4321172,4325940,4323648,16692,0,754,0
29.679123163223267,38336,4321172,4325940,4323648,16692,0,754,0
29.69373917579651,38336,4321172,4325940,4323648,16692,0,754,0
29.708693027496338,38336,4321172,4325940,4323648,16692,0,754,0
29.723425149917603,38336,4321172,4325940,4323648,16692,0,754,0
29.738320112228394,38336,4321172,4325940,4323648,16692,0,754,0
29.75312304496765,38336,4321172,4325940,4323648,16692,0,754,0
29.768285036087036,38336,4321172,4325940,4323648,16692,0,754,0
29.783188104629517,38336,4321172,4325940,4323648,16692,0,754,0
29.798120975494385,38336,4321172,4325940,4323648,16692,0,754,0
29.812971115112305,38336,4321172,4325940,4323648,16692,0,754,0
29.827344179153442,38336,4321172,4325940,4323648,16692,0,754,0
29.842393159866333,38336,4321172,4325940,4323648,16692,0,754,0
29.857262134552002,38336,4321172,4325940,4323648,16692,0,754,0
29.871836185455322,38336,4321172,4325940,4323648,16692,0,754,0
29.886255979537964,38336,4321172,4325940,4323648,16692,0,754,0
29.90079116821289,38336,4321172,4325940,4323648,16692,0,754,0
29.915240049362183,38336,4321172,4325940,4323648,16692,0,754,0
29.92971110343933,38336,4321172,4325940,4323648,16692,0,754,0
29.944185972213745,38336,4321172,4325940,4323648,16692,0,754,0
29.95824098587036,38336,4321172,4325940,4323648,16692,0,754,0
29.972344160079956,38336,4321172,4325940,4323648,16692,0,754,0
29.98692011833191,38336,4321172,4325940,4323648,16692,0,754,0
30.001257181167603,38336,4321172,4325940,4323648,16692,0,754,0
30.015249013900757,38336,4321172,4325940,4323648,16692,0,754,0
30.029622077941895,38336,4321172,4325940,4323648,16692,0,754,0
30.044146060943604,38336,4321172,4325940,4323648,16692,0,754,0
30.05909299850464,38336,4321172,4325940,4323648,16692,0,754,0
30.073248147964478,38336,4321172,4325940,4323648,16692,0,754,0
30.08808398246765,38336,4321172,4325940,4323648,16692,0,754,0
30.1027569770813,38336,4321172,4325940,4323648,16692,0,754,0
30.117237091064453,38336,4321172,4325940,4323648,16692,0,754,0
30.131893157958984,38336,4321172,4325940,4323648,16692,0,754,0
30.14622712135315,38336,4321172,4325940,4323648,16692,0,754,0
30.16078019142151,38336,4321172,4325940,4323648,16692,0,754,0
30.175673961639404,38336,4321172,4325940,4323648,16692,0,754,0
30.190487146377563,38336,4321172,4325940,4323648,16692,0,754,0
30.205998182296753,38336,4321172,4325940,4323648,16692,0,754,0
30.22134804725647,38336,4321172,4325940,4323648,16692,0,754,0
30.236862182617188,38336,4321172,4325940,4323648,16692,0,754,0
30.252218008041382,38336,4321172,4325940,4323648,16692,0,754,0
30.267378091812134,38336,4321172,4325940,4323648,16692,0,754,0
30.282232999801636,38336,4321172,4325940,4323648,16692,0,754,0
30.296669006347656,38336,4321172,4325940,4323648,16692,0,754,0
30.311241149902344,38336,4321172,4325940,4323648,16692,0,754,0
30.325854063034058,38336,4321172,4325940,4323648,16692,0,754,0
30.340208053588867,38336,4321172,4325940,4323648,16692,0,754,0
30.35530400276184,38336,4321172,4325940,4323648,16692,0,754,0
30.370702028274536,38336,4321172,4325940,4323648,16692,0,754,0
30.386067152023315,38336,4321172,4325940,4323648,16692,0,754,0
30.401319980621338,38336,4321172,4325940,4323648,16692,0,754,0
30.416848182678223,38336,4321172,4325940,4323648,16692,0,754,0
30.43228316307068,38336,4321172,4325940,4323648,16692,0,754,0
30.447463989257812,38336,4321172,4325940,4323648,16692,0,754,0
30.462862968444824,38336,4321172,4325940,4323648,16692,0,754,0
30.47820806503296,38336,4321172,4325940,4323648,16692,0,754,0
30.493319988250732,38336,4321172,4325940,4323648,16692,0,754,0
30.508108139038086,38336,4321172,4325940,4323648,16692,0,754,0
30.52294397354126,38336,4321172,4325940,4323648,16692,0,754,0
30.53727412223816,38336,4321172,4325940,4323648,16692,0,754,0
30.552037000656128,38336,4321172,4325940,4323648,16692,0,754,0
30.56681203842163,38336,4321172,4325940,4323648,16692,0,754,0
30.581708192825317,38336,4321172,4325940,4323648,16692,0,754,0
30.597856998443604,38336,4321172,4325940,4323648,16692,0,754,0
30.613744020462036,38336,4321172,4325940,4323648,16692,0,754,0
30.62841010093689,38336,4321172,4325940,4323648,16692,0,754,0
30.643059015274048,38336,4321172,4325940,4323648,16692,0,754,0
30.65735697746277,38336,4321172,4325940,4323648,16692,0,754,0
30.671705961227417,38336,4321172,4325940,4323648,16692,0,754,0
30.686177015304565,38336,4321172,4325940,4323648,16692,0,754,0
30.70078706741333,38336,4321172,4325940,4323648,16692,0,754,0
30.715280055999756,38336,4321172,4325940,4323648,16692,0,754,0
30.729712963104248,38336,4321172,4325940,4323648,16692,0,754,0
30.744232177734375,38336,4321172,4325940,4323648,16692,0,754,0
30.758888006210327,38336,4321172,4325940,4323648,16692,0,754,0
30.77327799797058,38336,4321172,4325940,4323648,16692,0,754,0
30.78770613670349,38336,4321172,4325940,4323648,16692,0,754,0
30.802247047424316,38336,4321172,4325940,4323648,16692,0,754,0
30.816951036453247,38336,4321172,4325940,4323648,16692,0,754,0
30.831302165985107,38336,4321172,4325940,4323648,16692,0,754,0
30.84574604034424,38336,4321172,4325940,4323648,16692,0,754,0
30.860258102416992,38336,4321172,4325940,4323648,16692,0,754,0
30.874791145324707,38336,4321172,4325940,4323648,16692,0,754,0
30.889240980148315,38336,4321172,4325940,4323648,16692,0,754,0
30.903731107711792,38336,4321172,4325940,4323648,16692,0,754,0
30.9182231426239,38336,4321172,4325940,4323648,16692,0,754,0
30.932371139526367,38336,4321172,4325940,4323648,16692,0,754,0
30.947023153305054,38336,4321172,4325940,4323648,16692,0,754,0
30.961703062057495,38336,4321172,4325940,4323648,16692,0,754,0
30.976212978363037,38336,4321172,4325940,4323648,16692,0,754,0
30.99111008644104,38336,4321172,4325940,4323648,16692,0,754,0
31.005726099014282,38336,4321172,4325940,4323648,16692,0,754,0
31.020745992660522,38336,4321172,4325940,4323648,16692,0,754,0
31.035264015197754,38336,4321172,4325940,4323648,16692,0,754,0
31.050114154815674,38336,4321172,4325940,4323648,16692,0,754,0
31.06492018699646,38336,4321172,4325940,4323648,16692,0,754,0
31.07964301109314,38336,4321172,4325940,4323648,16692,0,754,0
31.094271183013916,38336,4321172,4325940,4323648,16692,0,754,0
31.109187126159668,38336,4321172,4325940,4323648,16692,0,754,0
31.124245166778564,38336,4321172,4325940,4323648,16692,0,754,0
31.139021158218384,38336,4321172,4325940,4323648,16692,0,754,0
31.15397596359253,38336,4321172,4325940,4323648,16692,0,754,0
31.16831612586975,38336,4321172,4325940,4323648,16692,0,754,0
31.182887077331543,38336,4321172,4325940,4323648,16692,0,754,0
31.19723916053772,38336,4321172,4325940,4323648,16692,0,754,0
31.21167016029358,38336,4321172,4325940,4323648,16692,0,754,0
31.226391077041626,38336,4321172,4325940,4323648,16692,0,754,0
31.241044998168945,38336,4321172,4325940,4323648,16692,0,754,0
31.255779027938843,38336,4321172,4325940,4323648,16692,0,754,0
31.270414113998413,38336,4321172,4325940,4323648,16692,0,754,0
31.285068035125732,38336,4321172,4325940,4323648,16692,0,754,0
31.299599170684814,38336,4321172,4325940,4323648,16692,0,754,0
31.31424903869629,38336,4321172,4325940,4323648,16692,0,754,0
31.328996181488037,38336,4321172,4325940,4323648,16692,0,754,0
31.343424081802368,38336,0,0,0,16807,0,0,0
31.357072114944458,38336,0,0,0,16807,0,0,0
31.37194013595581,38336,0,0,0,16807,0,0,0
