elapsed_s,pid,uss,rss,pss,min_flt,maj_flt,oom,oomadj
0.0014629364013671875,116880,12108,12948,12554,1056,0,666,0
0.015084981918334961,116880,14260,16184,15320,1332,0,666,0
0.029150009155273438,116880,15756,18372,17118,1533,0,666,0
0.04317903518676758,116880,21612,26264,22974,2239,0,666,0
0.05745291709899902,116880,53392,59268,55866,5307,0,667,0
0.07267904281616211,116880,83700,88836,86174,12821,0,668,0
0.0880739688873291,116880,95396,100316,97870,14302,0,668,0
0.10365891456604004,116880,100124,104956,102598,14473,0,668,0
0.11870694160461426,116880,100408,105212,102882,14544,0,668,0
0.1337449550628662,116880,127584,132416,130058,14696,0,669,0
0.14867210388183594,116880,120632,125464,123106,14697,0,668,0
0.16335296630859375,116880,122680,127512,125154,14698,0,668,0
0.17799091339111328,116880,126776,131608,129250,14700,0,669,0
0.19258999824523926,116880,126776,131608,129250,14700,0,669,0
0.2071390151977539,116880,126776,131608,129250,14700,0,669,0
0.22153902053833008,116880,127824,133528,130298,14962,0,669,0
0.23623895645141602,116880,131172,136088,133646,15805,0,669,0
0.251492977142334,116880,132332,137112,134806,16095,0,669,0
0.2662520408630371,116880,132332,137112,134806,16095,0,669,0
0.28087806701660156,116880,132332,137112,134806,16095,0,669,0
0.2951340675354004,116880,132332,137112,134806,16095,0,669,0
0.3096330165863037,116880,126796,131628,129270,16095,0,669,0
0.3237650394439697,116880,126796,131628,129270,16095,0,669,0
0.3384389877319336,116880,126796,131628,129270,16095,0,669,0
0.35258913040161133,116880,126796,131628,129270,16095,0,669,0
0.36659908294677734,116880,126796,131628,129270,16095,0,669,0
0.3806309700012207,116880,126796,131628,129270,16095,0,669,0
0.3946099281311035,116880,126796,131628,129270,16095,0,669,0
0.40862607955932617,116880,126796,131628,129270,16095,0,669,0
0.4226219654083252,116880,126796,131628,129270,16095,0,669,0
0.4366300106048584,116880,126796,131628,129270,16095,0,669,0
0.45061397552490234,116880,126796,131628,129270,16095,0,669,0
0.4645979404449463,116880,126796,131628,129270,16095,0,669,0
0.47864794731140137,116880,126796,131628,129270,16095,0,669,0
0.492725133895874,116880,126796,131628,129270,16095,0,669,0
0.5066080093383789,116880,126796,131628,129270,16095,0,669,0
0.5205800533294678,116880,126796,131628,129270,16095,0,669,0
0.534621000289917,116880,126796,131628,129270,16095,0,669,0
0.5486359596252441,116880,126796,131628,129270,16095,0,669,0
0.5626699924468994,116880,126796,131628,129270,16095,0,669,0
0.5766761302947998,116880,126796,131628,129270,16095,0,669,0
0.5905399322509766,116880,126796,131628,129270,16095,0,669,0
0.6046130657196045,116880,126796,131628,129270,16095,0,669,0
0.6186361312866211,116880,126796,131628,129270,16095,0,669,0
0.6326091289520264,116880,126796,131628,129270,16095,0,669,0
0.6466450691223145,116880,126796,131628,129270,16095,0,669,0
0.6606321334838867,116880,126796,131628,129270,16095,0,669,0
0.6746370792388916,116880,126796,131628,129270,16095,0,669,0
0.6891629695892334,116880,126796,131628,129270,16095,0,669,0
0.70365309715271,116880,126796,131628,129270,16095,0,669,0
0.7182281017303467,116880,126796,131628,129270,16095,0,669,0
0.7330009937286377,116880,126796,131628,129270,16095,0,669,0
0.747838020324707,116880,126796,131628,129270,16095,0,669,0
0.7630350589752197,116880,126796,131628,129270,16095,0,669,0
0.7781901359558105,116880,126796,131628,129270,16095,0,669,0
0.7931420803070068,116880,126796,131628,129270,16095,0,669,0
0.8076291084289551,116880,126796,131628,129270,16095,0,669,0
0.8216619491577148,116880,126796,131628,129270,16095,0,669,0
0.8356060981750488,116880,126796,131628,129270,16095,0,669,0
0.8496861457824707,116880,126796,131628,129270,16095,0,669,0
0.8635990619659424,116880,126796,131628,129270,16095,0,669,0
0.8776021003723145,116880,126796,131628,129270,16095,0,669,0
0.8915789127349854,116880,126796,131628,129270,16095,0,669,0
0.9056239128112793,116880,126796,131628,129270,16095,0,669,0
0.9196469783782959,116880,126796,131628,129270,16095,0,669,0
0.9340910911560059,116880,126796,131628,129270,16095,0,669,0
0.9482400417327881,116880,126796,131628,129270,16095,0,669,0
0.962346076965332,116880,126796,131628,129270,16095,0,669,0
0.9764010906219482,116880,126796,131628,129270,16095,0,669,0
0.9904880523681641,116880,126796,131628,129270,16095,0,669,0
1.0044939517974854,116880,126796,131628,129270,16095,0,669,0
1.018502950668335,116880,126796,131628,129270,16095,0,669,0
1.0325570106506348,116880,126796,131628,129270,16095,0,669,0
1.0465190410614014,116880,126796,131628,129270,16095,0,669,0
1.0604960918426514,116880,126796,131628,129270,16095,0,669,0
1.0750799179077148,116880,126796,131628,129270,16095,0,669,0
1.089548110961914,116880,126796,131628,129270,16095,0,669,0
1.1041100025177002,116880,126796,131628,129270,16095,0,669,0
1.1186180114746094,116880,126796,131628,129270,16095,0,669,0
1.1332099437713623,116880,126796,131628,129270,16095,0,669,0
1.1476309299468994,116880,126796,131628,129270,16095,0,669,0
1.1616899967193604,116880,126796,131628,129270,16095,0,669,0
1.175652027130127,116880,126796,131628,129270,16095,0,669,0
1.189643144607544,116880,126796,131628,129270,16095,0,669,0
1.203632116317749,116880,126796,131628,129270,16095,0,669,0
1.2176520824432373,116880,126796,131628,129270,16095,0,669,0
1.2316079139709473,116880,126796,131628,129270,16095,0,669,0
1.2459840774536133,116880,126796,131628,129270,16095,0,669,0
1.2605829238891602,116880,126796,131628,129270,16095,0,669,0
1.2746000289916992,116880,126796,131628,129270,16095,0,669,0
1.288604974746704,116880,126796,131628,129270,16095,0,669,0
1.3026070594787598,116880,126796,131628,129270,16095,0,669,0
1.3166160583496094,116880,126796,131628,129270,16095,0,669,0
1.3305931091308594,116880,126796,131628,129270,16095,0,669,0
1.344754934310913,116880,126796,131628,129270,16095,0,669,0
1.3591699600219727,116880,126796,131628,129270,16095,0,669,0
1.3737390041351318,116880,126796,131628,129270,16095,0,669,0
1.3881399631500244,116880,126796,131628,129270,16095,0,669,0
1.4026551246643066,116880,126796,131628,129270,16095,0,669,0
1.4170210361480713,116880,126796,131628,129270,16095,0,669,0
1.4316470623016357,116880,126796,131628,129270,16095,0,669,0
1.4460549354553223,116880,126796,131628,129270,16095,0,669,0
1.4606070518493652,116880,126796,131628,129270,16095,0,669,0
1.4751031398773193,116880,126796,131628,129270,16095,0,669,0
1.4896631240844727,116880,126796,131628,129270,16095,0,669,0
1.504014015197754,116880,126796,131628,129270,16095,0,669,0
1.5181779861450195,116880,126796,131628,129270,16095,0,669,0
1.5327179431915283,116880,126796,131628,129270,16095,0,669,0
1.5471830368041992,116880,126796,131628,129270,16095,0,669,0
1.562119960784912,116880,126796,131628,129270,16095,0,669,0
1.5765011310577393,116880,126796,131628,129270,16095,0,669,0
1.590501070022583,116880,126796,131628,129270,16095,0,669,0
1.6045191287994385,116880,126796,131628,129270,16095,0,669,0
1.6185059547424316,116880,126796,131628,129270,16095,0,669,0
1.6326220035552979,116880,126796,131628,129270,16095,0,669,0
1.6471970081329346,116880,126796,131628,129270,16095,0,669,0
1.6613850593566895,116880,126796,131628,129270,16095,0,669,0
1.6755220890045166,116880,126796,131628,129270,16095,0,669,0
1.6895499229431152,116880,126796,131628,129270,16095,0,669,0
1.7035160064697266,116880,126796,131628,129270,16095,0,669,0
1.717581033706665,116880,126796,131628,129270,16095,0,669,0
1.7317619323730469,116880,126796,131628,129270,16095,0,669,0
1.7460780143737793,116880,126796,131628,129270,16095,0,669,0
1.7606511116027832,116880,126796,131628,129270,16095,0,669,0
1.7749640941619873,116880,126796,131628,129270,16095,0,669,0
1.789499044418335,116880,126796,131628,129270,16095,0,669,0
1.8040390014648438,116880,126796,131628,129270,16095,0,669,0
1.818537950515747,116880,126796,131628,129270,16095,0,669,0
1.833116054534912,116880,126796,131628,129270,16095,0,669,0
1.8475151062011719,116880,126796,131628,129270,16095,0,669,0
1.8616900444030762,116880,126796,131628,129270,16095,0,669,0
1.8756210803985596,116880,126796,131628,129270,16095,0,669,0
1.8895630836486816,116880,126796,131628,129270,16095,0,669,0
1.9036509990692139,116880,126796,131628,129270,16095,0,669,0
1.917712926864624,116880,126796,131628,129270,16095,0,669,0
1.9321300983428955,116880,126796,131628,129270,16095,0,669,0
1.9461619853973389,116880,126796,131628,129270,16095,0,669,0
1.9604120254516602,116880,126796,131628,129270,16095,0,669,0
1.974635124206543,116880,126796,131628,129270,16095,0,669,0
1.9891319274902344,116880,126796,131628,129270,16095,0,669,0
2.0036449432373047,116880,126796,131628,129270,16095,0,669,0
2.01794695854187,116880,126796,131628,129270,16095,0,669,0
2.032115936279297,116880,126796,131628,129270,16095,0,669,0
2.0466489791870117,116880,126796,131628,129270,16095,0,669,0
2.061079978942871,116880,126796,131628,129270,16095,0,669,0
2.0756680965423584,116880,126796,131628,129270,16095,0,669,0
2.090240001678467,116880,126796,131628,129270,16095,0,669,0
2.1045920848846436,116880,126796,131628,129270,16095,0,669,0
2.118868112564087,116880,126796,131628,129270,16095,0,669,0
2.133641004562378,116880,126796,131628,129270,16095,0,669,0
2.147745132446289,116880,126796,131628,129270,16095,0,669,0
2.161700963973999,116880,126796,131628,129270,16095,0,669,0
2.175624132156372,116880,126796,131628,129270,16095,0,669,0
2.189958095550537,116880,126796,131628,129270,16095,0,669,0
2.2040419578552246,116880,126796,131628,129270,16095,0,669,0
2.218018054962158,116880,126796,131628,129270,16095,0,669,0
2.231990098953247,116880,126796,131628,129270,16095,0,669,0
2.245682954788208,116880,126796,131628,129270,16095,0,669,0
2.259611129760742,116880,130892,135724,133366,16097,0,669,0
2.27665114402771,116880,133072,138028,135546,16104,0,669,0
2.2914321422576904,116880,133072,138028,135546,16104,0,669,0
2.3059699535369873,116880,133072,138028,135546,16104,0,669,0
2.3204801082611084,116880,133072,138028,135546,16104,0,669,0
2.335010051727295,116880,133072,138028,135546,16104,0,669,0
2.3494410514831543,116880,133072,138028,135546,16104,0,669,0
2.363892078399658,116880,133072,138028,135546,16104,0,669,0
2.3782830238342285,116880,133072,138028,135546,16104,0,669,0
2.3928420543670654,116880,133072,138028,135546,16104,0,669,0
2.4073851108551025,116880,133072,138028,135546,16104,0,669,0
2.4218740463256836,116880,133072,138028,135546,16104,0,669,0
2.4363701343536377,116880,133072,138028,135546,16104,0,669,0
2.450899124145508,116880,133072,138028,135546,16104,0,669,0
2.4653661251068115,116880,133072,138028,135546,16104,0,669,0
2.4795329570770264,116880,133072,138028,135546,16104,0,669,0
2.493921995162964,116880,133072,138028,135546,16104,0,669,0
2.5081989765167236,116880,133072,138028,135546,16104,0,669,0
2.5225911140441895,116880,133072,138028,135546,16104,0,669,0
2.536876916885376,116880,133072,138028,135546,16104,0,669,0
2.5512120723724365,116880,133072,138028,135546,16104,0,669,0
2.5655391216278076,116880,133072,138028,135546,16104,0,669,0
2.5799779891967773,116880,133072,138028,135546,16104,0,669,0
2.5944480895996094,116880,133072,138028,135546,16104,0,669,0
2.609025001525879,116880,133072,138028,135546,16104,0,669,0
2.623537063598633,116880,133072,138028,135546,16104,0,669,0
2.6379001140594482,116880,133072,138028,135546,16104,0,669,0
2.6522951126098633,116880,133072,138028,135546,16104,0,669,0
2.6667699813842773,116880,133072,138028,135546,16104,0,669,0
2.6811139583587646,116880,133072,138028,135546,16104,0,669,0
2.695465087890625,116880,133072,138028,135546,16104,0,669,0
2.713494062423706,116880,133072,138028,135546,16104,0,669,0
2.7278990745544434,116880,133072,138028,135546,16104,0,669,0
2.7422399520874023,116880,133072,138028,135546,16104,0,669,0
2.7565789222717285,116880,133072,138028,135546,16104,0,669,0
2.7709810733795166,116880,133072,138028,135546,16104,0,669,0
2.785404920578003,116880,133072,138028,135546,16104,0,669,0
2.7996089458465576,116880,133072,138028,135546,16104,0,669,0
2.8141720294952393,116880,133072,138028,135546,16104,0,669,0
2.8284800052642822,116880,133072,138028,135546,16104,0,669,0
2.8428361415863037,116880,133072,138028,135546,16104,0,669,0
2.8572001457214355,116880,133072,138028,135546,16104,0,669,0
2.871628999710083,116880,133072,138028,135546,16104,0,669,0
2.886060953140259,116880,133072,138028,135546,16104,0,669,0
2.9004571437835693,116880,132964,137900,135438,16105,0,669,0
2.9150779247283936,116880,132964,137900,135438,16105,0,669,0
2.929666042327881,116880,132964,137900,135438,16105,0,669,0
2.944082021713257,116880,132964,137900,135438,16105,0,669,0
2.9585189819335938,116880,132964,137900,135438,16105,0,669,0
2.9730191230773926,116880,132964,137900,135438,16105,0,669,0
2.9875380992889404,116880,132964,137900,135438,16105,0,669,0
3.0019350051879883,116880,132964,137900,135438,16105,0,669,0
3.0168659687042236,116880,132964,137900,135438,16105,0,669,0
3.0315279960632324,116880,132964,137900,135438,16105,0,669,0
3.0458829402923584,116880,132964,137900,135438,16105,0,669,0
3.060349941253662,116880,132964,137900,135438,16105,0,669,0
3.0747029781341553,116880,132964,137900,135438,16105,0,669,0
3.089155912399292,116880,132964,137900,135438,16105,0,669,0
3.1037681102752686,116880,132964,137900,135438,16105,0,669,0
3.118471145629883,116880,132964,137900,135438,16105,0,669,0
3.1329150199890137,116880,132964,137900,135438,16105,0,669,0
3.1473701000213623,116880,132964,137900,135438,16105,0,669,0
3.161761999130249,116880,132964,137900,135438,16105,0,669,0
3.1761810779571533,116880,132964,137900,135438,16105,0,669,0
3.1907970905303955,116880,132964,137900,135438,16105,0,669,0
3.2051539421081543,116880,132964,137900,135438,16105,0,669,0
3.2201080322265625,116880,132964,137900,135438,16105,0,669,0
3.234640121459961,116880,132964,137900,135438,16105,0,669,0
3.2490789890289307,116880,132964,137900,135438,16105,0,669,0
3.263550043106079,116880,132964,137900,135438,16105,0,669,0
3.2779641151428223,116880,132964,137900,135438,16105,0,669,0
3.292459011077881,116880,132964,137900,135438,16105,0,669,0
3.306990146636963,116880,132964,137900,135438,16105,0,669,0
3.321553945541382,116880,132964,137900,135438,16105,0,669,0
3.3360559940338135,116880,132964,137900,135438,16105,0,669,0
3.3505101203918457,116880,137060,141892,139534,16107,0,669,0
3.36517596244812,116880,139220,144068,141694,16109,0,669,0
3.380064010620117,116880,139220,144068,141694,16109,0,669,0
3.394516944885254,116880,139220,144068,141694,16109,0,669,0
3.409069061279297,116880,139220,144068,141694,16109,0,669,0
3.423828125,116880,139220,144068,141694,16109,0,669,0
3.438153028488159,116880,139220,144068,141694,16109,0,669,0
3.4524929523468018,116880,139220,144068,141694,16109,0,669,0
3.4669809341430664,116880,139220,144068,141694,16109,0,669,0
3.4813010692596436,116880,139220,144068,141694,16109,0,669,0
3.4958200454711914,116880,139220,144068,141694,16109,0,669,0
3.5100769996643066,116880,139220,144068,141694,16109,0,669,0
3.5245280265808105,116880,139220,144068,141694,16109,0,669,0
3.5389950275421143,116880,139220,144068,141694,16109,0,669,0
3.5533549785614014,116880,139220,144068,141694,16109,0,669,0
3.5675580501556396,116880,139220,144068,141694,16109,0,669,0
3.5818490982055664,116880,139220,144068,141694,16109,0,669,0
3.5961921215057373,116880,139220,144068,141694,16109,0,669,0
3.6105690002441406,116880,139220,144068,141694,16109,0,669,0
3.6248619556427,116880,139220,144068,141694,16109,0,669,0
3.639233112335205,116880,139220,144068,141694,16109,0,669,0
3.6536269187927246,116880,139220,144068,141694,16109,0,669,0
3.6680850982666016,116880,139220,144068,141694,16109,0,669,0
3.6839849948883057,116880,137176,142020,139650,16109,0,669,0
3.698539972305298,116880,137176,142020,139650,16109,0,669,0
3.7129719257354736,116880,137176,142020,139650,16109,0,669,0
3.727540969848633,116880,137176,142020,139650,16109,0,669,0
3.7419631481170654,116880,137176,142020,139650,16109,0,669,0
3.7564759254455566,116880,135132,139972,137606,16109,0,669,0
3.7708709239959717,116880,135132,139972,137606,16109,0,669,0
3.7853689193725586,116880,132560,137668,135034,16423,0,669,0
3.7998809814453125,116880,143256,148088,145730,16601,0,669,0
3.814681053161621,116880,153496,158328,155970,16606,0,669,0
3.829746961593628,116880,163736,168568,166210,16611,0,670,0
3.844667911529541,116880,173976,180856,176450,16616,0,670,0
3.859740972518921,116880,184216,191096,186690,16621,0,670,0
3.8746111392974854,116880,194456,201336,196930,16626,0,670,0
3.889652967453003,116880,204696,211576,207170,16631,0,670,0
3.904524087905884,116880,214936,221816,217410,16636,0,670,0
3.919193983078003,116880,225176,232056,227650,16641,0,671,0
3.9341869354248047,116880,235416,242296,237890,16646,0,671,0
3.9490621089935303,116880,245656,252536,248130,16651,0,671,0
3.9638290405273438,116880,255896,262776,258370,16656,0,672,0
3.978672981262207,116880,266136,273016,268610,16661,0,672,0
3.9935619831085205,116880,276376,283256,278850,16666,0,672,0
4.008587121963501,116880,286616,293496,289090,16671,0,672,0
4.023571968078613,116880,298904,303736,301378,16676,0,672,0
4.038608074188232,116880,309144,313976,311618,16681,0,672,0
4.05376410484314,116880,319384,324216,321858,16686,0,672,0
4.068685054779053,116880,329624,334456,332098,16692,0,673,0
4.0836710929870605,116880,339864,344696,342338,16696,0,673,0
4.098690032958984,116880,350104,354936,352578,16702,0,673,0
4.113512992858887,116880,360344,365176,362818,16707,0,674,0
4.128155946731567,116880,370584,375416,373058,16712,0,674,0
4.142859935760498,116880,380824,385656,383298,16717,0,674,0
4.157678127288818,116880,391064,395896,393538,16722,0,674,0
4.172658920288086,116880,401304,406136,403778,16727,0,674,0
4.187574148178101,116880,411544,416376,414018,16732,0,674,0
4.202552080154419,116880,421784,426616,424258,16737,0,675,0
4.2174389362335205,116880,432024,436856,434498,16742,0,675,0
4.232455015182495,116880,442264,447096,444738,16747,0,675,0
4.247509002685547,116880,452504,457336,454978,16752,0,675,0
4.262663125991821,116880,462744,467576,465218,16757,0,676,0
4.278034925460815,116880,472984,477816,475458,16762,0,676,0
4.293044090270996,116880,483224,488056,485698,16767,0,676,0
4.308053016662598,116880,493464,498296,495938,16772,0,676,0
4.323115110397339,116880,503704,510584,506178,16777,0,676,0
4.338079929351807,116880,513944,520824,516418,16782,0,676,0
4.353234052658081,116880,524184,531064,526658,16787,0,677,0
4.368247985839844,116880,534424,541304,536898,16792,0,677,0
4.383281946182251,116880,542616,547448,545090,16796,0,677,0
4.3981029987335205,116880,552856,557688,555330,16801,0,678,0
4.413093090057373,116880,563096,567928,565570,16806,0,678,0
4.428149938583374,116880,573336,580216,575810,16811,0,678,0
4.443349123001099,116880,583576,590456,586050,16816,0,678,0
4.458384037017822,116880,593816,600696,596290,16821,0,678,0
4.473221063613892,116880,604056,610936,606530,16826,0,678,0
4.488357067108154,116880,614296,621176,616770,16831,0,678,0
4.50335693359375,116880,626584,631416,629058,16836,0,679,0
4.5185041427612305,116880,636824,641656,639298,16841,0,679,0
4.533488988876343,116880,647064,651896,649538,16846,0,679,0
4.548449993133545,116880,657304,662136,659778,16852,0,680,0
4.5635950565338135,116880,667544,672376,670018,16857,0,680,0
4.578459024429321,116880,677784,682616,680258,16862,0,680,0
4.593109130859375,116880,688024,692856,690498,16867,0,680,0
4.608098983764648,116880,698264,703096,700738,16872,0,680,0
4.623103141784668,116880,708504,713336,710978,16877,0,680,0
4.638098955154419,116880,718744,723576,721218,16882,0,681,0
4.653336048126221,116880,728984,733816,731458,16887,0,681,0
4.668694019317627,116880,739224,744056,741698,16892,0,681,0
4.684083938598633,116880,749464,754296,751938,16897,0,682,0
4.699110984802246,116880,759704,764536,762178,16902,0,682,0
4.71366810798645,116880,769944,774776,772418,16907,0,682,0
4.728677988052368,116880,780184,787064,782658,16912,0,682,0
4.74364709854126,116880,790424,797304,792898,16917,0,682,0
4.758667945861816,116880,800664,807544,803138,16922,0,682,0
4.773504972457886,116880,812952,817784,815426,16927,0,682,0
4.788563013076782,116880,823192,828024,825666,16932,0,683,0
4.803457975387573,116880,833432,838264,835906,16937,0,683,0
4.818285942077637,116880,843672,848504,846146,16943,0,683,0
4.833332061767578,116880,853912,858744,856386,16947,0,684,0
4.84817910194397,116880,864152,868984,866626,16953,0,684,0
4.862867116928101,116880,874392,879224,876866,16958,0,684,0
4.877848148345947,116880,884632,889464,887106,16963,0,684,0
4.893104076385498,116880,894872,899704,897346,16968,0,684,0
4.9080469608306885,116880,905112,909944,907586,16973,0,684,0
4.922744989395142,116880,915352,920184,917826,16978,0,685,0
4.937536001205444,116880,925592,930424,928066,16983,0,685,0
4.952461004257202,116880,935832,942712,938306,16988,0,685,0
4.967483997344971,116880,946072,952952,948546,16993,0,686,0
4.982216119766235,116880,956312,963192,958786,16998,0,686,0
4.997087001800537,116880,966552,973432,969026,17003,0,686,0
5.012054920196533,116880,976792,983672,979266,17008,0,686,0
5.026917934417725,116880,987032,993912,989506,17013,0,686,0
5.0418360233306885,116880,997272,1004152,999746,17018,0,686,0
5.0566511154174805,116880,1009560,1014392,1012034,17023,0,686,0
5.07148003578186,116880,1019800,1024632,1022274,17028,0,687,0
5.086234092712402,116880,1030040,1034872,1032514,17034,0,687,0
5.101205110549927,116880,1040280,1045112,1042754,17039,0,687,0
5.116213083267212,116880,1050520,1055352,1052994,17044,0,688,0
5.131164073944092,116880,1060760,1065592,1063234,17049,0,688,0
5.1462249755859375,116880,1071000,1075832,1073474,17054,0,688,0
5.161056041717529,116880,1081240,1086072,1083714,17059,0,688,0
5.175674915313721,116880,1091480,1096312,1093954,17064,0,688,0
5.190421104431152,116880,1101720,1106552,1104194,17069,0,688,0
5.2052390575408936,116880,1111960,1116792,1114434,17074,0,689,0
5.220329999923706,116880,1122200,1127032,1124674,17079,0,689,0
5.2351460456848145,116880,1132440,1137272,1134914,17084,0,689,0
5.249848127365112,116880,1142680,1149560,1145154,17089,0,690,0
5.264740943908691,116880,1152920,1159800,1155394,17094,0,690,0
5.279611110687256,116880,1163160,1170040,1165634,17099,0,690,0
5.294384002685547,116880,1173400,1180280,1175874,17104,0,690,0
5.309338092803955,116880,1183640,1190520,1186114,17109,0,690,0
5.324029922485352,116880,1195928,1200760,1198402,17114,0,690,0
5.338710069656372,116880,1206168,1211000,1208642,17119,0,690,0
5.353477954864502,116880,1216408,1221240,1218882,17124,0,691,0
5.368330001831055,116880,1226648,1231480,1229122,17130,0,691,0
5.382993936538696,116880,1236888,1241720,1239362,17135,0,691,0
5.397881031036377,116880,1247128,1251960,1249602,17140,0,692,0
5.41271710395813,116880,1257368,1262200,1259842,17145,0,692,0
5.427624940872192,116880,1263512,1270392,1265986,17148,0,692,0
5.442579984664917,116880,1273752,1280632,1276226,17153,0,692,0
5.45749306678772,116880,1286040,1290872,1288514,17158,0,692,0
5.4724280834198,116880,1296280,1301112,1298754,17163,0,692,0
5.487488031387329,116880,1306520,1311352,1308994,17168,0,692,0
5.502344131469727,116880,1316760,1321592,1319234,17174,0,693,0
5.5171449184417725,116880,1327000,1331832,1329474,17179,0,693,0
5.532402038574219,116880,1337240,1342072,1339714,17184,0,693,0
5.547248125076294,116880,1347480,1352312,1349954,17189,0,694,0
5.561979055404663,116880,1357720,1362552,1360194,17194,0,694,0
5.576594114303589,116880,1367960,1372792,1370434,17199,0,694,0
5.591429948806763,116880,1378200,1383032,1380674,17204,0,694,0
5.60608696937561,116880,1388440,1393272,1390914,17209,0,694,0
5.62165093421936,116880,1398680,1403512,1401154,17214,0,694,0
5.636521100997925,116880,1408920,1413752,1411394,17219,0,695,0
5.651471138000488,116880,1419160,1426040,1421634,17224,0,695,0
5.666440010070801,116880,1429400,1436280,1431874,17229,0,695,0
5.681430101394653,116880,1439640,1446520,1442114,17234,0,696,0
5.6964991092681885,116880,1451928,1456760,1454402,17239,0,696,0
5.711879014968872,116880,1462168,1467000,1464642,17244,0,696,0
5.726863145828247,116880,1472408,1477240,1474882,17249,0,696,0
5.741610050201416,116880,1482648,1487480,1485122,17255,0,696,0
5.756608963012695,116880,1492888,1497720,1495362,17260,0,696,0
5.771433115005493,116880,1503128,1507960,1505602,17265,0,696,0
5.786453008651733,116880,1513368,1518200,1515842,17270,0,697,0
5.801387071609497,116880,1523608,1528440,1526082,17275,0,697,0
5.8160529136657715,116880,1533848,1538680,1536322,17280,0,697,0
5.830721139907837,116880,1544088,1548920,1546562,17285,0,698,0
5.845967054367065,116880,1554328,1559160,1556802,17290,0,698,0
5.860857009887695,116880,1564568,1569400,1567042,17295,0,698,0
5.875808000564575,116880,1574808,1579640,1577282,17300,0,698,0
5.8907310962677,116880,1585048,1589880,1587522,17305,0,698,0
5.905704975128174,116880,1595288,1602168,1597762,17310,0,698,0
5.920918941497803,116880,1605528,1612408,1608002,17315,0,699,0
5.935760021209717,116880,1617816,1622648,1620290,17320,0,699,0
5.950645923614502,116880,1628056,1632888,1630530,17325,0,699,0
5.965683937072754,116880,1638296,1643128,1640770,17330,0,700,0
5.980629920959473,116880,1648536,1653368,1651010,17336,0,700,0
5.9956231117248535,116880,1658776,1663608,1661250,17341,0,700,0
6.010560989379883,116880,1669016,1673848,1671490,17346,0,700,0
6.025424003601074,116880,1679256,1684088,1681730,17351,0,700,0
6.040224075317383,116880,1689496,1694328,1691970,17356,0,700,0
6.055089950561523,116880,1699736,1704568,1702210,17361,0,700,0
6.069942951202393,116880,1709976,1714808,1712450,17366,0,701,0
6.084764003753662,116880,1720216,1725048,1722690,17371,0,701,0
6.099760055541992,116880,1730456,1735288,1732930,17376,0,701,0
6.114654064178467,116880,1740696,1745528,1743170,17381,0,702,0
6.129626989364624,116880,1750936,1755768,1753410,17386,0,702,0
6.1446239948272705,116880,1761176,1768056,1763650,17391,0,702,0
6.159601926803589,116880,1771416,1778296,1773890,17396,0,702,0
6.174507141113281,116880,1781656,1788536,1784130,17401,0,702,0
6.189598083496094,116880,1793944,1798776,1796418,17406,0,702,0
6.204627990722656,116880,1804184,1809016,1806658,17411,0,703,0
6.219644069671631,116880,1814424,1819256,1816898,17416,0,703,0
6.234621047973633,116880,1824664,1829496,1827138,17422,0,703,0
6.249576091766357,116880,1834904,1839736,1837378,17427,0,704,0
6.264495134353638,116880,1845144,1849976,1847618,17432,0,704,0
6.279416084289551,116880,1855384,1860216,1857858,17437,0,704,0
6.294201135635376,116880,1865624,1870456,1868098,17442,0,704,0
6.309000015258789,116880,1875864,1880696,1878338,17447,0,704,0
6.323727130889893,116880,1886104,1890936,1888578,17452,0,704,0
6.338660001754761,116880,1896344,1901176,1898818,17457,0,704,0
6.353688955307007,116880,1906584,1911416,1909058,17462,0,705,0
6.3685431480407715,116880,1916824,1921656,1919298,17467,0,705,0
6.383296012878418,116880,1927064,1931896,1929538,17472,0,705,0
6.398193120956421,116880,1937304,1942136,1939778,17477,0,706,0
6.412977933883667,116880,1947544,1954424,1950018,17482,0,706,0
6.427889108657837,116880,1957784,1964664,1960258,17487,0,706,0
6.442763090133667,116880,1968024,1974904,1970498,17492,0,706,0
6.457669973373413,116880,1976216,1981048,1978690,17496,0,706,0
6.472312927246094,116880,1986456,1991288,1988930,17501,0,706,0
6.487231016159058,116880,1996696,2001528,1999170,17506,0,707,0
6.50218391418457,116880,2006936,2011768,2009410,17511,0,707,0
6.516968011856079,116880,2017176,2022008,2019650,17516,0,707,0
6.531950950622559,116880,2027416,2034296,2029890,17521,0,708,0
6.546844959259033,116880,2037656,2044536,2040130,17526,0,708,0
6.561742067337036,116880,2047896,2054776,2050370,17531,0,708,0
6.576549053192139,116880,2060184,2065016,2062658,17536,0,708,0
6.5921220779418945,116880,2070424,2075256,2072898,17542,0,708,0
6.607043981552124,116880,2080664,2085496,2083138,17547,0,708,0
6.622192144393921,116880,2090904,2095736,2093378,17552,0,708,0
6.637067079544067,116880,2101144,2105976,2103618,17557,0,709,0
6.651992082595825,116880,2111384,2116216,2113858,17562,0,709,0
6.666795015335083,116880,2121624,2126456,2124098,17567,0,709,0
6.6816229820251465,116880,2131864,2136696,2134338,17572,0,710,0
6.696669101715088,116880,2142104,2146936,2144578,17577,0,710,0
6.71161413192749,116880,2152344,2159224,2154818,17582,0,710,0
6.726602077484131,116880,2162584,2169464,2165058,17587,0,710,0
6.741459131240845,116880,2172824,2179704,2175298,17592,0,710,0
6.75633692741394,116880,2183064,2189944,2185538,17597,0,710,0
6.771246910095215,116880,2193304,2200184,2195778,17602,0,711,0
6.786310911178589,116880,2205592,2210424,2208066,17607,0,711,0
6.801217079162598,116880,2215832,2220664,2218306,17612,0,711,0
6.816151142120361,116880,2226072,2230904,2228546,17618,0,712,0
6.8310301303863525,116880,2234376,2239208,2236850,17649,0,712,0
6.845832109451294,116880,2244616,2249448,2247090,17654,0,712,0
6.860691070556641,116880,2254856,2259688,2257330,17659,0,712,0
6.875580072402954,116880,2265096,2269928,2267570,17665,0,712,0
6.890573978424072,116880,2275336,2280168,2277810,17670,0,712,0
6.905455112457275,116880,2285576,2290408,2288050,17675,0,712,0
6.920213937759399,116880,2295816,2300648,2298290,17680,0,713,0
6.935363054275513,116880,2306056,2310888,2308530,17685,0,713,0
6.950523138046265,116880,2316296,2321128,2318770,17690,0,713,0
6.96547794342041,116880,2326536,2331368,2329010,17695,0,714,0
6.980445146560669,116880,2336776,2343656,2339250,17700,0,714,0
6.995412111282349,116880,2347016,2353896,2349490,17705,0,714,0
7.01042914390564,116880,2357256,2364136,2359730,17710,0,714,0
7.0253989696502686,116880,2369544,2374376,2372018,17715,0,714,0
7.040432929992676,116880,2379784,2384616,2382258,17720,0,714,0
7.055419921875,116880,2390024,2394856,2392498,17725,0,715,0
7.070393085479736,116880,2400264,2405096,2402738,17731,0,715,0
7.0854010581970215,116880,2410504,2415336,2412978,17736,0,715,0
7.100359916687012,116880,2420744,2425576,2423218,17741,0,715,0
7.115288972854614,116880,2430984,2435816,2433458,17746,0,716,0
7.130111932754517,116880,2441224,2446056,2443698,17751,0,716,0
7.145097017288208,116880,2451464,2456296,2453938,17756,0,716,0
7.160045146942139,116880,2461704,2466536,2464178,17761,0,716,0
7.1753809452056885,116880,2471944,2476776,2474418,17766,0,716,0
7.190526962280273,116880,2482184,2489064,2484658,17771,0,716,0
7.205338954925537,116880,2492424,2499304,2494898,17776,0,717,0
7.220318078994751,116880,2502664,2509544,2505138,17781,0,717,0
7.235111951828003,116880,2514952,2519784,2517426,17786,0,717,0
7.250124931335449,116880,2525192,2530024,2527666,17791,0,718,0
7.264977931976318,116880,2535432,2540264,2537906,17797,0,718,0
7.279668092727661,116880,2545672,2550504,2548146,17802,0,718,0
7.294466972351074,116880,2555912,2560744,2558386,17807,0,718,0
7.309401988983154,116880,2566152,2570984,2568626,17812,0,718,0
7.324146032333374,116880,2576392,2581224,2578866,17817,0,718,0
7.33887505531311,116880,2586632,2591464,2589106,17822,0,719,0
7.3539910316467285,116880,2596872,2601704,2599346,17827,0,719,0
7.368847131729126,116880,2607112,2611944,2609586,17832,0,719,0
7.384030103683472,116880,2617352,2622184,2619826,17837,0,719,0
7.399168968200684,116880,2627592,2634472,2630066,17842,0,720,0
7.414152145385742,116880,2637832,2644712,2640306,17847,0,720,0
7.429095029830933,116880,2650120,2654952,2652594,17852,0,720,0
7.443848133087158,116880,2660360,2665192,2662834,17857,0,720,0
7.458765029907227,116880,2670600,2675432,2673074,17862,0,720,0
7.473881959915161,116880,2680840,2685672,2683314,17868,0,720,0
7.48862099647522,116880,2691080,2695912,2693554,17873,0,721,0
7.503618955612183,116880,2697224,2704104,2699698,17876,0,721,0
7.518654108047485,116880,2707464,2714344,2709938,17881,0,721,0
7.533642053604126,116880,2719752,2724584,2722226,17886,0,722,0
7.548452138900757,116880,2729992,2734824,2732466,17891,0,722,0
7.563831090927124,116880,2740232,2745064,2742706,17897,0,722,0
7.578752040863037,116880,2750472,2755304,2752946,17902,0,722,0
7.593727111816406,116880,2760712,2765544,2763186,17907,0,722,0
7.608757019042969,116880,2770952,2775784,2773426,17912,0,722,0
7.62368106842041,116880,2781192,2786024,2783666,17917,0,722,0
7.6386330127716064,116880,2791432,2796264,2793906,17922,0,723,0
7.6536619663238525,116880,2801672,2806504,2804146,17927,0,723,0
7.668664932250977,116880,2811912,2818792,2814386,17932,0,723,0
7.683629035949707,116880,2822152,2829032,2824626,17937,0,724,0
7.698605060577393,116880,2832392,2839272,2834866,17942,0,724,0
7.713660955429077,116880,2844680,2849512,2847154,17947,0,724,0
7.728631019592285,116880,2854920,2859752,2857394,17952,0,724,0
7.74365496635437,116880,2865160,2869992,2867634,17957,0,724,0
7.758641958236694,116880,2875400,2880232,2877874,17963,0,724,0
7.773653984069824,116880,2885640,2890472,2888114,17968,0,725,0
7.788653135299683,116880,2895880,2900712,2898354,17973,0,725,0
7.804067134857178,116880,2906120,2910952,2908594,17978,0,725,0
7.818854093551636,116880,2916360,2921192,2918834,17983,0,726,0
7.833665132522583,116880,2926600,2931432,2929074,17988,0,726,0
7.848560094833374,116880,2936840,2941672,2939314,17993,0,726,0
7.8633811473846436,116880,2947080,2953960,2949554,17998,0,726,0
7.878329038619995,116880,2957320,2964200,2959794,18003,0,726,0
7.893147945404053,116880,2969608,2974440,2972082,18008,0,726,0
7.9082419872283936,116880,2979848,2984680,2982322,18013,0,726,0
7.923561096191406,116880,2990088,2994920,2992562,18019,0,727,0
7.9385340213775635,116880,3000328,3005160,3002802,18024,0,727,0
7.953362941741943,116880,3010568,3015400,3013042,18029,0,727,0
7.968199014663696,116880,3020808,3025640,3023282,18034,0,728,0
7.983006954193115,116880,3031048,3035880,3033522,18039,0,728,0
7.997641086578369,116880,3041288,3046120,3043762,18044,0,728,0
8.013023138046265,116880,3051528,3056360,3054002,18049,0,728,0
8.027981042861938,116880,3061768,3066600,3064242,18054,0,728,0
8.043051958084106,116880,3072008,3076840,3074482,18059,0,728,0
8.058037996292114,116880,3082248,3089128,3084722,18064,0,729,0
8.073034048080444,116880,3092488,3099368,3094962,18069,0,729,0
8.087727069854736,116880,3102728,3109608,3105202,18074,0,729,0
8.102703094482422,116880,3115016,3119848,3117490,18079,0,730,0
8.117624998092651,116880,3125256,3130088,3127730,18084,0,730,0
8.132548093795776,116880,3135496,3140328,3137970,18090,0,730,0
8.147547006607056,116880,3145736,3150568,3148210,18095,0,730,0
8.162614107131958,116880,3155976,3160808,3158450,18100,0,730,0
8.177564144134521,116880,3166216,3171048,3168690,18105,0,730,0
8.192646980285645,116880,3176456,3181288,3178930,18110,0,730,0
8.207804918289185,116880,3186696,3191528,3189170,18115,0,731,0
8.222880125045776,116880,3196936,3203816,3199410,18120,0,731,0
8.237751007080078,116880,3207176,3212008,3209650,18125,0,731,0
8.252501964569092,116880,3217416,3224296,3219890,18130,0,732,0
8.267385959625244,116880,3227656,3234536,3230130,18135,0,732,0
8.282189130783081,116880,3237896,3244776,3240370,18140,0,732,0
8.297063112258911,116880,3250184,3255016,3252658,18145,0,732,0
8.312000036239624,116880,3260424,3265256,3262898,18150,0,732,0
8.326707124710083,116880,3270664,3275496,3273138,18156,0,732,0
8.341871976852417,116880,3280904,3285736,3283378,18161,0,733,0
8.356957912445068,116880,3291144,3295976,3293618,18166,0,733,0
8.37166714668274,116880,3301384,3306216,3303858,18171,0,733,0
8.386511087417603,116880,3311624,3316456,3314098,18176,0,734,0
8.401575088500977,116880,3321864,3326696,3324338,18181,0,734,0
8.416899919509888,116880,3332104,3336936,3334578,18186,0,734,0
8.43171501159668,116880,3342344,3347176,3344818,18191,0,734,0
8.446605920791626,116880,3352584,3359464,3355058,18196,0,734,0
8.461508989334106,116880,3362824,3369704,3365298,18201,0,734,0
8.47642207145691,116880,3375112,3379944,3377586,18206,0,735,0
8.491379022598267,116880,3385352,3390184,3387826,18211,0,735,0
8.506623983383179,116880,3395592,3400424,3398066,18217,0,735,0
8.521583080291748,116880,3405832,3410664,3408306,18222,0,735,0
8.53673791885376,116880,3411976,3418856,3414450,18225,0,736,0
8.551645994186401,116880,3424264,3429096,3426738,18230,0,736,0
8.566684007644653,116880,3434504,3439336,3436978,18235,0,736,0
8.581583976745605,116880,3444744,3449576,3447218,18241,0,736,0
8.596575021743774,116880,3454984,3459816,3457458,18246,0,736,0
8.611554145812988,116880,3465224,3470056,3467698,18251,0,736,0
8.626651048660278,116880,3475464,3480296,3477938,18256,0,737,0
8.64168906211853,116880,3485704,3490536,3488178,18261,0,737,0
8.656537055969238,116880,3495944,3500776,3498418,18266,0,737,0
8.671289920806885,116880,3506184,3511016,3508658,18271,0,738,0
8.685992002487183,116880,3516424,3523304,3518898,18276,0,738,0
8.701098918914795,116880,3526664,3533544,3529138,18281,0,738,0
8.716054916381836,116880,3536904,3543784,3539378,18286,0,738,0
8.7311270236969,116880,3547144,3554024,3549618,18291,0,738,0
8.746190071105957,116880,3559432,3564264,3561906,18296,0,738,0
8.761353969573975,116880,3569672,3574504,3572146,18301,0,738,0
8.776242971420288,116880,3579912,3584744,3582386,18307,0,739,0
8.791206121444702,116880,3590152,3594984,3592626,18312,0,739,0
8.806365966796875,116880,3600392,3605224,3602866,18317,0,739,0
8.821211099624634,116880,3610632,3615464,3613106,18322,0,740,0
8.835952043533325,116880,3620872,3625704,3623346,18327,0,740,0
8.850959062576294,116880,3631112,3635944,3633586,18332,0,740,0
8.866157054901123,116880,3641352,3646184,3643826,18337,0,740,0
8.881180047988892,116880,3651592,3658472,3654066,18342,0,740,0
8.896147966384888,116880,3661832,3668712,3664306,18347,0,740,0
8.91121506690979,116880,3672072,3678952,3674546,18352,0,741,0
8.92635703086853,116880,3684360,3689192,3686834,18357,0,741,0
8.941569089889526,116880,3694600,3699432,3697074,18362,0,741,0
8.956696033477783,116880,3704840,3709672,3707314,18368,0,742,0
8.971638917922974,116880,3715080,3719912,3717554,18373,0,742,0
8.986630916595459,116880,3725320,3730152,3727794,18378,0,742,0
9.001536130905151,116880,3735560,3740392,3738034,18383,0,742,0
9.016700983047485,116880,3745800,3750632,3748274,18388,0,742,0
9.031597137451172,116880,3756040,3760872,3758514,18393,0,742,0
9.046644926071167,116880,3766280,3771112,3768754,18398,0,742,0
9.061814069747925,116880,3776520,3783400,3778994,18403,0,743,0
9.076956033706665,116880,3786760,3793640,3789234,18408,0,743,0
9.092108964920044,116880,3799048,3803880,3801522,18413,0,743,0
9.107388019561768,116880,3809288,3814120,3811762,18418,0,744,0
9.122534036636353,116880,3819528,3824360,3822002,18423,0,744,0
9.137598991394043,116880,3829768,3834600,3832242,18428,0,744,0
9.152697086334229,116880,3840008,3844840,3842482,18434,0,744,0
9.16771912574768,116880,3850248,3855080,3852722,18439,0,744,0
9.182716131210327,116880,3860488,3865320,3862962,18444,0,744,0
9.19793701171875,116880,3870728,3875560,3873202,18449,0,745,0
9.212993144989014,116880,3880968,3885800,3883442,18454,0,745,0
9.22814393043518,116880,3891208,3896040,3893682,18459,0,745,0
9.243345022201538,116880,3901448,3906280,3903922,18464,0,746,0
9.258769989013672,116880,3911688,3916520,3914162,18469,0,746,0
9.273895978927612,116880,3921928,3926760,3924402,18474,0,746,0
9.289076089859009,116880,3932168,3939048,3934642,18479,0,746,0
9.304244041442871,116880,3942408,3949288,3944882,18484,0,746,0
9.319370985031128,116880,3952648,3959528,3955122,18489,0,746,0
9.334559917449951,116880,3964936,3969768,3967410,18494,0,747,0
9.349678993225098,116880,3975176,3980008,3977650,18499,0,747,0
9.364902973175049,116880,3985416,3990248,3987890,18504,0,747,0
9.37991213798523,116880,3995656,4000488,3998130,18510,0,747,0
9.394954919815063,116880,4005896,4010728,4008370,18515,0,748,0
9.409981966018677,116880,4016136,4020968,4018610,18520,0,748,0
9.424974918365479,116880,4026376,4031208,4028850,18525,0,748,0
9.43995213508606,116880,4036616,4041448,4039090,18530,0,748,0
9.45501708984375,116880,4046856,4051688,4049330,18535,0,748,0
9.470696926116943,116880,4057096,4061928,4059570,18540,0,748,0
9.485782146453857,116880,4067336,4072168,4069810,18545,0,749,0
9.500893115997314,116880,4079624,4084456,4082098,18551,0,749,0
9.518928050994873,116880,4089864,4096744,4092338,18556,0,749,0
9.533992052078247,116880,4100104,4106984,4102578,18561,0,750,0
9.549065113067627,116880,4112392,4117224,4114866,18566,0,750,0
9.564599990844727,116880,4122632,4127464,4125106,18571,0,750,0
9.579694986343384,116880,4128776,4133608,4131250,18575,0,750,0
9.59476613998413,116880,4139016,4145896,4141490,18580,0,750,0
9.609882116317749,116880,4149256,4156136,4151730,18585,0,750,0
9.624831914901733,116880,4159496,4166376,4161970,18590,0,751,0
9.63988995552063,116880,4171784,4176616,4174258,18595,0,751,0
9.655003070831299,116880,4182024,4186856,4184498,18600,0,751,0
9.670117139816284,116880,4192264,4197096,4194738,18605,0,751,0
9.685521125793457,116880,4202504,4207336,4204978,18611,0,752,0
9.700655937194824,116880,4212744,4217576,4215218,18616,0,752,0
9.715765953063965,116880,4222984,4227816,4225458,18621,0,752,0
9.731419086456299,116880,4231176,4236008,4233650,18625,0,752,0
9.74663496017456,116880,4241416,4248296,4243890,18630,0,752,0
9.761740922927856,116880,4251656,4258536,4254130,18635,0,752,0
9.777431011199951,116880,4263944,4268776,4266418,18640,0,753,0
9.792608976364136,116880,4274184,4279016,4276658,18645,0,753,0
9.807799100875854,116880,4284424,4289256,4286898,18650,0,753,0
9.822782039642334,116880,4294664,4299496,4297138,18656,0,754,0
9.837913990020752,116880,4304904,4309736,4307378,18661,0,754,0
9.853101015090942,116880,4315144,4319976,4317618,18666,0,754,0
9.868518114089966,116880,4323336,4328168,4325810,18670,0,754,0
9.883816957473755,116880,4323336,4328168,4325810,18670,0,754,0
9.898250102996826,116880,4323336,4328168,4325810,18670,0,754,0
9.912528991699219,116880,4323336,4328168,4325810,18670,0,754,0
9.926656007766724,116880,4323336,4328168,4325810,18670,0,754,0
9.940680980682373,116880,4323336,4328168,4325810,18670,0,754,0
9.954798936843872,116880,4323336,4328168,4325810,18670,0,754,0
9.969198942184448,116880,4323336,4328168,4325810,18670,0,754,0
9.984179973602295,116880,4323336,4328168,4325810,18670,0,754,0
9.998585939407349,116880,4323336,4328168,4325810,18670,0,754,0
10.012722969055176,116880,4323336,4328168,4325810,18670,0,754,0
10.027080059051514,116880,4323336,4328168,4325810,18670,0,754,0
10.041553974151611,116880,4323336,4328168,4325810,18670,0,754,0
10.056349039077759,116880,4323336,4328168,4325810,18670,0,754,0
10.070820093154907,116880,4323336,4328168,4325810,18670,0,754,0
10.085603952407837,116880,4323336,4328168,4325810,18670,0,754,0
10.100022077560425,116880,4323336,4328168,4325810,18670,0,754,0
10.114212036132812,116880,4323336,4328168,4325810,18670,0,754,0
10.12847900390625,116880,4323336,4328168,4325810,18670,0,754,0
10.142632007598877,116880,4323336,4328168,4325810,18670,0,754,0
10.156656980514526,116880,4323336,4328168,4325810,18670,0,754,0
10.171086072921753,116880,4323336,4328168,4325810,18670,0,754,0
10.1857750415802,116880,4323336,4328168,4325810,18670,0,754,0
10.200571060180664,116880,4323336,4328168,4325810,18670,0,754,0
10.215250015258789,116880,4323336,4328168,4325810,18670,0,754,0
10.230144023895264,116880,4323336,4328168,4325810,18670,0,754,0
10.244710922241211,116880,4323336,4328168,4325810,18670,0,754,0
10.259541988372803,116880,4323336,4328168,4325810,18670,0,754,0
10.274501085281372,116880,4323336,4328168,4325810,18670,0,754,0
10.289550065994263,116880,4323336,4328168,4325810,18670,0,754,0
10.304038047790527,116880,4323336,4328168,4325810,18670,0,754,0
10.318521976470947,116880,4323336,4328168,4325810,18670,0,754,0
10.332679033279419,116880,4323336,4328168,4325810,18670,0,754,0
10.346729040145874,116880,4323336,4328168,4325810,18670,0,754,0
10.361220121383667,116880,4323336,4328168,4325810,18670,0,754,0
10.375673055648804,116880,4323336,4328168,4325810,18670,0,754,0
10.390562057495117,116880,4323336,4328168,4325810,18670,0,754,0
10.404834032058716,116880,4323336,4328168,4325810,18670,0,754,0
10.419219017028809,116880,4323336,4328168,4325810,18670,0,754,0
10.433656930923462,116880,4323336,4328168,4325810,18670,0,754,0
10.44840693473816,116880,4323336,4328168,4325810,18670,0,754,0
10.463032007217407,116880,4323336,4328168,4325810,18670,0,754,0
10.477802991867065,116880,4323336,4328168,4325810,18670,0,754,0
10.494732141494751,116880,4323336,4328168,4325810,18670,0,754,0
10.509707927703857,116880,4323336,4328168,4325810,18670,0,754,0
10.524137020111084,116880,4323336,4328168,4325810,18670,0,754,0
10.538609981536865,116880,4323336,4328168,4325810,18670,0,754,0
10.553230047225952,116880,4323336,4328168,4325810,18670,0,754,0
10.567846059799194,116880,4323336,4328168,4325810,18670,0,754,0
10.582629919052124,116880,4323336,4328168,4325810,18670,0,754,0
10.597540140151978,116880,4323336,4328168,4325810,18670,0,754,0
10.612195014953613,116880,4323336,4328168,4325810,18670,0,754,0
10.627110958099365,116880,4323336,4328168,4325810,18670,0,754,0
10.641752004623413,116880,4323336,4328168,4325810,18670,0,754,0
10.65585994720459,116880,4323336,4328168,4325810,18670,0,754,0
10.6700599193573,116880,4323336,4328168,4325810,18670,0,754,0
10.684525966644287,116880,4323336,4328168,4325810,18670,0,754,0
10.698728084564209,116880,4323336,4328168,4325810,18670,0,754,0
10.713062047958374,116880,4323336,4328168,4325810,18670,0,754,0
10.727586030960083,116880,4323336,4328168,4325810,18670,0,754,0
10.741804122924805,116880,4323336,4328168,4325810,18670,0,754,0
10.75576901435852,116880,4323336,4328168,4325810,18670,0,754,0
10.770071983337402,116880,4323336,4328168,4325810,18670,0,754,0
10.784524917602539,116880,4323336,4328168,4325810,18670,0,754,0
10.799422025680542,116880,4323336,4328168,4325810,18670,0,754,0
10.813671112060547,116880,4323336,4328168,4325810,18670,0,754,0
10.827718019485474,116880,4323336,4328168,4325810,18670,0,754,0
10.842407941818237,116880,4323336,4328168,4325810,18670,0,754,0
10.85717511177063,116880,4323336,4328168,4325810,18670,0,754,0
10.87185001373291,116880,4323336,4328168,4325810,18670,0,754,0
10.886742115020752,116880,4323336,4328168,4325810,18670,0,754,0
10.901595115661621,116880,4323336,4328168,4325810,18670,0,754,0
10.916703939437866,116880,4323336,4328168,4325810,18670,0,754,0
10.931519985198975,116880,4323336,4328168,4325810,18670,0,754,0
10.946022033691406,116880,4323336,4328168,4325810,18670,0,754,0
10.960690975189209,116880,4323336,4328168,4325810,18670,0,754,0
10.975202083587646,116880,4323336,4328168,4325810,18670,0,754,0
10.989681959152222,116880,4323336,4328168,4325810,18670,0,754,0
11.00377893447876,116880,4323336,4328168,4325810,18670,0,754,0
11.018229007720947,116880,4323336,4328168,4325810,18670,0,754,0
11.032841920852661,116880,4323336,4328168,4325810,18670,0,754,0
11.04748797416687,116880,4323336,4328168,4325810,18670,0,754,0
11.06168007850647,116880,4323336,4328168,4325810,18670,0,754,0
11.075781106948853,116880,4323336,4328168,4325810,18670,0,754,0
11.090233087539673,116880,4323336,4328168,4325810,18670,0,754,0
11.104865074157715,116880,4323336,4328168,4325810,18670,0,754,0
11.119949102401733,116880,4323336,4328168,4325810,18670,0,754,0
11.134484052658081,116880,4323336,4328168,4325810,18670,0,754,0
11.149215936660767,116880,4323336,4328168,4325810,18670,0,754,0
11.163725137710571,116880,4323336,4328168,4325810,18670,0,754,0
11.178210973739624,116880,4323336,4328168,4325810,18670,0,754,0
11.19266414642334,116880,4323336,4328168,4325810,18670,0,754,0
11.20736312866211,116880,4323336,4328168,4325810,18670,0,754,0
11.222229957580566,116880,4323336,4328168,4325810,18670,0,754,0
11.236717939376831,116880,4323336,4328168,4325810,18670,0,754,0
11.251507043838501,116880,4323336,4328168,4325810,18670,0,754,0
11.266338109970093,116880,4323336,4328168,4325810,18670,0,754,0
11.281023979187012,116880,4323336,4328168,4325810,18670,0,754,0
11.295732975006104,116880,4323336,4328168,4325810,18670,0,754,0
11.310589075088501,116880,4323336,4328168,4325810,18670,0,754,0
11.325186014175415,116880,4323336,4328168,4325810,18670,0,754,0
11.340376138687134,116880,4323336,4328168,4325810,18670,0,754,0
11.354746103286743,116880,4323336,4328168,4325810,18670,0,754,0
11.369091033935547,116880,4323336,4328168,4325810,18670,0,754,0
11.383373975753784,116880,4323336,4328168,4325810,18670,0,754,0
11.397710084915161,116880,4323336,4328168,4325810,18670,0,754,0
11.412506103515625,116880,4323336,4328168,4325810,18670,0,754,0
11.427240133285522,116880,4323336,4328168,4325810,18670,0,754,0
11.441703081130981,116880,4323336,4328168,4325810,18670,0,754,0
11.458691120147705,116880,4323336,4328168,4325810,18670,0,754,0
11.473178148269653,116880,4323336,4328168,4325810,18670,0,754,0
11.487802982330322,116880,4323336,4328168,4325810,18670,0,754,0
11.502597093582153,116880,4323336,4328168,4325810,18670,0,754,0
11.51769495010376,116880,4323336,4328168,4325810,18670,0,754,0
11.53244400024414,116880,4323336,4328168,4325810,18670,0,754,0
11.546673059463501,116880,4323336,4328168,4325810,18670,0,754,0
11.561074018478394,116880,4323336,4328168,4325810,18670,0,754,0
11.57542109489441,116880,4323336,4328168,4325810,18670,0,754,0
11.589653968811035,116880,4323336,4328168,4325810,18670,0,754,0
11.604007959365845,116880,4323336,4328168,4325810,18670,0,754,0
11.618228912353516,116880,4323336,4328168,4325810,18670,0,754,0
11.632482051849365,116880,4323336,4328168,4325810,18670,0,754,0
11.64668893814087,116880,4323336,4328168,4325810,18670,0,754,0
11.661224126815796,116880,4323336,4328168,4325810,18670,0,754,0
11.675815105438232,116880,4323336,4328168,4325810,18670,0,754,0
11.690546035766602,116880,4323336,4328168,4325810,18670,0,754,0
11.705244064331055,116880,4323336,4328168,4325810,18670,0,754,0
11.72045111656189,116880,4323336,4328168,4325810,18670,0,754,0
11.73481297492981,116880,4323336,4328168,4325810,18670,0,754,0
11.749102115631104,116880,4323336,4328168,4325810,18670,0,754,0
11.763406038284302,116880,4323336,4328168,4325810,18670,0,754,0
11.777714967727661,116880,4323336,4328168,4325810,18670,0,754,0
11.792149066925049,116880,4323336,4328168,4325810,18670,0,754,0
11.806692123413086,116880,4323336,4328168,4325810,18670,0,754,0
11.821725130081177,116880,4323336,4328168,4325810,18670,0,754,0
11.836519002914429,116880,4323336,4328168,4325810,18670,0,754,0
11.851162910461426,116880,4323336,4328168,4325810,18670,0,754,0
11.865741968154907,116880,4323336,4328168,4325810,18670,0,754,0
11.8802011013031,116880,4323096,4325864,4325570,18671,0,754,0
11.895028114318848,116880,4287988,4290792,4290462,18671,0,753,0
11.909734010696411,116880,4253208,4255976,4255682,18671,0,752,0
11.92455506324768,116880,4218412,4221160,4220886,18671,0,752,0
11.9393470287323,116880,4183436,4186216,4185910,18671,0,751,0
11.954169034957886,116880,4149400,4152168,4151874,18671,0,750,0
11.96899700164795,116880,4114304,4117096,4116778,18671,0,750,0
11.983887910842896,116880,4079292,4082024,4081766,18671,0,749,0
11.99876594543457,116880,4044548,4047336,4047022,18671,0,748,0
12.013565063476562,116880,4009756,4012520,4012230,18671,0,748,0
12.028440952301025,116880,3974788,3977576,3977262,18671,0,747,0
12.043230056762695,116880,3939604,3942376,3942078,18671,0,746,0
12.05822205543518,116880,3904744,3907560,3907218,18671,0,746,0
12.072988033294678,116880,3869908,3872744,3872382,18671,0,745,0
12.087731122970581,116880,3834824,3837672,3837298,18671,0,744,0
12.102576971054077,116880,3799284,3802088,3801758,18671,0,743,0
12.117561101913452,116880,3764124,3767016,3766598,18671,0,742,0
12.132453918457031,116880,3728896,3731816,3731370,18671,0,742,0
12.147428035736084,116880,3693336,3696232,3695810,18671,0,741,0
12.162482023239136,116880,3658600,3661416,3661074,18671,0,740,0
12.177467107772827,116880,3623104,3625960,3625578,18671,0,740,0
12.192512035369873,116880,3587520,3590376,3589994,18671,0,739,0
12.207571029663086,116880,3552220,3555048,3554694,18671,0,738,0
12.222547054290771,116880,3516820,3519720,3519294,18671,0,738,0
12.237587928771973,116880,3481460,3484264,3483934,18671,0,737,0
12.252599954605103,116880,3445716,3448552,3448190,18671,0,736,0
12.267774105072021,116880,3410040,3412840,3412514,18671,0,736,0
12.28292202949524,116880,3374564,3377384,3377038,18671,0,735,0
12.297919034957886,116880,3338728,3341672,3341202,18671,0,734,0
12.313097953796387,116880,3302992,3305832,3305466,18671,0,733,0
12.328241109848022,116880,3267116,3269992,3269590,18671,0,732,0
12.34349513053894,116880,3231492,3234408,3233966,18671,0,732,0
12.358665943145752,116880,3195608,3198568,3198082,18671,0,731,0
12.37387204170227,116880,3159660,3162472,3162134,18671,0,730,0
12.38910698890686,116880,3123616,3126504,3126090,18671,0,730,0
12.404240131378174,116880,3087724,3090664,3090198,18671,0,729,0
12.419589042663574,116880,3044856,3047784,3047330,18671,0,728,0
12.437854051589966,116880,3008356,3011304,3010830,18671,0,727,0
12.453290939331055,116880,2971884,2974824,2974358,18671,0,726,0
12.468656063079834,116880,2935624,2938600,2938098,18671,0,726,0
12.48406195640564,116880,2899416,2902376,2901890,18671,0,725,0
12.499457120895386,116880,2862920,2865896,2865394,18671,0,724,0
12.514874935150146,116880,2826636,2829544,2829110,18671,0,724,0
12.530241966247559,116880,2789844,2792808,2792318,18671,0,723,0
12.545890092849731,116880,2753272,2756200,2755746,18671,0,722,0
12.561360120773315,116880,2716824,2719848,2719298,18671,0,722,0
12.576935052871704,116880,2679752,2682728,2682226,18671,0,720,0
12.59245491027832,116880,2642960,2645992,2645434,18671,0,720,0
12.608030080795288,116880,2606344,2609384,2608818,18671,0,719,0
12.62360405921936,116880,2569260,2572264,2571734,18671,0,718,0
12.639336109161377,116880,2532376,2535400,2534850,18671,0,718,0
12.654917001724243,116880,2495608,2498664,2498082,18671,0,717,0
12.670444965362549,116880,2458748,2461672,2461222,18671,0,716,0
12.685985088348389,116880,2421620,2424680,2424094,18671,0,716,0
12.701525926589966,116880,2384716,2387688,2387190,18671,0,714,0
12.7171790599823,116880,2347428,2350440,2349902,18671,0,714,0
12.732923030853271,116880,2310116,2313064,2312590,18671,0,713,0
12.748839139938354,116880,2272904,2275944,2275378,18671,0,712,0
12.764596939086914,116880,2235896,2238952,2238370,18671,0,712,0
12.780200958251953,116880,2228232,2233064,2230706,18671,0,712,0
12.796195983886719,116880,2228232,2233064,2230706,18671,0,712,0
12.81170392036438,116880,2228232,2233064,2230706,18671,0,712,0
12.826740026473999,116880,2228232,2233064,2230706,18671,0,712,0
12.84210205078125,116880,2228232,2233064,2230706,18671,0,712,0
12.8577561378479,116880,2228232,2233064,2230706,18671,0,712,0
12.873718023300171,116880,2228232,2233064,2230706,18671,0,712,0
12.889248132705688,116880,2228232,2233064,2230706,18671,0,712,0
12.904556035995483,116880,2228232,2233064,2230706,18671,0,712,0
12.91965103149414,116880,2228232,2233064,2230706,18671,0,712,0
12.934644937515259,116880,2228232,2233064,2230706,18671,0,712,0
12.949697971343994,116880,2228232,2233064,2230706,18671,0,712,0
12.965100049972534,116880,2228232,2233064,2230706,18671,0,712,0
12.980463027954102,116880,2228232,2233064,2230706,18671,0,712,0
12.996134042739868,116880,2228232,2233064,2230706,18671,0,712,0
13.01186203956604,116880,2228232,2233064,2230706,18671,0,712,0
13.0276939868927,116880,2228232,2233064,2230706,18671,0,712,0
13.04281210899353,116880,2228232,2233064,2230706,18671,0,712,0
13.058475017547607,116880,2228232,2233064,2230706,18671,0,712,0
13.073698997497559,116880,2228232,2233064,2230706,18671,0,712,0
13.089054107666016,116880,2228232,2233064,2230706,18671,0,712,0
13.104481935501099,116880,2228232,2233064,2230706,18671,0,712,0
13.119677066802979,116880,2228232,2233064,2230706,18671,0,712,0
13.135079145431519,116880,2228232,2233064,2230706,18671,0,712,0
13.150224924087524,116880,2228232,2233064,2230706,18671,0,712,0
13.165432929992676,116880,2228232,2233064,2230706,18671,0,712,0
13.180630922317505,116880,2228232,2233064,2230706,18671,0,712,0
13.195711135864258,116880,2228232,2233064,2230706,18671,0,712,0
13.211596012115479,116880,2228232,2233064,2230706,18671,0,712,0
13.226655960083008,116880,2228232,2233064,2230706,18671,0,712,0
13.241692066192627,116880,2228232,2233064,2230706,18671,0,712,0
13.25679612159729,116880,2228232,2233064,2230706,18671,0,712,0
13.272161960601807,116880,2228232,2233064,2230706,18671,0,712,0
13.287601947784424,116880,2228232,2233064,2230706,18671,0,712,0
13.30275011062622,116880,2228232,2233064,2230706,18671,0,712,0
13.31815791130066,116880,2228232,2233064,2230706,18671,0,712,0
13.333565950393677,116880,2228232,2233064,2230706,18671,0,712,0
13.348740100860596,116880,2228232,2233064,2230706,18671,0,712,0
13.36417007446289,116880,2228232,2233064,2230706,18671,0,712,0
13.379524946212769,116880,2228232,2233064,2230706,18671,0,712,0
13.394901990890503,116880,2228232,2233064,2230706,18671,0,712,0
13.410778045654297,116880,2228232,2233064,2230706,18671,0,712,0
13.426651000976562,116880,2228232,2233064,2230706,18671,0,712,0
13.442162036895752,116880,2228232,2233064,2230706,18671,0,712,0
13.457468032836914,116880,2228232,2233064,2230706,18671,0,712,0
13.472666025161743,116880,2228232,2233064,2230706,18671,0,712,0
13.488023042678833,116880,2228232,2233064,2230706,18671,0,712,0
13.503561973571777,116880,2228232,2233064,2230706,18671,0,712,0
13.519253015518188,116880,2228232,2233064,2230706,18671,0,712,0
13.534802913665771,116880,2228232,2233064,2230706,18671,0,712,0
13.550660133361816,116880,2228232,2233064,2230706,18671,0,712,0
13.566232919692993,116880,2228232,2233064,2230706,18671,0,712,0
13.58154296875,116880,2228232,2233064,2230706,18671,0,712,0
13.596652030944824,116880,2228232,2233064,2230706,18671,0,712,0
13.611802101135254,116880,2228232,2233064,2230706,18671,0,712,0
13.627517938613892,116880,2228232,2233064,2230706,18671,0,712,0
13.642821073532104,116880,2228232,2233064,2230706,18671,0,712,0
13.658441066741943,116880,2228232,2233064,2230706,18671,0,712,0
13.674230098724365,116880,2228232,2233064,2230706,18671,0,712,0
13.689640998840332,116880,2228232,2233064,2230706,18671,0,712,0
13.705472946166992,116880,2228232,2233064,2230706,18671,0,712,0
13.721187114715576,116880,2228232,2233064,2230706,18671,0,712,0
13.736731052398682,116880,2228232,2233064,2230706,18671,0,712,0
13.752232074737549,116880,2228232,2233064,2230706,18671,0,712,0
13.768127918243408,116880,2228232,2233064,2230706,18671,0,712,0
13.784101009368896,116880,2228232,2233064,2230706,18671,0,712,0
13.799690008163452,116880,2228232,2233064,2230706,18671,0,712,0
13.815117120742798,116880,2228232,2233064,2230706,18671,0,712,0
13.830694913864136,116880,2228232,2233064,2230706,18671,0,712,0
13.846315145492554,116880,2228232,2233064,2230706,18671,0,712,0
13.861732006072998,116880,2228232,2233064,2230706,18671,0,712,0
13.87742304801941,116880,2228232,2233064,2230706,18671,0,712,0
13.892828941345215,116880,2228232,2233064,2230706,18671,0,712,0
13.908190965652466,116880,2228232,2233064,2230706,18671,0,712,0
13.923525094985962,116880,2228232,2233064,2230706,18671,0,712,0
13.938693046569824,116880,2228232,2233064,2230706,18671,0,712,0
13.954088926315308,116880,2228232,2233064,2230706,18671,0,712,0
13.96958613395691,116880,2228232,2233064,2230706,18671,0,712,0
13.984750032424927,116880,2228232,2233064,2230706,18671,0,712,0
14.000028133392334,116880,2228232,2233064,2230706,18671,0,712,0
14.015393018722534,116880,2228232,2233064,2230706,18671,0,712,0
14.030627012252808,116880,2228232,2233064,2230706,18671,0,712,0
14.04601502418518,116880,2228232,2233064,2230706,18671,0,712,0
14.061300039291382,116880,2228232,2233064,2230706,18671,0,712,0
14.076658010482788,116880,2228232,2233064,2230706,18671,0,712,0
14.092178106307983,116880,2228232,2233064,2230706,18671,0,712,0
14.107684135437012,116880,2228232,2233064,2230706,18671,0,712,0
14.123011112213135,116880,2228232,2233064,2230706,18671,0,712,0
14.138345956802368,116880,2228232,2233064,2230706,18671,0,712,0
14.153702020645142,116880,2228232,2233064,2230706,18671,0,712,0
14.169601917266846,116880,2228232,2233064,2230706,18671,0,712,0
14.185279130935669,116880,2228232,2233064,2230706,18671,0,712,0
14.201024055480957,116880,2228232,2233064,2230706,18671,0,712,0
14.216694116592407,116880,2228232,2233064,2230706,18671,0,712,0
14.232173919677734,116880,2228232,2233064,2230706,18671,0,712,0
14.248321056365967,116880,2228232,2233064,2230706,18671,0,712,0
14.263836145401001,116880,2228232,2233064,2230706,18671,0,712,0
14.279654026031494,116880,2228232,2233064,2230706,18671,0,712,0
14.294809103012085,116880,2228232,2233064,2230706,18671,0,712,0
14.310007095336914,116880,2228232,2233064,2230706,18671,0,712,0
14.325412034988403,116880,2228232,2233064,2230706,18671,0,712,0
14.341180086135864,116880,2228232,2233064,2230706,18671,0,712,0
14.356506109237671,116880,2228232,2233064,2230706,18671,0,712,0
14.372035026550293,116880,2228232,2233064,2230706,18671,0,712,0
14.387681007385254,116880,2228232,2233064,2230706,18671,0,712,0
14.403162002563477,116880,2228232,2233064,2230706,18671,0,712,0
14.41823410987854,116880,2228232,2233064,2230706,18671,0,712,0
14.433465003967285,116880,2228232,2233064,2230706,18671,0,712,0
14.448684930801392,116880,2228232,2233064,2230706,18671,0,712,0
14.464134931564331,116880,2228232,2233064,2230706,18671,0,712,0
14.479532957077026,116880,2228232,2233064,2230706,18671,0,712,0
14.494712114334106,116880,2228232,2233064,2230706,18671,0,712,0
14.510088920593262,116880,2228232,2233064,2230706,18671,0,712,0
14.525589942932129,116880,2228232,2233064,2230706,18671,0,712,0
14.540641069412231,116880,2228232,2233064,2230706,18671,0,712,0
14.55565595626831,116880,2228232,2233064,2230706,18671,0,712,0
14.571099996566772,116880,2228232,2233064,2230706,18671,0,712,0
14.586735963821411,116880,2228232,2233064,2230706,18671,0,712,0
14.602528095245361,116880,2228232,2233064,2230706,18671,0,712,0
14.61815595626831,116880,2228232,2233064,2230706,18671,0,712,0
14.634076118469238,116880,2228232,2233064,2230706,18671,0,712,0
14.649744987487793,116880,2228232,2233064,2230706,18671,0,712,0
14.665379047393799,116880,2228232,2233064,2230706,18671,0,712,0
14.68117094039917,116880,2228232,2233064,2230706,18671,0,712,0
14.69679594039917,116880,2228232,2233064,2230706,18671,0,712,0
14.712577104568481,116880,2228232,2233064,2230706,18671,0,712,0
14.727976083755493,116880,2228232,2233064,2230706,18671,0,712,0
14.74372410774231,116880,2228232,2233064,2230706,18671,0,712,0
14.759429931640625,116880,2228232,2233064,2230706,18671,0,712,0
14.775213956832886,116880,2228232,2233064,2230706,18671,0,712,0
14.791046142578125,116880,2220192,2223208,2222666,18672,0,711,0
14.807034969329834,116880,2182476,2185448,2184950,18672,0,710,0
14.82293701171875,116880,2145076,2148200,2147550,18672,0,710,0
14.838715076446533,116880,2107488,2110440,2109962,18672,0,709,0
14.85476303100586,116880,2070208,2073192,2072682,18672,0,708,0
14.870643138885498,116880,2032464,2035560,2034938,18672,0,708,0
14.886863946914673,116880,1994876,1997928,1997350,18672,0,707,0
14.902951002120972,116880,1956944,1960040,1959418,18672,0,706,0
14.918893098831177,116880,1919356,1922408,1921830,18672,0,705,0
14.934847116470337,116880,1882044,1885032,1884518,18672,0,704,0
14.95067811012268,116880,1844748,1847784,1847222,18672,0,704,0
14.966567039489746,116880,1807120,1810152,1809594,18672,0,703,0
14.982476949691772,116880,1769376,1772392,1771850,18672,0,702,0
14.998584985733032,116880,1731596,1734632,1734070,18672,0,702,0
15.01460313796997,116880,1693716,1696744,1696190,18672,0,700,0
15.03060007095337,116880,1655936,1658984,1658410,18672,0,700,0
15.046667098999023,116880,1618136,1621224,1620610,18672,0,699,0
15.062679052352905,116880,1580556,1583720,1583030,18672,0,698,0
15.078963994979858,116880,1542308,1545448,1544782,18672,0,698,0
15.095225095748901,116880,1504448,1507560,1506922,18672,0,697,0
15.111232995986938,116880,1466316,1469416,1468790,18672,0,696,0
15.127413034439087,116880,1427988,1431144,1430462,18672,0,695,0
15.143578052520752,116880,1389996,1393128,1392470,18672,0,694,0
15.159656047821045,116880,1351856,1354984,1354330,18672,0,694,0
15.17580509185791,116880,1313768,1316968,1316242,18672,0,693,0
15.191865921020508,116880,1275528,1278696,1278002,18672,0,692,0
15.20807409286499,116880,1237144,1240296,1239618,18672,0,692,0
15.224401950836182,116880,1198808,1202024,1201282,18672,0,690,0
15.240575075149536,116880,1160308,1163496,1162782,18672,0,690,0
15.256824970245361,116880,1121912,1125096,1124386,18672,0,689,0
15.273292064666748,116880,1083516,1086696,1085990,18672,0,688,0
15.29003095626831,116880,1044668,1047784,1047142,18672,0,688,0
15.306584119796753,116880,1006188,1009384,1008662,18672,0,686,0
15.322910070419312,116880,967592,970728,970066,18672,0,686,0
15.339388132095337,116880,929024,932200,931498,18672,0,685,0
15.356158018112183,116880,890060,893288,892534,18672,0,684,0
15.372689008712769,116880,851472,854632,853946,18672,0,684,0
15.389245986938477,116880,812516,815720,814990,18672,0,683,0
15.405570983886719,116880,773724,776936,776198,18672,0,682,0
15.4217369556427,116880,734868,738152,737342,18672,0,681,0
15.437972068786621,116880,695896,699112,698370,18672,0,680,0
15.45417308807373,116880,656768,659944,659242,18672,0,680,0
15.47052812576294,116880,617640,620904,620114,18672,0,679,0
15.486822128295898,116880,578608,581736,581082,18672,0,678,0
15.503185987472534,116880,539144,542440,541618,18672,0,677,0
15.519572019577026,116880,499964,503272,502438,18672,0,676,0
15.535876035690308,116880,460588,463848,463062,18672,0,676,0
15.552369117736816,116880,421256,424552,423730,18672,0,675,0
15.568716049194336,116880,382040,385256,384514,18672,0,674,0
15.585076093673706,116880,342808,346088,345282,18672,0,673,0
15.601470947265625,116880,303204,306408,305678,18672,0,672,0
15.618251085281372,116880,263748,266984,266222,18672,0,672,0
15.634804964065552,116880,224316,227560,226790,18672,0,671,0
15.651237964630127,116880,184764,188008,187238,18672,0,670,0
15.66797399520874,116880,145268,148584,147742,18672,0,669,0
15.684554100036621,116880,133192,138088,135666,18672,0,669,0
15.701492071151733,116880,133192,138088,135666,18672,0,669,0
15.71849513053894,116880,133192,138088,135666,18672,0,669,0
15.73517107963562,116880,133192,138088,135666,18672,0,669,0
15.751748085021973,116880,133192,138088,135666,18672,0,669,0
15.768590927124023,116880,133192,138088,135666,18672,0,669,0
15.78541898727417,116880,133192,138088,135666,18672,0,669,0
15.802181959152222,116880,133192,138088,135666,18672,0,669,0
15.819118022918701,116880,133192,138088,135666,18672,0,669,0
15.836005926132202,116880,133192,138088,135666,18672,0,669,0
15.852705001831055,116880,133192,138088,135666,18672,0,669,0
15.869436979293823,116880,133192,138088,135666,18672,0,669,0
15.886096954345703,116880,133192,138088,135666,18672,0,669,0
15.902915954589844,116880,133192,138088,135666,18672,0,669,0
15.919871091842651,116880,133192,138088,135666,18672,0,669,0
15.93681001663208,116880,133192,138088,135666,18672,0,669,0
15.95361614227295,116880,133192,138088,135666,18672,0,669,0
15.97045612335205,116880,133192,138088,135666,18672,0,669,0
15.987223148345947,116880,133192,138088,135666,18672,0,669,0
16.004014015197754,116880,133192,138088,135666,18672,0,669,0
16.020868062973022,116880,133192,138088,135666,18672,0,669,0
16.037657022476196,116880,133192,138088,135666,18672,0,669,0
16.054394006729126,116880,133192,138088,135666,18672,0,669,0
16.07110595703125,116880,133192,138088,135666,18672,0,669,0
16.087882041931152,116880,133192,138088,135666,18672,0,669,0
16.104618072509766,116880,133192,138088,135666,18672,0,669,0
16.121873140335083,116880,133192,138088,135666,18672,0,669,0
16.13858413696289,116880,133192,138088,135666,18672,0,669,0
16.155327081680298,116880,133200,138088,135674,18674,0,669,0
16.17209506034851,116880,138024,143720,140498,19678,0,669,0
16.189100980758667,116880,146336,152040,148810,21747,0,669,0
16.206408977508545,116880,154680,160360,157154,23811,0,670,0
16.2236909866333,116880,163048,168680,165522,25902,0,670,0
16.24110507965088,116880,171456,177128,173930,27992,0,670,0
16.258650064468384,116880,179944,185576,182418,30108,0,670,0
16.276204109191895,116880,188460,194024,190934,32219,0,670,0
16.29385995864868,116880,196992,202600,199466,34344,0,670,0
16.311713933944702,116880,206812,212456,209286,36783,0,670,0
16.332703113555908,116880,215468,221160,217942,38937,0,670,0
16.35070514678955,116880,224168,229864,226642,41101,0,671,0
16.368967056274414,116880,232836,238440,235310,43258,0,671,0
16.387108087539673,116880,241524,247144,243998,45419,0,671,0
16.40543007850647,116880,250368,255976,252842,47616,0,672,0
16.42371392250061,116880,259280,264936,261754,49833,0,672,0
16.44222903251648,116880,268156,273768,270630,52040,0,672,0
16.46069312095642,116880,277096,282600,279570,54260,0,672,0
16.479351043701172,116880,286072,291688,288546,56508,0,672,0
16.498013019561768,116880,295212,300776,297686,58779,0,672,0
16.516690969467163,116880,304380,309992,306854,61045,0,672,0
16.53586196899414,116880,313668,319336,316142,63346,0,672,0
16.55477809906006,116880,322916,328552,325390,65658,0,673,0
16.573737144470215,116880,332336,337896,334810,67999,0,673,0
16.593003034591675,116880,341540,347112,344014,70286,0,673,0
16.612144947052002,116880,350932,356584,353406,72630,0,674,0
16.631700038909912,116880,360460,366056,362934,74998,0,674,0
16.6510910987854,116880,369976,375528,372450,77365,0,674,0
16.670570135116577,116880,379500,385128,381974,79733,0,674,0
16.690074920654297,116880,389136,394728,391610,82131,0,674,0
16.7097270488739,116880,398800,404328,401274,84543,0,674,0
16.7296359539032,116880,408528,414184,411002,86957,0,674,0
16.749962091445923,116880,418272,423912,420746,89375,0,675,0
16.76986002922058,116880,428100,433640,430574,91821,0,675,0
16.790040969848633,116880,437924,443496,440398,94267,0,675,0
16.809749126434326,116880,447704,453352,450178,96709,0,676,0
16.829750061035156,116880,457648,463208,460122,99182,0,676,0
16.849684953689575,116880,467620,473192,470094,101650,0,676,0
16.869691133499146,116880,477648,483176,480122,104147,0,676,0
16.889923095703125,116880,487696,493288,490170,106654,0,676,0
16.910210132598877,116880,497864,503400,500338,109177,0,676,0
16.931057929992676,116880,508164,513768,510638,111733,0,676,0
16.95219612121582,116880,518444,524008,520918,114290,0,677,0
16.973459005355835,116880,528684,534248,531158,116855,0,677,0
16.994553089141846,116880,539040,544616,541514,119417,0,677,0
17.01569414138794,116880,549300,554856,551774,121966,0,678,0
17.037135124206543,116880,559808,565352,562282,124576,0,678,0
17.0586040019989,116880,570260,575848,572734,127186,0,678,0
17.080054998397827,116880,580820,586344,583294,129811,0,678,0
17.101650953292847,116880,591464,596968,593938,132449,0,678,0
17.123462915420532,116880,602104,607592,604578,135109,0,678,0
17.14544105529785,116880,612892,618472,615366,137765,0,679,0
17.167593955993652,116880,623668,629224,626142,140462,0,679,0
17.18957805633545,116880,634444,639976,636918,143154,0,679,0
17.21166706085205,116880,645204,649960,647678,145849,0,680,0
17.233901977539062,116880,654032,659560,656506,148009,0,680,0
17.256242990493774,116880,664988,670568,667462,150756,0,680,0
17.278768062591553,116880,675984,681576,678458,153483,0,680,0
17.30151104927063,116880,687076,692584,689550,156226,0,680,0
17.32410502433777,116880,698152,703720,700626,158993,0,680,0
17.346923112869263,116880,709372,714856,711846,161770,0,681,0
17.369796991348267,116880,720648,726120,723122,164577,0,681,0
17.39278793334961,116880,731900,737384,734374,167389,0,681,0
17.415975093841553,116880,743216,748776,745690,170200,0,682,0
17.43911910057068,116880,754444,759912,756918,173010,0,682,0
17.462584018707275,116880,765928,771432,768402,175836,0,682,0
17.485960960388184,116880,777396,782824,779870,178712,0,682,0
17.509467124938965,116880,788920,794472,791394,181574,0,682,0
17.5332510471344,116880,800488,805992,802962,184448,0,682,0
17.556918144226074,116880,812164,817640,814638,187345,0,683,0
17.581336975097656,116880,823900,829416,826374,190261,0,683,0
17.605523109436035,116880,835644,841192,838118,193195,0,683,0
17.629750967025757,116880,847472,852968,849946,196122,0,684,0
17.65414595603943,116880,859208,864744,861682,199072,0,684,0
17.67851710319519,116880,871172,876648,873646,202015,0,684,0
17.702988147735596,116880,883072,888552,885546,205013,0,684,0
17.72734308242798,116880,895176,900712,897650,208009,0,684,0
17.7520649433136,116880,907216,912744,909690,211029,0,685,0
17.776721954345703,116880,919508,925032,921982,214048,0,685,0
17.80188012123108,116880,931672,937192,934146,217102,0,685,0
17.826719045639038,116880,943960,949480,946434,220148,0,686,0
17.851715087890625,116880,956140,961640,958614,223217,0,686,0
17.876991033554077,116880,968536,974056,971010,226265,0,686,0
17.90222191810608,116880,980972,986472,983446,229368,0,686,0
17.929136991500854,116880,993892,999400,996366,232604,0,686,0
17.95441508293152,116880,1006268,1011688,1008742,235689,0,687,0
17.97971510887146,116880,1018932,1024360,1021406,238776,0,687,0
18.00548791885376,116880,1031448,1036904,1033922,241954,0,687,0
18.03091597557068,116880,1044000,1049448,1046474,245081,0,688,0
18.056464910507202,116880,1056496,1061864,1058970,248222,0,688,0
18.08237099647522,116880,1069204,1074664,1071678,251356,0,688,0
18.10806393623352,116880,1082124,1087592,1084598,254533,0,688,0
18.13438892364502,116880,1094888,1100264,1097362,257753,0,688,0
18.160107135772705,116880,1107732,1113192,1110206,260940,0,689,0
18.185909032821655,116880,1120652,1126120,1123126,264139,0,689,0
18.212391138076782,116880,1133484,1138920,1135958,267369,0,689,0
18.23869299888611,116880,1147860,1153256,1150334,270580,0,690,0
18.26838207244873,116880,1158820,1164264,1161294,274190,0,690,0
18.295159101486206,116880,1171956,1177320,1174430,276908,0,690,0
18.321959018707275,116880,1185120,1190504,1187594,280199,0,690,0
18.34884810447693,116880,1198268,1203688,1200742,283482,0,690,0
18.37584614753723,116880,1211548,1217000,1214022,286763,0,691,0
18.403289079666138,116880,1224984,1230312,1227458,290110,0,691,0
18.43077301979065,116880,1238348,1243752,1240822,293443,0,692,0
18.45807409286499,116880,1251732,1257064,1254206,296795,0,692,0
18.48539710044861,116880,1264956,1270376,1267430,300138,0,692,0
18.512290000915527,116880,1278356,1283688,1280830,303438,0,692,0
18.539499044418335,116880,1291808,1297128,1294282,306799,0,692,0
18.566988945007324,116880,1305568,1310952,1308042,310177,0,693,0
18.59506392478943,116880,1319328,1324648,1321802,313590,0,693,0
18.623636960983276,116880,1333160,1338472,1335634,317038,0,693,0
18.651736974716187,116880,1347016,1352424,1349490,320489,0,694,0
18.680155992507935,116880,1360684,1365992,1363158,323945,0,694,0
18.708035945892334,116880,1374524,1379816,1376998,327323,0,694,0
18.736520051956177,116880,1388344,1393640,1390818,330823,0,694,0
18.764682054519653,116880,1402392,1407720,1404866,334279,0,695,0
18.7934410572052,116880,1416328,1421672,1418802,337796,0,695,0
18.82213306427002,116880,1430628,1435880,1433102,341281,0,695,0
18.851298093795776,116880,1444964,1450344,1447438,344865,0,696,0
18.880548000335693,116880,1459276,1464552,1461750,348437,0,696,0
18.909719944000244,116880,1473272,1478632,1475746,351979,0,696,0
18.938503980636597,116880,1487608,1492968,1490082,355494,0,696,0
18.967790126800537,116880,1502052,1507432,1504526,359087,0,697,0
18.99730896949768,116880,1516384,1521640,1518858,362702,0,697,0
19.026227951049805,116880,1530868,1536232,1533342,366286,0,698,0
19.05534601211548,116880,1545260,1550568,1547734,369898,0,698,0
19.084195137023926,116880,1559784,1565032,1562258,373501,0,698,0
19.113373041152954,116880,1574252,1579496,1576726,377111,0,698,0
19.142673015594482,116880,1589124,1594472,1591598,380761,0,698,0
19.17304801940918,116880,1603988,1609320,1606462,384462,0,699,0
19.203547954559326,116880,1618992,1625192,1621466,388182,0,699,0
19.23714804649353,116880,1635012,1640296,1637486,392238,0,700,0
19.26737093925476,116880,1650012,1655272,1652486,395942,0,700,0
19.297933101654053,116880,1664864,1670120,1667338,399681,0,700,0
19.328237056732178,116880,1677876,1683176,1680350,402868,0,700,0
19.35914897918701,116880,1693044,1698280,1695518,406642,0,700,0
19.39021611213684,116880,1708024,1713256,1710498,410445,0,701,0
19.420828104019165,116880,1723160,1728360,1725634,414182,0,701,0
19.452116012573242,116880,1738516,1743720,1740990,417972,0,702,0
19.483511924743652,116880,1753928,1759208,1756402,421803,0,702,0
19.51506805419922,116880,1769200,1774440,1771674,425674,0,702,0
19.545660972595215,116880,1784620,1789928,1787094,429455,0,702,0
19.577351093292236,116880,1800008,1805288,1802482,433342,0,703,0
19.608345985412598,116880,1815632,1820904,1818106,437168,0,703,0
19.639956951141357,116880,1831192,1836392,1833666,441077,0,704,0
19.6716251373291,116880,1846660,1851880,1849134,444973,0,704,0
19.702626943588257,116880,1862200,1867368,1864674,448840,0,704,0
19.733706951141357,116880,1877900,1883112,1880374,452712,0,704,0
19.765953063964844,116880,1893504,1898728,1895978,456636,0,705,0
19.797316074371338,116880,1909180,1914344,1911654,460549,0,705,0
19.82865810394287,116880,1924928,1930088,1927402,464471,0,705,0
19.860244035720825,116880,1940800,1945960,1943274,468398,0,706,0
19.89212203025818,116880,1956632,1961832,1959106,472361,0,706,0
19.923774003982544,116880,1972576,1977832,1975050,476333,0,706,0
19.95565891265869,116880,1988408,1993576,1990882,480284,0,706,0
19.987590074539185,116880,2004340,2009576,2006814,484260,0,707,0
20.019525051116943,116880,2020416,2025576,2022890,488268,0,707,0
20.05173397064209,116880,2036592,2041832,2039066,492272,0,708,0
20.08410906791687,116880,2052788,2057960,2055262,496318,0,708,0
20.116590976715088,116880,2068968,2074088,2071442,500365,0,708,0
20.14899706840515,116880,2085148,2090344,2087622,504402,0,708,0
20.181631088256836,116880,2101668,2106856,2104142,508443,0,709,0
20.215054988861084,116880,2118012,2123112,2120486,512563,0,709,0
20.247697114944458,116880,2134380,2139496,2136854,516642,0,710,0
20.2806339263916,116880,2150924,2156008,2153398,520764,0,710,0
20.313700914382935,116880,2167464,2172648,2169938,524887,0,710,0
20.346755027770996,116880,2181920,2187112,2184394,529034,0,710,0
20.380697011947632,116880,2198396,2203496,2200870,532625,0,711,0
20.414375066757202,116880,2215360,2220520,2217834,536745,0,711,0
20.449023008346558,116880,2230256,2235112,2232730,541005,0,712,0
20.484380960464478,116880,2230296,2235112,2232770,542948,0,712,0
20.518206119537354,116880,2230296,2235112,2232770,542948,0,712,0
20.55181097984314,116880,2230296,2235112,2232770,542948,0,712,0
20.585533142089844,116880,2230296,2235112,2232770,542948,0,712,0
20.618430137634277,116880,2230296,2235112,2232770,542948,0,712,0
20.651201009750366,116880,2230296,2235112,2232770,542948,0,712,0
20.68376612663269,116880,2230296,2235112,2232770,542948,0,712,0
20.716808080673218,116880,2230296,2235112,2232770,542948,0,712,0
20.750749111175537,116880,2230296,2235112,2232770,542948,0,712,0
20.784563064575195,116880,2230296,2235112,2232770,542948,0,712,0
20.818432092666626,116880,2230296,2235112,2232770,542948,0,712,0
20.851880073547363,116880,2230296,2235112,2232770,542948,0,712,0
20.885574102401733,116880,2230296,2235112,2232770,542948,0,712,0
20.91945195198059,116880,2230296,2235112,2232770,542948,0,712,0
20.953408002853394,116880,2230296,2235112,2232770,542948,0,712,0
20.987162113189697,116880,2230296,2235112,2232770,542948,0,712,0
21.020751953125,116880,2230296,2235112,2232770,542948,0,712,0
21.05466103553772,116880,2230296,2235112,2232770,542948,0,712,0
21.08821392059326,116880,2230296,2235112,2232770,542948,0,712,0
21.121767044067383,116880,2230296,2235112,2232770,542948,0,712,0
21.15565800666809,116880,2230296,2235112,2232770,542948,0,712,0
21.19213604927063,116880,2230296,2235112,2232770,542948,0,712,0
21.22567892074585,116880,2230296,2235112,2232770,542948,0,712,0
21.259457111358643,116880,2230296,2235112,2232770,542948,0,712,0
21.293061017990112,116880,2230296,2235112,2232770,542948,0,712,0
21.326770067214966,116880,2230296,2235112,2232770,542948,0,712,0
21.35978102684021,116880,2230296,2235112,2232770,542948,0,712,0
21.392504930496216,116880,2230296,2235112,2232770,542948,0,712,0
21.425146102905273,116880,2230296,2235112,2232770,542948,0,712,0
21.457767963409424,116880,2230296,2235112,2232770,542948,0,712,0
21.491519927978516,116880,2230296,2235112,2232770,542948,0,712,0
21.525334119796753,116880,2230296,2235112,2232770,542948,0,712,0
21.558499097824097,116880,2230296,2235112,2232770,542948,0,712,0
21.591838121414185,116880,2230296,2235112,2232770,542948,0,712,0
21.62539291381836,116880,2230296,2235112,2232770,542948,0,712,0
21.658003091812134,116880,2230296,2235112,2232770,542948,0,712,0
21.690650939941406,116880,2230296,2235112,2232770,542948,0,712,0
21.72466206550598,116880,2230296,2235112,2232770,542948,0,712,0
21.757792949676514,116880,2230296,2235112,2232770,542948,0,712,0
21.791477918624878,116880,2230296,2235112,2232770,542948,0,712,0
21.824902057647705,116880,2230296,2235112,2232770,542948,0,712,0
21.8588809967041,116880,2230296,2235112,2232770,542948,0,712,0
21.89264702796936,116880,2230296,2235112,2232770,542948,0,712,0
21.926176071166992,116880,2230296,2235112,2232770,542948,0,712,0
21.960340976715088,116880,2230296,2235112,2232770,542948,0,712,0
21.99442410469055,116880,2230296,2235112,2232770,542948,0,712,0
22.027393102645874,116880,2230296,2235112,2232770,542948,0,712,0
22.06031107902527,116880,2230296,2235112,2232770,542948,0,712,0
22.094141006469727,116880,2230296,2235112,2232770,542948,0,712,0
22.12778401374817,116880,2230296,2235112,2232770,542948,0,712,0
22.162809133529663,116880,2230296,2235112,2232770,542948,0,712,0
22.19690704345703,116880,2230296,2235112,2232770,542948,0,712,0
22.23118305206299,116880,2230296,2235112,2232770,542948,0,712,0
22.26535391807556,116880,2230296,2235112,2232770,542948,0,712,0
22.298749923706055,116880,2230296,2235112,2232770,542948,0,712,0
22.332427978515625,116880,2230296,2235112,2232770,542948,0,712,0
22.366333961486816,116880,2230296,2235112,2232770,542948,0,712,0
22.400105953216553,116880,2230296,2235112,2232770,542948,0,712,0
22.43379497528076,116880,2230296,2235112,2232770,542948,0,712,0
22.467689037322998,116880,2230296,2216168,2232770,542948,0,711,0
22.501747131347656,116880,2182836,2154984,2185310,542948,0,710,0
22.534985065460205,116880,2122696,2096104,2125170,542948,0,709,0
22.56770610809326,116880,2063168,2035816,2065642,542948,0,708,0
22.60066509246826,116880,2002736,1977064,2005210,542948,0,706,0
22.63239812850952,116880,1943896,1918952,1946370,542948,0,705,0
22.66389298439026,116880,1885484,1861736,1887958,542948,0,704,0
22.69493794441223,116880,1828236,1805544,1830710,542948,0,703,0
22.725322008132935,116880,1772136,1750376,1774610,542948,0,702,0
22.755221128463745,116880,1716932,1695720,1719406,542948,0,700,0
22.78488802909851,116880,1662340,1643624,1664814,542948,0,700,0
22.813005924224854,116880,1609924,1592168,1612398,542948,0,698,0
22.840341091156006,116880,1558684,1541608,1561158,542948,0,698,0
22.86728811264038,116880,1508180,1492328,1510654,542948,0,696,0
22.893646001815796,116880,1458104,1443048,1460578,542948,0,696,0
22.919647932052612,116880,1408976,1394536,1411450,542948,0,694,0
22.945281982421875,116880,1360640,1347048,1363114,542948,0,694,0
22.970601081848145,116880,1312580,1299304,1315054,542948,0,692,0
22.995646953582764,116880,1265440,1253096,1267914,542948,0,692,0
23.020107984542847,116880,1219156,1207528,1221630,542948,0,691,0
23.044333934783936,116880,1173104,1162216,1175578,542948,0,690,0
23.06820511817932,116880,1127824,1117672,1130298,542948,0,689,0
23.091715097427368,116880,1083572,1074152,1086046,542948,0,688,0
23.114718914031982,116880,1036380,1027304,1038854,542948,0,687,0
23.139562129974365,116880,993040,984936,995514,542948,0,686,0
23.16195511817932,116880,950492,942952,952966,542948,0,685,0
23.184535026550293,116880,908564,901480,911038,542948,0,684,0
23.206578016281128,116880,867036,860648,869510,542948,0,684,0
23.22809410095215,116880,826496,820712,828970,542948,0,683,0
23.24921202659607,116880,786480,781416,788954,542948,0,682,0
23.270097017288208,116880,746736,742120,749210,542948,0,681,0
23.29088306427002,116880,707644,703464,710118,542948,0,680,0
23.311229944229126,116880,668544,664936,671018,542948,0,680,0
23.331373929977417,116880,630296,626792,632770,542948,0,679,0
23.351727962493896,116880,592632,589800,595106,542948,0,678,0
23.371665954589844,116880,555024,552936,557498,542948,0,678,0
23.39115810394287,116880,518084,516456,520558,542948,0,676,0
23.41059899330139,116880,481252,480360,483726,542948,0,676,0
23.42972493171692,116880,445584,444904,448058,542948,0,675,0
23.448816061019897,116880,409848,409576,412322,542948,0,674,0
23.467591047286987,116880,374856,374888,377330,542948,0,674,0
23.486057996749878,116880,339936,340712,342410,542948,0,673,0
23.504503965377808,116880,305580,306792,308054,542948,0,672,0
23.52254295349121,116880,271852,273512,274326,542948,0,672,0
23.540478944778442,116880,238552,240616,241026,542948,0,671,0
23.55808711051941,116880,205764,208360,208238,542948,0,670,0
23.575129985809326,116880,173352,176616,175826,542948,0,670,0
23.591933012008667,116880,141520,145000,143994,542948,0,669,0
23.608580112457275,116880,133208,138088,135682,542948,0,669,0
23.625483989715576,116880,133208,138088,135682,542948,0,669,0
23.641648054122925,116880,133208,138088,135682,542948,0,669,0
23.657735109329224,116880,133208,138088,135682,542948,0,669,0
23.673715114593506,116880,133208,138088,135682,542948,0,669,0
23.69011902809143,116880,133208,138088,135682,542948,0,669,0
23.706697940826416,116880,133208,138088,135682,542948,0,669,0
23.722747087478638,116880,133208,138088,135682,542948,0,669,0
23.739139080047607,116880,133208,138088,135682,542948,0,669,0
23.755593061447144,116880,133208,138088,135682,542948,0,669,0
23.771801948547363,116880,133208,138088,135682,542948,0,669,0
23.788186073303223,116880,133208,138088,135682,542948,0,669,0
23.80468511581421,116880,133208,138088,135682,542948,0,669,0
23.82153296470642,116880,133208,138088,135682,542948,0,669,0
23.83775305747986,116880,133208,138088,135682,542948,0,669,0
23.854218006134033,116880,133208,138088,135682,542948,0,669,0
23.870614051818848,116880,133208,138088,135682,542948,0,669,0
23.887037992477417,116880,133208,138088,135682,542948,0,669,0
23.903698921203613,116880,133208,138088,135682,542948,0,669,0
23.920599937438965,116880,133208,138088,135682,542948,0,669,0
23.937600135803223,116880,133208,138088,135682,542948,0,669,0
23.954407930374146,116880,133208,138088,135682,542948,0,669,0
23.971176147460938,116880,133208,138088,135682,542948,0,669,0
23.987653970718384,116880,133208,138088,135682,542948,0,669,0
24.00408697128296,116880,133208,138088,135682,542948,0,669,0
24.020316123962402,116880,133208,138088,135682,542948,0,669,0
24.03646492958069,116880,133208,138088,135682,542948,0,669,0
24.052703142166138,116880,133208,138088,135682,542948,0,669,0
24.068779945373535,116880,133208,138088,135682,542948,0,669,0
24.084736108779907,116880,133208,138088,135682,542948,0,669,0
24.102631092071533,116880,133208,138088,135682,542948,0,669,0
24.11897301673889,116880,133208,138088,135682,542948,0,669,0
24.135690927505493,116880,133208,138088,135682,542948,0,669,0
24.152624130249023,116880,133208,138088,135682,542948,0,669,0
24.169450044631958,116880,133208,138088,135682,542948,0,669,0
24.186249017715454,116880,133208,138088,135682,542948,0,669,0
24.20328402519226,116880,133208,138088,135682,542948,0,669,0
24.21974802017212,116880,133208,138088,135682,542948,0,669,0
24.236396074295044,116880,133208,138088,135682,542948,0,669,0
24.252735137939453,116880,133208,138088,135682,542948,0,669,0
24.269134044647217,116880,133208,138088,135682,542948,0,669,0
24.285538911819458,116880,133208,138088,135682,542948,0,669,0
24.30167508125305,116880,133208,138088,135682,542948,0,669,0
24.31815791130066,116880,133208,138088,135682,542948,0,669,0
24.334636926651,116880,133208,138088,135682,542948,0,669,0
24.351338148117065,116880,133208,138088,135682,542948,0,669,0
24.367664098739624,116880,133208,138088,135682,542948,0,669,0
24.384416103363037,116880,133208,138088,135682,542948,0,669,0
24.401132106781006,116880,133208,138088,135682,542948,0,669,0
24.417699098587036,116880,133208,138088,135682,542948,0,669,0
24.43415403366089,116880,133208,138088,135682,542948,0,669,0
24.450597047805786,116880,133208,138088,135682,542948,0,669,0
24.466642141342163,116880,133208,138088,135682,542948,0,669,0
24.482693910598755,116880,133208,138088,135682,542948,0,669,0
24.49870800971985,116880,133208,138088,135682,542948,0,669,0
24.51517605781555,116880,133208,138088,135682,542948,0,669,0
24.531471014022827,116880,133208,138088,135682,542948,0,669,0
24.548062086105347,116880,133208,138088,135682,542948,0,669,0
24.564629077911377,116880,133208,138088,135682,542948,0,669,0
24.580622911453247,116880,133208,138088,135682,542948,0,669,0
24.596493005752563,116880,133208,138088,135682,542948,0,669,0
24.612390995025635,116880,133208,138088,135682,542948,0,669,0
24.628404140472412,116880,133208,138088,135682,542948,0,669,0
24.6446430683136,116880,133208,138088,135682,542948,0,669,0
24.660643100738525,116880,133208,138088,135682,542948,0,669,0
24.676639080047607,116880,133208,138088,135682,542948,0,669,0
24.6926429271698,116880,133208,138088,135682,542948,0,669,0
24.70853614807129,116880,133208,138088,135682,542948,0,669,0
24.724578142166138,116880,133208,138088,135682,542948,0,669,0
24.740517139434814,116880,133208,138088,135682,542948,0,669,0
24.75639009475708,116880,133208,138088,135682,542948,0,669,0
24.772369146347046,116880,133208,138088,135682,542948,0,669,0
24.788456916809082,116880,133208,138088,135682,542948,0,669,0
24.80446696281433,116880,133208,138088,135682,542948,0,669,0
24.82043194770813,116880,133208,138088,135682,542948,0,669,0
24.83663010597229,116880,133208,138088,135682,542948,0,669,0
24.852651119232178,116880,133208,138088,135682,542948,0,669,0
24.86862802505493,116880,133208,138088,135682,542948,0,669,0
24.884680032730103,116880,133208,138088,135682,542948,0,669,0
24.900668144226074,116880,133208,138088,135682,542948,0,669,0
24.916738033294678,116880,133208,138088,135682,542948,0,669,0
24.93282914161682,116880,133208,138088,135682,542948,0,669,0
24.94906497001648,116880,133208,138088,135682,542948,0,669,0
24.965306043624878,116880,133208,138088,135682,542948,0,669,0
24.98161005973816,116880,133208,138088,135682,542948,0,669,0
24.997693061828613,116880,133208,138088,135682,542948,0,669,0
25.013823986053467,116880,133208,138088,135682,542948,0,669,0
25.030308961868286,116880,133208,138088,135682,542948,0,669,0
25.04673409461975,116880,133208,138088,135682,542948,0,669,0
25.06274914741516,116880,133208,138088,135682,542948,0,669,0
25.080053091049194,116880,133208,138088,135682,542948,0,669,0
25.09696102142334,116880,133208,138088,135682,542948,0,669,0
25.113306999206543,116880,133208,138088,135682,542948,0,669,0
25.129771947860718,116880,133208,138088,135682,542948,0,669,0
25.146245002746582,116880,133208,138088,135682,542948,0,669,0
25.162730932235718,116880,133208,138088,135682,542948,0,669,0
25.179407119750977,116880,133208,138088,135682,542948,0,669,0
25.196043968200684,116880,133208,138088,135682,542948,0,669,0
25.21267604827881,116880,133208,138088,135682,542948,0,669,0
25.228825092315674,116880,133208,138088,135682,542948,0,669,0
25.245222091674805,116880,133208,138088,135682,542948,0,669,0
25.26165199279785,116880,133208,138088,135682,542948,0,669,0
25.27782106399536,116880,133208,138088,135682,542948,0,669,0
25.293802976608276,116880,133208,138088,135682,542948,0,669,0
25.309849977493286,116880,133208,138088,135682,542948,0,669,0
25.326285123825073,116880,133208,138088,135682,542948,0,669,0
25.342675924301147,116880,133208,138088,135682,542948,0,669,0
25.35934591293335,116880,133208,138088,135682,542948,0,669,0
25.37562108039856,116880,133208,138088,135682,542948,0,669,0
25.391674995422363,116880,133208,138088,135682,542948,0,669,0
25.408200979232788,116880,133208,138088,135682,542948,0,669,0
25.42468500137329,116880,133208,138088,135682,542948,0,669,0
25.441062927246094,116880,133208,138088,135682,542948,0,669,0
25.457162141799927,116880,133208,138088,135682,542948,0,669,0
25.473063945770264,116880,133208,138088,135682,542948,0,669,0
25.489500999450684,116880,133208,138088,135682,542948,0,669,0
25.50571298599243,116880,133208,138088,135682,542948,0,669,0
25.521680116653442,116880,133208,138088,135682,542948,0,669,0
25.53774094581604,116880,133208,138088,135682,542948,0,669,0
25.553740978240967,116880,133208,138088,135682,542948,0,669,0
25.56965708732605,116880,133208,138088,135682,542948,0,669,0
25.58567214012146,116880,133208,138088,135682,542948,0,669,0
25.602123022079468,116880,133208,138088,135682,542948,0,669,0
25.61833691596985,116880,133208,138088,135682,542948,0,669,0
25.636950969696045,116880,133208,138088,135682,542948,0,669,0
25.653496026992798,116880,133208,138088,135682,542948,0,669,0
25.67036199569702,116880,133208,138088,135682,542948,0,669,0
25.687418937683105,116880,133208,138088,135682,542948,0,669,0
25.704240083694458,116880,133208,138088,135682,542948,0,669,0
25.720760107040405,116880,133208,138088,135682,542948,0,669,0
25.737195014953613,116880,133208,138088,135682,542948,0,669,0
25.75375509262085,116880,133208,138088,135682,542948,0,669,0
25.770228147506714,116880,133208,138088,135682,542948,0,669,0
25.786720991134644,116880,133208,138088,135682,542948,0,669,0
25.803133964538574,116880,133208,138088,135682,542948,0,669,0
25.81986904144287,116880,133208,138088,135682,542948,0,669,0
25.83648705482483,116880,133208,138088,135682,542948,0,669,0
25.853224992752075,116880,133208,138088,135682,542948,0,669,0
25.869961977005005,116880,133208,138088,135682,542948,0,669,0
25.886656999588013,116880,133208,138088,135682,542948,0,669,0
25.903615951538086,116880,133208,138088,135682,542948,0,669,0
25.920237064361572,116880,133208,138088,135682,542948,0,669,0
25.9370219707489,116880,133208,138088,135682,542948,0,669,0
25.953850030899048,116880,133208,138088,135682,542948,0,669,0
25.970673084259033,116880,133208,138088,135682,542948,0,669,0
25.987525939941406,116880,133208,138088,135682,542948,0,669,0
26.004385948181152,116880,133208,138088,135682,542948,0,669,0
26.02120804786682,116880,133208,138088,135682,542948,0,669,0
26.038177967071533,116880,133208,138088,135682,542948,0,669,0
26.05519413948059,116880,133208,138088,135682,542948,0,669,0
26.07212996482849,116880,133208,138088,135682,542948,0,669,0
26.088871002197266,116880,133344,138984,135818,542950,0,669,0
26.105796098709106,116880,141956,147688,144430,544926,0,669,0
26.123135089874268,116880,150540,156264,153014,547064,0,670,0
26.140456914901733,116880,159128,164840,161602,549211,0,670,0
26.1578209400177,116880,167496,173160,169970,551287,0,670,0
26.175128936767578,116880,175960,181608,178434,553392,0,670,0
26.19232702255249,116880,184436,190056,186910,555503,0,670,0
26.209527015686035,116880,193012,198632,195486,557630,0,670,0
26.227163076400757,116880,201700,207336,204174,559791,0,670,0
26.245054960250854,116880,210296,215912,212770,561936,0,670,0
26.262749910354614,116880,218908,224616,221382,564074,0,671,0
26.280282974243164,116880,227684,233320,230158,566252,0,671,0
26.298218965530396,116880,236360,242024,238834,568441,0,671,0
26.316221952438354,116880,245236,250856,247710,570617,0,671,0
26.334412097930908,116880,254120,259816,256594,572830,0,672,0
26.352601051330566,116880,263064,268648,265538,575056,0,672,0
26.370979070663452,116880,271924,277608,274398,577273,0,672,0
26.389322996139526,116880,280948,286568,283422,579496,0,672,0
26.407747983932495,116880,289968,295528,292442,581746,0,672,0
26.42622208595276,116880,299128,304744,301602,584019,0,672,0
26.444968938827515,116880,308276,313960,310750,586295,0,672,0
26.46363592147827,116880,317456,323048,319930,588583,0,673,0
26.482182025909424,116880,326816,332392,329290,590901,0,673,0
26.501151084899902,116880,336200,341864,338674,593248,0,673,0
26.52057909965515,116880,345608,351208,348082,595585,0,673,0
26.53976798057556,116880,355064,360680,357538,597927,0,674,0
26.558911085128784,116880,364556,370152,367030,600290,0,674,0
26.577919006347656,116880,374040,379624,376514,602655,0,674,0
26.596976041793823,116880,383716,389224,386190,605055,0,674,0
26.61635994911194,116880,393352,398952,395826,607467,0,674,0
26.63612413406372,116880,403088,408680,405562,609876,0,674,0
26.655637979507446,116880,412844,418408,415318,612300,0,674,0
26.675328016281128,116880,422616,428264,425090,614732,0,675,0
26.694905042648315,116880,432508,438120,434982,617190,0,675,0
26.715033054351807,116880,440412,445160,442886,619646,0,675,0
26.735389947891235,116880,449096,454632,451570,621331,0,676,0
26.75531792640686,116880,459124,464744,461598,623812,0,676,0
26.775588989257812,116880,469140,474728,471614,626306,0,676,0
26.795730113983154,116880,479216,484840,481690,628812,0,676,0
26.816158056259155,116880,489252,494824,491726,631324,0,676,0
26.83655595779419,116880,499424,505064,501898,633860,0,676,0
26.85696792602539,116880,509608,515176,512082,636371,0,676,0
26.87743592262268,116880,519824,525416,522298,638924,0,677,0
26.897934913635254,116880,530116,535656,532590,641483,0,677,0
26.918915033340454,116880,540488,546024,542962,644044,0,677,0
26.940279960632324,116880,550800,556392,553274,646619,0,678,0
26.961151123046875,116880,561260,566760,563734,649220,0,678,0
26.98215413093567,116880,571736,577256,574210,651833,0,678,0
27.00344705581665,116880,582328,587880,584802,654460,0,678,0
27.02501606941223,116880,592912,598376,595386,657094,0,678,0
27.046453952789307,116880,603552,609128,606026,659750,0,678,0
27.067795038223267,116880,614312,619880,616786,662414,0,679,0
27.08962893486023,116880,625136,630632,627610,665113,0,679,0
27.111494064331055,116880,635884,641384,638358,667800,0,679,0
27.133343935012817,116880,646720,652264,649194,670489,0,680,0
27.155436038970947,116880,657668,663144,660142,673199,0,680,0
27.177417993545532,116880,668552,674152,671026,675928,0,680,0
27.19943594932556,116880,679612,685160,682086,678657,0,680,0
27.221593141555786,116880,690680,696168,693154,681422,0,680,0
27.243767976760864,116880,701844,707432,704318,684201,0,680,0
27.266128063201904,116880,713028,718568,715502,686966,0,681,0
27.288567066192627,116880,724368,729960,726842,689798,0,681,0
27.311625003814697,116880,735716,741224,738190,692615,0,681,0
27.334465980529785,116880,747120,752488,749594,695448,0,682,0
27.35769295692444,116880,758476,764008,760950,698287,0,682,0
27.38078808784485,116880,769932,775400,772406,701127,0,682,0
27.403794050216675,116880,781392,786920,783866,703988,0,682,0
27.426918029785156,116880,792908,798440,795382,706853,0,682,0
27.450011014938354,116880,804544,810088,807018,709740,0,682,0
27.47360610961914,116880,816300,821736,818774,712657,0,683,0
27.497225999832153,116880,828020,833512,830494,715587,0,683,0
27.52087092399597,116880,839816,845288,842290,718517,0,683,0
27.54454803466797,116880,851584,857064,854058,721456,0,684,0
27.568547010421753,116880,863412,868840,865886,724390,0,684,0
27.592442989349365,116880,875452,880872,877926,727363,0,684,0
27.616647958755493,116880,887452,892904,889926,730363,0,684,0
27.640963077545166,116880,899500,904936,901974,733367,0,684,0
27.665000915527344,116880,911576,917096,914050,736367,0,685,0
27.689183950424194,116880,923780,929256,926254,739396,0,685,0
27.713572025299072,116880,935980,941416,938454,742444,0,685,0
27.738022089004517,116880,948260,953704,950734,745492,0,686,0
27.762535095214844,116880,958468,963944,960942,748023,0,686,0
27.787392139434814,116880,970788,976232,973262,751121,0,686,0
27.812137126922607,116880,983192,988648,985666,754197,0,686,0
27.836936950683594,116880,995680,1001192,998154,757297,0,686,0
27.861860990524292,116880,1008164,1013608,1010638,760414,0,687,0
27.886877059936523,116880,1020724,1026152,1023198,763533,0,687,0
27.91201901435852,116880,1033336,1038824,1035810,766681,0,687,0
27.937330961227417,116880,1046028,1051496,1048502,769837,0,688,0
27.96297812461853,116880,1058764,1064168,1061238,773004,0,688,0
27.989031076431274,116880,1071532,1076968,1074006,776187,0,688,0
28.015159130096436,116880,1084296,1089768,1086770,779381,0,688,0
28.041088104248047,116880,1097148,1102568,1099622,782565,0,688,0
28.067312955856323,116880,1110064,1115496,1112538,785783,0,689,0
28.093719959259033,116880,1122984,1128424,1125458,789029,0,689,0
28.120105981826782,116880,1135980,1141352,1138454,792236,0,689,0
28.146646976470947,116880,1149100,1154536,1151574,795493,0,690,0
28.173262119293213,116880,1162168,1167592,1164642,798758,0,690,0
28.200562000274658,116880,1175308,1180776,1177782,802027,0,690,0
28.227381944656372,116880,1188524,1193960,1190998,805304,0,690,0
28.254365921020508,116880,1201688,1207144,1204162,808624,0,690,0
28.281245946884155,116880,1214908,1220328,1217382,811917,0,691,0
28.30829906463623,116880,1228324,1233768,1230798,815225,0,691,0
28.33560013771057,116880,1241656,1247080,1244130,818576,0,692,0
28.362735986709595,116880,1255108,1260520,1257582,821893,0,692,0
28.39017391204834,116880,1268472,1273832,1270946,825242,0,692,0
28.417602062225342,116880,1281964,1287400,1284438,828616,0,692,0
28.4450900554657,116880,1295508,1300840,1297982,831983,0,692,0
28.472729921340942,116880,1309092,1314408,1311566,835365,0,693,0
28.5003559589386,116880,1322832,1328232,1325306,838753,0,693,0
28.52844214439392,116880,1336716,1342056,1339190,842208,0,694,0
28.5567569732666,116880,1350612,1356008,1353086,845659,0,694,0
28.5849289894104,116880,1364400,1369704,1366874,849131,0,694,0
28.613631010055542,116880,1378360,1383656,1380834,852582,0,694,0
28.64203405380249,116880,1392272,1397608,1394746,856063,0,694,0
28.67061710357666,116880,1406260,1411560,1408734,859572,0,695,0
28.6991069316864,116880,1420188,1425512,1422662,863034,0,695,0
28.7277090549469,116880,1434344,1439720,1436818,866516,0,696,0
28.756650924682617,116880,1448556,1453928,1451030,870064,0,696,0
28.78564691543579,116880,1462936,1468264,1465410,873630,0,696,0
28.815141916275024,116880,1475088,1480424,1477562,876667,0,696,0
28.844475030899048,116880,1489460,1494760,1491934,880239,0,696,0
28.873749017715454,116880,1503956,1509224,1506430,883848,0,697,0
28.90322709083557,116880,1518516,1523816,1520990,887460,0,697,0
28.932995080947876,116880,1534416,1539688,1536890,891094,0,698,0
28.96551203727722,116880,1549080,1554408,1551554,895082,0,698,0
28.995465993881226,116880,1563856,1569128,1566330,898734,0,698,0
29.02574110031128,116880,1578460,1583720,1580934,902402,0,698,0
29.0558180809021,116880,1593328,1598568,1595802,906086,0,698,0
29.08608102798462,116880,1608160,1613416,1610634,909793,0,699,0
29.116410970687866,116880,1622872,1628136,1625346,913514,0,699,0
29.14652109146118,116880,1637848,1643112,1640322,917179,0,700,0
29.17694902420044,116880,1652644,1657960,1655118,920923,0,700,0
29.207088947296143,116880,1667920,1673192,1670394,924623,0,700,0
29.238147020339966,116880,1682944,1688168,1685418,928409,0,700,0
29.268790006637573,116880,1698224,1703528,1700698,932219,0,701,0
29.2998149394989,116880,1713508,1718760,1715982,936014,0,701,0
29.33104705810547,116880,1728824,1734120,1731298,939841,0,702,0
29.362119913101196,116880,1744164,1749480,1746638,943662,0,702,0
29.393368005752563,116880,1759572,1764840,1762046,947498,0,702,0
29.424593925476074,116880,1775092,1780328,1777566,951370,0,702,0
29.456576108932495,116880,1790660,1795944,1793134,955238,0,702,0
29.488063097000122,116880,1806204,1811432,1808678,959116,0,703,0
29.519633054733276,116880,1821648,1826920,1824122,963017,0,703,0
29.551226139068604,116880,1837100,1842280,1839574,966861,0,704,0
29.582375049591064,116880,1852644,1857896,1855118,970730,0,704,0
29.61375403404236,116880,1868284,1873512,1870758,974614,0,704,0
29.645702123641968,116880,1883828,1889000,1886302,978509,0,704,0
29.67719292640686,116880,1899492,1904744,1901966,982404,0,705,0
29.708931922912598,116880,1915348,1920616,1917822,986347,0,705,0
29.74099612236023,116880,1931132,1936360,1933606,990285,0,706,0
29.7727689743042,116880,1946996,1952232,1949470,994231,0,706,0
29.804796934127808,116880,1962860,1968104,1965334,998194,0,706,0
29.836853981018066,116880,1976756,1981928,1979230,1002157,0,706,0
29.869292974472046,116880,1992760,1997928,1995234,1005636,0,707,0
29.901639938354492,116880,2008880,2014184,2011354,1009640,0,707,0
29.934746980667114,116880,2025100,2030312,2027574,1013709,0,708,0
29.96719002723694,116880,2041224,2046440,2043698,1017713,0,708,0
29.99978995323181,116880,2057396,2062568,2059870,1021737,0,708,0
30.032531023025513,116880,2073720,2078952,2076194,1025789,0,708,0
30.065635919570923,116880,2089936,2095080,2092410,1029847,0,709,0
30.098669052124023,116880,2106264,2111464,2108738,1033923,0,709,0
30.131685972213745,116880,2122712,2127848,2125186,1038003,0,710,0
30.164989948272705,116880,2139164,2144360,2141638,1042110,0,710,0
30.198171138763428,116880,2155748,2160872,2158222,1046235,0,710,0
30.231707096099854,116880,2172344,2177512,2174818,1050375,0,710,0
30.2654230594635,116880,2188880,2194024,2191354,1054529,0,711,0
30.29910707473755,116880,2205476,2210664,2207950,1058637,0,711,0
30.332819938659668,116880,2222244,2227304,2224718,1062798,0,712,0
30.367103099822998,116880,2230264,2235112,2232738,1066987,0,712,0
30.400835037231445,116880,2230292,2235112,2232766,1067223,0,712,0
30.4347140789032,116880,2230292,2235112,2232766,1067223,0,712,0
30.468639135360718,116880,2230292,2235112,2232766,1067223,0,712,0
30.502471923828125,116880,2230292,2235112,2232766,1067223,0,712,0
30.53635001182556,116880,2230292,2235112,2232766,1067223,0,712,0
30.570208072662354,116880,2230292,2235112,2232766,1067223,0,712,0
30.604146003723145,116880,2230292,2235112,2232766,1067223,0,712,0
30.63771104812622,116880,2230292,2235112,2232766,1067223,0,712,0
30.670608043670654,116880,2230292,2235112,2232766,1067223,0,712,0
30.703866958618164,116880,2230292,2235112,2232766,1067223,0,712,0
30.737483978271484,116880,2230292,2235112,2232766,1067223,0,712,0
30.771666049957275,116880,2230292,2235112,2232766,1067223,0,712,0
30.805406093597412,116880,2230292,2235112,2232766,1067223,0,712,0
30.838758945465088,116880,2230292,2235112,2232766,1067223,0,712,0
30.872236013412476,116880,2230292,2235112,2232766,1067223,0,712,0
30.906187057495117,116880,2230292,2235112,2232766,1067223,0,712,0
30.93976402282715,116880,2230292,2235112,2232766,1067223,0,712,0
30.972727060317993,116880,2230292,2235112,2232766,1067223,0,712,0
31.0056049823761,116880,2230292,2235112,2232766,1067223,0,712,0
31.038388967514038,116880,2230292,2235112,2232766,1067223,0,712,0
31.071249961853027,116880,2230292,2235112,2232766,1067223,0,712,0
31.104252099990845,116880,2230292,2235112,2232766,1067223,0,712,0
31.137047052383423,116880,2230292,2235112,2232766,1067223,0,712,0
31.16983914375305,116880,2230292,2235112,2232766,1067223,0,712,0
31.202331066131592,116880,2230292,2235112,2232766,1067223,0,712,0
31.234755039215088,116880,2230292,2235112,2232766,1067223,0,712,0
31.26774001121521,116880,2230292,2235112,2232766,1067223,0,712,0
31.30080795288086,116880,2230292,2235112,2232766,1067223,0,712,0
31.332814931869507,116880,2230292,2235112,2232766,1067223,0,712,0
31.365545988082886,116880,2230292,2235112,2232766,1067223,0,712,0
31.398651123046875,116880,2230292,2235112,2232766,1067223,0,712,0
31.430733919143677,116880,2230292,2235112,2232766,1067223,0,712,0
31.463741064071655,116880,2230292,2235112,2232766,1067223,0,712,0
31.49586796760559,116880,2230292,2235112,2232766,1067223,0,712,0
31.529218912124634,116880,2230292,2235112,2232766,1067223,0,712,0
31.562380075454712,116880,2230292,2235112,2232766,1067223,0,712,0
31.594672918319702,116880,2230292,2235112,2232766,1067223,0,712,0
31.627497911453247,116880,2230292,2235112,2232766,1067223,0,712,0
31.65949010848999,116880,2230292,2235112,2232766,1067223,0,712,0
31.692291021347046,116880,2230292,2235112,2232766,1067223,0,712,0
31.72554898262024,116880,2230292,2235112,2232766,1067223,0,712,0
31.757753133773804,116880,2230292,2235112,2232766,1067223,0,712,0
31.790491104125977,116880,2230292,2235112,2232766,1067223,0,712,0
31.82266592979431,116880,2230292,2235112,2232766,1067223,0,712,0
31.855397939682007,116880,2230292,2235112,2232766,1067223,0,712,0
31.888756036758423,116880,2230292,2235112,2232766,1067223,0,712,0
31.92092800140381,116880,2230292,2235112,2232766,1067223,0,712,0
31.953776121139526,116880,2230292,2235112,2232766,1067223,0,712,0
31.985748052597046,116880,2230292,2235112,2232766,1067223,0,712,0
32.01814794540405,116880,2230292,2235112,2232766,1067223,0,712,0
32.05040407180786,116880,2230292,2235112,2232766,1067223,0,712,0
32.08246994018555,116880,2230292,2235112,2232766,1067223,0,712,0
32.11538910865784,116880,2230292,2235112,2232766,1067223,0,712,0
32.14813494682312,116880,2230292,2235112,2232766,1067223,0,712,0
32.18156409263611,116880,2230292,2235112,2232766,1067223,0,712,0
32.2144730091095,116880,2230292,2235112,2232766,1067223,0,712,0
32.247726917266846,116880,2230292,2235112,2232766,1067223,0,712,0
32.279847145080566,116880,2230292,2235112,2232766,1067223,0,712,0
32.31291699409485,116880,2230292,2235112,2232766,1067223,0,712,0
32.34577202796936,116880,2230292,2235112,2232766,1067223,0,712,0
32.378740072250366,116880,2230292,2217960,2232766,1067223,0,711,0
32.424570083618164,116880,2184448,2153960,2186922,1067223,0,710,0
32.45803213119507,116880,2121604,2093544,2124078,1067223,0,708,0
32.49095892906189,116880,2060820,2034664,2063294,1067223,0,708,0
32.52299094200134,116880,2001168,1974504,2003642,1067223,0,706,0
32.554996967315674,116880,1941212,1916904,1943686,1067223,0,705,0
32.58565402030945,116880,1883316,1859304,1885790,1067223,0,704,0
32.61623692512512,116880,1825860,1802984,1828334,1067223,0,703,0
32.646345138549805,116880,1769136,1748328,1771610,1067223,0,702,0
32.675616979599,116880,1714744,1693800,1717218,1067223,0,700,0
32.70459198951721,116880,1660452,1640552,1662926,1067223,0,700,0
32.73307013511658,116880,1606968,1588072,1609442,1067223,0,698,0
32.76094698905945,116880,1554764,1536744,1557238,1067223,0,698,0
32.788453102111816,116880,1503152,1486184,1505626,1067223,0,696,0
32.8154730796814,116880,1452332,1436904,1454806,1067223,0,695,0
32.84156513214111,116880,1402976,1389032,1405450,1067223,0,694,0
32.867454051971436,116880,1355024,1340136,1357498,1067223,0,694,0
32.89317512512207,116880,1306276,1292264,1308750,1067223,0,692,0
32.91854405403137,116880,1258072,1245544,1260546,1067223,0,692,0
32.94323110580444,116880,1211364,1198824,1213838,1067223,0,690,0
32.96829795837402,116880,1164412,1153384,1166886,1067223,0,690,0
32.99218201637268,116880,1119356,1108456,1121830,1067223,0,688,0
33.01607394218445,116880,1074464,1063912,1076938,1067223,0,688,0
33.039551973342896,116880,1029552,1020648,1032026,1067223,0,687,0
33.06251001358032,116880,985988,977768,988462,1067223,0,686,0
33.085073947906494,116880,943240,935400,945714,1067223,0,685,0
33.10737109184265,116880,901164,894056,903638,1067223,0,684,0
33.12932991981506,116880,859796,853096,862270,1067223,0,684,0
33.151090145111084,116880,818440,812904,820914,1067223,0,682,0
33.172532081604004,116880,778032,772584,780506,1067223,0,682,0
33.19366812705994,116880,738036,733032,740510,1067223,0,681,0
33.21449398994446,116880,698564,694248,701038,1067223,0,680,0
33.235021114349365,116880,659872,655976,662346,1067223,0,680,0
33.25522494316101,116880,620892,617832,623366,1067223,0,679,0
33.27533793449402,116880,582692,580200,585166,1067223,0,678,0
33.29495310783386,116880,545460,543208,547934,1067223,0,677,0
33.31440711021423,116880,508476,506856,510950,1067223,0,676,0
33.33343505859375,116880,472716,471784,475190,1067223,0,676,0
33.352339029312134,116880,436768,435816,439242,1067223,0,675,0
33.371407985687256,116880,400776,400488,403250,1067223,0,674,0
33.390527963638306,116880,365236,365544,367710,1067223,0,674,0
33.40895700454712,116880,330560,331112,333034,1067223,0,673,0
33.427226066589355,116880,295980,297192,298454,1067223,0,672,0
33.44534993171692,116880,262176,264168,264650,1067223,0,672,0
33.4629590511322,116880,228544,230888,231018,1067223,0,671,0
33.48059296607971,116880,195488,198504,197962,1067223,0,670,0
33.49777913093567,116880,163116,166504,165590,1067223,0,670,0
33.51467299461365,116880,133228,138088,135702,1067223,0,669,0
33.531681060791016,116880,133204,138088,135678,1067223,0,669,0
33.54843592643738,116880,133204,138088,135678,1067223,0,669,0
33.564692974090576,116880,133204,138088,135678,1067223,0,669,0
33.58079195022583,116880,133204,138088,135678,1067223,0,669,0
33.596827030181885,116880,133204,138088,135678,1067223,0,669,0
33.613147020339966,116880,133204,138088,135678,1067223,0,669,0
33.62939405441284,116880,133204,138088,135678,1067223,0,669,0
33.64566707611084,116880,133204,138088,135678,1067223,0,669,0
33.66169095039368,116880,133204,138088,135678,1067223,0,669,0
33.67777895927429,116880,133204,138088,135678,1067223,0,669,0
33.69377112388611,116880,133204,138088,135678,1067223,0,669,0
33.709705114364624,116880,133204,138088,135678,1067223,0,669,0
33.72578692436218,116880,133204,138088,135678,1067223,0,669,0
33.741811990737915,116880,133204,138088,135678,1067223,0,669,0
33.757734060287476,116880,133204,138088,135678,1067223,0,669,0
33.77383613586426,116880,133204,138088,135678,1067223,0,669,0
33.789783000946045,116880,133204,138088,135678,1067223,0,669,0
33.806360960006714,116880,133204,138088,135678,1067223,0,669,0
33.82266807556152,116880,133204,138088,135678,1067223,0,669,0
33.83944296836853,116880,133204,138088,135678,1067223,0,669,0
33.85566210746765,116880,133204,138088,135678,1067223,0,669,0
33.87172293663025,116880,133204,138088,135678,1067223,0,669,0
33.88799500465393,116880,133204,138088,135678,1067223,0,669,0
33.904393911361694,116880,133204,138088,135678,1067223,0,669,0
33.920692920684814,116880,133204,138088,135678,1067223,0,669,0
33.93712496757507,116880,133204,138088,135678,1067223,0,669,0
33.95356607437134,116880,133204,138088,135678,1067223,0,669,0
33.96973991394043,116880,133204,138088,135678,1067223,0,669,0
33.98580193519592,116880,133204,138088,135678,1067223,0,669,0
34.00254702568054,116880,133204,138088,135678,1067223,0,669,0
34.01871991157532,116880,133204,138088,135678,1067223,0,669,0
34.03476309776306,116880,133204,138088,135678,1067223,0,669,0
34.05110001564026,116880,133204,138088,135678,1067223,0,669,0
34.067525148391724,116880,133204,138088,135678,1067223,0,669,0
34.08365511894226,116880,133204,138088,135678,1067223,0,669,0
34.099750995635986,116880,133204,138088,135678,1067223,0,669,0
34.11568903923035,116880,133204,138088,135678,1067223,0,669,0
34.13165092468262,116880,133204,138088,135678,1067223,0,669,0
34.147669076919556,116880,133204,138088,135678,1067223,0,669,0
34.16371512413025,116880,133204,138088,135678,1067223,0,669,0
34.18013405799866,116880,133204,138088,135678,1067223,0,669,0
34.196430921554565,116880,133204,138088,135678,1067223,0,669,0
34.21262812614441,116880,133204,138088,135678,1067223,0,669,0
34.228703022003174,116880,133204,138088,135678,1067223,0,669,0
34.244653940200806,116880,133204,138088,135678,1067223,0,669,0
34.26104211807251,116880,133204,138088,135678,1067223,0,669,0
34.277239084243774,116880,133204,138088,135678,1067223,0,669,0
34.29355192184448,116880,133204,138088,135678,1067223,0,669,0
34.309672117233276,116880,133204,138088,135678,1067223,0,669,0
34.325703144073486,116880,133204,138088,135678,1067223,0,669,0
34.341728925704956,116880,133204,138088,135678,1067223,0,669,0
34.35774493217468,116880,133204,138088,135678,1067223,0,669,0
34.374171018600464,116880,133204,138088,135678,1067223,0,669,0
34.39062309265137,116880,133204,138088,135678,1067223,0,669,0
34.40665006637573,116880,133204,138088,135678,1067223,0,669,0
34.42274594306946,116880,133204,138088,135678,1067223,0,669,0
34.4387469291687,116880,133204,138088,135678,1067223,0,669,0
34.45472192764282,116880,133204,138088,135678,1067223,0,669,0
34.47110891342163,116880,133204,138088,135678,1067223,0,669,0
34.48733401298523,116880,133204,138088,135678,1067223,0,669,0
34.503633975982666,116880,133204,138088,135678,1067223,0,669,0
34.519657135009766,116880,133204,138088,135678,1067223,0,669,0
34.53558611869812,116880,133204,138088,135678,1067223,0,669,0
34.55169892311096,116880,133204,138088,135678,1067223,0,669,0
34.568143129348755,116880,133204,138088,135678,1067223,0,669,0
34.58432912826538,116880,133204,138088,135678,1067223,0,669,0
34.600698947906494,116880,133204,138088,135678,1067223,0,669,0
34.616739988327026,116880,133204,138088,135678,1067223,0,669,0
34.63354802131653,116880,133204,138088,135678,1067223,0,669,0
34.649775981903076,116880,133204,138088,135678,1067223,0,669,0
34.66617012023926,116880,133204,138088,135678,1067223,0,669,0
34.682384967803955,116880,133204,138088,135678,1067223,0,669,0
34.69847798347473,116880,133204,138088,135678,1067223,0,669,0
34.714694023132324,116880,133204,138088,135678,1067223,0,669,0
34.730695962905884,116880,133204,138088,135678,1067223,0,669,0
34.74677896499634,116880,133204,138088,135678,1067223,0,669,0
34.76284193992615,116880,133204,138088,135678,1067223,0,669,0
34.77920198440552,116880,133204,138088,135678,1067223,0,669,0
34.79543900489807,116880,133204,138088,135678,1067223,0,669,0
34.812222957611084,116880,133204,138088,135678,1067223,0,669,0
34.82858395576477,116880,133204,138088,135678,1067223,0,669,0
34.844685077667236,116880,133204,138088,135678,1067223,0,669,0
34.86069703102112,116880,133204,138088,135678,1067223,0,669,0
34.876683950424194,116880,133204,138088,135678,1067223,0,669,0
34.89272999763489,116880,133204,138088,135678,1067223,0,669,0
34.90868902206421,116880,133204,138088,135678,1067223,0,669,0
34.9246871471405,116880,133204,138088,135678,1067223,0,669,0
34.94067311286926,116880,133204,138088,135678,1067223,0,669,0
34.956658124923706,116880,133204,138088,135678,1067223,0,669,0
34.97271800041199,116880,133204,138088,135678,1067223,0,669,0
34.988709926605225,116880,133204,138088,135678,1067223,0,669,0
35.004679918289185,116880,133204,138088,135678,1067223,0,669,0
35.020676136016846,116880,133204,138088,135678,1067223,0,669,0
35.03676509857178,116880,133204,138088,135678,1067223,0,669,0
35.05279612541199,116880,133204,138088,135678,1067223,0,669,0
35.06914305686951,116880,133204,138088,135678,1067223,0,669,0
35.08531594276428,116880,133204,138088,135678,1067223,0,669,0
35.10143494606018,116880,133204,138088,135678,1067223,0,669,0
35.11761498451233,116880,133204,138088,135678,1067223,0,669,0
35.13365292549133,116880,133204,138088,135678,1067223,0,669,0
35.14968991279602,116880,133204,138088,135678,1067223,0,669,0
35.16571497917175,116880,133204,138088,135678,1067223,0,669,0
35.18165898323059,116880,133204,138088,135678,1067223,0,669,0
35.19770812988281,116880,133204,138088,135678,1067223,0,669,0
35.213704109191895,116880,133204,138088,135678,1067223,0,669,0
35.23006510734558,116880,133204,138088,135678,1067223,0,669,0
35.2463219165802,116880,133204,138088,135678,1067223,0,669,0
35.26249313354492,116880,133204,138088,135678,1067223,0,669,0
35.27859306335449,116880,133204,138088,135678,1067223,0,669,0
35.29470610618591,116880,133204,138088,135678,1067223,0,669,0
35.31106495857239,116880,133204,138088,135678,1067223,0,669,0
35.32734203338623,116880,133204,138088,135678,1067223,0,669,0
35.343554973602295,116880,133204,138088,135678,1067223,0,669,0
35.359703063964844,116880,133204,138088,135678,1067223,0,669,0
35.37611508369446,116880,133204,138088,135678,1067223,0,669,0
35.39260792732239,116880,133204,138088,135678,1067223,0,669,0
35.408695936203,116880,133204,138088,135678,1067223,0,669,0
35.4248149394989,116880,133204,138088,135678,1067223,0,669,0
35.440815925598145,116880,133204,138088,135678,1067223,0,669,0
35.45671606063843,116880,133204,138088,135678,1067223,0,669,0
35.47317314147949,116880,133204,138088,135678,1067223,0,669,0
35.48941111564636,116880,133204,138088,135678,1067223,0,669,0
35.50570011138916,116880,133204,138088,135678,1067223,0,669,0
35.52207612991333,116880,133204,138088,135678,1067223,0,669,0
35.538697957992554,116880,133204,138088,135678,1067223,0,669,0
35.566226959228516,116880,133204,138088,135678,1067223,0,669,0
35.58299207687378,116880,133204,138088,135678,1067223,0,669,0
35.59962606430054,116880,133204,138088,135678,1067223,0,669,0
35.61644911766052,116880,133204,138088,135678,1067223,0,669,0
35.63317513465881,116880,133204,138088,135678,1067223,0,669,0
35.6498589515686,116880,133204,138088,135678,1067223,0,669,0
35.6667799949646,116880,133204,138088,135678,1067223,0,669,0
35.68364405632019,116880,133204,138088,135678,1067223,0,669,0
35.70041108131409,116880,133204,138088,135678,1067223,0,669,0
35.717029094696045,116880,133204,138088,135678,1067223,0,669,0
35.733644008636475,116880,133204,138088,135678,1067223,0,669,0
35.7505099773407,116880,133204,138088,135678,1067223,0,669,0
35.76843214035034,116880,133204,138088,135678,1067223,0,669,0
35.78530502319336,116880,133204,138088,135678,1067223,0,669,0
35.80218291282654,116880,133204,138088,135678,1067223,0,669,0
35.81902813911438,116880,133204,138088,135678,1067223,0,669,0
35.83581495285034,116880,133204,138088,135678,1067223,0,669,0
35.852484941482544,116880,133204,138088,135678,1067223,0,669,0
35.86915707588196,116880,133204,138088,135678,1067223,0,669,0
35.88586211204529,116880,133204,138088,135678,1067223,0,669,0
35.902565002441406,116880,133204,138088,135678,1067223,0,669,0
35.919305086135864,116880,133204,138088,135678,1067223,0,669,0
35.935933113098145,116880,133204,138088,135678,1067223,0,669,0
35.95262002944946,116880,133204,138088,135678,1067223,0,669,0
35.9694619178772,116880,133204,138088,135678,1067223,0,669,0
35.98639893531799,116880,133204,138088,135678,1067223,0,669,0
36.00305509567261,116880,133204,138088,135678,1067223,0,669,0
36.019712924957275,116880,136280,141928,138754,1067791,0,669,0
36.036700963974,116880,144772,150504,147246,1069905,0,669,0
36.053704023361206,116880,153288,158952,155762,1072026,0,670,0
36.070810079574585,116880,161936,167656,164410,1074177,0,670,0
36.08831191062927,116880,170596,176232,173070,1076329,0,670,0
36.10569095611572,116880,179216,184936,181690,1078479,0,670,0
36.12313199043274,116880,187764,193384,190238,1080608,0,670,0
36.14077806472778,116880,196292,201960,198766,1082729,0,670,0
36.158390045166016,116880,204932,210536,207406,1084873,0,670,0
36.176100969314575,116880,213596,219240,216070,1087029,0,670,0
36.19394397735596,116880,222252,227944,224726,1089185,0,671,0
36.211792945861816,116880,230996,236648,233470,1091361,0,671,0
36.229735136032104,116880,239668,245352,242142,1093519,0,671,0
36.247700929641724,116880,248484,254184,250958,1095709,0,672,0
36.265679121017456,116880,257352,263016,259826,1097916,0,672,0
36.283968925476074,116880,266260,271848,268734,1100130,0,672,0
36.302685022354126,116880,275172,280808,277646,1102362,0,672,0
36.32111310958862,116880,284236,289896,286710,1104612,0,672,0
36.339715003967285,116880,293336,298984,295810,1106857,0,672,0
36.358421087265015,116880,302452,308072,304926,1109128,0,672,0
36.377212047576904,116880,311660,317288,314134,1111410,0,672,0
36.39618992805481,116880,320860,326504,323334,1113702,0,673,0
36.41513800621033,116880,330112,335720,332586,1116005,0,673,0
36.434098958969116,116880,339272,344808,341746,1118314,0,673,0
36.45320391654968,116880,348624,354280,351098,1120623,0,674,0
36.472437143325806,116880,358048,363624,360522,1122951,0,674,0
36.49165606498718,116880,367608,373224,370082,1125327,0,674,0
36.51140904426575,116880,377188,382824,379662,1127711,0,674,0
36.530921936035156,116880,386924,392552,389398,1130133,0,674,0
36.55066704750061,116880,396536,402152,399010,1132538,0,674,0
36.570409059524536,116880,406264,411880,408738,1134940,0,674,0
36.59018898010254,116880,416016,421608,418490,1137367,0,675,0
36.61015796661377,116880,425828,431464,428302,1139807,0,675,0
36.63020896911621,116880,435688,441192,438162,1142261,0,675,0
36.65037512779236,116880,442392,447976,444866,1144025,0,675,0
36.67051291465759,116880,452296,457832,454770,1146415,0,676,0
36.690715074539185,116880,462276,467816,464750,1148883,0,676,0
36.71133899688721,116880,472380,477928,474854,1151381,0,676,0
36.73175501823425,116880,482532,488168,485006,1153922,0,676,0
36.75271010398865,116880,492644,498280,495118,1156447,0,676,0
36.7733850479126,116880,502888,508520,505362,1158976,0,676,0
36.794312953948975,116880,513144,518760,515618,1161525,0,677,0
36.81523394584656,116880,523432,529000,525906,1164093,0,677,0
36.8361611366272,116880,533684,539240,536158,1166655,0,677,0
36.85710597038269,116880,543980,549608,546454,1169226,0,677,0
36.87825298309326,116880,554408,559976,556882,1171792,0,678,0
36.89954900741577,116880,564920,570472,567394,1174416,0,678,0
36.92154502868652,116880,575508,581096,577982,1177038,0,678,0
36.942949056625366,116880,586060,591592,588534,1179665,0,678,0
36.96442103385925,116880,596596,602216,599070,1182297,0,678,0
36.98595905303955,116880,607272,612840,609746,1184954,0,678,0
37.00770306587219,116880,617904,623464,620378,1187599,0,679,0
37.02929997444153,116880,628688,634216,631162,1190269,0,679,0
37.05120611190796,116880,639448,644968,641922,1192958,0,679,0
37.07322812080383,116880,650212,655720,652686,1195623,0,680,0
37.09534406661987,116880,661084,666600,663558,1198337,0,680,0
37.117401123046875,116880,672092,677608,674566,1201068,0,680,0
37.140221118927,116880,683200,688744,685674,1203825,0,680,0
37.16264009475708,116880,694264,699752,696738,1206595,0,680,0
37.185230016708374,116880,705424,711016,707898,1209352,0,680,0
37.20789909362793,116880,716620,722152,719094,1212151,0,681,0
37.230669021606445,116880,727752,733288,730226,1214934,0,681,0
37.253443002700806,116880,739068,744552,741542,1217725,0,681,0
37.27637696266174,116880,750228,755688,752702,1220541,0,682,0
37.299423933029175,116880,761652,767208,764126,1223353,0,682,0
37.32269310951233,116880,773200,778728,775674,1226195,0,682,0
37.346123933792114,116880,784684,790248,787158,1229093,0,682,0
37.36954307556152,116880,796232,801768,798706,1231940,0,682,0
37.393041133880615,116880,807776,813288,810250,1234827,0,683,0
37.41656494140625,116880,819432,824936,821906,1237710,0,683,0
37.44019603729248,116880,831108,836584,833582,1240631,0,683,0
37.463988065719604,116880,842880,848360,845354,1243546,0,684,0
37.48773002624512,116880,854588,860008,857062,1246459,0,684,0
37.511662006378174,116880,866428,871912,868902,1249434,0,684,0
37.53571796417236,116880,878520,883944,880994,1252389,0,684,0
37.560352087020874,116880,890564,896104,893038,1255411,0,684,0
37.58481502532959,116880,902756,908136,905230,1258431,0,684,0
37.60943007469177,116880,914956,920424,917430,1261478,0,685,0
37.6341769695282,116880,927160,932584,929634,1264525,0,685,0
37.658977031707764,116880,939432,944872,941906,1267572,0,686,0
37.683799028396606,116880,951748,957160,954222,1270641,0,686,0
37.70876407623291,116880,961940,967400,964414,1273175,0,686,0
37.73422312736511,116880,974384,979816,976858,1276269,0,686,0
37.75952696800232,116880,986876,992360,989350,1279383,0,686,0
37.78484797477722,116880,999436,1004904,1001910,1282498,0,686,0
37.810210943222046,116880,1012040,1017448,1014514,1285647,0,687,0
37.83582305908203,116880,1024644,1030120,1027118,1288786,0,687,0
37.861408948898315,116880,1037348,1042792,1039822,1291940,0,687,0
37.88703894615173,116880,1050088,1055592,1052562,1295119,0,688,0
37.912785053253174,116880,1062684,1068136,1065158,1298268,0,688,0
37.93853807449341,116880,1075464,1080936,1077938,1301455,0,688,0
37.9644730091095,116880,1088408,1093736,1090882,1304649,0,688,0
37.99059510231018,116880,1101400,1106792,1103874,1307891,0,688,0
38.016847133636475,116880,1114372,1119848,1116846,1311124,0,689,0
38.04310202598572,116880,1127452,1132904,1129926,1314366,0,689,0
38.06952500343323,116880,1140416,1145832,1142890,1317636,0,690,0
38.09578013420105,116880,1153548,1159016,1156022,1320879,0,690,0
38.122437953948975,116880,1166576,1171944,1169050,1324146,0,690,0
38.149014949798584,116880,1179764,1185128,1182238,1327413,0,690,0
38.17608714103699,116880,1193128,1198440,1195602,1330719,0,690,0
38.20311212539673,116880,1206484,1211880,1208958,1334054,0,691,0
38.2301549911499,116880,1219864,1225192,1222338,1337403,0,691,0
38.257363080978394,116880,1233352,1238760,1235826,1340733,0,691,0
38.28464102745056,116880,1246944,1252328,1249418,1344128,0,692,0
38.31223511695862,116880,1260332,1265768,1262806,1347502,0,692,0
38.33975410461426,116880,1273960,1279336,1276434,1350846,0,692,0
38.36733794212341,116880,1287852,1293288,1290326,1354281,0,692,0
38.39565992355347,116880,1301588,1306984,1304062,1357730,0,693,0
38.423425912857056,116880,1315356,1320680,1317830,1361159,0,693,0
38.45149302482605,116880,1329248,1334632,1331722,1364601,0,693,0
38.479450941085815,116880,1343072,1348456,1345546,1368062,0,694,0
38.507452964782715,116880,1357028,1362408,1359502,1371539,0,694,0
38.53571605682373,116880,1370712,1375976,1373186,1374976,0,694,0
38.56376314163208,116880,1384752,1390056,1387226,1378421,0,694,0
38.59224796295166,116880,1398892,1404264,1401366,1381950,0,694,0
38.62097191810608,116880,1413116,1418472,1415590,1385490,0,695,0
38.649738073349,116880,1427348,1432680,1429822,1389037,0,695,0
38.67861199378967,116880,1441508,1446888,1443982,1392611,0,696,0
38.707632064819336,116880,1455852,1461224,1458326,1396132,0,696,0
38.73665404319763,116880,1467872,1473256,1470346,1399719,0,696,0
38.76548504829407,116880,1482376,1487720,1484850,1402732,0,696,0
38.79484009742737,116880,1496936,1502312,1499410,1406356,0,696,0
38.824135065078735,116880,1511524,1516904,1513998,1409991,0,697,0
38.85368514060974,116880,1526152,1531496,1528626,1413629,0,697,0
38.88328194618225,116880,1538132,1545192,1540606,1417289,0,698,0
38.91294503211975,116880,1554668,1559912,1557142,1420238,0,698,0
38.94270205497742,116880,1569240,1574376,1571714,1423898,0,698,0
38.972535133361816,116880,1584044,1589224,1586518,1427549,0,698,0
39.00262498855591,116880,1598932,1604072,1601406,1431253,0,699,0
39.03273797035217,116880,1613840,1619048,1616314,1434970,0,699,0
39.06289792060852,116880,1628796,1634024,1631270,1438687,0,699,0
39.093114137649536,116880,1643828,1649000,1646302,1442427,0,700,0
39.12355899810791,116880,1658984,1664104,1661458,1446202,0,700,0
39.15410304069519,116880,1674100,1679336,1676574,1449990,0,700,0
39.184792041778564,116880,1689400,1694568,1691874,1453752,0,700,0
39.21589493751526,116880,1704760,1709928,1707234,1457597,0,701,0
39.24676203727722,116880,1720080,1725288,1722554,1461410,0,701,0
39.27774500846863,116880,1735488,1740648,1737962,1465252,0,702,0
39.30872297286987,116880,1750864,1756008,1753338,1469090,0,702,0
39.339800119400024,116880,1766344,1771496,1768818,1472936,0,702,0
39.37088704109192,116880,1781748,1786856,1784222,1476813,0,702,0
39.401796102523804,116880,1797644,1802728,1800118,1480688,0,703,0
39.433680057525635,116880,1813340,1818472,1815814,1484637,0,703,0
39.465044021606445,116880,1829096,1834216,1831570,1488570,0,704,0
39.496695041656494,116880,1844928,1850088,1847402,1492512,0,704,0
39.52847599983215,116880,1860716,1865832,1863190,1496449,0,704,0
39.56016802787781,116880,1876200,1881320,1878674,1500405,0,704,0
39.59214901924133,116880,1892084,1897192,1894558,1504258,0,704,0
39.62404012680054,116880,1907952,1913064,1910426,1508262,0,705,0
39.65578508377075,116880,1923780,1928936,1926254,1512219,0,705,0
39.687538146972656,116880,1940008,1945064,1942482,1516181,0,706,0
39.7199809551239,116880,1956156,1961192,1958630,1520213,0,706,0
39.752212047576904,116880,1972360,1977448,1974834,1524249,0,706,0
39.78462600708008,116880,1986120,1991144,1988594,1528022,0,706,0
39.81657004356384,116880,2002364,2007400,2004838,1531773,0,707,0
39.84992003440857,116880,2018572,2023656,2021046,1535799,0,707,0
39.882734060287476,116880,2034920,2040040,2037394,1539845,0,708,0
39.916131019592285,116880,2051104,2056168,2053578,1543961,0,708,0
39.94901394844055,116880,2067256,2072296,2069730,1547963,0,708,0
39.981791973114014,116880,2083412,2088424,2085886,1552014,0,708,0
40.014485120773315,116880,2099824,2104936,2102298,1556060,0,709,0
40.047176122665405,116880,2116280,2121320,2118754,1560167,0,709,0
40.0801260471344,116880,2132768,2137832,2135242,1564284,0,710,0
40.11299204826355,116880,2149284,2154344,2151758,1568389,0,710,0
40.14594912528992,116880,2166212,2171240,2168686,1572533,0,710,0
40.18024206161499,116880,2182728,2187752,2185202,1576740,0,710,0
40.21392297744751,116880,2199580,2204648,2202054,1580834,0,711,0
40.25102210044861,116880,2217764,2222824,2220238,1585367,0,711,0
40.28572392463684,116880,2232300,2236904,2234774,1589643,0,712,0
40.31982898712158,116880,2232300,2236904,2234774,1591491,0,712,0
40.353764057159424,116880,2232300,2236904,2234774,1591491,0,712,0
40.3865180015564,116880,2232300,2236904,2234774,1591491,0,712,0
40.42067503929138,116880,2232300,2236904,2234774,1591491,0,712,0
40.45382308959961,116880,2232300,2236904,2234774,1591491,0,712,0
40.48781704902649,116880,2232300,2236904,2234774,1591491,0,712,0
40.5214319229126,116880,2232300,2236904,2234774,1591491,0,712,0
40.55377507209778,116880,2232300,2236904,2234774,1591491,0,712,0
40.587547063827515,116880,2232300,2236904,2234774,1591491,0,712,0
40.62027907371521,116880,2232300,2236904,2234774,1591491,0,712,0
40.65376114845276,116880,2232300,2236904,2234774,1591491,0,712,0
40.686360120773315,116880,2232300,2236904,2234774,1591491,0,712,0
40.71875596046448,116880,2232300,2236904,2234774,1591491,0,712,0
40.75097894668579,116880,2232300,2236904,2234774,1591491,0,712,0
40.783226013183594,116880,2232300,2236904,2234774,1591491,0,712,0
40.81679606437683,116880,2232300,2236904,2234774,1591491,0,712,0
40.85034108161926,116880,2232300,2236904,2234774,1591491,0,712,0
40.88414406776428,116880,2232300,2236904,2234774,1591491,0,712,0
40.9178249835968,116880,2232300,2236904,2234774,1591491,0,712,0
40.951478004455566,116880,2232300,2236904,2234774,1591491,0,712,0
40.98497700691223,116880,2232300,2236904,2234774,1591491,0,712,0
41.01852107048035,116880,2232300,2236904,2234774,1591491,0,712,0
41.05179810523987,116880,2232300,2236904,2234774,1591491,0,712,0
41.085593938827515,116880,2232300,2236904,2234774,1591491,0,712,0
41.11967492103577,116880,2232300,2236904,2234774,1591491,0,712,0
41.15260601043701,116880,2232300,2236904,2234774,1591491,0,712,0
41.18571209907532,116880,2232300,2236904,2234774,1591491,0,712,0
41.21944808959961,116880,2232300,2236904,2234774,1591491,0,712,0
41.25312805175781,116880,2232300,2236904,2234774,1591491,0,712,0
41.28680396080017,116880,2232300,2236904,2234774,1591491,0,712,0
41.32074308395386,116880,2232300,2236904,2234774,1591491,0,712,0
41.35454201698303,116880,2232300,2236904,2234774,1591491,0,712,0
41.38830900192261,116880,2232300,2236904,2234774,1591491,0,712,0
41.42225193977356,116880,2232300,2236904,2234774,1591491,0,712,0
41.45576095581055,116880,2232300,2236904,2234774,1591491,0,712,0
41.48916292190552,116880,2232300,2236904,2234774,1591491,0,712,0
41.522653102874756,116880,2232300,2236904,2234774,1591491,0,712,0
41.555603981018066,116880,2232300,2236904,2234774,1591491,0,712,0
41.58876895904541,116880,2232300,2236904,2234774,1591491,0,712,0
41.62578511238098,116880,2232300,2236904,2234774,1591491,0,712,0
41.65948796272278,116880,2232300,2236904,2234774,1591491,0,712,0
41.69294214248657,116880,2232300,2236904,2234774,1591491,0,712,0
41.72734212875366,116880,2232300,2236904,2234774,1591491,0,712,0
41.76019096374512,116880,2232300,2236904,2234774,1591491,0,712,0
41.79295611381531,116880,2232300,2236904,2234774,1591491,0,712,0
41.82576107978821,116880,2232300,2236904,2234774,1591491,0,712,0
41.85844397544861,116880,2232300,2236904,2234774,1591491,0,712,0
41.891156911849976,116880,2232300,2236904,2234774,1591491,0,712,0
41.92416191101074,116880,2232300,2236904,2234774,1591491,0,712,0
41.956807136535645,116880,2232300,2236904,2234774,1591491,0,712,0
41.989623069763184,116880,2232300,2236904,2234774,1591491,0,712,0
42.022298097610474,116880,2232300,2236904,2234774,1591491,0,712,0
42.05485796928406,116880,2232300,2236904,2234774,1591491,0,712,0
42.087597131729126,116880,2232300,2236904,2234774,1591491,0,712,0
42.120243072509766,116880,2232300,2236904,2234774,1591491,0,712,0
42.15334510803223,116880,2232300,2236904,2234774,1591491,0,712,0
42.185709953308105,116880,2232300,2236904,2234774,1591491,0,712,0
42.218547105789185,116880,2232300,2236904,2234774,1591491,0,712,0
42.251359939575195,116880,2232300,2236904,2234774,1591491,0,712,0
42.283843994140625,116880,2232300,2236904,2234774,1591491,0,712,0
42.31684708595276,116880,2223272,2190312,2225746,1591491,0,710,0
42.3517529964447,116880,2158336,2130536,2160810,1591491,0,710,0
42.384674072265625,116880,2097900,2071144,2100374,1591491,0,708,0
42.41680693626404,116880,2038584,2011624,2041058,1591491,0,707,0
42.449450969696045,116880,1978648,1953640,1981122,1591491,0,706,0
42.48060703277588,116880,1920392,1896552,1922866,1591491,0,704,0
42.511059045791626,116880,1863152,1840360,1865626,1591491,0,704,0
42.5410521030426,116880,1806668,1783784,1809142,1591491,0,702,0
42.571593046188354,116880,1745448,1724904,1747922,1591491,0,701,0
42.603503942489624,116880,1691356,1671528,1693830,1591491,0,700,0
42.63245105743408,116880,1637776,1618024,1640250,1591491,0,699,0
42.66121506690979,116880,1584448,1565800,1586922,1591491,0,698,0
42.689399003982544,116880,1531984,1514344,1534458,1591491,0,697,0
42.7169930934906,116880,1480928,1463528,1483402,1591491,0,696,0
42.74449801445007,116880,1429644,1414504,1432118,1591491,0,695,0
42.77068114280701,116880,1380608,1365992,1383082,1591491,0,694,0
42.79622411727905,116880,1331848,1318120,1334322,1591491,0,693,0
42.8215389251709,116880,1283952,1270888,1286426,1591491,0,692,0
42.84649205207825,116880,1236780,1224680,1239254,1591491,0,691,0
42.87139391899109,116880,1190564,1178216,1193038,1591491,0,690,0
42.89648103713989,116880,1143948,1133160,1146422,1591491,0,689,0
42.92042398452759,116880,1099016,1089000,1101490,1591491,0,688,0
42.94406604766846,116880,1054616,1045096,1057090,1591491,0,688,0
42.96725010871887,116880,1010932,1002088,1013406,1591491,0,686,0
42.98997211456299,116880,967704,959720,970178,1591491,0,686,0
43.01235914230347,116880,925212,917224,927686,1591491,0,685,0
43.0351779460907,116880,882740,875752,885214,1591491,0,684,0
43.05718803405762,116880,841532,835176,844006,1591491,0,683,0
43.07865905761719,116880,800900,794600,803374,1591491,0,682,0
43.10045909881592,116880,760440,754920,762914,1591491,0,682,0
43.12186908721924,116880,720808,716392,723282,1591491,0,681,0
43.14269804954529,116880,681660,677224,684134,1591491,0,680,0
43.16407299041748,116880,642480,638696,644954,1591491,0,679,0
43.18467402458191,116880,603860,600680,606334,1591491,0,678,0
43.2048499584198,116880,566112,563304,568586,1591491,0,678,0
43.22468900680542,116880,528648,526568,531122,1591491,0,677,0
43.24416399002075,116880,491468,490216,493942,1591491,0,676,0
43.26361107826233,116880,455344,453992,457818,1591491,0,676,0
43.28268313407898,116880,419136,418664,421610,1591491,0,675,0
43.30160212516785,116880,383804,383848,386278,1591491,0,674,0
43.32017111778259,116880,349344,349672,351818,1591491,0,673,0
43.33858299255371,116880,314728,315624,317202,1591491,0,672,0
43.35669994354248,116880,280568,282216,283042,1591491,0,672,0
43.37467408180237,116880,247024,249192,249498,1591491,0,671,0
43.39232611656189,116880,213992,216296,216466,1591491,0,670,0
43.40975594520569,116880,181320,184040,183794,1591491,0,670,0
43.42691206932068,116880,149060,152296,151534,1591491,0,669,0
43.4438910484314,116880,135212,140008,137686,1591491,0,669,0
43.46095299720764,116880,0,0,0,1591606,0,0,0
43.47462296485901,116880,0,0,0,1591606,0,0,0
43.48872494697571,116880,0,0,0,1591606,0,0,0
