elapsed_s,pid,uss,rss,pss,min_flt,maj_flt,oom,oomadj
0.0014090538024902344,59692,11976,13028,12424,1056,0,666,0
0.014794111251831055,59692,14180,16220,15246,1331,0,666,0
0.028692007064819336,59692,15648,18376,17020,1537,0,666,0
0.04251408576965332,59692,20992,23844,22356,2058,0,666,0
0.05657792091369629,59692,52600,57828,55076,5043,0,667,0
0.07165789604187012,59692,81256,86504,83732,12172,0,668,0
0.0871438980102539,59692,93852,98624,96328,13859,0,668,0
0.10277891159057617,59692,99128,103900,101604,14165,0,668,0
0.11783504486083984,59692,99156,103900,101632,14172,0,668,0
0.13269495964050293,59692,126484,131256,128960,14362,0,669,0
0.1481480598449707,59692,120704,125484,123180,14363,0,668,0
0.16280889511108398,59692,120704,125484,123180,14363,0,668,0
0.17736291885375977,59692,126848,131620,129324,14366,0,669,0
0.1920180320739746,59692,126848,131620,129324,14366,0,669,0
0.2065880298614502,59692,126848,131620,129324,14366,0,669,0
0.22109603881835938,59692,127708,132388,130184,14581,0,669,0
0.23585009574890137,59692,127708,132388,130184,14581,0,669,0
0.25052905082702637,59692,127708,132388,130184,14581,0,669,0
0.2649650573730469,59692,127708,132388,130184,14581,0,669,0
0.27922987937927246,59692,126828,131712,129304,14581,0,669,0
0.29395008087158203,59692,126828,131712,129304,14581,0,669,0
0.30826687812805176,59692,126828,131712,129304,14581,0,669,0
0.322796106338501,59692,126828,131712,129304,14581,0,669,0
0.3376350402832031,59692,126828,131712,129304,14581,0,669,0
0.3522989749908447,59692,126828,131712,129304,14581,0,669,0
0.36710405349731445,59692,126828,131712,129304,14581,0,669,0
0.3812570571899414,59692,126828,131712,129304,14581,0,669,0
0.395827054977417,59692,126828,131712,129304,14581,0,669,0
0.41023898124694824,59692,126828,131712,129304,14581,0,669,0
0.42427992820739746,59692,126828,131712,129304,14581,0,669,0
0.4382450580596924,59692,126828,131712,129304,14581,0,669,0
0.45223188400268555,59692,126828,131712,129304,14581,0,669,0
0.46926188468933105,59692,126828,131712,129304,14581,0,669,0
0.48331499099731445,59692,126828,131712,129304,14581,0,669,0
0.4973108768463135,59692,126828,131712,129304,14581,0,669,0
0.5112650394439697,59692,126828,131712,129304,14581,0,669,0
0.5257670879364014,59692,126828,131712,129304,14581,0,669,0
0.5402359962463379,59692,126828,131712,129304,14581,0,669,0
0.5541989803314209,59692,126828,131712,129304,14581,0,669,0
0.5682089328765869,59692,126828,131712,129304,14581,0,669,0
0.5821800231933594,59692,126828,131712,129304,14581,0,669,0
0.5962240695953369,59692,126828,131712,129304,14581,0,669,0
0.6102139949798584,59692,126828,131712,129304,14581,0,669,0
0.6242311000823975,59692,126828,131712,129304,14581,0,669,0
0.6382460594177246,59692,126828,131712,129304,14581,0,669,0
0.6522130966186523,59692,126828,131712,129304,14581,0,669,0
0.6662490367889404,59692,126828,131712,129304,14581,0,669,0
0.6802759170532227,59692,126828,131712,129304,14581,0,669,0
0.6947948932647705,59692,126828,131712,129304,14581,0,669,0
0.7092690467834473,59692,126828,131712,129304,14581,0,669,0
0.7236659526824951,59692,126828,131712,129304,14581,0,669,0
0.7379300594329834,59692,126828,131712,129304,14581,0,669,0
0.752194881439209,59692,126828,131712,129304,14581,0,669,0
0.7663130760192871,59692,126828,131712,129304,14581,0,669,0
0.7807009220123291,59692,126828,131712,129304,14581,0,669,0
0.794795036315918,59692,126828,131712,129304,14581,0,669,0
0.8089931011199951,59692,126828,131712,129304,14581,0,669,0
0.8231310844421387,59692,126828,131712,129304,14581,0,669,0
0.8372559547424316,59692,126828,131712,129304,14581,0,669,0
0.851309061050415,59692,126828,131712,129304,14581,0,669,0
0.8652889728546143,59692,126828,131712,129304,14581,0,669,0
0.879235029220581,59692,126828,131712,129304,14581,0,669,0
0.8932108879089355,59692,126828,131712,129304,14581,0,669,0
0.9073669910430908,59692,126828,131712,129304,14581,0,669,0
0.9216880798339844,59692,126828,131712,129304,14581,0,669,0
0.9362790584564209,59692,126828,131712,129304,14581,0,669,0
0.9508039951324463,59692,126828,131712,129304,14581,0,669,0
0.9649789333343506,59692,126828,131712,129304,14581,0,669,0
0.9792470932006836,59692,126828,131712,129304,14581,0,669,0
0.9932329654693604,59692,126828,131712,129304,14581,0,669,0
1.0071830749511719,59692,126828,131712,129304,14581,0,669,0
1.021239995956421,59692,126828,131712,129304,14581,0,669,0
1.0352039337158203,59692,126828,131712,129304,14581,0,669,0
1.0492279529571533,59692,126828,131712,129304,14581,0,669,0
1.0632190704345703,59692,126828,131712,129304,14581,0,669,0
1.0772778987884521,59692,126828,131712,129304,14581,0,669,0
1.0918281078338623,59692,126828,131712,129304,14581,0,669,0
1.1062300205230713,59692,126828,131712,129304,14581,0,669,0
1.1207349300384521,59692,126828,131712,129304,14581,0,669,0
1.1351289749145508,59692,126828,131712,129304,14581,0,669,0
1.1493849754333496,59692,126828,131712,129304,14581,0,669,0
1.1637089252471924,59692,126828,131712,129304,14581,0,669,0
1.177670955657959,59692,126828,131712,129304,14581,0,669,0
1.1916499137878418,59692,126828,131712,129304,14581,0,669,0
1.2055730819702148,59692,126828,131712,129304,14581,0,669,0
1.219214916229248,59692,126828,131712,129304,14581,0,669,0
1.233227014541626,59692,126828,131712,129304,14581,0,669,0
1.247222900390625,59692,126828,131712,129304,14581,0,669,0
1.2612318992614746,59692,126828,131712,129304,14581,0,669,0
1.275252103805542,59692,126828,131712,129304,14581,0,669,0
1.2890698909759521,59692,126828,131712,129304,14581,0,669,0
1.3031549453735352,59692,126828,131712,129304,14581,0,669,0
1.3172399997711182,59692,126828,131712,129304,14581,0,669,0
1.3312129974365234,59692,126828,131712,129304,14581,0,669,0
1.345262050628662,59692,126828,131712,129304,14581,0,669,0
1.3592240810394287,59692,126828,131712,129304,14581,0,669,0
1.3733940124511719,59692,126828,131712,129304,14581,0,669,0
1.3873438835144043,59692,126828,131712,129304,14581,0,669,0
1.4022040367126465,59692,126828,131712,129304,14581,0,669,0
1.4163310527801514,59692,126828,131712,129304,14581,0,669,0
1.430919885635376,59692,126828,131712,129304,14581,0,669,0
1.4452970027923584,59692,126828,131712,129304,14581,0,669,0
1.4597179889678955,59692,126828,131712,129304,14581,0,669,0
1.4738481044769287,59692,126828,131712,129304,14581,0,669,0
1.4878880977630615,59692,126828,131712,129304,14581,0,669,0
1.5020170211791992,59692,126828,131712,129304,14581,0,669,0
1.5161330699920654,59692,126828,131712,129304,14581,0,669,0
1.5302619934082031,59692,126828,131712,129304,14581,0,669,0
1.544990062713623,59692,126828,131712,129304,14581,0,669,0
1.559217929840088,59692,126828,131712,129304,14581,0,669,0
1.5733420848846436,59692,126828,131712,129304,14581,0,669,0
1.5873088836669922,59692,126828,131712,129304,14581,0,669,0
1.6012170314788818,59692,126828,131712,129304,14581,0,669,0
1.6152639389038086,59692,126828,131712,129304,14581,0,669,0
1.6292650699615479,59692,126828,131712,129304,14581,0,669,0
1.6432690620422363,59692,126828,131712,129304,14581,0,669,0
1.6577200889587402,59692,126828,131712,129304,14581,0,669,0
1.672055959701538,59692,126828,131712,129304,14581,0,669,0
1.686410903930664,59692,126828,131712,129304,14581,0,669,0
1.7008509635925293,59692,126828,131712,129304,14581,0,669,0
1.715250015258789,59692,126828,131712,129304,14581,0,669,0
1.7297399044036865,59692,126828,131712,129304,14581,0,669,0
1.744271993637085,59692,126828,131712,129304,14581,0,669,0
1.7589659690856934,59692,126828,131712,129304,14581,0,669,0
1.7736458778381348,59692,126828,131712,129304,14581,0,669,0
1.7882530689239502,59692,126828,131712,129304,14581,0,669,0
1.8027920722961426,59692,126828,131712,129304,14581,0,669,0
1.8171839714050293,59692,126828,131712,129304,14581,0,669,0
1.831083059310913,59692,126828,131712,129304,14581,0,669,0
1.8456199169158936,59692,126828,131712,129304,14581,0,669,0
1.860219955444336,59692,126828,131712,129304,14581,0,669,0
1.874276876449585,59692,126828,131712,129304,14581,0,669,0
1.8882710933685303,59692,126828,131712,129304,14581,0,669,0
1.9022550582885742,59692,126828,131712,129304,14581,0,669,0
1.916269063949585,59692,126828,131712,129304,14581,0,669,0
1.9302620887756348,59692,126828,131712,129304,14581,0,669,0
1.9442520141601562,59692,126828,131712,129304,14581,0,669,0
1.9583330154418945,59692,126828,131712,129304,14581,0,669,0
1.9727349281311035,59692,126828,131712,129304,14581,0,669,0
1.9872329235076904,59692,126828,131712,129304,14581,0,669,0
2.0013160705566406,59692,126828,131712,129304,14581,0,669,0
2.015244960784912,59692,126828,131712,129304,14581,0,669,0
2.0292460918426514,59692,126828,131712,129304,14581,0,669,0
2.0432159900665283,59692,126828,131712,129304,14581,0,669,0
2.0572450160980225,59692,126828,131712,129304,14581,0,669,0
2.0712499618530273,59692,126828,131712,129304,14581,0,669,0
2.085361957550049,59692,126828,131712,129304,14581,0,669,0
2.100003957748413,59692,126828,131712,129304,14581,0,669,0
2.1143829822540283,59692,126828,131712,129304,14581,0,669,0
2.128679037094116,59692,126828,131712,129304,14581,0,669,0
2.1431429386138916,59692,126828,131712,129304,14581,0,669,0
2.15740704536438,59692,126828,131712,129304,14581,0,669,0
2.171781063079834,59692,126828,131712,129304,14581,0,669,0
2.185965061187744,59692,126828,131712,129304,14581,0,669,0
2.200126886367798,59692,126828,131712,129304,14581,0,669,0
2.214245080947876,59692,126828,131712,129304,14581,0,669,0
2.2286570072174072,59692,126828,131712,129304,14581,0,669,0
2.242805004119873,59692,128876,133648,131352,14582,0,669,0
2.260819911956787,59692,139116,143888,141592,14587,0,669,0
2.2756290435791016,59692,149356,154128,151832,14592,0,669,0
2.290494918823242,59692,159596,164368,162072,14597,0,670,0
2.3053410053253174,59692,169836,174608,172312,14602,0,670,0
2.3201661109924316,59692,180076,184848,182552,14607,0,670,0
2.3349249362945557,59692,190316,195088,192792,14612,0,670,0
2.349782943725586,59692,200556,205328,203032,14617,0,670,0
2.3647990226745605,59692,210796,215568,213272,14622,0,670,0
2.3797390460968018,59692,221036,225808,223512,14627,0,670,0
2.394645929336548,59692,231276,238096,233752,14632,0,671,0
2.412342071533203,59692,243564,248336,246040,14638,0,671,0
2.427211046218872,59692,253804,258576,256280,14643,0,671,0
2.4421780109405518,59692,264044,268816,266520,14648,0,672,0
2.4570789337158203,59692,274284,279056,276760,14653,0,672,0
2.4719491004943848,59692,284524,289296,287000,14658,0,672,0
2.486851930618286,59692,294764,299536,297240,14663,0,672,0
2.5017669200897217,59692,305004,309776,307480,14668,0,672,0
2.5167388916015625,59692,315244,320016,317720,14673,0,672,0
2.5315771102905273,59692,325484,330256,327960,14678,0,673,0
2.5463380813598633,59692,335724,340496,338200,14683,0,673,0
2.5611798763275146,59692,345964,350736,348440,14688,0,673,0
2.5762720108032227,59692,356204,360976,358680,14693,0,674,0
2.5911989212036133,59692,366444,371216,368920,14698,0,674,0
2.6061289310455322,59692,376684,381456,379160,14703,0,674,0
2.621011972427368,59692,386924,391696,389400,14708,0,674,0
2.6359241008758545,59692,397164,401936,399640,14713,0,674,0
2.6512129306793213,59692,407404,412176,409880,14718,0,674,0
2.6661229133605957,59692,417644,422416,420120,14723,0,674,0
2.681166887283325,59692,427884,432656,430360,14728,0,675,0
2.69610595703125,59692,438124,442896,440600,14733,0,675,0
2.711021900177002,59692,448364,453136,450840,14738,0,675,0
2.725943088531494,59692,458604,463376,461080,14743,0,676,0
2.740936040878296,59692,468844,473616,471320,14748,0,676,0
2.7558228969573975,59692,479084,483856,481560,14753,0,676,0
2.770843982696533,59692,489324,494096,491800,14758,0,676,0
2.7857329845428467,59692,499564,504336,502040,14763,0,676,0
2.8005809783935547,59692,509804,514576,512280,14768,0,676,0
2.8154709339141846,59692,520044,524816,522520,14773,0,677,0
2.830293893814087,59692,530284,535056,532760,14778,0,677,0
2.845262050628662,59692,540524,545296,543000,14783,0,677,0
2.8606739044189453,59692,550764,557584,553240,14788,0,678,0
2.8757998943328857,59692,561004,567824,563480,14793,0,678,0
2.890795946121216,59692,571244,578064,573720,14798,0,678,0
2.9059629440307617,59692,581484,588304,583960,14803,0,678,0
2.9209530353546143,59692,591724,598544,594200,14808,0,678,0
2.93585205078125,59692,601964,608784,604440,14813,0,678,0
2.950727939605713,59692,612204,619024,614680,14818,0,678,0
2.965723991394043,59692,622444,629264,624920,14823,0,679,0
2.980771064758301,59692,632684,639504,635160,14828,0,679,0
2.9957659244537354,59692,642924,649744,645400,14833,0,679,0
3.010732889175415,59692,653164,659984,655640,14838,0,680,0
3.0256879329681396,59692,663404,670224,665880,14843,0,680,0
3.040580987930298,59692,673644,680464,676120,14848,0,680,0
3.0555970668792725,59692,683884,690704,686360,14853,0,680,0
3.070509910583496,59692,694124,700944,696600,14858,0,680,0
3.085599899291992,59692,704364,711184,706840,14863,0,680,0
3.100374937057495,59692,714604,721424,717080,14868,0,681,0
3.115278959274292,59692,724844,731664,727320,14873,0,681,0
3.1302649974823,59692,735084,741904,737560,14878,0,681,0
3.1451990604400635,59692,745324,752144,747800,14883,0,681,0
3.16028094291687,59692,755564,762384,758040,14888,0,682,0
3.175199031829834,59692,767852,772624,770328,14893,0,682,0
3.1902899742126465,59692,778092,782864,780568,14898,0,682,0
3.205280065536499,59692,788332,793104,790808,14904,0,682,0
3.2202038764953613,59692,798572,803344,801048,14909,0,682,0
3.235205888748169,59692,808812,813584,811288,14914,0,682,0
3.2501630783081055,59692,819052,823824,821528,14919,0,683,0
3.265230894088745,59692,829292,834064,831768,14924,0,683,0
3.280273914337158,59692,839532,844304,842008,14929,0,683,0
3.2953310012817383,59692,849772,854544,852248,14934,0,684,0
3.3102469444274902,59692,860012,864784,862488,14939,0,684,0
3.3250179290771484,59692,870252,875024,872728,14944,0,684,0
3.3399651050567627,59692,880492,885264,882968,14949,0,684,0
3.3549399375915527,59692,890732,895504,893208,14954,0,684,0
3.3700149059295654,59692,903020,907792,905496,14960,0,684,0
3.387794017791748,59692,913260,918032,915736,14965,0,684,0
3.4026989936828613,59692,923500,928272,925976,14970,0,685,0
3.4176199436187744,59692,933740,938512,936216,14975,0,685,0
3.432499885559082,59692,943980,948752,946456,14980,0,685,0
3.4473230838775635,59692,954220,958992,956696,14985,0,686,0
3.462364912033081,59692,964460,969232,966936,14990,0,686,0
3.4773149490356445,59692,974700,979472,977176,14995,0,686,0
3.4924659729003906,59692,984940,989712,987416,15000,0,686,0
3.5073320865631104,59692,995180,999952,997656,15005,0,686,0
3.52219295501709,59692,1005420,1010192,1007896,15010,0,686,0
3.5371251106262207,59692,1015660,1020432,1018136,15015,0,687,0
3.552082061767578,59692,1025900,1030672,1028376,15020,0,687,0
3.567044973373413,59692,1036140,1040912,1038616,15025,0,687,0
3.5820300579071045,59692,1046380,1053200,1048856,15030,0,688,0
3.597104072570801,59692,1056620,1063440,1059096,15035,0,688,0
3.6121740341186523,59692,1066860,1073680,1069336,15040,0,688,0
3.6272060871124268,59692,1077100,1083920,1079576,15045,0,688,0
3.6422441005706787,59692,1087340,1094160,1089816,15050,0,688,0
3.657254934310913,59692,1097580,1104400,1100056,15055,0,688,0
3.672257900238037,59692,1107820,1114640,1110296,15060,0,688,0
3.6875720024108887,59692,1120108,1124880,1122584,15065,0,689,0
3.7027480602264404,59692,1130348,1135120,1132824,15070,0,689,0
3.7177059650421143,59692,1140588,1145360,1143064,15075,0,689,0
3.7330410480499268,59692,1150828,1155600,1153304,15081,0,690,0
3.747957944869995,59692,1161068,1165840,1163544,15086,0,690,0
3.7628259658813477,59692,1171308,1176080,1173784,15091,0,690,0
3.777719020843506,59692,1181548,1186320,1184024,15096,0,690,0
3.792435884475708,59692,1191788,1196560,1194264,15101,0,690,0
3.8072190284729004,59692,1202028,1206800,1204504,15106,0,690,0
3.8219499588012695,59692,1212268,1217040,1214744,15111,0,691,0
3.836949110031128,59692,1222508,1227280,1224984,15116,0,691,0
3.851797103881836,59692,1232748,1237520,1235224,15121,0,691,0
3.866655111312866,59692,1242988,1249808,1245464,15126,0,692,0
3.8838019371032715,59692,1253228,1260048,1255704,15131,0,692,0
3.8992650508880615,59692,1263468,1270288,1265944,15136,0,692,0
3.9142661094665527,59692,1275756,1280528,1278232,15141,0,692,0
3.92922306060791,59692,1285996,1290768,1288472,15146,0,692,0
3.9442219734191895,59692,1296236,1301008,1298712,15152,0,692,0
3.95922589302063,59692,1306476,1311248,1308952,15157,0,692,0
3.974155902862549,59692,1316716,1321488,1319192,15162,0,693,0
3.9888460636138916,59692,1326956,1331728,1329432,15167,0,693,0
4.003582954406738,59692,1337196,1341968,1339672,15172,0,693,0
4.0183799266815186,59692,1347436,1352208,1349912,15177,0,694,0
4.03338098526001,59692,1357676,1362448,1360152,15182,0,694,0
4.048295021057129,59692,1367916,1372688,1370392,15187,0,694,0
4.063261985778809,59692,1378156,1382928,1380632,15192,0,694,0
4.078162908554077,59692,1388396,1393168,1390872,15197,0,694,0
4.09349799156189,59692,1398636,1403408,1401112,15202,0,694,0
4.108772039413452,59692,1408876,1413648,1411352,15207,0,695,0
4.1236350536346436,59692,1419116,1425936,1421592,15212,0,695,0
4.138649940490723,59692,1429356,1436176,1431832,15217,0,695,0
4.15366005897522,59692,1439596,1446416,1442072,15222,0,696,0
4.168644905090332,59692,1449836,1456656,1452312,15227,0,696,0
4.1836020946502686,59692,1460076,1466896,1462552,15232,0,696,0
4.19856595993042,59692,1470316,1477136,1472792,15237,0,696,0
4.213598966598511,59692,1480556,1487376,1483032,15242,0,696,0
4.228559970855713,59692,1490796,1497616,1493272,15247,0,696,0
4.243546009063721,59692,1501036,1507856,1503512,15252,0,696,0
4.258502006530762,59692,1511276,1518096,1513752,15257,0,697,0
4.273334980010986,59692,1523564,1528336,1526040,15262,0,697,0
4.2882609367370605,59692,1533804,1538576,1536280,15267,0,697,0
4.3032989501953125,59692,1544044,1548816,1546520,15272,0,698,0
4.318382024765015,59692,1554284,1559056,1556760,15277,0,698,0
4.3331639766693115,59692,1564524,1569296,1567000,15282,0,698,0
4.3479979038238525,59692,1574764,1579536,1577240,15287,0,698,0
4.363324880599976,59692,1585004,1589776,1587480,15292,0,698,0
4.378247022628784,59692,1595244,1600016,1597720,15298,0,698,0
4.393234968185425,59692,1605484,1610256,1607960,15303,0,699,0
4.408047914505005,59692,1615724,1620496,1618200,15308,0,699,0
4.4230968952178955,59692,1625964,1630736,1628440,15313,0,699,0
4.438062906265259,59692,1636204,1640976,1638680,15318,0,700,0
4.453066110610962,59692,1646444,1651216,1648920,15323,0,700,0
4.467911005020142,59692,1656684,1661456,1659160,15328,0,700,0
4.482614040374756,59692,1666924,1671696,1669400,15333,0,700,0
4.497318983078003,59692,1677164,1681936,1679640,15338,0,700,0
4.512238025665283,59692,1687404,1692176,1689880,15343,0,700,0
4.527256965637207,59692,1697644,1702416,1700120,15348,0,700,0
4.542219877243042,59692,1707884,1712656,1710360,15353,0,701,0
4.557147026062012,59692,1718124,1722896,1720600,15358,0,701,0
4.572084903717041,59692,1728364,1733136,1730840,15363,0,701,0
4.587064027786255,59692,1738604,1743376,1741080,15368,0,702,0
4.602032899856567,59692,1748844,1753616,1751320,15373,0,702,0
4.617181062698364,59692,1759084,1765904,1761560,15378,0,702,0
4.632287979125977,59692,1769324,1774096,1771800,15383,0,702,0
4.647289037704468,59692,1779564,1786384,1782040,15388,0,702,0
4.662308931350708,59692,1789804,1796624,1792280,15393,0,702,0
4.677336931228638,59692,1800044,1806864,1802520,15398,0,703,0
4.692264080047607,59692,1810284,1817104,1812760,15403,0,703,0
4.707245111465454,59692,1820524,1827344,1823000,15408,0,703,0
4.72279691696167,59692,1830764,1837584,1833240,15413,0,704,0
4.73799204826355,59692,1841004,1847824,1843480,15418,0,704,0
4.752922058105469,59692,1851244,1858064,1853720,15423,0,704,0
4.767940998077393,59692,1861484,1868304,1863960,15428,0,704,0
4.782835960388184,59692,1871724,1878544,1874200,15433,0,704,0
4.797827959060669,59692,1884012,1888784,1886488,15438,0,704,0
4.812723875045776,59692,1894252,1899024,1896728,15443,0,704,0
4.827533960342407,59692,1904492,1909264,1906968,15449,0,705,0
4.842181921005249,59692,1914732,1919504,1917208,15454,0,705,0
4.857132911682129,59692,1924972,1929744,1927448,15459,0,705,0
4.872236967086792,59692,1935212,1939984,1937688,15464,0,706,0
4.887305021286011,59692,1945452,1950224,1947928,15469,0,706,0
4.902474880218506,59692,1955692,1960464,1958168,15474,0,706,0
4.91756796836853,59692,1965932,1970704,1968408,15479,0,706,0
4.933052062988281,59692,1976172,1980944,1978648,15484,0,706,0
4.94808292388916,59692,1986412,1991184,1988888,15489,0,706,0
4.962944030761719,59692,1996652,2001424,1999128,15494,0,707,0
4.977821111679077,59692,2006892,2011664,2009368,15499,0,707,0
4.992700099945068,59692,2017132,2023952,2019608,15504,0,707,0
5.007807970046997,59692,2027372,2034192,2029848,15509,0,708,0
5.022926092147827,59692,2037612,2044432,2040088,15514,0,708,0
5.038007020950317,59692,2047852,2054672,2050328,15519,0,708,0
5.052973985671997,59692,2058092,2064912,2060568,15524,0,708,0
5.067941904067993,59692,2068332,2075152,2070808,15529,0,708,0
5.083014011383057,59692,2078572,2085392,2081048,15534,0,708,0
5.098107099533081,59692,2088812,2095632,2091288,15539,0,708,0
5.113077878952026,59692,2101100,2105872,2103576,15544,0,709,0
5.128222942352295,59692,2111340,2116112,2113816,15550,0,709,0
5.1432859897613525,59692,2121580,2126352,2124056,15555,0,709,0
5.158374071121216,59692,2131820,2136592,2134296,15560,0,710,0
5.173253059387207,59692,2142060,2146832,2144536,15565,0,710,0
5.1882688999176025,59692,2152300,2157072,2154776,15570,0,710,0
5.2031309604644775,59692,2162540,2167312,2165016,15575,0,710,0
5.21806788444519,59692,2172780,2177552,2175256,15580,0,710,0
5.233076095581055,59692,2183020,2187792,2185496,15585,0,710,0
5.248020887374878,59692,2193260,2198032,2195736,15590,0,711,0
5.262793064117432,59692,2203500,2208272,2205976,15595,0,711,0
5.2776899337768555,59692,2213740,2218512,2216216,15600,0,711,0
5.292682886123657,59692,2223980,2228752,2226456,15605,0,711,0
5.307841062545776,59692,2234220,2238992,2236696,15610,0,712,0
5.323225021362305,59692,2244460,2251280,2246936,15615,0,712,0
5.3388450145721436,59692,2254700,2261520,2257176,15620,0,712,0
5.354196071624756,59692,2264940,2271760,2267416,15625,0,712,0
5.369118928909302,59692,2275180,2282000,2277656,15630,0,712,0
5.384160995483398,59692,2285420,2292240,2287896,15635,0,712,0
5.3992109298706055,59692,2295660,2302480,2298136,15640,0,713,0
5.414233922958374,59692,2307948,2312720,2310424,15645,0,713,0
5.429248094558716,59692,2318188,2322960,2320664,15650,0,713,0
5.444411993026733,59692,2328428,2333200,2330904,15656,0,714,0
5.4593400955200195,59692,2338668,2343440,2341144,15661,0,714,0
5.474315881729126,59692,2348908,2353680,2351384,15666,0,714,0
5.489264011383057,59692,2359148,2363920,2361624,15671,0,714,0
5.504254102706909,59692,2369388,2374160,2371864,15676,0,714,0
5.519187927246094,59692,2379628,2384400,2382104,15681,0,714,0
5.534069061279297,59692,2389868,2394640,2392344,15686,0,715,0
5.54947304725647,59692,2400108,2404880,2402584,15691,0,715,0
5.56467604637146,59692,2410348,2415120,2412824,15696,0,715,0
5.579914093017578,59692,2420588,2427408,2423064,15701,0,716,0
5.595042943954468,59692,2430828,2437648,2433304,15706,0,716,0
5.610023021697998,59692,2441068,2447888,2443544,15711,0,716,0
5.625226020812988,59692,2451308,2458128,2453784,15716,0,716,0
5.6403679847717285,59692,2461548,2468368,2464024,15721,0,716,0
5.65529990196228,59692,2473836,2478608,2476312,15726,0,716,0
5.67022705078125,59692,2484076,2488848,2486552,15731,0,716,0
5.685276985168457,59692,2494316,2499088,2496792,15736,0,717,0
5.700176954269409,59692,2504556,2509328,2507032,15742,0,717,0
5.715027093887329,59692,2514796,2519568,2517272,15747,0,717,0
5.729734897613525,59692,2525036,2529808,2527512,15752,0,718,0
5.745007038116455,59692,2535276,2540048,2537752,15757,0,718,0
5.760020971298218,59692,2545516,2550288,2547992,15762,0,718,0
5.774983882904053,59692,2555756,2560528,2558232,15767,0,718,0
5.790060997009277,59692,2565996,2570768,2568472,15772,0,718,0
5.805093050003052,59692,2576236,2581008,2578712,15777,0,718,0
5.820142984390259,59692,2586476,2591248,2588952,15782,0,718,0
5.835169076919556,59692,2596716,2601488,2599192,15787,0,719,0
5.85033392906189,59692,2606956,2613776,2609432,15792,0,719,0
5.865283012390137,59692,2617196,2624016,2619672,15797,0,719,0
5.88033390045166,59692,2627436,2634256,2629912,15802,0,720,0
5.895575046539307,59692,2637676,2644496,2640152,15807,0,720,0
5.910521030426025,59692,2647916,2654736,2650392,15812,0,720,0
5.925468921661377,59692,2658156,2664976,2660632,15817,0,720,0
5.940392017364502,59692,2670444,2675216,2672920,15822,0,720,0
5.955364942550659,59692,2680684,2685456,2683160,15827,0,720,0
5.9707560539245605,59692,2690924,2695696,2693400,15832,0,721,0
5.98587703704834,59692,2701164,2705936,2703640,15838,0,721,0
6.000818967819214,59692,2711404,2716176,2713880,15843,0,721,0
6.015748977661133,59692,2721644,2726416,2724120,15848,0,722,0
6.0307230949401855,59692,2731884,2736656,2734360,15853,0,722,0
6.045742988586426,59692,2742124,2746896,2744600,15858,0,722,0
6.060971021652222,59692,2752364,2757136,2754840,15863,0,722,0
6.076013088226318,59692,2762604,2767376,2765080,15868,0,722,0
6.091058015823364,59692,2772844,2777616,2775320,15873,0,722,0
6.106220960617065,59692,2783084,2787856,2785560,15878,0,722,0
6.1212170124053955,59692,2793324,2798096,2795800,15883,0,723,0
6.136317014694214,59692,2803564,2808336,2806040,15888,0,723,0
6.15136194229126,59692,2813804,2818576,2816280,15893,0,723,0
6.166299104690552,59692,2824044,2828816,2826520,15898,0,724,0
6.181533098220825,59692,2834284,2841104,2836760,15903,0,724,0
6.196798086166382,59692,2844524,2851344,2847000,15908,0,724,0
6.211987018585205,59692,2854764,2861584,2857240,15913,0,724,0
6.226984977722168,59692,2865004,2871824,2867480,15918,0,724,0
6.242106914520264,59692,2875244,2882064,2877720,15923,0,724,0
6.257284879684448,59692,2885484,2892304,2887960,15928,0,725,0
6.272262096405029,59692,2895724,2902544,2898200,15933,0,725,0
6.287239074707031,59692,2908012,2912784,2910488,15938,0,725,0
6.302759885787964,59692,2918252,2923024,2920728,15943,0,726,0
6.317759037017822,59692,2928492,2933264,2930968,15949,0,726,0
6.33284592628479,59692,2938732,2943504,2941208,15954,0,726,0
6.347786903381348,59692,2948972,2953744,2951448,15959,0,726,0
6.362941026687622,59692,2959212,2963984,2961688,15964,0,726,0
6.377922058105469,59692,2969452,2974224,2971928,15969,0,726,0
6.393362998962402,59692,2979692,2984464,2982168,15974,0,726,0
6.408552885055542,59692,2989932,2994704,2992408,15979,0,727,0
6.4237220287323,59692,3000172,3006992,3002648,15984,0,727,0
6.438847064971924,59692,3010412,3017232,3012888,15989,0,727,0
6.453919887542725,59692,3020652,3027472,3023128,15994,0,728,0
6.46906590461731,59692,3030892,3037712,3033368,15999,0,728,0
6.4841930866241455,59692,3041132,3047952,3043608,16004,0,728,0
6.499288082122803,59692,3053420,3058192,3055896,16009,0,728,0
6.51432204246521,59692,3063660,3068432,3066136,16014,0,728,0
6.529362916946411,59692,3073900,3078672,3076376,16020,0,728,0
6.544353008270264,59692,3084140,3088912,3086616,16025,0,729,0
6.559483051300049,59692,3094380,3099152,3096856,16030,0,729,0
6.574512958526611,59692,3104620,3109392,3107096,16035,0,729,0
6.58983588218689,59692,3114860,3119632,3117336,16040,0,730,0
6.605135917663574,59692,3125100,3129872,3127576,16045,0,730,0
6.620199918746948,59692,3135340,3140112,3137816,16050,0,730,0
6.635154962539673,59692,3145580,3150352,3148056,16055,0,730,0
6.649933099746704,59692,3155820,3160592,3158296,16060,0,730,0
6.6650919914245605,59692,3166060,3172880,3168536,16065,0,730,0
6.680277109146118,59692,3176300,3183120,3178776,16070,0,731,0
6.695374011993408,59692,3186540,3193360,3189016,16075,0,731,0
6.7103049755096436,59692,3196780,3203600,3199256,16080,0,731,0
6.725327968597412,59692,3207020,3213840,3209496,16085,0,731,0
6.7403669357299805,59692,3217260,3224080,3219736,16090,0,732,0
6.755414962768555,59692,3229548,3234320,3232024,16095,0,732,0
6.770464897155762,59692,3239788,3244560,3242264,16100,0,732,0
6.785578012466431,59692,3250028,3254800,3252504,16106,0,732,0
6.800851106643677,59692,3260268,3265040,3262744,16111,0,732,0
6.8162689208984375,59692,3270508,3275280,3272984,16116,0,732,0
6.831228017807007,59692,3280748,3285520,3283224,16121,0,733,0
6.846267938613892,59692,3290988,3295760,3293464,16126,0,733,0
6.861392974853516,59692,3301228,3306000,3303704,16131,0,733,0
6.87656307220459,59692,3311468,3316240,3313944,16136,0,734,0
6.891653060913086,59692,3321708,3326480,3324184,16141,0,734,0
6.9067230224609375,59692,3331948,3338768,3334424,16146,0,734,0
6.921847105026245,59692,3342188,3349008,3344664,16151,0,734,0
6.936889886856079,59692,3352428,3359248,3354904,16156,0,734,0
6.952007055282593,59692,3362668,3369488,3365144,16161,0,734,0
6.967174053192139,59692,3372908,3379728,3375384,16166,0,735,0
6.982255935668945,59692,3385196,3389968,3387672,16171,0,735,0
6.997550010681152,59692,3395436,3400208,3397912,16176,0,735,0
7.012826919555664,59692,3405676,3410448,3408152,16182,0,735,0
7.028040885925293,59692,3415916,3420688,3418392,16187,0,736,0
7.043020009994507,59692,3426156,3430928,3428632,16192,0,736,0
7.058084011077881,59692,3436396,3441168,3438872,16197,0,736,0
7.073045015335083,59692,3446636,3451408,3449112,16202,0,736,0
7.088093996047974,59692,3456876,3461648,3459352,16207,0,736,0
7.103086948394775,59692,3467116,3471888,3469592,16212,0,736,0
7.117930889129639,59692,3477356,3482128,3479832,16217,0,737,0
7.1329309940338135,59692,3487596,3492368,3490072,16222,0,737,0
7.147967100143433,59692,3497836,3502608,3500312,16227,0,737,0
7.162967920303345,59692,3508076,3512848,3510552,16232,0,738,0
7.17801308631897,59692,3518316,3523088,3520792,16237,0,738,0
7.193168878555298,59692,3528556,3535376,3531032,16242,0,738,0
7.208240032196045,59692,3538796,3545616,3541272,16247,0,738,0
7.22366189956665,59692,3549036,3555856,3551512,16252,0,738,0
7.238749980926514,59692,3559276,3566096,3561752,16257,0,738,0
7.253803968429565,59692,3569516,3576336,3571992,16262,0,739,0
7.269290924072266,59692,3581804,3586576,3584280,16268,0,739,0
7.286022901535034,59692,3592044,3598864,3594520,16273,0,739,0
7.301148891448975,59692,3602284,3609104,3604760,16278,0,740,0
7.316243886947632,59692,3612524,3619344,3615000,16283,0,740,0
7.331362962722778,59692,3622764,3629584,3625240,16288,0,740,0
7.346379995346069,59692,3633004,3639824,3635480,16293,0,740,0
7.361387014389038,59692,3643244,3650064,3645720,16298,0,740,0
7.376584053039551,59692,3655532,3660304,3658008,16303,0,740,0
7.39171290397644,59692,3665772,3670544,3668248,16308,0,740,0
7.406979084014893,59692,3676012,3680784,3678488,16314,0,741,0
7.422200918197632,59692,3686252,3691024,3688728,16319,0,741,0
7.43731689453125,59692,3696492,3701264,3698968,16324,0,741,0
7.452275991439819,59692,3706732,3711504,3709208,16329,0,742,0
7.467331886291504,59692,3716972,3721744,3719448,16334,0,742,0
7.4823620319366455,59692,3727212,3731984,3729688,16339,0,742,0
7.497381925582886,59692,3737452,3742224,3739928,16344,0,742,0
7.512593030929565,59692,3747692,3752464,3750168,16349,0,742,0
7.527585029602051,59692,3757932,3762704,3760408,16354,0,742,0
7.542619943618774,59692,3768172,3774992,3770648,16359,0,743,0
7.557646036148071,59692,3778412,3785232,3780888,16364,0,743,0
7.572664976119995,59692,3788652,3795472,3791128,16369,0,743,0
7.587820053100586,59692,3798892,3805712,3801368,16374,0,744,0
7.602895975112915,59692,3809132,3815952,3811608,16379,0,744,0
7.618083953857422,59692,3819372,3826192,3821848,16384,0,744,0
7.63338303565979,59692,3831660,3836432,3834136,16389,0,744,0
7.648603916168213,59692,3841900,3846672,3844376,16394,0,744,0
7.663706064224243,59692,3852140,3856912,3854616,16400,0,744,0
7.678728103637695,59692,3862380,3867152,3864856,16405,0,744,0
7.693984031677246,59692,3872620,3877392,3875096,16410,0,745,0
7.709235906600952,59692,3882860,3887632,3885336,16415,0,745,0
7.724292993545532,59692,3893100,3897872,3895576,16420,0,745,0
7.739439010620117,59692,3903340,3908112,3905816,16425,0,746,0
7.754386901855469,59692,3913580,3918352,3916056,16430,0,746,0
7.769345998764038,59692,3923820,3928592,3926296,16435,0,746,0
7.784477949142456,59692,3934060,3938832,3936536,16440,0,746,0
7.799621105194092,59692,3944300,3951120,3946776,16445,0,746,0
7.814613103866577,59692,3954540,3961360,3957016,16450,0,746,0
7.829668045043945,59692,3964780,3971600,3967256,16455,0,747,0
7.844722032546997,59692,3975020,3981840,3977496,16460,0,747,0
7.85982608795166,59692,3985260,3992080,3987736,16465,0,747,0
7.874967098236084,59692,3997548,4002320,4000024,16470,0,748,0
7.890099048614502,59692,4007788,4012560,4010264,16475,0,748,0
7.905288934707642,59692,4018028,4022800,4020504,16481,0,748,0
7.920310020446777,59692,4028268,4033040,4030744,16486,0,748,0
7.935352087020874,59692,4038508,4043280,4040984,16491,0,748,0
7.950377941131592,59692,4048748,4053520,4051224,16496,0,748,0
7.9655070304870605,59692,4058988,4063760,4061464,16501,0,748,0
7.98063588142395,59692,4069228,4074000,4071704,16506,0,749,0
7.99584698677063,59692,4079468,4084240,4081944,16511,0,749,0
8.011116981506348,59692,4089708,4094480,4092184,16516,0,749,0
8.026210069656372,59692,4099948,4106768,4102424,16521,0,750,0
8.041204929351807,59692,4110188,4117008,4112664,16526,0,750,0
8.056665897369385,59692,4120428,4127248,4122904,16531,0,750,0
8.071983098983765,59692,4130668,4137488,4133144,16536,0,750,0
8.087100982666016,59692,4140908,4147728,4143384,16541,0,750,0
8.102222919464111,59692,4151148,4157968,4153624,16546,0,750,0
8.117357015609741,59692,4163436,4168208,4165912,16551,0,751,0
8.132414102554321,59692,4173676,4178448,4176152,16556,0,751,0
8.147677898406982,59692,4183916,4188688,4186392,16562,0,751,0
8.162600040435791,59692,4194156,4198928,4196632,16567,0,752,0
8.177557945251465,59692,4204396,4209168,4206872,16572,0,752,0
8.192471027374268,59692,4214636,4219408,4217112,16577,0,752,0
8.207583904266357,59692,4224876,4229648,4227352,16582,0,752,0
8.222541093826294,59692,4235116,4239888,4237592,16587,0,752,0
8.237652063369751,59692,4247404,4252176,4249880,16593,0,752,0
8.255661010742188,59692,4257644,4262416,4260120,16598,0,752,0
8.271070003509521,59692,4267884,4272656,4270360,16603,0,753,0
8.286243915557861,59692,4278124,4284944,4280600,16608,0,753,0
8.30131196975708,59692,4288364,4295184,4290840,16613,0,753,0
8.316402912139893,59692,4298604,4305424,4301080,16618,0,754,0
8.331389904022217,59692,4308844,4315664,4311320,16623,0,754,0
8.346548080444336,59692,4319084,4325904,4321560,16628,0,754,0
8.361666917800903,59692,4321132,4325904,4323608,16629,0,754,0
8.376256942749023,59692,4321132,4325904,4323608,16629,0,754,0
8.390912055969238,59692,4321132,4325904,4323608,16629,0,754,0
8.405253887176514,59692,4321132,4325904,4323608,16629,0,754,0
8.419605016708374,59692,4321132,4325904,4323608,16629,0,754,0
8.433791875839233,59692,4321132,4325904,4323608,16629,0,754,0
8.448272943496704,59692,4321132,4325904,4323608,16629,0,754,0
8.462543964385986,59692,4321132,4325904,4323608,16629,0,754,0
8.476900100708008,59692,4321132,4325904,4323608,16629,0,754,0
8.491144895553589,59692,4321132,4325904,4323608,16629,0,754,0
8.505354881286621,59692,4321132,4325904,4323608,16629,0,754,0
8.519926071166992,59692,4321132,4325904,4323608,16629,0,754,0
8.534280061721802,59692,4321132,4325904,4323608,16629,0,754,0
8.548621892929077,59692,4321132,4325904,4323608,16629,0,754,0
8.563055992126465,59692,4321132,4325904,4323608,16629,0,754,0
8.57724404335022,59692,4321132,4325904,4323608,16629,0,754,0
8.591672897338867,59692,4321132,4325904,4323608,16629,0,754,0
8.606007099151611,59692,4321132,4325904,4323608,16629,0,754,0
8.620346069335938,59692,4321132,4325904,4323608,16629,0,754,0
8.634741067886353,59692,4321132,4325904,4323608,16629,0,754,0
8.649238109588623,59692,4321132,4325904,4323608,16629,0,754,0
8.663382053375244,59692,4321132,4325904,4323608,16629,0,754,0
8.678066968917847,59692,4321132,4325904,4323608,16629,0,754,0
8.692682981491089,59692,4321132,4325904,4323608,16629,0,754,0
8.706965923309326,59692,4321132,4325904,4323608,16629,0,754,0
8.721282005310059,59692,4321132,4325904,4323608,16629,0,754,0
8.735758066177368,59692,4321132,4325904,4323608,16629,0,754,0
8.75036096572876,59692,4321132,4325904,4323608,16629,0,754,0
8.76504898071289,59692,4321132,4325904,4323608,16629,0,754,0
8.77976107597351,59692,4321132,4325904,4323608,16629,0,754,0
8.794336080551147,59692,4321132,4325904,4323608,16629,0,754,0
8.808706998825073,59692,4321132,4325904,4323608,16629,0,754,0
8.823261022567749,59692,4321132,4325904,4323608,16629,0,754,0
8.837732076644897,59692,4321132,4325904,4323608,16629,0,754,0
8.852242946624756,59692,4321132,4325904,4323608,16629,0,754,0
8.866404056549072,59692,4321132,4325904,4323608,16629,0,754,0
8.881072998046875,59692,4321132,4325904,4323608,16629,0,754,0
8.895759105682373,59692,4321132,4325904,4323608,16629,0,754,0
8.910306930541992,59692,4321132,4325904,4323608,16629,0,754,0
8.925065040588379,59692,4321132,4325904,4323608,16629,0,754,0
8.93988299369812,59692,4321132,4325904,4323608,16629,0,754,0
8.954392910003662,59692,4321132,4325904,4323608,16629,0,754,0
8.969127893447876,59692,4321132,4325904,4323608,16629,0,754,0
8.983412981033325,59692,4321132,4325904,4323608,16629,0,754,0
8.998100996017456,59692,4321132,4325904,4323608,16629,0,754,0
9.012449026107788,59692,4321132,4325904,4323608,16629,0,754,0
9.026947021484375,59692,4321132,4325904,4323608,16629,0,754,0
9.041268110275269,59692,4321132,4325904,4323608,16629,0,754,0
9.05525803565979,59692,4321132,4325904,4323608,16629,0,754,0
9.069616079330444,59692,4321132,4325904,4323608,16629,0,754,0
9.083940029144287,59692,4321132,4325904,4323608,16629,0,754,0
9.09824800491333,59692,4321132,4325904,4323608,16629,0,754,0
9.112435102462769,59692,4321132,4325904,4323608,16629,0,754,0
9.12682294845581,59692,4321132,4325904,4323608,16629,0,754,0
9.141774892807007,59692,4321132,4325904,4323608,16629,0,754,0
9.156210899353027,59692,4321132,4325904,4323608,16629,0,754,0
9.170768022537231,59692,4321132,4325904,4323608,16629,0,754,0
9.18501591682434,59692,4321132,4325904,4323608,16629,0,754,0
9.19931697845459,59692,4321132,4325904,4323608,16629,0,754,0
9.21343994140625,59692,4321132,4325904,4323608,16629,0,754,0
9.230906963348389,59692,4321132,4325904,4323608,16629,0,754,0
9.245244026184082,59692,4321132,4325904,4323608,16629,0,754,0
9.259330987930298,59692,4321132,4325904,4323608,16629,0,754,0
9.27371597290039,59692,4321132,4325904,4323608,16629,0,754,0
9.288269996643066,59692,4321132,4325904,4323608,16629,0,754,0
9.302758932113647,59692,4321132,4325904,4323608,16629,0,754,0
9.317396879196167,59692,4321132,4325904,4323608,16629,0,754,0
9.332060098648071,59692,4321132,4325904,4323608,16629,0,754,0
9.346791982650757,59692,4321132,4325904,4323608,16629,0,754,0
9.361325025558472,59692,4321132,4325904,4323608,16629,0,754,0
9.37597107887268,59692,4321132,4325904,4323608,16629,0,754,0
9.39041805267334,59692,4321132,4325904,4323608,16629,0,754,0
9.405242919921875,59692,4321132,4325904,4323608,16629,0,754,0
9.419930934906006,59692,4321132,4325904,4323608,16629,0,754,0
9.434401988983154,59692,4321132,4325904,4323608,16629,0,754,0
9.448978900909424,59692,4321132,4325904,4323608,16629,0,754,0
9.46325397491455,59692,4321132,4325904,4323608,16629,0,754,0
9.477468013763428,59692,4321132,4325904,4323608,16629,0,754,0
9.49214792251587,59692,4321132,4325904,4323608,16629,0,754,0
9.507236957550049,59692,4321132,4325904,4323608,16629,0,754,0
9.522028923034668,59692,4321132,4325904,4323608,16629,0,754,0
9.536335945129395,59692,4321132,4325904,4323608,16629,0,754,0
9.55107593536377,59692,4321132,4325904,4323608,16629,0,754,0
9.565608978271484,59692,4321132,4325904,4323608,16629,0,754,0
9.580244064331055,59692,4321132,4325904,4323608,16629,0,754,0
9.594289064407349,59692,4321132,4325904,4323608,16629,0,754,0
9.608421087265015,59692,4321132,4325904,4323608,16629,0,754,0
9.623133897781372,59692,4321132,4325904,4323608,16629,0,754,0
9.638029098510742,59692,4321132,4325904,4323608,16629,0,754,0
9.652414083480835,59692,4321132,4325904,4323608,16629,0,754,0
9.66706895828247,59692,4321132,4325904,4323608,16629,0,754,0
9.681732892990112,59692,4321132,4325904,4323608,16629,0,754,0
9.696315050125122,59692,4321132,4325904,4323608,16629,0,754,0
9.711046934127808,59692,4321132,4325904,4323608,16629,0,754,0
9.725718975067139,59692,4321132,4325904,4323608,16629,0,754,0
9.740279912948608,59692,4321132,4325904,4323608,16629,0,754,0
9.755012035369873,59692,4321132,4325904,4323608,16629,0,754,0
9.769301891326904,59692,4321132,4325904,4323608,16629,0,754,0
9.783684968948364,59692,4321132,4325904,4323608,16629,0,754,0
9.798072099685669,59692,4321132,4325904,4323608,16629,0,754,0
9.812980890274048,59692,4321132,4325904,4323608,16629,0,754,0
9.827415943145752,59692,4321132,4325904,4323608,16629,0,754,0
9.842247009277344,59692,4321132,4325904,4323608,16629,0,754,0
9.85679292678833,59692,4321132,4325904,4323608,16629,0,754,0
9.871150970458984,59692,4321132,4325904,4323608,16629,0,754,0
9.885340929031372,59692,4321132,4325904,4323608,16629,0,754,0
9.90029501914978,59692,4321132,4325904,4323608,16629,0,754,0
9.914952993392944,59692,4321132,4325904,4323608,16629,0,754,0
9.929713010787964,59692,4321132,4325904,4323608,16629,0,754,0
9.94434905052185,59692,4321132,4325904,4323608,16629,0,754,0
9.959114074707031,59692,4321132,4325904,4323608,16629,0,754,0
9.97333288192749,59692,4321132,4325904,4323608,16629,0,754,0
9.987649917602539,59692,4321132,4325904,4323608,16629,0,754,0
10.002259969711304,59692,4321132,4325904,4323608,16629,0,754,0
10.016992092132568,59692,4321132,4325904,4323608,16629,0,754,0
10.031399965286255,59692,4321132,4325904,4323608,16629,0,754,0
10.04623794555664,59692,4321132,4325904,4323608,16629,0,754,0
10.06086802482605,59692,4321132,4325904,4323608,16629,0,754,0
10.075370073318481,59692,4321132,4325904,4323608,16629,0,754,0
10.090004920959473,59692,4321132,4325904,4323608,16629,0,754,0
10.104652881622314,59692,4321132,4325904,4323608,16629,0,754,0
10.119278907775879,59692,4321132,4325904,4323608,16629,0,754,0
10.134015083312988,59692,4321132,4325904,4323608,16629,0,754,0
10.148751020431519,59692,4321132,4325904,4323608,16629,0,754,0
10.163429021835327,59692,4321132,4325904,4323608,16629,0,754,0
10.178049087524414,59692,4321132,4325904,4323608,16629,0,754,0
10.195219039916992,59692,4321132,4325904,4323608,16629,0,754,0
10.209347009658813,59692,4321132,4325904,4323608,16629,0,754,0
10.223650932312012,59692,4321132,4325904,4323608,16629,0,754,0
10.238097906112671,59692,4321132,4325904,4323608,16629,0,754,0
10.252388954162598,59692,4321132,4325904,4323608,16629,0,754,0
10.266968011856079,59692,4321132,4325904,4323608,16629,0,754,0
10.281625032424927,59692,4321132,4325904,4323608,16629,0,754,0
10.296274900436401,59692,4321132,4325904,4323608,16629,0,754,0
10.310993909835815,59692,4321132,4325904,4323608,16629,0,754,0
10.325408935546875,59692,4321132,4325904,4323608,16629,0,754,0
10.339993000030518,59692,4321132,4325904,4323608,16629,0,754,0
10.354274034500122,59692,4321132,4325904,4323608,16629,0,754,0
10.3695969581604,59692,4321132,4325904,4323608,16629,0,754,0
10.384639024734497,59692,4321132,4325904,4323608,16629,0,754,0
10.39923906326294,59692,4321132,4325904,4323608,16629,0,754,0
10.413386106491089,59692,4321132,4325904,4323608,16629,0,754,0
10.427711009979248,59692,4321132,4325904,4323608,16629,0,754,0
10.442007064819336,59692,4321132,4325904,4323608,16629,0,754,0
10.456263065338135,59692,4321132,4325904,4323608,16629,0,754,0
10.470405101776123,59692,4321132,4325904,4323608,16629,0,754,0
10.484627962112427,59692,4321132,4325904,4323608,16629,0,754,0
10.498893022537231,59692,4321132,4325904,4323608,16629,0,754,0
10.513097047805786,59692,4321132,4325904,4323608,16629,0,754,0
10.52725601196289,59692,4321132,4325904,4323608,16629,0,754,0
10.54140305519104,59692,4321132,4325904,4323608,16629,0,754,0
10.555782079696655,59692,4321132,4325904,4323608,16629,0,754,0
10.570024967193604,59692,4321132,4325904,4323608,16629,0,754,0
10.584259033203125,59692,4321132,4325904,4323608,16629,0,754,0
10.598704099655151,59692,4321132,4325904,4323608,16629,0,754,0
10.613070964813232,59692,4321132,4325904,4323608,16629,0,754,0
10.627362966537476,59692,4321132,4325904,4323608,16629,0,754,0
10.641664028167725,59692,4321132,4325904,4323608,16629,0,754,0
10.656131982803345,59692,4321132,4325904,4323608,16629,0,754,0
10.670314073562622,59692,4321132,4325904,4323608,16629,0,754,0
10.685168027877808,59692,4321132,4325904,4323608,16629,0,754,0
10.699826002120972,59692,4321132,4325904,4323608,16629,0,754,0
10.714355945587158,59692,4321132,4325904,4323608,16629,0,754,0
10.729039907455444,59692,4321132,4325904,4323608,16629,0,754,0
10.743637084960938,59692,4321132,4325904,4323608,16629,0,754,0
10.75865387916565,59692,4321132,4325904,4323608,16629,0,754,0
10.773261070251465,59692,4321132,4325904,4323608,16629,0,754,0
10.787731885910034,59692,4321132,4325904,4323608,16629,0,754,0
10.80204701423645,59692,4321132,4325904,4323608,16629,0,754,0
10.816111087799072,59692,4321132,4325904,4323608,16629,0,754,0
10.830314874649048,59692,4321132,4325904,4323608,16629,0,754,0
10.845160007476807,59692,4321132,4325904,4323608,16629,0,754,0
10.85960602760315,59692,4321132,4325904,4323608,16629,0,754,0
10.874284982681274,59692,4321132,4325904,4323608,16629,0,754,0
10.888957023620605,59692,4321132,4325904,4323608,16629,0,754,0
10.90345311164856,59692,4321132,4325904,4323608,16629,0,754,0
10.918181896209717,59692,4321132,4325904,4323608,16629,0,754,0
10.932719945907593,59692,4321132,4325904,4323608,16629,0,754,0
10.947144031524658,59692,4321132,4325904,4323608,16629,0,754,0
10.961268901824951,59692,4321132,4325904,4323608,16629,0,754,0
10.975720882415771,59692,4321132,4325904,4323608,16629,0,754,0
10.99026894569397,59692,4321132,4325904,4323608,16629,0,754,0
11.005022048950195,59692,4321132,4325904,4323608,16629,0,754,0
11.019304037094116,59692,4321132,4325904,4323608,16629,0,754,0
11.034060001373291,59692,4321132,4325904,4323608,16629,0,754,0
11.048964023590088,59692,4321132,4325904,4323608,16629,0,754,0
11.063286066055298,59692,4321132,4325904,4323608,16629,0,754,0
11.077306032180786,59692,4321132,4325904,4323608,16629,0,754,0
11.091444969177246,59692,4321132,4325904,4323608,16629,0,754,0
11.105719089508057,59692,4321132,4325904,4323608,16629,0,754,0
11.12012004852295,59692,4321132,4325904,4323608,16629,0,754,0
11.134336948394775,59692,4321132,4325904,4323608,16629,0,754,0
11.148828029632568,59692,4321132,4325904,4323608,16629,0,754,0
11.163439989089966,59692,4321132,4325904,4323608,16629,0,754,0
11.178625106811523,59692,4321132,4325904,4323608,16629,0,754,0
11.193269968032837,59692,4321132,4325904,4323608,16629,0,754,0
11.20766806602478,59692,4321132,4325904,4323608,16629,0,754,0
11.222280979156494,59692,4321132,4325904,4323608,16629,0,754,0
11.236670970916748,59692,4321132,4325904,4323608,16629,0,754,0
11.251648902893066,59692,4321132,4325904,4323608,16629,0,754,0
11.266303062438965,59692,4321132,4325904,4323608,16629,0,754,0
11.281328916549683,59692,4321132,4325904,4323608,16629,0,754,0
11.296082973480225,59692,4321132,4325904,4323608,16629,0,754,0
11.31035304069519,59692,4321132,4325904,4323608,16629,0,754,0
11.324759006500244,59692,4321132,4325904,4323608,16629,0,754,0
11.339226961135864,59692,4321132,4325904,4323608,16629,0,754,0
11.353960037231445,59692,4321132,4325904,4323608,16629,0,754,0
11.368278980255127,59692,4321132,4325904,4323608,16629,0,754,0
11.382769107818604,59692,4321132,4325904,4323608,16629,0,754,0
11.397080898284912,59692,4321132,4325904,4323608,16629,0,754,0
11.41130805015564,59692,4321132,4325904,4323608,16629,0,754,0
11.425352096557617,59692,4321132,4325904,4323608,16629,0,754,0
11.439827919006348,59692,4321132,4325904,4323608,16629,0,754,0
11.45413589477539,59692,4321132,4325904,4323608,16629,0,754,0
11.468281984329224,59692,4321132,4325904,4323608,16629,0,754,0
11.48282790184021,59692,4321132,4325904,4323608,16629,0,754,0
11.497237920761108,59692,4321132,4325904,4323608,16629,0,754,0
11.51131296157837,59692,4321132,4325904,4323608,16629,0,754,0
11.525407075881958,59692,4321132,4325904,4323608,16629,0,754,0
11.539927005767822,59692,4321132,4325904,4323608,16629,0,754,0
11.554405927658081,59692,4321132,4325904,4323608,16629,0,754,0
11.56912899017334,59692,4321132,4325904,4323608,16629,0,754,0
11.584203004837036,59692,4321132,4325904,4323608,16629,0,754,0
11.599026918411255,59692,4321132,4325904,4323608,16629,0,754,0
11.613272905349731,59692,4321132,4325904,4323608,16629,0,754,0
11.627636909484863,59692,4321132,4325904,4323608,16629,0,754,0
11.64208698272705,59692,4321132,4325904,4323608,16629,0,754,0
11.656748056411743,59692,4321132,4325904,4323608,16629,0,754,0
11.67129898071289,59692,4321132,4325904,4323608,16629,0,754,0
11.686125040054321,59692,4321132,4325904,4323608,16629,0,754,0
11.700831890106201,59692,4321132,4325904,4323608,16629,0,754,0
11.715435028076172,59692,4321132,4325904,4323608,16629,0,754,0
11.730046033859253,59692,4321132,4325904,4323608,16629,0,754,0
11.7444429397583,59692,4321132,4325904,4323608,16629,0,754,0
11.75924801826477,59692,4321132,4325904,4323608,16629,0,754,0
11.773865938186646,59692,4321132,4325904,4323608,16629,0,754,0
11.788304090499878,59692,4321132,4325904,4323608,16629,0,754,0
11.80262303352356,59692,4321132,4325904,4323608,16629,0,754,0
11.81698203086853,59692,4321132,4325904,4323608,16629,0,754,0
11.831664085388184,59692,4321132,4325904,4323608,16629,0,754,0
11.846275091171265,59692,4321132,4325904,4323608,16629,0,754,0
11.861001014709473,59692,4321132,4325904,4323608,16629,0,754,0
11.875654935836792,59692,4321132,4325904,4323608,16629,0,754,0
11.890284061431885,59692,4321132,4325904,4323608,16629,0,754,0
11.905091047286987,59692,4321132,4325904,4323608,16629,0,754,0
11.91976809501648,59692,4321132,4325904,4323608,16629,0,754,0
11.934177875518799,59692,4321132,4325904,4323608,16629,0,754,0
11.948255062103271,59692,4321132,4325904,4323608,16629,0,754,0
11.962374925613403,59692,4321132,4325904,4323608,16629,0,754,0
11.97705602645874,59692,4321132,4325904,4323608,16629,0,754,0
11.992008924484253,59692,4321132,4325904,4323608,16629,0,754,0
12.006875991821289,59692,4321132,4325904,4323608,16629,0,754,0
12.021384000778198,59692,4321132,4325904,4323608,16629,0,754,0
12.035993099212646,59692,4321132,4325904,4323608,16629,0,754,0
12.050427913665771,59692,4321132,4325904,4323608,16629,0,754,0
12.065124988555908,59692,4321132,4325904,4323608,16629,0,754,0
12.079652070999146,59692,4321132,4325904,4323608,16629,0,754,0
12.094292879104614,59692,4321132,4325904,4323608,16629,0,754,0
12.108989000320435,59692,4321132,4325904,4323608,16629,0,754,0
12.123312950134277,59692,4321132,4325904,4323608,16629,0,754,0
12.140727043151855,59692,4321132,4325904,4323608,16629,0,754,0
12.155680894851685,59692,4321132,4325904,4323608,16629,0,754,0
12.170646905899048,59692,4321132,4325904,4323608,16629,0,754,0
12.185245037078857,59692,4321132,4325904,4323608,16629,0,754,0
12.1998291015625,59692,4321132,4325904,4323608,16629,0,754,0
12.214307069778442,59692,4321132,4325904,4323608,16629,0,754,0
12.228707075119019,59692,4321132,4325904,4323608,16629,0,754,0
12.243154048919678,59692,4321132,4325904,4323608,16629,0,754,0
12.25787091255188,59692,4321132,4325904,4323608,16629,0,754,0
12.272475004196167,59692,4321132,4325904,4323608,16629,0,754,0
12.28718900680542,59692,4321132,4325904,4323608,16629,0,754,0
12.301821947097778,59692,4321132,4325904,4323608,16629,0,754,0
12.316205024719238,59692,4321132,4325904,4323608,16629,0,754,0
12.33039903640747,59692,4321132,4325904,4323608,16629,0,754,0
12.34467101097107,59692,4321132,4325904,4323608,16629,0,754,0
12.359121084213257,59692,4321132,4325904,4323608,16629,0,754,0
12.373231887817383,59692,4321132,4325904,4323608,16629,0,754,0
12.387984037399292,59692,4321132,4325904,4323608,16629,0,754,0
12.402820110321045,59692,4321132,4325904,4323608,16629,0,754,0
12.417659997940063,59692,4321132,4325904,4323608,16629,0,754,0
12.432512044906616,59692,4321132,4325904,4323608,16629,0,754,0
12.447256088256836,59692,4321132,4325904,4323608,16629,0,754,0
12.4620680809021,59692,4321132,4325904,4323608,16629,0,754,0
12.476746082305908,59692,4321132,4325904,4323608,16629,0,754,0
12.491638898849487,59692,4321132,4325904,4323608,16629,0,754,0
12.506439924240112,59692,4321132,4325904,4323608,16629,0,754,0
12.521290063858032,59692,4321132,4325904,4323608,16629,0,754,0
12.536025047302246,59692,4321132,4325904,4323608,16629,0,754,0
12.550716876983643,59692,4321132,4325904,4323608,16629,0,754,0
12.565414905548096,59692,4321132,4325904,4323608,16629,0,754,0
12.580207109451294,59692,4321132,4325904,4323608,16629,0,754,0
12.595112085342407,59692,4321132,4325904,4323608,16629,0,754,0
12.610147953033447,59692,4321132,4325904,4323608,16629,0,754,0
12.624933004379272,59692,4321132,4325904,4323608,16629,0,754,0
12.63982892036438,59692,4321132,4325904,4323608,16629,0,754,0
12.654592990875244,59692,4321132,4325904,4323608,16629,0,754,0
12.669207096099854,59692,4321132,4325904,4323608,16629,0,754,0
12.684047937393188,59692,4321132,4325904,4323608,16629,0,754,0
12.698796033859253,59692,4321132,4325904,4323608,16629,0,754,0
12.713798999786377,59692,4321132,4325904,4323608,16629,0,754,0
12.728652000427246,59692,4321132,4325904,4323608,16629,0,754,0
12.743596076965332,59692,4321132,4325904,4323608,16629,0,754,0
12.758264064788818,59692,4321132,4325904,4323608,16629,0,754,0
12.773103952407837,59692,4321132,4325904,4323608,16629,0,754,0
12.787921905517578,59692,4321132,4325904,4323608,16629,0,754,0
12.802913904190063,59692,4321132,4325904,4323608,16629,0,754,0
12.81787896156311,59692,4321132,4325904,4323608,16629,0,754,0
12.8330659866333,59692,4321132,4325904,4323608,16629,0,754,0
12.847980976104736,59692,4321132,4325904,4323608,16629,0,754,0
12.862902879714966,59692,4321132,4325904,4323608,16629,0,754,0
12.877783060073853,59692,4321132,4325904,4323608,16629,0,754,0
12.892514944076538,59692,4321132,4325904,4323608,16629,0,754,0
12.907290935516357,59692,4321132,4325904,4323608,16629,0,754,0
12.922216892242432,59692,4321132,4325904,4323608,16629,0,754,0
12.936897039413452,59692,4321132,4325904,4323608,16629,0,754,0
12.951637983322144,59692,4321132,4325904,4323608,16629,0,754,0
12.966509103775024,59692,4321132,4325904,4323608,16629,0,754,0
12.981287956237793,59692,4321132,4325904,4323608,16629,0,754,0
12.996063947677612,59692,4321132,4325904,4323608,16629,0,754,0
13.010788917541504,59692,4321132,4325904,4323608,16629,0,754,0
13.02571988105774,59692,4321132,4325904,4323608,16629,0,754,0
13.040848970413208,59692,4321132,4325904,4323608,16629,0,754,0
13.055921077728271,59692,4321132,4325904,4323608,16629,0,754,0
13.07075810432434,59692,4321132,4325904,4323608,16629,0,754,0
13.085618019104004,59692,4321132,4325904,4323608,16629,0,754,0
13.100444078445435,59692,4321132,4325904,4323608,16629,0,754,0
13.115828037261963,59692,4321132,4325904,4323608,16629,0,754,0
13.130692958831787,59692,4321132,4325904,4323608,16629,0,754,0
13.145466089248657,59692,4321132,4325904,4323608,16629,0,754,0
13.160194873809814,59692,4321132,4325904,4323608,16629,0,754,0
13.175004005432129,59692,4321132,4325904,4323608,16629,0,754,0
13.18976092338562,59692,4321132,4325904,4323608,16629,0,754,0
13.204657077789307,59692,4321132,4325904,4323608,16629,0,754,0
13.219438076019287,59692,4321132,4325904,4323608,16629,0,754,0
13.234231948852539,59692,4321132,4325904,4323608,16629,0,754,0
13.248899936676025,59692,4321132,4325904,4323608,16629,0,754,0
13.263766050338745,59692,4321132,4325904,4323608,16629,0,754,0
13.278522968292236,59692,4321132,4325904,4323608,16629,0,754,0
13.293274879455566,59692,4321132,4325904,4323608,16629,0,754,0
13.308099031448364,59692,4321132,4325904,4323608,16629,0,754,0
13.322972059249878,59692,4321132,4325904,4323608,16629,0,754,0
13.337925910949707,59692,4321132,4325904,4323608,16629,0,754,0
13.352680921554565,59692,4321132,4325904,4323608,16629,0,754,0
13.367287874221802,59692,4321132,4325904,4323608,16629,0,754,0
13.38201904296875,59692,4321132,4325904,4323608,16629,0,754,0
13.396719932556152,59692,4321132,4325904,4323608,16629,0,754,0
13.411484956741333,59692,4321132,4325904,4323608,16629,0,754,0
13.426215887069702,59692,4321132,4325904,4323608,16629,0,754,0
13.440994024276733,59692,4321132,4325904,4323608,16629,0,754,0
13.456005096435547,59692,4321132,4325904,4323608,16629,0,754,0
13.470923900604248,59692,4321132,4325904,4323608,16629,0,754,0
13.485723972320557,59692,4321132,4325904,4323608,16629,0,754,0
13.500489950180054,59692,4321132,4325904,4323608,16629,0,754,0
13.515212059020996,59692,4321132,4325904,4323608,16629,0,754,0
13.530136108398438,59692,4321132,4325904,4323608,16629,0,754,0
13.544981002807617,59692,4321132,4325904,4323608,16629,0,754,0
13.55965805053711,59692,4321132,4325904,4323608,16629,0,754,0
13.574434995651245,59692,4321132,4325904,4323608,16629,0,754,0
13.589133977890015,59692,4321132,4325904,4323608,16629,0,754,0
13.603808879852295,59692,4321132,4325904,4323608,16629,0,754,0
13.618506908416748,59692,4321132,4325904,4323608,16629,0,754,0
13.633316040039062,59692,4321132,4325904,4323608,16629,0,754,0
13.648035049438477,59692,4321132,4325904,4323608,16629,0,754,0
13.662735939025879,59692,4321132,4325904,4323608,16629,0,754,0
13.677696943283081,59692,4321132,4325904,4323608,16629,0,754,0
13.69242000579834,59692,4321132,4325904,4323608,16629,0,754,0
13.707146883010864,59692,4321132,4325904,4323608,16629,0,754,0
13.721935987472534,59692,4321132,4325904,4323608,16629,0,754,0
13.73688292503357,59692,4321132,4325904,4323608,16629,0,754,0
13.751611948013306,59692,4321132,4325904,4323608,16629,0,754,0
13.766397953033447,59692,4321132,4325904,4323608,16629,0,754,0
13.781322956085205,59692,4321132,4325904,4323608,16629,0,754,0
13.796106100082397,59692,4321132,4325904,4323608,16629,0,754,0
13.810970067977905,59692,4321132,4325904,4323608,16629,0,754,0
13.825666904449463,59692,4321132,4325904,4323608,16629,0,754,0
13.840496063232422,59692,4321132,4325904,4323608,16629,0,754,0
13.855196952819824,59692,4321132,4325904,4323608,16629,0,754,0
13.87025499343872,59692,4321132,4325904,4323608,16629,0,754,0
13.885194063186646,59692,4321132,4325904,4323608,16629,0,754,0
13.900175094604492,59692,4321132,4325904,4323608,16629,0,754,0
13.915101051330566,59692,4321132,4325904,4323608,16629,0,754,0
13.929785966873169,59692,4321132,4325904,4323608,16629,0,754,0
13.944658041000366,59692,4321132,4325904,4323608,16629,0,754,0
13.959314107894897,59692,4321132,4325904,4323608,16629,0,754,0
13.974193096160889,59692,4321132,4325904,4323608,16629,0,754,0
13.988998889923096,59692,4321132,4325904,4323608,16629,0,754,0
14.003766059875488,59692,4321132,4325904,4323608,16629,0,754,0
14.018507957458496,59692,4321132,4325904,4323608,16629,0,754,0
14.033238887786865,59692,4321132,4325904,4323608,16629,0,754,0
14.047990083694458,59692,4321132,4325904,4323608,16629,0,754,0
14.06273889541626,59692,4321132,4325904,4323608,16629,0,754,0
14.07768702507019,59692,4321132,4325904,4323608,16629,0,754,0
14.094427108764648,59692,4321132,4325904,4323608,16629,0,754,0
14.10915994644165,59692,4321132,4325904,4323608,16629,0,754,0
14.12391209602356,59692,4321132,4325904,4323608,16629,0,754,0
14.138678073883057,59692,4321132,4325904,4323608,16629,0,754,0
14.153501033782959,59692,4321132,4325904,4323608,16629,0,754,0
14.168477058410645,59692,4321132,4325904,4323608,16629,0,754,0
14.183232069015503,59692,4321132,4325904,4323608,16629,0,754,0
14.198029041290283,59692,4321132,4325904,4323608,16629,0,754,0
14.212785005569458,59692,4321132,4325904,4323608,16629,0,754,0
14.227598905563354,59692,4321132,4325904,4323608,16629,0,754,0
14.24260687828064,59692,4321132,4325904,4323608,16629,0,754,0
14.257262945175171,59692,4321132,4325904,4323608,16629,0,754,0
14.272106885910034,59692,4321132,4325904,4323608,16629,0,754,0
14.287261009216309,59692,4321132,4325904,4323608,16629,0,754,0
14.302211046218872,59692,4321132,4325904,4323608,16629,0,754,0
14.317001104354858,59692,4321132,4325904,4323608,16629,0,754,0
14.331773042678833,59692,4321132,4325904,4323608,16629,0,754,0
14.346692085266113,59692,4321132,4325904,4323608,16629,0,754,0
14.361545085906982,59692,4321132,4325904,4323608,16629,0,754,0
14.376137971878052,59692,4321132,4325904,4323608,16629,0,754,0
14.390955924987793,59692,4321132,4325904,4323608,16629,0,754,0
14.405668020248413,59692,4321132,4325904,4323608,16629,0,754,0
14.420478105545044,59692,4321132,4325904,4323608,16629,0,754,0
14.43510890007019,59692,4321132,4325904,4323608,16629,0,754,0
14.449965000152588,59692,4321132,4325904,4323608,16629,0,754,0
14.464729070663452,59692,4321132,4325904,4323608,16629,0,754,0
14.479506969451904,59692,4321132,4325904,4323608,16629,0,754,0
14.494508028030396,59692,4321132,4325904,4323608,16629,0,754,0
14.509306907653809,59692,4321132,4325904,4323608,16629,0,754,0
14.524173974990845,59692,4321132,4325904,4323608,16629,0,754,0
14.538920879364014,59692,4321132,4325904,4323608,16629,0,754,0
14.553890943527222,59692,4321132,4325904,4323608,16629,0,754,0
14.568578004837036,59692,4321132,4325904,4323608,16629,0,754,0
14.583189010620117,59692,4321132,4325904,4323608,16629,0,754,0
14.597994089126587,59692,4321132,4325904,4323608,16629,0,754,0
14.612665891647339,59692,4321132,4325904,4323608,16629,0,754,0
14.627526998519897,59692,4321132,4325904,4323608,16629,0,754,0
14.642247915267944,59692,4321132,4325904,4323608,16629,0,754,0
14.65712308883667,59692,4321132,4325904,4323608,16629,0,754,0
14.67209792137146,59692,4321132,4325904,4323608,16629,0,754,0
14.686758041381836,59692,4321132,4325904,4323608,16629,0,754,0
14.701814889907837,59692,4321132,4325904,4323608,16629,0,754,0
14.716754913330078,59692,4321132,4325904,4323608,16629,0,754,0
14.731625080108643,59692,4321132,4325904,4323608,16629,0,754,0
14.746347904205322,59692,4321132,4325904,4323608,16629,0,754,0
14.761420011520386,59692,4321132,4325904,4323608,16629,0,754,0
14.776212930679321,59692,4321132,4325904,4323608,16629,0,754,0
14.791109085083008,59692,4321132,4325904,4323608,16629,0,754,0
14.805813074111938,59692,4321132,4325904,4323608,16629,0,754,0
14.820602893829346,59692,4321132,4325904,4323608,16629,0,754,0
14.835195064544678,59692,4321132,4325904,4323608,16629,0,754,0
14.849936962127686,59692,4321132,4325904,4323608,16629,0,754,0
14.864779949188232,59692,4321132,4325904,4323608,16629,0,754,0
14.879597902297974,59692,4321132,4325904,4323608,16629,0,754,0
14.894327878952026,59692,4321132,4325904,4323608,16629,0,754,0
14.909087896347046,59692,4321132,4325904,4323608,16629,0,754,0
14.92423701286316,59692,4321132,4325904,4323608,16629,0,754,0
14.939085006713867,59692,4321132,4325904,4323608,16629,0,754,0
14.953833103179932,59692,4321132,4325904,4323608,16629,0,754,0
14.968612909317017,59692,4321132,4325904,4323608,16629,0,754,0
14.98318600654602,59692,4321132,4325904,4323608,16629,0,754,0
14.998163938522339,59692,4321132,4325904,4323608,16629,0,754,0
15.012918949127197,59692,4321132,4325904,4323608,16629,0,754,0
15.02760100364685,59692,4321132,4325904,4323608,16629,0,754,0
15.042285919189453,59692,4321132,4325904,4323608,16629,0,754,0
15.059063911437988,59692,4321132,4325904,4323608,16629,0,754,0
15.073734998703003,59692,4321132,4325904,4323608,16629,0,754,0
15.088315963745117,59692,4321132,4325904,4323608,16629,0,754,0
15.103074073791504,59692,4321132,4325904,4323608,16629,0,754,0
15.117975950241089,59692,4321132,4325904,4323608,16629,0,754,0
15.13277292251587,59692,4321132,4325904,4323608,16629,0,754,0
15.147464990615845,59692,4321132,4325904,4323608,16629,0,754,0
15.162333011627197,59692,4321132,4325904,4323608,16629,0,754,0
15.17699909210205,59692,4321132,4325904,4323608,16629,0,754,0
15.191709041595459,59692,4321132,4325904,4323608,16629,0,754,0
15.206423044204712,59692,4321132,4325904,4323608,16629,0,754,0
15.221112966537476,59692,4321132,4325904,4323608,16629,0,754,0
15.235920906066895,59692,4321132,4325904,4323608,16629,0,754,0
15.250717878341675,59692,4321132,4325904,4323608,16629,0,754,0
15.265279054641724,59692,4321132,4325904,4323608,16629,0,754,0
15.28003191947937,59692,4321132,4325904,4323608,16629,0,754,0
15.294745922088623,59692,4321132,4325904,4323608,16629,0,754,0
15.309521913528442,59692,4321132,4325904,4323608,16629,0,754,0
15.32423710823059,59692,4321132,4325904,4323608,16629,0,754,0
15.33915400505066,59692,4321132,4325904,4323608,16629,0,754,0
15.353257894515991,59692,4321132,4325904,4323608,16629,0,754,0
15.367350101470947,59692,4321132,4325904,4323608,16629,0,754,0
15.381391048431396,59692,4321132,4325904,4323608,16629,0,754,0
15.395410060882568,59692,4321132,4325904,4323608,16629,0,754,0
15.409393072128296,59692,4321132,4325904,4323608,16629,0,754,0
15.423666954040527,59692,4321132,4325904,4323608,16629,0,754,0
15.438061952590942,59692,4321132,4325904,4323608,16629,0,754,0
15.452290058135986,59692,4321132,4325904,4323608,16629,0,754,0
15.466377973556519,59692,4321132,4325904,4323608,16629,0,754,0
15.480684041976929,59692,4321132,4325904,4323608,16629,0,754,0
15.495081901550293,59692,4321132,4325904,4323608,16629,0,754,0
15.509339094161987,59692,4321132,4325904,4323608,16629,0,754,0
15.523294925689697,59692,4321132,4325904,4323608,16629,0,754,0
15.537348985671997,59692,4321132,4325904,4323608,16629,0,754,0
15.55168104171753,59692,4321132,4325904,4323608,16629,0,754,0
15.565922975540161,59692,4321132,4325904,4323608,16629,0,754,0
15.580302000045776,59692,4321132,4325904,4323608,16629,0,754,0
15.59441089630127,59692,4321132,4325904,4323608,16629,0,754,0
15.608350992202759,59692,4321132,4325904,4323608,16629,0,754,0
15.622642040252686,59692,4321132,4325904,4323608,16629,0,754,0
15.637013912200928,59692,4321132,4325904,4323608,16629,0,754,0
15.651268005371094,59692,4321132,4325904,4323608,16629,0,754,0
15.665381908416748,59692,4321132,4325904,4323608,16629,0,754,0
15.679714918136597,59692,4321132,4325904,4323608,16629,0,754,0
15.694266080856323,59692,4321132,4325904,4323608,16629,0,754,0
15.708659887313843,59692,4321132,4325904,4323608,16629,0,754,0
15.723119020462036,59692,4321132,4325904,4323608,16629,0,754,0
15.737793922424316,59692,4321132,4325904,4323608,16629,0,754,0
15.752732038497925,59692,4321132,4325904,4323608,16629,0,754,0
15.7672278881073,59692,4321132,4325904,4323608,16629,0,754,0
15.78136396408081,59692,4321132,4325904,4323608,16629,0,754,0
15.795417070388794,59692,4321132,4325904,4323608,16629,0,754,0
15.809843063354492,59692,4321132,4325904,4323608,16629,0,754,0
15.824400901794434,59692,4321132,4325904,4323608,16629,0,754,0
15.839108943939209,59692,4321132,4325904,4323608,16629,0,754,0
15.853761911392212,59692,4321132,4325904,4323608,16629,0,754,0
15.868294954299927,59692,4321132,4325904,4323608,16629,0,754,0
15.883140087127686,59692,4321132,4325904,4323608,16629,0,754,0
15.89807391166687,59692,4321132,4325904,4323608,16629,0,754,0
15.912779092788696,59692,4321132,4325904,4323608,16629,0,754,0
15.927330017089844,59692,4321132,4325904,4323608,16629,0,754,0
15.942147970199585,59692,4321132,4325904,4323608,16629,0,754,0
15.956902980804443,59692,4321132,4325904,4323608,16629,0,754,0
15.971330881118774,59692,4321132,4325904,4323608,16629,0,754,0
15.98569393157959,59692,4321132,4325904,4323608,16629,0,754,0
16.000109910964966,59692,4321132,4325904,4323608,16629,0,754,0
16.014298915863037,59692,4321132,4325904,4323608,16629,0,754,0
16.03173589706421,59692,4321132,4325904,4323608,16629,0,754,0
16.046350955963135,59692,4321132,4325904,4323608,16629,0,754,0
16.060762882232666,59692,4321132,4325904,4323608,16629,0,754,0
16.075117111206055,59692,4321132,4325904,4323608,16629,0,754,0
16.08974003791809,59692,4321132,4325904,4323608,16629,0,754,0
16.103965997695923,59692,4321132,4325904,4323608,16629,0,754,0
16.118283987045288,59692,4321132,4325904,4323608,16629,0,754,0
16.132378101348877,59692,4321132,4325904,4323608,16629,0,754,0
16.147032022476196,59692,4321132,4325904,4323608,16629,0,754,0
16.16131091117859,59692,4321132,4325904,4323608,16629,0,754,0
16.17587900161743,59692,4321132,4325904,4323608,16629,0,754,0
16.19029998779297,59692,4321132,4325904,4323608,16629,0,754,0
16.204986095428467,59692,4321132,4325904,4323608,16629,0,754,0
16.219259023666382,59692,4321132,4325904,4323608,16629,0,754,0
16.2340350151062,59692,4321132,4325904,4323608,16629,0,754,0
16.24868392944336,59692,4321132,4325904,4323608,16629,0,754,0
16.26309895515442,59692,4321132,4325904,4323608,16629,0,754,0
16.277326107025146,59692,4321132,4325904,4323608,16629,0,754,0
16.291733026504517,59692,4321132,4325904,4323608,16629,0,754,0
16.306058883666992,59692,4321132,4325904,4323608,16629,0,754,0
16.320267915725708,59692,4321132,4325904,4323608,16629,0,754,0
16.33471393585205,59692,4321132,4325904,4323608,16629,0,754,0
16.349162101745605,59692,4321132,4325904,4323608,16629,0,754,0
16.363341093063354,59692,4321132,4325904,4323608,16629,0,754,0
16.37804889678955,59692,4321132,4325904,4323608,16629,0,754,0
16.392282962799072,59692,4321132,4325904,4323608,16629,0,754,0
16.40636396408081,59692,4321132,4325904,4323608,16629,0,754,0
16.42088508605957,59692,4321132,4325904,4323608,16629,0,754,0
16.43515110015869,59692,4321132,4325904,4323608,16629,0,754,0
16.449277877807617,59692,4321132,4325904,4323608,16629,0,754,0
16.463291883468628,59692,4321132,4325904,4323608,16629,0,754,0
16.47777009010315,59692,4321132,4325904,4323608,16629,0,754,0
16.492119073867798,59692,4321132,4325904,4323608,16629,0,754,0
16.506344079971313,59692,4321132,4325904,4323608,16629,0,754,0
16.520623922348022,59692,4321132,4325904,4323608,16629,0,754,0
16.53484010696411,59692,4321132,4325904,4323608,16629,0,754,0
16.549313068389893,59692,4321132,4325904,4323608,16629,0,754,0
16.56420397758484,59692,4321132,4325904,4323608,16629,0,754,0
16.579206943511963,59692,4321132,4325904,4323608,16629,0,754,0
16.594058990478516,59692,4321132,4325904,4323608,16629,0,754,0
16.608865976333618,59692,4321132,4325904,4323608,16629,0,754,0
16.623435020446777,59692,4321132,4325904,4323608,16629,0,754,0
16.63824987411499,59692,4321132,4325904,4323608,16629,0,754,0
16.653008937835693,59692,4321132,4325904,4323608,16629,0,754,0
16.667449951171875,59692,4321132,4325904,4323608,16629,0,754,0
16.682174921035767,59692,4321132,4325904,4323608,16629,0,754,0
16.69673800468445,59692,4321132,4325904,4323608,16629,0,754,0
16.711325883865356,59692,4321132,4325904,4323608,16629,0,754,0
16.726064920425415,59692,4321132,4325904,4323608,16629,0,754,0
16.740313053131104,59692,4321132,4325904,4323608,16629,0,754,0
16.754411935806274,59692,4321132,4325904,4323608,16629,0,754,0
16.768775939941406,59692,4321132,4325904,4323608,16629,0,754,0
16.783297061920166,59692,4321132,4325904,4323608,16629,0,754,0
16.798221111297607,59692,4321132,4325904,4323608,16629,0,754,0
16.81307101249695,59692,4321132,4325904,4323608,16629,0,754,0
16.827733039855957,59692,4321132,4325904,4323608,16629,0,754,0
16.842331886291504,59692,4321132,4325904,4323608,16629,0,754,0
16.857084035873413,59692,4321132,4325904,4323608,16629,0,754,0
16.871753931045532,59692,4321132,4325904,4323608,16629,0,754,0
16.886291980743408,59692,4321132,4325904,4323608,16629,0,754,0
16.901024103164673,59692,4321132,4325904,4323608,16629,0,754,0
16.91570806503296,59692,4321132,4325904,4323608,16629,0,754,0
16.930082082748413,59692,4321132,4325904,4323608,16629,0,754,0
16.94429898262024,59692,4321132,4325904,4323608,16629,0,754,0
16.95833992958069,59692,4321132,4325904,4323608,16629,0,754,0
16.972687005996704,59692,4321132,4325904,4323608,16629,0,754,0
16.987061023712158,59692,4321132,4325904,4323608,16629,0,754,0
17.00202703475952,59692,4321132,4325904,4323608,16629,0,754,0
17.01630401611328,59692,4321132,4325904,4323608,16629,0,754,0
17.030407905578613,59692,4321132,4325904,4323608,16629,0,754,0
17.044754028320312,59692,4321132,4325904,4323608,16629,0,754,0
17.05929708480835,59692,4321132,4325904,4323608,16629,0,754,0
17.07407808303833,59692,4321132,4325904,4323608,16629,0,754,0
17.088819980621338,59692,4321132,4325904,4323608,16629,0,754,0
17.10327410697937,59692,4321132,4325904,4323608,16629,0,754,0
17.118032932281494,59692,4321132,4325904,4323608,16629,0,754,0
17.132472038269043,59692,4321132,4325904,4323608,16629,0,754,0
17.14769697189331,59692,4321132,4325904,4323608,16629,0,754,0
17.16230010986328,59692,4321132,4325904,4323608,16629,0,754,0
17.176663875579834,59692,4321132,4325904,4323608,16629,0,754,0
17.191214084625244,59692,4321132,4325904,4323608,16629,0,754,0
17.205815076828003,59692,4321132,4325904,4323608,16629,0,754,0
17.220643043518066,59692,4321132,4325904,4323608,16629,0,754,0
17.23567795753479,59692,4321132,4325904,4323608,16629,0,754,0
17.250710010528564,59692,4321132,4325904,4323608,16629,0,754,0
17.2653329372406,59692,4321132,4325904,4323608,16629,0,754,0
17.28010106086731,59692,4321132,4325904,4323608,16629,0,754,0
17.294288873672485,59692,4321132,4325904,4323608,16629,0,754,0
17.30831789970398,59692,4321132,4325904,4323608,16629,0,754,0
17.32235097885132,59692,4321132,4325904,4323608,16629,0,754,0
17.33701491355896,59692,4321132,4325904,4323608,16629,0,754,0
17.351348876953125,59692,4321132,4325904,4323608,16629,0,754,0
17.365779876708984,59692,4321132,4325904,4323608,16629,0,754,0
17.380176067352295,59692,4321132,4325904,4323608,16629,0,754,0
17.394434928894043,59692,4321132,4325904,4323608,16629,0,754,0
17.409024953842163,59692,4321132,4325904,4323608,16629,0,754,0
17.423280000686646,59692,4321132,4325904,4323608,16629,0,754,0
17.437345027923584,59692,4321132,4325904,4323608,16629,0,754,0
17.451387882232666,59692,4321132,4325904,4323608,16629,0,754,0
17.465770959854126,59692,4321132,4325904,4323608,16629,0,754,0
17.480077028274536,59692,4321132,4325904,4323608,16629,0,754,0
17.49429202079773,59692,4321132,4325904,4323608,16629,0,754,0
17.508605003356934,59692,4321132,4325904,4323608,16629,0,754,0
17.52308201789856,59692,4321132,4325904,4323608,16629,0,754,0
17.53733491897583,59692,4321132,4325904,4323608,16629,0,754,0
17.551666021347046,59692,4321132,4325904,4323608,16629,0,754,0
17.566078901290894,59692,4321132,4325904,4323608,16629,0,754,0
17.58022689819336,59692,4321132,4325904,4323608,16629,0,754,0
17.594264030456543,59692,4321132,4325904,4323608,16629,0,754,0
17.608295917510986,59692,4321132,4325904,4323608,16629,0,754,0
17.623081922531128,59692,4321132,4325904,4323608,16629,0,754,0
17.63728094100952,59692,4321132,4325904,4323608,16629,0,754,0
17.651726007461548,59692,4321132,4325904,4323608,16629,0,754,0
17.66610288619995,59692,4321132,4325904,4323608,16629,0,754,0
17.68030095100403,59692,4321132,4325904,4323608,16629,0,754,0
17.69475507736206,59692,4321132,4325904,4323608,16629,0,754,0
17.709425926208496,59692,4321132,4325904,4323608,16629,0,754,0
17.724090099334717,59692,4321132,4325904,4323608,16629,0,754,0
17.73893690109253,59692,4321132,4325904,4323608,16629,0,754,0
17.753774881362915,59692,4321132,4325904,4323608,16629,0,754,0
17.768457889556885,59692,4321132,4325904,4323608,16629,0,754,0
17.783308029174805,59692,4321132,4325904,4323608,16629,0,754,0
17.79811406135559,59692,4321132,4325904,4323608,16629,0,754,0
17.813042879104614,59692,4321132,4325904,4323608,16629,0,754,0
17.827879905700684,59692,4321132,4325904,4323608,16629,0,754,0
17.84279489517212,59692,4321132,4325904,4323608,16629,0,754,0
17.85728907585144,59692,4321132,4325904,4323608,16629,0,754,0
17.871673107147217,59692,4321132,4325904,4323608,16629,0,754,0
17.886317014694214,59692,4321132,4325904,4323608,16629,0,754,0
17.90113091468811,59692,4321132,4325904,4323608,16629,0,754,0
17.91569495201111,59692,4321132,4325904,4323608,16629,0,754,0
17.930419921875,59692,4321132,4325904,4323608,16629,0,754,0
17.945117950439453,59692,4321132,4325904,4323608,16629,0,754,0
17.95989990234375,59692,4321132,4325904,4323608,16629,0,754,0
17.97501492500305,59692,4321132,4325904,4323608,16629,0,754,0
17.98970890045166,59692,4321132,4325904,4323608,16629,0,754,0
18.00424599647522,59692,4321132,4325904,4323608,16629,0,754,0
18.01828694343567,59692,4321132,4325904,4323608,16629,0,754,0
18.03296995162964,59692,4321132,4325904,4323608,16629,0,754,0
18.04729700088501,59692,4321132,4325904,4323608,16629,0,754,0
18.061803102493286,59692,4321132,4325904,4323608,16629,0,754,0
18.07621192932129,59692,4321132,4325904,4323608,16629,0,754,0
18.090367078781128,59692,4321132,4325904,4323608,16629,0,754,0
18.105212926864624,59692,4321132,4325904,4323608,16629,0,754,0
18.119958877563477,59692,4321132,4325904,4323608,16629,0,754,0
18.134459018707275,59692,4321132,4325904,4323608,16629,0,754,0
18.149236917495728,59692,4321132,4325904,4323608,16629,0,754,0
18.163991928100586,59692,4321132,4325904,4323608,16629,0,754,0
18.178343057632446,59692,4321132,4325904,4323608,16629,0,754,0
18.192795038223267,59692,4321132,4325904,4323608,16629,0,754,0
18.20716404914856,59692,4321132,4325904,4323608,16629,0,754,0
18.22141194343567,59692,4321132,4325904,4323608,16629,0,754,0
18.235836029052734,59692,4321132,4325904,4323608,16629,0,754,0
18.250180959701538,59692,4321132,4325904,4323608,16629,0,754,0
18.264297008514404,59692,4321132,4325904,4323608,16629,0,754,0
18.278264045715332,59692,4321132,4325904,4323608,16629,0,754,0
18.29245400428772,59692,4321132,4325904,4323608,16629,0,754,0
18.306915044784546,59692,4321132,4325904,4323608,16629,0,754,0
18.321266889572144,59692,4321132,4325904,4323608,16629,0,754,0
18.335381031036377,59692,4321132,4325904,4323608,16629,0,754,0
18.34942102432251,59692,4321132,4325904,4323608,16629,0,754,0
18.363708972930908,59692,4321132,4325904,4323608,16629,0,754,0
18.378051042556763,59692,4321132,4325904,4323608,16629,0,754,0
18.392289876937866,59692,4321132,4325904,4323608,16629,0,754,0
18.407108068466187,59692,4321132,4325904,4323608,16629,0,754,0
18.421742916107178,59692,4321132,4325904,4323608,16629,0,754,0
18.4361310005188,59692,4321132,4325904,4323608,16629,0,754,0
18.450345039367676,59692,4321132,4325904,4323608,16629,0,754,0
18.464404106140137,59692,4321132,4325904,4323608,16629,0,754,0
18.478403091430664,59692,4321132,4325904,4323608,16629,0,754,0
18.492664098739624,59692,4321132,4325904,4323608,16629,0,754,0
18.507129907608032,59692,4321132,4325904,4323608,16629,0,754,0
18.52128505706787,59692,4321132,4325904,4323608,16629,0,754,0
18.535270929336548,59692,4321132,4325904,4323608,16629,0,754,0
18.550132036209106,59692,4321132,4325904,4323608,16629,0,754,0
18.564351081848145,59692,4321132,4325904,4323608,16629,0,754,0
18.57841205596924,59692,4321132,4325904,4323608,16629,0,754,0
18.592797994613647,59692,4321132,4325904,4323608,16629,0,754,0
18.60705804824829,59692,4321132,4325904,4323608,16629,0,754,0
18.621479988098145,59692,4321132,4325904,4323608,16629,0,754,0
18.636229038238525,59692,4321132,4325904,4323608,16629,0,754,0
18.651145935058594,59692,4321132,4325904,4323608,16629,0,754,0
18.665826082229614,59692,4321132,4325904,4323608,16629,0,754,0
18.680334091186523,59692,4321132,4325904,4323608,16629,0,754,0
18.695096969604492,59692,4321132,4325904,4323608,16629,0,754,0
18.709858894348145,59692,4321132,4325904,4323608,16629,0,754,0
18.724436044692993,59692,4321132,4325904,4323608,16629,0,754,0
18.739063024520874,59692,4321132,4325904,4323608,16629,0,754,0
18.753345012664795,59692,4321132,4325904,4323608,16629,0,754,0
18.76781702041626,59692,4321132,4325904,4323608,16629,0,754,0
18.782108068466187,59692,4321132,4325904,4323608,16629,0,754,0
18.796278953552246,59692,4321132,4325904,4323608,16629,0,754,0
18.81045389175415,59692,4321132,4325904,4323608,16629,0,754,0
18.82476806640625,59692,4321132,4325904,4323608,16629,0,754,0
18.839354038238525,59692,4321132,4325904,4323608,16629,0,754,0
18.854146003723145,59692,4321132,4325904,4323608,16629,0,754,0
18.869309902191162,59692,4321132,4325904,4323608,16629,0,754,0
18.884083032608032,59692,4321132,4325904,4323608,16629,0,754,0
18.898849964141846,59692,4321132,4325904,4323608,16629,0,754,0
18.913453102111816,59692,4321132,4325904,4323608,16629,0,754,0
18.928220987319946,59692,4321132,4325904,4323608,16629,0,754,0
18.94245409965515,59692,4321132,4325904,4323608,16629,0,754,0
18.95993208885193,59692,4321132,4325904,4323608,16629,0,754,0
18.974472045898438,59692,4321132,4325904,4323608,16629,0,754,0
18.98930597305298,59692,4321132,4325904,4323608,16629,0,754,0
19.004085063934326,59692,4321132,4325904,4323608,16629,0,754,0
19.018321990966797,59692,4321132,4325904,4323608,16629,0,754,0
19.032840967178345,59692,4321132,4325904,4323608,16629,0,754,0
19.04745602607727,59692,4321132,4325904,4323608,16629,0,754,0
19.062148094177246,59692,4321132,4325904,4323608,16629,0,754,0
19.076303005218506,59692,4321132,4325904,4323608,16629,0,754,0
19.090698957443237,59692,4321132,4325904,4323608,16629,0,754,0
19.104943990707397,59692,4321132,4325904,4323608,16629,0,754,0
19.119184970855713,59692,4321132,4325904,4323608,16629,0,754,0
19.13375997543335,59692,4321132,4325904,4323608,16629,0,754,0
19.148355960845947,59692,4321132,4325904,4323608,16629,0,754,0
19.163208961486816,59692,4321132,4325904,4323608,16629,0,754,0
19.17811107635498,59692,4321132,4325904,4323608,16629,0,754,0
19.192835092544556,59692,4321132,4325904,4323608,16629,0,754,0
19.20733094215393,59692,4321132,4325904,4323608,16629,0,754,0
19.221769094467163,59692,4321132,4325904,4323608,16629,0,754,0
19.236130952835083,59692,4321132,4325904,4323608,16629,0,754,0
19.25078010559082,59692,4321132,4325904,4323608,16629,0,754,0
19.265218019485474,59692,4321132,4325904,4323608,16629,0,754,0
19.279617071151733,59692,4321132,4325904,4323608,16629,0,754,0
19.29399800300598,59692,4321132,4325904,4323608,16629,0,754,0
19.308211088180542,59692,4321132,4325904,4323608,16629,0,754,0
19.32233500480652,59692,4321132,4325904,4323608,16629,0,754,0
19.338064908981323,59692,4321132,4325904,4323608,16629,0,754,0
19.35279107093811,59692,4321132,4325904,4323608,16629,0,754,0
19.367724895477295,59692,4321132,4325904,4323608,16629,0,754,0
19.382422924041748,59692,4321132,4325904,4323608,16629,0,754,0
19.397196054458618,59692,4321132,4325904,4323608,16629,0,754,0
19.4121150970459,59692,4321132,4325904,4323608,16629,0,754,0
19.426814079284668,59692,4321132,4325904,4323608,16629,0,754,0
19.44166898727417,59692,4321132,4325904,4323608,16629,0,754,0
19.456461906433105,59692,4321132,4325904,4323608,16629,0,754,0
19.471210956573486,59692,4321132,4325904,4323608,16629,0,754,0
19.48598599433899,59692,4321132,4325904,4323608,16629,0,754,0
19.50105905532837,59692,4321132,4325904,4323608,16629,0,754,0
19.515830039978027,59692,4321132,4325904,4323608,16629,0,754,0
19.53061604499817,59692,4321132,4325904,4323608,16629,0,754,0
19.545301914215088,59692,4321132,4325904,4323608,16629,0,754,0
19.560051918029785,59692,4321132,4325904,4323608,16629,0,754,0
19.574963092803955,59692,4321132,4325904,4323608,16629,0,754,0
19.589768886566162,59692,4321132,4325904,4323608,16629,0,754,0
19.6044340133667,59692,4321132,4325904,4323608,16629,0,754,0
19.61922788619995,59692,4321132,4325904,4323608,16629,0,754,0
19.633985996246338,59692,4321132,4325904,4323608,16629,0,754,0
19.648837089538574,59692,4321132,4325904,4323608,16629,0,754,0
19.663755893707275,59692,4321132,4325904,4323608,16629,0,754,0
19.678653955459595,59692,4321132,4325904,4323608,16629,0,754,0
19.693506002426147,59692,4321132,4325904,4323608,16629,0,754,0
19.70831799507141,59692,4321132,4325904,4323608,16629,0,754,0
19.723236083984375,59692,4321132,4325904,4323608,16629,0,754,0
19.73797106742859,59692,4321132,4325904,4323608,16629,0,754,0
19.752721071243286,59692,4321132,4325904,4323608,16629,0,754,0
19.76737689971924,59692,4321132,4325904,4323608,16629,0,754,0
19.78221893310547,59692,4321132,4325904,4323608,16629,0,754,0
19.79698610305786,59692,4321132,4325904,4323608,16629,0,754,0
19.811790943145752,59692,4321132,4325904,4323608,16629,0,754,0
19.826648950576782,59692,4321132,4325904,4323608,16629,0,754,0
19.841492891311646,59692,4321132,4325904,4323608,16629,0,754,0
19.85642910003662,59692,4321132,4325904,4323608,16629,0,754,0
19.871269941329956,59692,4321132,4325904,4323608,16629,0,754,0
19.886168956756592,59692,4321132,4325904,4323608,16629,0,754,0
19.901314973831177,59692,4321132,4325904,4323608,16629,0,754,0
19.916157960891724,59692,4321132,4325904,4323608,16629,0,754,0
19.931365966796875,59692,4321132,4325904,4323608,16629,0,754,0
19.94624900817871,59692,4321132,4325904,4323608,16629,0,754,0
19.961141109466553,59692,4321132,4325904,4323608,16629,0,754,0
19.975954055786133,59692,4321132,4325904,4323608,16629,0,754,0
19.99100399017334,59692,4321132,4325904,4323608,16629,0,754,0
20.005773067474365,59692,4321132,4325904,4323608,16629,0,754,0
20.02072310447693,59692,4321132,4325904,4323608,16629,0,754,0
20.03548288345337,59692,4321132,4325904,4323608,16629,0,754,0
20.0502290725708,59692,4321132,4325904,4323608,16629,0,754,0
20.065107107162476,59692,4321132,4325904,4323608,16629,0,754,0
20.0799400806427,59692,4321132,4325904,4323608,16629,0,754,0
20.09477210044861,59692,4321132,4325904,4323608,16629,0,754,0
20.10957098007202,59692,4321132,4325904,4323608,16629,0,754,0
20.12467908859253,59692,4321132,4325904,4323608,16629,0,754,0
20.139409065246582,59692,4321132,4325904,4323608,16629,0,754,0
20.154256105422974,59692,4321132,4325904,4323608,16629,0,754,0
20.169063091278076,59692,4321132,4325904,4323608,16629,0,754,0
20.18408703804016,59692,4321132,4325904,4323608,16629,0,754,0
20.198955059051514,59692,4321132,4325904,4323608,16629,0,754,0
20.21378803253174,59692,4321132,4325904,4323608,16629,0,754,0
20.228632926940918,59692,4321132,4325904,4323608,16629,0,754,0
20.243464946746826,59692,4321132,4325904,4323608,16629,0,754,0
20.258241891860962,59692,4321132,4325904,4323608,16629,0,754,0
20.273253917694092,59692,4321132,4325904,4323608,16629,0,754,0
20.28824806213379,59692,4321132,4325904,4323608,16629,0,754,0
20.302987098693848,59692,4321132,4325904,4323608,16629,0,754,0
20.317734956741333,59692,4321132,4325904,4323608,16629,0,754,0
20.332478046417236,59692,4321132,4325904,4323608,16629,0,754,0
20.347223043441772,59692,4321132,4325904,4323608,16629,0,754,0
20.361963987350464,59692,4321132,4325904,4323608,16629,0,754,0
20.376753091812134,59692,4321132,4325904,4323608,16629,0,754,0
20.39169692993164,59692,4321132,4325904,4323608,16629,0,754,0
20.406452894210815,59692,4321132,4325904,4323608,16629,0,754,0
20.421195030212402,59692,4321132,4325904,4323608,16629,0,754,0
20.436047077178955,59692,4321132,4325904,4323608,16629,0,754,0
20.450761079788208,59692,4321132,4325904,4323608,16629,0,754,0
20.465446949005127,59692,4321132,4325904,4323608,16629,0,754,0
20.480194091796875,59692,4321132,4325904,4323608,16629,0,754,0
20.49507188796997,59692,4321132,4325904,4323608,16629,0,754,0
20.50979495048523,59692,4321132,4325904,4323608,16629,0,754,0
20.52462601661682,59692,4321132,4325904,4323608,16629,0,754,0
20.539824962615967,59692,4321132,4325904,4323608,16629,0,754,0
20.554617881774902,59692,4321132,4325904,4323608,16629,0,754,0
20.569220066070557,59692,4321132,4325904,4323608,16629,0,754,0
20.583930015563965,59692,4321132,4325904,4323608,16629,0,754,0
20.598998069763184,59692,4321132,4325904,4323608,16629,0,754,0
20.613713026046753,59692,4321132,4325904,4323608,16629,0,754,0
20.62849497795105,59692,4321132,4325904,4323608,16629,0,754,0
20.64326810836792,59692,4321132,4325904,4323608,16629,0,754,0
20.65804100036621,59692,4321132,4325904,4323608,16629,0,754,0
20.672801971435547,59692,4321132,4325904,4323608,16629,0,754,0
20.687588930130005,59692,4321132,4325904,4323608,16629,0,754,0
20.702461004257202,59692,4321132,4325904,4323608,16629,0,754,0
20.717273950576782,59692,4321132,4325904,4323608,16629,0,754,0
20.732141971588135,59692,4321132,4325904,4323608,16629,0,754,0
20.747252941131592,59692,4321132,4325904,4323608,16629,0,754,0
20.762141942977905,59692,4321132,4325904,4323608,16629,0,754,0
20.776959896087646,59692,4321132,4325904,4323608,16629,0,754,0
20.791608095169067,59692,4321132,4325904,4323608,16629,0,754,0
20.806314945220947,59692,4321132,4325904,4323608,16629,0,754,0
20.821186065673828,59692,4321132,4325904,4323608,16629,0,754,0
20.836040019989014,59692,4321132,4325904,4323608,16629,0,754,0
20.850884914398193,59692,4321132,4325904,4323608,16629,0,754,0
20.865607023239136,59692,4321132,4325904,4323608,16629,0,754,0
20.88030695915222,59692,4321132,4325904,4323608,16629,0,754,0
20.89676308631897,59692,4321132,4325904,4323608,16629,0,754,0
20.911662101745605,59692,4321132,4325904,4323608,16629,0,754,0
20.926815032958984,59692,4321132,4325904,4323608,16629,0,754,0
20.9415500164032,59692,4321132,4325904,4323608,16629,0,754,0
20.956324100494385,59692,4321132,4325904,4323608,16629,0,754,0
20.97112798690796,59692,4321132,4325904,4323608,16629,0,754,0
20.98572301864624,59692,4321132,4325904,4323608,16629,0,754,0
21.000214099884033,59692,4321132,4325904,4323608,16629,0,754,0
21.014965057373047,59692,4321132,4325904,4323608,16629,0,754,0
21.029615879058838,59692,4321132,4325904,4323608,16629,0,754,0
21.04417896270752,59692,4321132,4325904,4323608,16629,0,754,0
21.05874800682068,59692,4321132,4325904,4323608,16629,0,754,0
21.073414087295532,59692,4321132,4325904,4323608,16629,0,754,0
21.08798098564148,59692,4321132,4325904,4323608,16629,0,754,0
21.10266089439392,59692,4321132,4325904,4323608,16629,0,754,0
21.11744499206543,59692,4321132,4325904,4323608,16629,0,754,0
21.132319927215576,59692,4321132,4325904,4323608,16629,0,754,0
21.14711594581604,59692,4321132,4325904,4323608,16629,0,754,0
21.162049055099487,59692,4321132,4325904,4323608,16629,0,754,0
21.17689609527588,59692,4321132,4325904,4323608,16629,0,754,0
21.191792011260986,59692,4321132,4325904,4323608,16629,0,754,0
21.206675052642822,59692,4321132,4325904,4323608,16629,0,754,0
21.221251964569092,59692,4321132,4325904,4323608,16629,0,754,0
21.236095905303955,59692,4321132,4325904,4323608,16629,0,754,0
21.250844955444336,59692,4321132,4325904,4323608,16629,0,754,0
21.265543937683105,59692,4321132,4325904,4323608,16629,0,754,0
21.280410051345825,59692,4321132,4325904,4323608,16629,0,754,0
21.29525589942932,59692,4321132,4325904,4323608,16629,0,754,0
21.31015110015869,59692,4321132,4325904,4323608,16629,0,754,0
21.324894905090332,59692,4321132,4325904,4323608,16629,0,754,0
21.339772939682007,59692,4321132,4325904,4323608,16629,0,754,0
21.3544819355011,59692,4321132,4325904,4323608,16629,0,754,0
21.36938190460205,59692,4321132,4325904,4323608,16629,0,754,0
21.38419508934021,59692,4321132,4325904,4323608,16629,0,754,0
21.398820877075195,59692,4321132,4325904,4323608,16629,0,754,0
21.413623094558716,59692,4321132,4325904,4323608,16629,0,754,0
21.428472995758057,59692,4321132,4325904,4323608,16629,0,754,0
21.443152904510498,59692,4321132,4325904,4323608,16629,0,754,0
21.457810878753662,59692,4321132,4325904,4323608,16629,0,754,0
21.472644090652466,59692,4321132,4325904,4323608,16629,0,754,0
21.48745894432068,59692,4321132,4325904,4323608,16629,0,754,0
21.502254009246826,59692,4321132,4325904,4323608,16629,0,754,0
21.517040967941284,59692,4321132,4325904,4323608,16629,0,754,0
21.53178906440735,59692,4321132,4325904,4323608,16629,0,754,0
21.546681880950928,59692,4321132,4325904,4323608,16629,0,754,0
21.56146001815796,59692,4321132,4325904,4323608,16629,0,754,0
21.57665991783142,59692,4321132,4325904,4323608,16629,0,754,0
21.59151792526245,59692,4321132,4325904,4323608,16629,0,754,0
21.606220960617065,59692,4321132,4325904,4323608,16629,0,754,0
21.62115502357483,59692,4321132,4325904,4323608,16629,0,754,0
21.635974884033203,59692,4321132,4325904,4323608,16629,0,754,0
21.650738954544067,59692,4321132,4325904,4323608,16629,0,754,0
21.66544795036316,59692,4321132,4325904,4323608,16629,0,754,0
21.68027400970459,59692,4321132,4325904,4323608,16629,0,754,0
21.695133924484253,59692,4321132,4325904,4323608,16629,0,754,0
21.71019411087036,59692,4321132,4325904,4323608,16629,0,754,0
21.725112915039062,59692,4321132,4325904,4323608,16629,0,754,0
21.74004101753235,59692,4321132,4325904,4323608,16629,0,754,0
21.75482201576233,59692,4321132,4325904,4323608,16629,0,754,0
21.769663095474243,59692,4321132,4325904,4323608,16629,0,754,0
21.784775018692017,59692,4321132,4325904,4323608,16629,0,754,0
21.799705028533936,59692,4321132,4325904,4323608,16629,0,754,0
21.814210891723633,59692,4321132,4325904,4323608,16629,0,754,0
21.828797101974487,59692,4321132,4325904,4323608,16629,0,754,0
21.843444108963013,59692,4321132,4325904,4323608,16629,0,754,0
21.858444929122925,59692,4321132,4325904,4323608,16629,0,754,0
21.87539005279541,59692,4321132,4325904,4323608,16629,0,754,0
21.890235900878906,59692,4321132,4325904,4323608,16629,0,754,0
21.905508041381836,59692,4321132,4325904,4323608,16629,0,754,0
21.920268058776855,59692,4321132,4325904,4323608,16629,0,754,0
21.935057878494263,59692,4321132,4325904,4323608,16629,0,754,0
21.949740886688232,59692,4321132,4325904,4323608,16629,0,754,0
21.96462893486023,59692,4321132,4325904,4323608,16629,0,754,0
21.97935199737549,59692,4321132,4325904,4323608,16629,0,754,0
21.994329929351807,59692,4321132,4325904,4323608,16629,0,754,0
22.009166955947876,59692,4321132,4325904,4323608,16629,0,754,0
22.024013996124268,59692,4321132,4325904,4323608,16629,0,754,0
22.038724899291992,59692,4321132,4325904,4323608,16629,0,754,0
22.05355405807495,59692,4321132,4325904,4323608,16629,0,754,0
22.06833004951477,59692,4321132,4325904,4323608,16629,0,754,0
22.08304190635681,59692,4321132,4325904,4323608,16629,0,754,0
22.097681999206543,59692,4321132,4325904,4323608,16629,0,754,0
22.112389087677002,59692,4321132,4325904,4323608,16629,0,754,0
22.127243995666504,59692,4321132,4325904,4323608,16629,0,754,0
22.1419780254364,59692,4321132,4325904,4323608,16629,0,754,0
22.156785011291504,59692,4321132,4325904,4323608,16629,0,754,0
22.171700954437256,59692,4321132,4325904,4323608,16629,0,754,0
22.18658208847046,59692,4321132,4325904,4323608,16629,0,754,0
22.2019100189209,59692,4321132,4325904,4323608,16629,0,754,0
22.216729879379272,59692,4321132,4325904,4323608,16629,0,754,0
22.231664896011353,59692,4321132,4325904,4323608,16629,0,754,0
22.246401071548462,59692,4321132,4325904,4323608,16629,0,754,0
22.26124405860901,59692,4321132,4325904,4323608,16629,0,754,0
22.276144981384277,59692,4321132,4325904,4323608,16629,0,754,0
22.290977954864502,59692,4321132,4325904,4323608,16629,0,754,0
22.305296897888184,59692,4321132,4325904,4323608,16629,0,754,0
22.31996202468872,59692,4321132,4325904,4323608,16629,0,754,0
22.334322929382324,59692,4321132,4325904,4323608,16629,0,754,0
22.34908390045166,59692,4321132,4325904,4323608,16629,0,754,0
22.363290071487427,59692,4321132,4325904,4323608,16629,0,754,0
22.3778018951416,59692,4321132,4325904,4323608,16629,0,754,0
22.392024040222168,59692,4321132,4325904,4323608,16629,0,754,0
22.40624499320984,59692,4321132,4325904,4323608,16629,0,754,0
22.4206440448761,59692,4321132,4325904,4323608,16629,0,754,0
22.434985876083374,59692,4321132,4325904,4323608,16629,0,754,0
22.449315071105957,59692,4321132,4325904,4323608,16629,0,754,0
22.463776111602783,59692,4321132,4325904,4323608,16629,0,754,0
22.478031873703003,59692,4321132,4325904,4323608,16629,0,754,0
22.492310047149658,59692,4321132,4325904,4323608,16629,0,754,0
22.506687879562378,59692,4321132,4325904,4323608,16629,0,754,0
22.521193981170654,59692,4321132,4325904,4323608,16629,0,754,0
22.535438060760498,59692,4321132,4325904,4323608,16629,0,754,0
22.54970693588257,59692,4321132,4325904,4323608,16629,0,754,0
22.56416893005371,59692,4321132,4325904,4323608,16629,0,754,0
22.578280925750732,59692,4321132,4325904,4323608,16629,0,754,0
22.592370986938477,59692,4321132,4325904,4323608,16629,0,754,0
22.607029914855957,59692,4321132,4325904,4323608,16629,0,754,0
22.62128710746765,59692,4321132,4325904,4323608,16629,0,754,0
22.635288953781128,59692,4321132,4325904,4323608,16629,0,754,0
22.649662971496582,59692,4321132,4325904,4323608,16629,0,754,0
22.664000034332275,59692,4321132,4325904,4323608,16629,0,754,0
22.678142070770264,59692,4321132,4325904,4323608,16629,0,754,0
22.692287921905518,59692,4321132,4325904,4323608,16629,0,754,0
22.706657886505127,59692,4321132,4325904,4323608,16629,0,754,0
22.72106909751892,59692,4321132,4325904,4323608,16629,0,754,0
22.735135078430176,59692,4321132,4325904,4323608,16629,0,754,0
22.74963903427124,59692,4321132,4325904,4323608,16629,0,754,0
22.763911962509155,59692,4321132,4325904,4323608,16629,0,754,0
22.778156042099,59692,4321132,4325904,4323608,16629,0,754,0
22.792293071746826,59692,4321132,4325904,4323608,16629,0,754,0
22.80648398399353,59692,4321132,4325904,4323608,16629,0,754,0
22.82131791114807,59692,4321132,4325904,4323608,16629,0,754,0
22.838767051696777,59692,4321132,4325904,4323608,16629,0,754,0
22.853178024291992,59692,4321132,4325904,4323608,16629,0,754,0
22.867311000823975,59692,4321132,4325904,4323608,16629,0,754,0
22.881442070007324,59692,4321132,4325904,4323608,16629,0,754,0
22.895412921905518,59692,4321132,4325904,4323608,16629,0,754,0
22.909415006637573,59692,4321132,4325904,4323608,16629,0,754,0
22.92381000518799,59692,4321132,4325904,4323608,16629,0,754,0
22.93821096420288,59692,4321132,4325904,4323608,16629,0,754,0
22.952445030212402,59692,4321132,4325904,4323608,16629,0,754,0
22.96695303916931,59692,4321132,4325904,4323608,16629,0,754,0
22.98127007484436,59692,4321132,4325904,4323608,16629,0,754,0
22.995798110961914,59692,4321132,4325904,4323608,16629,0,754,0
23.010282039642334,59692,4321132,4325904,4323608,16629,0,754,0
23.024821996688843,59692,4321132,4325904,4323608,16629,0,754,0
23.03929901123047,59692,4321132,4325904,4323608,16629,0,754,0
23.053766012191772,59692,4321132,4325904,4323608,16629,0,754,0
23.067997932434082,59692,4321132,4325904,4323608,16629,0,754,0
23.082103967666626,59692,4321132,4325904,4323608,16629,0,754,0
23.09618091583252,59692,4321132,4325904,4323608,16629,0,754,0
23.110313892364502,59692,4321132,4325904,4323608,16629,0,754,0
23.124731063842773,59692,4321132,4325904,4323608,16629,0,754,0
23.1390860080719,59692,4321132,4325904,4323608,16629,0,754,0
23.153297901153564,59692,4321132,4325904,4323608,16629,0,754,0
23.167372941970825,59692,4321132,4325904,4323608,16629,0,754,0
23.181389093399048,59692,4321132,4325904,4323608,16629,0,754,0
23.19528293609619,59692,4321132,4325904,4323608,16629,0,754,0
23.20942497253418,59692,4321132,4325904,4323608,16629,0,754,0
23.22409987449646,59692,4321132,4325904,4323608,16629,0,754,0
23.238744974136353,59692,4321132,4325904,4323608,16629,0,754,0
23.253334045410156,59692,4321132,4325904,4323608,16629,0,754,0
23.267956972122192,59692,4321132,4325904,4323608,16629,0,754,0
23.282465934753418,59692,4321132,4325904,4323608,16629,0,754,0
23.297064065933228,59692,4321132,4325904,4323608,16629,0,754,0
23.311770915985107,59692,4321132,4325904,4323608,16629,0,754,0
23.326045036315918,59692,4321132,4325904,4323608,16629,0,754,0
23.340401887893677,59692,4321132,4325904,4323608,16629,0,754,0
23.35457491874695,59692,4321132,4325904,4323608,16629,0,754,0
23.368896961212158,59692,4321132,4325904,4323608,16629,0,754,0
23.38322901725769,59692,4321132,4325904,4323608,16629,0,754,0
23.39743709564209,59692,4321132,4325904,4323608,16629,0,754,0
23.411664962768555,59692,4321132,4325904,4323608,16629,0,754,0
23.425819873809814,59692,4321132,4325904,4323608,16629,0,754,0
23.44005799293518,59692,4321132,4325904,4323608,16629,0,754,0
23.454277992248535,59692,4321132,4325904,4323608,16629,0,754,0
23.46834707260132,59692,4321132,4325904,4323608,16629,0,754,0
23.482425928115845,59692,4321132,4325904,4323608,16629,0,754,0
23.496273040771484,59692,4321132,4325904,4323608,16629,0,754,0
23.51062297821045,59692,4321132,4325904,4323608,16629,0,754,0
23.524883031845093,59692,4321132,4325904,4323608,16629,0,754,0
23.539177894592285,59692,4321132,4325904,4323608,16629,0,754,0
23.553284883499146,59692,4321132,4325904,4323608,16629,0,754,0
23.567662000656128,59692,4321132,4325904,4323608,16629,0,754,0
23.58208990097046,59692,4321132,4325904,4323608,16629,0,754,0
23.59736394882202,59692,4321132,4325904,4323608,16629,0,754,0
23.612508058547974,59692,4321132,4325904,4323608,16629,0,754,0
23.627865076065063,59692,4321132,4325904,4323608,16629,0,754,0
23.64318609237671,59692,4321132,4325904,4323608,16629,0,754,0
23.65827989578247,59692,4321132,4325904,4323608,16629,0,754,0
23.672810077667236,59692,4321132,4325904,4323608,16629,0,754,0
23.68725299835205,59692,4321132,4325904,4323608,16629,0,754,0
23.701730012893677,59692,4321132,4325904,4323608,16629,0,754,0
23.71623706817627,59692,4321132,4325904,4323608,16629,0,754,0
23.730992078781128,59692,4321132,4325904,4323608,16629,0,754,0
23.745276927947998,59692,4321132,4325904,4323608,16629,0,754,0
23.759958028793335,59692,4321132,4325904,4323608,16629,0,754,0
23.774389028549194,59692,4321132,4325904,4323608,16629,0,754,0
23.788809061050415,59692,4321132,4325904,4323608,16629,0,754,0
23.8032009601593,59692,4321132,4325904,4323608,16629,0,754,0
23.818228006362915,59692,4321132,4325904,4323608,16629,0,754,0
23.832660913467407,59692,4321132,4325904,4323608,16629,0,754,0
23.84714102745056,59692,4321132,4325904,4323608,16629,0,754,0
23.861258029937744,59692,4321132,4325904,4323608,16629,0,754,0
23.875725984573364,59692,4321132,4325904,4323608,16629,0,754,0
23.890011072158813,59692,4321132,4325904,4323608,16629,0,754,0
23.904223918914795,59692,4321132,4325904,4323608,16629,0,754,0
23.918389081954956,59692,4321132,4325904,4323608,16629,0,754,0
23.932734966278076,59692,4321132,4325904,4323608,16629,0,754,0
23.947256088256836,59692,4321132,4325904,4323608,16629,0,754,0
23.961965084075928,59692,4321132,4325904,4323608,16629,0,754,0
23.97640609741211,59692,4321132,4325904,4323608,16629,0,754,0
23.99122190475464,59692,4321132,4325904,4323608,16629,0,754,0
24.00604510307312,59692,4321132,4325904,4323608,16629,0,754,0
24.020771026611328,59692,4321132,4325904,4323608,16629,0,754,0
24.035337924957275,59692,4321132,4325904,4323608,16629,0,754,0
24.050134897232056,59692,4321132,4325904,4323608,16629,0,754,0
24.06515908241272,59692,4321132,4325904,4323608,16629,0,754,0
24.079976081848145,59692,4321132,4325904,4323608,16629,0,754,0
24.094690084457397,59692,4321132,4325904,4323608,16629,0,754,0
24.109316110610962,59692,4321132,4325904,4323608,16629,0,754,0
24.12422204017639,59692,4321132,4325904,4323608,16629,0,754,0
24.139007091522217,59692,4321132,4325904,4323608,16629,0,754,0
24.153663873672485,59692,4321132,4325904,4323608,16629,0,754,0
24.168346881866455,59692,4321132,4325904,4323608,16629,0,754,0
24.18304705619812,59692,4321132,4325904,4323608,16629,0,754,0
24.197278022766113,59692,4321132,4325904,4323608,16629,0,754,0
24.211647033691406,59692,4321132,4325904,4323608,16629,0,754,0
24.22631597518921,59692,4321132,4325904,4323608,16629,0,754,0
24.24080204963684,59692,4321132,4325904,4323608,16629,0,754,0
24.25530695915222,59692,4321132,4325904,4323608,16629,0,754,0
24.270025968551636,59692,4321132,4325904,4323608,16629,0,754,0
24.28484296798706,59692,4321132,4325904,4323608,16629,0,754,0
24.299319982528687,59692,4321132,4325904,4323608,16629,0,754,0
24.313728094100952,59692,4321132,4325904,4323608,16629,0,754,0
24.327840089797974,59692,4321132,4325904,4323608,16629,0,754,0
24.3422908782959,59692,4321132,4325904,4323608,16629,0,754,0
24.356312036514282,59692,4321132,4325904,4323608,16629,0,754,0
24.37081003189087,59692,4321132,4325904,4323608,16629,0,754,0
24.38528609275818,59692,4321132,4325904,4323608,16629,0,754,0
24.39963388442993,59692,4321132,4325904,4323608,16629,0,754,0
24.413819074630737,59692,4321132,4325904,4323608,16629,0,754,0
24.42809295654297,59692,4321132,4325904,4323608,16629,0,754,0
24.442291021347046,59692,4321132,4325904,4323608,16629,0,754,0
24.456374883651733,59692,4321132,4325904,4323608,16629,0,754,0
24.471086978912354,59692,4321132,4325904,4323608,16629,0,754,0
24.485776901245117,59692,4321132,4325904,4323608,16629,0,754,0
24.50016498565674,59692,4321132,4325904,4323608,16629,0,754,0
24.51419711112976,59692,4321132,4325904,4323608,16629,0,754,0
24.52825903892517,59692,4321132,4325904,4323608,16629,0,754,0
24.54227089881897,59692,4321132,4325904,4323608,16629,0,754,0
24.55639410018921,59692,4321132,4325904,4323608,16629,0,754,0
24.5707950592041,59692,4321132,4325904,4323608,16629,0,754,0
24.585258960723877,59692,4321132,4325904,4323608,16629,0,754,0
24.5999538898468,59692,4321132,4325904,4323608,16629,0,754,0
24.614269018173218,59692,4321132,4325904,4323608,16629,0,754,0
24.62909507751465,59692,4321132,4325904,4323608,16629,0,754,0
24.643439054489136,59692,4321132,4325904,4323608,16629,0,754,0
24.65818190574646,59692,4321132,4325904,4323608,16629,0,754,0
24.672427892684937,59692,4321132,4325904,4323608,16629,0,754,0
24.686816930770874,59692,4321132,4325904,4323608,16629,0,754,0
24.701277017593384,59692,4321132,4325904,4323608,16629,0,754,0
24.7153480052948,59692,4321132,4325904,4323608,16629,0,754,0
24.729782104492188,59692,4321132,4325904,4323608,16629,0,754,0
24.744148015975952,59692,4321132,4325904,4323608,16629,0,754,0
24.758275985717773,59692,4321132,4325904,4323608,16629,0,754,0
24.772433042526245,59692,4321132,4325904,4323608,16629,0,754,0
24.78732395172119,59692,4321132,4325904,4323608,16629,0,754,0
24.80212092399597,59692,4321132,4325904,4323608,16629,0,754,0
24.816900968551636,59692,4321132,4325904,4323608,16629,0,754,0
24.8312029838562,59692,4321132,4325904,4323608,16629,0,754,0
24.845885038375854,59692,4321132,4325904,4323608,16629,0,754,0
24.860311031341553,59692,4321132,4325904,4323608,16629,0,754,0
24.874406099319458,59692,4321132,4325904,4323608,16629,0,754,0
24.88909888267517,59692,4321132,4325904,4323608,16629,0,754,0
24.904221057891846,59692,4321132,4325904,4323608,16629,0,754,0
24.918314933776855,59692,4321132,4325904,4323608,16629,0,754,0
24.93247389793396,59692,4321132,4325904,4323608,16629,0,754,0
24.946628093719482,59692,4321132,4325904,4323608,16629,0,754,0
24.96080708503723,59692,4321132,4325904,4323608,16629,0,754,0
24.97500705718994,59692,4321132,4325904,4323608,16629,0,754,0
24.989316940307617,59692,4321132,4325904,4323608,16629,0,754,0
25.0038480758667,59692,4321132,4325904,4323608,16629,0,754,0
25.018287897109985,59692,4321132,4325904,4323608,16629,0,754,0
25.033268928527832,59692,4321132,4325904,4323608,16629,0,754,0
25.049127101898193,59692,4321132,4325904,4323608,16629,0,754,0
25.065188884735107,59692,4321132,4325904,4323608,16629,0,754,0
25.081197023391724,59692,4321132,4325904,4323608,16629,0,754,0
25.09719705581665,59692,4321132,4325904,4323608,16629,0,754,0
25.113029956817627,59692,4321132,4325904,4323608,16629,0,754,0
25.127470016479492,59692,4321132,4325904,4323608,16629,0,754,0
25.142185926437378,59692,4321132,4325904,4323608,16629,0,754,0
25.156768083572388,59692,4321132,4325904,4323608,16629,0,754,0
25.171293020248413,59692,4321132,4325904,4323608,16629,0,754,0
25.18584895133972,59692,4321132,4325904,4323608,16629,0,754,0
25.200313091278076,59692,4321132,4325904,4323608,16629,0,754,0
25.214979887008667,59692,4321132,4325904,4323608,16629,0,754,0
25.229445934295654,59692,4321132,4325904,4323608,16629,0,754,0
25.244184970855713,59692,4321132,4325904,4323608,16629,0,754,0
25.258776903152466,59692,4321132,4325904,4323608,16629,0,754,0
25.273322105407715,59692,4321132,4325904,4323608,16629,0,754,0
25.288127899169922,59692,4321132,4325904,4323608,16629,0,754,0
25.302742958068848,59692,4321132,4325904,4323608,16629,0,754,0
25.317404985427856,59692,4321132,4325904,4323608,16629,0,754,0
25.33178210258484,59692,4321132,4325904,4323608,16629,0,754,0
25.34594702720642,59692,4321132,4325904,4323608,16629,0,754,0
25.36034607887268,59692,4321132,4325904,4323608,16629,0,754,0
25.37514090538025,59692,4321132,4325904,4323608,16629,0,754,0
25.38980507850647,59692,4321132,4325904,4323608,16629,0,754,0
25.404321908950806,59692,4321132,4325904,4323608,16629,0,754,0
25.418998956680298,59692,4321132,4325904,4323608,16629,0,754,0
25.43370795249939,59692,4321132,4325904,4323608,16629,0,754,0
25.448322057724,59692,4321132,4325904,4323608,16629,0,754,0
25.463035106658936,59692,4321132,4325904,4323608,16629,0,754,0
25.477437019348145,59692,4321132,4325904,4323608,16629,0,754,0
25.492171049118042,59692,4321132,4325904,4323608,16629,0,754,0
25.5071120262146,59692,4321132,4325904,4323608,16629,0,754,0
25.521626949310303,59692,4321132,4325904,4323608,16629,0,754,0
25.536201000213623,59692,4321132,4325904,4323608,16629,0,754,0
25.550637006759644,59692,4321132,4325904,4323608,16629,0,754,0
25.565001010894775,59692,4321132,4325904,4323608,16629,0,754,0
25.579694032669067,59692,4321132,4325904,4323608,16629,0,754,0
25.594177961349487,59692,4321132,4325904,4323608,16629,0,754,0
25.608673095703125,59692,4321132,4325904,4323608,16629,0,754,0
25.623328924179077,59692,4321132,4325904,4323608,16629,0,754,0
25.638110876083374,59692,4321132,4325904,4323608,16629,0,754,0
25.652923107147217,59692,4321132,4325904,4323608,16629,0,754,0
25.667788982391357,59692,4321132,4325904,4323608,16629,0,754,0
25.68270993232727,59692,4321132,4325904,4323608,16629,0,754,0
25.697421073913574,59692,4321132,4325904,4323608,16629,0,754,0
25.712342023849487,59692,4321132,4325904,4323608,16629,0,754,0
25.72732901573181,59692,4321132,4325904,4323608,16629,0,754,0
25.742249011993408,59692,4321132,4325904,4323608,16629,0,754,0
25.759772062301636,59692,4321132,4325904,4323608,16629,0,754,0
25.774751901626587,59692,4321132,4325904,4323608,16629,0,754,0
25.789490938186646,59692,4321132,4325904,4323608,16629,0,754,0
25.804326057434082,59692,4321132,4325904,4323608,16629,0,754,0
25.819298028945923,59692,4321132,4325904,4323608,16629,0,754,0
25.83420205116272,59692,4321132,4325904,4323608,16629,0,754,0
25.84914994239807,59692,4321132,4325904,4323608,16629,0,754,0
25.864103078842163,59692,4321132,4325904,4323608,16629,0,754,0
25.87910509109497,59692,4321132,4325904,4323608,16629,0,754,0
25.8938570022583,59692,4321132,4325904,4323608,16629,0,754,0
25.908318996429443,59692,4321132,4325904,4323608,16629,0,754,0
25.923364877700806,59692,4321132,4325904,4323608,16629,0,754,0
25.938082933425903,59692,4321132,4325904,4323608,16629,0,754,0
25.95226287841797,59692,4321132,4325904,4323608,16629,0,754,0
25.966372966766357,59692,4321132,4325904,4323608,16629,0,754,0
25.980781078338623,59692,4321132,4325904,4323608,16629,0,754,0
25.995070934295654,59692,4321132,4325904,4323608,16629,0,754,0
26.00919198989868,59692,4321132,4325904,4323608,16629,0,754,0
26.02345108985901,59692,4321132,4325904,4323608,16629,0,754,0
26.038182020187378,59692,4321132,4325904,4323608,16629,0,754,0
26.05280089378357,59692,4321132,4325904,4323608,16629,0,754,0
26.067343950271606,59692,4321132,4325904,4323608,16629,0,754,0
26.082009077072144,59692,4321132,4325904,4323608,16629,0,754,0
26.097172021865845,59692,4321132,4325904,4323608,16629,0,754,0
26.112361907958984,59692,4321132,4325904,4323608,16629,0,754,0
26.12769603729248,59692,4321132,4325904,4323608,16629,0,754,0
26.143073081970215,59692,4321132,4325904,4323608,16629,0,754,0
26.15828800201416,59692,4321132,4325904,4323608,16629,0,754,0
26.17232608795166,59692,4321132,4325904,4323608,16629,0,754,0
26.186429977416992,59692,4321132,4325904,4323608,16629,0,754,0
26.201004028320312,59692,4321132,4325904,4323608,16629,0,754,0
26.215331077575684,59692,4321132,4325904,4323608,16629,0,754,0
26.229837894439697,59692,4321132,4325904,4323608,16629,0,754,0
26.24422597885132,59692,4321132,4325904,4323608,16629,0,754,0
26.258420944213867,59692,4321132,4325904,4323608,16629,0,754,0
26.27305793762207,59692,4321132,4325904,4323608,16629,0,754,0
26.287288904190063,59692,4321132,4325904,4323608,16629,0,754,0
26.301732063293457,59692,4321132,4325904,4323608,16629,0,754,0
26.316549062728882,59692,4321132,4325904,4323608,16629,0,754,0
26.33123207092285,59692,4321132,4325904,4323608,16629,0,754,0
26.34609603881836,59692,4321132,4325904,4323608,16629,0,754,0
26.361259937286377,59692,4321132,4325904,4323608,16629,0,754,0
26.37624192237854,59692,4321132,4325904,4323608,16629,0,754,0
26.391145944595337,59692,4321132,4325904,4323608,16629,0,754,0
26.405791997909546,59692,4321132,4325904,4323608,16629,0,754,0
26.42106795310974,59692,4321132,4325904,4323608,16629,0,754,0
26.436053037643433,59692,4321132,4325904,4323608,16629,0,754,0
26.450851917266846,59692,4321132,4325904,4323608,16629,0,754,0
26.46574592590332,59692,4321132,4325904,4323608,16629,0,754,0
26.480592012405396,59692,4321132,4325904,4323608,16629,0,754,0
26.495347023010254,59692,4321132,4325904,4323608,16629,0,754,0
26.51021409034729,59692,4321132,4325904,4323608,16629,0,754,0
26.52521800994873,59692,4321132,4325904,4323608,16629,0,754,0
26.54005789756775,59692,4321132,4325904,4323608,16629,0,754,0
26.554775953292847,59692,4321132,4325904,4323608,16629,0,754,0
26.57002592086792,59692,4321132,4325904,4323608,16629,0,754,0
26.584980010986328,59692,4321132,4325904,4323608,16629,0,754,0
26.599745988845825,59692,4321132,4325904,4323608,16629,0,754,0
26.614590883255005,59692,4321132,4325904,4323608,16629,0,754,0
26.62924289703369,59692,4321132,4325904,4323608,16629,0,754,0
26.644267082214355,59692,4321132,4325904,4323608,16629,0,754,0
26.65925407409668,59692,4321132,4325904,4323608,16629,0,754,0
26.674129962921143,59692,4321132,4325904,4323608,16629,0,754,0
26.689002990722656,59692,4321132,4325904,4323608,16629,0,754,0
26.703770875930786,59692,4321132,4325904,4323608,16629,0,754,0
26.7186119556427,59692,4321132,4325904,4323608,16629,0,754,0
26.733813047409058,59692,4321132,4325904,4323608,16629,0,754,0
26.748801946640015,59692,4321132,4325904,4323608,16629,0,754,0
26.76365900039673,59692,4321132,4325904,4323608,16629,0,754,0
26.778589010238647,59692,4321132,4325904,4323608,16629,0,754,0
26.79362392425537,59692,4321132,4325904,4323608,16629,0,754,0
26.808537006378174,59692,4321132,4325904,4323608,16629,0,754,0
26.823177099227905,59692,4321132,4325904,4323608,16629,0,754,0
26.838048934936523,59692,4321132,4325904,4323608,16629,0,754,0
26.8530490398407,59692,4321132,4325904,4323608,16629,0,754,0
26.86784791946411,59692,4321132,4325904,4323608,16629,0,754,0
26.882626056671143,59692,4321132,4325904,4323608,16629,0,754,0
26.897315979003906,59692,4321132,4325904,4323608,16629,0,754,0
26.912219047546387,59692,4321132,4325904,4323608,16629,0,754,0
26.927304983139038,59692,4321132,4325904,4323608,16629,0,754,0
26.942272901535034,59692,4321132,4325904,4323608,16629,0,754,0
26.9571750164032,59692,4321132,4325904,4323608,16629,0,754,0
26.9721040725708,59692,4321132,4325904,4323608,16629,0,754,0
26.98719310760498,59692,4321132,4325904,4323608,16629,0,754,0
27.002170085906982,59692,4321132,4325904,4323608,16629,0,754,0
27.017040014266968,59692,4321132,4325904,4323608,16629,0,754,0
27.031895875930786,59692,4321132,4325904,4323608,16629,0,754,0
27.04674005508423,59692,4321132,4325904,4323608,16629,0,754,0
27.06167507171631,59692,4321132,4325904,4323608,16629,0,754,0
27.07663607597351,59692,4321132,4325904,4323608,16629,0,754,0
27.091482877731323,59692,4321132,4325904,4323608,16629,0,754,0
27.106262922286987,59692,4321132,4325904,4323608,16629,0,754,0
27.121164083480835,59692,4321132,4325904,4323608,16629,0,754,0
27.136056900024414,59692,4321132,4325904,4323608,16629,0,754,0
27.150877952575684,59692,4321132,4325904,4323608,16629,0,754,0
27.165705919265747,59692,4321132,4325904,4323608,16629,0,754,0
27.18032193183899,59692,4321132,4325904,4323608,16629,0,754,0
27.19562005996704,59692,4321132,4325904,4323608,16629,0,754,0
27.210295915603638,59692,4321132,4325904,4323608,16629,0,754,0
27.225198984146118,59692,4321132,4325904,4323608,16629,0,754,0
27.240082025527954,59692,4321132,4325904,4323608,16629,0,754,0
27.25494694709778,59692,4321132,4325904,4323608,16629,0,754,0
27.26972508430481,59692,4321132,4325904,4323608,16629,0,754,0
27.284590005874634,59692,4321132,4325904,4323608,16629,0,754,0
27.29930591583252,59692,4321132,4325904,4323608,16629,0,754,0
27.314092874526978,59692,4321132,4325904,4323608,16629,0,754,0
27.328938007354736,59692,4321132,4325904,4323608,16629,0,754,0
27.343658924102783,59692,4321132,4325904,4323608,16629,0,754,0
27.35846996307373,59692,4321132,4325904,4323608,16629,0,754,0
27.373228073120117,59692,4321132,4325904,4323608,16629,0,754,0
27.388134956359863,59692,4321132,4325904,4323608,16629,0,754,0
27.403271913528442,59692,4321132,4325904,4323608,16629,0,754,0
27.418160915374756,59692,4321132,4325904,4323608,16629,0,754,0
27.432960987091064,59692,4321132,4325904,4323608,16629,0,754,0
27.447798013687134,59692,4321132,4325904,4323608,16629,0,754,0
27.462846994400024,59692,4321132,4325904,4323608,16629,0,754,0
27.477776050567627,59692,4321132,4325904,4323608,16629,0,754,0
27.492605924606323,59692,4321132,4325904,4323608,16629,0,754,0
27.50731110572815,59692,4321132,4325904,4323608,16629,0,754,0
27.522186040878296,59692,4321132,4325904,4323608,16629,0,754,0
27.536983013153076,59692,4321132,4325904,4323608,16629,0,754,0
27.552104949951172,59692,4321132,4325904,4323608,16629,0,754,0
27.56700611114502,59692,4321132,4325904,4323608,16629,0,754,0
27.581840991973877,59692,4321132,4325904,4323608,16629,0,754,0
27.596662998199463,59692,4321132,4325904,4323608,16629,0,754,0
27.611762046813965,59692,4321132,4325904,4323608,16629,0,754,0
27.626816987991333,59692,4321132,4325904,4323608,16629,0,754,0
27.641886949539185,59692,4321132,4325904,4323608,16629,0,754,0
27.656995058059692,59692,4321132,4325904,4323608,16629,0,754,0
27.67179799079895,59692,4321132,4325904,4323608,16629,0,754,0
27.68670392036438,59692,4321132,4325904,4323608,16629,0,754,0
27.702009916305542,59692,4321132,4325904,4323608,16629,0,754,0
27.71693205833435,59692,4321132,4325904,4323608,16629,0,754,0
27.731784105300903,59692,4321132,4325904,4323608,16629,0,754,0
27.74674105644226,59692,4321132,4325904,4323608,16629,0,754,0
27.761672973632812,59692,4321132,4325904,4323608,16629,0,754,0
27.7763888835907,59692,4321132,4325904,4323608,16629,0,754,0
27.791259050369263,59692,4321132,4325904,4323608,16629,0,754,0
27.806232929229736,59692,4321132,4325904,4323608,16629,0,754,0
27.82129406929016,59692,4321132,4325904,4323608,16629,0,754,0
27.83623194694519,59692,4321132,4325904,4323608,16629,0,754,0
27.851221084594727,59692,4321132,4325904,4323608,16629,0,754,0
27.866055965423584,59692,4321132,4325904,4323608,16629,0,754,0
27.880903959274292,59692,4321132,4325904,4323608,16629,0,754,0
27.895977020263672,59692,4321132,4325904,4323608,16629,0,754,0
27.91098690032959,59692,4321132,4325904,4323608,16629,0,754,0
27.925961017608643,59692,4321132,4325904,4323608,16629,0,754,0
27.94097900390625,59692,4321132,4325904,4323608,16629,0,754,0
27.955758094787598,59692,4321132,4325904,4323608,16629,0,754,0
27.970634937286377,59692,4321132,4325904,4323608,16629,0,754,0
27.985506057739258,59692,4321132,4325904,4323608,16629,0,754,0
28.00022602081299,59692,4321132,4325904,4323608,16629,0,754,0
28.0149929523468,59692,4321132,4325904,4323608,16629,0,754,0
28.029968976974487,59692,4321132,4325904,4323608,16629,0,754,0
28.044750928878784,59692,4321132,4325904,4323608,16629,0,754,0
28.059489965438843,59692,4321132,4325904,4323608,16629,0,754,0
28.074548959732056,59692,4321132,4325904,4323608,16629,0,754,0
28.08939790725708,59692,4321132,4325904,4323608,16629,0,754,0
28.10425901412964,59692,4321132,4325904,4323608,16629,0,754,0
28.119170904159546,59692,4321132,4325904,4323608,16629,0,754,0
28.134052991867065,59692,4321132,4325904,4323608,16629,0,754,0
28.148897886276245,59692,4321132,4325904,4323608,16629,0,754,0
28.163640022277832,59692,4321132,4325904,4323608,16629,0,754,0
28.17867088317871,59692,4321132,4325904,4323608,16629,0,754,0
28.193440914154053,59692,4321132,4325904,4323608,16629,0,754,0
28.20827293395996,59692,4321132,4325904,4323608,16629,0,754,0
28.223198890686035,59692,4321132,4325904,4323608,16629,0,754,0
28.238234043121338,59692,4321132,4325904,4323608,16629,0,754,0
28.253108978271484,59692,4321132,4325904,4323608,16629,0,754,0
28.267903089523315,59692,4321132,4325904,4323608,16629,0,754,0
28.282821893692017,59692,4321132,4325904,4323608,16629,0,754,0
28.29758596420288,59692,4321132,4325904,4323608,16629,0,754,0
28.312314987182617,59692,4321132,4325904,4323608,16629,0,754,0
28.327168941497803,59692,4321132,4325904,4323608,16629,0,754,0
28.342029094696045,59692,4321132,4325904,4323608,16629,0,754,0
28.356816053390503,59692,4321132,4325904,4323608,16629,0,754,0
28.371673107147217,59692,4321132,4325904,4323608,16629,0,754,0
28.386548042297363,59692,4321132,4325904,4323608,16629,0,754,0
28.40125298500061,59692,4321132,4325904,4323608,16629,0,754,0
28.415992975234985,59692,4321132,4325904,4323608,16629,0,754,0
28.43087887763977,59692,4321132,4325904,4323608,16629,0,754,0
28.456355094909668,59692,4321132,4325904,4323608,16629,0,754,0
28.471667051315308,59692,4321132,4325904,4323608,16629,0,754,0
28.48667001724243,59692,4321132,4325904,4323608,16629,0,754,0
28.501616954803467,59692,4321132,4325904,4323608,16629,0,754,0
28.516236066818237,59692,4321132,4325904,4323608,16629,0,754,0
28.530975103378296,59692,4321132,4325904,4323608,16629,0,754,0
28.545592069625854,59692,4321132,4325904,4323608,16629,0,754,0
28.560232877731323,59692,4321132,4325904,4323608,16629,0,754,0
28.574992895126343,59692,4321132,4325904,4323608,16629,0,754,0
28.58975100517273,59692,4321132,4325904,4323608,16629,0,754,0
28.6047101020813,59692,4321132,4325904,4323608,16629,0,754,0
28.619566917419434,59692,4321132,4325904,4323608,16629,0,754,0
28.634275913238525,59692,4321132,4325904,4323608,16629,0,754,0
28.64953899383545,59692,4321132,4325904,4323608,16629,0,754,0
28.664396047592163,59692,4321132,4325904,4323608,16629,0,754,0
28.68173098564148,59692,4321132,4325904,4323608,16629,0,754,0
28.696676015853882,59692,4321132,4325904,4323608,16629,0,754,0
28.711338996887207,59692,4321132,4325904,4323608,16629,0,754,0
28.726181030273438,59692,4321132,4325904,4323608,16629,0,754,0
28.740964889526367,59692,4321132,4325904,4323608,16629,0,754,0
28.755735874176025,59692,4321132,4325904,4323608,16629,0,754,0
28.770485877990723,59692,4321132,4325904,4323608,16629,0,754,0
28.785326957702637,59692,4321132,4325904,4323608,16629,0,754,0
28.800096035003662,59692,4321132,4325904,4323608,16629,0,754,0
28.81496810913086,59692,4321132,4325904,4323608,16629,0,754,0
28.82978892326355,59692,4321132,4325904,4323608,16629,0,754,0
28.84473490715027,59692,4321132,4325904,4323608,16629,0,754,0
28.86009693145752,59692,4321132,4325904,4323608,16629,0,754,0
28.875032901763916,59692,4321132,4325904,4323608,16629,0,754,0
28.889949083328247,59692,4321132,4325904,4323608,16629,0,754,0
28.904457092285156,59692,4321132,4325904,4323608,16629,0,754,0
28.919311046600342,59692,4321132,4325904,4323608,16629,0,754,0
28.934207916259766,59692,4321132,4325904,4323608,16629,0,754,0
28.94895601272583,59692,4321132,4325904,4323608,16629,0,754,0
28.963814973831177,59692,4321132,4325904,4323608,16629,0,754,0
28.978518962860107,59692,4321132,4325904,4323608,16629,0,754,0
28.99352788925171,59692,4321132,4325904,4323608,16629,0,754,0
29.00810408592224,59692,4321132,4325904,4323608,16629,0,754,0
29.0225989818573,59692,4321132,4325904,4323608,16629,0,754,0
29.03737187385559,59692,4321132,4325904,4323608,16629,0,754,0
29.05206799507141,59692,4321132,4325904,4323608,16629,0,754,0
29.066704988479614,59692,4321132,4325904,4323608,16629,0,754,0
29.081182956695557,59692,4321132,4325904,4323608,16629,0,754,0
29.096160888671875,59692,4321132,4325904,4323608,16629,0,754,0
29.111095905303955,59692,4321132,4325904,4323608,16629,0,754,0
29.126051902770996,59692,4321132,4325904,4323608,16629,0,754,0
29.14081597328186,59692,4321132,4325904,4323608,16629,0,754,0
29.15570306777954,59692,4321132,4325904,4323608,16629,0,754,0
29.170464992523193,59692,4321132,4325904,4323608,16629,0,754,0
29.185231924057007,59692,4321132,4325904,4323608,16629,0,754,0
29.20017695426941,59692,4321132,4325904,4323608,16629,0,754,0
29.214813947677612,59692,4321132,4325904,4323608,16629,0,754,0
29.229537963867188,59692,4321132,4325904,4323608,16629,0,754,0
29.244433879852295,59692,4321132,4325904,4323608,16629,0,754,0
29.259210109710693,59692,4321132,4325904,4323608,16629,0,754,0
29.27399706840515,59692,4321132,4325904,4323608,16629,0,754,0
29.288284063339233,59692,4321132,4325904,4323608,16629,0,754,0
29.30272102355957,59692,4321132,4325904,4323608,16629,0,754,0
29.316993951797485,59692,4321132,4325904,4323608,16629,0,754,0
29.331310987472534,59692,4321132,4325904,4323608,16629,0,754,0
29.345500946044922,59692,4321132,4325904,4323608,16629,0,754,0
29.359925031661987,59692,4321132,4325904,4323608,16629,0,754,0
29.37423801422119,59692,4321132,4325904,4323608,16629,0,754,0
29.388696908950806,59692,4321132,4325904,4323608,16629,0,754,0
29.40330696105957,59692,4321132,4325904,4323608,16629,0,754,0
29.41771697998047,59692,4321132,4325904,4323608,16629,0,754,0
29.432236909866333,59692,4321132,4325904,4323608,16629,0,754,0
29.447223901748657,59692,4321132,4325904,4323608,16629,0,754,0
29.461421966552734,59692,4321132,4325904,4323608,16629,0,754,0
29.47579789161682,59692,4321132,4325904,4323608,16629,0,754,0
29.490272045135498,59692,4321132,4325904,4323608,16629,0,754,0
29.505106925964355,59692,4321132,4325904,4323608,16629,0,754,0
29.51929807662964,59692,4321132,4325904,4323608,16629,0,754,0
29.533284902572632,59692,4321132,4325904,4323608,16629,0,754,0
29.547990083694458,59692,4321132,4325904,4323608,16629,0,754,0
29.562326908111572,59692,4321132,4325904,4323608,16629,0,754,0
29.577128887176514,59692,4321132,4325904,4323608,16629,0,754,0
29.591808080673218,59692,4321132,4325904,4323608,16629,0,754,0
29.606362104415894,59692,4321132,4325904,4323608,16629,0,754,0
29.621018886566162,59692,4321132,4325904,4323608,16629,0,754,0
29.63546395301819,59692,4321132,4325904,4323608,16629,0,754,0
29.650044918060303,59692,4321132,4325904,4323608,16629,0,754,0
29.664302110671997,59692,4321132,4325904,4323608,16629,0,754,0
29.67859196662903,59692,4321132,4325904,4323608,16629,0,754,0
29.6930890083313,59692,4321132,4325904,4323608,16629,0,754,0
29.70747399330139,59692,4321132,4325904,4323608,16629,0,754,0
29.722529888153076,59692,4321132,4325904,4323608,16629,0,754,0
29.737833976745605,59692,4321132,4325904,4323608,16629,0,754,0
29.753094911575317,59692,4321132,4325904,4323608,16629,0,754,0
29.76803994178772,59692,4321132,4325904,4323608,16629,0,754,0
29.782443046569824,59692,4321132,4325904,4323608,16629,0,754,0
29.797184944152832,59692,4321132,4325904,4323608,16629,0,754,0
29.812180995941162,59692,4321132,4325904,4323608,16629,0,754,0
29.826771020889282,59692,4321132,4325904,4323608,16629,0,754,0
29.841252088546753,59692,4321132,4325904,4323608,16629,0,754,0
29.855392932891846,59692,4321132,4325904,4323608,16629,0,754,0
29.86994504928589,59692,4321132,4325904,4323608,16629,0,754,0
29.884281873703003,59692,4321132,4325904,4323608,16629,0,754,0
29.898984909057617,59692,4321132,4325904,4323608,16629,0,754,0
29.91330599784851,59692,4321132,4325904,4323608,16629,0,754,0
29.92779803276062,59692,4321132,4325904,4323608,16629,0,754,0
29.942434072494507,59692,4321132,4325904,4323608,16629,0,754,0
29.957701921463013,59692,4321132,4325904,4323608,16629,0,754,0
29.97245502471924,59692,4321132,4325904,4323608,16629,0,754,0
29.98740005493164,59692,4321132,4325904,4323608,16629,0,754,0
30.002424955368042,59692,4321132,4325904,4323608,16629,0,754,0
30.01740002632141,59692,4321132,4325904,4323608,16629,0,754,0
30.032121896743774,59692,4321132,4325904,4323608,16629,0,754,0
30.0464289188385,59692,4321132,4325904,4323608,16629,0,754,0
30.060801029205322,59692,4321132,4325904,4323608,16629,0,754,0
30.07533597946167,59692,4321132,4325904,4323608,16629,0,754,0
30.08975911140442,59692,4321132,4325904,4323608,16629,0,754,0
30.10439109802246,59692,4321132,4325904,4323608,16629,0,754,0
30.11935591697693,59692,4321132,4325904,4323608,16629,0,754,0
30.13403010368347,59692,4321132,4325904,4323608,16629,0,754,0
30.14829993247986,59692,4321132,4325904,4323608,16629,0,754,0
30.162478923797607,59692,4321132,4325904,4323608,16629,0,754,0
30.1768319606781,59692,4321132,4325904,4323608,16629,0,754,0
30.1913321018219,59692,4321132,4325904,4323608,16629,0,754,0
30.205827951431274,59692,4321132,4325904,4323608,16629,0,754,0
30.22030997276306,59692,4321132,4325904,4323608,16629,0,754,0
30.23518204689026,59692,4321132,4325904,4323608,16629,0,754,0
30.24975895881653,59692,4321132,4325904,4323608,16629,0,754,0
30.26432704925537,59692,4321132,4325904,4323608,16629,0,754,0
30.279058933258057,59692,4321132,4325904,4323608,16629,0,754,0
30.29330587387085,59692,4321132,4325904,4323608,16629,0,754,0
30.307996034622192,59692,4321132,4325904,4323608,16629,0,754,0
30.32278609275818,59692,4321132,4325904,4323608,16629,0,754,0
30.337321043014526,59692,4321132,4325904,4323608,16629,0,754,0
30.352056980133057,59692,4321132,4325904,4323608,16629,0,754,0
30.36671805381775,59692,4321132,4325904,4323608,16629,0,754,0
30.381300926208496,59692,4321132,4325904,4323608,16629,0,754,0
30.395718097686768,59692,4321132,4325904,4323608,16629,0,754,0
30.41010808944702,59692,4321132,4325904,4323608,16629,0,754,0
30.424376964569092,59692,4321132,4325904,4323608,16629,0,754,0
30.43923592567444,59692,4321132,4325904,4323608,16629,0,754,0
30.454036951065063,59692,4321132,4325904,4323608,16629,0,754,0
30.468416929244995,59692,4321132,4325904,4323608,16629,0,754,0
30.482763051986694,59692,4321132,4325904,4323608,16629,0,754,0
30.49724006652832,59692,4321132,4325904,4323608,16629,0,754,0
30.511815071105957,59692,4321132,4325904,4323608,16629,0,754,0
30.526769876480103,59692,4321132,4325904,4323608,16629,0,754,0
30.541182041168213,59692,4321132,4325904,4323608,16629,0,754,0
30.555340051651,59692,4321132,4325904,4323608,16629,0,754,0
30.569742918014526,59692,4321132,4325904,4323608,16629,0,754,0
30.58431100845337,59692,4321132,4325904,4323608,16629,0,754,0
30.5987389087677,59692,4321132,4325904,4323608,16629,0,754,0
30.613456964492798,59692,4321132,4325904,4323608,16629,0,754,0
30.62840509414673,59692,4321132,4325904,4323608,16629,0,754,0
30.643127918243408,59692,4321132,4325904,4323608,16629,0,754,0
30.657387018203735,59692,4321132,4325904,4323608,16629,0,754,0
30.67171001434326,59692,4321132,4325904,4323608,16629,0,754,0
30.686238050460815,59692,4321132,4325904,4323608,16629,0,754,0
30.70081400871277,59692,4321132,4325904,4323608,16629,0,754,0
30.71513795852661,59692,4321132,4325904,4323608,16629,0,754,0
30.729435920715332,59692,4321132,4325904,4323608,16629,0,754,0
30.743988037109375,59692,4321132,4325904,4323608,16629,0,754,0
30.758249044418335,59692,4321132,4325904,4323608,16629,0,754,0
30.77231502532959,59692,4321132,4325904,4323608,16629,0,754,0
30.786354064941406,59692,4321132,4325904,4323608,16629,0,754,0
30.800745010375977,59692,4321132,4325904,4323608,16629,0,754,0
30.81526803970337,59692,4321132,4325904,4323608,16629,0,754,0
30.829524040222168,59692,4321132,4325904,4323608,16629,0,754,0
30.84426188468933,59692,4321132,4325904,4323608,16629,0,754,0
30.859088897705078,59692,4321132,4325904,4323608,16629,0,754,0
30.87382698059082,59692,4321132,4325904,4323608,16629,0,754,0
30.888470888137817,59692,4321132,4325904,4323608,16629,0,754,0
30.903281927108765,59692,4321132,4325904,4323608,16629,0,754,0
30.918174028396606,59692,4321132,4325904,4323608,16629,0,754,0
30.93318009376526,59692,4321132,4325904,4323608,16629,0,754,0
30.947822093963623,59692,4321132,4325904,4323608,16629,0,754,0
30.962146043777466,59692,4321132,4325904,4323608,16629,0,754,0
30.976393938064575,59692,4321132,4325904,4323608,16629,0,754,0
30.991050004959106,59692,4321132,4325904,4323608,16629,0,754,0
31.00584888458252,59692,4321132,4325904,4323608,16629,0,754,0
31.020507097244263,59692,4321132,4325904,4323608,16629,0,754,0
31.035414934158325,59692,4321132,4325904,4323608,16629,0,754,0
31.05024003982544,59692,4321132,4325904,4323608,16629,0,754,0
31.065124034881592,59692,4321132,4325904,4323608,16629,0,754,0
31.07983088493347,59692,4321132,4325904,4323608,16629,0,754,0
31.094661951065063,59692,4321132,4325904,4323608,16629,0,754,0
31.109246015548706,59692,4321132,4325904,4323608,16629,0,754,0
31.124073028564453,59692,4321132,4325904,4323608,16629,0,754,0
31.13876700401306,59692,4321132,4325904,4323608,16629,0,754,0
31.153259992599487,59692,4321132,4325904,4323608,16629,0,754,0
31.16783094406128,59692,4321132,4325904,4323608,16629,0,754,0
31.18205690383911,59692,4321132,4325904,4323608,16629,0,754,0
31.1963210105896,59692,4321132,4325904,4323608,16629,0,754,0
31.210340976715088,59692,4321132,4325904,4323608,16629,0,754,0
31.224382877349854,59692,4321132,4325904,4323608,16629,0,754,0
31.239084005355835,59692,4321928,4327788,4324404,16629,0,754,0
31.253998041152954,59692,0,0,0,16744,0,0,0
31.26802897453308,59692,0,0,0,16744,0,0,0
31.283441066741943,59692,0,0,0,16744,0,0,0
