elapsed_s,pid,uss,rss,pss,min_flt,maj_flt,oom,oomadj
0.0011029243469238281,61826,11548,12316,11992,1027,0,666,0
0.014593124389648438,61826,14232,16252,15294,1327,0,666,0
0.02862405776977539,61826,15768,18480,17132,1532,0,666,0
0.04247713088989258,61826,20844,23652,22200,1954,0,666,0
0.05654311180114746,61826,52040,57200,54508,4927,0,667,0
0.07140207290649414,61826,80952,85932,83420,11975,0,668,0
0.08678007125854492,61826,93584,98340,96052,13850,0,668,0
0.10241413116455078,61826,98928,103684,101396,14173,0,668,0
0.11737704277038574,61826,98944,103684,101412,14174,0,668,0
0.1322939395904541,61826,126052,130808,128520,14312,0,668,0
0.1471400260925293,61826,128100,132856,130568,14313,0,669,0
0.16195106506347656,61826,120412,125172,122880,14313,0,668,0
0.17647695541381836,61826,126556,131312,129024,14316,0,669,0
0.19134998321533203,61826,126556,131312,129024,14316,0,669,0
0.2058849334716797,61826,126556,131312,129024,14316,0,669,0
0.22045111656188965,61826,127444,132080,129912,14538,0,669,0
0.23528289794921875,61826,127444,132080,129912,14538,0,669,0
0.2503829002380371,61826,127444,132080,129912,14538,0,669,0
0.2649869918823242,61826,127444,132080,129912,14538,0,669,0
0.27968406677246094,61826,126552,131384,129020,14538,0,669,0
0.29393601417541504,61826,126552,131384,129020,14538,0,669,0
0.30806398391723633,61826,126552,131384,129020,14538,0,669,0
0.32204508781433105,61826,126552,131384,129020,14538,0,669,0
0.3360419273376465,61826,126552,131384,129020,14538,0,669,0
0.350114107131958,61826,126552,131384,129020,14538,0,669,0
0.36464810371398926,61826,126552,131384,129020,14538,0,669,0
0.3791229724884033,61826,126552,131384,129020,14538,0,669,0
0.3937680721282959,61826,126552,131384,129020,14538,0,669,0
0.4080080986022949,61826,126552,131384,129020,14538,0,669,0
0.42223191261291504,61826,126552,131384,129020,14538,0,669,0
0.4369039535522461,61826,126552,131384,129020,14538,0,669,0
0.45110511779785156,61826,126552,131384,129020,14538,0,669,0
0.4656679630279541,61826,126552,131384,129020,14538,0,669,0
0.4800879955291748,61826,126552,131384,129020,14538,0,669,0
0.4946630001068115,61826,126552,131384,129020,14538,0,669,0
0.5094671249389648,61826,126552,131384,129020,14538,0,669,0
0.5240819454193115,61826,126552,131384,129020,14538,0,669,0
0.5386059284210205,61826,126552,131384,129020,14538,0,669,0
0.5530900955200195,61826,126552,131384,129020,14538,0,669,0
0.5670719146728516,61826,126552,131384,129020,14538,0,669,0
0.5816121101379395,61826,126552,131384,129020,14538,0,669,0
0.5960988998413086,61826,126552,131384,129020,14538,0,669,0
0.6106131076812744,61826,126552,131384,129020,14538,0,669,0
0.625093936920166,61826,126552,131384,129020,14538,0,669,0
0.6391739845275879,61826,126552,131384,129020,14538,0,669,0
0.6545639038085938,61826,126552,131384,129020,14538,0,669,0
0.6690850257873535,61826,126552,131384,129020,14538,0,669,0
0.683074951171875,61826,126552,131384,129020,14538,0,669,0
0.6975769996643066,61826,126552,131384,129020,14538,0,669,0
0.7120840549468994,61826,126552,131384,129020,14538,0,669,0
0.7260680198669434,61826,126552,131384,129020,14538,0,669,0
0.740056037902832,61826,126552,131384,129020,14538,0,669,0
0.7540531158447266,61826,126552,131384,129020,14538,0,669,0
0.7680809497833252,61826,126552,131384,129020,14538,0,669,0
0.7820789813995361,61826,126552,131384,129020,14538,0,669,0
0.7960600852966309,61826,126552,131384,129020,14538,0,669,0
0.810107946395874,61826,126552,131384,129020,14538,0,669,0
0.8245251178741455,61826,126552,131384,129020,14538,0,669,0
0.8390820026397705,61826,126552,131384,129020,14538,0,669,0
0.8539140224456787,61826,126552,131384,129020,14538,0,669,0
0.8685810565948486,61826,126552,131384,129020,14538,0,669,0
0.8831429481506348,61826,126552,131384,129020,14538,0,669,0
0.897392988204956,61826,126552,131384,129020,14538,0,669,0
0.9119000434875488,61826,126552,131384,129020,14538,0,669,0
0.9260339736938477,61826,126552,131384,129020,14538,0,669,0
0.9400949478149414,61826,126552,131384,129020,14538,0,669,0
0.9541430473327637,61826,126552,131384,129020,14538,0,669,0
0.9685180187225342,61826,126552,131384,129020,14538,0,669,0
0.983112096786499,61826,126552,131384,129020,14538,0,669,0
0.9974651336669922,61826,126552,131384,129020,14538,0,669,0
1.0120329856872559,61826,126552,131384,129020,14538,0,669,0
1.0264661312103271,61826,126552,131384,129020,14538,0,669,0
1.0410220623016357,61826,126552,131384,129020,14538,0,669,0
1.0551660060882568,61826,126552,131384,129020,14538,0,669,0
1.0696310997009277,61826,126552,131384,129020,14538,0,669,0
1.083907127380371,61826,126552,131384,129020,14538,0,669,0
1.0981829166412354,61826,126552,131384,129020,14538,0,669,0
1.112138032913208,61826,126552,131384,129020,14538,0,669,0
1.126176118850708,61826,126552,131384,129020,14538,0,669,0
1.140043020248413,61826,126552,131384,129020,14538,0,669,0
1.1540839672088623,61826,126552,131384,129020,14538,0,669,0
1.1684660911560059,61826,126552,131384,129020,14538,0,669,0
1.1826341152191162,61826,126552,131384,129020,14538,0,669,0
1.1965959072113037,61826,126552,131384,129020,14538,0,669,0
1.2108569145202637,61826,126552,131384,129020,14538,0,669,0
1.225093126296997,61826,126552,131384,129020,14538,0,669,0
1.2392370700836182,61826,126552,131384,129020,14538,0,669,0
1.2539970874786377,61826,126552,131384,129020,14538,0,669,0
1.268747091293335,61826,126552,131384,129020,14538,0,669,0
1.2838189601898193,61826,126552,131384,129020,14538,0,669,0
1.2980201244354248,61826,126552,131384,129020,14538,0,669,0
1.3120720386505127,61826,126552,131384,129020,14538,0,669,0
1.326092004776001,61826,126552,131384,129020,14538,0,669,0
1.3400499820709229,61826,126552,131384,129020,14538,0,669,0
1.3540129661560059,61826,126552,131384,129020,14538,0,669,0
1.3681879043579102,61826,126552,131384,129020,14538,0,669,0
1.3820910453796387,61826,126552,131384,129020,14538,0,669,0
1.3961269855499268,61826,126552,131384,129020,14538,0,669,0
1.4100561141967773,61826,126552,131384,129020,14538,0,669,0
1.4246220588684082,61826,126552,131384,129020,14538,0,669,0
1.4391419887542725,61826,126552,131384,129020,14538,0,669,0
1.4535839557647705,61826,126552,131384,129020,14538,0,669,0
1.4684500694274902,61826,126552,131384,129020,14538,0,669,0
1.4831180572509766,61826,126552,131384,129020,14538,0,669,0
1.497791051864624,61826,126552,131384,129020,14538,0,669,0
1.512134075164795,61826,126552,131384,129020,14538,0,669,0
1.5266480445861816,61826,126552,131384,129020,14538,0,669,0
1.5411200523376465,61826,126552,131384,129020,14538,0,669,0
1.5556039810180664,61826,126552,131384,129020,14538,0,669,0
1.5706229209899902,61826,126552,131384,129020,14538,0,669,0
1.584787130355835,61826,126552,131384,129020,14538,0,669,0
1.599086046218872,61826,126552,131384,129020,14538,0,669,0
1.6130211353302002,61826,126552,131384,129020,14538,0,669,0
1.627087116241455,61826,126552,131384,129020,14538,0,669,0
1.6411159038543701,61826,126552,131384,129020,14538,0,669,0
1.6552400588989258,61826,126552,131384,129020,14538,0,669,0
1.669234037399292,61826,126552,131384,129020,14538,0,669,0
1.6832129955291748,61826,126552,131384,129020,14538,0,669,0
1.6970999240875244,61826,126552,131384,129020,14538,0,669,0
1.7110579013824463,61826,126552,131384,129020,14538,0,669,0
1.7250161170959473,61826,126552,131384,129020,14538,0,669,0
1.7390758991241455,61826,126552,131384,129020,14538,0,669,0
1.7532010078430176,61826,126552,131384,129020,14538,0,669,0
1.7676160335540771,61826,126552,131384,129020,14538,0,669,0
1.781810998916626,61826,126552,131384,129020,14538,0,669,0
1.7956280708312988,61826,126552,131384,129020,14538,0,669,0
1.8096280097961426,61826,126552,131384,129020,14538,0,669,0
1.8238201141357422,61826,126552,131384,129020,14538,0,669,0
1.8378350734710693,61826,126552,131384,129020,14538,0,669,0
1.8519089221954346,61826,126552,131384,129020,14538,0,669,0
1.8660459518432617,61826,126552,131384,129020,14538,0,669,0
1.880544900894165,61826,126552,131384,129020,14538,0,669,0
1.8946480751037598,61826,126552,131384,129020,14538,0,669,0
1.9087719917297363,61826,126552,131384,129020,14538,0,669,0
1.9230120182037354,61826,126552,131384,129020,14538,0,669,0
1.937047004699707,61826,126552,131384,129020,14538,0,669,0
1.9510669708251953,61826,126552,131384,129020,14538,0,669,0
1.9650790691375732,61826,126552,131384,129020,14538,0,669,0
1.9797160625457764,61826,126552,131384,129020,14538,0,669,0
1.995171070098877,61826,126552,131384,129020,14538,0,669,0
2.0109939575195312,61826,126552,131384,129020,14538,0,669,0
2.0267539024353027,61826,126552,131384,129020,14538,0,669,0
2.042248010635376,61826,126552,131384,129020,14538,0,669,0
2.0570569038391113,61826,126552,131384,129020,14538,0,669,0
2.07108211517334,61826,126552,131384,129020,14538,0,669,0
2.0852339267730713,61826,126552,131384,129020,14538,0,669,0
2.0991969108581543,61826,126552,131384,129020,14538,0,669,0
2.113685131072998,61826,126552,131384,129020,14538,0,669,0
2.127842903137207,61826,126552,131384,129020,14538,0,669,0
2.141909122467041,61826,126552,131384,129020,14538,0,669,0
2.155967950820923,61826,126552,131384,129020,14538,0,669,0
2.170056104660034,61826,126552,131384,129020,14538,0,669,0
2.1841890811920166,61826,126552,131384,129020,14538,0,669,0
2.1982109546661377,61826,126552,131384,129020,14538,0,669,0
2.2126500606536865,61826,126552,131384,129020,14538,0,669,0
2.229464054107666,61826,126552,131384,129020,14538,0,669,0
2.2435460090637207,61826,128600,133356,131068,14539,0,669,0
2.259078025817871,61826,138840,143596,141308,14544,0,669,0
2.2740519046783447,61826,149080,153836,151548,14549,0,669,0
2.289062023162842,61826,159320,164076,161788,14554,0,670,0
2.3040049076080322,61826,169560,174316,172028,14559,0,670,0
2.3189101219177246,61826,179800,184556,182268,14564,0,670,0
2.3338730335235596,61826,190040,194796,192508,14569,0,670,0
2.3488609790802,61826,200280,205036,202748,14574,0,670,0
2.363814115524292,61826,210520,215276,212988,14579,0,670,0
2.378849983215332,61826,220760,225516,223228,14584,0,670,0
2.3939850330352783,61826,231000,235756,233468,14589,0,671,0
2.408885955810547,61826,241240,245996,243708,14594,0,671,0
2.4239721298217773,61826,251480,256236,253948,14599,0,671,0
2.4388420581817627,61826,261720,266476,264188,14604,0,672,0
2.453850030899048,61826,271960,276716,274428,14609,0,672,0
2.468893051147461,61826,282200,289004,284668,14614,0,672,0
2.4838459491729736,61826,292440,299244,294908,14619,0,672,0
2.4988489151000977,61826,302680,309484,305148,14624,0,672,0
2.513756036758423,61826,312920,319724,315388,14629,0,672,0
2.5290520191192627,61826,323160,329964,325628,14634,0,673,0
2.5442419052124023,61826,333400,340204,335868,14639,0,673,0
2.5591881275177,61826,343640,350444,346108,14644,0,673,0
2.574099063873291,61826,353880,360684,356348,14649,0,674,0
2.5895159244537354,61826,364120,370924,366588,14654,0,674,0
2.604491949081421,61826,374360,381164,376828,14659,0,674,0
2.6196060180664062,61826,384600,391404,387068,14664,0,674,0
2.634751081466675,61826,394840,401644,397308,14669,0,674,0
2.649883985519409,61826,405080,411884,407548,14674,0,674,0
2.664966106414795,61826,417368,422124,419836,14679,0,674,0
2.6800899505615234,61826,427608,432364,430076,14684,0,675,0
2.6951451301574707,61826,437848,442604,440316,14689,0,675,0
2.710113048553467,61826,448088,452844,450556,14694,0,675,0
2.7251060009002686,61826,458328,463084,460796,14699,0,676,0
2.740334987640381,61826,468568,473324,471036,14704,0,676,0
2.7555689811706543,61826,478808,483564,481276,14710,0,676,0
2.7705490589141846,61826,489048,493804,491516,14715,0,676,0
2.785567045211792,61826,499288,504044,501756,14720,0,676,0
2.8005900382995605,61826,509528,514284,511996,14725,0,676,0
2.8155899047851562,61826,519768,524524,522236,14730,0,676,0
2.8304519653320312,61826,530008,534764,532476,14735,0,677,0
2.845366954803467,61826,540248,545004,542716,14740,0,677,0
2.860352039337158,61826,550488,555244,552956,14745,0,677,0
2.8752400875091553,61826,560728,565484,563196,14750,0,678,0
2.8901219367980957,61826,570968,575724,573436,14755,0,678,0
2.9051260948181152,61826,581208,585964,583676,14760,0,678,0
2.9200549125671387,61826,591448,596204,593916,14765,0,678,0
2.935054063796997,61826,601688,606444,604156,14770,0,678,0
2.950031042098999,61826,611928,616684,614396,14775,0,678,0
2.9649391174316406,61826,622168,626924,624636,14780,0,679,0
2.9798080921173096,61826,632408,637164,634876,14785,0,679,0
2.9948570728302,61826,642648,647404,645116,14790,0,679,0
3.009874105453491,61826,652888,657644,655356,14795,0,680,0
3.0248401165008545,61826,663128,667884,665596,14800,0,680,0
3.0397961139678955,61826,673368,678124,675836,14805,0,680,0
3.054621934890747,61826,683608,688364,686076,14810,0,680,0
3.0694470405578613,61826,693848,698604,696316,14815,0,680,0
3.084181070327759,61826,704088,710892,706556,14820,0,680,0
3.0989840030670166,61826,714328,721132,716796,14825,0,680,0
3.113879919052124,61826,724568,731372,727036,14830,0,681,0
3.1286230087280273,61826,734808,741612,737276,14835,0,681,0
3.1434590816497803,61826,745048,749804,747516,14840,0,681,0
3.1586289405822754,61826,755288,762092,757756,14845,0,682,0
3.173825979232788,61826,765528,772332,767996,14850,0,682,0
3.1888771057128906,61826,775768,782572,778236,14855,0,682,0
3.204440116882324,61826,786008,792812,788476,14860,0,682,0
3.2192039489746094,61826,796248,803052,798716,14865,0,682,0
3.2340760231018066,61826,808536,813292,811004,14870,0,682,0
3.2490711212158203,61826,818776,823532,821244,14876,0,683,0
3.263969898223877,61826,829016,833772,831484,14881,0,683,0
3.278791904449463,61826,839256,844012,841724,14886,0,683,0
3.293652057647705,61826,849496,854252,851964,14891,0,684,0
3.30875301361084,61826,859736,864492,862204,14896,0,684,0
3.3236260414123535,61826,869976,874732,872444,14901,0,684,0
3.338603973388672,61826,880216,884972,882684,14906,0,684,0
3.3535139560699463,61826,890456,895212,892924,14911,0,684,0
3.368446111679077,61826,900696,905452,903164,14916,0,684,0
3.3833260536193848,61826,910936,915692,913404,14921,0,684,0
3.398184061050415,61826,921176,925932,923644,14926,0,685,0
3.413083076477051,61826,931416,936172,933884,14931,0,685,0
3.4280900955200195,61826,941656,946412,944124,14936,0,685,0
3.443057060241699,61826,951896,956652,954364,14941,0,686,0
3.4579169750213623,61826,962136,966892,964604,14946,0,686,0
3.4726760387420654,61826,972376,977132,974844,14951,0,686,0
3.4875500202178955,61826,982616,987372,985084,14956,0,686,0
3.5023579597473145,61826,992856,997612,995324,14961,0,686,0
3.5170810222625732,61826,1003096,1007852,1005564,14966,0,686,0
3.531920909881592,61826,1013336,1018092,1015804,14971,0,687,0
3.546674966812134,61826,1023576,1030380,1026044,14976,0,687,0
3.561577081680298,61826,1033816,1040620,1036284,14981,0,687,0
3.576685905456543,61826,1044056,1050860,1046524,14986,0,688,0
3.5916550159454346,61826,1054296,1061100,1056764,14991,0,688,0
3.6065289974212646,61826,1064536,1071340,1067004,14996,0,688,0
3.621457099914551,61826,1074776,1081580,1077244,15001,0,688,0
3.63637113571167,61826,1085016,1091820,1087484,15006,0,688,0
3.651076078414917,61826,1095256,1102060,1097724,15011,0,688,0
3.665947914123535,61826,1105496,1112300,1107964,15016,0,688,0
3.680985927581787,61826,1115736,1122540,1118204,15021,0,689,0
3.6958091259002686,61826,1125976,1132780,1128444,15026,0,689,0
3.7106270790100098,61826,1136216,1143020,1138684,15031,0,689,0
3.7258529663085938,61826,1146456,1153260,1148924,15036,0,690,0
3.7407710552215576,61826,1156696,1163500,1159164,15041,0,690,0
3.755618095397949,61826,1166936,1173740,1169404,15046,0,690,0
3.77046799659729,61826,1179224,1183980,1181692,15051,0,690,0
3.785433053970337,61826,1189464,1194220,1191932,15056,0,690,0
3.800287961959839,61826,1199704,1204460,1202172,15062,0,690,0
3.815088987350464,61826,1209944,1214700,1212412,15067,0,691,0
3.8299429416656494,61826,1220184,1224940,1222652,15072,0,691,0
3.8448429107666016,61826,1230424,1235180,1232892,15077,0,691,0
3.8596479892730713,61826,1240664,1245420,1243132,15082,0,691,0
3.874552011489868,61826,1250904,1255660,1253372,15087,0,692,0
3.889425039291382,61826,1261144,1265900,1263612,15092,0,692,0
3.9041850566864014,61826,1271384,1276140,1273852,15097,0,692,0
3.919095039367676,61826,1281624,1286380,1284092,15102,0,692,0
3.9338021278381348,61826,1291864,1296620,1294332,15107,0,692,0
3.9485650062561035,61826,1302104,1306860,1304572,15112,0,692,0
3.963268995285034,61826,1312344,1317100,1314812,15117,0,693,0
3.9781250953674316,61826,1322584,1327340,1325052,15122,0,693,0
3.9931719303131104,61826,1332824,1337580,1335292,15127,0,693,0
4.008096933364868,61826,1343064,1347820,1345532,15132,0,694,0
4.023042917251587,61826,1353304,1358060,1355772,15137,0,694,0
4.037893056869507,61826,1363544,1368300,1366012,15142,0,694,0
4.052679061889648,61826,1373784,1378540,1376252,15147,0,694,0
4.067570924758911,61826,1384024,1388780,1386492,15152,0,694,0
4.082390069961548,61826,1394264,1399020,1396732,15157,0,694,0
4.097151041030884,61826,1404504,1409260,1406972,15162,0,694,0
4.112028121948242,61826,1414744,1419500,1417212,15167,0,695,0
4.126889944076538,61826,1424984,1429740,1427452,15172,0,695,0
4.141647100448608,61826,1435224,1439980,1437692,15177,0,695,0
4.156441926956177,61826,1445464,1452268,1447932,15182,0,696,0
4.172854900360107,61826,1455704,1462508,1458172,15187,0,696,0
4.187810897827148,61826,1465944,1472748,1468412,15192,0,696,0
4.202805995941162,61826,1476184,1482988,1478652,15197,0,696,0
4.217641115188599,61826,1486424,1493228,1488892,15202,0,696,0
4.232602119445801,61826,1498712,1503468,1501180,15207,0,696,0
4.247509002685547,61826,1508952,1513708,1511420,15212,0,697,0
4.262282133102417,61826,1519192,1523948,1521660,15218,0,697,0
4.277141094207764,61826,1529432,1534188,1531900,15223,0,697,0
4.292047023773193,61826,1539672,1544428,1542140,15228,0,698,0
4.306894063949585,61826,1549912,1554668,1552380,15233,0,698,0
4.321680068969727,61826,1560152,1564908,1562620,15238,0,698,0
4.336755037307739,61826,1570392,1575148,1572860,15243,0,698,0
4.351534128189087,61826,1580632,1585388,1583100,15248,0,698,0
4.3665549755096436,61826,1590872,1595628,1593340,15253,0,698,0
4.381458044052124,61826,1601112,1605868,1603580,15258,0,698,0
4.39626407623291,61826,1611352,1616108,1613820,15263,0,699,0
4.411494016647339,61826,1621592,1626348,1624060,15268,0,699,0
4.4264209270477295,61826,1631832,1636588,1634300,15273,0,699,0
4.44121789932251,61826,1642072,1648876,1644540,15278,0,700,0
4.456119060516357,61826,1652312,1659116,1654780,15283,0,700,0
4.470962047576904,61826,1662552,1669356,1665020,15288,0,700,0
4.485872983932495,61826,1672792,1679596,1675260,15293,0,700,0
4.500714063644409,61826,1683032,1689836,1685500,15298,0,700,0
4.515465974807739,61826,1693272,1700076,1695740,15303,0,700,0
4.530182123184204,61826,1703512,1710316,1705980,15308,0,701,0
4.544974088668823,61826,1713752,1720556,1716220,15313,0,701,0
4.559752941131592,61826,1723992,1730796,1726460,15318,0,701,0
4.574604034423828,61826,1734232,1741036,1736700,15323,0,702,0
4.589427947998047,61826,1744472,1751276,1746940,15328,0,702,0
4.604100942611694,61826,1754712,1761516,1757180,15333,0,702,0
4.619112014770508,61826,1764952,1771756,1767420,15338,0,702,0
4.6340460777282715,61826,1775192,1781996,1777660,15343,0,702,0
4.648965120315552,61826,1785432,1792236,1787900,15348,0,702,0
4.663847923278809,61826,1795672,1802476,1798140,15353,0,702,0
4.678714990615845,61826,1805912,1812716,1808380,15358,0,703,0
4.693567991256714,61826,1816152,1822956,1818620,15363,0,703,0
4.708410024642944,61826,1828440,1833196,1830908,15368,0,703,0
4.723196983337402,61826,1838680,1843436,1841148,15373,0,704,0
4.738083124160767,61826,1848920,1853676,1851388,15379,0,704,0
4.753093957901001,61826,1859160,1863916,1861628,15384,0,704,0
4.767954111099243,61826,1869400,1874156,1871868,15389,0,704,0
4.782831907272339,61826,1879640,1884396,1882108,15394,0,704,0
4.797734022140503,61826,1889880,1894636,1892348,15399,0,704,0
4.812490940093994,61826,1900120,1904876,1902588,15404,0,705,0
4.8277459144592285,61826,1910360,1915116,1912828,15409,0,705,0
4.842804908752441,61826,1920600,1925356,1923068,15414,0,705,0
4.857643127441406,61826,1930840,1935596,1933308,15419,0,706,0
4.872538089752197,61826,1941080,1945836,1943548,15424,0,706,0
4.887413024902344,61826,1951320,1956076,1953788,15429,0,706,0
4.9023919105529785,61826,1961560,1966316,1964028,15434,0,706,0
4.917134046554565,61826,1971800,1976556,1974268,15439,0,706,0
4.93193507194519,61826,1982040,1986796,1984508,15444,0,706,0
4.946864128112793,61826,1992280,1997036,1994748,15449,0,706,0
4.96178412437439,61826,2002520,2007276,2004988,15454,0,707,0
4.976670026779175,61826,2012760,2019564,2015228,15459,0,707,0
4.991574048995972,61826,2023000,2029804,2025468,15464,0,707,0
5.006617069244385,61826,2033240,2040044,2035708,15469,0,708,0
5.021524906158447,61826,2043480,2050284,2045948,15474,0,708,0
5.036520957946777,61826,2053720,2060524,2056188,15479,0,708,0
5.051558017730713,61826,2066008,2070764,2068476,15484,0,708,0
5.066450119018555,61826,2074200,2081004,2076668,15489,0,708,0
5.081396102905273,61826,2086488,2091244,2088956,15494,0,708,0
5.096184015274048,61826,2096728,2101484,2099196,15499,0,709,0
5.1111159324646,61826,2106968,2111724,2109436,15504,0,709,0
5.125916004180908,61826,2117208,2121964,2119676,15510,0,709,0
5.141910076141357,61826,2127448,2132204,2129916,15515,0,710,0
5.156903982162476,61826,2137688,2142444,2140156,15520,0,710,0
5.171859979629517,61826,2147928,2152684,2150396,15525,0,710,0
5.1868250370025635,61826,2158168,2162924,2160636,15530,0,710,0
5.201716899871826,61826,2168408,2175212,2170876,15535,0,710,0
5.216717004776001,61826,2178648,2183404,2181116,15540,0,710,0
5.231900930404663,61826,2188888,2195692,2191356,15545,0,710,0
5.247009038925171,61826,2199128,2205932,2201596,15550,0,711,0
5.262006044387817,61826,2209368,2216172,2211836,15555,0,711,0
5.276973009109497,61826,2219608,2226412,2222076,15560,0,711,0
5.291964054107666,61826,2231896,2236652,2234364,15565,0,712,0
5.306869029998779,61826,2242136,2246892,2244604,15570,0,712,0
5.321839094161987,61826,2252376,2257132,2254844,15576,0,712,0
5.3368980884552,61826,2262616,2267372,2265084,15581,0,712,0
5.35178804397583,61826,2272856,2277612,2275324,15586,0,712,0
5.366804122924805,61826,2283096,2287852,2285564,15591,0,712,0
5.381730079650879,61826,2293336,2298092,2295804,15596,0,713,0
5.396785020828247,61826,2303576,2308332,2306044,15601,0,713,0
5.4116151332855225,61826,2313816,2318572,2316284,15606,0,713,0
5.426615953445435,61826,2324056,2328812,2326524,15611,0,713,0
5.441548109054565,61826,2334296,2339052,2336764,15616,0,714,0
5.4565980434417725,61826,2344536,2349292,2347004,15621,0,714,0
5.471462965011597,61826,2354776,2359532,2357244,15626,0,714,0
5.486297130584717,61826,2365016,2371820,2367484,15631,0,714,0
5.501171112060547,61826,2375256,2382060,2377724,15636,0,714,0
5.516037940979004,61826,2385496,2392300,2387964,15641,0,714,0
5.530889987945557,61826,2395736,2402540,2398204,15646,0,715,0
5.54579496383667,61826,2405976,2412780,2408444,15651,0,715,0
5.56064510345459,61826,2416216,2423020,2418684,15656,0,715,0
5.575563907623291,61826,2426456,2433260,2428924,15661,0,716,0
5.590436935424805,61826,2436696,2443500,2439164,15666,0,716,0
5.605354070663452,61826,2446936,2453740,2449404,15671,0,716,0
5.620108127593994,61826,2457176,2463980,2459644,15676,0,716,0
5.635085105895996,61826,2469464,2474220,2471932,15681,0,716,0
5.650104999542236,61826,2479704,2484460,2482172,15687,0,716,0
5.665205001831055,61826,2489944,2494700,2492412,15691,0,717,0
5.680110931396484,61826,2500184,2504940,2502652,15696,0,717,0
5.694961071014404,61826,2510424,2515180,2512892,15702,0,717,0
5.709909915924072,61826,2520664,2525420,2523132,15707,0,717,0
5.724868059158325,61826,2530904,2535660,2533372,15712,0,718,0
5.739619016647339,61826,2541144,2545900,2543612,15717,0,718,0
5.7545859813690186,61826,2551384,2556140,2553852,15722,0,718,0
5.769623041152954,61826,2561624,2566380,2564092,15727,0,718,0
5.784626007080078,61826,2571864,2576620,2574332,15732,0,718,0
5.799576997756958,61826,2582104,2586860,2584572,15737,0,718,0
5.8145129680633545,61826,2592344,2597100,2594812,15742,0,719,0
5.8294970989227295,61826,2602584,2607340,2605052,15747,0,719,0
5.84437894821167,61826,2612824,2617580,2615292,15752,0,719,0
5.859591007232666,61826,2623064,2629868,2625532,15757,0,720,0
5.874756097793579,61826,2633304,2640108,2635772,15762,0,720,0
5.889646053314209,61826,2643544,2650348,2646012,15767,0,720,0
5.904597043991089,61826,2653784,2660588,2656252,15772,0,720,0
5.919596910476685,61826,2664024,2670828,2666492,15777,0,720,0
5.934462070465088,61826,2674264,2681068,2676732,15782,0,720,0
5.949305057525635,61826,2686552,2691308,2689020,15787,0,721,0
5.964010000228882,61826,2696792,2701548,2699260,15792,0,721,0
5.979006052017212,61826,2707032,2711788,2709500,15797,0,721,0
5.993978023529053,61826,2717272,2722028,2719740,15803,0,721,0
6.0091071128845215,61826,2727512,2732268,2729980,15808,0,722,0
6.024085998535156,61826,2737752,2742508,2740220,15813,0,722,0
6.03908109664917,61826,2747992,2752748,2750460,15818,0,722,0
6.054002046585083,61826,2758232,2762988,2760700,15823,0,722,0
6.069216012954712,61826,2768472,2773228,2770940,15828,0,722,0
6.084389925003052,61826,2778712,2783468,2781180,15833,0,722,0
6.099324941635132,61826,2791000,2795756,2793468,15839,0,723,0
6.117072105407715,61826,2801240,2805996,2803708,15844,0,723,0
6.132095098495483,61826,2811480,2816236,2813948,15849,0,723,0
6.147110939025879,61826,2821720,2826476,2824188,15854,0,724,0
6.162081003189087,61826,2831960,2836716,2834428,15859,0,724,0
6.177263021469116,61826,2842200,2846956,2844668,15864,0,724,0
6.192064046859741,61826,2852440,2859244,2854908,15869,0,724,0
6.207011938095093,61826,2862680,2869484,2865148,15874,0,724,0
6.221993923187256,61826,2872920,2879724,2875388,15879,0,724,0
6.236944913864136,61826,2883160,2889964,2885628,15884,0,725,0
6.251821994781494,61826,2893400,2900204,2895868,15889,0,725,0
6.266690969467163,61826,2903640,2910444,2906108,15894,0,725,0
6.2821221351623535,61826,2915928,2920684,2918396,15899,0,726,0
6.297104120254517,61826,2926168,2930924,2928636,15904,0,726,0
6.311976909637451,61826,2936408,2941164,2938876,15909,0,726,0
6.32682204246521,61826,2946648,2951404,2949116,15915,0,726,0
6.341730117797852,61826,2956888,2961644,2959356,15920,0,726,0
6.356589078903198,61826,2967128,2973932,2969596,15925,0,726,0
6.373867988586426,61826,2979416,2984172,2981884,15930,0,726,0
6.388999938964844,61826,2989656,2994412,2992124,15935,0,727,0
6.404020071029663,61826,2999896,3004652,3002364,15940,0,727,0
6.419060945510864,61826,3010136,3014892,3012604,15946,0,727,0
6.434140920639038,61826,3020376,3025132,3022844,15951,0,728,0
6.449165105819702,61826,3030616,3035372,3033084,15956,0,728,0
6.464173078536987,61826,3040856,3045612,3043324,15961,0,728,0
6.479664087295532,61826,3051096,3055852,3053564,15966,0,728,0
6.494940996170044,61826,3061336,3066092,3063804,15971,0,728,0
6.510096073150635,61826,3071576,3076332,3074044,15976,0,728,0
6.525207996368408,61826,3081816,3086572,3084284,15981,0,729,0
6.540308952331543,61826,3092056,3096812,3094524,15986,0,729,0
6.555344104766846,61826,3102296,3107052,3104764,15991,0,729,0
6.570441961288452,61826,3112536,3119340,3115004,15996,0,730,0
6.5856359004974365,61826,3122776,3129580,3125244,16001,0,730,0
6.600867986679077,61826,3133016,3139820,3135484,16006,0,730,0
6.615823984146118,61826,3143256,3150060,3145724,16011,0,730,0
6.6307220458984375,61826,3153496,3160300,3155964,16016,0,730,0
6.645606994628906,61826,3163736,3170540,3166204,16021,0,730,0
6.6605260372161865,61826,3176024,3180780,3178492,16026,0,730,0
6.675424098968506,61826,3186264,3191020,3188732,16031,0,731,0
6.690650939941406,61826,3196504,3201260,3198972,16037,0,731,0
6.705805063247681,61826,3206744,3211500,3209212,16042,0,731,0
6.720725059509277,61826,3216984,3221740,3219452,16047,0,732,0
6.735764026641846,61826,3227224,3231980,3229692,16052,0,732,0
6.750765085220337,61826,3237464,3242220,3239932,16057,0,732,0
6.765634059906006,61826,3247704,3252460,3250172,16062,0,732,0
6.780563116073608,61826,3257944,3262700,3260412,16067,0,732,0
6.7955241203308105,61826,3268184,3272940,3270652,16072,0,732,0
6.810445070266724,61826,3278424,3283180,3280892,16077,0,733,0
6.825387001037598,61826,3288664,3293420,3291132,16082,0,733,0
6.840331077575684,61826,3298904,3303660,3301372,16087,0,733,0
6.855152130126953,61826,3309144,3313900,3311612,16092,0,734,0
6.870117902755737,61826,3319384,3326188,3321852,16097,0,734,0
6.885138034820557,61826,3329624,3336428,3332092,16102,0,734,0
6.900576114654541,61826,3339864,3346668,3342332,16107,0,734,0
6.915830135345459,61826,3350104,3356908,3352572,16112,0,734,0
6.930773973464966,61826,3362392,3367148,3364860,16117,0,734,0
6.945607900619507,61826,3372632,3377388,3375100,16122,0,734,0
6.960528135299683,61826,3382872,3387628,3385340,16127,0,735,0
6.975421905517578,61826,3393112,3397868,3395580,16133,0,735,0
6.990180015563965,61826,3403352,3408108,3405820,16138,0,735,0
7.0050740242004395,61826,3413592,3418348,3416060,16143,0,736,0
7.0200090408325195,61826,3423832,3428588,3426300,16148,0,736,0
7.035161018371582,61826,3434072,3438828,3436540,16153,0,736,0
7.05002498626709,61826,3444312,3449068,3446780,16158,0,736,0
7.064939022064209,61826,3454552,3459308,3457020,16163,0,736,0
7.079869985580444,61826,3466840,3471596,3469308,16169,0,736,0
7.097075939178467,61826,3477080,3481836,3479548,16174,0,737,0
7.112358093261719,61826,3487320,3492076,3489788,16179,0,737,0
7.127285003662109,61826,3497560,3502316,3500028,16184,0,737,0
7.142163038253784,61826,3507800,3512556,3510268,16189,0,738,0
7.1571080684661865,61826,3518040,3522796,3520508,16194,0,738,0
7.171998023986816,61826,3528280,3533036,3530748,16199,0,738,0
7.187115907669067,61826,3538520,3543276,3540988,16204,0,738,0
7.202104091644287,61826,3548760,3555564,3551228,16209,0,738,0
7.2171289920806885,61826,3559000,3565804,3561468,16214,0,738,0
7.232094049453735,61826,3569240,3576044,3571708,16219,0,739,0
7.24706506729126,61826,3579480,3586284,3581948,16224,0,739,0
7.262028932571411,61826,3589720,3596524,3592188,16229,0,739,0
7.27695894241333,61826,3602008,3606764,3604476,16234,0,739,0
7.291901111602783,61826,3612248,3617004,3614716,16239,0,740,0
7.306977987289429,61826,3622488,3627244,3624956,16244,0,740,0
7.322283983230591,61826,3632728,3637484,3635196,16250,0,740,0
7.3370890617370605,61826,3642968,3647724,3645436,16255,0,740,0
7.35196590423584,61826,3653208,3657964,3655676,16260,0,740,0
7.3669209480285645,61826,3663448,3668204,3665916,16265,0,740,0
7.381882905960083,61826,3673688,3678444,3676156,16270,0,741,0
7.396837949752808,61826,3683928,3688684,3686396,16275,0,741,0
7.412012100219727,61826,3694168,3698924,3696636,16280,0,741,0
7.427060127258301,61826,3704408,3711212,3706876,16285,0,742,0
7.4421210289001465,61826,3714648,3719404,3717116,16290,0,742,0
7.456995964050293,61826,3724888,3731692,3727356,16295,0,742,0
7.47209095954895,61826,3735128,3741932,3737596,16300,0,742,0
7.487221002578735,61826,3745368,3752172,3747836,16305,0,742,0
7.50238299369812,61826,3755608,3762412,3758076,16310,0,742,0
7.517874002456665,61826,3765848,3772652,3768316,16315,0,743,0
7.533112049102783,61826,3778136,3782892,3780604,16320,0,743,0
7.5482261180877686,61826,3788376,3793132,3790844,16325,0,743,0
7.563410997390747,61826,3798616,3803372,3801084,16331,0,743,0
7.578448057174683,61826,3808856,3813612,3811324,16336,0,744,0
7.593513011932373,61826,3819096,3823852,3821564,16341,0,744,0
7.608803033828735,61826,3829336,3834092,3831804,16346,0,744,0
7.623893976211548,61826,3839576,3844332,3842044,16351,0,744,0
7.638998985290527,61826,3849816,3854572,3852284,16356,0,744,0
7.654072999954224,61826,3860056,3864812,3862524,16361,0,744,0
7.669102907180786,61826,3870296,3875052,3872764,16366,0,745,0
7.684199094772339,61826,3880536,3887340,3883004,16371,0,745,0
7.699202060699463,61826,3890776,3897580,3893244,16376,0,745,0
7.7143590450286865,61826,3901016,3907820,3903484,16381,0,746,0
7.729639053344727,61826,3911256,3918060,3913724,16386,0,746,0
7.744849920272827,61826,3921496,3928300,3923964,16391,0,746,0
7.760025978088379,61826,3931736,3938540,3934204,16396,0,746,0
7.775002956390381,61826,3944024,3948780,3946492,16401,0,746,0
7.7900049686431885,61826,3954264,3959020,3956732,16407,0,746,0
7.805083990097046,61826,3964504,3969260,3966972,16412,0,747,0
7.820087909698486,61826,3974744,3979500,3977212,16417,0,747,0
7.835026979446411,61826,3984984,3989740,3987452,16422,0,747,0
7.849915981292725,61826,3995224,3999980,3997692,16427,0,747,0
7.864972114562988,61826,4005464,4010220,4007932,16432,0,748,0
7.880109071731567,61826,4015704,4020460,4018172,16437,0,748,0
7.895081996917725,61826,4025944,4030700,4028412,16442,0,748,0
7.910154104232788,61826,4036184,4042988,4038652,16447,0,748,0
7.9253740310668945,61826,4046424,4053228,4048892,16452,0,748,0
7.940367937088013,61826,4056664,4063468,4059132,16457,0,748,0
7.955460071563721,61826,4066904,4073708,4069372,16462,0,749,0
7.970465898513794,61826,4077144,4083948,4079612,16467,0,749,0
7.98542594909668,61826,4089432,4094188,4091900,16472,0,749,0
8.000272989273071,61826,4099672,4104428,4102140,16477,0,750,0
8.01521611213684,61826,4109912,4114668,4112380,16483,0,750,0
8.030055046081543,61826,4120152,4124908,4122620,16488,0,750,0
8.045144081115723,61826,4130392,4135148,4132860,16493,0,750,0
8.06060004234314,61826,4140632,4145388,4143100,16498,0,750,0
8.075839042663574,61826,4150872,4155628,4153340,16503,0,750,0
8.091011047363281,61826,4161112,4165868,4163580,16508,0,750,0
8.106084108352661,61826,4171352,4176108,4173820,16513,0,751,0
8.121201038360596,61826,4181592,4188396,4184060,16518,0,751,0
8.136445999145508,61826,4191832,4198636,4194300,16523,0,751,0
8.151844024658203,61826,4202072,4208876,4204540,16528,0,752,0
8.167123079299927,61826,4214360,4219116,4216828,16533,0,752,0
8.182199954986572,61826,4224600,4229356,4227068,16538,0,752,0
8.19719910621643,61826,4234840,4239596,4237308,16543,0,752,0
8.212239027023315,61826,4245080,4249836,4247548,16548,0,752,0
8.227370023727417,61826,4255320,4260076,4257788,16554,0,752,0
8.242394924163818,61826,4265560,4270316,4268028,16559,0,753,0
8.257514953613281,61826,4275800,4280556,4278268,16564,0,753,0
8.272507905960083,61826,4286040,4290796,4288508,16569,0,753,0
8.28750491142273,61826,4296280,4301036,4298748,16574,0,754,0
8.302674055099487,61826,4306520,4311276,4308988,16579,0,754,0
8.317627906799316,61826,4316760,4323564,4319228,16584,0,754,0
8.332644939422607,61826,4320856,4325612,4323324,16586,0,754,0
8.347295999526978,61826,4320856,4325612,4323324,16586,0,754,0
8.361562967300415,61826,4320856,4325612,4323324,16586,0,754,0
8.375878095626831,61826,4320856,4325612,4323324,16586,0,754,0
8.390053987503052,61826,4320856,4325612,4323324,16586,0,754,0
8.404128074645996,61826,4320856,4325612,4323324,16586,0,754,0
8.418169021606445,61826,4320856,4325612,4323324,16586,0,754,0
8.432438135147095,61826,4320856,4325612,4323324,16586,0,754,0
8.446577072143555,61826,4320856,4325612,4323324,16586,0,754,0
8.460896968841553,61826,4320856,4325612,4323324,16586,0,754,0
8.475076913833618,61826,4320856,4325612,4323324,16586,0,754,0
8.489126920700073,61826,4320856,4325612,4323324,16586,0,754,0
8.503127098083496,61826,4320856,4325612,4323324,16586,0,754,0
8.517173051834106,61826,4320856,4325612,4323324,16586,0,754,0
8.531461954116821,61826,4320856,4325612,4323324,16586,0,754,0
8.545568943023682,61826,4320856,4325612,4323324,16586,0,754,0
8.559816122055054,61826,4320856,4325612,4323324,16586,0,754,0
8.57407808303833,61826,4320856,4325612,4323324,16586,0,754,0
8.588560104370117,61826,4320856,4325612,4323324,16586,0,754,0
8.602802991867065,61826,4320856,4325612,4323324,16586,0,754,0
8.616957902908325,61826,4320856,4325612,4323324,16586,0,754,0
8.631115913391113,61826,4320856,4325612,4323324,16586,0,754,0
8.645081996917725,61826,4320856,4325612,4323324,16586,0,754,0
8.659548997879028,61826,4320856,4325612,4323324,16586,0,754,0
8.673840045928955,61826,4320856,4325612,4323324,16586,0,754,0
8.688112020492554,61826,4320856,4325612,4323324,16586,0,754,0
8.702462911605835,61826,4320856,4325612,4323324,16586,0,754,0
8.717189073562622,61826,4320856,4325612,4323324,16586,0,754,0
8.731470108032227,61826,4320856,4325612,4323324,16586,0,754,0
8.745790004730225,61826,4320856,4325612,4323324,16586,0,754,0
8.760123014450073,61826,4320856,4325612,4323324,16586,0,754,0
8.77512812614441,61826,4320856,4325612,4323324,16586,0,754,0
8.79000997543335,61826,4320856,4325612,4323324,16586,0,754,0
8.804564952850342,61826,4320856,4325612,4323324,16586,0,754,0
8.81904911994934,61826,4320856,4325612,4323324,16586,0,754,0
8.833773136138916,61826,4320856,4325612,4323324,16586,0,754,0
8.848462104797363,61826,4320856,4325612,4323324,16586,0,754,0
8.86296796798706,61826,4320856,4325612,4323324,16586,0,754,0
8.877130031585693,61826,4320856,4325612,4323324,16586,0,754,0
8.891189098358154,61826,4320856,4325612,4323324,16586,0,754,0
8.905203104019165,61826,4320856,4325612,4323324,16586,0,754,0
8.919137954711914,61826,4320856,4325612,4323324,16586,0,754,0
8.933212995529175,61826,4320856,4325612,4323324,16586,0,754,0
8.947614908218384,61826,4320856,4325612,4323324,16586,0,754,0
8.962037086486816,61826,4320856,4325612,4323324,16586,0,754,0
8.97641897201538,61826,4320856,4325612,4323324,16586,0,754,0
8.990673065185547,61826,4320856,4325612,4323324,16586,0,754,0
9.005055904388428,61826,4320856,4325612,4323324,16586,0,754,0
9.019225120544434,61826,4320856,4325612,4323324,16586,0,754,0
9.03401803970337,61826,4320856,4325612,4323324,16586,0,754,0
9.048629999160767,61826,4320856,4325612,4323324,16586,0,754,0
9.063225984573364,61826,4320856,4325612,4323324,16586,0,754,0
9.077866077423096,61826,4320856,4325612,4323324,16586,0,754,0
9.09206509590149,61826,4320856,4325612,4323324,16586,0,754,0
9.106568098068237,61826,4320856,4325612,4323324,16586,0,754,0
9.121020078659058,61826,4320856,4325612,4323324,16586,0,754,0
9.135530948638916,61826,4320856,4325612,4323324,16586,0,754,0
9.150041103363037,61826,4320856,4325612,4323324,16586,0,754,0
9.164073944091797,61826,4320856,4325612,4323324,16586,0,754,0
9.178209066390991,61826,4320856,4325612,4323324,16586,0,754,0
9.192912101745605,61826,4320856,4325612,4323324,16586,0,754,0
9.207077980041504,61826,4320856,4325612,4323324,16586,0,754,0
9.22114109992981,61826,4320856,4325612,4323324,16586,0,754,0
9.235247135162354,61826,4320856,4325612,4323324,16586,0,754,0
9.249748945236206,61826,4320856,4325612,4323324,16586,0,754,0
9.264025926589966,61826,4320856,4325612,4323324,16586,0,754,0
9.27833104133606,61826,4320856,4325612,4323324,16586,0,754,0
9.292448997497559,61826,4320856,4325612,4323324,16586,0,754,0
9.307069063186646,61826,4320856,4325612,4323324,16586,0,754,0
9.321094036102295,61826,4320856,4325612,4323324,16586,0,754,0
9.335474014282227,61826,4320856,4325612,4323324,16586,0,754,0
9.349663019180298,61826,4320856,4325612,4323324,16586,0,754,0
9.363860130310059,61826,4320856,4325612,4323324,16586,0,754,0
9.378046035766602,61826,4320856,4325612,4323324,16586,0,754,0
9.392766952514648,61826,4320856,4325612,4323324,16586,0,754,0
9.407018899917603,61826,4320856,4325612,4323324,16586,0,754,0
9.421129941940308,61826,4320856,4325612,4323324,16586,0,754,0
9.43526005744934,61826,4320856,4325612,4323324,16586,0,754,0
9.449711084365845,61826,4320856,4325612,4323324,16586,0,754,0
9.463916063308716,61826,4320856,4325612,4323324,16586,0,754,0
9.478076934814453,61826,4320856,4325612,4323324,16586,0,754,0
9.492186069488525,61826,4320856,4325612,4323324,16586,0,754,0
9.506455898284912,61826,4320856,4325612,4323324,16586,0,754,0
9.520560026168823,61826,4320856,4325612,4323324,16586,0,754,0
9.534575939178467,61826,4320856,4325612,4323324,16586,0,754,0
9.549063920974731,61826,4320856,4325612,4323324,16586,0,754,0
9.56345796585083,61826,4320856,4325612,4323324,16586,0,754,0
9.577883005142212,61826,4320856,4325612,4323324,16586,0,754,0
9.592112064361572,61826,4320856,4325612,4323324,16586,0,754,0
9.606812953948975,61826,4320856,4325612,4323324,16586,0,754,0
9.621068954467773,61826,4320856,4325612,4323324,16586,0,754,0
9.635047912597656,61826,4320856,4325612,4323324,16586,0,754,0
9.649073123931885,61826,4320856,4325612,4323324,16586,0,754,0
9.663499116897583,61826,4320856,4325612,4323324,16586,0,754,0
9.678009033203125,61826,4320856,4325612,4323324,16586,0,754,0
9.692075967788696,61826,4320856,4325612,4323324,16586,0,754,0
9.706180095672607,61826,4320856,4325612,4323324,16586,0,754,0
9.720459938049316,61826,4320856,4325612,4323324,16586,0,754,0
9.73467493057251,61826,4320856,4325612,4323324,16586,0,754,0
9.74895691871643,61826,4320856,4325612,4323324,16586,0,754,0
9.763253927230835,61826,4320856,4325612,4323324,16586,0,754,0
9.777544975280762,61826,4320856,4325612,4323324,16586,0,754,0
9.791737079620361,61826,4320856,4325612,4323324,16586,0,754,0
9.805951118469238,61826,4320856,4325612,4323324,16586,0,754,0
9.820456981658936,61826,4320856,4325612,4323324,16586,0,754,0
9.834859132766724,61826,4320856,4325612,4323324,16586,0,754,0
9.849057912826538,61826,4320856,4325612,4323324,16586,0,754,0
9.86309289932251,61826,4320856,4325612,4323324,16586,0,754,0
9.877197027206421,61826,4320856,4325612,4323324,16586,0,754,0
9.892024040222168,61826,4320856,4325612,4323324,16586,0,754,0
9.906657934188843,61826,4320856,4325612,4323324,16586,0,754,0
9.92119812965393,61826,4320856,4325612,4323324,16586,0,754,0
9.935580015182495,61826,4320856,4325612,4323324,16586,0,754,0
9.950108051300049,61826,4320856,4325612,4323324,16586,0,754,0
9.964740991592407,61826,4320856,4325612,4323324,16586,0,754,0
9.979910135269165,61826,4320856,4325612,4323324,16586,0,754,0
9.995163917541504,61826,4320856,4325612,4323324,16586,0,754,0
10.010286092758179,61826,4320856,4325612,4323324,16586,0,754,0
10.025559902191162,61826,4320856,4325612,4323324,16586,0,754,0
10.040833950042725,61826,4320856,4325612,4323324,16586,0,754,0
10.055078029632568,61826,4320856,4325612,4323324,16586,0,754,0
10.06914210319519,61826,4320856,4325612,4323324,16586,0,754,0
10.083456039428711,61826,4320856,4325612,4323324,16586,0,754,0
10.097678899765015,61826,4320856,4325612,4323324,16586,0,754,0
10.111992120742798,61826,4320856,4325612,4323324,16586,0,754,0
10.126076936721802,61826,4320856,4325612,4323324,16586,0,754,0
10.140244960784912,61826,4320856,4325612,4323324,16586,0,754,0
10.15482211112976,61826,4320856,4325612,4323324,16586,0,754,0
10.169234991073608,61826,4320856,4325612,4323324,16586,0,754,0
10.184025049209595,61826,4320856,4325612,4323324,16586,0,754,0
10.198938131332397,61826,4320856,4325612,4323324,16586,0,754,0
10.213890075683594,61826,4320856,4325612,4323324,16586,0,754,0
10.228797912597656,61826,4320856,4325612,4323324,16586,0,754,0
10.243628978729248,61826,4320856,4325612,4323324,16586,0,754,0
10.25780701637268,61826,4320856,4325612,4323324,16586,0,754,0
10.272119045257568,61826,4320856,4325612,4323324,16586,0,754,0
10.286102056503296,61826,4320856,4325612,4323324,16586,0,754,0
10.300086975097656,61826,4320856,4325612,4323324,16586,0,754,0
10.31466794013977,61826,4320856,4325612,4323324,16586,0,754,0
10.329088926315308,61826,4320856,4325612,4323324,16586,0,754,0
10.343667030334473,61826,4320856,4325612,4323324,16586,0,754,0
10.35799503326416,61826,4320856,4325612,4323324,16586,0,754,0
10.372541904449463,61826,4320856,4325612,4323324,16586,0,754,0
10.3870849609375,61826,4320856,4325612,4323324,16586,0,754,0
10.40156602859497,61826,4320856,4325612,4323324,16586,0,754,0
10.41585397720337,61826,4320856,4325612,4323324,16586,0,754,0
10.43044900894165,61826,4320856,4325612,4323324,16586,0,754,0
10.44514513015747,61826,4320856,4325612,4323324,16586,0,754,0
10.459455013275146,61826,4320856,4325612,4323324,16586,0,754,0
10.473865032196045,61826,4320856,4325612,4323324,16586,0,754,0
10.488088130950928,61826,4320856,4325612,4323324,16586,0,754,0
10.502134084701538,61826,4320856,4325612,4323324,16586,0,754,0
10.516232013702393,61826,4320856,4325612,4323324,16586,0,754,0
10.530431985855103,61826,4320856,4325612,4323324,16586,0,754,0
10.544570922851562,61826,4320856,4325612,4323324,16586,0,754,0
10.558856964111328,61826,4320856,4325612,4323324,16586,0,754,0
10.573127031326294,61826,4320856,4325612,4323324,16586,0,754,0
10.587212085723877,61826,4320856,4325612,4323324,16586,0,754,0
10.60197401046753,61826,4320856,4325612,4323324,16586,0,754,0
10.616236925125122,61826,4320856,4325612,4323324,16586,0,754,0
10.63062310218811,61826,4320856,4325612,4323324,16586,0,754,0
10.645143985748291,61826,4320856,4325612,4323324,16586,0,754,0
10.6598219871521,61826,4320856,4325612,4323324,16586,0,754,0
10.674122095108032,61826,4320856,4325612,4323324,16586,0,754,0
10.68875002861023,61826,4320856,4325612,4323324,16586,0,754,0
10.703150033950806,61826,4320856,4325612,4323324,16586,0,754,0
10.717566013336182,61826,4320856,4325612,4323324,16586,0,754,0
10.731904983520508,61826,4320856,4325612,4323324,16586,0,754,0
10.74601411819458,61826,4320856,4325612,4323324,16586,0,754,0
10.760159969329834,61826,4320856,4325612,4323324,16586,0,754,0
10.774488925933838,61826,4320856,4325612,4323324,16586,0,754,0
10.788958072662354,61826,4320856,4325612,4323324,16586,0,754,0
10.80315113067627,61826,4320856,4325612,4323324,16586,0,754,0
10.817515134811401,61826,4320856,4325612,4323324,16586,0,754,0
10.831790924072266,61826,4320856,4325612,4323324,16586,0,754,0
10.846442937850952,61826,4320856,4325612,4323324,16586,0,754,0
10.861527919769287,61826,4320856,4325612,4323324,16586,0,754,0
10.87653398513794,61826,4320856,4325612,4323324,16586,0,754,0
10.891237020492554,61826,4320856,4325612,4323324,16586,0,754,0
10.905678033828735,61826,4320856,4325612,4323324,16586,0,754,0
10.920124053955078,61826,4320856,4325612,4323324,16586,0,754,0
10.934844970703125,61826,4320856,4325612,4323324,16586,0,754,0
10.949604988098145,61826,4320856,4325612,4323324,16586,0,754,0
10.964177131652832,61826,4320856,4325612,4323324,16586,0,754,0
10.979069948196411,61826,4320856,4325612,4323324,16586,0,754,0
10.99393892288208,61826,4320856,4325612,4323324,16586,0,754,0
11.00873613357544,61826,4320856,4325612,4323324,16586,0,754,0
11.023226022720337,61826,4320856,4325612,4323324,16586,0,754,0
11.0381019115448,61826,4320856,4325612,4323324,16586,0,754,0
11.052587985992432,61826,4320856,4325612,4323324,16586,0,754,0
11.067115068435669,61826,4320856,4325612,4323324,16586,0,754,0
11.081468105316162,61826,4320856,4325612,4323324,16586,0,754,0
11.095886945724487,61826,4320856,4325612,4323324,16586,0,754,0
11.110106945037842,61826,4320856,4325612,4323324,16586,0,754,0
11.124807119369507,61826,4320856,4325612,4323324,16586,0,754,0
11.139472961425781,61826,4320856,4325612,4323324,16586,0,754,0
11.15410304069519,61826,4320856,4325612,4323324,16586,0,754,0
11.16890811920166,61826,4320856,4325612,4323324,16586,0,754,0
11.183679103851318,61826,4320856,4325612,4323324,16586,0,754,0
11.198461055755615,61826,4320856,4325612,4323324,16586,0,754,0
11.213520050048828,61826,4320856,4325612,4323324,16586,0,754,0
11.228240966796875,61826,4320856,4325612,4323324,16586,0,754,0
11.243007898330688,61826,4320856,4325612,4323324,16586,0,754,0
11.257909059524536,61826,4320856,4325612,4323324,16586,0,754,0
11.272757053375244,61826,4320856,4325612,4323324,16586,0,754,0
11.28714895248413,61826,4320856,4325612,4323324,16586,0,754,0
11.301679134368896,61826,4320856,4325612,4323324,16586,0,754,0
11.316138982772827,61826,4320856,4325612,4323324,16586,0,754,0
11.33055591583252,61826,4320856,4325612,4323324,16586,0,754,0
11.3451669216156,61826,4320856,4325612,4323324,16586,0,754,0
11.35995101928711,61826,4320856,4325612,4323324,16586,0,754,0
11.374637126922607,61826,4320856,4325612,4323324,16586,0,754,0
11.389183044433594,61826,4320856,4325612,4323324,16586,0,754,0
11.40374493598938,61826,4320856,4325612,4323324,16586,0,754,0
11.418049097061157,61826,4320856,4325612,4323324,16586,0,754,0
11.432208061218262,61826,4320856,4325612,4323324,16586,0,754,0
11.446887016296387,61826,4320856,4325612,4323324,16586,0,754,0
11.461549997329712,61826,4320856,4325612,4323324,16586,0,754,0
11.476141929626465,61826,4320856,4325612,4323324,16586,0,754,0
11.490947961807251,61826,4320856,4325612,4323324,16586,0,754,0
11.505628108978271,61826,4320856,4325612,4323324,16586,0,754,0
11.520133018493652,61826,4320856,4325612,4323324,16586,0,754,0
11.534702062606812,61826,4320856,4325612,4323324,16586,0,754,0
11.549099922180176,61826,4320856,4325612,4323324,16586,0,754,0
11.563508033752441,61826,4320856,4325612,4323324,16586,0,754,0
11.57787013053894,61826,4320856,4325612,4323324,16586,0,754,0
11.592113018035889,61826,4320856,4325612,4323324,16586,0,754,0
11.606781005859375,61826,4320856,4325612,4323324,16586,0,754,0
11.621180057525635,61826,4320856,4325612,4323324,16586,0,754,0
11.635654926300049,61826,4320856,4325612,4323324,16586,0,754,0
11.65011191368103,61826,4320856,4325612,4323324,16586,0,754,0
11.66427206993103,61826,4320856,4325612,4323324,16586,0,754,0
11.678906917572021,61826,4320856,4325612,4323324,16586,0,754,0
11.693150043487549,61826,4320856,4325612,4323324,16586,0,754,0
11.70755910873413,61826,4320856,4325612,4323324,16586,0,754,0
11.721970081329346,61826,4320856,4325612,4323324,16586,0,754,0
11.736104965209961,61826,4320856,4325612,4323324,16586,0,754,0
11.75022006034851,61826,4320856,4325612,4323324,16586,0,754,0
11.764545917510986,61826,4320856,4325612,4323324,16586,0,754,0
11.77879810333252,61826,4320856,4325612,4323324,16586,0,754,0
11.793101072311401,61826,4320856,4325612,4323324,16586,0,754,0
11.807502031326294,61826,4320856,4325612,4323324,16586,0,754,0
11.821829080581665,61826,4320856,4325612,4323324,16586,0,754,0
11.836091995239258,61826,4320856,4325612,4323324,16586,0,754,0
11.850183010101318,61826,4320856,4325612,4323324,16586,0,754,0
11.864561080932617,61826,4320856,4325612,4323324,16586,0,754,0
11.878842115402222,61826,4320856,4325612,4323324,16586,0,754,0
11.893094062805176,61826,4320856,4325612,4323324,16586,0,754,0
11.907560110092163,61826,4320856,4325612,4323324,16586,0,754,0
11.921871900558472,61826,4320856,4325612,4323324,16586,0,754,0
11.936084985733032,61826,4320856,4325612,4323324,16586,0,754,0
11.953166961669922,61826,4320856,4325612,4323324,16586,0,754,0
11.967958927154541,61826,4320856,4325612,4323324,16586,0,754,0
11.98244595527649,61826,4320856,4325612,4323324,16586,0,754,0
11.996860980987549,61826,4320856,4325612,4323324,16586,0,754,0
12.011182069778442,61826,4320856,4325612,4323324,16586,0,754,0
12.025537014007568,61826,4320856,4325612,4323324,16586,0,754,0
12.039994955062866,61826,4320856,4325612,4323324,16586,0,754,0
12.054098129272461,61826,4320856,4325612,4323324,16586,0,754,0
12.068156003952026,61826,4320856,4325612,4323324,16586,0,754,0
12.082226037979126,61826,4320856,4325612,4323324,16586,0,754,0
12.096962928771973,61826,4320856,4325612,4323324,16586,0,754,0
12.111129999160767,61826,4320856,4325612,4323324,16586,0,754,0
12.12566590309143,61826,4320856,4325612,4323324,16586,0,754,0
12.140172004699707,61826,4320856,4325612,4323324,16586,0,754,0
12.154563903808594,61826,4320856,4325612,4323324,16586,0,754,0
12.168980121612549,61826,4320856,4325612,4323324,16586,0,754,0
12.18311595916748,61826,4320856,4325612,4323324,16586,0,754,0
12.197431087493896,61826,4320856,4325612,4323324,16586,0,754,0
12.21181607246399,61826,4320856,4325612,4323324,16586,0,754,0
12.226099967956543,61826,4320856,4325612,4323324,16586,0,754,0
12.240526914596558,61826,4320856,4325612,4323324,16586,0,754,0
12.254863023757935,61826,4320856,4325612,4323324,16586,0,754,0
12.269139051437378,61826,4320856,4325612,4323324,16586,0,754,0
12.283899068832397,61826,4320856,4325612,4323324,16586,0,754,0
12.298166990280151,61826,4320856,4325612,4323324,16586,0,754,0
12.312643051147461,61826,4320856,4325612,4323324,16586,0,754,0
12.327059984207153,61826,4320856,4325612,4323324,16586,0,754,0
12.341145992279053,61826,4320856,4325612,4323324,16586,0,754,0
12.355639934539795,61826,4320856,4325612,4323324,16586,0,754,0
12.37066102027893,61826,4320856,4325612,4323324,16586,0,754,0
12.385443925857544,61826,4320856,4325612,4323324,16586,0,754,0
12.400201082229614,61826,4320856,4325612,4323324,16586,0,754,0
12.414979934692383,61826,4320856,4325612,4323324,16586,0,754,0
12.429934024810791,61826,4320856,4325612,4323324,16586,0,754,0
12.444860935211182,61826,4320856,4325612,4323324,16586,0,754,0
12.459609985351562,61826,4320856,4325612,4323324,16586,0,754,0
12.474433898925781,61826,4320856,4325612,4323324,16586,0,754,0
12.489383935928345,61826,4320856,4325612,4323324,16586,0,754,0
12.504317045211792,61826,4320856,4325612,4323324,16586,0,754,0
12.519563913345337,61826,4320856,4325612,4323324,16586,0,754,0
12.534598112106323,61826,4320856,4325612,4323324,16586,0,754,0
12.549325942993164,61826,4320856,4325612,4323324,16586,0,754,0
12.564266920089722,61826,4320856,4325612,4323324,16586,0,754,0
12.579042911529541,61826,4320856,4325612,4323324,16586,0,754,0
12.593854904174805,61826,4320856,4325612,4323324,16586,0,754,0
12.60880994796753,61826,4320856,4325612,4323324,16586,0,754,0
12.623515129089355,61826,4320856,4325612,4323324,16586,0,754,0
12.638329029083252,61826,4320856,4325612,4323324,16586,0,754,0
12.653096914291382,61826,4320856,4325612,4323324,16586,0,754,0
12.667949914932251,61826,4320856,4325612,4323324,16586,0,754,0
12.682892084121704,61826,4320856,4325612,4323324,16586,0,754,0
12.6978280544281,61826,4320856,4325612,4323324,16586,0,754,0
12.712817907333374,61826,4320856,4325612,4323324,16586,0,754,0
12.72807502746582,61826,4320856,4325612,4323324,16586,0,754,0
12.743048906326294,61826,4320856,4325612,4323324,16586,0,754,0
12.758064985275269,61826,4320856,4325612,4323324,16586,0,754,0
12.772891998291016,61826,4320856,4325612,4323324,16586,0,754,0
12.787564039230347,61826,4320856,4325612,4323324,16586,0,754,0
12.802388906478882,61826,4320856,4325612,4323324,16586,0,754,0
12.817048072814941,61826,4320856,4325612,4323324,16586,0,754,0
12.831640005111694,61826,4320856,4325612,4323324,16586,0,754,0
12.846381902694702,61826,4320856,4325612,4323324,16586,0,754,0
12.861000061035156,61826,4320856,4325612,4323324,16586,0,754,0
12.875564098358154,61826,4320856,4325612,4323324,16586,0,754,0
12.890358924865723,61826,4320856,4325612,4323324,16586,0,754,0
12.90521502494812,61826,4320856,4325612,4323324,16586,0,754,0
12.921315908432007,61826,4320856,4325612,4323324,16586,0,754,0
12.936790943145752,61826,4320856,4325612,4323324,16586,0,754,0
12.951431035995483,61826,4320856,4325612,4323324,16586,0,754,0
12.966020107269287,61826,4320856,4325612,4323324,16586,0,754,0
12.980714082717896,61826,4320856,4325612,4323324,16586,0,754,0
12.995325088500977,61826,4320856,4325612,4323324,16586,0,754,0
13.009926080703735,61826,4320856,4325612,4323324,16586,0,754,0
13.0245840549469,61826,4320856,4325612,4323324,16586,0,754,0
13.039346933364868,61826,4320856,4325612,4323324,16586,0,754,0
13.053982973098755,61826,4320856,4325612,4323324,16586,0,754,0
13.068534135818481,61826,4320856,4325612,4323324,16586,0,754,0
13.083216905593872,61826,4320856,4325612,4323324,16586,0,754,0
13.09789490699768,61826,4320856,4325612,4323324,16586,0,754,0
13.112498998641968,61826,4320856,4325612,4323324,16586,0,754,0
13.127109050750732,61826,4320856,4325612,4323324,16586,0,754,0
13.142024993896484,61826,4320856,4325612,4323324,16586,0,754,0
13.15693998336792,61826,4320856,4325612,4323324,16586,0,754,0
13.171572923660278,61826,4320856,4325612,4323324,16586,0,754,0
13.186170101165771,61826,4320856,4325612,4323324,16586,0,754,0
13.200745105743408,61826,4320856,4325612,4323324,16586,0,754,0
13.215353012084961,61826,4320856,4325612,4323324,16586,0,754,0
13.230027914047241,61826,4320856,4325612,4323324,16586,0,754,0
13.244755983352661,61826,4320856,4325612,4323324,16586,0,754,0
13.25937294960022,61826,4320856,4325612,4323324,16586,0,754,0
13.273977994918823,61826,4320856,4325612,4323324,16586,0,754,0
13.288891077041626,61826,4320856,4325612,4323324,16586,0,754,0
13.303411960601807,61826,4320856,4325612,4323324,16586,0,754,0
13.318058013916016,61826,4320856,4325612,4323324,16586,0,754,0
13.332780122756958,61826,4320856,4325612,4323324,16586,0,754,0
13.347829103469849,61826,4320856,4325612,4323324,16586,0,754,0
13.36261510848999,61826,4320856,4325612,4323324,16586,0,754,0
13.377272129058838,61826,4320856,4325612,4323324,16586,0,754,0
13.391946077346802,61826,4320856,4325612,4323324,16586,0,754,0
13.40672492980957,61826,4320856,4325612,4323324,16586,0,754,0
13.421478033065796,61826,4320856,4325612,4323324,16586,0,754,0
13.43612790107727,61826,4320856,4325612,4323324,16586,0,754,0
13.450915098190308,61826,4320856,4325612,4323324,16586,0,754,0
13.465599060058594,61826,4320856,4325612,4323324,16586,0,754,0
13.480406045913696,61826,4320856,4325612,4323324,16586,0,754,0
13.495043992996216,61826,4320856,4325612,4323324,16586,0,754,0
13.509576082229614,61826,4320856,4325612,4323324,16586,0,754,0
13.52436900138855,61826,4320856,4325612,4323324,16586,0,754,0
13.539046049118042,61826,4320856,4325612,4323324,16586,0,754,0
13.554045915603638,61826,4320856,4325612,4323324,16586,0,754,0
13.568798065185547,61826,4320856,4325612,4323324,16586,0,754,0
13.5834379196167,61826,4320856,4325612,4323324,16586,0,754,0
13.597963094711304,61826,4320856,4325612,4323324,16586,0,754,0
13.612545013427734,61826,4320856,4325612,4323324,16586,0,754,0
13.627166986465454,61826,4320856,4325612,4323324,16586,0,754,0
13.641724109649658,61826,4320856,4325612,4323324,16586,0,754,0
13.65639591217041,61826,4320856,4325612,4323324,16586,0,754,0
13.671063899993896,61826,4320856,4325612,4323324,16586,0,754,0
13.685557126998901,61826,4320856,4325612,4323324,16586,0,754,0
13.700243949890137,61826,4320856,4325612,4323324,16586,0,754,0
13.714852094650269,61826,4320856,4325612,4323324,16586,0,754,0
13.729650020599365,61826,4320856,4325612,4323324,16586,0,754,0
13.744408130645752,61826,4320856,4325612,4323324,16586,0,754,0
13.759037017822266,61826,4320856,4325612,4323324,16586,0,754,0
13.77380108833313,61826,4320856,4325612,4323324,16586,0,754,0
13.788378953933716,61826,4320856,4325612,4323324,16586,0,754,0
13.802850008010864,61826,4320856,4325612,4323324,16586,0,754,0
13.817384004592896,61826,4320856,4325612,4323324,16586,0,754,0
13.831999063491821,61826,4320856,4325612,4323324,16586,0,754,0
13.846731901168823,61826,4320856,4325612,4323324,16586,0,754,0
13.86131501197815,61826,4320856,4325612,4323324,16586,0,754,0
13.875899076461792,61826,4320856,4325612,4323324,16586,0,754,0
13.89151906967163,61826,4320856,4325612,4323324,16586,0,754,0
13.906517028808594,61826,4320856,4325612,4323324,16586,0,754,0
13.921049118041992,61826,4320856,4325612,4323324,16586,0,754,0
13.935617923736572,61826,4320856,4325612,4323324,16586,0,754,0
13.95031189918518,61826,4320856,4325612,4323324,16586,0,754,0
13.965029001235962,61826,4320856,4325612,4323324,16586,0,754,0
13.979809999465942,61826,4320856,4325612,4323324,16586,0,754,0
13.994545936584473,61826,4320856,4325612,4323324,16586,0,754,0
14.00911808013916,61826,4320856,4325612,4323324,16586,0,754,0
14.02380895614624,61826,4320856,4325612,4323324,16586,0,754,0
14.038425922393799,61826,4320856,4325612,4323324,16586,0,754,0
14.052977085113525,61826,4320856,4325612,4323324,16586,0,754,0
14.067677021026611,61826,4320856,4325612,4323324,16586,0,754,0
14.082350015640259,61826,4320856,4325612,4323324,16586,0,754,0
14.09693694114685,61826,4320856,4325612,4323324,16586,0,754,0
14.111557006835938,61826,4320856,4325612,4323324,16586,0,754,0
14.126054048538208,61826,4320856,4325612,4323324,16586,0,754,0
14.140629053115845,61826,4320856,4325612,4323324,16586,0,754,0
14.155275106430054,61826,4320856,4325612,4323324,16586,0,754,0
14.169917106628418,61826,4320856,4325612,4323324,16586,0,754,0
14.185023069381714,61826,4320856,4325612,4323324,16586,0,754,0
14.199867010116577,61826,4320856,4325612,4323324,16586,0,754,0
14.214514017105103,61826,4320856,4325612,4323324,16586,0,754,0
14.22928500175476,61826,4320856,4325612,4323324,16586,0,754,0
14.24404001235962,61826,4320856,4325612,4323324,16586,0,754,0
14.258673906326294,61826,4320856,4325612,4323324,16586,0,754,0
14.273441076278687,61826,4320856,4325612,4323324,16586,0,754,0
14.288002967834473,61826,4320856,4325612,4323324,16586,0,754,0
14.302561044692993,61826,4320856,4325612,4323324,16586,0,754,0
14.317227125167847,61826,4320856,4325612,4323324,16586,0,754,0
14.331753969192505,61826,4320856,4325612,4323324,16586,0,754,0
14.346342086791992,61826,4320856,4325612,4323324,16586,0,754,0
14.360964059829712,61826,4320856,4325612,4323324,16586,0,754,0
14.375728130340576,61826,4320856,4325612,4323324,16586,0,754,0
14.390429019927979,61826,4320856,4325612,4323324,16586,0,754,0
14.405049085617065,61826,4320856,4325612,4323324,16586,0,754,0
14.419877052307129,61826,4320856,4325612,4323324,16586,0,754,0
14.434509992599487,61826,4320856,4325612,4323324,16586,0,754,0
14.44909405708313,61826,4320856,4325612,4323324,16586,0,754,0
14.463602066040039,61826,4320856,4325612,4323324,16586,0,754,0
14.478308916091919,61826,4320856,4325612,4323324,16586,0,754,0
14.493025064468384,61826,4320856,4325612,4323324,16586,0,754,0
14.507529020309448,61826,4320856,4325612,4323324,16586,0,754,0
14.522215127944946,61826,4320856,4325612,4323324,16586,0,754,0
14.536633014678955,61826,4320856,4325612,4323324,16586,0,754,0
14.551362037658691,61826,4320856,4325612,4323324,16586,0,754,0
14.565762996673584,61826,4320856,4325612,4323324,16586,0,754,0
14.580676078796387,61826,4320856,4325612,4323324,16586,0,754,0
14.595747947692871,61826,4320856,4325612,4323324,16586,0,754,0
14.610399961471558,61826,4320856,4325612,4323324,16586,0,754,0
14.62483811378479,61826,4320856,4325612,4323324,16586,0,754,0
14.639563083648682,61826,4320856,4325612,4323324,16586,0,754,0
14.654196977615356,61826,4320856,4325612,4323324,16586,0,754,0
14.668975114822388,61826,4320856,4325612,4323324,16586,0,754,0
14.683617115020752,61826,4320856,4325612,4323324,16586,0,754,0
14.697987079620361,61826,4320856,4325612,4323324,16586,0,754,0
14.712729930877686,61826,4320856,4325612,4323324,16586,0,754,0
14.727415084838867,61826,4320856,4325612,4323324,16586,0,754,0
14.741817951202393,61826,4320856,4325612,4323324,16586,0,754,0
14.75612998008728,61826,4320856,4325612,4323324,16586,0,754,0
14.770905017852783,61826,4320856,4325612,4323324,16586,0,754,0
14.785500049591064,61826,4320856,4325612,4323324,16586,0,754,0
14.799958944320679,61826,4320856,4325612,4323324,16586,0,754,0
14.814636945724487,61826,4320856,4325612,4323324,16586,0,754,0
14.829493045806885,61826,4320856,4325612,4323324,16586,0,754,0
14.844023942947388,61826,4320856,4325612,4323324,16586,0,754,0
14.858567953109741,61826,4320856,4325612,4323324,16586,0,754,0
14.873481035232544,61826,4320856,4325612,4323324,16586,0,754,0
14.888010025024414,61826,4320856,4325612,4323324,16586,0,754,0
14.902655124664307,61826,4320856,4325612,4323324,16586,0,754,0
14.917383909225464,61826,4320856,4325612,4323324,16586,0,754,0
14.932044982910156,61826,4320856,4325612,4323324,16586,0,754,0
14.946794986724854,61826,4320856,4325612,4323324,16586,0,754,0
14.961461067199707,61826,4320856,4325612,4323324,16586,0,754,0
14.97617793083191,61826,4320856,4325612,4323324,16586,0,754,0
14.990931987762451,61826,4320856,4325612,4323324,16586,0,754,0
15.005897045135498,61826,4320856,4325612,4323324,16586,0,754,0
15.020486116409302,61826,4320856,4325612,4323324,16586,0,754,0
15.035250902175903,61826,4320856,4325612,4323324,16586,0,754,0
15.049921035766602,61826,4320856,4325612,4323324,16586,0,754,0
15.06442904472351,61826,4320856,4325612,4323324,16586,0,754,0
15.078879117965698,61826,4320856,4325612,4323324,16586,0,754,0
15.093378067016602,61826,4320856,4325612,4323324,16586,0,754,0
15.108070135116577,61826,4320856,4325612,4323324,16586,0,754,0
15.122586011886597,61826,4320856,4325612,4323324,16586,0,754,0
15.137444019317627,61826,4320856,4325612,4323324,16586,0,754,0
15.152070045471191,61826,4320856,4325612,4323324,16586,0,754,0
15.166883945465088,61826,4320856,4325612,4323324,16586,0,754,0
15.181518077850342,61826,4320856,4325612,4323324,16586,0,754,0
15.196200132369995,61826,4320856,4325612,4323324,16586,0,754,0
15.21097207069397,61826,4320856,4325612,4323324,16586,0,754,0
15.226027011871338,61826,4320856,4325612,4323324,16586,0,754,0
15.240621089935303,61826,4320856,4325612,4323324,16586,0,754,0
15.25521993637085,61826,4320856,4325612,4323324,16586,0,754,0
15.269798040390015,61826,4320856,4325612,4323324,16586,0,754,0
15.284348011016846,61826,4320856,4325612,4323324,16586,0,754,0
15.298918008804321,61826,4320856,4325612,4323324,16586,0,754,0
15.312948942184448,61826,4320856,4325612,4323324,16586,0,754,0
15.326940059661865,61826,4320856,4325612,4323324,16586,0,754,0
15.340858936309814,61826,4320856,4325612,4323324,16586,0,754,0
15.354717016220093,61826,4320856,4325612,4323324,16586,0,754,0
15.368611097335815,61826,4320856,4325612,4323324,16586,0,754,0
15.382573127746582,61826,4320856,4325612,4323324,16586,0,754,0
15.396968126296997,61826,4320856,4325612,4323324,16586,0,754,0
15.411116123199463,61826,4320856,4325612,4323324,16586,0,754,0
15.425729990005493,61826,4320856,4325612,4323324,16586,0,754,0
15.440043926239014,61826,4320856,4325612,4323324,16586,0,754,0
15.454127073287964,61826,4320856,4325612,4323324,16586,0,754,0
15.468516111373901,61826,4320856,4325612,4323324,16586,0,754,0
15.482860088348389,61826,4320856,4325612,4323324,16586,0,754,0
15.49705696105957,61826,4320856,4325612,4323324,16586,0,754,0
15.51110291481018,61826,4320856,4325612,4323324,16586,0,754,0
15.525559902191162,61826,4320856,4325612,4323324,16586,0,754,0
15.540004968643188,61826,4320856,4325612,4323324,16586,0,754,0
15.554455041885376,61826,4320856,4325612,4323324,16586,0,754,0
15.568937063217163,61826,4320856,4325612,4323324,16586,0,754,0
15.583143949508667,61826,4320856,4325612,4323324,16586,0,754,0
15.597530126571655,61826,4320856,4325612,4323324,16586,0,754,0
15.61195707321167,61826,4320856,4325612,4323324,16586,0,754,0
15.626085042953491,61826,4320856,4325612,4323324,16586,0,754,0
15.640408992767334,61826,4320856,4325612,4323324,16586,0,754,0
15.655091047286987,61826,4320856,4325612,4323324,16586,0,754,0
15.669085025787354,61826,4320856,4325612,4323324,16586,0,754,0
15.683901071548462,61826,4320856,4325612,4323324,16586,0,754,0
15.698508024215698,61826,4320856,4325612,4323324,16586,0,754,0
15.713038921356201,61826,4320856,4325612,4323324,16586,0,754,0
15.727567911148071,61826,4320856,4325612,4323324,16586,0,754,0
15.741907119750977,61826,4320856,4325612,4323324,16586,0,754,0
15.755976915359497,61826,4320856,4325612,4323324,16586,0,754,0
15.77008605003357,61826,4320856,4325612,4323324,16586,0,754,0
15.784110069274902,61826,4320856,4325612,4323324,16586,0,754,0
15.798473119735718,61826,4320856,4325612,4323324,16586,0,754,0
15.812902927398682,61826,4320856,4325612,4323324,16586,0,754,0
15.827246904373169,61826,4320856,4325612,4323324,16586,0,754,0
15.84249210357666,61826,4320856,4325612,4323324,16586,0,754,0
15.85747504234314,61826,4320856,4325612,4323324,16586,0,754,0
15.872141122817993,61826,4320856,4325612,4323324,16586,0,754,0
15.886476993560791,61826,4320856,4325612,4323324,16586,0,754,0
15.900542974472046,61826,4320856,4325612,4323324,16586,0,754,0
15.914837121963501,61826,4320856,4325612,4323324,16586,0,754,0
15.929074048995972,61826,4320856,4325612,4323324,16586,0,754,0
15.943097114562988,61826,4320856,4325612,4323324,16586,0,754,0
15.957505941390991,61826,4320856,4325612,4323324,16586,0,754,0
15.971827030181885,61826,4320856,4325612,4323324,16586,0,754,0
15.986088991165161,61826,4320856,4325612,4323324,16586,0,754,0
16.000171899795532,61826,4320856,4325612,4323324,16586,0,754,0
16.014246940612793,61826,4320856,4325612,4323324,16586,0,754,0
16.028584003448486,61826,4320856,4325612,4323324,16586,0,754,0
16.042841911315918,61826,4320856,4325612,4323324,16586,0,754,0
16.057428121566772,61826,4320856,4325612,4323324,16586,0,754,0
16.071859121322632,61826,4320856,4325612,4323324,16586,0,754,0
16.08609390258789,61826,4320856,4325612,4323324,16586,0,754,0
16.10005497932434,61826,4320856,4325612,4323324,16586,0,754,0
16.114222049713135,61826,4320856,4325612,4323324,16586,0,754,0
16.128670930862427,61826,4320856,4325612,4323324,16586,0,754,0
16.142942905426025,61826,4320856,4325612,4323324,16586,0,754,0
16.157081127166748,61826,4320856,4325612,4323324,16586,0,754,0
16.17118501663208,61826,4320856,4325612,4323324,16586,0,754,0
16.185560941696167,61826,4320856,4325612,4323324,16586,0,754,0
16.201828002929688,61826,4320856,4325612,4323324,16586,0,754,0
16.21824312210083,61826,4320856,4325612,4323324,16586,0,754,0
16.2342689037323,61826,4320856,4325612,4323324,16586,0,754,0
16.250415086746216,61826,4320856,4325612,4323324,16586,0,754,0
16.266777992248535,61826,4320856,4325612,4323324,16586,0,754,0
16.28313899040222,61826,4320856,4325612,4323324,16586,0,754,0
16.299263954162598,61826,4320856,4325612,4323324,16586,0,754,0
16.315598964691162,61826,4320856,4325612,4323324,16586,0,754,0
16.331867933273315,61826,4320856,4325612,4323324,16586,0,754,0
16.347748041152954,61826,4320856,4325612,4323324,16586,0,754,0
16.362520933151245,61826,4320856,4325612,4323324,16586,0,754,0
16.377134084701538,61826,4320856,4325612,4323324,16586,0,754,0
16.391942977905273,61826,4320856,4325612,4323324,16586,0,754,0
16.40588092803955,61826,4320856,4325612,4323324,16586,0,754,0
16.42009997367859,61826,4320856,4325612,4323324,16586,0,754,0
16.434334993362427,61826,4320856,4325612,4323324,16586,0,754,0
16.44930911064148,61826,4320856,4325612,4323324,16586,0,754,0
16.46427011489868,61826,4320856,4325612,4323324,16586,0,754,0
16.479568004608154,61826,4320856,4325612,4323324,16586,0,754,0
16.49472999572754,61826,4320856,4325612,4323324,16586,0,754,0
16.50989603996277,61826,4320856,4325612,4323324,16586,0,754,0
16.524922132492065,61826,4320856,4325612,4323324,16586,0,754,0
16.539469003677368,61826,4320856,4325612,4323324,16586,0,754,0
16.554058074951172,61826,4320856,4325612,4323324,16586,0,754,0
16.568937063217163,61826,4320856,4325612,4323324,16586,0,754,0
16.583924055099487,61826,4320856,4325612,4323324,16586,0,754,0
16.598716974258423,61826,4320856,4325612,4323324,16586,0,754,0
16.613234996795654,61826,4320856,4325612,4323324,16586,0,754,0
16.62747311592102,61826,4320856,4325612,4323324,16586,0,754,0
16.64121413230896,61826,4320856,4325612,4323324,16586,0,754,0
16.65566611289978,61826,4320856,4325612,4323324,16586,0,754,0
16.669624090194702,61826,4320856,4325612,4323324,16586,0,754,0
16.683627128601074,61826,4320856,4325612,4323324,16586,0,754,0
16.69763708114624,61826,4320856,4325612,4323324,16586,0,754,0
16.711607933044434,61826,4320856,4325612,4323324,16586,0,754,0
16.725878953933716,61826,4320856,4325612,4323324,16586,0,754,0
16.74006199836731,61826,4320856,4325612,4323324,16586,0,754,0
16.754099130630493,61826,4320856,4325612,4323324,16586,0,754,0
16.768243074417114,61826,4320856,4325612,4323324,16586,0,754,0
16.782480001449585,61826,4320856,4325612,4323324,16586,0,754,0
16.79679012298584,61826,4320856,4325612,4323324,16586,0,754,0
16.81007194519043,61826,4320856,4325612,4323324,16586,0,754,0
16.826158046722412,61826,4320856,4325612,4323324,16586,0,754,0
16.84226894378662,61826,4320856,4325612,4323324,16586,0,754,0
16.857568979263306,61826,4320856,4325612,4323324,16586,0,754,0
16.871783018112183,61826,4320856,4325612,4323324,16586,0,754,0
16.885968923568726,61826,4320856,4325612,4323324,16586,0,754,0
16.900092124938965,61826,4320856,4325612,4323324,16586,0,754,0
16.91444492340088,61826,4320856,4325612,4323324,16586,0,754,0
16.92871403694153,61826,4320856,4325612,4323324,16586,0,754,0
16.942814111709595,61826,4320856,4325612,4323324,16586,0,754,0
16.956954956054688,61826,4320856,4325612,4323324,16586,0,754,0
16.971072912216187,61826,4320856,4325612,4323324,16586,0,754,0
16.98499894142151,61826,4320856,4325612,4323324,16586,0,754,0
16.99895691871643,61826,4320856,4325612,4323324,16586,0,754,0
17.013103008270264,61826,4320856,4325612,4323324,16586,0,754,0
17.027220964431763,61826,4320856,4325612,4323324,16586,0,754,0
17.041512966156006,61826,4320856,4325612,4323324,16586,0,754,0
17.05579900741577,61826,4320856,4325612,4323324,16586,0,754,0
17.070126056671143,61826,4320856,4325612,4323324,16586,0,754,0
17.08468508720398,61826,4320856,4325612,4323324,16586,0,754,0
17.099256992340088,61826,4320856,4325612,4323324,16586,0,754,0
17.11382007598877,61826,4320856,4325612,4323324,16586,0,754,0
17.12810206413269,61826,4320856,4325612,4323324,16586,0,754,0
17.142126083374023,61826,4320856,4325612,4323324,16586,0,754,0
17.156301021575928,61826,4320856,4325612,4323324,16586,0,754,0
17.17055106163025,61826,4320856,4325612,4323324,16586,0,754,0
17.18507695198059,61826,4320856,4325612,4323324,16586,0,754,0
17.199590921401978,61826,4320856,4325612,4323324,16586,0,754,0
17.213916063308716,61826,4320856,4325612,4323324,16586,0,754,0
17.228123903274536,61826,4320856,4325612,4323324,16586,0,754,0
17.242643117904663,61826,4320856,4325612,4323324,16586,0,754,0
17.257478952407837,61826,4320856,4325612,4323324,16586,0,754,0
17.272191047668457,61826,4320856,4325612,4323324,16586,0,754,0
17.28678798675537,61826,4320856,4325612,4323324,16586,0,754,0
17.302212953567505,61826,4320856,4325612,4323324,16586,0,754,0
17.316970109939575,61826,4320856,4325612,4323324,16586,0,754,0
17.331533908843994,61826,4320856,4325612,4323324,16586,0,754,0
17.346451997756958,61826,4320856,4325612,4323324,16586,0,754,0
17.360970973968506,61826,4320856,4325612,4323324,16586,0,754,0
17.375109910964966,61826,4320856,4325612,4323324,16586,0,754,0
17.38926100730896,61826,4320856,4325612,4323324,16586,0,754,0
17.403538942337036,61826,4320856,4325612,4323324,16586,0,754,0
17.417808055877686,61826,4320856,4325612,4323324,16586,0,754,0
17.43208599090576,61826,4320856,4325612,4323324,16586,0,754,0
17.446449041366577,61826,4320856,4325612,4323324,16586,0,754,0
17.46052098274231,61826,4320856,4325612,4323324,16586,0,754,0
17.474853992462158,61826,4320856,4325612,4323324,16586,0,754,0
17.48901605606079,61826,4320856,4325612,4323324,16586,0,754,0
17.50310206413269,61826,4320856,4325612,4323324,16586,0,754,0
17.5174720287323,61826,4320856,4325612,4323324,16586,0,754,0
17.53170609474182,61826,4320856,4325612,4323324,16586,0,754,0
17.546046018600464,61826,4320856,4325612,4323324,16586,0,754,0
17.560225009918213,61826,4320856,4325612,4323324,16586,0,754,0
17.57451295852661,61826,4320856,4325612,4323324,16586,0,754,0
17.589107036590576,61826,4320856,4325612,4323324,16586,0,754,0
17.60320806503296,61826,4320856,4325612,4323324,16586,0,754,0
17.617072105407715,61826,4320856,4325612,4323324,16586,0,754,0
17.631477117538452,61826,4320856,4325612,4323324,16586,0,754,0
17.64572501182556,61826,4320856,4325612,4323324,16586,0,754,0
17.660051107406616,61826,4320856,4325612,4323324,16586,0,754,0
17.674118041992188,61826,4320856,4325612,4323324,16586,0,754,0
17.688195943832397,61826,4320856,4325612,4323324,16586,0,754,0
17.702544927597046,61826,4320856,4325612,4323324,16586,0,754,0
17.71676206588745,61826,4320856,4325612,4323324,16586,0,754,0
17.730987071990967,61826,4320856,4325612,4323324,16586,0,754,0
17.74499201774597,61826,4320856,4325612,4323324,16586,0,754,0
17.758847951889038,61826,4320856,4325612,4323324,16586,0,754,0
17.772680044174194,61826,4320856,4325612,4323324,16586,0,754,0
17.787118911743164,61826,4320856,4325612,4323324,16586,0,754,0
17.80160903930664,61826,4320856,4325612,4323324,16586,0,754,0
17.8156099319458,61826,4320856,4325612,4323324,16586,0,754,0
17.829992055892944,61826,4320856,4325612,4323324,16586,0,754,0
17.84393000602722,61826,4320856,4325612,4323324,16586,0,754,0
17.857924938201904,61826,4320856,4325612,4323324,16586,0,754,0
17.872087001800537,61826,4320856,4325612,4323324,16586,0,754,0
17.886070013046265,61826,4320856,4325612,4323324,16586,0,754,0
17.900243997573853,61826,4320856,4325612,4323324,16586,0,754,0
17.914613008499146,61826,4320856,4325612,4323324,16586,0,754,0
17.928956985473633,61826,4320856,4325612,4323324,16586,0,754,0
17.94309401512146,61826,4320856,4325612,4323324,16586,0,754,0
17.957134008407593,61826,4320856,4325612,4323324,16586,0,754,0
17.971076011657715,61826,4320856,4325612,4323324,16586,0,754,0
17.98511791229248,61826,4320856,4325612,4323324,16586,0,754,0
17.999494075775146,61826,4320856,4325612,4323324,16586,0,754,0
18.013854026794434,61826,4320856,4325612,4323324,16586,0,754,0
18.028110027313232,61826,4320856,4325612,4323324,16586,0,754,0
18.042187929153442,61826,4320856,4325612,4323324,16586,0,754,0
18.056489944458008,61826,4320856,4325612,4323324,16586,0,754,0
18.071186065673828,61826,4320856,4325612,4323324,16586,0,754,0
18.08617401123047,61826,4320856,4325612,4323324,16586,0,754,0
18.101179122924805,61826,4320856,4325612,4323324,16586,0,754,0
18.11626696586609,61826,4320856,4325612,4323324,16586,0,754,0
18.131298065185547,61826,4320856,4325612,4323324,16586,0,754,0
18.14717411994934,61826,4320856,4325612,4323324,16586,0,754,0
18.16345191001892,61826,4320856,4325612,4323324,16586,0,754,0
18.179749965667725,61826,4320856,4325612,4323324,16586,0,754,0
18.196111917495728,61826,4320856,4325612,4323324,16586,0,754,0
18.2122859954834,61826,4320856,4325612,4323324,16586,0,754,0
18.22859001159668,61826,4320856,4325612,4323324,16586,0,754,0
18.244976043701172,61826,4320856,4325612,4323324,16586,0,754,0
18.261011123657227,61826,4320856,4325612,4323324,16586,0,754,0
18.275877952575684,61826,4320856,4325612,4323324,16586,0,754,0
18.290940046310425,61826,4320856,4325612,4323324,16586,0,754,0
18.305717945098877,61826,4320856,4325612,4323324,16586,0,754,0
18.320591926574707,61826,4320856,4325612,4323324,16586,0,754,0
18.335503101348877,61826,4320856,4325612,4323324,16586,0,754,0
18.350165128707886,61826,4320856,4325612,4323324,16586,0,754,0
18.36487913131714,61826,4320856,4325612,4323324,16586,0,754,0
18.37911295890808,61826,4320856,4325612,4323324,16586,0,754,0
18.393662929534912,61826,4320856,4325612,4323324,16586,0,754,0
18.408117055892944,61826,4320856,4325612,4323324,16586,0,754,0
18.42260503768921,61826,4320856,4325612,4323324,16586,0,754,0
18.437113046646118,61826,4320856,4325612,4323324,16586,0,754,0
18.45159602165222,61826,4320856,4325612,4323324,16586,0,754,0
18.466113090515137,61826,4320856,4325612,4323324,16586,0,754,0
18.4806170463562,61826,4320856,4325612,4323324,16586,0,754,0
18.495117902755737,61826,4320856,4325612,4323324,16586,0,754,0
18.50956392288208,61826,4320856,4325612,4323324,16586,0,754,0
18.52403712272644,61826,4320856,4325612,4323324,16586,0,754,0
18.538105964660645,61826,4320856,4325612,4323324,16586,0,754,0
18.55272102355957,61826,4320856,4325612,4323324,16586,0,754,0
18.567110061645508,61826,4320856,4325612,4323324,16586,0,754,0
18.581830978393555,61826,4320856,4325612,4323324,16586,0,754,0
18.596256971359253,61826,4320856,4325612,4323324,16586,0,754,0
18.610515117645264,61826,4320856,4325612,4323324,16586,0,754,0
18.624818086624146,61826,4320856,4325612,4323324,16586,0,754,0
18.639012098312378,61826,4320856,4325612,4323324,16586,0,754,0
18.653724908828735,61826,4320856,4325612,4323324,16586,0,754,0
18.667967081069946,61826,4320856,4325612,4323324,16586,0,754,0
18.682595014572144,61826,4320856,4325612,4323324,16586,0,754,0
18.696841955184937,61826,4320856,4325612,4323324,16586,0,754,0
18.711024045944214,61826,4320856,4325612,4323324,16586,0,754,0
18.725100994110107,61826,4320856,4325612,4323324,16586,0,754,0
18.739650011062622,61826,4320856,4325612,4323324,16586,0,754,0
18.75412607192993,61826,4320856,4325612,4323324,16586,0,754,0
18.7689471244812,61826,4320856,4325612,4323324,16586,0,754,0
18.783554077148438,61826,4320856,4325612,4323324,16586,0,754,0
18.798106908798218,61826,4320856,4325612,4323324,16586,0,754,0
18.81267499923706,61826,4320856,4325612,4323324,16586,0,754,0
18.82710099220276,61826,4320856,4325612,4323324,16586,0,754,0
18.841560125350952,61826,4320856,4325612,4323324,16586,0,754,0
18.856466054916382,61826,4320856,4325612,4323324,16586,0,754,0
18.87103295326233,61826,4320856,4325612,4323324,16586,0,754,0
18.885147094726562,61826,4320856,4325612,4323324,16586,0,754,0
18.899583101272583,61826,4320856,4325612,4323324,16586,0,754,0
18.91410803794861,61826,4320856,4325612,4323324,16586,0,754,0
18.928635120391846,61826,4320856,4325612,4323324,16586,0,754,0
18.94317102432251,61826,4320856,4325612,4323324,16586,0,754,0
18.95780110359192,61826,4320856,4325612,4323324,16586,0,754,0
18.972115993499756,61826,4320856,4325612,4323324,16586,0,754,0
18.986638069152832,61826,4320856,4325612,4323324,16586,0,754,0
19.00120210647583,61826,4320856,4325612,4323324,16586,0,754,0
19.0152530670166,61826,4320856,4325612,4323324,16586,0,754,0
19.02950406074524,61826,4320856,4325612,4323324,16586,0,754,0
19.04387903213501,61826,4320856,4325612,4323324,16586,0,754,0
19.058238983154297,61826,4320856,4325612,4323324,16586,0,754,0
19.072715044021606,61826,4320856,4325612,4323324,16586,0,754,0
19.087109088897705,61826,4320856,4325612,4323324,16586,0,754,0
19.101639986038208,61826,4320856,4325612,4323324,16586,0,754,0
19.116151094436646,61826,4320856,4325612,4323324,16586,0,754,0
19.13046097755432,61826,4320856,4325612,4323324,16586,0,754,0
19.144716024398804,61826,4320856,4325612,4323324,16586,0,754,0
19.15898895263672,61826,4320856,4325612,4323324,16586,0,754,0
19.173142910003662,61826,4320856,4325612,4323324,16586,0,754,0
19.187482118606567,61826,4320856,4325612,4323324,16586,0,754,0
19.201581954956055,61826,4320856,4325612,4323324,16586,0,754,0
19.21564793586731,61826,4320856,4325612,4323324,16586,0,754,0
19.229954957962036,61826,4320856,4325612,4323324,16586,0,754,0
19.244079113006592,61826,4320856,4325612,4323324,16586,0,754,0
19.258225917816162,61826,4320856,4325612,4323324,16586,0,754,0
19.273091077804565,61826,4320856,4325612,4323324,16586,0,754,0
19.287617921829224,61826,4320856,4325612,4323324,16586,0,754,0
19.302051067352295,61826,4320856,4325612,4323324,16586,0,754,0
19.316811084747314,61826,4320856,4325612,4323324,16586,0,754,0
19.331511974334717,61826,4320856,4325612,4323324,16586,0,754,0
19.346269130706787,61826,4320856,4325612,4323324,16586,0,754,0
19.361098051071167,61826,4320856,4325612,4323324,16586,0,754,0
19.37584900856018,61826,4320856,4325612,4323324,16586,0,754,0
19.390815019607544,61826,4320856,4325612,4323324,16586,0,754,0
19.405585050582886,61826,4320856,4325612,4323324,16586,0,754,0
19.420391082763672,61826,4320856,4325612,4323324,16586,0,754,0
19.435261011123657,61826,4320856,4325612,4323324,16586,0,754,0
19.450109004974365,61826,4320856,4325612,4323324,16586,0,754,0
19.46506404876709,61826,4320856,4325612,4323324,16586,0,754,0
19.47996211051941,61826,4320856,4325612,4323324,16586,0,754,0
19.494858980178833,61826,4320856,4325612,4323324,16586,0,754,0
19.509639978408813,61826,4320856,4325612,4323324,16586,0,754,0
19.524538040161133,61826,4320856,4325612,4323324,16586,0,754,0
19.539402961730957,61826,4320856,4325612,4323324,16586,0,754,0
19.554296016693115,61826,4320856,4325612,4323324,16586,0,754,0
19.569092988967896,61826,4320856,4325612,4323324,16586,0,754,0
19.583961009979248,61826,4320856,4325612,4323324,16586,0,754,0
19.599019050598145,61826,4320856,4325612,4323324,16586,0,754,0
19.614020109176636,61826,4320856,4325612,4323324,16586,0,754,0
19.629086017608643,61826,4320856,4325612,4323324,16586,0,754,0
19.643934965133667,61826,4320856,4325612,4323324,16586,0,754,0
19.65873908996582,61826,4320856,4325612,4323324,16586,0,754,0
19.673818111419678,61826,4320856,4325612,4323324,16586,0,754,0
19.688551902770996,61826,4320856,4325612,4323324,16586,0,754,0
19.703372955322266,61826,4320856,4325612,4323324,16586,0,754,0
19.71798801422119,61826,4320856,4325612,4323324,16586,0,754,0
19.732360124588013,61826,4320856,4325612,4323324,16586,0,754,0
19.747591972351074,61826,4320856,4325612,4323324,16586,0,754,0
19.762202978134155,61826,4320856,4325612,4323324,16586,0,754,0
19.777060985565186,61826,4320856,4325612,4323324,16586,0,754,0
19.791676998138428,61826,4320856,4325612,4323324,16586,0,754,0
19.80652093887329,61826,4320856,4325612,4323324,16586,0,754,0
19.821295022964478,61826,4320856,4325612,4323324,16586,0,754,0
19.83609104156494,61826,4320856,4325612,4323324,16586,0,754,0
19.850852966308594,61826,4320856,4325612,4323324,16586,0,754,0
19.86559510231018,61826,4320856,4325612,4323324,16586,0,754,0
19.880402088165283,61826,4320856,4325612,4323324,16586,0,754,0
19.895081996917725,61826,4320856,4325612,4323324,16586,0,754,0
19.909752130508423,61826,4320856,4325612,4323324,16586,0,754,0
19.92445206642151,61826,4320856,4325612,4323324,16586,0,754,0
19.939037084579468,61826,4320856,4325612,4323324,16586,0,754,0
19.95392894744873,61826,4320856,4325612,4323324,16586,0,754,0
19.968655109405518,61826,4320856,4325612,4323324,16586,0,754,0
19.98338294029236,61826,4320856,4325612,4323324,16586,0,754,0
19.998351097106934,61826,4320856,4325612,4323324,16586,0,754,0
20.013225078582764,61826,4320856,4325612,4323324,16586,0,754,0
20.027997970581055,61826,4320856,4325612,4323324,16586,0,754,0
20.04258108139038,61826,4320856,4325612,4323324,16586,0,754,0
20.05716896057129,61826,4320856,4325612,4323324,16586,0,754,0
20.071830987930298,61826,4320856,4325612,4323324,16586,0,754,0
20.086467027664185,61826,4320856,4325612,4323324,16586,0,754,0
20.10108995437622,61826,4320856,4325612,4323324,16586,0,754,0
20.11587691307068,61826,4320856,4325612,4323324,16586,0,754,0
20.130455017089844,61826,4320856,4325612,4323324,16586,0,754,0
20.145087957382202,61826,4320856,4325612,4323324,16586,0,754,0
20.159764051437378,61826,4320856,4325612,4323324,16586,0,754,0
20.174158096313477,61826,4320856,4325612,4323324,16586,0,754,0
20.188915967941284,61826,4320856,4325612,4323324,16586,0,754,0
20.203433990478516,61826,4320856,4325612,4323324,16586,0,754,0
20.218472003936768,61826,4320856,4325612,4323324,16586,0,754,0
20.233048915863037,61826,4320856,4325612,4323324,16586,0,754,0
20.247859954833984,61826,4320856,4325612,4323324,16586,0,754,0
20.262325048446655,61826,4320856,4325612,4323324,16586,0,754,0
20.27697491645813,61826,4320856,4325612,4323324,16586,0,754,0
20.29138708114624,61826,4320856,4325612,4323324,16586,0,754,0
20.30612802505493,61826,4320856,4325612,4323324,16586,0,754,0
20.320877075195312,61826,4320856,4325612,4323324,16586,0,754,0
20.335560083389282,61826,4320856,4325612,4323324,16586,0,754,0
20.35031795501709,61826,4320856,4325612,4323324,16586,0,754,0
20.364731073379517,61826,4320856,4325612,4323324,16586,0,754,0
20.379462003707886,61826,4320856,4325612,4323324,16586,0,754,0
20.394038915634155,61826,4320856,4325612,4323324,16586,0,754,0
20.40886402130127,61826,4320856,4325612,4323324,16586,0,754,0
20.42397403717041,61826,4320856,4325612,4323324,16586,0,754,0
20.4387469291687,61826,4320856,4325612,4323324,16586,0,754,0
20.453448057174683,61826,4320856,4325612,4323324,16586,0,754,0
20.468085050582886,61826,4320856,4325612,4323324,16586,0,754,0
20.48281192779541,61826,4320856,4325612,4323324,16586,0,754,0
20.49752712249756,61826,4320856,4325612,4323324,16586,0,754,0
20.51219892501831,61826,4320856,4325612,4323324,16586,0,754,0
20.526976108551025,61826,4320856,4325612,4323324,16586,0,754,0
20.541599988937378,61826,4320856,4325612,4323324,16586,0,754,0
20.55622410774231,61826,4320856,4325612,4323324,16586,0,754,0
20.570661067962646,61826,4320856,4325612,4323324,16586,0,754,0
20.585483074188232,61826,4320856,4325612,4323324,16586,0,754,0
20.600263118743896,61826,4320856,4325612,4323324,16586,0,754,0
20.6150541305542,61826,4320856,4325612,4323324,16586,0,754,0
20.629868984222412,61826,4320856,4325612,4323324,16586,0,754,0
20.64442491531372,61826,4320856,4325612,4323324,16586,0,754,0
20.658929109573364,61826,4320856,4325612,4323324,16586,0,754,0
20.67371892929077,61826,4320856,4325612,4323324,16586,0,754,0
20.688488006591797,61826,4320856,4325612,4323324,16586,0,754,0
20.704335927963257,61826,4320856,4325612,4323324,16586,0,754,0
20.71903705596924,61826,4320856,4325612,4323324,16586,0,754,0
20.733609914779663,61826,4320856,4325612,4323324,16586,0,754,0
20.748135089874268,61826,4320856,4325612,4323324,16586,0,754,0
20.762908935546875,61826,4320856,4325612,4323324,16586,0,754,0
20.777622938156128,61826,4320856,4325612,4323324,16586,0,754,0
20.792439937591553,61826,4320856,4325612,4323324,16586,0,754,0
20.807011127471924,61826,4320856,4325612,4323324,16586,0,754,0
20.82193112373352,61826,4320856,4325612,4323324,16586,0,754,0
20.836713075637817,61826,4320856,4325612,4323324,16586,0,754,0
20.851279973983765,61826,4320856,4325612,4323324,16586,0,754,0
20.865852117538452,61826,4320856,4325612,4323324,16586,0,754,0
20.88050603866577,61826,4320856,4325612,4323324,16586,0,754,0
20.89525008201599,61826,4320856,4325612,4323324,16586,0,754,0
20.909852981567383,61826,4320856,4325612,4323324,16586,0,754,0
20.924547910690308,61826,4320856,4325612,4323324,16586,0,754,0
20.93919610977173,61826,4320856,4325612,4323324,16586,0,754,0
20.953915119171143,61826,4320856,4325612,4323324,16586,0,754,0
20.96867299079895,61826,4320856,4325612,4323324,16586,0,754,0
20.983232021331787,61826,4320856,4325612,4323324,16586,0,754,0
20.997900009155273,61826,4320856,4325612,4323324,16586,0,754,0
21.01232409477234,61826,4320856,4325612,4323324,16586,0,754,0
21.02693200111389,61826,4320856,4325612,4323324,16586,0,754,0
21.041780948638916,61826,4320856,4325612,4323324,16586,0,754,0
21.05647611618042,61826,4320856,4325612,4323324,16586,0,754,0
21.07103705406189,61826,4320856,4325612,4323324,16586,0,754,0
21.085649013519287,61826,4320856,4325612,4323324,16586,0,754,0
21.100282907485962,61826,4320856,4325612,4323324,16586,0,754,0
21.114776134490967,61826,4320856,4325612,4323324,16586,0,754,0
21.12950897216797,61826,4320856,4325612,4323324,16586,0,754,0
21.14403510093689,61826,4320856,4325612,4323324,16586,0,754,0
21.15862512588501,61826,4320856,4325612,4323324,16586,0,754,0
21.173197984695435,61826,4320856,4325612,4323324,16586,0,754,0
21.18795609474182,61826,4320856,4325612,4323324,16586,0,754,0
21.202640056610107,61826,4320856,4325612,4323324,16586,0,754,0
21.217391967773438,61826,4320856,4325612,4323324,16586,0,754,0
21.232054948806763,61826,4320856,4325612,4323324,16586,0,754,0
21.24663496017456,61826,4320856,4325612,4323324,16586,0,754,0
21.261470079421997,61826,4320856,4325612,4323324,16586,0,754,0
21.276287078857422,61826,4320856,4325612,4323324,16586,0,754,0
21.29094409942627,61826,4320856,4325612,4323324,16586,0,754,0
21.305670976638794,61826,4320856,4325612,4323324,16586,0,754,0
21.320459127426147,61826,4320856,4325612,4323324,16586,0,754,0
21.335016012191772,61826,4320856,4325612,4323324,16586,0,754,0
21.349673986434937,61826,4320856,4325612,4323324,16586,0,754,0
21.36427402496338,61826,4320856,4325612,4323324,16586,0,754,0
21.379017114639282,61826,4320856,4325612,4323324,16586,0,754,0
21.39372491836548,61826,4320856,4325612,4323324,16586,0,754,0
21.408302068710327,61826,4320856,4325612,4323324,16586,0,754,0
21.422910928726196,61826,4320856,4325612,4323324,16586,0,754,0
21.437668085098267,61826,4320856,4325612,4323324,16586,0,754,0
21.452381134033203,61826,4320856,4325612,4323324,16586,0,754,0
21.46763300895691,61826,4320856,4325612,4323324,16586,0,754,0
21.48248600959778,61826,4320856,4325612,4323324,16586,0,754,0
21.49705410003662,61826,4320856,4325612,4323324,16586,0,754,0
21.51166296005249,61826,4320856,4325612,4323324,16586,0,754,0
21.52633810043335,61826,4320856,4325612,4323324,16586,0,754,0
21.540977001190186,61826,4320856,4325612,4323324,16586,0,754,0
21.555596113204956,61826,4320856,4325612,4323324,16586,0,754,0
21.57037901878357,61826,4320856,4325612,4323324,16586,0,754,0
21.584949016571045,61826,4320856,4325612,4323324,16586,0,754,0
21.599540948867798,61826,4320856,4325612,4323324,16586,0,754,0
21.61417007446289,61826,4320856,4325612,4323324,16586,0,754,0
21.629019021987915,61826,4320856,4325612,4323324,16586,0,754,0
21.6437931060791,61826,4320856,4325612,4323324,16586,0,754,0
21.658495903015137,61826,4320856,4325612,4323324,16586,0,754,0
21.67457389831543,61826,4320856,4325612,4323324,16586,0,754,0
21.689414024353027,61826,4320856,4325612,4323324,16586,0,754,0
21.704205989837646,61826,4320856,4325612,4323324,16586,0,754,0
21.7191379070282,61826,4320856,4325612,4323324,16586,0,754,0
21.734024047851562,61826,4320856,4325612,4323324,16586,0,754,0
21.748908042907715,61826,4320856,4325612,4323324,16586,0,754,0
21.763718128204346,61826,4320856,4325612,4323324,16586,0,754,0
21.778496026992798,61826,4320856,4325612,4323324,16586,0,754,0
21.793342113494873,61826,4320856,4325612,4323324,16586,0,754,0
21.808072090148926,61826,4320856,4325612,4323324,16586,0,754,0
21.822840929031372,61826,4320856,4325612,4323324,16586,0,754,0
21.83774209022522,61826,4320856,4325612,4323324,16586,0,754,0
21.8528048992157,61826,4320856,4325612,4323324,16586,0,754,0
21.867661952972412,61826,4320856,4325612,4323324,16586,0,754,0
21.882888078689575,61826,4320856,4325612,4323324,16586,0,754,0
21.897624015808105,61826,4320856,4325612,4323324,16586,0,754,0
21.912473917007446,61826,4320856,4325612,4323324,16586,0,754,0
21.927163124084473,61826,4320856,4325612,4323324,16586,0,754,0
21.94206190109253,61826,4320856,4325612,4323324,16586,0,754,0
21.956862926483154,61826,4320856,4325612,4323324,16586,0,754,0
21.971513986587524,61826,4320856,4325612,4323324,16586,0,754,0
21.986150979995728,61826,4320856,4325612,4323324,16586,0,754,0
22.000909090042114,61826,4320856,4325612,4323324,16586,0,754,0
22.01557207107544,61826,4320856,4325612,4323324,16586,0,754,0
22.030359029769897,61826,4320856,4325612,4323324,16586,0,754,0
22.045146942138672,61826,4320856,4325612,4323324,16586,0,754,0
22.05988907814026,61826,4320856,4325612,4323324,16586,0,754,0
22.074753046035767,61826,4320856,4325612,4323324,16586,0,754,0
22.08984899520874,61826,4320856,4325612,4323324,16586,0,754,0
22.104573011398315,61826,4320856,4325612,4323324,16586,0,754,0
22.11929202079773,61826,4320856,4325612,4323324,16586,0,754,0
22.134021997451782,61826,4320856,4325612,4323324,16586,0,754,0
22.14875292778015,61826,4320856,4325612,4323324,16586,0,754,0
22.163553953170776,61826,4320856,4325612,4323324,16586,0,754,0
22.1783390045166,61826,4320856,4325612,4323324,16586,0,754,0
22.1931209564209,61826,4320856,4325612,4323324,16586,0,754,0
22.20783305168152,61826,4320856,4325612,4323324,16586,0,754,0
22.222515106201172,61826,4320856,4325612,4323324,16586,0,754,0
22.237112998962402,61826,4320856,4325612,4323324,16586,0,754,0
22.251914978027344,61826,4320856,4325612,4323324,16586,0,754,0
22.266128063201904,61826,4320856,4325612,4323324,16586,0,754,0
22.280224084854126,61826,4320856,4325612,4323324,16586,0,754,0
22.29430103302002,61826,4320856,4325612,4323324,16586,0,754,0
22.308759927749634,61826,4320856,4325612,4323324,16586,0,754,0
22.323149919509888,61826,4320856,4325612,4323324,16586,0,754,0
22.337256908416748,61826,4320856,4325612,4323324,16586,0,754,0
22.351871967315674,61826,4320856,4325612,4323324,16586,0,754,0
22.366136074066162,61826,4320856,4325612,4323324,16586,0,754,0
22.380510091781616,61826,4320856,4325612,4323324,16586,0,754,0
22.394726037979126,61826,4320856,4325612,4323324,16586,0,754,0
22.409027099609375,61826,4320856,4325612,4323324,16586,0,754,0
22.423142910003662,61826,4320856,4325612,4323324,16586,0,754,0
22.437174081802368,61826,4320856,4325612,4323324,16586,0,754,0
22.451555967330933,61826,4320856,4325612,4323324,16586,0,754,0
22.465896129608154,61826,4320856,4325612,4323324,16586,0,754,0
22.480164051055908,61826,4320856,4325612,4323324,16586,0,754,0
22.494462966918945,61826,4320856,4325612,4323324,16586,0,754,0
22.508569955825806,61826,4320856,4325612,4323324,16586,0,754,0
22.522906064987183,61826,4320856,4325612,4323324,16586,0,754,0
22.537121057510376,61826,4320856,4325612,4323324,16586,0,754,0
22.551186084747314,61826,4320856,4325612,4323324,16586,0,754,0
22.565644025802612,61826,4320856,4325612,4323324,16586,0,754,0
22.580181121826172,61826,4320856,4325612,4323324,16586,0,754,0
22.594785928726196,61826,4320856,4325612,4323324,16586,0,754,0
22.609210968017578,61826,4320856,4325612,4323324,16586,0,754,0
22.623778104782104,61826,4320856,4325612,4323324,16586,0,754,0
22.638145923614502,61826,4320856,4325612,4323324,16586,0,754,0
22.655153036117554,61826,4320856,4325612,4323324,16586,0,754,0
22.669543027877808,61826,4320856,4325612,4323324,16586,0,754,0
22.684051036834717,61826,4320856,4325612,4323324,16586,0,754,0
22.69865894317627,61826,4320856,4325612,4323324,16586,0,754,0
22.71315097808838,61826,4320856,4325612,4323324,16586,0,754,0
22.72770404815674,61826,4320856,4325612,4323324,16586,0,754,0
22.74253010749817,61826,4320856,4325612,4323324,16586,0,754,0
22.757038116455078,61826,4320856,4325612,4323324,16586,0,754,0
22.771798133850098,61826,4320856,4325612,4323324,16586,0,754,0
22.785982131958008,61826,4320856,4325612,4323324,16586,0,754,0
22.800573110580444,61826,4320856,4325612,4323324,16586,0,754,0
22.815535068511963,61826,4320856,4325612,4323324,16586,0,754,0
22.830163955688477,61826,4320856,4325612,4323324,16586,0,754,0
22.844703912734985,61826,4320856,4325612,4323324,16586,0,754,0
22.859146118164062,61826,4320856,4325612,4323324,16586,0,754,0
22.873673915863037,61826,4320856,4325612,4323324,16586,0,754,0
22.888514041900635,61826,4320856,4325612,4323324,16586,0,754,0
22.90316891670227,61826,4320856,4325612,4323324,16586,0,754,0
22.917777061462402,61826,4320856,4325612,4323324,16586,0,754,0
22.932353973388672,61826,4320856,4325612,4323324,16586,0,754,0
22.946998119354248,61826,4320856,4325612,4323324,16586,0,754,0
22.961654901504517,61826,4320856,4325612,4323324,16586,0,754,0
22.976157903671265,61826,4320856,4325612,4323324,16586,0,754,0
22.990619897842407,61826,4320856,4325612,4323324,16586,0,754,0
23.00515604019165,61826,4320856,4325612,4323324,16586,0,754,0
23.019908905029297,61826,4320856,4325612,4323324,16586,0,754,0
23.034528017044067,61826,4320856,4325612,4323324,16586,0,754,0
23.049065113067627,61826,4320856,4325612,4323324,16586,0,754,0
23.06354594230652,61826,4320856,4325612,4323324,16586,0,754,0
23.0781569480896,61826,4320856,4325612,4323324,16586,0,754,0
23.092679023742676,61826,4320856,4325612,4323324,16586,0,754,0
23.107213973999023,61826,4320856,4325612,4323324,16586,0,754,0
23.12176012992859,61826,4320856,4325612,4323324,16586,0,754,0
23.13624906539917,61826,4320856,4325612,4323324,16586,0,754,0
23.150872945785522,61826,4320856,4325612,4323324,16586,0,754,0
23.16521906852722,61826,4320856,4325612,4323324,16586,0,754,0
23.17980194091797,61826,4320856,4325612,4323324,16586,0,754,0
23.19412398338318,61826,4320856,4325612,4323324,16586,0,754,0
23.208658933639526,61826,4320856,4325612,4323324,16586,0,754,0
23.223150968551636,61826,4320856,4325612,4323324,16586,0,754,0
23.237715005874634,61826,4320856,4325612,4323324,16586,0,754,0
23.2521231174469,61826,4320856,4325612,4323324,16586,0,754,0
23.266474962234497,61826,4320856,4325612,4323324,16586,0,754,0
23.281091928482056,61826,4320856,4325612,4323324,16586,0,754,0
23.295562982559204,61826,4320856,4325612,4323324,16586,0,754,0
23.310018062591553,61826,4320856,4325612,4323324,16586,0,754,0
23.324161052703857,61826,4320856,4325612,4323324,16586,0,754,0
23.33891010284424,61826,4320856,4325612,4323324,16586,0,754,0
23.353246927261353,61826,4320856,4325612,4323324,16586,0,754,0
23.367856979370117,61826,4320856,4325612,4323324,16586,0,754,0
23.38231611251831,61826,4320856,4325612,4323324,16586,0,754,0
23.396894931793213,61826,4320856,4325612,4323324,16586,0,754,0
23.411139965057373,61826,4320856,4325612,4323324,16586,0,754,0
23.425135135650635,61826,4320856,4325612,4323324,16586,0,754,0
23.439218997955322,61826,4320856,4325612,4323324,16586,0,754,0
23.453803062438965,61826,4320856,4325612,4323324,16586,0,754,0
23.46812391281128,61826,4320856,4325612,4323324,16586,0,754,0
23.482157945632935,61826,4320856,4325612,4323324,16586,0,754,0
23.496542930603027,61826,4320856,4325612,4323324,16586,0,754,0
23.511147022247314,61826,4320856,4325612,4323324,16586,0,754,0
23.525559902191162,61826,4320856,4325612,4323324,16586,0,754,0
23.54013991355896,61826,4320856,4325612,4323324,16586,0,754,0
23.554718017578125,61826,4320856,4325612,4323324,16586,0,754,0
23.56912899017334,61826,4320856,4325612,4323324,16586,0,754,0
23.58376407623291,61826,4320856,4325612,4323324,16586,0,754,0
23.59813904762268,61826,4320856,4325612,4323324,16586,0,754,0
23.612746000289917,61826,4320856,4325612,4323324,16586,0,754,0
23.627192974090576,61826,4320856,4325612,4323324,16586,0,754,0
23.641995906829834,61826,4320856,4325612,4323324,16586,0,754,0
23.65720510482788,61826,4320856,4325612,4323324,16586,0,754,0
23.672194957733154,61826,4320856,4325612,4323324,16586,0,754,0
23.687303066253662,61826,4320856,4325612,4323324,16586,0,754,0
23.702357053756714,61826,4320856,4325612,4323324,16586,0,754,0
23.71718406677246,61826,4320856,4325612,4323324,16586,0,754,0
23.731873035430908,61826,4320856,4325612,4323324,16586,0,754,0
23.746195077896118,61826,4320856,4325612,4323324,16586,0,754,0
23.76085090637207,61826,4320856,4325612,4323324,16586,0,754,0
23.775600910186768,61826,4320856,4325612,4323324,16586,0,754,0
23.790129899978638,61826,4320856,4325612,4323324,16586,0,754,0
23.804614067077637,61826,4320856,4325612,4323324,16586,0,754,0
23.819557905197144,61826,4320856,4325612,4323324,16586,0,754,0
23.834134101867676,61826,4320856,4325612,4323324,16586,0,754,0
23.848194122314453,61826,4320856,4325612,4323324,16586,0,754,0
23.862250089645386,61826,4320856,4325612,4323324,16586,0,754,0
23.876720905303955,61826,4320856,4325612,4323324,16586,0,754,0
23.89116096496582,61826,4320856,4325612,4323324,16586,0,754,0
23.905620098114014,61826,4320856,4325612,4323324,16586,0,754,0
23.920067071914673,61826,4320856,4325612,4323324,16586,0,754,0
23.934643030166626,61826,4320856,4325612,4323324,16586,0,754,0
23.949449062347412,61826,4320856,4325612,4323324,16586,0,754,0
23.963774919509888,61826,4320856,4325612,4323324,16586,0,754,0
23.97818613052368,61826,4320856,4325612,4323324,16586,0,754,0
23.992305040359497,61826,4320856,4325612,4323324,16586,0,754,0
24.006684064865112,61826,4320856,4325612,4323324,16586,0,754,0
24.021038055419922,61826,4320856,4325612,4323324,16586,0,754,0
24.0351140499115,61826,4320856,4325612,4323324,16586,0,754,0
24.049652099609375,61826,4320856,4325612,4323324,16586,0,754,0
24.06421709060669,61826,4320856,4325612,4323324,16586,0,754,0
24.079133987426758,61826,4320856,4325612,4323324,16586,0,754,0
24.093815088272095,61826,4320856,4325612,4323324,16586,0,754,0
24.10846996307373,61826,4320856,4325612,4323324,16586,0,754,0
24.123088121414185,61826,4320856,4325612,4323324,16586,0,754,0
24.13762402534485,61826,4320856,4325612,4323324,16586,0,754,0
24.152143001556396,61826,4320856,4325612,4323324,16586,0,754,0
24.16683292388916,61826,4320856,4325612,4323324,16586,0,754,0
24.181232929229736,61826,4320856,4325612,4323324,16586,0,754,0
24.195585012435913,61826,4320856,4325612,4323324,16586,0,754,0
24.209893941879272,61826,4320856,4325612,4323324,16586,0,754,0
24.22413206100464,61826,4320856,4325612,4323324,16586,0,754,0
24.238131046295166,61826,4320856,4325612,4323324,16586,0,754,0
24.25248694419861,61826,4320856,4325612,4323324,16586,0,754,0
24.26701593399048,61826,4320856,4325612,4323324,16586,0,754,0
24.281534910202026,61826,4320856,4325612,4323324,16586,0,754,0
24.29603910446167,61826,4320856,4325612,4323324,16586,0,754,0
24.310216903686523,61826,4320856,4325612,4323324,16586,0,754,0
24.324438095092773,61826,4320856,4325612,4323324,16586,0,754,0
24.33863401412964,61826,4320856,4325612,4323324,16586,0,754,0
24.352909088134766,61826,4320856,4325612,4323324,16586,0,754,0
24.367594957351685,61826,4320856,4325612,4323324,16586,0,754,0
24.38210892677307,61826,4320856,4325612,4323324,16586,0,754,0
24.396642923355103,61826,4320856,4325612,4323324,16586,0,754,0
24.41107201576233,61826,4320856,4325612,4323324,16586,0,754,0
24.425161123275757,61826,4320856,4325612,4323324,16586,0,754,0
24.439491987228394,61826,4320856,4325612,4323324,16586,0,754,0
24.453869104385376,61826,4320856,4325612,4323324,16586,0,754,0
24.468501091003418,61826,4320856,4325612,4323324,16586,0,754,0
24.483057975769043,61826,4320856,4325612,4323324,16586,0,754,0
24.49757194519043,61826,4320856,4325612,4323324,16586,0,754,0
24.512162923812866,61826,4320856,4325612,4323324,16586,0,754,0
24.526700973510742,61826,4320856,4325612,4323324,16586,0,754,0
24.541150093078613,61826,4320856,4325612,4323324,16586,0,754,0
24.555654048919678,61826,4320856,4325612,4323324,16586,0,754,0
24.570138931274414,61826,4320856,4325612,4323324,16586,0,754,0
24.584779977798462,61826,4320856,4325612,4323324,16586,0,754,0
24.599163055419922,61826,4320856,4325612,4323324,16586,0,754,0
24.613730907440186,61826,4320856,4325612,4323324,16586,0,754,0
24.628127098083496,61826,4320856,4325612,4323324,16586,0,754,0
24.6426420211792,61826,4320856,4325612,4323324,16586,0,754,0
24.657164096832275,61826,4320856,4325612,4323324,16586,0,754,0
24.671751976013184,61826,4320856,4325612,4323324,16586,0,754,0
24.686223030090332,61826,4320856,4325612,4323324,16586,0,754,0
24.700854063034058,61826,4320856,4325612,4323324,16586,0,754,0
24.715232133865356,61826,4320856,4325612,4323324,16586,0,754,0
24.729778051376343,61826,4320856,4325612,4323324,16586,0,754,0
24.744585037231445,61826,4320856,4325612,4323324,16586,0,754,0
24.75913906097412,61826,4320856,4325612,4323324,16586,0,754,0
24.773653984069824,61826,4320856,4325612,4323324,16586,0,754,0
24.78801393508911,61826,4320856,4325612,4323324,16586,0,754,0
24.802103996276855,61826,4320856,4325612,4323324,16586,0,754,0
24.816577911376953,61826,4320856,4325612,4323324,16586,0,754,0
24.831126928329468,61826,4320856,4325612,4323324,16586,0,754,0
24.84552502632141,61826,4320856,4325612,4323324,16586,0,754,0
24.860136032104492,61826,4320856,4325612,4323324,16586,0,754,0
24.8746440410614,61826,4320856,4325612,4323324,16586,0,754,0
24.88916301727295,61826,4320856,4325612,4323324,16586,0,754,0
24.903751134872437,61826,4320856,4325612,4323324,16586,0,754,0
24.918147087097168,61826,4320856,4325612,4323324,16586,0,754,0
24.932706117630005,61826,4320856,4325612,4323324,16586,0,754,0
24.947124004364014,61826,4320856,4325612,4323324,16586,0,754,0
24.961479902267456,61826,4320856,4325612,4323324,16586,0,754,0
24.97606897354126,61826,4320856,4325612,4323324,16586,0,754,0
24.99048900604248,61826,4320856,4325612,4323324,16586,0,754,0
25.004964113235474,61826,4320856,4325612,4323324,16586,0,754,0
25.01915192604065,61826,4320856,4325612,4323324,16586,0,754,0
25.03362798690796,61826,4320856,4325612,4323324,16586,0,754,0
25.04813313484192,61826,4320856,4325612,4323324,16586,0,754,0
25.062663078308105,61826,4320856,4325612,4323324,16586,0,754,0
25.07713294029236,61826,4320856,4325612,4323324,16586,0,754,0
25.09156608581543,61826,4320856,4325612,4323324,16586,0,754,0
25.106194972991943,61826,4320856,4325612,4323324,16586,0,754,0
25.120721101760864,61826,4320856,4325612,4323324,16586,0,754,0
25.135107040405273,61826,4320856,4325612,4323324,16586,0,754,0
25.14912509918213,61826,4320856,4325612,4323324,16586,0,754,0
25.163641929626465,61826,4320856,4325612,4323324,16586,0,754,0
25.177961111068726,61826,4320856,4325612,4323324,16586,0,754,0
25.192119121551514,61826,4320856,4325612,4323324,16586,0,754,0
25.207058906555176,61826,4320856,4325612,4323324,16586,0,754,0
25.221725940704346,61826,4320856,4325612,4323324,16586,0,754,0
25.236133098602295,61826,4320856,4325612,4323324,16586,0,754,0
25.250651121139526,61826,4320856,4325612,4323324,16586,0,754,0
25.26516103744507,61826,4320856,4325612,4323324,16586,0,754,0
25.27963089942932,61826,4320856,4325612,4323324,16586,0,754,0
25.29413390159607,61826,4320856,4325612,4323324,16586,0,754,0
25.308802127838135,61826,4320856,4325612,4323324,16586,0,754,0
25.323008060455322,61826,4320856,4325612,4323324,16586,0,754,0
25.337568998336792,61826,4320856,4325612,4323324,16586,0,754,0
25.352658987045288,61826,4320856,4325612,4323324,16586,0,754,0
25.3678719997406,61826,4320856,4325612,4323324,16586,0,754,0
25.383105039596558,61826,4320856,4325612,4323324,16586,0,754,0
25.398231029510498,61826,4320856,4325612,4323324,16586,0,754,0
25.413188934326172,61826,4320856,4325612,4323324,16586,0,754,0
25.428173065185547,61826,4320856,4325612,4323324,16586,0,754,0
25.443283081054688,61826,4320856,4325612,4323324,16586,0,754,0
25.45828604698181,61826,4320856,4325612,4323324,16586,0,754,0
25.473303079605103,61826,4320856,4325612,4323324,16586,0,754,0
25.488527059555054,61826,4320856,4325612,4323324,16586,0,754,0
25.5036780834198,61826,4320856,4325612,4323324,16586,0,754,0
25.518866062164307,61826,4320856,4325612,4323324,16586,0,754,0
25.534097909927368,61826,4320856,4325612,4323324,16586,0,754,0
25.550100088119507,61826,4320856,4325612,4323324,16586,0,754,0
25.566473960876465,61826,4320856,4325612,4323324,16586,0,754,0
25.582754135131836,61826,4320856,4325612,4323324,16586,0,754,0
25.599098920822144,61826,4320856,4325612,4323324,16586,0,754,0
25.615164041519165,61826,4320856,4325612,4323324,16586,0,754,0
25.62985110282898,61826,4320856,4325612,4323324,16586,0,754,0
25.643991947174072,61826,4320856,4325612,4323324,16586,0,754,0
25.658504962921143,61826,4320856,4325612,4323324,16586,0,754,0
25.673115968704224,61826,4320856,4325612,4323324,16586,0,754,0
25.687616109848022,61826,4320856,4325612,4323324,16586,0,754,0
25.70213508605957,61826,4320856,4325612,4323324,16586,0,754,0
25.71664810180664,61826,4320856,4325612,4323324,16586,0,754,0
25.730928897857666,61826,4320856,4325612,4323324,16586,0,754,0
25.74567198753357,61826,4320856,4325612,4323324,16586,0,754,0
25.760103940963745,61826,4320856,4325612,4323324,16586,0,754,0
25.774682998657227,61826,4320856,4325612,4323324,16586,0,754,0
25.788898944854736,61826,4320856,4325612,4323324,16586,0,754,0
25.803071975708008,61826,4320856,4325612,4323324,16586,0,754,0
25.817662954330444,61826,4320856,4325612,4323324,16586,0,754,0
25.831932067871094,61826,4320856,4325612,4323324,16586,0,754,0
25.846115112304688,61826,4320856,4325612,4323324,16586,0,754,0
25.860501050949097,61826,4320856,4325612,4323324,16586,0,754,0
25.874969959259033,61826,4320856,4325612,4323324,16586,0,754,0
25.88950800895691,61826,4320856,4325612,4323324,16586,0,754,0
25.90407395362854,61826,4320856,4325612,4323324,16586,0,754,0
25.91861391067505,61826,4320856,4325612,4323324,16586,0,754,0
25.933149099349976,61826,4320856,4325612,4323324,16586,0,754,0
25.94807505607605,61826,4320856,4325612,4323324,16586,0,754,0
25.963737964630127,61826,4320856,4325612,4323324,16586,0,754,0
25.97908902168274,61826,4320856,4325612,4323324,16586,0,754,0
25.993551015853882,61826,4320856,4325612,4323324,16586,0,754,0
26.008129119873047,61826,4320856,4325612,4323324,16586,0,754,0
26.022735118865967,61826,4320856,4325612,4323324,16586,0,754,0
26.03777003288269,61826,4320856,4325612,4323324,16586,0,754,0
26.05248212814331,61826,4320856,4325612,4323324,16586,0,754,0
26.06701898574829,61826,4320856,4325612,4323324,16586,0,754,0
26.08236312866211,61826,4320856,4325612,4323324,16586,0,754,0
26.097965002059937,61826,4320856,4325612,4323324,16586,0,754,0
26.113325119018555,61826,4320856,4325612,4323324,16586,0,754,0
26.128787994384766,61826,4320856,4325612,4323324,16586,0,754,0
26.144263982772827,61826,4320856,4325612,4323324,16586,0,754,0
26.160785913467407,61826,4320856,4325612,4323324,16586,0,754,0
26.177387952804565,61826,4320856,4325612,4323324,16586,0,754,0
26.194056034088135,61826,4320856,4325612,4323324,16586,0,754,0
26.210792064666748,61826,4320856,4325612,4323324,16586,0,754,0
26.227307081222534,61826,4320856,4325612,4323324,16586,0,754,0
26.24415397644043,61826,4320856,4325612,4323324,16586,0,754,0
26.26208806037903,61826,4320856,4325612,4323324,16586,0,754,0
26.27876305580139,61826,4320856,4325612,4323324,16586,0,754,0
26.29357600212097,61826,4320856,4325612,4323324,16586,0,754,0
26.308382034301758,61826,4320856,4325612,4323324,16586,0,754,0
26.323029041290283,61826,4320856,4325612,4323324,16586,0,754,0
26.337793111801147,61826,4320856,4325612,4323324,16586,0,754,0
26.35249090194702,61826,4320856,4325612,4323324,16586,0,754,0
26.36735200881958,61826,4320856,4325612,4323324,16586,0,754,0
26.382127046585083,61826,4320856,4325612,4323324,16586,0,754,0
26.396928071975708,61826,4320856,4325612,4323324,16586,0,754,0
26.41178011894226,61826,4320856,4325612,4323324,16586,0,754,0
26.426504135131836,61826,4320856,4325612,4323324,16586,0,754,0
26.4412739276886,61826,4320856,4325612,4323324,16586,0,754,0
26.456625938415527,61826,4320856,4325612,4323324,16586,0,754,0
26.47160291671753,61826,4320856,4325612,4323324,16586,0,754,0
26.486390113830566,61826,4320856,4325612,4323324,16586,0,754,0
26.50103998184204,61826,4320856,4325612,4323324,16586,0,754,0
26.515805959701538,61826,4320856,4325612,4323324,16586,0,754,0
26.53057599067688,61826,4320856,4325612,4323324,16586,0,754,0
26.548146963119507,61826,4320856,4325612,4323324,16586,0,754,0
26.56297492980957,61826,4320856,4325612,4323324,16586,0,754,0
26.57775592803955,61826,4320856,4325612,4323324,16586,0,754,0
26.592653036117554,61826,4320856,4325612,4323324,16586,0,754,0
26.60756492614746,61826,4320856,4325612,4323324,16586,0,754,0
26.62213897705078,61826,4320856,4325612,4323324,16586,0,754,0
26.636881113052368,61826,4320856,4325612,4323324,16586,0,754,0
26.65154790878296,61826,4320856,4325612,4323324,16586,0,754,0
26.666611909866333,61826,4320856,4325612,4323324,16586,0,754,0
26.681437969207764,61826,4320856,4325612,4323324,16586,0,754,0
26.69600796699524,61826,4320856,4325612,4323324,16586,0,754,0
26.710563898086548,61826,4320856,4325612,4323324,16586,0,754,0
26.72505807876587,61826,4320856,4325612,4323324,16586,0,754,0
26.73961591720581,61826,4320856,4325612,4323324,16586,0,754,0
26.754252910614014,61826,4320856,4325612,4323324,16586,0,754,0
26.76916790008545,61826,4320856,4325612,4323324,16586,0,754,0
26.78391194343567,61826,4320856,4325612,4323324,16586,0,754,0
26.798749923706055,61826,4320856,4325612,4323324,16586,0,754,0
26.813496112823486,61826,4320856,4325612,4323324,16586,0,754,0
26.828283071517944,61826,4320856,4325612,4323324,16586,0,754,0
26.843087911605835,61826,4320856,4325612,4323324,16586,0,754,0
26.858182907104492,61826,4320856,4325612,4323324,16586,0,754,0
26.87338399887085,61826,4320856,4325612,4323324,16586,0,754,0
26.888204097747803,61826,4320856,4325612,4323324,16586,0,754,0
26.902987957000732,61826,4320856,4325612,4323324,16586,0,754,0
26.917788982391357,61826,4320856,4325612,4323324,16586,0,754,0
26.9325110912323,61826,4320856,4325612,4323324,16586,0,754,0
26.94728708267212,61826,4320856,4325612,4323324,16586,0,754,0
26.961993932724,61826,4320856,4325612,4323324,16586,0,754,0
26.97679591178894,61826,4320856,4325612,4323324,16586,0,754,0
26.991796016693115,61826,4320856,4325612,4323324,16586,0,754,0
27.006545066833496,61826,4320856,4325612,4323324,16586,0,754,0
27.021268129348755,61826,4320856,4325612,4323324,16586,0,754,0
27.036051988601685,61826,4320856,4325612,4323324,16586,0,754,0
27.050929069519043,61826,4320856,4325612,4323324,16586,0,754,0
27.06587290763855,61826,4320856,4325612,4323324,16586,0,754,0
27.081167936325073,61826,4320856,4325612,4323324,16586,0,754,0
27.096018075942993,61826,4320856,4325612,4323324,16586,0,754,0
27.110778093338013,61826,4320856,4325612,4323324,16586,0,754,0
27.12543296813965,61826,4320856,4325612,4323324,16586,0,754,0
27.14006996154785,61826,4320856,4325612,4323324,16586,0,754,0
27.15496301651001,61826,4320856,4325612,4323324,16586,0,754,0
27.169939041137695,61826,4320856,4325612,4323324,16586,0,754,0
27.184683084487915,61826,4320856,4325612,4323324,16586,0,754,0
27.199338912963867,61826,4320856,4325612,4323324,16586,0,754,0
27.214289903640747,61826,4320856,4325612,4323324,16586,0,754,0
27.229111909866333,61826,4320856,4325612,4323324,16586,0,754,0
27.24401307106018,61826,4320856,4325612,4323324,16586,0,754,0
27.25894594192505,61826,4320856,4325612,4323324,16586,0,754,0
27.273632049560547,61826,4320856,4325612,4323324,16586,0,754,0
27.288249015808105,61826,4320856,4325612,4323324,16586,0,754,0
27.30291509628296,61826,4320856,4325612,4323324,16586,0,754,0
27.31734013557434,61826,4320856,4325612,4323324,16586,0,754,0
27.331802129745483,61826,4320856,4325612,4323324,16586,0,754,0
27.346596002578735,61826,4320856,4325612,4323324,16586,0,754,0
27.361297130584717,61826,4320856,4325612,4323324,16586,0,754,0
27.376073122024536,61826,4320856,4325612,4323324,16586,0,754,0
27.390875101089478,61826,4320856,4325612,4323324,16586,0,754,0
27.405741930007935,61826,4320856,4325612,4323324,16586,0,754,0
27.420781135559082,61826,4320856,4325612,4323324,16586,0,754,0
27.435503005981445,61826,4320856,4325612,4323324,16586,0,754,0
27.450335025787354,61826,4320856,4325612,4323324,16586,0,754,0
27.465065956115723,61826,4320856,4325612,4323324,16586,0,754,0
27.479948043823242,61826,4320856,4325612,4323324,16586,0,754,0
27.49501895904541,61826,4320856,4325612,4323324,16586,0,754,0
27.510581016540527,61826,4320856,4325612,4323324,16586,0,754,0
27.525521993637085,61826,4320856,4325612,4323324,16586,0,754,0
27.54035496711731,61826,4320856,4325612,4323324,16586,0,754,0
27.55505895614624,61826,4320856,4325612,4323324,16586,0,754,0
27.56989312171936,61826,4320856,4325612,4323324,16586,0,754,0
27.584612131118774,61826,4320856,4325612,4323324,16586,0,754,0
27.599431037902832,61826,4320856,4325612,4323324,16586,0,754,0
27.614073991775513,61826,4320856,4325612,4323324,16586,0,754,0
27.628753900527954,61826,4320856,4325612,4323324,16586,0,754,0
27.64357590675354,61826,4320856,4325612,4323324,16586,0,754,0
27.65830397605896,61826,4320856,4325612,4323324,16586,0,754,0
27.67312502861023,61826,4320856,4325612,4323324,16586,0,754,0
27.688075065612793,61826,4320856,4325612,4323324,16586,0,754,0
27.703164100646973,61826,4320856,4325612,4323324,16586,0,754,0
27.718085050582886,61826,4320856,4325612,4323324,16586,0,754,0
27.7329261302948,61826,4320856,4325612,4323324,16586,0,754,0
27.747743129730225,61826,4320856,4325612,4323324,16586,0,754,0
27.762648105621338,61826,4320856,4325612,4323324,16586,0,754,0
27.77745795249939,61826,4320856,4325612,4323324,16586,0,754,0
27.79227900505066,61826,4320856,4325612,4323324,16586,0,754,0
27.806978940963745,61826,4320856,4325612,4323324,16586,0,754,0
27.821547985076904,61826,4320856,4325612,4323324,16586,0,754,0
27.83602809906006,61826,4320856,4325612,4323324,16586,0,754,0
27.851064920425415,61826,4320856,4325612,4323324,16586,0,754,0
27.86586594581604,61826,4320856,4325612,4323324,16586,0,754,0
27.880645036697388,61826,4320856,4325612,4323324,16586,0,754,0
27.895554065704346,61826,4320856,4325612,4323324,16586,0,754,0
27.91072702407837,61826,4320856,4325612,4323324,16586,0,754,0
27.925856113433838,61826,4320856,4325612,4323324,16586,0,754,0
27.94068193435669,61826,4320856,4325612,4323324,16586,0,754,0
27.955513954162598,61826,4320856,4325612,4323324,16586,0,754,0
27.97014594078064,61826,4320856,4325612,4323324,16586,0,754,0
27.985059022903442,61826,4320856,4325612,4323324,16586,0,754,0
27.99965500831604,61826,4320856,4325612,4323324,16586,0,754,0
28.014267921447754,61826,4320856,4325612,4323324,16586,0,754,0
28.028770923614502,61826,4320856,4325612,4323324,16586,0,754,0
28.04358410835266,61826,4320856,4325612,4323324,16586,0,754,0
28.058398962020874,61826,4320856,4325612,4323324,16586,0,754,0
28.073151111602783,61826,4320856,4325612,4323324,16586,0,754,0
28.087652921676636,61826,4320856,4325612,4323324,16586,0,754,0
28.1020770072937,61826,4320856,4325612,4323324,16586,0,754,0
28.11707901954651,61826,4320856,4325612,4323324,16586,0,754,0
28.13200092315674,61826,4320856,4325612,4323324,16586,0,754,0
28.146795988082886,61826,4320856,4325612,4323324,16586,0,754,0
28.161503076553345,61826,4320856,4325612,4323324,16586,0,754,0
28.176347970962524,61826,4320856,4325612,4323324,16586,0,754,0
28.191148042678833,61826,4320856,4325612,4323324,16586,0,754,0
28.206098079681396,61826,4320856,4325612,4323324,16586,0,754,0
28.220981121063232,61826,4320856,4325612,4323324,16586,0,754,0
28.235774993896484,61826,4320856,4325612,4323324,16586,0,754,0
28.250683069229126,61826,4320856,4325612,4323324,16586,0,754,0
28.265450954437256,61826,4320856,4325612,4323324,16586,0,754,0
28.28024411201477,61826,4320856,4325612,4323324,16586,0,754,0
28.295010089874268,61826,4320856,4325612,4323324,16586,0,754,0
28.30962610244751,61826,4320856,4325612,4323324,16586,0,754,0
28.324815034866333,61826,4320856,4325612,4323324,16586,0,754,0
28.339620113372803,61826,4320856,4325612,4323324,16586,0,754,0
28.354329109191895,61826,4320856,4325612,4323324,16586,0,754,0
28.36902904510498,61826,4320856,4325612,4323324,16586,0,754,0
28.383774042129517,61826,4320856,4325612,4323324,16586,0,754,0
28.39846110343933,61826,4320856,4325612,4323324,16586,0,754,0
28.413058042526245,61826,4320856,4325612,4323324,16586,0,754,0
28.42790198326111,61826,4320856,4325612,4323324,16586,0,754,0
28.442593097686768,61826,4320856,4325612,4323324,16586,0,754,0
28.457478046417236,61826,4320856,4325612,4323324,16586,0,754,0
28.47208595275879,61826,4320856,4325612,4323324,16586,0,754,0
28.48706293106079,61826,4320856,4325612,4323324,16586,0,754,0
28.501898050308228,61826,4320856,4325612,4323324,16586,0,754,0
28.516674995422363,61826,4320856,4325612,4323324,16586,0,754,0
28.531826972961426,61826,4320856,4325612,4323324,16586,0,754,0
28.546821117401123,61826,4320856,4325612,4323324,16586,0,754,0
28.56158208847046,61826,4320856,4325612,4323324,16586,0,754,0
28.576432943344116,61826,4320856,4325612,4323324,16586,0,754,0
28.59116291999817,61826,4320856,4325612,4323324,16586,0,754,0
28.60607099533081,61826,4320856,4325612,4323324,16586,0,754,0
28.620857000350952,61826,4320856,4325612,4323324,16586,0,754,0
28.635610103607178,61826,4320856,4325612,4323324,16586,0,754,0
28.650432109832764,61826,4320856,4325612,4323324,16586,0,754,0
28.6651771068573,61826,4320856,4325612,4323324,16586,0,754,0
28.68016791343689,61826,4320856,4325612,4323324,16586,0,754,0
28.694926977157593,61826,4320856,4325612,4323324,16586,0,754,0
28.709870100021362,61826,4320856,4325612,4323324,16586,0,754,0
28.724589109420776,61826,4320856,4325612,4323324,16586,0,754,0
28.739738941192627,61826,4320856,4325612,4323324,16586,0,754,0
28.75489902496338,61826,4320856,4325612,4323324,16586,0,754,0
28.769670009613037,61826,4320856,4325612,4323324,16586,0,754,0
28.78449511528015,61826,4320856,4325612,4323324,16586,0,754,0
28.79925012588501,61826,4320856,4325612,4323324,16586,0,754,0
28.81407403945923,61826,4320856,4325612,4323324,16586,0,754,0
28.82885193824768,61826,4320856,4325612,4323324,16586,0,754,0
28.84363102912903,61826,4320856,4325612,4323324,16586,0,754,0
28.85827612876892,61826,4320856,4325612,4323324,16586,0,754,0
28.873049020767212,61826,4320856,4325612,4323324,16586,0,754,0
28.887810945510864,61826,4320856,4325612,4323324,16586,0,754,0
28.902667999267578,61826,4320856,4325612,4323324,16586,0,754,0
28.91745400428772,61826,4320856,4325612,4323324,16586,0,754,0
28.932265996932983,61826,4320856,4325612,4323324,16586,0,754,0
28.947057962417603,61826,4320856,4325612,4323324,16586,0,754,0
28.961945056915283,61826,4320856,4325612,4323324,16586,0,754,0
28.976819038391113,61826,4320856,4325612,4323324,16586,0,754,0
28.991579055786133,61826,4320856,4325612,4323324,16586,0,754,0
29.00631308555603,61826,4320856,4325612,4323324,16586,0,754,0
29.021039962768555,61826,4320856,4325612,4323324,16586,0,754,0
29.035596132278442,61826,4320856,4325612,4323324,16586,0,754,0
29.050158977508545,61826,4320856,4325612,4323324,16586,0,754,0
29.064990043640137,61826,4320856,4325612,4323324,16586,0,754,0
29.07961392402649,61826,4320856,4325612,4323324,16586,0,754,0
29.094475030899048,61826,4320856,4325612,4323324,16586,0,754,0
29.109121084213257,61826,4320856,4325612,4323324,16586,0,754,0
29.123959064483643,61826,4320856,4325612,4323324,16586,0,754,0
29.138601064682007,61826,4320856,4325612,4323324,16586,0,754,0
29.153645038604736,61826,4320856,4325612,4323324,16586,0,754,0
29.168474912643433,61826,4320856,4325612,4323324,16586,0,754,0
29.18341612815857,61826,4320856,4325612,4323324,16586,0,754,0
29.19803810119629,61826,4320856,4325612,4323324,16586,0,754,0
29.212578058242798,61826,4320856,4325612,4323324,16586,0,754,0
29.22729802131653,61826,4320856,4325612,4323324,16586,0,754,0
29.2416729927063,61826,4320856,4325612,4323324,16586,0,754,0
29.256146907806396,61826,4320856,4325612,4323324,16586,0,754,0
29.270769119262695,61826,4320856,4325612,4323324,16586,0,754,0
29.28519606590271,61826,4320856,4325612,4323324,16586,0,754,0
29.299803018569946,61826,4320856,4325612,4323324,16586,0,754,0
29.31427001953125,61826,4320856,4325612,4323324,16586,0,754,0
29.329121112823486,61826,4320856,4325612,4323324,16586,0,754,0
29.34370994567871,61826,4320856,4325612,4323324,16586,0,754,0
29.35844397544861,61826,4320856,4325612,4323324,16586,0,754,0
29.37313413619995,61826,4320856,4325612,4323324,16586,0,754,0
29.387784957885742,61826,4320856,4325612,4323324,16586,0,754,0
29.402244091033936,61826,4320856,4325612,4323324,16586,0,754,0
29.41687512397766,61826,4320856,4325612,4323324,16586,0,754,0
29.43154001235962,61826,4320856,4325612,4323324,16586,0,754,0
29.446057081222534,61826,4320856,4325612,4323324,16586,0,754,0
29.460721015930176,61826,4320856,4325612,4323324,16586,0,754,0
29.475170135498047,61826,4320856,4325612,4323324,16586,0,754,0
29.489768981933594,61826,4320856,4325612,4323324,16586,0,754,0
29.504066944122314,61826,4320856,4325612,4323324,16586,0,754,0
29.51859998703003,61826,4320856,4325612,4323324,16586,0,754,0
29.533179998397827,61826,4320856,4325612,4323324,16586,0,754,0
29.547756910324097,61826,4320856,4325612,4323324,16586,0,754,0
29.562210083007812,61826,4320856,4325612,4323324,16586,0,754,0
29.5767879486084,61826,4320856,4325612,4323324,16586,0,754,0
29.591211080551147,61826,4320856,4325612,4323324,16586,0,754,0
29.605731964111328,61826,4320856,4325612,4323324,16586,0,754,0
29.620150089263916,61826,4320856,4325612,4323324,16586,0,754,0
29.63462996482849,61826,4320856,4325612,4323324,16586,0,754,0
29.649513006210327,61826,4320856,4325612,4323324,16586,0,754,0
29.664134979248047,61826,4320856,4325612,4323324,16586,0,754,0
29.6786949634552,61826,4320856,4325612,4323324,16586,0,754,0
29.69317603111267,61826,4320856,4325612,4323324,16586,0,754,0
29.707641124725342,61826,4320856,4325612,4323324,16586,0,754,0
29.722168922424316,61826,4320856,4325612,4323324,16586,0,754,0
29.73683500289917,61826,4320856,4325612,4323324,16586,0,754,0
29.751276969909668,61826,4320856,4325612,4323324,16586,0,754,0
29.765814065933228,61826,4320856,4325612,4323324,16586,0,754,0
29.780215978622437,61826,4320856,4325612,4323324,16586,0,754,0
29.79492712020874,61826,4320856,4325612,4323324,16586,0,754,0
29.80972909927368,61826,4320856,4325612,4323324,16586,0,754,0
29.824185132980347,61826,4320856,4325612,4323324,16586,0,754,0
29.838844060897827,61826,4320856,4325612,4323324,16586,0,754,0
29.853312969207764,61826,4320856,4325612,4323324,16586,0,754,0
29.86814594268799,61826,4320856,4325612,4323324,16586,0,754,0
29.88279104232788,61826,4320856,4325612,4323324,16586,0,754,0
29.897296905517578,61826,4320856,4325612,4323324,16586,0,754,0
29.911948919296265,61826,4320856,4325612,4323324,16586,0,754,0
29.926657915115356,61826,4320856,4325612,4323324,16586,0,754,0
29.941155910491943,61826,4320856,4325612,4323324,16586,0,754,0
29.95557403564453,61826,4320856,4325612,4323324,16586,0,754,0
29.97015404701233,61826,4320856,4325612,4323324,16586,0,754,0
29.9847149848938,61826,4320856,4325612,4323324,16586,0,754,0
29.99912190437317,61826,4320856,4325612,4323324,16586,0,754,0
30.01313090324402,61826,4320856,4325612,4323324,16586,0,754,0
30.0276620388031,61826,4320856,4325612,4323324,16586,0,754,0
30.04227900505066,61826,4320856,4325612,4323324,16586,0,754,0
30.056957960128784,61826,4320856,4325612,4323324,16586,0,754,0
30.071351051330566,61826,4320856,4325612,4323324,16586,0,754,0
30.086081981658936,61826,4320856,4325612,4323324,16586,0,754,0
30.10069990158081,61826,4320856,4325612,4323324,16586,0,754,0
30.115129947662354,61826,4320856,4325612,4323324,16586,0,754,0
30.12973690032959,61826,4320856,4325612,4323324,16586,0,754,0
30.144280910491943,61826,4320856,4325612,4323324,16586,0,754,0
30.158946990966797,61826,4320856,4325612,4323324,16586,0,754,0
30.173583984375,61826,4320856,4325612,4323324,16586,0,754,0
30.188018083572388,61826,4320856,4325612,4323324,16586,0,754,0
30.20336890220642,61826,4320856,4325612,4323324,16586,0,754,0
30.218959093093872,61826,4320856,4325612,4323324,16586,0,754,0
30.234376907348633,61826,4320856,4325612,4323324,16586,0,754,0
30.24999690055847,61826,4320856,4325612,4323324,16586,0,754,0
30.265732049942017,61826,4320856,4325612,4323324,16586,0,754,0
30.28125,61826,4320856,4325612,4323324,16586,0,754,0
30.296804904937744,61826,4320856,4325612,4323324,16586,0,754,0
30.31227207183838,61826,4320856,4325612,4323324,16586,0,754,0
30.327863931655884,61826,4320856,4325612,4323324,16586,0,754,0
30.343246936798096,61826,4320856,4325612,4323324,16586,0,754,0
30.358784914016724,61826,4320856,4325612,4323324,16586,0,754,0
30.374223947525024,61826,4320856,4325612,4323324,16586,0,754,0
30.38913893699646,61826,4320856,4325612,4323324,16586,0,754,0
30.403825998306274,61826,4320856,4325612,4323324,16586,0,754,0
30.418498992919922,61826,4320856,4325612,4323324,16586,0,754,0
30.43338394165039,61826,4320856,4325612,4323324,16586,0,754,0
30.44819211959839,61826,4320856,4325612,4323324,16586,0,754,0
30.46257209777832,61826,4320856,4325612,4323324,16586,0,754,0
30.47696590423584,61826,4320856,4325612,4323324,16586,0,754,0
30.491183042526245,61826,4320856,4325612,4323324,16586,0,754,0
30.50579309463501,61826,4320856,4325612,4323324,16586,0,754,0
30.520572900772095,61826,4320856,4325612,4323324,16586,0,754,0
30.535216093063354,61826,4320856,4325612,4323324,16586,0,754,0
30.54990291595459,61826,4320856,4325612,4323324,16586,0,754,0
30.56455397605896,61826,4320856,4325612,4323324,16586,0,754,0
30.579118967056274,61826,4320856,4325612,4323324,16586,0,754,0
30.593738079071045,61826,4320856,4325612,4323324,16586,0,754,0
30.60817003250122,61826,4320856,4325612,4323324,16586,0,754,0
30.622745990753174,61826,4320856,4325612,4323324,16586,0,754,0
30.637206077575684,61826,4320856,4325612,4323324,16586,0,754,0
30.65180492401123,61826,4320856,4325612,4323324,16586,0,754,0
30.66621494293213,61826,4320856,4325612,4323324,16586,0,754,0
30.680793046951294,61826,4320856,4325612,4323324,16586,0,754,0
30.695281982421875,61826,4320856,4325612,4323324,16586,0,754,0
30.70983099937439,61826,4320856,4325612,4323324,16586,0,754,0
30.724714994430542,61826,4320856,4325612,4323324,16586,0,754,0
30.739212036132812,61826,4320856,4325612,4323324,16586,0,754,0
30.75387406349182,61826,4320856,4325612,4323324,16586,0,754,0
30.768232107162476,61826,4320856,4325612,4323324,16586,0,754,0
30.782778024673462,61826,4320856,4325612,4323324,16586,0,754,0
30.797969102859497,61826,4320856,4325612,4323324,16586,0,754,0
30.813292980194092,61826,4320856,4325612,4323324,16586,0,754,0
30.828848123550415,61826,4320856,4325612,4323324,16586,0,754,0
30.84428596496582,61826,4320856,4325612,4323324,16586,0,754,0
30.859852075576782,61826,4320856,4325612,4323324,16586,0,754,0
30.87524104118347,61826,4320856,4325612,4323324,16586,0,754,0
30.890849113464355,61826,4320856,4325612,4323324,16586,0,754,0
30.906317949295044,61826,4320856,4325612,4323324,16586,0,754,0
30.921941995620728,61826,4320856,4325612,4323324,16586,0,754,0
30.93735408782959,61826,4320856,4325612,4323324,16586,0,754,0
30.95325803756714,61826,4320856,4325612,4323324,16586,0,754,0
30.968899965286255,61826,4320856,4325612,4323324,16586,0,754,0
30.98363709449768,61826,4320856,4325612,4323324,16586,0,754,0
30.997920989990234,61826,4320856,4325612,4323324,16586,0,754,0
31.012126922607422,61826,4320856,4325612,4323324,16586,0,754,0
31.02665901184082,61826,4320856,4325612,4323324,16586,0,754,0
31.041129112243652,61826,4320856,4325612,4323324,16586,0,754,0
31.05515193939209,61826,4320856,4325612,4323324,16586,0,754,0
31.069865942001343,61826,4320856,4325612,4323324,16586,0,754,0
31.084129095077515,61826,4320856,4325612,4323324,16586,0,754,0
31.09869694709778,61826,4320856,4325612,4323324,16586,0,754,0
31.113140106201172,61826,4320856,4325612,4323324,16586,0,754,0
31.12750792503357,61826,4320856,4325612,4323324,16586,0,754,0
31.141963958740234,61826,4320856,4325612,4323324,16586,0,754,0
31.15626811981201,61826,4320856,4325612,4323324,16586,0,754,0
31.170589923858643,61826,4320856,4325612,4323324,16586,0,754,0
31.185508966445923,61826,4320856,4325612,4323324,16586,0,754,0
31.200518131256104,61826,4320856,4325612,4323324,16586,0,754,0
31.216437101364136,61826,0,0,0,16699,0,0,0
31.231456995010376,61826,0,0,0,16699,0,0,0
31.246947050094604,61826,0,0,0,16699,0,0,0
