elapsed_s,pid,uss,rss,pss,min_flt,maj_flt,oom,oomadj
0.0022780895233154297,42615,12700,13496,13156,1106,0,666,0
0.01573801040649414,42615,14200,16232,15266,1332,0,666,0
0.029913902282714844,42615,15684,18316,17052,1533,0,666,0
0.04410195350646973,42615,20952,23612,22316,1998,0,666,0
0.05860495567321777,42615,52536,57672,55012,5032,0,667,0
0.07439303398132324,42615,81696,86728,84172,12282,0,668,0
0.09063887596130371,42615,94068,98884,96544,13923,0,668,0
0.10679793357849121,42615,99068,103904,101544,14162,0,668,0
0.12227606773376465,42615,99336,104160,101812,14229,0,668,0
0.13796496391296387,42615,126424,131260,128900,14359,0,669,0
0.1543428897857666,42615,120644,125488,123120,14360,0,668,0
0.1700420379638672,42615,126788,131624,129264,14361,0,669,0
0.18567705154418945,42615,126788,131624,129264,14363,0,669,0
0.20122694969177246,42615,126788,131624,129264,14363,0,669,0
0.21684694290161133,42615,126788,131624,129264,14363,0,669,0
0.23246192932128906,42615,127648,132392,130124,14578,0,669,0
0.24823999404907227,42615,127648,132392,130124,14578,0,669,0
0.2626509666442871,42615,127648,132392,130124,14578,0,669,0
0.2769138813018799,42615,127476,132392,129952,14578,0,669,0
0.29136109352111816,42615,126768,131716,129244,14578,0,669,0
0.30567002296447754,42615,126768,131716,129244,14578,0,669,0
0.3200690746307373,42615,126768,131716,129244,14578,0,669,0
0.33435702323913574,42615,126768,131716,129244,14578,0,669,0
0.34843897819519043,42615,126768,131716,129244,14578,0,669,0
0.3623850345611572,42615,126768,131716,129244,14578,0,669,0
0.37668800354003906,42615,126768,131716,129244,14578,0,669,0
0.39083194732666016,42615,126768,131716,129244,14578,0,669,0
0.4047849178314209,42615,126768,131716,129244,14578,0,669,0
0.41919898986816406,42615,126768,131716,129244,14578,0,669,0
0.4334390163421631,42615,126768,131716,129244,14578,0,669,0
0.44810009002685547,42615,126768,131716,129244,14578,0,669,0
0.46260499954223633,42615,126768,131716,129244,14578,0,669,0
0.4770810604095459,42615,126768,131716,129244,14578,0,669,0
0.49126291275024414,42615,126768,131716,129244,14578,0,669,0
0.5054359436035156,42615,126768,131716,129244,14578,0,669,0
0.5198349952697754,42615,126768,131716,129244,14578,0,669,0
0.5341188907623291,42615,126768,131716,129244,14578,0,669,0
0.5482380390167236,42615,126768,131716,129244,14578,0,669,0
0.5622920989990234,42615,126768,131716,129244,14578,0,669,0
0.5763640403747559,42615,126768,131716,129244,14578,0,669,0
0.5902860164642334,42615,126768,131716,129244,14578,0,669,0
0.6042840480804443,42615,126768,131716,129244,14578,0,669,0
0.6186940670013428,42615,126768,131716,129244,14578,0,669,0
0.6327738761901855,42615,126768,131716,129244,14578,0,669,0
0.6468119621276855,42615,126768,131716,129244,14578,0,669,0
0.6611108779907227,42615,126768,131716,129244,14578,0,669,0
0.6752550601959229,42615,126768,131716,129244,14578,0,669,0
0.68961501121521,42615,126768,131716,129244,14578,0,669,0
0.7039570808410645,42615,126768,131716,129244,14578,0,669,0
0.7183070182800293,42615,126768,131716,129244,14578,0,669,0
0.7327220439910889,42615,126768,131716,129244,14578,0,669,0
0.7470529079437256,42615,126768,131716,129244,14578,0,669,0
0.761293888092041,42615,126768,131716,129244,14578,0,669,0
0.7752790451049805,42615,126768,131716,129244,14578,0,669,0
0.7892420291900635,42615,126768,131716,129244,14578,0,669,0
0.8033099174499512,42615,126768,131716,129244,14578,0,669,0
0.8172640800476074,42615,126768,131716,129244,14578,0,669,0
0.8318169116973877,42615,126768,131716,129244,14578,0,669,0
0.8460800647735596,42615,126768,131716,129244,14578,0,669,0
0.8603129386901855,42615,126768,131716,129244,14578,0,669,0
0.8747570514678955,42615,126768,131716,129244,14578,0,669,0
0.8892629146575928,42615,126768,131716,129244,14578,0,669,0
0.9034430980682373,42615,126768,131716,129244,14578,0,669,0
0.9177839756011963,42615,126768,131716,129244,14578,0,669,0
0.9319500923156738,42615,126768,131716,129244,14578,0,669,0
0.9463050365447998,42615,126768,131716,129244,14578,0,669,0
0.9606249332427979,42615,126768,131716,129244,14578,0,669,0
0.9749729633331299,42615,126768,131716,129244,14578,0,669,0
0.9892690181732178,42615,126768,131716,129244,14578,0,669,0
1.00364089012146,42615,126768,131716,129244,14578,0,669,0
1.0178329944610596,42615,126768,131716,129244,14578,0,669,0
1.0321378707885742,42615,126768,131716,129244,14578,0,669,0
1.0468568801879883,42615,126768,131716,129244,14578,0,669,0
1.0613150596618652,42615,126768,131716,129244,14578,0,669,0
1.0756890773773193,42615,126768,131716,129244,14578,0,669,0
1.0901410579681396,42615,126768,131716,129244,14578,0,669,0
1.104151964187622,42615,126768,131716,129244,14578,0,669,0
1.1182420253753662,42615,126768,131716,129244,14578,0,669,0
1.132308006286621,42615,126768,131716,129244,14578,0,669,0
1.146353006362915,42615,126768,131716,129244,14578,0,669,0
1.1603350639343262,42615,126768,131716,129244,14578,0,669,0
1.1743600368499756,42615,126768,131716,129244,14578,0,669,0
1.1883509159088135,42615,126768,131716,129244,14578,0,669,0
1.2024109363555908,42615,126768,131716,129244,14578,0,669,0
1.2166130542755127,42615,126768,131716,129244,14578,0,669,0
1.2307729721069336,42615,126768,131716,129244,14578,0,669,0
1.2448780536651611,42615,126768,131716,129244,14578,0,669,0
1.2592840194702148,42615,126768,131716,129244,14578,0,669,0
1.2733569145202637,42615,126768,131716,129244,14578,0,669,0
1.2874510288238525,42615,126768,131716,129244,14578,0,669,0
1.3018078804016113,42615,126768,131716,129244,14578,0,669,0
1.3160688877105713,42615,126768,131716,129244,14578,0,669,0
1.3302509784698486,42615,126768,131716,129244,14578,0,669,0
1.344325065612793,42615,126768,131716,129244,14578,0,669,0
1.3586640357971191,42615,126768,131716,129244,14578,0,669,0
1.3727660179138184,42615,126768,131716,129244,14578,0,669,0
1.3874740600585938,42615,126768,131716,129244,14578,0,669,0
1.4031610488891602,42615,126768,131716,129244,14578,0,669,0
1.417741060256958,42615,126768,131716,129244,14578,0,669,0
1.4326698780059814,42615,126768,131716,129244,14578,0,669,0
1.4473800659179688,42615,126768,131716,129244,14578,0,669,0
1.4621500968933105,42615,126768,131716,129244,14578,0,669,0
1.4766409397125244,42615,126768,131716,129244,14578,0,669,0
1.4913098812103271,42615,126768,131716,129244,14578,0,669,0
1.505784034729004,42615,126768,131716,129244,14578,0,669,0
1.520076036453247,42615,126768,131716,129244,14578,0,669,0
1.5342450141906738,42615,126768,131716,129244,14578,0,669,0
1.5483040809631348,42615,126768,131716,129244,14578,0,669,0
1.5623960494995117,42615,126768,131716,129244,14578,0,669,0
1.5767529010772705,42615,126768,131716,129244,14578,0,669,0
1.5909850597381592,42615,126768,131716,129244,14578,0,669,0
1.6052629947662354,42615,126768,131716,129244,14578,0,669,0
1.6197309494018555,42615,126768,131716,129244,14578,0,669,0
1.6337599754333496,42615,126768,131716,129244,14578,0,669,0
1.6483800411224365,42615,126768,131716,129244,14578,0,669,0
1.6630210876464844,42615,126768,131716,129244,14578,0,669,0
1.6771910190582275,42615,126768,131716,129244,14578,0,669,0
1.691248893737793,42615,126768,131716,129244,14578,0,669,0
1.7053430080413818,42615,126768,131716,129244,14578,0,669,0
1.7197179794311523,42615,126768,131716,129244,14578,0,669,0
1.7338318824768066,42615,126768,131716,129244,14578,0,669,0
1.748025894165039,42615,126768,131716,129244,14578,0,669,0
1.7623319625854492,42615,126768,131716,129244,14578,0,669,0
1.7764439582824707,42615,126768,131716,129244,14578,0,669,0
1.7906410694122314,42615,126768,131716,129244,14578,0,669,0
1.804837942123413,42615,126768,131716,129244,14578,0,669,0
1.819382905960083,42615,126768,131716,129244,14578,0,669,0
1.8341169357299805,42615,126768,131716,129244,14578,0,669,0
1.848433017730713,42615,126768,131716,129244,14578,0,669,0
1.8630380630493164,42615,126768,131716,129244,14578,0,669,0
1.8773009777069092,42615,126768,131716,129244,14578,0,669,0
1.8917250633239746,42615,126768,131716,129244,14578,0,669,0
1.906053066253662,42615,126768,131716,129244,14578,0,669,0
1.9204070568084717,42615,126768,131716,129244,14578,0,669,0
1.9342858791351318,42615,126768,131716,129244,14578,0,669,0
1.9483349323272705,42615,126768,131716,129244,14578,0,669,0
1.9624109268188477,42615,126768,131716,129244,14578,0,669,0
1.9767239093780518,42615,126768,131716,129244,14578,0,669,0
1.990915060043335,42615,126768,131716,129244,14578,0,669,0
2.005167007446289,42615,126768,131716,129244,14578,0,669,0
2.0193259716033936,42615,126768,131716,129244,14578,0,669,0
2.0333499908447266,42615,126768,131716,129244,14578,0,669,0
2.047373056411743,42615,126768,131716,129244,14578,0,669,0
2.061384916305542,42615,126768,131716,129244,14578,0,669,0
2.0759010314941406,42615,126768,131716,129244,14578,0,669,0
2.0902650356292725,42615,126768,131716,129244,14578,0,669,0
2.1047298908233643,42615,126768,131716,129244,14578,0,669,0
2.119011878967285,42615,126768,131716,129244,14578,0,669,0
2.1333460807800293,42615,126768,131716,129244,14578,0,669,0
2.14766788482666,42615,126768,131716,129244,14578,0,669,0
2.162040948867798,42615,126768,131716,129244,14578,0,669,0
2.176318883895874,42615,126768,131716,129244,14578,0,669,0
2.1903600692749023,42615,126768,131716,129244,14578,0,669,0
2.2044730186462402,42615,126768,131716,129244,14578,0,669,0
2.218672037124634,42615,126768,131716,129244,14578,0,669,0
2.2328860759735107,42615,126768,131716,129244,14578,0,669,0
2.2471508979797363,42615,130864,135700,133340,14580,0,669,0
2.2627999782562256,42615,141104,145940,143580,14585,0,669,0
2.278033971786499,42615,151344,156180,153820,14590,0,669,0
2.2929461002349854,42615,161584,166420,164060,14595,0,670,0
2.3080830574035645,42615,171824,176660,174300,14600,0,670,0
2.3230130672454834,42615,182064,186900,184540,14605,0,670,0
2.3379008769989014,42615,192304,197140,194780,14610,0,670,0
2.35288405418396,42615,204592,209428,207068,14616,0,670,0
2.3708698749542236,42615,214832,219668,217308,14621,0,670,0
2.3862290382385254,42615,225072,229908,227548,14626,0,671,0
2.401176929473877,42615,235312,240148,237788,14631,0,671,0
2.416092872619629,42615,245552,250388,248028,14636,0,671,0
2.4311070442199707,42615,255792,260628,258268,14641,0,671,0
2.44612193107605,42615,266032,270868,268508,14646,0,672,0
2.461134910583496,42615,276272,281108,278748,14651,0,672,0
2.476217031478882,42615,286512,291348,288988,14656,0,672,0
2.491353988647461,42615,296752,301588,299228,14661,0,672,0
2.5063319206237793,42615,306992,313876,309468,14666,0,672,0
2.521436929702759,42615,317232,324116,319708,14671,0,672,0
2.536297082901001,42615,327472,334356,329948,14676,0,673,0
2.5513389110565186,42615,337712,344596,340188,14681,0,673,0
2.566298007965088,42615,347952,354836,350428,14686,0,673,0
2.581373929977417,42615,358192,365076,360668,14691,0,674,0
2.5963170528411865,42615,368432,375316,370908,14696,0,674,0
2.6113460063934326,42615,378672,385556,381148,14701,0,674,0
2.6263089179992676,42615,390960,395796,393436,14706,0,674,0
2.641288995742798,42615,401200,406036,403676,14711,0,674,0
2.656261920928955,42615,411440,416276,413916,14716,0,674,0
2.671341896057129,42615,421680,426516,424156,14721,0,675,0
2.686361074447632,42615,431920,436756,434396,14726,0,675,0
2.7014260292053223,42615,442160,446996,444636,14731,0,675,0
2.7166430950164795,42615,452400,457236,454876,14736,0,675,0
2.731416940689087,42615,462640,467476,465116,14742,0,676,0
2.746368885040283,42615,472880,477716,475356,14747,0,676,0
2.7613110542297363,42615,483120,487956,485596,14752,0,676,0
2.7762889862060547,42615,493360,498196,495836,14757,0,676,0
2.7913310527801514,42615,503600,508436,506076,14762,0,676,0
2.806346893310547,42615,513840,518676,516316,14767,0,676,0
2.8212780952453613,42615,524080,528916,526556,14772,0,677,0
2.8362300395965576,42615,534320,539156,536796,14777,0,677,0
2.851212978363037,42615,544560,549396,547036,14782,0,677,0
2.866183042526245,42615,554800,559636,557276,14787,0,678,0
2.8811440467834473,42615,565040,569876,567516,14792,0,678,0
2.8962879180908203,42615,575280,580116,577756,14797,0,678,0
2.911329984664917,42615,585520,590356,587996,14802,0,678,0
2.926287889480591,42615,595760,600596,598236,14807,0,678,0
2.9412119388580322,42615,606000,610836,608476,14812,0,678,0
2.956120014190674,42615,616240,623124,618716,14817,0,679,0
2.97119402885437,42615,626480,633364,628956,14822,0,679,0
2.9861490726470947,42615,636720,643604,639196,14827,0,679,0
3.0011229515075684,42615,646960,653844,649436,14832,0,679,0
3.0160579681396484,42615,657200,664084,659676,14837,0,680,0
3.0311930179595947,42615,667440,674324,669916,14842,0,680,0
3.045793056488037,42615,677680,684564,680156,14847,0,680,0
3.0603909492492676,42615,687920,694804,690396,14852,0,680,0
3.075208902359009,42615,700208,705044,702684,14857,0,680,0
3.089902877807617,42615,710448,715284,712924,14862,0,680,0
3.1046969890594482,42615,720688,725524,723164,14867,0,681,0
3.1201350688934326,42615,730928,735764,733404,14873,0,681,0
3.1352310180664062,42615,741168,746004,743644,14878,0,681,0
3.1502349376678467,42615,751408,756244,753884,14883,0,682,0
3.165205955505371,42615,761648,766484,764124,14888,0,682,0
3.180182933807373,42615,771888,776724,774364,14893,0,682,0
3.195125102996826,42615,782128,786964,784604,14898,0,682,0
3.2101149559020996,42615,792368,797204,794844,14903,0,682,0
3.2248730659484863,42615,802608,807444,805084,14908,0,682,0
3.2399649620056152,42615,812848,817684,815324,14913,0,682,0
3.2548279762268066,42615,823088,827924,825564,14918,0,683,0
3.269810914993286,42615,833328,838164,835804,14923,0,683,0
3.284856081008911,42615,843568,848404,846044,14928,0,683,0
3.3000900745391846,42615,853808,858644,856284,14933,0,684,0
3.3153469562530518,42615,864048,868884,866524,14938,0,684,0
3.330388069152832,42615,876336,881172,878812,14944,0,684,0
3.3473269939422607,42615,886576,891412,889052,14949,0,684,0
3.3623249530792236,42615,896816,901652,899292,14954,0,684,0
3.377135992050171,42615,907056,911892,909532,14959,0,684,0
3.3917949199676514,42615,917296,922132,919772,14964,0,685,0
3.4066669940948486,42615,927536,932372,930012,14969,0,685,0
3.421283006668091,42615,937776,942612,940252,14974,0,685,0
3.436034917831421,42615,948016,952852,950492,14979,0,686,0
3.4507250785827637,42615,958256,963092,960732,14984,0,686,0
3.465362071990967,42615,968496,973332,970972,14989,0,686,0
3.480043888092041,42615,978736,983572,981212,14994,0,686,0
3.4947330951690674,42615,988976,995860,991452,14999,0,686,0
3.5096499919891357,42615,999216,1006100,1001692,15004,0,686,0
3.524600028991699,42615,1009456,1016340,1011932,15009,0,686,0
3.5393030643463135,42615,1019696,1026580,1022172,15014,0,687,0
3.55403995513916,42615,1031984,1036820,1034460,15019,0,687,0
3.5687448978424072,42615,1042224,1047060,1044700,15024,0,687,0
3.5833630561828613,42615,1052464,1057300,1054940,15029,0,688,0
3.5981569290161133,42615,1062704,1067540,1065180,15034,0,688,0
3.6129870414733887,42615,1072944,1077780,1075420,15039,0,688,0
3.6277239322662354,42615,1083184,1088020,1085660,15045,0,688,0
3.6428489685058594,42615,1093424,1098260,1095900,15050,0,688,0
3.6577489376068115,42615,1103664,1108500,1106140,15055,0,688,0
3.6726229190826416,42615,1113904,1118740,1116380,15060,0,689,0
3.6874990463256836,42615,1124144,1128980,1126620,15065,0,689,0
3.702254056930542,42615,1134384,1139220,1136860,15070,0,689,0
3.7170639038085938,42615,1144624,1149460,1147100,15075,0,690,0
3.73207688331604,42615,1154864,1159700,1157340,15080,0,690,0
3.746903896331787,42615,1165104,1169940,1167580,15085,0,690,0
3.7616240978240967,42615,1175344,1180180,1177820,15090,0,690,0
3.7762808799743652,42615,1185584,1190420,1188060,15095,0,690,0
3.791018009185791,42615,1195824,1200660,1198300,15100,0,690,0
3.8057360649108887,42615,1206064,1210900,1208540,15105,0,690,0
3.8208439350128174,42615,1216304,1221140,1218780,15110,0,691,0
3.8357810974121094,42615,1226544,1231380,1229020,15115,0,691,0
3.850714921951294,42615,1236784,1241620,1239260,15120,0,691,0
3.8655779361724854,42615,1247024,1253908,1249500,15125,0,692,0
3.8805510997772217,42615,1257264,1262100,1259740,15130,0,692,0
3.8954310417175293,42615,1267504,1274388,1269980,15135,0,692,0
3.9103870391845703,42615,1277744,1284628,1280220,15140,0,692,0
3.9253270626068115,42615,1287984,1294868,1290460,15145,0,692,0
3.940269947052002,42615,1298224,1305108,1300700,15150,0,692,0
3.955312967300415,42615,1308464,1315348,1310940,15155,0,693,0
3.970180034637451,42615,1318704,1325588,1321180,15160,0,693,0
3.985208034515381,42615,1330992,1335828,1333468,15165,0,693,0
4.000165939331055,42615,1341232,1346068,1343708,15170,0,694,0
4.015168905258179,42615,1351472,1356308,1353948,15175,0,694,0
4.030225038528442,42615,1361712,1366548,1364188,15180,0,694,0
4.045109033584595,42615,1371952,1376788,1374428,15185,0,694,0
4.060155868530273,42615,1382192,1387028,1384668,15190,0,694,0
4.075067043304443,42615,1392432,1397268,1394908,15196,0,694,0
4.090050935745239,42615,1402672,1407508,1405148,15201,0,694,0
4.105086088180542,42615,1412912,1417748,1415388,15206,0,695,0
4.120121002197266,42615,1423152,1427988,1425628,15211,0,695,0
4.135082006454468,42615,1433392,1438228,1435868,15216,0,695,0
4.150029897689819,42615,1443632,1448468,1446108,15221,0,696,0
4.165273904800415,42615,1453872,1458708,1456348,15226,0,696,0
4.180219888687134,42615,1464112,1468948,1466588,15231,0,696,0
4.195146083831787,42615,1474352,1479188,1476828,15236,0,696,0
4.209815979003906,42615,1484592,1489428,1487068,15241,0,696,0
4.224628925323486,42615,1494832,1499668,1497308,15246,0,696,0
4.2393410205841064,42615,1505072,1509908,1507548,15251,0,697,0
4.2541279792785645,42615,1515312,1520148,1517788,15256,0,697,0
4.268851041793823,42615,1525552,1530388,1528028,15261,0,697,0
4.283644914627075,42615,1535792,1540628,1538268,15266,0,697,0
4.298551082611084,42615,1548080,1554964,1550556,15272,0,698,0
4.316951036453247,42615,1560368,1565204,1562844,15277,0,698,0
4.332038879394531,42615,1568560,1575444,1571036,15282,0,698,0
4.346966028213501,42615,1578800,1585684,1581276,15287,0,698,0
4.362282991409302,42615,1591088,1595924,1593564,15292,0,698,0
4.3773369789123535,42615,1601328,1606164,1603804,15297,0,698,0
4.392262935638428,42615,1611568,1616404,1614044,15302,0,699,0
4.407243013381958,42615,1621808,1626644,1624284,15308,0,699,0
4.422287940979004,42615,1632048,1636884,1634524,15313,0,699,0
4.437175989151001,42615,1642288,1647124,1644764,15318,0,700,0
4.452179908752441,42615,1652528,1657364,1655004,15323,0,700,0
4.4670569896698,42615,1662768,1667604,1665244,15328,0,700,0
4.481955051422119,42615,1673008,1677844,1675484,15333,0,700,0
4.496893882751465,42615,1683248,1688084,1685724,15338,0,700,0
4.51184606552124,42615,1693488,1698324,1695964,15343,0,700,0
4.5267720222473145,42615,1703728,1708564,1706204,15348,0,701,0
4.54175591468811,42615,1713968,1718804,1716444,15353,0,701,0
4.556694984436035,42615,1724208,1729044,1726684,15358,0,701,0
4.571670055389404,42615,1734448,1739284,1736924,15363,0,702,0
4.586590051651001,42615,1744688,1749524,1747164,15368,0,702,0
4.601583003997803,42615,1754928,1759764,1757404,15373,0,702,0
4.616544008255005,42615,1765168,1770004,1767644,15378,0,702,0
4.631422996520996,42615,1775408,1780244,1777884,15383,0,702,0
4.646349906921387,42615,1785648,1790484,1788124,15388,0,702,0
4.661329030990601,42615,1795888,1800724,1798364,15393,0,702,0
4.6763389110565186,42615,1806128,1813012,1808604,15398,0,703,0
4.691319942474365,42615,1816368,1823252,1818844,15403,0,703,0
4.706279039382935,42615,1826608,1833492,1829084,15408,0,703,0
4.721281051635742,42615,1836848,1843732,1839324,15413,0,704,0
4.736345052719116,42615,1847088,1853972,1849564,15418,0,704,0
4.751276016235352,42615,1859376,1864212,1861852,15423,0,704,0
4.7663209438323975,42615,1869616,1874452,1872092,15428,0,704,0
4.781357049942017,42615,1879856,1884692,1882332,15433,0,704,0
4.796437978744507,42615,1890096,1894932,1892572,15438,0,704,0
4.811424970626831,42615,1900336,1905172,1902812,15443,0,705,0
4.826399087905884,42615,1910576,1915412,1913052,15448,0,705,0
4.841471910476685,42615,1920816,1925652,1923292,15454,0,705,0
4.856584072113037,42615,1931056,1935892,1933532,15459,0,706,0
4.871562957763672,42615,1941296,1946132,1943772,15464,0,706,0
4.886259078979492,42615,1951536,1956372,1954012,15469,0,706,0
4.901028871536255,42615,1961776,1966612,1964252,15474,0,706,0
4.916025876998901,42615,1972016,1976852,1974492,15479,0,706,0
4.931097030639648,42615,1982256,1987092,1984732,15484,0,706,0
4.946268081665039,42615,1992496,1997332,1994972,15489,0,706,0
4.961203098297119,42615,2002736,2007572,2005212,15494,0,707,0
4.975996971130371,42615,2012976,2017812,2015452,15499,0,707,0
4.9908599853515625,42615,2023216,2030100,2025692,15504,0,707,0
5.00578498840332,42615,2033456,2040340,2035932,15509,0,708,0
5.020848989486694,42615,2043696,2050580,2046172,15514,0,708,0
5.036067962646484,42615,2053936,2060820,2056412,15519,0,708,0
5.051040887832642,42615,2064176,2071060,2066652,15524,0,708,0
5.066077947616577,42615,2074416,2081300,2076892,15529,0,708,0
5.0812389850616455,42615,2084656,2091540,2087132,15534,0,708,0
5.096214056015015,42615,2096944,2101780,2099420,15539,0,709,0
5.1112589836120605,42615,2107184,2112020,2109660,15544,0,709,0
5.126285076141357,42615,2117424,2122260,2119900,15549,0,709,0
5.141376972198486,42615,2127664,2132500,2130140,15555,0,710,0
5.156398057937622,42615,2137904,2142740,2140380,15560,0,710,0
5.1714489459991455,42615,2148144,2152980,2150620,15565,0,710,0
5.186567068099976,42615,2158384,2163220,2160860,15570,0,710,0
5.202099084854126,42615,2168624,2173460,2171100,15575,0,710,0
5.217177867889404,42615,2178864,2183700,2181340,15580,0,710,0
5.232208013534546,42615,2189104,2193940,2191580,15585,0,710,0
5.247238874435425,42615,2199344,2204180,2201820,15590,0,711,0
5.262326955795288,42615,2209584,2214420,2212060,15595,0,711,0
5.280778884887695,42615,2221872,2228756,2224348,15601,0,711,0
5.295907020568848,42615,2234160,2238996,2236636,15606,0,712,0
5.311194896697998,42615,2244400,2249236,2246876,15611,0,712,0
5.326184988021851,42615,2254640,2259476,2257116,15616,0,712,0
5.341291904449463,42615,2264880,2269716,2267356,15621,0,712,0
5.356318950653076,42615,2275120,2279956,2277596,15627,0,712,0
5.371252059936523,42615,2285360,2290196,2287836,15632,0,712,0
5.386338949203491,42615,2295600,2300436,2298076,15637,0,713,0
5.401329040527344,42615,2305840,2310676,2308316,15642,0,713,0
5.416337013244629,42615,2316080,2320916,2318556,15647,0,713,0
5.43130898475647,42615,2326320,2331156,2328796,15652,0,714,0
5.446573972702026,42615,2336560,2341396,2339036,15657,0,714,0
5.4615559577941895,42615,2346800,2351636,2349276,15662,0,714,0
5.476629972457886,42615,2357040,2361876,2359516,15667,0,714,0
5.491724967956543,42615,2367280,2372116,2369756,15672,0,714,0
5.50682806968689,42615,2377520,2382356,2379996,15677,0,714,0
5.5218729972839355,42615,2387760,2392596,2390236,15682,0,714,0
5.536823034286499,42615,2398000,2404884,2400476,15687,0,715,0
5.552200078964233,42615,2408240,2415124,2410716,15692,0,715,0
5.567189931869507,42615,2418480,2425364,2420956,15697,0,715,0
5.582218885421753,42615,2430768,2435604,2433244,15702,0,716,0
5.5971999168396,42615,2441008,2445844,2443484,15707,0,716,0
5.612717866897583,42615,2451248,2456084,2453724,15712,0,716,0
5.627842903137207,42615,2461488,2466324,2463964,15718,0,716,0
5.643085956573486,42615,2471728,2476564,2474204,15723,0,716,0
5.658312082290649,42615,2481968,2486804,2484444,15728,0,716,0
5.673377990722656,42615,2492208,2497044,2494684,15733,0,717,0
5.688320875167847,42615,2502448,2507284,2504924,15738,0,717,0
5.70337986946106,42615,2512688,2517524,2515164,15743,0,717,0
5.718548059463501,42615,2522928,2527764,2525404,15748,0,718,0
5.733299016952515,42615,2533168,2538004,2535644,15753,0,718,0
5.748315095901489,42615,2543408,2548244,2545884,15758,0,718,0
5.763309001922607,42615,2553648,2560532,2556124,15763,0,718,0
5.778342008590698,42615,2563888,2570772,2566364,15768,0,718,0
5.793307065963745,42615,2574128,2581012,2576604,15773,0,718,0
5.808362007141113,42615,2586416,2591252,2588892,15778,0,718,0
5.823507070541382,42615,2596656,2601492,2599132,15783,0,719,0
5.838284969329834,42615,2606896,2611732,2609372,15788,0,719,0
5.8530659675598145,42615,2617136,2621972,2619612,15793,0,719,0
5.868120908737183,42615,2627376,2632212,2629852,15798,0,720,0
5.883094072341919,42615,2637616,2642452,2640092,15804,0,720,0
5.898110866546631,42615,2647856,2652692,2650332,15809,0,720,0
5.912837028503418,42615,2658096,2662932,2660572,15814,0,720,0
5.927567005157471,42615,2668336,2673172,2670812,15819,0,720,0
5.942698955535889,42615,2678576,2683412,2681052,15824,0,720,0
5.958045959472656,42615,2688816,2693652,2691292,15829,0,721,0
5.973258972167969,42615,2699056,2703892,2701532,15834,0,721,0
5.988288879394531,42615,2709296,2714132,2711772,15839,0,721,0
6.003319025039673,42615,2719536,2724372,2722012,15844,0,722,0
6.018256902694702,42615,2729776,2736660,2732252,15849,0,722,0
6.033716917037964,42615,2740016,2746900,2742492,15854,0,722,0
6.048799991607666,42615,2750256,2757140,2752732,15859,0,722,0
6.063541889190674,42615,2762544,2767380,2765020,15864,0,722,0
6.078273057937622,42615,2772784,2777620,2775260,15869,0,722,0
6.093079090118408,42615,2783024,2787860,2785500,15874,0,722,0
6.107877016067505,42615,2793264,2798100,2795740,15879,0,723,0
6.122683048248291,42615,2803504,2808340,2805980,15885,0,723,0
6.137389898300171,42615,2813744,2818580,2816220,15890,0,723,0
6.152194976806641,42615,2823984,2828820,2826460,15895,0,724,0
6.166951894760132,42615,2834224,2839060,2836700,15900,0,724,0
6.181654930114746,42615,2844464,2849300,2846940,15905,0,724,0
6.196651935577393,42615,2854704,2859540,2857180,15910,0,724,0
6.2116758823394775,42615,2864944,2869780,2867420,15915,0,724,0
6.226799964904785,42615,2875184,2880020,2877660,15920,0,724,0
6.242318868637085,42615,2885424,2890260,2887900,15925,0,725,0
6.257711887359619,42615,2895664,2900500,2898140,15930,0,725,0
6.272852897644043,42615,2905904,2910740,2908380,15935,0,725,0
6.287878036499023,42615,2916144,2923028,2918620,15940,0,726,0
6.303091049194336,42615,2926384,2933268,2928860,15945,0,726,0
6.318243980407715,42615,2936624,2943508,2939100,15950,0,726,0
6.333333969116211,42615,2948912,2953748,2951388,15955,0,726,0
6.348335027694702,42615,2959152,2963988,2961628,15960,0,726,0
6.363457918167114,42615,2969392,2974228,2971868,15965,0,726,0
6.3785998821258545,42615,2979632,2984468,2982108,15971,0,726,0
6.393683910369873,42615,2989872,2994708,2992348,15976,0,727,0
6.408740043640137,42615,3000112,3004948,3002588,15981,0,727,0
6.423856973648071,42615,3010352,3015188,3012828,15986,0,727,0
6.439049959182739,42615,3020592,3025428,3023068,15991,0,728,0
6.454258918762207,42615,3030832,3035668,3033308,15996,0,728,0
6.469326972961426,42615,3041072,3045908,3043548,16001,0,728,0
6.484397888183594,42615,3051312,3056148,3053788,16006,0,728,0
6.499550104141235,42615,3061552,3066388,3064028,16011,0,728,0
6.514600992202759,42615,3071792,3078676,3074268,16016,0,728,0
6.529831886291504,42615,3082032,3088916,3084508,16021,0,729,0
6.544916868209839,42615,3092272,3099156,3094748,16026,0,729,0
6.559978008270264,42615,3102512,3109396,3104988,16031,0,729,0
6.57505989074707,42615,3114800,3119636,3117276,16036,0,730,0
6.5901970863342285,42615,3125040,3129876,3127516,16041,0,730,0
6.605336904525757,42615,3135280,3140116,3137756,16046,0,730,0
6.620436906814575,42615,3145520,3150356,3147996,16052,0,730,0
6.635421991348267,42615,3155760,3160596,3158236,16057,0,730,0
6.650424957275391,42615,3166000,3170836,3168476,16062,0,730,0
6.6657469272613525,42615,3176240,3181076,3178716,16067,0,730,0
6.681010961532593,42615,3186480,3191316,3188956,16072,0,731,0
6.696145057678223,42615,3196720,3201556,3199196,16077,0,731,0
6.711309909820557,42615,3206960,3211796,3209436,16082,0,731,0
6.726449966430664,42615,3217200,3224084,3219676,16087,0,732,0
6.741631984710693,42615,3227440,3234324,3229916,16092,0,732,0
6.756655931472778,42615,3237680,3244564,3240156,16097,0,732,0
6.771712064743042,42615,3249968,3254804,3252444,16102,0,732,0
6.786725997924805,42615,3260208,3265044,3262684,16107,0,732,0
6.8017659187316895,42615,3270448,3275284,3272924,16112,0,732,0
6.816991090774536,42615,3280688,3285524,3283164,16118,0,733,0
6.83205509185791,42615,3290928,3295764,3293404,16123,0,733,0
6.847169876098633,42615,3301168,3306004,3303644,16128,0,733,0
6.862359046936035,42615,3311408,3316244,3313884,16133,0,734,0
6.8776750564575195,42615,3321648,3326484,3324124,16138,0,734,0
6.892730951309204,42615,3331888,3336724,3334364,16143,0,734,0
6.9079060554504395,42615,3342128,3346964,3344604,16148,0,734,0
6.923080921173096,42615,3352368,3359252,3354844,16153,0,734,0
6.938241004943848,42615,3362608,3369492,3365084,16158,0,734,0
6.953336000442505,42615,3372848,3379732,3375324,16163,0,735,0
6.968389987945557,42615,3383088,3389972,3385564,16168,0,735,0
6.983404874801636,42615,3395376,3400212,3397852,16173,0,735,0
6.998661041259766,42615,3405616,3410452,3408092,16178,0,735,0
7.013714075088501,42615,3415856,3420692,3418332,16183,0,736,0
7.028753995895386,42615,3426096,3430932,3428572,16189,0,736,0
7.044027090072632,42615,3436336,3441172,3438812,16194,0,736,0
7.05903697013855,42615,3446576,3451412,3449052,16199,0,736,0
7.074358940124512,42615,3456816,3461652,3459292,16204,0,736,0
7.089690923690796,42615,3467056,3471892,3469532,16209,0,736,0
7.104968070983887,42615,3477296,3482132,3479772,16214,0,737,0
7.120229959487915,42615,3487536,3494420,3490012,16219,0,737,0
7.1354100704193115,42615,3497776,3504660,3500252,16224,0,737,0
7.150583982467651,42615,3508016,3514900,3510492,16229,0,738,0
7.165869951248169,42615,3518256,3525140,3520732,16234,0,738,0
7.181010007858276,42615,3530544,3535380,3533020,16239,0,738,0
7.196220874786377,42615,3540784,3545620,3543260,16244,0,738,0
7.211296081542969,42615,3551024,3555860,3553500,16250,0,738,0
7.22653603553772,42615,3561264,3566100,3563740,16255,0,738,0
7.241676092147827,42615,3571504,3576340,3573980,16260,0,739,0
7.256740093231201,42615,3581744,3586580,3584220,16265,0,739,0
7.272152900695801,42615,3591984,3596820,3594460,16270,0,739,0
7.287410020828247,42615,3602224,3607060,3604700,16275,0,739,0
7.302432060241699,42615,3612464,3617300,3614940,16280,0,740,0
7.317379951477051,42615,3622704,3629588,3625180,16285,0,740,0
7.332549095153809,42615,3632944,3639828,3635420,16290,0,740,0
7.347733974456787,42615,3643184,3650068,3645660,16295,0,740,0
7.3630530834198,42615,3655472,3660308,3657948,16300,0,740,0
7.378093957901001,42615,3665712,3670548,3668188,16305,0,740,0
7.392999887466431,42615,3675952,3680788,3678428,16311,0,741,0
7.408137083053589,42615,3686192,3691028,3688668,16316,0,741,0
7.423076868057251,42615,3696432,3701268,3698908,16321,0,741,0
7.4378578662872314,42615,3706672,3711508,3709148,16326,0,742,0
7.4529869556427,42615,3716912,3721748,3719388,16331,0,742,0
7.468271017074585,42615,3727152,3731988,3729628,16336,0,742,0
7.483839988708496,42615,3737392,3742228,3739868,16341,0,742,0
7.49914288520813,42615,3747632,3754516,3750108,16346,0,742,0
7.5142529010772705,42615,3757872,3764756,3760348,16351,0,742,0
7.529413938522339,42615,3770160,3774996,3772636,16356,0,743,0
7.544586896896362,42615,3780400,3785236,3782876,16361,0,743,0
7.559662103652954,42615,3790640,3795476,3793116,16366,0,743,0
7.574779033660889,42615,3800880,3805716,3803356,16372,0,744,0
7.590013027191162,42615,3811120,3815956,3813596,16377,0,744,0
7.605163097381592,42615,3821360,3826196,3823836,16382,0,744,0
7.620281934738159,42615,3831600,3836436,3834076,16387,0,744,0
7.635390996932983,42615,3841840,3846676,3844316,16392,0,744,0
7.650723934173584,42615,3852080,3856916,3854556,16397,0,744,0
7.6658289432525635,42615,3862320,3867156,3864796,16402,0,744,0
7.680790901184082,42615,3872560,3879444,3875036,16407,0,745,0
7.695893049240112,42615,3882800,3889684,3885276,16412,0,745,0
7.711220026016235,42615,3895088,3899924,3897564,16417,0,745,0
7.726312875747681,42615,3905328,3910164,3907804,16422,0,746,0
7.741386890411377,42615,3915568,3920404,3918044,16427,0,746,0
7.756500959396362,42615,3925808,3930644,3928284,16432,0,746,0
7.771667003631592,42615,3936048,3940884,3938524,16438,0,746,0
7.786705017089844,42615,3946288,3951124,3948764,16443,0,746,0
7.801948070526123,42615,3956528,3961364,3959004,16448,0,746,0
7.817192077636719,42615,3966768,3971604,3969244,16453,0,747,0
7.832324028015137,42615,3977008,3981844,3979484,16458,0,747,0
7.847186088562012,42615,3987248,3992084,3989724,16463,0,747,0
7.862052917480469,42615,3997488,4004372,3999964,16468,0,748,0
7.877005100250244,42615,4007728,4014612,4010204,16473,0,748,0
7.892222881317139,42615,4020016,4024852,4022492,16478,0,748,0
7.907654047012329,42615,4030256,4035092,4032732,16483,0,748,0
7.922759056091309,42615,4040496,4045332,4042972,16489,0,748,0
7.937835931777954,42615,4050736,4055572,4053212,16494,0,748,0
7.952691078186035,42615,4060976,4065812,4063452,16499,0,748,0
7.967617034912109,42615,4071216,4076052,4073692,16504,0,749,0
7.982760906219482,42615,4081456,4086292,4083932,16509,0,749,0
7.9978039264678955,42615,4091696,4096532,4094172,16514,0,749,0
8.01294994354248,42615,4101936,4108820,4104412,16519,0,750,0
8.027898073196411,42615,4112176,4119060,4114652,16524,0,750,0
8.042775869369507,42615,4122416,4129300,4124892,16529,0,750,0
8.057945013046265,42615,4134704,4139540,4137180,16534,0,750,0
8.073049068450928,42615,4144944,4149780,4147420,16539,0,750,0
8.088159084320068,42615,4155184,4160020,4157660,16544,0,750,0
8.103164911270142,42615,4165424,4170260,4167900,16550,0,751,0
8.118329048156738,42615,4175664,4180500,4178140,16555,0,751,0
8.133352994918823,42615,4185904,4190740,4188380,16560,0,751,0
8.14845609664917,42615,4196144,4200980,4198620,16565,0,752,0
8.163559913635254,42615,4206384,4211220,4208860,16570,0,752,0
8.178737878799438,42615,4216624,4221460,4219100,16575,0,752,0
8.193901062011719,42615,4226864,4233748,4229340,16580,0,752,0
8.209562063217163,42615,4237104,4243988,4239580,16585,0,752,0
8.224618911743164,42615,4247344,4254228,4249820,16590,0,752,0
8.23987603187561,42615,4259632,4264468,4262108,16595,0,753,0
8.255053043365479,42615,4269872,4274708,4272348,16600,0,753,0
8.270341873168945,42615,4280112,4284948,4282588,16605,0,753,0
8.285434007644653,42615,4290352,4295188,4292828,16611,0,753,0
8.300603866577148,42615,4300592,4305428,4303068,16616,0,754,0
8.315792083740234,42615,4310832,4315668,4313308,16621,0,754,0
8.33103609085083,42615,4321072,4325908,4323548,16626,0,754,0
8.346189022064209,42615,4321072,4325908,4323548,16626,0,754,0
8.361177921295166,42615,4321072,4325908,4323548,16626,0,754,0
8.37579607963562,42615,4321072,4325908,4323548,16626,0,754,0
8.390291929244995,42615,4321072,4325908,4323548,16626,0,754,0
8.404959917068481,42615,4321072,4325908,4323548,16626,0,754,0
8.419353008270264,42615,4321072,4325908,4323548,16626,0,754,0
8.434083938598633,42615,4321072,4325908,4323548,16626,0,754,0
8.448379039764404,42615,4321072,4325908,4323548,16626,0,754,0
8.462828874588013,42615,4321072,4325908,4323548,16626,0,754,0
8.477277994155884,42615,4321072,4325908,4323548,16626,0,754,0
8.491833925247192,42615,4321072,4325908,4323548,16626,0,754,0
8.506211996078491,42615,4321072,4325908,4323548,16626,0,754,0
8.521061897277832,42615,4321072,4325908,4323548,16626,0,754,0
8.535383939743042,42615,4321072,4325908,4323548,16626,0,754,0
8.54944109916687,42615,4321072,4325908,4323548,16626,0,754,0
8.563683032989502,42615,4321072,4325908,4323548,16626,0,754,0
8.578070878982544,42615,4321072,4325908,4323548,16626,0,754,0
8.59283995628357,42615,4321072,4325908,4323548,16626,0,754,0
8.60732889175415,42615,4321072,4325908,4323548,16626,0,754,0
8.621387958526611,42615,4321072,4325908,4323548,16626,0,754,0
8.635776042938232,42615,4321072,4325908,4323548,16626,0,754,0
8.650222063064575,42615,4321072,4325908,4323548,16626,0,754,0
8.664898872375488,42615,4321072,4325908,4323548,16626,0,754,0
8.67976188659668,42615,4321072,4325908,4323548,16626,0,754,0
8.69468903541565,42615,4321072,4325908,4323548,16626,0,754,0
8.709357976913452,42615,4321072,4325908,4323548,16626,0,754,0
8.724056959152222,42615,4321072,4325908,4323548,16626,0,754,0
8.73874306678772,42615,4321072,4325908,4323548,16626,0,754,0
8.75319504737854,42615,4321072,4325908,4323548,16626,0,754,0
8.767311096191406,42615,4321072,4325908,4323548,16626,0,754,0
8.781406879425049,42615,4321072,4325908,4323548,16626,0,754,0
8.795907974243164,42615,4321072,4325908,4323548,16626,0,754,0
8.810901880264282,42615,4321072,4325908,4323548,16626,0,754,0
8.825551986694336,42615,4321072,4325908,4323548,16626,0,754,0
8.840390920639038,42615,4321072,4325908,4323548,16626,0,754,0
8.85467791557312,42615,4321072,4325908,4323548,16626,0,754,0
8.869078874588013,42615,4321072,4325908,4323548,16626,0,754,0
8.883361101150513,42615,4321072,4325908,4323548,16626,0,754,0
8.897739887237549,42615,4321072,4325908,4323548,16626,0,754,0
8.912132978439331,42615,4321072,4325908,4323548,16626,0,754,0
8.92638897895813,42615,4321072,4325908,4323548,16626,0,754,0
8.941035032272339,42615,4321072,4325908,4323548,16626,0,754,0
8.955316066741943,42615,4321072,4325908,4323548,16626,0,754,0
8.969383955001831,42615,4321072,4325908,4323548,16626,0,754,0
8.98373293876648,42615,4321072,4325908,4323548,16626,0,754,0
8.998179912567139,42615,4321072,4325908,4323548,16626,0,754,0
9.01241397857666,42615,4321072,4325908,4323548,16626,0,754,0
9.026988983154297,42615,4321072,4325908,4323548,16626,0,754,0
9.041430950164795,42615,4321072,4325908,4323548,16626,0,754,0
9.055793046951294,42615,4321072,4325908,4323548,16626,0,754,0
9.070339918136597,42615,4321072,4325908,4323548,16626,0,754,0
9.08513593673706,42615,4321072,4325908,4323548,16626,0,754,0
9.09994101524353,42615,4321072,4325908,4323548,16626,0,754,0
9.114737033843994,42615,4321072,4325908,4323548,16626,0,754,0
9.129201889038086,42615,4321072,4325908,4323548,16626,0,754,0
9.143927097320557,42615,4321072,4325908,4323548,16626,0,754,0
9.158447027206421,42615,4321072,4325908,4323548,16626,0,754,0
9.176109075546265,42615,4321072,4325908,4323548,16626,0,754,0
9.19049596786499,42615,4321072,4325908,4323548,16626,0,754,0
9.205345869064331,42615,4321072,4325908,4323548,16626,0,754,0
9.22005009651184,42615,4321072,4325908,4323548,16626,0,754,0
9.234323024749756,42615,4321072,4325908,4323548,16626,0,754,0
9.248811960220337,42615,4321072,4325908,4323548,16626,0,754,0
9.262985944747925,42615,4321072,4325908,4323548,16626,0,754,0
9.277349948883057,42615,4321072,4325908,4323548,16626,0,754,0
9.291707992553711,42615,4321072,4325908,4323548,16626,0,754,0
9.306106090545654,42615,4321072,4325908,4323548,16626,0,754,0
9.320319890975952,42615,4321072,4325908,4323548,16626,0,754,0
9.334321975708008,42615,4321072,4325908,4323548,16626,0,754,0
9.348664999008179,42615,4321072,4325908,4323548,16626,0,754,0
9.36301302909851,42615,4321072,4325908,4323548,16626,0,754,0
9.377286911010742,42615,4321072,4325908,4323548,16626,0,754,0
9.39143705368042,42615,4321072,4325908,4323548,16626,0,754,0
9.405402898788452,42615,4321072,4325908,4323548,16626,0,754,0
9.41929292678833,42615,4321072,4325908,4323548,16626,0,754,0
9.433361053466797,42615,4321072,4325908,4323548,16626,0,754,0
9.447690963745117,42615,4321072,4325908,4323548,16626,0,754,0
9.461950063705444,42615,4321072,4325908,4323548,16626,0,754,0
9.476171970367432,42615,4321072,4325908,4323548,16626,0,754,0
9.490355014801025,42615,4321072,4325908,4323548,16626,0,754,0
9.504719018936157,42615,4321072,4325908,4323548,16626,0,754,0
9.51912808418274,42615,4321072,4325908,4323548,16626,0,754,0
9.533744096755981,42615,4321072,4325908,4323548,16626,0,754,0
9.548203945159912,42615,4321072,4325908,4323548,16626,0,754,0
9.562819957733154,42615,4321072,4325908,4323548,16626,0,754,0
9.577284097671509,42615,4321072,4325908,4323548,16626,0,754,0
9.59181809425354,42615,4321072,4325908,4323548,16626,0,754,0
9.606117963790894,42615,4321072,4325908,4323548,16626,0,754,0
9.620362997055054,42615,4321072,4325908,4323548,16626,0,754,0
9.634725093841553,42615,4321072,4325908,4323548,16626,0,754,0
9.6493558883667,42615,4321072,4325908,4323548,16626,0,754,0
9.663942098617554,42615,4321072,4325908,4323548,16626,0,754,0
9.678292036056519,42615,4321072,4325908,4323548,16626,0,754,0
9.692430973052979,42615,4321072,4325908,4323548,16626,0,754,0
9.706737041473389,42615,4321072,4325908,4323548,16626,0,754,0
9.72111201286316,42615,4321072,4325908,4323548,16626,0,754,0
9.73536491394043,42615,4321072,4325908,4323548,16626,0,754,0
9.749734878540039,42615,4321072,4325908,4323548,16626,0,754,0
9.764312028884888,42615,4321072,4325908,4323548,16626,0,754,0
9.778717994689941,42615,4321072,4325908,4323548,16626,0,754,0
9.793204069137573,42615,4321072,4325908,4323548,16626,0,754,0
9.807437896728516,42615,4321072,4325908,4323548,16626,0,754,0
9.822006940841675,42615,4321072,4325908,4323548,16626,0,754,0
9.836347103118896,42615,4321072,4325908,4323548,16626,0,754,0
9.850765943527222,42615,4321072,4325908,4323548,16626,0,754,0
9.86525297164917,42615,4321072,4325908,4323548,16626,0,754,0
9.879689931869507,42615,4321072,4325908,4323548,16626,0,754,0
9.894308090209961,42615,4321072,4325908,4323548,16626,0,754,0
9.90896987915039,42615,4321072,4325908,4323548,16626,0,754,0
9.92347002029419,42615,4321072,4325908,4323548,16626,0,754,0
9.938127040863037,42615,4321072,4325908,4323548,16626,0,754,0
9.952724933624268,42615,4321072,4325908,4323548,16626,0,754,0
9.967712879180908,42615,4321072,4325908,4323548,16626,0,754,0
9.982789039611816,42615,4321072,4325908,4323548,16626,0,754,0
9.997248888015747,42615,4321072,4325908,4323548,16626,0,754,0
10.011394023895264,42615,4321072,4325908,4323548,16626,0,754,0
10.025677919387817,42615,4321072,4325908,4323548,16626,0,754,0
10.039879083633423,42615,4321072,4325908,4323548,16626,0,754,0
10.054418087005615,42615,4321072,4325908,4323548,16626,0,754,0
10.06922197341919,42615,4321072,4325908,4323548,16626,0,754,0
10.083884000778198,42615,4321072,4325908,4323548,16626,0,754,0
10.098315954208374,42615,4321072,4325908,4323548,16626,0,754,0
10.112462043762207,42615,4321072,4325908,4323548,16626,0,754,0
10.126498937606812,42615,4321072,4325908,4323548,16626,0,754,0
10.141005992889404,42615,4321072,4325908,4323548,16626,0,754,0
10.155539989471436,42615,4321072,4325908,4323548,16626,0,754,0
10.170233011245728,42615,4321072,4325908,4323548,16626,0,754,0
10.18489408493042,42615,4321072,4325908,4323548,16626,0,754,0
10.199315071105957,42615,4321072,4325908,4323548,16626,0,754,0
10.213404893875122,42615,4321072,4325908,4323548,16626,0,754,0
10.227751016616821,42615,4321072,4325908,4323548,16626,0,754,0
10.242000102996826,42615,4321072,4325908,4323548,16626,0,754,0
10.25632095336914,42615,4321072,4325908,4323548,16626,0,754,0
10.270483016967773,42615,4321072,4325908,4323548,16626,0,754,0
10.28504204750061,42615,4321072,4325908,4323548,16626,0,754,0
10.299345016479492,42615,4321072,4325908,4323548,16626,0,754,0
10.314141988754272,42615,4321072,4325908,4323548,16626,0,754,0
10.328852891921997,42615,4321072,4325908,4323548,16626,0,754,0
10.343462944030762,42615,4321072,4325908,4323548,16626,0,754,0
10.361471891403198,42615,4321072,4325908,4323548,16626,0,754,0
10.37637996673584,42615,4321072,4325908,4323548,16626,0,754,0
10.39086103439331,42615,4321072,4325908,4323548,16626,0,754,0
10.405313968658447,42615,4321072,4325908,4323548,16626,0,754,0
10.419456958770752,42615,4321072,4325908,4323548,16626,0,754,0
10.433727025985718,42615,4321072,4325908,4323548,16626,0,754,0
10.448129892349243,42615,4321072,4325908,4323548,16626,0,754,0
10.462430000305176,42615,4321072,4325908,4323548,16626,0,754,0
10.477338075637817,42615,4321072,4325908,4323548,16626,0,754,0
10.491910934448242,42615,4321072,4325908,4323548,16626,0,754,0
10.506707906723022,42615,4321072,4325908,4323548,16626,0,754,0
10.521156072616577,42615,4321072,4325908,4323548,16626,0,754,0
10.535402059555054,42615,4321072,4325908,4323548,16626,0,754,0
10.549887895584106,42615,4321072,4325908,4323548,16626,0,754,0
10.564231872558594,42615,4321072,4325908,4323548,16626,0,754,0
10.578747987747192,42615,4321072,4325908,4323548,16626,0,754,0
10.593379974365234,42615,4321072,4325908,4323548,16626,0,754,0
10.608416080474854,42615,4321072,4325908,4323548,16626,0,754,0
10.623317003250122,42615,4321072,4325908,4323548,16626,0,754,0
10.637855052947998,42615,4321072,4325908,4323548,16626,0,754,0
10.652343034744263,42615,4321072,4325908,4323548,16626,0,754,0
10.666402101516724,42615,4321072,4325908,4323548,16626,0,754,0
10.68112587928772,42615,4321072,4325908,4323548,16626,0,754,0
10.695826053619385,42615,4321072,4325908,4323548,16626,0,754,0
10.71036410331726,42615,4321072,4325908,4323548,16626,0,754,0
10.725075960159302,42615,4321072,4325908,4323548,16626,0,754,0
10.739679098129272,42615,4321072,4325908,4323548,16626,0,754,0
10.754245042800903,42615,4321072,4325908,4323548,16626,0,754,0
10.768946886062622,42615,4321072,4325908,4323548,16626,0,754,0
10.783385992050171,42615,4321072,4325908,4323548,16626,0,754,0
10.798218965530396,42615,4321072,4325908,4323548,16626,0,754,0
10.812952041625977,42615,4321072,4325908,4323548,16626,0,754,0
10.827418088912964,42615,4321072,4325908,4323548,16626,0,754,0
10.842175960540771,42615,4321072,4325908,4323548,16626,0,754,0
10.856429100036621,42615,4321072,4325908,4323548,16626,0,754,0
10.871016025543213,42615,4321072,4325908,4323548,16626,0,754,0
10.885679006576538,42615,4321072,4325908,4323548,16626,0,754,0
10.900292873382568,42615,4321072,4325908,4323548,16626,0,754,0
10.914885997772217,42615,4321072,4325908,4323548,16626,0,754,0
10.929303884506226,42615,4321072,4325908,4323548,16626,0,754,0
10.943433046340942,42615,4321072,4325908,4323548,16626,0,754,0
10.957876920700073,42615,4321072,4325908,4323548,16626,0,754,0
10.97252893447876,42615,4321072,4325908,4323548,16626,0,754,0
10.987447023391724,42615,4321072,4325908,4323548,16626,0,754,0
11.002198934555054,42615,4321072,4325908,4323548,16626,0,754,0
11.01715898513794,42615,4321072,4325908,4323548,16626,0,754,0
11.032052993774414,42615,4321072,4325908,4323548,16626,0,754,0
11.046679973602295,42615,4321072,4325908,4323548,16626,0,754,0
11.061347007751465,42615,4321072,4325908,4323548,16626,0,754,0
11.075963020324707,42615,4321072,4325908,4323548,16626,0,754,0
11.090537071228027,42615,4321072,4325908,4323548,16626,0,754,0
11.105313062667847,42615,4321072,4325908,4323548,16626,0,754,0
11.12005090713501,42615,4321072,4325908,4323548,16626,0,754,0
11.13481593132019,42615,4321072,4325908,4323548,16626,0,754,0
11.149173021316528,42615,4321072,4325908,4323548,16626,0,754,0
11.163322925567627,42615,4321072,4325908,4323548,16626,0,754,0
11.177430868148804,42615,4321072,4325908,4323548,16626,0,754,0
11.191799879074097,42615,4321072,4325908,4323548,16626,0,754,0
11.206294059753418,42615,4321072,4325908,4323548,16626,0,754,0
11.220453023910522,42615,4321072,4325908,4323548,16626,0,754,0
11.234891891479492,42615,4321072,4325908,4323548,16626,0,754,0
11.24923300743103,42615,4321072,4325908,4323548,16626,0,754,0
11.26346206665039,42615,4321072,4325908,4323548,16626,0,754,0
11.277760028839111,42615,4321072,4325908,4323548,16626,0,754,0
11.292059898376465,42615,4321072,4325908,4323548,16626,0,754,0
11.306314945220947,42615,4321072,4325908,4323548,16626,0,754,0
11.320466995239258,42615,4321072,4325908,4323548,16626,0,754,0
11.334721088409424,42615,4321072,4325908,4323548,16626,0,754,0
11.349045038223267,42615,4321072,4325908,4323548,16626,0,754,0
11.363359928131104,42615,4321072,4325908,4323548,16626,0,754,0
11.3781418800354,42615,4321072,4325908,4323548,16626,0,754,0
11.392814874649048,42615,4321072,4325908,4323548,16626,0,754,0
11.407351016998291,42615,4321072,4325908,4323548,16626,0,754,0
11.42204999923706,42615,4321072,4325908,4323548,16626,0,754,0
11.43671703338623,42615,4321072,4325908,4323548,16626,0,754,0
11.45133090019226,42615,4321072,4325908,4323548,16626,0,754,0
11.465490102767944,42615,4321072,4325908,4323548,16626,0,754,0
11.479872941970825,42615,4321072,4325908,4323548,16626,0,754,0
11.494765996932983,42615,4321072,4325908,4323548,16626,0,754,0
11.50917387008667,42615,4321072,4325908,4323548,16626,0,754,0
11.523329019546509,42615,4321072,4325908,4323548,16626,0,754,0
11.53734302520752,42615,4321072,4325908,4323548,16626,0,754,0
11.55170488357544,42615,4321072,4325908,4323548,16626,0,754,0
11.566155910491943,42615,4321072,4325908,4323548,16626,0,754,0
11.580400943756104,42615,4321072,4325908,4323548,16626,0,754,0
11.595134019851685,42615,4321072,4325908,4323548,16626,0,754,0
11.609812021255493,42615,4321072,4325908,4323548,16626,0,754,0
11.624351978302002,42615,4321072,4325908,4323548,16626,0,754,0
11.639012098312378,42615,4321072,4325908,4323548,16626,0,754,0
11.653754949569702,42615,4321072,4325908,4323548,16626,0,754,0
11.668345928192139,42615,4321072,4325908,4323548,16626,0,754,0
11.683167934417725,42615,4321072,4325908,4323548,16626,0,754,0
11.697881937026978,42615,4321072,4325908,4323548,16626,0,754,0
11.712671041488647,42615,4321072,4325908,4323548,16626,0,754,0
11.727735996246338,42615,4321072,4325908,4323548,16626,0,754,0
11.742480039596558,42615,4321072,4325908,4323548,16626,0,754,0
11.757186889648438,42615,4321072,4325908,4323548,16626,0,754,0
11.771828889846802,42615,4321072,4325908,4323548,16626,0,754,0
11.786333084106445,42615,4321072,4325908,4323548,16626,0,754,0
11.80105209350586,42615,4321072,4325908,4323548,16626,0,754,0
11.815515995025635,42615,4321072,4325908,4323548,16626,0,754,0
11.830173969268799,42615,4321072,4325908,4323548,16626,0,754,0
11.844652891159058,42615,4321072,4325908,4323548,16626,0,754,0
11.859251022338867,42615,4321072,4325908,4323548,16626,0,754,0
11.873847961425781,42615,4321072,4325908,4323548,16626,0,754,0
11.88835096359253,42615,4321072,4325908,4323548,16626,0,754,0
11.903022050857544,42615,4321072,4325908,4323548,16626,0,754,0
11.917448043823242,42615,4321072,4325908,4323548,16626,0,754,0
11.931907892227173,42615,4321072,4325908,4323548,16626,0,754,0
11.946286916732788,42615,4321072,4325908,4323548,16626,0,754,0
11.961068868637085,42615,4321072,4325908,4323548,16626,0,754,0
11.975866079330444,42615,4321072,4325908,4323548,16626,0,754,0
11.990307092666626,42615,4321072,4325908,4323548,16626,0,754,0
12.00501298904419,42615,4321072,4325908,4323548,16626,0,754,0
12.019854068756104,42615,4321072,4325908,4323548,16626,0,754,0
12.034318923950195,42615,4321072,4325908,4323548,16626,0,754,0
12.048963069915771,42615,4321072,4325908,4323548,16626,0,754,0
12.06329607963562,42615,4321072,4325908,4323548,16626,0,754,0
12.077775001525879,42615,4321072,4325908,4323548,16626,0,754,0
12.092484951019287,42615,4321072,4325908,4323548,16626,0,754,0
12.107320070266724,42615,4321072,4325908,4323548,16626,0,754,0
12.121886968612671,42615,4321072,4325908,4323548,16626,0,754,0
12.136802911758423,42615,4321072,4325908,4323548,16626,0,754,0
12.151144027709961,42615,4321072,4325908,4323548,16626,0,754,0
12.165312051773071,42615,4321072,4325908,4323548,16626,0,754,0
12.179446935653687,42615,4321072,4325908,4323548,16626,0,754,0
12.193950891494751,42615,4321072,4325908,4323548,16626,0,754,0
12.20878005027771,42615,4321072,4325908,4323548,16626,0,754,0
12.223358869552612,42615,4321072,4325908,4323548,16626,0,754,0
12.23803997039795,42615,4321072,4325908,4323548,16626,0,754,0
12.252696990966797,42615,4321072,4325908,4323548,16626,0,754,0
12.267311096191406,42615,4321072,4325908,4323548,16626,0,754,0
12.281666040420532,42615,4321072,4325908,4323548,16626,0,754,0
12.296149015426636,42615,4321072,4325908,4323548,16626,0,754,0
12.31099796295166,42615,4321072,4325908,4323548,16626,0,754,0
12.325747966766357,42615,4321072,4325908,4323548,16626,0,754,0
12.340375900268555,42615,4321072,4325908,4323548,16626,0,754,0
12.355336904525757,42615,4321072,4325908,4323548,16626,0,754,0
12.370081901550293,42615,4321072,4325908,4323548,16626,0,754,0
12.384814023971558,42615,4321072,4325908,4323548,16626,0,754,0
12.3997220993042,42615,4321072,4325908,4323548,16626,0,754,0
12.414630889892578,42615,4321072,4325908,4323548,16626,0,754,0
12.429265975952148,42615,4321072,4325908,4323548,16626,0,754,0
12.443969011306763,42615,4321072,4325908,4323548,16626,0,754,0
12.458914995193481,42615,4321072,4325908,4323548,16626,0,754,0
12.474265098571777,42615,4321072,4325908,4323548,16626,0,754,0
12.489593029022217,42615,4321072,4325908,4323548,16626,0,754,0
12.504524946212769,42615,4321072,4325908,4323548,16626,0,754,0
12.51963210105896,42615,4321072,4325908,4323548,16626,0,754,0
12.534547090530396,42615,4321072,4325908,4323548,16626,0,754,0
12.549371004104614,42615,4321072,4325908,4323548,16626,0,754,0
12.564122915267944,42615,4321072,4325908,4323548,16626,0,754,0
12.578911066055298,42615,4321072,4325908,4323548,16626,0,754,0
12.593831062316895,42615,4321072,4325908,4323548,16626,0,754,0
12.608731985092163,42615,4321072,4325908,4323548,16626,0,754,0
12.623810052871704,42615,4321072,4325908,4323548,16626,0,754,0
12.638765096664429,42615,4321072,4325908,4323548,16626,0,754,0
12.653657913208008,42615,4321072,4325908,4323548,16626,0,754,0
12.668631076812744,42615,4321072,4325908,4323548,16626,0,754,0
12.684020042419434,42615,4321072,4325908,4323548,16626,0,754,0
12.699166059494019,42615,4321072,4325908,4323548,16626,0,754,0
12.714176893234253,42615,4321072,4325908,4323548,16626,0,754,0
12.729156970977783,42615,4321072,4325908,4323548,16626,0,754,0
12.744112968444824,42615,4321072,4325908,4323548,16626,0,754,0
12.75912594795227,42615,4321072,4325908,4323548,16626,0,754,0
12.773966073989868,42615,4321072,4325908,4323548,16626,0,754,0
12.78883695602417,42615,4321072,4325908,4323548,16626,0,754,0
12.803811073303223,42615,4321072,4325908,4323548,16626,0,754,0
12.818753957748413,42615,4321072,4325908,4323548,16626,0,754,0
12.83370590209961,42615,4321072,4325908,4323548,16626,0,754,0
12.8485689163208,42615,4321072,4325908,4323548,16626,0,754,0
12.863465070724487,42615,4321072,4325908,4323548,16626,0,754,0
12.878334045410156,42615,4321072,4325908,4323548,16626,0,754,0
12.893749952316284,42615,4321072,4325908,4323548,16626,0,754,0
12.908760070800781,42615,4321072,4325908,4323548,16626,0,754,0
12.923676013946533,42615,4321072,4325908,4323548,16626,0,754,0
12.938636064529419,42615,4321072,4325908,4323548,16626,0,754,0
12.953404903411865,42615,4321072,4325908,4323548,16626,0,754,0
12.9683198928833,42615,4321072,4325908,4323548,16626,0,754,0
12.983162879943848,42615,4321072,4325908,4323548,16626,0,754,0
12.998032093048096,42615,4321072,4325908,4323548,16626,0,754,0
13.012794971466064,42615,4321072,4325908,4323548,16626,0,754,0
13.02766489982605,42615,4321072,4325908,4323548,16626,0,754,0
13.042371034622192,42615,4321072,4325908,4323548,16626,0,754,0
13.057328939437866,42615,4321072,4325908,4323548,16626,0,754,0
13.072530031204224,42615,4321072,4325908,4323548,16626,0,754,0
13.087333917617798,42615,4321072,4325908,4323548,16626,0,754,0
13.102636098861694,42615,4321072,4325908,4323548,16626,0,754,0
13.117384910583496,42615,4321072,4325908,4323548,16626,0,754,0
13.132297039031982,42615,4321072,4325908,4323548,16626,0,754,0
13.147284984588623,42615,4321072,4325908,4323548,16626,0,754,0
13.162205934524536,42615,4321072,4325908,4323548,16626,0,754,0
13.177058935165405,42615,4321072,4325908,4323548,16626,0,754,0
13.19198489189148,42615,4321072,4325908,4323548,16626,0,754,0
13.206748962402344,42615,4321072,4325908,4323548,16626,0,754,0
13.221590042114258,42615,4321072,4325908,4323548,16626,0,754,0
13.236533880233765,42615,4321072,4325908,4323548,16626,0,754,0
13.251270055770874,42615,4321072,4325908,4323548,16626,0,754,0
13.266051054000854,42615,4321072,4325908,4323548,16626,0,754,0
13.2809898853302,42615,4321072,4325908,4323548,16626,0,754,0
13.295819997787476,42615,4321072,4325908,4323548,16626,0,754,0
13.31105089187622,42615,4321072,4325908,4323548,16626,0,754,0
13.325994968414307,42615,4321072,4325908,4323548,16626,0,754,0
13.340772867202759,42615,4321072,4325908,4323548,16626,0,754,0
13.355555057525635,42615,4321072,4325908,4323548,16626,0,754,0
13.370514869689941,42615,4321072,4325908,4323548,16626,0,754,0
13.385259866714478,42615,4321072,4325908,4323548,16626,0,754,0
13.40007209777832,42615,4321072,4325908,4323548,16626,0,754,0
13.414855003356934,42615,4321072,4325908,4323548,16626,0,754,0
13.429606914520264,42615,4321072,4325908,4323548,16626,0,754,0
13.444613933563232,42615,4321072,4325908,4323548,16626,0,754,0
13.459584951400757,42615,4321072,4325908,4323548,16626,0,754,0
13.474220037460327,42615,4321072,4325908,4323548,16626,0,754,0
13.489116907119751,42615,4321072,4325908,4323548,16626,0,754,0
13.503897905349731,42615,4321072,4325908,4323548,16626,0,754,0
13.519316911697388,42615,4321072,4325908,4323548,16626,0,754,0
13.534302949905396,42615,4321072,4325908,4323548,16626,0,754,0
13.549102067947388,42615,4321072,4325908,4323548,16626,0,754,0
13.56403398513794,42615,4321072,4325908,4323548,16626,0,754,0
13.57913088798523,42615,4321072,4325908,4323548,16626,0,754,0
13.59404993057251,42615,4321072,4325908,4323548,16626,0,754,0
13.608892917633057,42615,4321072,4325908,4323548,16626,0,754,0
13.62372899055481,42615,4321072,4325908,4323548,16626,0,754,0
13.63842487335205,42615,4321072,4325908,4323548,16626,0,754,0
13.65331506729126,42615,4321072,4325908,4323548,16626,0,754,0
13.66811203956604,42615,4321072,4325908,4323548,16626,0,754,0
13.683166027069092,42615,4321072,4325908,4323548,16626,0,754,0
13.69790506362915,42615,4321072,4325908,4323548,16626,0,754,0
13.712792873382568,42615,4321072,4325908,4323548,16626,0,754,0
13.72800087928772,42615,4321072,4325908,4323548,16626,0,754,0
13.74286699295044,42615,4321072,4325908,4323548,16626,0,754,0
13.757853031158447,42615,4321072,4325908,4323548,16626,0,754,0
13.772746086120605,42615,4321072,4325908,4323548,16626,0,754,0
13.787630081176758,42615,4321072,4325908,4323548,16626,0,754,0
13.802279949188232,42615,4321072,4325908,4323548,16626,0,754,0
13.817147970199585,42615,4321072,4325908,4323548,16626,0,754,0
13.831862926483154,42615,4321072,4325908,4323548,16626,0,754,0
13.846846103668213,42615,4321072,4325908,4323548,16626,0,754,0
13.861676931381226,42615,4321072,4325908,4323548,16626,0,754,0
13.876502990722656,42615,4321072,4325908,4323548,16626,0,754,0
13.891370058059692,42615,4321072,4325908,4323548,16626,0,754,0
13.906158924102783,42615,4321072,4325908,4323548,16626,0,754,0
13.920988082885742,42615,4321072,4325908,4323548,16626,0,754,0
13.93622088432312,42615,4321072,4325908,4323548,16626,0,754,0
13.951145887374878,42615,4321072,4325908,4323548,16626,0,754,0
13.965869903564453,42615,4321072,4325908,4323548,16626,0,754,0
13.980763912200928,42615,4321072,4325908,4323548,16626,0,754,0
13.995675086975098,42615,4321072,4325908,4323548,16626,0,754,0
14.010504961013794,42615,4321072,4325908,4323548,16626,0,754,0
14.025269985198975,42615,4321072,4325908,4323548,16626,0,754,0
14.042315006256104,42615,4321072,4325908,4323548,16626,0,754,0
14.0572030544281,42615,4321072,4325908,4323548,16626,0,754,0
14.072201013565063,42615,4321072,4325908,4323548,16626,0,754,0
14.087254047393799,42615,4321072,4325908,4323548,16626,0,754,0
14.102164030075073,42615,4321072,4325908,4323548,16626,0,754,0
14.117235898971558,42615,4321072,4325908,4323548,16626,0,754,0
14.132430076599121,42615,4321072,4325908,4323548,16626,0,754,0
14.14740800857544,42615,4321072,4325908,4323548,16626,0,754,0
14.162292003631592,42615,4321072,4325908,4323548,16626,0,754,0
14.17717695236206,42615,4321072,4325908,4323548,16626,0,754,0
14.19195008277893,42615,4321072,4325908,4323548,16626,0,754,0
14.206804990768433,42615,4321072,4325908,4323548,16626,0,754,0
14.221577882766724,42615,4321072,4325908,4323548,16626,0,754,0
14.236594915390015,42615,4321072,4325908,4323548,16626,0,754,0
14.251343965530396,42615,4321072,4325908,4323548,16626,0,754,0
14.26629900932312,42615,4321072,4325908,4323548,16626,0,754,0
14.281306028366089,42615,4321072,4325908,4323548,16626,0,754,0
14.296154022216797,42615,4321072,4325908,4323548,16626,0,754,0
14.310962915420532,42615,4321072,4325908,4323548,16626,0,754,0
14.325913906097412,42615,4321072,4325908,4323548,16626,0,754,0
14.34120488166809,42615,4321072,4325908,4323548,16626,0,754,0
14.356280088424683,42615,4321072,4325908,4323548,16626,0,754,0
14.371164083480835,42615,4321072,4325908,4323548,16626,0,754,0
14.386080026626587,42615,4321072,4325908,4323548,16626,0,754,0
14.40091609954834,42615,4321072,4325908,4323548,16626,0,754,0
14.415773868560791,42615,4321072,4325908,4323548,16626,0,754,0
14.430600881576538,42615,4321072,4325908,4323548,16626,0,754,0
14.445458889007568,42615,4321072,4325908,4323548,16626,0,754,0
14.460583925247192,42615,4321072,4325908,4323548,16626,0,754,0
14.475496053695679,42615,4321072,4325908,4323548,16626,0,754,0
14.490293025970459,42615,4321072,4325908,4323548,16626,0,754,0
14.505141019821167,42615,4321072,4325908,4323548,16626,0,754,0
14.520118951797485,42615,4321072,4325908,4323548,16626,0,754,0
14.534897089004517,42615,4321072,4325908,4323548,16626,0,754,0
14.549635887145996,42615,4321072,4325908,4323548,16626,0,754,0
14.564593076705933,42615,4321072,4325908,4323548,16626,0,754,0
14.579483032226562,42615,4321072,4325908,4323548,16626,0,754,0
14.594263076782227,42615,4321072,4325908,4323548,16626,0,754,0
14.6091890335083,42615,4321072,4325908,4323548,16626,0,754,0
14.624144077301025,42615,4321072,4325908,4323548,16626,0,754,0
14.6390380859375,42615,4321072,4325908,4323548,16626,0,754,0
14.653873920440674,42615,4321072,4325908,4323548,16626,0,754,0
14.668874979019165,42615,4321072,4325908,4323548,16626,0,754,0
14.68372893333435,42615,4321072,4325908,4323548,16626,0,754,0
14.698344945907593,42615,4321072,4325908,4323548,16626,0,754,0
14.713260889053345,42615,4321072,4325908,4323548,16626,0,754,0
14.728254079818726,42615,4321072,4325908,4323548,16626,0,754,0
14.743165016174316,42615,4321072,4325908,4323548,16626,0,754,0
14.758132934570312,42615,4321072,4325908,4323548,16626,0,754,0
14.77324104309082,42615,4321072,4325908,4323548,16626,0,754,0
14.788105964660645,42615,4321072,4325908,4323548,16626,0,754,0
14.803137063980103,42615,4321072,4325908,4323548,16626,0,754,0
14.81800889968872,42615,4321072,4325908,4323548,16626,0,754,0
14.83285903930664,42615,4321072,4325908,4323548,16626,0,754,0
14.847730875015259,42615,4321072,4325908,4323548,16626,0,754,0
14.862611055374146,42615,4321072,4325908,4323548,16626,0,754,0
14.87747597694397,42615,4321072,4325908,4323548,16626,0,754,0
14.892404079437256,42615,4321072,4325908,4323548,16626,0,754,0
14.907250881195068,42615,4321072,4325908,4323548,16626,0,754,0
14.92211389541626,42615,4321072,4325908,4323548,16626,0,754,0
14.936995029449463,42615,4321072,4325908,4323548,16626,0,754,0
14.95183801651001,42615,4321072,4325908,4323548,16626,0,754,0
14.966999053955078,42615,4321072,4325908,4323548,16626,0,754,0
14.982090950012207,42615,4321072,4325908,4323548,16626,0,754,0
14.997051000595093,42615,4321072,4325908,4323548,16626,0,754,0
15.012126922607422,42615,4321072,4325908,4323548,16626,0,754,0
15.02698802947998,42615,4321072,4325908,4323548,16626,0,754,0
15.041860103607178,42615,4321072,4325908,4323548,16626,0,754,0
15.05678391456604,42615,4321072,4325908,4323548,16626,0,754,0
15.071639060974121,42615,4321072,4325908,4323548,16626,0,754,0
15.086457014083862,42615,4321072,4325908,4323548,16626,0,754,0
15.10135006904602,42615,4321072,4325908,4323548,16626,0,754,0
15.116299867630005,42615,4321072,4325908,4323548,16626,0,754,0
15.131134986877441,42615,4321072,4325908,4323548,16626,0,754,0
15.14598298072815,42615,4321072,4325908,4323548,16626,0,754,0
15.16098403930664,42615,4321072,4325908,4323548,16626,0,754,0
15.17614197731018,42615,4321072,4325908,4323548,16626,0,754,0
15.191195964813232,42615,4321072,4325908,4323548,16626,0,754,0
15.206100940704346,42615,4321072,4325908,4323548,16626,0,754,0
15.220947027206421,42615,4321072,4325908,4323548,16626,0,754,0
15.235821962356567,42615,4321072,4325908,4323548,16626,0,754,0
15.250823020935059,42615,4321072,4325908,4323548,16626,0,754,0
15.265739917755127,42615,4321072,4325908,4323548,16626,0,754,0
15.280735969543457,42615,4321072,4325908,4323548,16626,0,754,0
15.295618057250977,42615,4321072,4325908,4323548,16626,0,754,0
15.310549974441528,42615,4321072,4325908,4323548,16626,0,754,0
15.325111865997314,42615,4321072,4325908,4323548,16626,0,754,0
15.339335918426514,42615,4321072,4325908,4323548,16626,0,754,0
15.354098081588745,42615,4321072,4325908,4323548,16626,0,754,0
15.368438005447388,42615,4321072,4325908,4323548,16626,0,754,0
15.383459091186523,42615,4321072,4325908,4323548,16626,0,754,0
15.398051977157593,42615,4321072,4325908,4323548,16626,0,754,0
15.41242003440857,42615,4321072,4325908,4323548,16626,0,754,0
15.426850080490112,42615,4321072,4325908,4323548,16626,0,754,0
15.441251993179321,42615,4321072,4325908,4323548,16626,0,754,0
15.455440998077393,42615,4321072,4325908,4323548,16626,0,754,0
15.469690084457397,42615,4321072,4325908,4323548,16626,0,754,0
15.483887910842896,42615,4321072,4325908,4323548,16626,0,754,0
15.498281002044678,42615,4321072,4325908,4323548,16626,0,754,0
15.513001918792725,42615,4321072,4325908,4323548,16626,0,754,0
15.527393102645874,42615,4321072,4325908,4323548,16626,0,754,0
15.541938066482544,42615,4321072,4325908,4323548,16626,0,754,0
15.556360006332397,42615,4321072,4325908,4323548,16626,0,754,0
15.570828914642334,42615,4321072,4325908,4323548,16626,0,754,0
15.585695028305054,42615,4321072,4325908,4323548,16626,0,754,0
15.600441932678223,42615,4321072,4325908,4323548,16626,0,754,0
15.614940881729126,42615,4321072,4325908,4323548,16626,0,754,0
15.629324913024902,42615,4321072,4325908,4323548,16626,0,754,0
15.64342999458313,42615,4321072,4325908,4323548,16626,0,754,0
15.658051013946533,42615,4321072,4325908,4323548,16626,0,754,0
15.672863006591797,42615,4321072,4325908,4323548,16626,0,754,0
15.688987016677856,42615,4321072,4325908,4323548,16626,0,754,0
15.705044984817505,42615,4321072,4325908,4323548,16626,0,754,0
15.721060991287231,42615,4321072,4325908,4323548,16626,0,754,0
15.737261056900024,42615,4321072,4325908,4323548,16626,0,754,0
15.753479957580566,42615,4321072,4325908,4323548,16626,0,754,0
15.76926589012146,42615,4321072,4325908,4323548,16626,0,754,0
15.783684968948364,42615,4321072,4325908,4323548,16626,0,754,0
15.798332929611206,42615,4321072,4325908,4323548,16626,0,754,0
15.813229084014893,42615,4321072,4325908,4323548,16626,0,754,0
15.827915906906128,42615,4321072,4325908,4323548,16626,0,754,0
15.84235692024231,42615,4321072,4325908,4323548,16626,0,754,0
15.85689401626587,42615,4321072,4325908,4323548,16626,0,754,0
15.871236085891724,42615,4321072,4325908,4323548,16626,0,754,0
15.886162996292114,42615,4321072,4325908,4323548,16626,0,754,0
15.900986909866333,42615,4321072,4325908,4323548,16626,0,754,0
15.91581392288208,42615,4321072,4325908,4323548,16626,0,754,0
15.930382013320923,42615,4321072,4325908,4323548,16626,0,754,0
15.945249080657959,42615,4321072,4325908,4323548,16626,0,754,0
15.9599769115448,42615,4321072,4325908,4323548,16626,0,754,0
15.97451901435852,42615,4321072,4325908,4323548,16626,0,754,0
15.989413976669312,42615,4321072,4325908,4323548,16626,0,754,0
16.004143953323364,42615,4321072,4325908,4323548,16626,0,754,0
16.018797874450684,42615,4321072,4325908,4323548,16626,0,754,0
16.033053874969482,42615,4321072,4325908,4323548,16626,0,754,0
16.04738187789917,42615,4321072,4325908,4323548,16626,0,754,0
16.0617458820343,42615,4321072,4325908,4323548,16626,0,754,0
16.076222896575928,42615,4321072,4325908,4323548,16626,0,754,0
16.090352058410645,42615,4321072,4325908,4323548,16626,0,754,0
16.1045138835907,42615,4321072,4325908,4323548,16626,0,754,0
16.1191508769989,42615,4321072,4325908,4323548,16626,0,754,0
16.1339430809021,42615,4321072,4325908,4323548,16626,0,754,0
16.148405075073242,42615,4321072,4325908,4323548,16626,0,754,0
16.163254976272583,42615,4321072,4325908,4323548,16626,0,754,0
16.177732944488525,42615,4321072,4325908,4323548,16626,0,754,0
16.1924729347229,42615,4321072,4325908,4323548,16626,0,754,0
16.206907987594604,42615,4321072,4325908,4323548,16626,0,754,0
16.221256971359253,42615,4321072,4325908,4323548,16626,0,754,0
16.235660076141357,42615,4321072,4325908,4323548,16626,0,754,0
16.24989604949951,42615,4321072,4325908,4323548,16626,0,754,0
16.26415491104126,42615,4321072,4325908,4323548,16626,0,754,0
16.278409957885742,42615,4321072,4325908,4323548,16626,0,754,0
16.29298686981201,42615,4321072,4325908,4323548,16626,0,754,0
16.307483911514282,42615,4321072,4325908,4323548,16626,0,754,0
16.322164058685303,42615,4321072,4325908,4323548,16626,0,754,0
16.33684802055359,42615,4321072,4325908,4323548,16626,0,754,0
16.351376056671143,42615,4321072,4325908,4323548,16626,0,754,0
16.36582899093628,42615,4321072,4325908,4323548,16626,0,754,0
16.3804030418396,42615,4321072,4325908,4323548,16626,0,754,0
16.395067930221558,42615,4321072,4325908,4323548,16626,0,754,0
16.409817934036255,42615,4321072,4325908,4323548,16626,0,754,0
16.424428939819336,42615,4321072,4325908,4323548,16626,0,754,0
16.43875002861023,42615,4321072,4325908,4323548,16626,0,754,0
16.45337700843811,42615,4321072,4325908,4323548,16626,0,754,0
16.468098878860474,42615,4321072,4325908,4323548,16626,0,754,0
16.4828519821167,42615,4321072,4325908,4323548,16626,0,754,0
16.49735689163208,42615,4321072,4325908,4323548,16626,0,754,0
16.51210594177246,42615,4321072,4325908,4323548,16626,0,754,0
16.52675199508667,42615,4321072,4325908,4323548,16626,0,754,0
16.541362047195435,42615,4321072,4325908,4323548,16626,0,754,0
16.556096076965332,42615,4321072,4325908,4323548,16626,0,754,0
16.571220874786377,42615,4321072,4325908,4323548,16626,0,754,0
16.586427927017212,42615,4321072,4325908,4323548,16626,0,754,0
16.6018328666687,42615,4321072,4325908,4323548,16626,0,754,0
16.616899013519287,42615,4321072,4325908,4323548,16626,0,754,0
16.63137197494507,42615,4321072,4325908,4323548,16626,0,754,0
16.646015882492065,42615,4321072,4325908,4323548,16626,0,754,0
16.660367012023926,42615,4321072,4325908,4323548,16626,0,754,0
16.67501401901245,42615,4321072,4325908,4323548,16626,0,754,0
16.689318895339966,42615,4321072,4325908,4323548,16626,0,754,0
16.70381999015808,42615,4321072,4325908,4323548,16626,0,754,0
16.718371868133545,42615,4321072,4325908,4323548,16626,0,754,0
16.733059883117676,42615,4321072,4325908,4323548,16626,0,754,0
16.747411966323853,42615,4321072,4325908,4323548,16626,0,754,0
16.761713981628418,42615,4321072,4325908,4323548,16626,0,754,0
16.776213884353638,42615,4321072,4325908,4323548,16626,0,754,0
16.790977954864502,42615,4321072,4325908,4323548,16626,0,754,0
16.805865049362183,42615,4321072,4325908,4323548,16626,0,754,0
16.8205349445343,42615,4321072,4325908,4323548,16626,0,754,0
16.83527708053589,42615,4321072,4325908,4323548,16626,0,754,0
16.850080966949463,42615,4321072,4325908,4323548,16626,0,754,0
16.86485505104065,42615,4321072,4325908,4323548,16626,0,754,0
16.87935209274292,42615,4321072,4325908,4323548,16626,0,754,0
16.894057989120483,42615,4321072,4325908,4323548,16626,0,754,0
16.90874195098877,42615,4321072,4325908,4323548,16626,0,754,0
16.923326015472412,42615,4321072,4325908,4323548,16626,0,754,0
16.93816900253296,42615,4321072,4325908,4323548,16626,0,754,0
16.95537805557251,42615,4321072,4325908,4323548,16626,0,754,0
16.970098972320557,42615,4321072,4325908,4323548,16626,0,754,0
16.9847309589386,42615,4321072,4325908,4323548,16626,0,754,0
16.99974489212036,42615,4321072,4325908,4323548,16626,0,754,0
17.01474094390869,42615,4321072,4325908,4323548,16626,0,754,0
17.029402017593384,42615,4321072,4325908,4323548,16626,0,754,0
17.04411792755127,42615,4321072,4325908,4323548,16626,0,754,0
17.05881690979004,42615,4321072,4325908,4323548,16626,0,754,0
17.073378086090088,42615,4321072,4325908,4323548,16626,0,754,0
17.08807396888733,42615,4321072,4325908,4323548,16626,0,754,0
17.10271692276001,42615,4321072,4325908,4323548,16626,0,754,0
17.117433071136475,42615,4321072,4325908,4323548,16626,0,754,0
17.132261991500854,42615,4321072,4325908,4323548,16626,0,754,0
17.146852016448975,42615,4321072,4325908,4323548,16626,0,754,0
17.16146206855774,42615,4321072,4325908,4323548,16626,0,754,0
17.176196098327637,42615,4321072,4325908,4323548,16626,0,754,0
17.19082999229431,42615,4321072,4325908,4323548,16626,0,754,0
17.20538902282715,42615,4321072,4325908,4323548,16626,0,754,0
17.22035789489746,42615,4321072,4325908,4323548,16626,0,754,0
17.23532009124756,42615,4321072,4325908,4323548,16626,0,754,0
17.25004506111145,42615,4321072,4325908,4323548,16626,0,754,0
17.264801025390625,42615,4321072,4325908,4323548,16626,0,754,0
17.279300928115845,42615,4321072,4325908,4323548,16626,0,754,0
17.29345989227295,42615,4321072,4325908,4323548,16626,0,754,0
17.30783700942993,42615,4321072,4325908,4323548,16626,0,754,0
17.322427988052368,42615,4321072,4325908,4323548,16626,0,754,0
17.337755918502808,42615,4321072,4325908,4323548,16626,0,754,0
17.35249400138855,42615,4321072,4325908,4323548,16626,0,754,0
17.367265939712524,42615,4321072,4325908,4323548,16626,0,754,0
17.381975889205933,42615,4321072,4325908,4323548,16626,0,754,0
17.396754026412964,42615,4321072,4325908,4323548,16626,0,754,0
17.411350965499878,42615,4321072,4325908,4323548,16626,0,754,0
17.426126956939697,42615,4321072,4325908,4323548,16626,0,754,0
17.44082808494568,42615,4321072,4325908,4323548,16626,0,754,0
17.455372095108032,42615,4321072,4325908,4323548,16626,0,754,0
17.47009301185608,42615,4321072,4325908,4323548,16626,0,754,0
17.4848210811615,42615,4321072,4325908,4323548,16626,0,754,0
17.499372005462646,42615,4321072,4325908,4323548,16626,0,754,0
17.514101028442383,42615,4321072,4325908,4323548,16626,0,754,0
17.528789043426514,42615,4321072,4325908,4323548,16626,0,754,0
17.543385982513428,42615,4321072,4325908,4323548,16626,0,754,0
17.558027029037476,42615,4321072,4325908,4323548,16626,0,754,0
17.5727219581604,42615,4321072,4325908,4323548,16626,0,754,0
17.58734393119812,42615,4321072,4325908,4323548,16626,0,754,0
17.602164030075073,42615,4321072,4325908,4323548,16626,0,754,0
17.61695098876953,42615,4321072,4325908,4323548,16626,0,754,0
17.631494998931885,42615,4321072,4325908,4323548,16626,0,754,0
17.646197080612183,42615,4321072,4325908,4323548,16626,0,754,0
17.660907983779907,42615,4321072,4325908,4323548,16626,0,754,0
17.675450086593628,42615,4321072,4325908,4323548,16626,0,754,0
17.690243005752563,42615,4321072,4325908,4323548,16626,0,754,0
17.70487904548645,42615,4321072,4325908,4323548,16626,0,754,0
17.71935486793518,42615,4321072,4325908,4323548,16626,0,754,0
17.734044075012207,42615,4321072,4325908,4323548,16626,0,754,0
17.748743057250977,42615,4321072,4325908,4323548,16626,0,754,0
17.763381004333496,42615,4321072,4325908,4323548,16626,0,754,0
17.77803897857666,42615,4321072,4325908,4323548,16626,0,754,0
17.792720079421997,42615,4321072,4325908,4323548,16626,0,754,0
17.80734896659851,42615,4321072,4325908,4323548,16626,0,754,0
17.82194709777832,42615,4321072,4325908,4323548,16626,0,754,0
17.836400985717773,42615,4321072,4325908,4323548,16626,0,754,0
17.85151696205139,42615,4321072,4325908,4323548,16626,0,754,0
17.866904973983765,42615,4321072,4325908,4323548,16626,0,754,0
17.882304906845093,42615,4321072,4325908,4323548,16626,0,754,0
17.897865056991577,42615,4321072,4325908,4323548,16626,0,754,0
17.913186073303223,42615,4321072,4325908,4323548,16626,0,754,0
17.928391933441162,42615,4321072,4325908,4323548,16626,0,754,0
17.943283081054688,42615,4321072,4325908,4323548,16626,0,754,0
17.957958936691284,42615,4321072,4325908,4323548,16626,0,754,0
17.972744941711426,42615,4321072,4325908,4323548,16626,0,754,0
17.987349033355713,42615,4321072,4325908,4323548,16626,0,754,0
18.00206708908081,42615,4321072,4325908,4323548,16626,0,754,0
18.01677894592285,42615,4321072,4325908,4323548,16626,0,754,0
18.031738996505737,42615,4321072,4325908,4323548,16626,0,754,0
18.046783924102783,42615,4321072,4325908,4323548,16626,0,754,0
18.06135892868042,42615,4321072,4325908,4323548,16626,0,754,0
18.075872898101807,42615,4321072,4325908,4323548,16626,0,754,0
18.090380907058716,42615,4321072,4325908,4323548,16626,0,754,0
18.10511803627014,42615,4321072,4325908,4323548,16626,0,754,0
18.11974787712097,42615,4321072,4325908,4323548,16626,0,754,0
18.13435387611389,42615,4321072,4325908,4323548,16626,0,754,0
18.149250984191895,42615,4321072,4325908,4323548,16626,0,754,0
18.163949012756348,42615,4321072,4325908,4323548,16626,0,754,0
18.178498029708862,42615,4321072,4325908,4323548,16626,0,754,0
18.193228006362915,42615,4321072,4325908,4323548,16626,0,754,0
18.20779299736023,42615,4321072,4325908,4323548,16626,0,754,0
18.2223539352417,42615,4321072,4325908,4323548,16626,0,754,0
18.236835956573486,42615,4321072,4325908,4323548,16626,0,754,0
18.25131893157959,42615,4321072,4325908,4323548,16626,0,754,0
18.266160011291504,42615,4321072,4325908,4323548,16626,0,754,0
18.281075954437256,42615,4321072,4325908,4323548,16626,0,754,0
18.29584002494812,42615,4321072,4325908,4323548,16626,0,754,0
18.310468912124634,42615,4321072,4325908,4323548,16626,0,754,0
18.32510495185852,42615,4321072,4325908,4323548,16626,0,754,0
18.339816093444824,42615,4321072,4325908,4323548,16626,0,754,0
18.3543860912323,42615,4321072,4325908,4323548,16626,0,754,0
18.369122982025146,42615,4321072,4325908,4323548,16626,0,754,0
18.383840084075928,42615,4321072,4325908,4323548,16626,0,754,0
18.398364067077637,42615,4321072,4325908,4323548,16626,0,754,0
18.413021087646484,42615,4321072,4325908,4323548,16626,0,754,0
18.427356958389282,42615,4321072,4325908,4323548,16626,0,754,0
18.441422939300537,42615,4321072,4325908,4323548,16626,0,754,0
18.45598602294922,42615,4321072,4325908,4323548,16626,0,754,0
18.47045588493347,42615,4321072,4325908,4323548,16626,0,754,0
18.485305070877075,42615,4321072,4325908,4323548,16626,0,754,0
18.50005793571472,42615,4321072,4325908,4323548,16626,0,754,0
18.514693021774292,42615,4321072,4325908,4323548,16626,0,754,0
18.529444932937622,42615,4321072,4325908,4323548,16626,0,754,0
18.54404091835022,42615,4321072,4325908,4323548,16626,0,754,0
18.558379888534546,42615,4321072,4325908,4323548,16626,0,754,0
18.573293924331665,42615,4321072,4325908,4323548,16626,0,754,0
18.587974071502686,42615,4321072,4325908,4323548,16626,0,754,0
18.60242009162903,42615,4321072,4325908,4323548,16626,0,754,0
18.61720108985901,42615,4321072,4325908,4323548,16626,0,754,0
18.631850004196167,42615,4321072,4325908,4323548,16626,0,754,0
18.646365880966187,42615,4321072,4325908,4323548,16626,0,754,0
18.66158699989319,42615,4321072,4325908,4323548,16626,0,754,0
18.67738699913025,42615,4321072,4325908,4323548,16626,0,754,0
18.693105936050415,42615,4321072,4325908,4323548,16626,0,754,0
18.708620071411133,42615,4321072,4325908,4323548,16626,0,754,0
18.723352909088135,42615,4321072,4325908,4323548,16626,0,754,0
18.737855911254883,42615,4321072,4325908,4323548,16626,0,754,0
18.75234889984131,42615,4321072,4325908,4323548,16626,0,754,0
18.76699995994568,42615,4321072,4325908,4323548,16626,0,754,0
18.781503915786743,42615,4321072,4325908,4323548,16626,0,754,0
18.796205043792725,42615,4321072,4325908,4323548,16626,0,754,0
18.810905933380127,42615,4321072,4325908,4323548,16626,0,754,0
18.82546305656433,42615,4321072,4325908,4323548,16626,0,754,0
18.840182065963745,42615,4321072,4325908,4323548,16626,0,754,0
18.854948043823242,42615,4321072,4325908,4323548,16626,0,754,0
18.869522094726562,42615,4321072,4325908,4323548,16626,0,754,0
18.884205102920532,42615,4321072,4325908,4323548,16626,0,754,0
18.901402950286865,42615,4321072,4325908,4323548,16626,0,754,0
18.916150093078613,42615,4321072,4325908,4323548,16626,0,754,0
18.9309139251709,42615,4321072,4325908,4323548,16626,0,754,0
18.94552206993103,42615,4321072,4325908,4323548,16626,0,754,0
18.960292100906372,42615,4321072,4325908,4323548,16626,0,754,0
18.97504687309265,42615,4321072,4325908,4323548,16626,0,754,0
18.98934292793274,42615,4321072,4325908,4323548,16626,0,754,0
19.0036940574646,42615,4321072,4325908,4323548,16626,0,754,0
19.01837992668152,42615,4321072,4325908,4323548,16626,0,754,0
19.033395051956177,42615,4321072,4325908,4323548,16626,0,754,0
19.048219919204712,42615,4321072,4325908,4323548,16626,0,754,0
19.062987089157104,42615,4321072,4325908,4323548,16626,0,754,0
19.07752299308777,42615,4321072,4325908,4323548,16626,0,754,0
19.092225074768066,42615,4321072,4325908,4323548,16626,0,754,0
19.106942892074585,42615,4321072,4325908,4323548,16626,0,754,0
19.121733903884888,42615,4321072,4325908,4323548,16626,0,754,0
19.136357069015503,42615,4321072,4325908,4323548,16626,0,754,0
19.150779008865356,42615,4321072,4325908,4323548,16626,0,754,0
19.16541600227356,42615,4321072,4325908,4323548,16626,0,754,0
19.180233001708984,42615,4321072,4325908,4323548,16626,0,754,0
19.19485092163086,42615,4321072,4325908,4323548,16626,0,754,0
19.209203958511353,42615,4321072,4325908,4323548,16626,0,754,0
19.22327208518982,42615,4321072,4325908,4323548,16626,0,754,0
19.238085985183716,42615,4321072,4325908,4323548,16626,0,754,0
19.252975940704346,42615,4321072,4325908,4323548,16626,0,754,0
19.267257928848267,42615,4321072,4325908,4323548,16626,0,754,0
19.282016038894653,42615,4321072,4325908,4323548,16626,0,754,0
19.296499013900757,42615,4321072,4325908,4323548,16626,0,754,0
19.31122899055481,42615,4321072,4325908,4323548,16626,0,754,0
19.325902938842773,42615,4321072,4325908,4323548,16626,0,754,0
19.34118890762329,42615,4321072,4325908,4323548,16626,0,754,0
19.356146097183228,42615,4321072,4325908,4323548,16626,0,754,0
19.37095808982849,42615,4321072,4325908,4323548,16626,0,754,0
19.385891914367676,42615,4321072,4325908,4323548,16626,0,754,0
19.400774002075195,42615,4321072,4325908,4323548,16626,0,754,0
19.415613889694214,42615,4321072,4325908,4323548,16626,0,754,0
19.430384874343872,42615,4321072,4325908,4323548,16626,0,754,0
19.445280075073242,42615,4321072,4325908,4323548,16626,0,754,0
19.460153102874756,42615,4321072,4325908,4323548,16626,0,754,0
19.47515606880188,42615,4321072,4325908,4323548,16626,0,754,0
19.490127086639404,42615,4321072,4325908,4323548,16626,0,754,0
19.505162954330444,42615,4321072,4325908,4323548,16626,0,754,0
19.519896030426025,42615,4321072,4325908,4323548,16626,0,754,0
19.5348379611969,42615,4321072,4325908,4323548,16626,0,754,0
19.550002098083496,42615,4321072,4325908,4323548,16626,0,754,0
19.56504988670349,42615,4321072,4325908,4323548,16626,0,754,0
19.579833984375,42615,4321072,4325908,4323548,16626,0,754,0
19.594717979431152,42615,4321072,4325908,4323548,16626,0,754,0
19.60968589782715,42615,4321072,4325908,4323548,16626,0,754,0
19.624515056610107,42615,4321072,4325908,4323548,16626,0,754,0
19.63928508758545,42615,4321072,4325908,4323548,16626,0,754,0
19.654149055480957,42615,4321072,4325908,4323548,16626,0,754,0
19.669091939926147,42615,4321072,4325908,4323548,16626,0,754,0
19.684128999710083,42615,4321072,4325908,4323548,16626,0,754,0
19.698806047439575,42615,4321072,4325908,4323548,16626,0,754,0
19.713656902313232,42615,4321072,4325908,4323548,16626,0,754,0
19.72865891456604,42615,4321072,4325908,4323548,16626,0,754,0
19.743496894836426,42615,4321072,4325908,4323548,16626,0,754,0
19.758687019348145,42615,4321072,4325908,4323548,16626,0,754,0
19.77360987663269,42615,4321072,4325908,4323548,16626,0,754,0
19.788515090942383,42615,4321072,4325908,4323548,16626,0,754,0
19.8033230304718,42615,4321072,4325908,4323548,16626,0,754,0
19.818135023117065,42615,4321072,4325908,4323548,16626,0,754,0
19.83310604095459,42615,4321072,4325908,4323548,16626,0,754,0
19.847981929779053,42615,4321072,4325908,4323548,16626,0,754,0
19.862834930419922,42615,4321072,4325908,4323548,16626,0,754,0
19.8805410861969,42615,4321072,4325908,4323548,16626,0,754,0
19.89567995071411,42615,4321072,4325908,4323548,16626,0,754,0
19.910338878631592,42615,4321072,4325908,4323548,16626,0,754,0
19.92519998550415,42615,4321072,4325908,4323548,16626,0,754,0
19.940093994140625,42615,4321072,4325908,4323548,16626,0,754,0
19.954878091812134,42615,4321072,4325908,4323548,16626,0,754,0
19.970309019088745,42615,4321072,4325908,4323548,16626,0,754,0
19.98532199859619,42615,4321072,4325908,4323548,16626,0,754,0
20.000377893447876,42615,4321072,4325908,4323548,16626,0,754,0
20.01520609855652,42615,4321072,4325908,4323548,16626,0,754,0
20.029983043670654,42615,4321072,4325908,4323548,16626,0,754,0
20.04478907585144,42615,4321072,4325908,4323548,16626,0,754,0
20.059561014175415,42615,4321072,4325908,4323548,16626,0,754,0
20.07428503036499,42615,4321072,4325908,4323548,16626,0,754,0
20.089088916778564,42615,4321072,4325908,4323548,16626,0,754,0
20.104081869125366,42615,4321072,4325908,4323548,16626,0,754,0
20.118890047073364,42615,4321072,4325908,4323548,16626,0,754,0
20.133843898773193,42615,4321072,4325908,4323548,16626,0,754,0
20.14873504638672,42615,4321072,4325908,4323548,16626,0,754,0
20.16384506225586,42615,4321072,4325908,4323548,16626,0,754,0
20.178781032562256,42615,4321072,4325908,4323548,16626,0,754,0
20.193721055984497,42615,4321072,4325908,4323548,16626,0,754,0
20.20849108695984,42615,4321072,4325908,4323548,16626,0,754,0
20.22331404685974,42615,4321072,4325908,4323548,16626,0,754,0
20.2382550239563,42615,4321072,4325908,4323548,16626,0,754,0
20.253103971481323,42615,4321072,4325908,4323548,16626,0,754,0
20.26807689666748,42615,4321072,4325908,4323548,16626,0,754,0
20.283036947250366,42615,4321072,4325908,4323548,16626,0,754,0
20.29808497428894,42615,4321072,4325908,4323548,16626,0,754,0
20.312846899032593,42615,4321072,4325908,4323548,16626,0,754,0
20.327744007110596,42615,4321072,4325908,4323548,16626,0,754,0
20.342751026153564,42615,4321072,4325908,4323548,16626,0,754,0
20.35757303237915,42615,4321072,4325908,4323548,16626,0,754,0
20.37277889251709,42615,4321072,4325908,4323548,16626,0,754,0
20.387782096862793,42615,4321072,4325908,4323548,16626,0,754,0
20.40278697013855,42615,4321072,4325908,4323548,16626,0,754,0
20.41766095161438,42615,4321072,4325908,4323548,16626,0,754,0
20.432399034500122,42615,4321072,4325908,4323548,16626,0,754,0
20.447266101837158,42615,4321072,4325908,4323548,16626,0,754,0
20.4621479511261,42615,4321072,4325908,4323548,16626,0,754,0
20.477088928222656,42615,4321072,4325908,4323548,16626,0,754,0
20.492055892944336,42615,4321072,4325908,4323548,16626,0,754,0
20.506891012191772,42615,4321072,4325908,4323548,16626,0,754,0
20.52176308631897,42615,4321072,4325908,4323548,16626,0,754,0
20.53643798828125,42615,4321072,4325908,4323548,16626,0,754,0
20.551310062408447,42615,4321072,4325908,4323548,16626,0,754,0
20.566298961639404,42615,4321072,4325908,4323548,16626,0,754,0
20.581439971923828,42615,4321072,4325908,4323548,16626,0,754,0
20.596304893493652,42615,4321072,4325908,4323548,16626,0,754,0
20.611406087875366,42615,4321072,4325908,4323548,16626,0,754,0
20.626292943954468,42615,4321072,4325908,4323548,16626,0,754,0
20.641155004501343,42615,4321072,4325908,4323548,16626,0,754,0
20.656112909317017,42615,4321072,4325908,4323548,16626,0,754,0
20.670986890792847,42615,4321072,4325908,4323548,16626,0,754,0
20.6857430934906,42615,4321072,4325908,4323548,16626,0,754,0
20.70069909095764,42615,4321072,4325908,4323548,16626,0,754,0
20.715718984603882,42615,4321072,4325908,4323548,16626,0,754,0
20.730589866638184,42615,4321072,4325908,4323548,16626,0,754,0
20.74529790878296,42615,4321072,4325908,4323548,16626,0,754,0
20.760224103927612,42615,4321072,4325908,4323548,16626,0,754,0
20.77514100074768,42615,4321072,4325908,4323548,16626,0,754,0
20.790261030197144,42615,4321072,4325908,4323548,16626,0,754,0
20.805638074874878,42615,4321072,4325908,4323548,16626,0,754,0
20.82077693939209,42615,4321072,4325908,4323548,16626,0,754,0
20.8355929851532,42615,4321072,4325908,4323548,16626,0,754,0
20.850630044937134,42615,4321072,4325908,4323548,16626,0,754,0
20.865652084350586,42615,4321072,4325908,4323548,16626,0,754,0
20.88038992881775,42615,4321072,4325908,4323548,16626,0,754,0
20.895241022109985,42615,4321072,4325908,4323548,16626,0,754,0
20.910135984420776,42615,4321072,4325908,4323548,16626,0,754,0
20.924973964691162,42615,4321072,4325908,4323548,16626,0,754,0
20.939740896224976,42615,4321072,4325908,4323548,16626,0,754,0
20.95454692840576,42615,4321072,4325908,4323548,16626,0,754,0
20.969356060028076,42615,4321072,4325908,4323548,16626,0,754,0
20.984402894973755,42615,4321072,4325908,4323548,16626,0,754,0
20.99966287612915,42615,4321072,4325908,4323548,16626,0,754,0
21.014645099639893,42615,4321072,4325908,4323548,16626,0,754,0
21.029558897018433,42615,4321072,4325908,4323548,16626,0,754,0
21.044540882110596,42615,4321072,4325908,4323548,16626,0,754,0
21.059415102005005,42615,4321072,4325908,4323548,16626,0,754,0
21.074307918548584,42615,4321072,4325908,4323548,16626,0,754,0
21.089258909225464,42615,4321072,4325908,4323548,16626,0,754,0
21.104126930236816,42615,4321072,4325908,4323548,16626,0,754,0
21.119050979614258,42615,4321072,4325908,4323548,16626,0,754,0
21.13403606414795,42615,4321072,4325908,4323548,16626,0,754,0
21.14884901046753,42615,4321072,4325908,4323548,16626,0,754,0
21.16366195678711,42615,4321072,4325908,4323548,16626,0,754,0
21.178648948669434,42615,4321072,4325908,4323548,16626,0,754,0
21.193471908569336,42615,4321072,4325908,4323548,16626,0,754,0
21.20862102508545,42615,4321072,4325908,4323548,16626,0,754,0
21.223634958267212,42615,4321072,4325908,4323548,16626,0,754,0
21.23847794532776,42615,4321072,4325908,4323548,16626,0,754,0
21.253366947174072,42615,4321072,4325908,4323548,16626,0,754,0
21.268260955810547,42615,4321072,4325908,4323548,16626,0,754,0
21.28310799598694,42615,4321072,4325908,4323548,16626,0,754,0
21.2980740070343,42615,4321072,4325908,4323548,16626,0,754,0
21.31290102005005,42615,4321072,4325908,4323548,16626,0,754,0
21.327785968780518,42615,4321072,4325908,4323548,16626,0,754,0
21.34262990951538,42615,4321072,4325908,4323548,16626,0,754,0
21.357630014419556,42615,4321072,4325908,4323548,16626,0,754,0
21.37250590324402,42615,4321072,4325908,4323548,16626,0,754,0
21.38749408721924,42615,4321072,4325908,4323548,16626,0,754,0
21.402302026748657,42615,4321072,4325908,4323548,16626,0,754,0
21.41737389564514,42615,4321072,4325908,4323548,16626,0,754,0
21.43230390548706,42615,4321072,4325908,4323548,16626,0,754,0
21.447077989578247,42615,4321072,4325908,4323548,16626,0,754,0
21.46194291114807,42615,4321072,4325908,4323548,16626,0,754,0
21.47676396369934,42615,4321072,4325908,4323548,16626,0,754,0
21.49163508415222,42615,4321072,4325908,4323548,16626,0,754,0
21.50653600692749,42615,4321072,4325908,4323548,16626,0,754,0
21.52128005027771,42615,4321072,4325908,4323548,16626,0,754,0
21.536232948303223,42615,4321072,4325908,4323548,16626,0,754,0
21.550904989242554,42615,4321072,4325908,4323548,16626,0,754,0
21.56591486930847,42615,4321072,4325908,4323548,16626,0,754,0
21.58077597618103,42615,4321072,4325908,4323548,16626,0,754,0
21.595638036727905,42615,4321072,4325908,4323548,16626,0,754,0
21.610630989074707,42615,4321072,4325908,4323548,16626,0,754,0
21.625793933868408,42615,4321072,4325908,4323548,16626,0,754,0
21.64087700843811,42615,4321072,4325908,4323548,16626,0,754,0
21.655899047851562,42615,4321072,4325908,4323548,16626,0,754,0
21.670737981796265,42615,4321072,4325908,4323548,16626,0,754,0
21.685621976852417,42615,4321072,4325908,4323548,16626,0,754,0
21.700501918792725,42615,4321072,4325908,4323548,16626,0,754,0
21.715511083602905,42615,4321072,4325908,4323548,16626,0,754,0
21.73034405708313,42615,4321072,4325908,4323548,16626,0,754,0
21.745235919952393,42615,4321072,4325908,4323548,16626,0,754,0
21.76009702682495,42615,4321072,4325908,4323548,16626,0,754,0
21.77484703063965,42615,4321072,4325908,4323548,16626,0,754,0
21.789700984954834,42615,4321072,4325908,4323548,16626,0,754,0
21.80458402633667,42615,4321072,4325908,4323548,16626,0,754,0
21.822166919708252,42615,4321072,4325908,4323548,16626,0,754,0
21.83755588531494,42615,4321072,4325908,4323548,16626,0,754,0
21.852463960647583,42615,4321072,4325908,4323548,16626,0,754,0
21.867312908172607,42615,4321072,4325908,4323548,16626,0,754,0
21.882143020629883,42615,4321072,4325908,4323548,16626,0,754,0
21.897199869155884,42615,4321072,4325908,4323548,16626,0,754,0
21.912107944488525,42615,4321072,4325908,4323548,16626,0,754,0
21.926982879638672,42615,4321072,4325908,4323548,16626,0,754,0
21.94182586669922,42615,4321072,4325908,4323548,16626,0,754,0
21.956624031066895,42615,4321072,4325908,4323548,16626,0,754,0
21.971555948257446,42615,4321072,4325908,4323548,16626,0,754,0
21.986512899398804,42615,4321072,4325908,4323548,16626,0,754,0
22.001353979110718,42615,4321072,4325908,4323548,16626,0,754,0
22.016283988952637,42615,4321072,4325908,4323548,16626,0,754,0
22.031142950057983,42615,4321072,4325908,4323548,16626,0,754,0
22.04630708694458,42615,4321072,4325908,4323548,16626,0,754,0
22.061273097991943,42615,4321072,4325908,4323548,16626,0,754,0
22.076061010360718,42615,4321072,4325908,4323548,16626,0,754,0
22.09076499938965,42615,4321072,4325908,4323548,16626,0,754,0
22.105382919311523,42615,4321072,4325908,4323548,16626,0,754,0
22.120280027389526,42615,4321072,4325908,4323548,16626,0,754,0
22.135222911834717,42615,4321072,4325908,4323548,16626,0,754,0
22.15019392967224,42615,4321072,4325908,4323548,16626,0,754,0
22.16517400741577,42615,4321072,4325908,4323548,16626,0,754,0
22.179877042770386,42615,4321072,4325908,4323548,16626,0,754,0
22.19489598274231,42615,4321072,4325908,4323548,16626,0,754,0
22.209826946258545,42615,4321072,4325908,4323548,16626,0,754,0
22.22463297843933,42615,4321072,4325908,4323548,16626,0,754,0
22.239301919937134,42615,4321072,4325908,4323548,16626,0,754,0
22.25450301170349,42615,4321072,4325908,4323548,16626,0,754,0
22.26948595046997,42615,4321072,4325908,4323548,16626,0,754,0
22.28438091278076,42615,4321072,4325908,4323548,16626,0,754,0
22.298717975616455,42615,4321072,4325908,4323548,16626,0,754,0
22.313400983810425,42615,4321072,4325908,4323548,16626,0,754,0
22.328195095062256,42615,4321072,4325908,4323548,16626,0,754,0
22.343131065368652,42615,4321072,4325908,4323548,16626,0,754,0
22.357815980911255,42615,4321072,4325908,4323548,16626,0,754,0
22.372297048568726,42615,4321072,4325908,4323548,16626,0,754,0
22.38722586631775,42615,4321072,4325908,4323548,16626,0,754,0
22.40199303627014,42615,4321072,4325908,4323548,16626,0,754,0
22.416545867919922,42615,4321072,4325908,4323548,16626,0,754,0
22.43129801750183,42615,4321072,4325908,4323548,16626,0,754,0
22.44602394104004,42615,4321072,4325908,4323548,16626,0,754,0
22.460905075073242,42615,4321072,4325908,4323548,16626,0,754,0
22.475831031799316,42615,4321072,4325908,4323548,16626,0,754,0
22.490442037582397,42615,4321072,4325908,4323548,16626,0,754,0
22.505213975906372,42615,4321072,4325908,4323548,16626,0,754,0
22.519991874694824,42615,4321072,4325908,4323548,16626,0,754,0
22.534379959106445,42615,4321072,4325908,4323548,16626,0,754,0
22.548861980438232,42615,4321072,4325908,4323548,16626,0,754,0
22.56339406967163,42615,4321072,4325908,4323548,16626,0,754,0
22.5781729221344,42615,4321072,4325908,4323548,16626,0,754,0
22.592976093292236,42615,4321072,4325908,4323548,16626,0,754,0
22.607539892196655,42615,4321072,4325908,4323548,16626,0,754,0
22.62277388572693,42615,4321072,4325908,4323548,16626,0,754,0
22.637757062911987,42615,4321072,4325908,4323548,16626,0,754,0
22.652484893798828,42615,4321072,4325908,4323548,16626,0,754,0
22.66829490661621,42615,4321072,4325908,4323548,16626,0,754,0
22.684081077575684,42615,4321072,4325908,4323548,16626,0,754,0
22.69890809059143,42615,4321072,4325908,4323548,16626,0,754,0
22.713754892349243,42615,4321072,4325908,4323548,16626,0,754,0
22.72854208946228,42615,4321072,4325908,4323548,16626,0,754,0
22.74326205253601,42615,4321072,4325908,4323548,16626,0,754,0
22.757899045944214,42615,4321072,4325908,4323548,16626,0,754,0
22.772718906402588,42615,4321072,4325908,4323548,16626,0,754,0
22.789609909057617,42615,4321072,4325908,4323548,16626,0,754,0
22.804208993911743,42615,4321072,4325908,4323548,16626,0,754,0
22.818912982940674,42615,4321072,4325908,4323548,16626,0,754,0
22.833436965942383,42615,4321072,4325908,4323548,16626,0,754,0
22.848231077194214,42615,4321072,4325908,4323548,16626,0,754,0
22.863116979599,42615,4321072,4325908,4323548,16626,0,754,0
22.87785291671753,42615,4321072,4325908,4323548,16626,0,754,0
22.892761945724487,42615,4321072,4325908,4323548,16626,0,754,0
22.90738797187805,42615,4321072,4325908,4323548,16626,0,754,0
22.922070026397705,42615,4321072,4325908,4323548,16626,0,754,0
22.936479091644287,42615,4321072,4325908,4323548,16626,0,754,0
22.950829029083252,42615,4321072,4325908,4323548,16626,0,754,0
22.965503931045532,42615,4321072,4325908,4323548,16626,0,754,0
22.980417013168335,42615,4321072,4325908,4323548,16626,0,754,0
22.995182991027832,42615,4321072,4325908,4323548,16626,0,754,0
23.009416103363037,42615,4321072,4325908,4323548,16626,0,754,0
23.023834943771362,42615,4321072,4325908,4323548,16626,0,754,0
23.03826594352722,42615,4321072,4325908,4323548,16626,0,754,0
23.05310893058777,42615,4321072,4325908,4323548,16626,0,754,0
23.067748069763184,42615,4321072,4325908,4323548,16626,0,754,0
23.08238196372986,42615,4321072,4325908,4323548,16626,0,754,0
23.09722590446472,42615,4321072,4325908,4323548,16626,0,754,0
23.11195206642151,42615,4321072,4325908,4323548,16626,0,754,0
23.1264009475708,42615,4321072,4325908,4323548,16626,0,754,0
23.140979051589966,42615,4321072,4325908,4323548,16626,0,754,0
23.155553102493286,42615,4321072,4325908,4323548,16626,0,754,0
23.170748949050903,42615,4321072,4325908,4323548,16626,0,754,0
23.18538188934326,42615,4321072,4325908,4323548,16626,0,754,0
23.1998028755188,42615,4321072,4325908,4323548,16626,0,754,0
23.214313983917236,42615,4321072,4325908,4323548,16626,0,754,0
23.22876501083374,42615,4321072,4325908,4323548,16626,0,754,0
23.24339509010315,42615,4321072,4325908,4323548,16626,0,754,0
23.25813388824463,42615,4321072,4325908,4323548,16626,0,754,0
23.272856950759888,42615,4321072,4325908,4323548,16626,0,754,0
23.28740406036377,42615,4321072,4325908,4323548,16626,0,754,0
23.302217960357666,42615,4321072,4325908,4323548,16626,0,754,0
23.31699800491333,42615,4321072,4325908,4323548,16626,0,754,0
23.33183193206787,42615,4321072,4325908,4323548,16626,0,754,0
23.346374988555908,42615,4321072,4325908,4323548,16626,0,754,0
23.361061096191406,42615,4321072,4325908,4323548,16626,0,754,0
23.375380039215088,42615,4321072,4325908,4323548,16626,0,754,0
23.390225887298584,42615,4321072,4325908,4323548,16626,0,754,0
23.404875993728638,42615,4321072,4325908,4323548,16626,0,754,0
23.419332027435303,42615,4321072,4325908,4323548,16626,0,754,0
23.433722972869873,42615,4321072,4325908,4323548,16626,0,754,0
23.448190927505493,42615,4321072,4325908,4323548,16626,0,754,0
23.463036060333252,42615,4321072,4325908,4323548,16626,0,754,0
23.47740387916565,42615,4321072,4325908,4323548,16626,0,754,0
23.491862058639526,42615,4321072,4325908,4323548,16626,0,754,0
23.506525993347168,42615,4321072,4325908,4323548,16626,0,754,0
23.52108597755432,42615,4321072,4325908,4323548,16626,0,754,0
23.535424947738647,42615,4321072,4325908,4323548,16626,0,754,0
23.550283908843994,42615,4321072,4325908,4323548,16626,0,754,0
23.56499195098877,42615,4321072,4325908,4323548,16626,0,754,0
23.5798180103302,42615,4321072,4325908,4323548,16626,0,754,0
23.59441900253296,42615,4321072,4325908,4323548,16626,0,754,0
23.60918092727661,42615,4321072,4325908,4323548,16626,0,754,0
23.624018907546997,42615,4321072,4325908,4323548,16626,0,754,0
23.638524055480957,42615,4321072,4325908,4323548,16626,0,754,0
23.653074979782104,42615,4321072,4325908,4323548,16626,0,754,0
23.667349100112915,42615,4321072,4325908,4323548,16626,0,754,0
23.682095050811768,42615,4321072,4325908,4323548,16626,0,754,0
23.69634199142456,42615,4321072,4325908,4323548,16626,0,754,0
23.710747003555298,42615,4321072,4325908,4323548,16626,0,754,0
23.72537899017334,42615,4321072,4325908,4323548,16626,0,754,0
23.740072011947632,42615,4321072,4325908,4323548,16626,0,754,0
23.75473690032959,42615,4321072,4325908,4323548,16626,0,754,0
23.769795894622803,42615,4321072,4325908,4323548,16626,0,754,0
23.784915924072266,42615,4321072,4325908,4323548,16626,0,754,0
23.799712896347046,42615,4321072,4325908,4323548,16626,0,754,0
23.814210891723633,42615,4321072,4325908,4323548,16626,0,754,0
23.829108953475952,42615,4321072,4325908,4323548,16626,0,754,0
23.843859910964966,42615,4321072,4325908,4323548,16626,0,754,0
23.858306884765625,42615,4321072,4325908,4323548,16626,0,754,0
23.873158931732178,42615,4321072,4325908,4323548,16626,0,754,0
23.887810945510864,42615,4321072,4325908,4323548,16626,0,754,0
23.90225386619568,42615,4321072,4325908,4323548,16626,0,754,0
23.91717290878296,42615,4321072,4325908,4323548,16626,0,754,0
23.931870937347412,42615,4321072,4325908,4323548,16626,0,754,0
23.94637393951416,42615,4321072,4325908,4323548,16626,0,754,0
23.961078882217407,42615,4321072,4325908,4323548,16626,0,754,0
23.9757719039917,42615,4321072,4325908,4323548,16626,0,754,0
23.99031686782837,42615,4321072,4325908,4323548,16626,0,754,0
24.004844903945923,42615,4321072,4325908,4323548,16626,0,754,0
24.019464015960693,42615,4321072,4325908,4323548,16626,0,754,0
24.034174919128418,42615,4321072,4325908,4323548,16626,0,754,0
24.048845052719116,42615,4321072,4325908,4323548,16626,0,754,0
24.06337308883667,42615,4321072,4325908,4323548,16626,0,754,0
24.078069925308228,42615,4321072,4325908,4323548,16626,0,754,0
24.092791080474854,42615,4321072,4325908,4323548,16626,0,754,0
24.10709500312805,42615,4321072,4325908,4323548,16626,0,754,0
24.12135410308838,42615,4321072,4325908,4323548,16626,0,754,0
24.135856866836548,42615,4321072,4325908,4323548,16626,0,754,0
24.15023398399353,42615,4321072,4325908,4323548,16626,0,754,0
24.165070056915283,42615,4321072,4325908,4323548,16626,0,754,0
24.17972207069397,42615,4321072,4325908,4323548,16626,0,754,0
24.194350004196167,42615,4321072,4325908,4323548,16626,0,754,0
24.20932102203369,42615,4321072,4325908,4323548,16626,0,754,0
24.224133014678955,42615,4321072,4325908,4323548,16626,0,754,0
24.238837003707886,42615,4321072,4325908,4323548,16626,0,754,0
24.25336790084839,42615,4321072,4325908,4323548,16626,0,754,0
24.268150091171265,42615,4321072,4325908,4323548,16626,0,754,0
24.282718896865845,42615,4321072,4325908,4323548,16626,0,754,0
24.2974910736084,42615,4321072,4325908,4323548,16626,0,754,0
24.31220507621765,42615,4321072,4325908,4323548,16626,0,754,0
24.326756954193115,42615,4321072,4325908,4323548,16626,0,754,0
24.34131693840027,42615,4321072,4325908,4323548,16626,0,754,0
24.35602593421936,42615,4321072,4325908,4323548,16626,0,754,0
24.37043809890747,42615,4321072,4325908,4323548,16626,0,754,0
24.38527488708496,42615,4321072,4325908,4323548,16626,0,754,0
24.400255918502808,42615,4321072,4325908,4323548,16626,0,754,0
24.415122985839844,42615,4321072,4325908,4323548,16626,0,754,0
24.429354906082153,42615,4321072,4325908,4323548,16626,0,754,0
24.4439480304718,42615,4321072,4325908,4323548,16626,0,754,0
24.458805084228516,42615,4321072,4325908,4323548,16626,0,754,0
24.473483085632324,42615,4321072,4325908,4323548,16626,0,754,0
24.487996101379395,42615,4321072,4325908,4323548,16626,0,754,0
24.50239586830139,42615,4321072,4325908,4323548,16626,0,754,0
24.51650309562683,42615,4321072,4325908,4323548,16626,0,754,0
24.530867099761963,42615,4321072,4325908,4323548,16626,0,754,0
24.545516967773438,42615,4321072,4325908,4323548,16626,0,754,0
24.56027388572693,42615,4321072,4325908,4323548,16626,0,754,0
24.575135946273804,42615,4321072,4325908,4323548,16626,0,754,0
24.589427947998047,42615,4321072,4325908,4323548,16626,0,754,0
24.604009866714478,42615,4321072,4325908,4323548,16626,0,754,0
24.61837100982666,42615,4321072,4325908,4323548,16626,0,754,0
24.632734060287476,42615,4321072,4325908,4323548,16626,0,754,0
24.647095918655396,42615,4321072,4325908,4323548,16626,0,754,0
24.661350965499878,42615,4321072,4325908,4323548,16626,0,754,0
24.675846099853516,42615,4321072,4325908,4323548,16626,0,754,0
24.69039297103882,42615,4321072,4325908,4323548,16626,0,754,0
24.70513391494751,42615,4321072,4325908,4323548,16626,0,754,0
24.71998405456543,42615,4321072,4325908,4323548,16626,0,754,0
24.73736310005188,42615,4321072,4325908,4323548,16626,0,754,0
24.75226593017578,42615,4321072,4325908,4323548,16626,0,754,0
24.766984939575195,42615,4321072,4325908,4323548,16626,0,754,0
24.781689882278442,42615,4321072,4325908,4323548,16626,0,754,0
24.7963969707489,42615,4321072,4325908,4323548,16626,0,754,0
24.81101894378662,42615,4321072,4325908,4323548,16626,0,754,0
24.825402975082397,42615,4321072,4325908,4323548,16626,0,754,0
24.839833974838257,42615,4321072,4325908,4323548,16626,0,754,0
24.854333877563477,42615,4321072,4325908,4323548,16626,0,754,0
24.868746995925903,42615,4321072,4325908,4323548,16626,0,754,0
24.88309407234192,42615,4321072,4325908,4323548,16626,0,754,0
24.897520065307617,42615,4321072,4325908,4323548,16626,0,754,0
24.91237998008728,42615,4321072,4325908,4323548,16626,0,754,0
24.92705798149109,42615,4321072,4325908,4323548,16626,0,754,0
24.94135308265686,42615,4321072,4325908,4323548,16626,0,754,0
24.95582890510559,42615,4321072,4325908,4323548,16626,0,754,0
24.97040891647339,42615,4321072,4325908,4323548,16626,0,754,0
24.984879970550537,42615,4321072,4325908,4323548,16626,0,754,0
24.999424934387207,42615,4321072,4325908,4323548,16626,0,754,0
25.014009952545166,42615,4321072,4325908,4323548,16626,0,754,0
25.02828288078308,42615,4321072,4325908,4323548,16626,0,754,0
25.043068885803223,42615,4321072,4325908,4323548,16626,0,754,0
25.057497024536133,42615,4321072,4325908,4323548,16626,0,754,0
25.072266101837158,42615,4321072,4325908,4323548,16626,0,754,0
25.087044954299927,42615,4321072,4325908,4323548,16626,0,754,0
25.10167407989502,42615,4321072,4325908,4323548,16626,0,754,0
25.116391897201538,42615,4321072,4325908,4323548,16626,0,754,0
25.131278038024902,42615,4321072,4325908,4323548,16626,0,754,0
25.146179914474487,42615,4321072,4325908,4323548,16626,0,754,0
25.16086196899414,42615,4321072,4325908,4323548,16626,0,754,0
25.17545509338379,42615,4321072,4325908,4323548,16626,0,754,0
25.189805030822754,42615,4321072,4325908,4323548,16626,0,754,0
25.20442509651184,42615,4321072,4325908,4323548,16626,0,754,0
25.21919894218445,42615,4321072,4325908,4323548,16626,0,754,0
25.23396897315979,42615,4321072,4325908,4323548,16626,0,754,0
25.24877095222473,42615,4321072,4325908,4323548,16626,0,754,0
25.26339101791382,42615,4321072,4325908,4323548,16626,0,754,0
25.27816390991211,42615,4321072,4325908,4323548,16626,0,754,0
25.292890071868896,42615,4321072,4325908,4323548,16626,0,754,0
25.30747699737549,42615,4321072,4325908,4323548,16626,0,754,0
25.322975873947144,42615,4321072,4325908,4323548,16626,0,754,0
25.338311910629272,42615,4321072,4325908,4323548,16626,0,754,0
25.35350799560547,42615,4321072,4325908,4323548,16626,0,754,0
25.36919903755188,42615,4321072,4325908,4323548,16626,0,754,0
25.38480496406555,42615,4321072,4325908,4323548,16626,0,754,0
25.40017604827881,42615,4321072,4325908,4323548,16626,0,754,0
25.41532301902771,42615,4321072,4325908,4323548,16626,0,754,0
25.430373907089233,42615,4321072,4325908,4323548,16626,0,754,0
25.444993019104004,42615,4321072,4325908,4323548,16626,0,754,0
25.459388971328735,42615,4321072,4325908,4323548,16626,0,754,0
25.474164962768555,42615,4321072,4325908,4323548,16626,0,754,0
25.48897409439087,42615,4321072,4325908,4323548,16626,0,754,0
25.503397941589355,42615,4321072,4325908,4323548,16626,0,754,0
25.51802086830139,42615,4321072,4325908,4323548,16626,0,754,0
25.532381057739258,42615,4321072,4325908,4323548,16626,0,754,0
25.54716396331787,42615,4321072,4325908,4323548,16626,0,754,0
25.56197190284729,42615,4321072,4325908,4323548,16626,0,754,0
25.57647204399109,42615,4321072,4325908,4323548,16626,0,754,0
25.59109592437744,42615,4321072,4325908,4323548,16626,0,754,0
25.60589098930359,42615,4321072,4325908,4323548,16626,0,754,0
25.62044906616211,42615,4321072,4325908,4323548,16626,0,754,0
25.635103940963745,42615,4321072,4325908,4323548,16626,0,754,0
25.64935302734375,42615,4321072,4325908,4323548,16626,0,754,0
25.66385293006897,42615,4321072,4325908,4323548,16626,0,754,0
25.678436040878296,42615,4321072,4325908,4323548,16626,0,754,0
25.693161964416504,42615,4321072,4325908,4323548,16626,0,754,0
25.70787286758423,42615,4321072,4325908,4323548,16626,0,754,0
25.723790884017944,42615,4321072,4325908,4323548,16626,0,754,0
25.738388061523438,42615,4321072,4325908,4323548,16626,0,754,0
25.75309991836548,42615,4321072,4325908,4323548,16626,0,754,0
25.767847061157227,42615,4321072,4325908,4323548,16626,0,754,0
25.78239893913269,42615,4321072,4325908,4323548,16626,0,754,0
25.79709792137146,42615,4321072,4325908,4323548,16626,0,754,0
25.811511039733887,42615,4321072,4325908,4323548,16626,0,754,0
25.826409101486206,42615,4321072,4325908,4323548,16626,0,754,0
25.84115505218506,42615,4321072,4325908,4323548,16626,0,754,0
25.85594391822815,42615,4321072,4325908,4323548,16626,0,754,0
25.870763063430786,42615,4321072,4325908,4323548,16626,0,754,0
25.885411024093628,42615,4321072,4325908,4323548,16626,0,754,0
25.90019202232361,42615,4321072,4325908,4323548,16626,0,754,0
25.914954900741577,42615,4321072,4325908,4323548,16626,0,754,0
25.929791927337646,42615,4321072,4325908,4323548,16626,0,754,0
25.944357872009277,42615,4321072,4325908,4323548,16626,0,754,0
25.959182024002075,42615,4321072,4325908,4323548,16626,0,754,0
25.973818063735962,42615,4321072,4325908,4323548,16626,0,754,0
25.988485097885132,42615,4321072,4325908,4323548,16626,0,754,0
26.003287076950073,42615,4321072,4325908,4323548,16626,0,754,0
26.017998933792114,42615,4321072,4325908,4323548,16626,0,754,0
26.032552003860474,42615,4321072,4325908,4323548,16626,0,754,0
26.04729700088501,42615,4321072,4325908,4323548,16626,0,754,0
26.062026977539062,42615,4321072,4325908,4323548,16626,0,754,0
26.07678198814392,42615,4321072,4325908,4323548,16626,0,754,0
26.091367959976196,42615,4321072,4325908,4323548,16626,0,754,0
26.10615110397339,42615,4321072,4325908,4323548,16626,0,754,0
26.120898962020874,42615,4321072,4325908,4323548,16626,0,754,0
26.135509967803955,42615,4321072,4325908,4323548,16626,0,754,0
26.150391101837158,42615,4321072,4325908,4323548,16626,0,754,0
26.165287017822266,42615,4321072,4325908,4323548,16626,0,754,0
26.180025100708008,42615,4321072,4325908,4323548,16626,0,754,0
26.194725036621094,42615,4321072,4325908,4323548,16626,0,754,0
26.20939302444458,42615,4321072,4325908,4323548,16626,0,754,0
26.224220991134644,42615,4321072,4325908,4323548,16626,0,754,0
26.238954067230225,42615,4321072,4325908,4323548,16626,0,754,0
26.25368309020996,42615,4321072,4325908,4323548,16626,0,754,0
26.26834201812744,42615,4321072,4325908,4323548,16626,0,754,0
26.283082962036133,42615,4321072,4325908,4323548,16626,0,754,0
26.297847032546997,42615,4321072,4325908,4323548,16626,0,754,0
26.31279706954956,42615,4321072,4325908,4323548,16626,0,754,0
26.32766103744507,42615,4321072,4325908,4323548,16626,0,754,0
26.342626094818115,42615,4321072,4325908,4323548,16626,0,754,0
26.35755205154419,42615,4321072,4325908,4323548,16626,0,754,0
26.372443914413452,42615,4321072,4325908,4323548,16626,0,754,0
26.387342929840088,42615,4321072,4325908,4323548,16626,0,754,0
26.40228509902954,42615,4321072,4325908,4323548,16626,0,754,0
26.41764497756958,42615,4321072,4325908,4323548,16626,0,754,0
26.432395935058594,42615,4321072,4325908,4323548,16626,0,754,0
26.447305917739868,42615,4321072,4325908,4323548,16626,0,754,0
26.462141036987305,42615,4321072,4325908,4323548,16626,0,754,0
26.477048873901367,42615,4321072,4325908,4323548,16626,0,754,0
26.49197793006897,42615,4321072,4325908,4323548,16626,0,754,0
26.506834983825684,42615,4321072,4325908,4323548,16626,0,754,0
26.521841049194336,42615,4321072,4325908,4323548,16626,0,754,0
26.53684091567993,42615,4321072,4325908,4323548,16626,0,754,0
26.552072048187256,42615,4321072,4325908,4323548,16626,0,754,0
26.56712794303894,42615,4321072,4325908,4323548,16626,0,754,0
26.582146883010864,42615,4321072,4325908,4323548,16626,0,754,0
26.59698987007141,42615,4321072,4325908,4323548,16626,0,754,0
26.612257957458496,42615,4321072,4325908,4323548,16626,0,754,0
26.627460956573486,42615,4321072,4325908,4323548,16626,0,754,0
26.642443895339966,42615,4321072,4325908,4323548,16626,0,754,0
26.657569885253906,42615,4321072,4325908,4323548,16626,0,754,0
26.672555923461914,42615,4321072,4325908,4323548,16626,0,754,0
26.690356969833374,42615,4321072,4325908,4323548,16626,0,754,0
26.70534110069275,42615,4321072,4325908,4323548,16626,0,754,0
26.72029995918274,42615,4321072,4325908,4323548,16626,0,754,0
26.735262870788574,42615,4321072,4325908,4323548,16626,0,754,0
26.750190019607544,42615,4321072,4325908,4323548,16626,0,754,0
26.765208959579468,42615,4321072,4325908,4323548,16626,0,754,0
26.78011393547058,42615,4321072,4325908,4323548,16626,0,754,0
26.79517889022827,42615,4321072,4325908,4323548,16626,0,754,0
26.810242891311646,42615,4321072,4325908,4323548,16626,0,754,0
26.82558298110962,42615,4321072,4325908,4323548,16626,0,754,0
26.84064507484436,42615,4321072,4325908,4323548,16626,0,754,0
26.855599880218506,42615,4321072,4325908,4323548,16626,0,754,0
26.87047290802002,42615,4321072,4325908,4323548,16626,0,754,0
26.885324954986572,42615,4321072,4325908,4323548,16626,0,754,0
26.90022897720337,42615,4321072,4325908,4323548,16626,0,754,0
26.91520094871521,42615,4321072,4325908,4323548,16626,0,754,0
26.930175065994263,42615,4321072,4325908,4323548,16626,0,754,0
26.94508695602417,42615,4321072,4325908,4323548,16626,0,754,0
26.960275888442993,42615,4321072,4325908,4323548,16626,0,754,0
26.975406885147095,42615,4321072,4325908,4323548,16626,0,754,0
26.990365028381348,42615,4321072,4325908,4323548,16626,0,754,0
27.00533103942871,42615,4321072,4325908,4323548,16626,0,754,0
27.02028799057007,42615,4321072,4325908,4323548,16626,0,754,0
27.035666942596436,42615,4321072,4325908,4323548,16626,0,754,0
27.05067801475525,42615,4321072,4325908,4323548,16626,0,754,0
27.06566095352173,42615,4321072,4325908,4323548,16626,0,754,0
27.080545902252197,42615,4321072,4325908,4323548,16626,0,754,0
27.09552502632141,42615,4321072,4325908,4323548,16626,0,754,0
27.110392093658447,42615,4321072,4325908,4323548,16626,0,754,0
27.125295877456665,42615,4321072,4325908,4323548,16626,0,754,0
27.140166997909546,42615,4321072,4325908,4323548,16626,0,754,0
27.15523409843445,42615,4321072,4325908,4323548,16626,0,754,0
27.170172929763794,42615,4321072,4325908,4323548,16626,0,754,0
27.18504810333252,42615,4321072,4325908,4323548,16626,0,754,0
27.1999089717865,42615,4321072,4325908,4323548,16626,0,754,0
27.214776039123535,42615,4321072,4325908,4323548,16626,0,754,0
27.22971200942993,42615,4321072,4325908,4323548,16626,0,754,0
27.24509906768799,42615,4321072,4325908,4323548,16626,0,754,0
27.260196924209595,42615,4321072,4325908,4323548,16626,0,754,0
27.27531409263611,42615,4321072,4325908,4323548,16626,0,754,0
27.2902250289917,42615,4321072,4325908,4323548,16626,0,754,0
27.30513906478882,42615,4321072,4325908,4323548,16626,0,754,0
27.32002091407776,42615,4321072,4325908,4323548,16626,0,754,0
27.334789037704468,42615,4321072,4325908,4323548,16626,0,754,0
27.349611043930054,42615,4321072,4325908,4323548,16626,0,754,0
27.36462688446045,42615,4321072,4325908,4323548,16626,0,754,0
27.379528999328613,42615,4321072,4325908,4323548,16626,0,754,0
27.39437699317932,42615,4321072,4325908,4323548,16626,0,754,0
27.409323930740356,42615,4321072,4325908,4323548,16626,0,754,0
27.42424988746643,42615,4321072,4325908,4323548,16626,0,754,0
27.43922996520996,42615,4321072,4325908,4323548,16626,0,754,0
27.454411029815674,42615,4321072,4325908,4323548,16626,0,754,0
27.469440937042236,42615,4321072,4325908,4323548,16626,0,754,0
27.484297037124634,42615,4321072,4325908,4323548,16626,0,754,0
27.499253034591675,42615,4321072,4325908,4323548,16626,0,754,0
27.51428508758545,42615,4321072,4325908,4323548,16626,0,754,0
27.529231071472168,42615,4321072,4325908,4323548,16626,0,754,0
27.54414200782776,42615,4321072,4325908,4323548,16626,0,754,0
27.55887508392334,42615,4321072,4325908,4323548,16626,0,754,0
27.573911905288696,42615,4321072,4325908,4323548,16626,0,754,0
27.588762998580933,42615,4321072,4325908,4323548,16626,0,754,0
27.6036319732666,42615,4321072,4325908,4323548,16626,0,754,0
27.618496894836426,42615,4321072,4325908,4323548,16626,0,754,0
27.633430004119873,42615,4321072,4325908,4323548,16626,0,754,0
27.64833688735962,42615,4321072,4325908,4323548,16626,0,754,0
27.66635799407959,42615,4321072,4325908,4323548,16626,0,754,0
27.681395053863525,42615,4321072,4325908,4323548,16626,0,754,0
27.6962890625,42615,4321072,4325908,4323548,16626,0,754,0
27.71138095855713,42615,4321072,4325908,4323548,16626,0,754,0
27.726435899734497,42615,4321072,4325908,4323548,16626,0,754,0
27.74140191078186,42615,4321072,4325908,4323548,16626,0,754,0
27.75634503364563,42615,4321072,4325908,4323548,16626,0,754,0
27.771281003952026,42615,4321072,4325908,4323548,16626,0,754,0
27.786277055740356,42615,4321072,4325908,4323548,16626,0,754,0
27.801233053207397,42615,4321072,4325908,4323548,16626,0,754,0
27.816155910491943,42615,4321072,4325908,4323548,16626,0,754,0
27.831062078475952,42615,4321072,4325908,4323548,16626,0,754,0
27.845993995666504,42615,4321072,4325908,4323548,16626,0,754,0
27.86084294319153,42615,4321072,4325908,4323548,16626,0,754,0
27.87600302696228,42615,4321072,4325908,4323548,16626,0,754,0
27.89094305038452,42615,4321072,4325908,4323548,16626,0,754,0
27.905845880508423,42615,4321072,4325908,4323548,16626,0,754,0
27.920830011367798,42615,4321072,4325908,4323548,16626,0,754,0
27.935801029205322,42615,4321072,4325908,4323548,16626,0,754,0
27.950695037841797,42615,4321072,4325908,4323548,16626,0,754,0
27.965622901916504,42615,4321072,4325908,4323548,16626,0,754,0
27.980576992034912,42615,4321072,4325908,4323548,16626,0,754,0
27.995548009872437,42615,4321072,4325908,4323548,16626,0,754,0
28.010350942611694,42615,4321072,4325908,4323548,16626,0,754,0
28.02526092529297,42615,4321072,4325908,4323548,16626,0,754,0
28.04015302658081,42615,4321072,4325908,4323548,16626,0,754,0
28.05509305000305,42615,4321072,4325908,4323548,16626,0,754,0
28.07025909423828,42615,4321072,4325908,4323548,16626,0,754,0
28.0853168964386,42615,4321072,4325908,4323548,16626,0,754,0
28.100220918655396,42615,4321072,4325908,4323548,16626,0,754,0
28.115104913711548,42615,4321072,4325908,4323548,16626,0,754,0
28.12998104095459,42615,4321072,4325908,4323548,16626,0,754,0
28.144826889038086,42615,4321072,4325908,4323548,16626,0,754,0
28.1596999168396,42615,4321072,4325908,4323548,16626,0,754,0
28.174612045288086,42615,4321072,4325908,4323548,16626,0,754,0
28.18964695930481,42615,4321072,4325908,4323548,16626,0,754,0
28.20453906059265,42615,4321072,4325908,4323548,16626,0,754,0
28.219337940216064,42615,4321072,4325908,4323548,16626,0,754,0
28.23423409461975,42615,4321072,4325908,4323548,16626,0,754,0
28.249059915542603,42615,4321072,4325908,4323548,16626,0,754,0
28.26386594772339,42615,4321072,4325908,4323548,16626,0,754,0
28.279170989990234,42615,4321072,4325908,4323548,16626,0,754,0
28.29426097869873,42615,4321072,4325908,4323548,16626,0,754,0
28.30916690826416,42615,4321072,4325908,4323548,16626,0,754,0
28.324047088623047,42615,4321072,4325908,4323548,16626,0,754,0
28.338994026184082,42615,4321072,4325908,4323548,16626,0,754,0
28.353895902633667,42615,4321072,4325908,4323548,16626,0,754,0
28.36883306503296,42615,4321072,4325908,4323548,16626,0,754,0
28.383800983428955,42615,4321072,4325908,4323548,16626,0,754,0
28.39872908592224,42615,4321072,4325908,4323548,16626,0,754,0
28.413562059402466,42615,4321072,4325908,4323548,16626,0,754,0
28.428400993347168,42615,4321072,4325908,4323548,16626,0,754,0
28.44329595565796,42615,4321072,4325908,4323548,16626,0,754,0
28.45814609527588,42615,4321072,4325908,4323548,16626,0,754,0
28.473061084747314,42615,4321072,4325908,4323548,16626,0,754,0
28.48843002319336,42615,4321072,4325908,4323548,16626,0,754,0
28.5035719871521,42615,4321072,4325908,4323548,16626,0,754,0
28.518683910369873,42615,4321072,4325908,4323548,16626,0,754,0
28.53360390663147,42615,4321072,4325908,4323548,16626,0,754,0
28.548424005508423,42615,4321072,4325908,4323548,16626,0,754,0
28.563270092010498,42615,4321072,4325908,4323548,16626,0,754,0
28.578131914138794,42615,4321072,4325908,4323548,16626,0,754,0
28.593069076538086,42615,4321072,4325908,4323548,16626,0,754,0
28.608057022094727,42615,4321072,4325908,4323548,16626,0,754,0
28.624074935913086,42615,4321072,4325908,4323548,16626,0,754,0
28.63912796974182,42615,4321072,4325908,4323548,16626,0,754,0
28.654093980789185,42615,4321072,4325908,4323548,16626,0,754,0
28.669164896011353,42615,4321072,4325908,4323548,16626,0,754,0
28.684154987335205,42615,4321072,4325908,4323548,16626,0,754,0
28.69947099685669,42615,4321072,4325908,4323548,16626,0,754,0
28.714412927627563,42615,4321072,4325908,4323548,16626,0,754,0
28.729399919509888,42615,4321072,4325908,4323548,16626,0,754,0
28.744349002838135,42615,4321072,4325908,4323548,16626,0,754,0
28.759298086166382,42615,4321072,4325908,4323548,16626,0,754,0
28.77421998977661,42615,4321072,4325908,4323548,16626,0,754,0
28.789062976837158,42615,4321072,4325908,4323548,16626,0,754,0
28.80402898788452,42615,4321072,4325908,4323548,16626,0,754,0
28.819140911102295,42615,4321072,4325908,4323548,16626,0,754,0
28.83402991294861,42615,4321072,4325908,4323548,16626,0,754,0
28.8488450050354,42615,4321072,4325908,4323548,16626,0,754,0
28.863760948181152,42615,4321072,4325908,4323548,16626,0,754,0
28.878737926483154,42615,4321072,4325908,4323548,16626,0,754,0
28.893590927124023,42615,4321072,4325908,4323548,16626,0,754,0
28.90897297859192,42615,4321072,4325908,4323548,16626,0,754,0
28.924181938171387,42615,4321072,4325908,4323548,16626,0,754,0
28.939162969589233,42615,4321072,4325908,4323548,16626,0,754,0
28.95421004295349,42615,4321072,4325908,4323548,16626,0,754,0
28.969074964523315,42615,4321072,4325908,4323548,16626,0,754,0
28.984035968780518,42615,4321072,4325908,4323548,16626,0,754,0
28.99904704093933,42615,4321072,4325908,4323548,16626,0,754,0
29.013999938964844,42615,4321072,4325908,4323548,16626,0,754,0
29.0287868976593,42615,4321072,4325908,4323548,16626,0,754,0
29.043669939041138,42615,4321072,4325908,4323548,16626,0,754,0
29.05852198600769,42615,4321072,4325908,4323548,16626,0,754,0
29.073347091674805,42615,4321072,4325908,4323548,16626,0,754,0
29.088331937789917,42615,4321072,4325908,4323548,16626,0,754,0
29.103291988372803,42615,4321072,4325908,4323548,16626,0,754,0
29.118613958358765,42615,4321072,4325908,4323548,16626,0,754,0
29.133550882339478,42615,4321072,4325908,4323548,16626,0,754,0
29.14842200279236,42615,4321072,4325908,4323548,16626,0,754,0
29.163336992263794,42615,4321072,4325908,4323548,16626,0,754,0
29.17830991744995,42615,4321072,4325908,4323548,16626,0,754,0
29.193229913711548,42615,4321072,4325908,4323548,16626,0,754,0
29.208153009414673,42615,4321072,4325908,4323548,16626,0,754,0
29.223083972930908,42615,4321072,4325908,4323548,16626,0,754,0
29.238012075424194,42615,4321072,4325908,4323548,16626,0,754,0
29.25251293182373,42615,4321072,4325908,4323548,16626,0,754,0
29.266867876052856,42615,4321072,4325908,4323548,16626,0,754,0
29.281341075897217,42615,4321072,4325908,4323548,16626,0,754,0
29.295469999313354,42615,4321072,4325908,4323548,16626,0,754,0
29.309870958328247,42615,4321072,4325908,4323548,16626,0,754,0
29.324315071105957,42615,4321072,4325908,4323548,16626,0,754,0
29.33881187438965,42615,4321072,4325908,4323548,16626,0,754,0
29.353126049041748,42615,4321072,4325908,4323548,16626,0,754,0
29.367410898208618,42615,4321072,4325908,4323548,16626,0,754,0
29.38194990158081,42615,4321072,4325908,4323548,16626,0,754,0
29.396411895751953,42615,4321072,4325908,4323548,16626,0,754,0
29.410983085632324,42615,4321072,4325908,4323548,16626,0,754,0
29.425435066223145,42615,4321072,4325908,4323548,16626,0,754,0
29.43986201286316,42615,4321072,4325908,4323548,16626,0,754,0
29.454400062561035,42615,4321072,4325908,4323548,16626,0,754,0
29.46887493133545,42615,4321072,4325908,4323548,16626,0,754,0
29.48326802253723,42615,4321072,4325908,4323548,16626,0,754,0
29.497500896453857,42615,4321072,4325908,4323548,16626,0,754,0
29.51211190223694,42615,4321072,4325908,4323548,16626,0,754,0
29.526887893676758,42615,4321072,4325908,4323548,16626,0,754,0
29.54142189025879,42615,4321072,4325908,4323548,16626,0,754,0
29.555949926376343,42615,4321072,4325908,4323548,16626,0,754,0
29.570828914642334,42615,4321072,4325908,4323548,16626,0,754,0
29.585392951965332,42615,4321072,4325908,4323548,16626,0,754,0
29.602832078933716,42615,4321072,4325908,4323548,16626,0,754,0
29.617456912994385,42615,4321072,4325908,4323548,16626,0,754,0
29.63219904899597,42615,4321072,4325908,4323548,16626,0,754,0
29.646723985671997,42615,4321072,4325908,4323548,16626,0,754,0
29.661379098892212,42615,4321072,4325908,4323548,16626,0,754,0
29.67605209350586,42615,4321072,4325908,4323548,16626,0,754,0
29.69046902656555,42615,4321072,4325908,4323548,16626,0,754,0
29.704878091812134,42615,4321072,4325908,4323548,16626,0,754,0
29.71948790550232,42615,4321072,4325908,4323548,16626,0,754,0
29.734246969223022,42615,4321072,4325908,4323548,16626,0,754,0
29.748755931854248,42615,4321072,4325908,4323548,16626,0,754,0
29.763487100601196,42615,4321072,4325908,4323548,16626,0,754,0
29.778136014938354,42615,4321072,4325908,4323548,16626,0,754,0
29.792484998703003,42615,4321072,4325908,4323548,16626,0,754,0
29.807154893875122,42615,4321072,4325908,4323548,16626,0,754,0
29.821959018707275,42615,4321072,4325908,4323548,16626,0,754,0
29.836369037628174,42615,4321072,4325908,4323548,16626,0,754,0
29.85071897506714,42615,4321072,4325908,4323548,16626,0,754,0
29.865290880203247,42615,4321072,4325908,4323548,16626,0,754,0
29.880213975906372,42615,4321072,4325908,4323548,16626,0,754,0
29.894831895828247,42615,4321072,4325908,4323548,16626,0,754,0
29.90931987762451,42615,4321072,4325908,4323548,16626,0,754,0
29.923902988433838,42615,4321072,4325908,4323548,16626,0,754,0
29.93841290473938,42615,4321072,4325908,4323548,16626,0,754,0
29.953789949417114,42615,4321072,4325908,4323548,16626,0,754,0
29.968848943710327,42615,4321072,4325908,4323548,16626,0,754,0
29.983504056930542,42615,4321072,4325908,4323548,16626,0,754,0
29.99824810028076,42615,4321072,4325908,4323548,16626,0,754,0
30.013468027114868,42615,4321072,4325908,4323548,16626,0,754,0
30.02902388572693,42615,4321072,4325908,4323548,16626,0,754,0
30.044018030166626,42615,4321072,4325908,4323548,16626,0,754,0
30.058356046676636,42615,4321072,4325908,4323548,16626,0,754,0
30.072795867919922,42615,4321072,4325908,4323548,16626,0,754,0
30.08721089363098,42615,4321072,4325908,4323548,16626,0,754,0
30.101469039916992,42615,4321072,4325908,4323548,16626,0,754,0
30.115880966186523,42615,4321072,4325908,4323548,16626,0,754,0
30.130429983139038,42615,4321072,4325908,4323548,16626,0,754,0
30.145020961761475,42615,4321072,4325908,4323548,16626,0,754,0
30.159977912902832,42615,4321072,4325908,4323548,16626,0,754,0
30.17435908317566,42615,4321072,4325908,4323548,16626,0,754,0
30.18884801864624,42615,4321072,4325908,4323548,16626,0,754,0
30.203366994857788,42615,4321072,4325908,4323548,16626,0,754,0
30.218168020248413,42615,4321072,4325908,4323548,16626,0,754,0
30.233033895492554,42615,4321072,4325908,4323548,16626,0,754,0
30.247864961624146,42615,4321072,4325908,4323548,16626,0,754,0
30.262805938720703,42615,4321072,4325908,4323548,16626,0,754,0
30.277539014816284,42615,4321072,4325908,4323548,16626,0,754,0
30.29216504096985,42615,4321072,4325908,4323548,16626,0,754,0
30.306734085083008,42615,4321072,4325908,4323548,16626,0,754,0
30.321435928344727,42615,4321072,4325908,4323548,16626,0,754,0
30.336214065551758,42615,4321072,4325908,4323548,16626,0,754,0
30.35105800628662,42615,4321072,4325908,4323548,16626,0,754,0
30.365948915481567,42615,4321072,4325908,4323548,16626,0,754,0
30.380409955978394,42615,4321072,4325908,4323548,16626,0,754,0
30.39456295967102,42615,4321072,4325908,4323548,16626,0,754,0
30.40937900543213,42615,4321072,4325908,4323548,16626,0,754,0
30.42416000366211,42615,4321072,4325908,4323548,16626,0,754,0
30.43886399269104,42615,4321072,4325908,4323548,16626,0,754,0
30.453365087509155,42615,4321072,4325908,4323548,16626,0,754,0
30.467740058898926,42615,4321072,4325908,4323548,16626,0,754,0
30.48215389251709,42615,4321072,4325908,4323548,16626,0,754,0
30.49645709991455,42615,4321072,4325908,4323548,16626,0,754,0
30.51098608970642,42615,4321072,4325908,4323548,16626,0,754,0
30.525502920150757,42615,4321072,4325908,4323548,16626,0,754,0
30.540235996246338,42615,4321072,4325908,4323548,16626,0,754,0
30.554980039596558,42615,4321072,4325908,4323548,16626,0,754,0
30.569951057434082,42615,4321072,4325908,4323548,16626,0,754,0
30.584857940673828,42615,4321072,4325908,4323548,16626,0,754,0
30.599451065063477,42615,4321072,4325908,4323548,16626,0,754,0
30.613890886306763,42615,4321072,4325908,4323548,16626,0,754,0
30.628359079360962,42615,4321072,4325908,4323548,16626,0,754,0
30.642831087112427,42615,4321072,4325908,4323548,16626,0,754,0
30.65747308731079,42615,4321072,4325908,4323548,16626,0,754,0
30.67220401763916,42615,4321072,4325908,4323548,16626,0,754,0
30.68650507926941,42615,4321072,4325908,4323548,16626,0,754,0
30.701390981674194,42615,4321072,4325908,4323548,16626,0,754,0
30.71614694595337,42615,4321072,4325908,4323548,16626,0,754,0
30.73188805580139,42615,4321072,4325908,4323548,16626,0,754,0
30.74753499031067,42615,4321072,4325908,4323548,16626,0,754,0
30.76281499862671,42615,4321072,4325908,4323548,16626,0,754,0
30.77733087539673,42615,4321072,4325908,4323548,16626,0,754,0
30.792268991470337,42615,4321072,4325908,4323548,16626,0,754,0
30.8070809841156,42615,4321072,4325908,4323548,16626,0,754,0
30.82181406021118,42615,4321072,4325908,4323548,16626,0,754,0
30.836464881896973,42615,4321072,4325908,4323548,16626,0,754,0
30.851294994354248,42615,4321072,4325908,4323548,16626,0,754,0
30.866066932678223,42615,4321072,4325908,4323548,16626,0,754,0
30.880789041519165,42615,4321072,4325908,4323548,16626,0,754,0
30.895325899124146,42615,4321072,4325908,4323548,16626,0,754,0
30.910088062286377,42615,4321072,4325908,4323548,16626,0,754,0
30.924397945404053,42615,4321072,4325908,4323548,16626,0,754,0
30.93903398513794,42615,4321072,4325908,4323548,16626,0,754,0
30.953738927841187,42615,4321072,4325908,4323548,16626,0,754,0
30.968497037887573,42615,4321072,4325908,4323548,16626,0,754,0
30.983206033706665,42615,4321072,4325908,4323548,16626,0,754,0
30.997992038726807,42615,4321072,4325908,4323548,16626,0,754,0
31.01278305053711,42615,4321072,4325908,4323548,16626,0,754,0
31.0273859500885,42615,4321072,4325908,4323548,16626,0,754,0
31.042463064193726,42615,4321072,4325908,4323548,16626,0,754,0
31.057333946228027,42615,4321072,4325908,4323548,16626,0,754,0
31.072087049484253,42615,4321072,4325908,4323548,16626,0,754,0
31.086507081985474,42615,4321072,4325908,4323548,16626,0,754,0
31.100914001464844,42615,4321072,4325908,4323548,16626,0,754,0
31.115388870239258,42615,4321072,4325908,4323548,16626,0,754,0
31.129700899124146,42615,4321072,4325908,4323548,16626,0,754,0
31.144136905670166,42615,4321072,4325908,4323548,16626,0,754,0
31.158436059951782,42615,4321072,4325908,4323548,16626,0,754,0
31.17286205291748,42615,4321072,4325908,4323548,16626,0,754,0
31.187401056289673,42615,4321072,4325908,4323548,16626,0,754,0
31.201989889144897,42615,4321072,4325908,4323548,16626,0,754,0
31.216588020324707,42615,4321072,4325908,4323548,16626,0,754,0
31.231219053268433,42615,4321072,4325908,4323548,16626,0,754,0
31.245913982391357,42615,0,0,0,16742,0,0,0
31.259597063064575,42615,0,0,0,16742,0,0,0
31.27516794204712,42615,0,0,0,16742,0,0,0
