elapsed_s,pid,uss,rss,pss,min_flt,maj_flt,oom,oomadj
0.0019960403442382812,46869,12664,13500,13116,1098,0,666,0
0.015496969223022461,46869,14388,16512,15450,1337,0,666,0
0.029720067977905273,46869,15836,18464,17204,1535,0,666,0
0.043650150299072266,46869,22712,26716,24076,2331,0,666,0
0.05861997604370117,46869,54028,60352,56504,5351,0,667,0
0.07395601272583008,46869,83072,88256,85548,12640,0,668,0
0.08956313133239746,46869,94816,99484,97292,14109,0,668,0
0.1048579216003418,46869,99324,104096,101800,14217,0,668,0
0.11980199813842773,46869,99324,104096,101800,14217,0,668,0
0.1345970630645752,46869,126320,131092,128796,14324,0,669,0
0.14947295188903809,46869,128368,133140,130844,14325,0,669,0
0.16438913345336914,46869,120644,125432,123120,14325,0,668,0
0.17899298667907715,46869,126788,131560,129264,14328,0,669,0
0.19405508041381836,46869,126788,131560,129264,14328,0,669,0
0.20898103713989258,46869,126788,131560,129264,14328,0,669,0
0.22367501258850098,46869,127680,132328,130156,14551,0,669,0
0.2383570671081543,46869,127680,132328,130156,14551,0,669,0
0.25303006172180176,46869,127680,132328,130156,14551,0,669,0
0.2674989700317383,46869,127680,132328,130156,14551,0,669,0
0.2818429470062256,46869,126796,131592,129272,14551,0,669,0
0.296112060546875,46869,126796,131592,129272,14551,0,669,0
0.31064414978027344,46869,126796,131592,129272,14551,0,669,0
0.3252401351928711,46869,126796,131592,129272,14551,0,669,0
0.33982396125793457,46869,126796,131592,129272,14551,0,669,0
0.35418009757995605,46869,126796,131592,129272,14551,0,669,0
0.3686990737915039,46869,126796,131592,129272,14551,0,669,0
0.38313794136047363,46869,126796,131592,129272,14551,0,669,0
0.39766812324523926,46869,126796,131592,129272,14551,0,669,0
0.41263604164123535,46869,126796,131592,129272,14551,0,669,0
0.42707300186157227,46869,126796,131592,129272,14551,0,669,0
0.44165492057800293,46869,126796,131592,129272,14551,0,669,0
0.4559600353240967,46869,126796,131592,129272,14551,0,669,0
0.47003793716430664,46869,126796,131592,129272,14551,0,669,0
0.4840049743652344,46869,126796,131592,129272,14551,0,669,0
0.4981391429901123,46869,126796,131592,129272,14551,0,669,0
0.512408971786499,46869,126796,131592,129272,14551,0,669,0
0.5266821384429932,46869,126796,131592,129272,14551,0,669,0
0.5408940315246582,46869,126796,131592,129272,14551,0,669,0
0.555433988571167,46869,126796,131592,129272,14551,0,669,0
0.5695669651031494,46869,126796,131592,129272,14551,0,669,0
0.5834980010986328,46869,126796,131592,129272,14551,0,669,0
0.5975580215454102,46869,126796,131592,129272,14551,0,669,0
0.6123640537261963,46869,126796,131592,129272,14551,0,669,0
0.6268980503082275,46869,126796,131592,129272,14551,0,669,0
0.6416399478912354,46869,126796,131592,129272,14551,0,669,0
0.6559591293334961,46869,126796,131592,129272,14551,0,669,0
0.6700649261474609,46869,126796,131592,129272,14551,0,669,0
0.6840729713439941,46869,126796,131592,129272,14551,0,669,0
0.6982550621032715,46869,126796,131592,129272,14551,0,669,0
0.7125711441040039,46869,126796,131592,129272,14551,0,669,0
0.7265651226043701,46869,126796,131592,129272,14551,0,669,0
0.7414231300354004,46869,126796,131592,129272,14551,0,669,0
0.7558820247650146,46869,126796,131592,129272,14551,0,669,0
0.7702109813690186,46869,126796,131592,129272,14551,0,669,0
0.7846570014953613,46869,126796,131592,129272,14551,0,669,0
0.7990050315856934,46869,126796,131592,129272,14551,0,669,0
0.8134739398956299,46869,126796,131592,129272,14551,0,669,0
0.82840895652771,46869,126796,131592,129272,14551,0,669,0
0.8429110050201416,46869,126796,131592,129272,14551,0,669,0
0.8570630550384521,46869,126796,131592,129272,14551,0,669,0
0.8714399337768555,46869,126796,131592,129272,14551,0,669,0
0.8857219219207764,46869,126796,131592,129272,14551,0,669,0
0.8999209403991699,46869,126796,131592,129272,14551,0,669,0
0.9140651226043701,46869,126796,131592,129272,14551,0,669,0
0.9281210899353027,46869,126796,131592,129272,14551,0,669,0
0.9426290988922119,46869,126796,131592,129272,14551,0,669,0
0.956902027130127,46869,126796,131592,129272,14551,0,669,0
0.9709279537200928,46869,126796,131592,129272,14551,0,669,0
0.9848980903625488,46869,126796,131592,129272,14551,0,669,0
0.9990639686584473,46869,126796,131592,129272,14551,0,669,0
1.0135209560394287,46869,126796,131592,129272,14551,0,669,0
1.0282490253448486,46869,126796,131592,129272,14551,0,669,0
1.0429461002349854,46869,126796,131592,129272,14551,0,669,0
1.0571320056915283,46869,126796,131592,129272,14551,0,669,0
1.071645975112915,46869,126796,131592,129272,14551,0,669,0
1.0858440399169922,46869,126796,131592,129272,14551,0,669,0
1.1000621318817139,46869,126796,131592,129272,14551,0,669,0
1.114063024520874,46869,126796,131592,129272,14551,0,669,0
1.1280200481414795,46869,126796,131592,129272,14551,0,669,0
1.1421520709991455,46869,126796,131592,129272,14551,0,669,0
1.1561181545257568,46869,126796,131592,129272,14551,0,669,0
1.170058012008667,46869,126796,131592,129272,14551,0,669,0
1.184131145477295,46869,126796,131592,129272,14551,0,669,0
1.1986119747161865,46869,126796,131592,129272,14551,0,669,0
1.213089942932129,46869,126796,131592,129272,14551,0,669,0
1.2276430130004883,46869,126796,131592,129272,14551,0,669,0
1.2420909404754639,46869,126796,131592,129272,14551,0,669,0
1.256399154663086,46869,126796,131592,129272,14551,0,669,0
1.2708311080932617,46869,126796,131592,129272,14551,0,669,0
1.2849600315093994,46869,126796,131592,129272,14551,0,669,0
1.299104928970337,46869,126796,131592,129272,14551,0,669,0
1.3134639263153076,46869,126796,131592,129272,14551,0,669,0
1.3278520107269287,46869,126796,131592,129272,14551,0,669,0
1.3420100212097168,46869,126796,131592,129272,14551,0,669,0
1.3561220169067383,46869,126796,131592,129272,14551,0,669,0
1.3705389499664307,46869,126796,131592,129272,14551,0,669,0
1.385016918182373,46869,126796,131592,129272,14551,0,669,0
1.399122953414917,46869,126796,131592,129272,14551,0,669,0
1.4130549430847168,46869,126796,131592,129272,14551,0,669,0
1.427191972732544,46869,126796,131592,129272,14551,0,669,0
1.441620111465454,46869,126796,131592,129272,14551,0,669,0
1.4560120105743408,46869,126796,131592,129272,14551,0,669,0
1.4702401161193848,46869,126796,131592,129272,14551,0,669,0
1.484602928161621,46869,126796,131592,129272,14551,0,669,0
1.4985899925231934,46869,126796,131592,129272,14551,0,669,0
1.5126190185546875,46869,126796,131592,129272,14551,0,669,0
1.526628017425537,46869,126796,131592,129272,14551,0,669,0
1.5408790111541748,46869,126796,131592,129272,14551,0,669,0
1.5550761222839355,46869,126796,131592,129272,14551,0,669,0
1.569101095199585,46869,126796,131592,129272,14551,0,669,0
1.5830559730529785,46869,126796,131592,129272,14551,0,669,0
1.5969860553741455,46869,126796,131592,129272,14551,0,669,0
1.6110379695892334,46869,126796,131592,129272,14551,0,669,0
1.6250479221343994,46869,126796,131592,129272,14551,0,669,0
1.6390490531921387,46869,126796,131592,129272,14551,0,669,0
1.6530821323394775,46869,126796,131592,129272,14551,0,669,0
1.6675219535827637,46869,126796,131592,129272,14551,0,669,0
1.681654930114746,46869,126796,131592,129272,14551,0,669,0
1.696526050567627,46869,126796,131592,129272,14551,0,669,0
1.7115399837493896,46869,126796,131592,129272,14551,0,669,0
1.7264859676361084,46869,126796,131592,129272,14551,0,669,0
1.7415709495544434,46869,126796,131592,129272,14551,0,669,0
1.7565319538116455,46869,126796,131592,129272,14551,0,669,0
1.7716059684753418,46869,126796,131592,129272,14551,0,669,0
1.786600112915039,46869,126796,131592,129272,14551,0,669,0
1.8017029762268066,46869,126796,131592,129272,14551,0,669,0
1.8160400390625,46869,126796,131592,129272,14551,0,669,0
1.8300950527191162,46869,126796,131592,129272,14551,0,669,0
1.8441331386566162,46869,126796,131592,129272,14551,0,669,0
1.8584189414978027,46869,126796,131592,129272,14551,0,669,0
1.8730909824371338,46869,126796,131592,129272,14551,0,669,0
1.8876700401306152,46869,126796,131592,129272,14551,0,669,0
1.9018559455871582,46869,126796,131592,129272,14551,0,669,0
1.9159431457519531,46869,126796,131592,129272,14551,0,669,0
1.9304089546203613,46869,126796,131592,129272,14551,0,669,0
1.9446771144866943,46869,126796,131592,129272,14551,0,669,0
1.9590709209442139,46869,126796,131592,129272,14551,0,669,0
1.9731159210205078,46869,126796,131592,129272,14551,0,669,0
1.9870340824127197,46869,126796,131592,129272,14551,0,669,0
2.0013620853424072,46869,126796,131592,129272,14551,0,669,0
2.0160109996795654,46869,126796,131592,129272,14551,0,669,0
2.0300490856170654,46869,126796,131592,129272,14551,0,669,0
2.044076919555664,46869,126796,131592,129272,14551,0,669,0
2.058100938796997,46869,126796,131592,129272,14551,0,669,0
2.072075128555298,46869,126796,131592,129272,14551,0,669,0
2.0868310928344727,46869,126796,131592,129272,14551,0,669,0
2.1011650562286377,46869,126796,131592,129272,14551,0,669,0
2.115818977355957,46869,126796,131592,129272,14551,0,669,0
2.129889965057373,46869,126796,131592,129272,14551,0,669,0
2.1440210342407227,46869,126796,131592,129272,14551,0,669,0
2.158069133758545,46869,126796,131592,129272,14551,0,669,0
2.1720941066741943,46869,126796,131592,129272,14551,0,669,0
2.186605930328369,46869,126796,131592,129272,14551,0,669,0
2.2010750770568848,46869,126796,131592,129272,14551,0,669,0
2.2157809734344482,46869,126796,131592,129272,14551,0,669,0
2.2300961017608643,46869,126796,131592,129272,14551,0,669,0
2.244455099105835,46869,128844,133616,131320,14552,0,669,0
2.2617850303649902,46869,137036,141808,139512,14556,0,669,0
2.2765259742736816,46869,147276,154096,149752,14561,0,669,0
2.29160213470459,46869,157516,164336,159992,14566,0,670,0
2.3066110610961914,46869,167756,174576,170232,14571,0,670,0
2.3215410709381104,46869,177996,184816,180472,14576,0,670,0
2.3365190029144287,46869,188236,195056,190712,14581,0,670,0
2.3514161109924316,46869,200524,205296,203000,14586,0,670,0
2.366413116455078,46869,210764,215536,213240,14591,0,670,0
2.3812179565429688,46869,221004,225776,223480,14596,0,670,0
2.396059989929199,46869,231244,236016,233720,14601,0,671,0
2.4110641479492188,46869,239436,246256,241912,14606,0,671,0
2.425971031188965,46869,251724,256496,254200,14611,0,671,0
2.440678119659424,46869,261964,266736,264440,14616,0,672,0
2.4554319381713867,46869,272204,276976,274680,14621,0,672,0
2.470196008682251,46869,282444,287216,284920,14626,0,672,0
2.485460042953491,46869,292684,297456,295160,14631,0,672,0
2.500478982925415,46869,302924,307696,305400,14637,0,672,0
2.515594959259033,46869,313164,317936,315640,14642,0,672,0
2.5305869579315186,46869,323404,328176,325880,14647,0,673,0
2.5456509590148926,46869,333644,338416,336120,14652,0,673,0
2.5608320236206055,46869,343884,348656,346360,14657,0,673,0
2.575932025909424,46869,354124,358896,356600,14662,0,673,0
2.5910580158233643,46869,364364,369136,366840,14667,0,674,0
2.6060969829559326,46869,374604,379376,377080,14672,0,674,0
2.6210899353027344,46869,384844,389616,387320,14677,0,674,0
2.6361870765686035,46869,395084,399856,397560,14682,0,674,0
2.651167154312134,46869,405324,410096,407800,14687,0,674,0
2.666330099105835,46869,415564,420336,418040,14692,0,674,0
2.681446075439453,46869,425804,430576,428280,14697,0,675,0
2.696315050125122,46869,436044,440816,438520,14702,0,675,0
2.711449146270752,46869,446284,451056,448760,14707,0,675,0
2.726267099380493,46869,456524,461296,459000,14712,0,676,0
2.7410521507263184,46869,466764,471536,469240,14717,0,676,0
2.75586199760437,46869,477004,481776,479480,14722,0,676,0
2.7708899974823,46869,487244,492016,489720,14727,0,676,0
2.785865068435669,46869,497484,502256,499960,14732,0,676,0
2.8009350299835205,46869,507724,512496,510200,14737,0,676,0
2.8159029483795166,46869,517964,524784,520440,14742,0,677,0
2.830907106399536,46869,528204,535024,530680,14747,0,677,0
2.8457820415496826,46869,538444,545264,540920,14752,0,677,0
2.860917091369629,46869,548684,555504,551160,14757,0,677,0
2.8759610652923584,46869,558924,565744,561400,14762,0,678,0
2.891003131866455,46869,569164,575984,571640,14767,0,678,0
2.9059700965881348,46869,579404,586224,581880,14772,0,678,0
2.92103910446167,46869,591692,596464,594168,14777,0,678,0
2.9360971450805664,46869,601932,606704,604408,14782,0,678,0
2.9510810375213623,46869,612172,616944,614648,14787,0,678,0
2.9661121368408203,46869,622412,627184,624888,14792,0,679,0
2.981529951095581,46869,632652,637424,635128,14798,0,679,0
2.996748924255371,46869,642892,647664,645368,14802,0,679,0
3.0118601322174072,46869,653132,657904,655608,14808,0,680,0
3.026948928833008,46869,663372,668144,665848,14813,0,680,0
3.041980028152466,46869,673612,678384,676088,14818,0,680,0
3.0570850372314453,46869,683852,688624,686328,14823,0,680,0
3.072082996368408,46869,694092,698864,696568,14828,0,680,0
3.087104082107544,46869,704332,709104,706808,14833,0,680,0
3.1020169258117676,46869,714572,719344,717048,14838,0,680,0
3.116837978363037,46869,724812,729584,727288,14843,0,681,0
3.13162899017334,46869,735052,739824,737528,14848,0,681,0
3.1463589668273926,46869,745292,750064,747768,14853,0,681,0
3.1613240242004395,46869,755532,760304,758008,14858,0,682,0
3.176100015640259,46869,765772,770544,768248,14863,0,682,0
3.1910760402679443,46869,776012,780784,778488,14868,0,682,0
3.205976963043213,46869,786252,791024,788728,14873,0,682,0
3.2209861278533936,46869,796492,803312,798968,14878,0,682,0
3.2361230850219727,46869,806732,813552,809208,14883,0,682,0
3.2510781288146973,46869,816972,823792,819448,14888,0,683,0
3.2661049365997314,46869,827212,834032,829688,14893,0,683,0
3.2811360359191895,46869,837452,844272,839928,14898,0,683,0
3.2961180210113525,46869,847692,854512,850168,14903,0,684,0
3.3110129833221436,46869,857932,864752,860408,14908,0,684,0
3.326374053955078,46869,870220,874992,872696,14913,0,684,0
3.341093063354492,46869,880460,885232,882936,14918,0,684,0
3.3560900688171387,46869,890700,895472,893176,14923,0,684,0
3.3710999488830566,46869,900940,905712,903416,14928,0,684,0
3.386054039001465,46869,911180,915952,913656,14933,0,684,0
3.4010541439056396,46869,921420,926192,923896,14939,0,685,0
3.4161081314086914,46869,931660,936432,934136,14944,0,685,0
3.4310879707336426,46869,941900,946672,944376,14949,0,685,0
3.446087121963501,46869,952140,956912,954616,14954,0,686,0
3.46101713180542,46869,962380,967152,964856,14959,0,686,0
3.476047992706299,46869,972620,977392,975096,14964,0,686,0
3.4910221099853516,46869,982860,987632,985336,14969,0,686,0
3.5060031414031982,46869,993100,997872,995576,14974,0,686,0
3.5209901332855225,46869,1003340,1008112,1005816,14979,0,686,0
3.536044120788574,46869,1013580,1018352,1016056,14984,0,687,0
3.551129102706909,46869,1023820,1028592,1026296,14989,0,687,0
3.5660150051116943,46869,1034060,1038832,1036536,14994,0,687,0
3.5809381008148193,46869,1044300,1051120,1046776,14999,0,688,0
3.595813035964966,46869,1054540,1059312,1057016,15004,0,688,0
3.610793113708496,46869,1064780,1069552,1067256,15009,0,688,0
3.6255710124969482,46869,1075020,1081840,1077496,15014,0,688,0
3.6405680179595947,46869,1085260,1092080,1087736,15019,0,688,0
3.65549898147583,46869,1095500,1102320,1097976,15024,0,688,0
3.670565128326416,46869,1105740,1112560,1108216,15029,0,688,0
3.6856589317321777,46869,1118028,1122800,1120504,15034,0,689,0
3.7006781101226807,46869,1128268,1133040,1130744,15039,0,689,0
3.715930938720703,46869,1138508,1143280,1140984,15044,0,689,0
3.7308499813079834,46869,1148748,1153520,1151224,15049,0,690,0
3.746227979660034,46869,1158988,1163760,1161464,15054,0,690,0
3.7611069679260254,46869,1169228,1174000,1171704,15059,0,690,0
3.7761831283569336,46869,1179468,1184240,1181944,15065,0,690,0
3.7911829948425293,46869,1189708,1194480,1192184,15070,0,690,0
3.806110143661499,46869,1199948,1204720,1202424,15075,0,690,0
3.821176052093506,46869,1210188,1214960,1212664,15080,0,691,0
3.8361871242523193,46869,1220428,1225200,1222904,15085,0,691,0
3.8510520458221436,46869,1230668,1235440,1233144,15090,0,691,0
3.866023063659668,46869,1240908,1245680,1243384,15095,0,691,0
3.8810410499572754,46869,1251148,1255920,1253624,15100,0,692,0
3.8957440853118896,46869,1261388,1266160,1263864,15105,0,692,0
3.9103760719299316,46869,1271628,1276400,1274104,15110,0,692,0
3.9255599975585938,46869,1281868,1286640,1284344,15115,0,692,0
3.940951108932495,46869,1292108,1296880,1294584,15120,0,692,0
3.956516981124878,46869,1302348,1309168,1304824,15125,0,692,0
3.9714131355285645,46869,1312588,1319408,1315064,15130,0,693,0
3.986530065536499,46869,1322828,1329648,1325304,15135,0,693,0
4.001523971557617,46869,1333068,1339888,1335544,15140,0,693,0
4.016610145568848,46869,1343308,1350128,1345784,15145,0,694,0
4.031835079193115,46869,1353548,1360368,1356024,15150,0,694,0
4.046802043914795,46869,1363788,1370608,1366264,15155,0,694,0
4.061816930770874,46869,1374028,1380848,1376504,15160,0,694,0
4.07690691947937,46869,1386316,1391088,1388792,15165,0,694,0
4.0919530391693115,46869,1396556,1401328,1399032,15170,0,694,0
4.106966972351074,46869,1406796,1411568,1409272,15175,0,695,0
4.121943950653076,46869,1417036,1421808,1419512,15180,0,695,0
4.137022018432617,46869,1427276,1432048,1429752,15185,0,695,0
4.152475118637085,46869,1437516,1442288,1439992,15191,0,695,0
4.167622089385986,46869,1447756,1452528,1450232,15196,0,696,0
4.182873010635376,46869,1457996,1462768,1460472,15201,0,696,0
4.198076963424683,46869,1468236,1473008,1470712,15206,0,696,0
4.21309494972229,46869,1478476,1483248,1480952,15211,0,696,0
4.228039979934692,46869,1488716,1493488,1491192,15216,0,696,0
4.243138074874878,46869,1498956,1503728,1501432,15221,0,696,0
4.2581140995025635,46869,1509196,1513968,1511672,15226,0,697,0
4.27309513092041,46869,1519436,1524208,1521912,15231,0,697,0
4.288157939910889,46869,1529676,1534448,1532152,15236,0,697,0
4.303028106689453,46869,1539916,1544688,1542392,15241,0,698,0
4.3178651332855225,46869,1550156,1554928,1552632,15246,0,698,0
4.332530975341797,46869,1560396,1567216,1562872,15251,0,698,0
4.34747314453125,46869,1570636,1575408,1573112,15256,0,698,0
4.362802982330322,46869,1580876,1587696,1583352,15261,0,698,0
4.377912998199463,46869,1591116,1597936,1593592,15266,0,698,0
4.392975091934204,46869,1601356,1608176,1603832,15271,0,699,0
4.407925128936768,46869,1611596,1618416,1614072,15276,0,699,0
4.422975063323975,46869,1621836,1628656,1624312,15281,0,699,0
4.437947034835815,46869,1634124,1638896,1636600,15286,0,699,0
4.453052997589111,46869,1644364,1649136,1646840,15291,0,700,0
4.468092918395996,46869,1654604,1659376,1657080,15296,0,700,0
4.483103036880493,46869,1664844,1669616,1667320,15301,0,700,0
4.498098134994507,46869,1675084,1679856,1677560,15306,0,700,0
4.513031005859375,46869,1685324,1690096,1687800,15311,0,700,0
4.52801513671875,46869,1695564,1700336,1698040,15317,0,700,0
4.542918920516968,46869,1705804,1710576,1708280,15322,0,701,0
4.557852029800415,46869,1716044,1720816,1718520,15327,0,701,0
4.5731730461120605,46869,1726284,1731056,1728760,15332,0,701,0
4.588304042816162,46869,1736524,1741296,1739000,15337,0,702,0
4.6031880378723145,46869,1746764,1751536,1749240,15342,0,702,0
4.618056058883667,46869,1757004,1761776,1759480,15347,0,702,0
4.633080005645752,46869,1767244,1772016,1769720,15352,0,702,0
4.64795708656311,46869,1777484,1782256,1779960,15357,0,702,0
4.662930011749268,46869,1787724,1792496,1790200,15362,0,702,0
4.67800498008728,46869,1797964,1802736,1800440,15367,0,702,0
4.693007946014404,46869,1808204,1812976,1810680,15372,0,703,0
4.707973003387451,46869,1818444,1823216,1820920,15377,0,703,0
4.72291898727417,46869,1828684,1835504,1831160,15382,0,703,0
4.738156080245972,46869,1838924,1845744,1841400,15387,0,704,0
4.753124952316284,46869,1849164,1855984,1851640,15392,0,704,0
4.768087148666382,46869,1861452,1866224,1863928,15397,0,704,0
4.783185958862305,46869,1869644,1876464,1872120,15402,0,704,0
4.798327922821045,46869,1881932,1886704,1884408,15407,0,704,0
4.81341814994812,46869,1892172,1896944,1894648,15412,0,704,0
4.82848596572876,46869,1902412,1907184,1904888,15417,0,705,0
4.843569040298462,46869,1912652,1917424,1915128,15422,0,705,0
4.858654975891113,46869,1922892,1927664,1925368,15428,0,705,0
4.873713970184326,46869,1933132,1937904,1935608,15433,0,706,0
4.8888609409332275,46869,1943372,1948144,1945848,15438,0,706,0
4.903965950012207,46869,1953612,1958384,1956088,15443,0,706,0
4.919016122817993,46869,1963852,1968624,1966328,15448,0,706,0
4.934298038482666,46869,1974092,1978864,1976568,15453,0,706,0
4.949347972869873,46869,1984332,1989104,1986808,15458,0,706,0
4.964457988739014,46869,1994572,1999344,1997048,15463,0,706,0
4.97954797744751,46869,2004812,2009584,2007288,15468,0,707,0
4.995082139968872,46869,2015052,2021872,2017528,15473,0,707,0
5.010357141494751,46869,2025292,2032112,2027768,15478,0,707,0
5.025352954864502,46869,2035532,2042352,2038008,15483,0,708,0
5.040205001831055,46869,2045772,2052592,2048248,15488,0,708,0
5.055187940597534,46869,2058060,2062832,2060536,15493,0,708,0
5.070207118988037,46869,2068300,2073072,2070776,15498,0,708,0
5.0851781368255615,46869,2078540,2083312,2081016,15503,0,708,0
5.1001081466674805,46869,2088780,2093552,2091256,15508,0,708,0
5.115035057067871,46869,2099020,2103792,2101496,15513,0,709,0
5.130100965499878,46869,2109260,2114032,2111736,15518,0,709,0
5.145024061203003,46869,2119500,2124272,2121976,15524,0,709,0
5.160043954849243,46869,2129740,2134512,2132216,15529,0,710,0
5.174921989440918,46869,2139980,2144752,2142456,15534,0,710,0
5.189896106719971,46869,2150220,2154992,2152696,15539,0,710,0
5.204909086227417,46869,2160460,2165232,2162936,15544,0,710,0
5.22002100944519,46869,2170700,2175472,2173176,15549,0,710,0
5.235059976577759,46869,2180940,2185712,2183416,15554,0,710,0
5.250033140182495,46869,2191180,2195952,2193656,15559,0,710,0
5.264948129653931,46869,2201420,2206192,2203896,15564,0,711,0
5.280063152313232,46869,2211660,2216432,2214136,15569,0,711,0
5.295074939727783,46869,2221900,2226672,2224376,15574,0,711,0
5.310132026672363,46869,2232140,2238960,2234616,15579,0,712,0
5.325191974639893,46869,2242380,2249200,2244856,15584,0,712,0
5.340196132659912,46869,2252620,2259440,2255096,15589,0,712,0
5.355319976806641,46869,2262860,2269680,2265336,15594,0,712,0
5.3704869747161865,46869,2275148,2279920,2277624,15599,0,712,0
5.38579797744751,46869,2285388,2290160,2287864,15604,0,712,0
5.401086091995239,46869,2295628,2300400,2298104,15609,0,713,0
5.416227102279663,46869,2305868,2310640,2308344,15614,0,713,0
5.431385040283203,46869,2316108,2320880,2318584,15620,0,713,0
5.446434020996094,46869,2326348,2331120,2328824,15625,0,714,0
5.461488962173462,46869,2336588,2341360,2339064,15630,0,714,0
5.476511001586914,46869,2346828,2351600,2349304,15635,0,714,0
5.4915690422058105,46869,2357068,2361840,2359544,15640,0,714,0
5.506685018539429,46869,2367308,2372080,2369784,15645,0,714,0
5.5221030712127686,46869,2377548,2382320,2380024,15650,0,714,0
5.537193059921265,46869,2387788,2392560,2390264,15655,0,714,0
5.552093982696533,46869,2398028,2402800,2400504,15660,0,715,0
5.567217111587524,46869,2408268,2415088,2410744,15665,0,715,0
5.582198143005371,46869,2418508,2425328,2420984,15670,0,715,0
5.597164154052734,46869,2428748,2435568,2431224,15675,0,716,0
5.612807989120483,46869,2438988,2445808,2441464,15680,0,716,0
5.628025054931641,46869,2451276,2456048,2453752,15685,0,716,0
5.643147945404053,46869,2461516,2466288,2463992,15690,0,716,0
5.658236026763916,46869,2471756,2476528,2474232,15695,0,716,0
5.673187017440796,46869,2481996,2486768,2484472,15700,0,716,0
5.688223123550415,46869,2492236,2497008,2494712,15705,0,717,0
5.703210115432739,46869,2502476,2507248,2504952,15710,0,717,0
5.71834397315979,46869,2512716,2517488,2515192,15716,0,717,0
5.733304023742676,46869,2522956,2527728,2525432,15721,0,718,0
5.74835991859436,46869,2533196,2537968,2535672,15726,0,718,0
5.763256072998047,46869,2543436,2548208,2545912,15731,0,718,0
5.77837610244751,46869,2553676,2558448,2556152,15736,0,718,0
5.793408155441284,46869,2563916,2568688,2566392,15741,0,718,0
5.808484077453613,46869,2574156,2578928,2576632,15746,0,718,0
5.824052095413208,46869,2584396,2589168,2586872,15751,0,718,0
5.8389270305633545,46869,2594636,2599408,2597112,15756,0,719,0
5.853615999221802,46869,2604876,2609648,2607352,15761,0,719,0
5.868366003036499,46869,2615116,2621936,2617592,15766,0,719,0
5.883039951324463,46869,2627404,2632176,2629880,15772,0,720,0
5.900747060775757,46869,2637644,2644464,2640120,15777,0,720,0
5.9154441356658936,46869,2647884,2654704,2650360,15782,0,720,0
5.930254936218262,46869,2658124,2664944,2660600,15787,0,720,0
5.9449779987335205,46869,2670412,2675184,2672888,15792,0,720,0
5.959674119949341,46869,2680652,2685424,2683128,15797,0,720,0
5.974470138549805,46869,2690892,2695664,2693368,15802,0,721,0
5.989319086074829,46869,2701132,2705904,2703608,15807,0,721,0
6.004167079925537,46869,2711372,2716144,2713848,15813,0,721,0
6.019050121307373,46869,2721612,2726384,2724088,15818,0,722,0
6.0340940952301025,46869,2731852,2736624,2734328,15823,0,722,0
6.049057960510254,46869,2742092,2746864,2744568,15828,0,722,0
6.064073085784912,46869,2752332,2757104,2754808,15833,0,722,0
6.079046010971069,46869,2762572,2767344,2765048,15838,0,722,0
6.093981027603149,46869,2772812,2777584,2775288,15843,0,722,0
6.108858108520508,46869,2783052,2789872,2785528,15848,0,723,0
6.123680114746094,46869,2793292,2798064,2795768,15853,0,723,0
6.138638973236084,46869,2803532,2810352,2806008,15858,0,723,0
6.153662919998169,46869,2813772,2820592,2816248,15863,0,723,0
6.168787002563477,46869,2824012,2830832,2826488,15868,0,724,0
6.183720111846924,46869,2834252,2841072,2836728,15873,0,724,0
6.198683023452759,46869,2846540,2851312,2849016,15878,0,724,0
6.213642120361328,46869,2856780,2861552,2859256,15883,0,724,0
6.228888034820557,46869,2867020,2871792,2869496,15888,0,724,0
6.2440431118011475,46869,2877260,2882032,2879736,15894,0,724,0
6.259091138839722,46869,2887500,2892272,2889976,15899,0,725,0
6.2739269733428955,46869,2897740,2902512,2900216,15904,0,725,0
6.288843154907227,46869,2907980,2912752,2910456,15909,0,725,0
6.303844928741455,46869,2918220,2922992,2920696,15914,0,726,0
6.318596124649048,46869,2928460,2933232,2930936,15919,0,726,0
6.333399057388306,46869,2938700,2943472,2941176,15924,0,726,0
6.34844708442688,46869,2948940,2953712,2951416,15929,0,726,0
6.363387107849121,46869,2959180,2963952,2961656,15934,0,726,0
6.378373146057129,46869,2969420,2974192,2971896,15939,0,726,0
6.39340615272522,46869,2979660,2986480,2982136,15944,0,727,0
6.408375024795532,46869,2989900,2996720,2992376,15949,0,727,0
6.42351508140564,46869,3000140,3006960,3002616,15954,0,727,0
6.438576936721802,46869,3010380,3017200,3012856,15959,0,727,0
6.4537999629974365,46869,3022668,3027440,3025144,15964,0,728,0
6.468904972076416,46869,3032908,3037680,3035384,15969,0,728,0
6.48410701751709,46869,3043148,3047920,3045624,15974,0,728,0
6.499146938323975,46869,3053388,3058160,3055864,15980,0,728,0
6.514169931411743,46869,3063628,3068400,3066104,15985,0,728,0
6.529331922531128,46869,3073868,3078640,3076344,15990,0,728,0
6.5444769859313965,46869,3084108,3088880,3086584,15995,0,729,0
6.559453964233398,46869,3094348,3099120,3096824,16000,0,729,0
6.574679136276245,46869,3104588,3109360,3107064,16005,0,729,0
6.58995795249939,46869,3114828,3119600,3117304,16010,0,730,0
6.6049511432647705,46869,3125068,3131888,3127544,16015,0,730,0
6.620028018951416,46869,3135308,3142128,3137784,16020,0,730,0
6.635103940963745,46869,3147596,3152368,3150072,16025,0,730,0
6.650619983673096,46869,3157836,3162608,3160312,16030,0,730,0
6.665528059005737,46869,3168076,3172848,3170552,16035,0,730,0
6.680607080459595,46869,3178316,3183088,3180792,16041,0,731,0
6.695827960968018,46869,3188556,3193328,3191032,16046,0,731,0
6.710844993591309,46869,3198796,3203568,3201272,16051,0,731,0
6.725983142852783,46869,3209036,3213808,3211512,16056,0,731,0
6.740972995758057,46869,3219276,3224048,3221752,16061,0,732,0
6.755980968475342,46869,3229516,3234288,3231992,16066,0,732,0
6.770817995071411,46869,3239756,3244528,3242232,16071,0,732,0
6.785957098007202,46869,3249996,3254768,3252472,16076,0,732,0
6.80101203918457,46869,3260236,3267056,3262712,16081,0,732,0
6.816091060638428,46869,3270476,3277296,3272952,16086,0,732,0
6.831089019775391,46869,3280716,3287536,3283192,16091,0,733,0
6.846169948577881,46869,3293004,3297776,3295480,16096,0,733,0
6.861505031585693,46869,3303244,3308016,3305720,16101,0,733,0
6.8769919872283936,46869,3313484,3318256,3315960,16106,0,734,0
6.89218807220459,46869,3323724,3328496,3326200,16112,0,734,0
6.907370090484619,46869,3333964,3338736,3336440,16117,0,734,0
6.922397136688232,46869,3344204,3348976,3346680,16122,0,734,0
6.937396049499512,46869,3354444,3359216,3356920,16127,0,734,0
6.952533006668091,46869,3364684,3369456,3367160,16132,0,734,0
6.967605113983154,46869,3374924,3379696,3377400,16137,0,735,0
6.9827721118927,46869,3385164,3389936,3387640,16142,0,735,0
6.997853994369507,46869,3395404,3400176,3397880,16147,0,735,0
7.0129899978637695,46869,3405644,3412464,3408120,16152,0,736,0
7.028079986572266,46869,3415884,3422704,3418360,16157,0,736,0
7.043091058731079,46869,3426124,3432944,3428600,16162,0,736,0
7.058088064193726,46869,3436364,3443184,3438840,16167,0,736,0
7.0732080936431885,46869,3448652,3453424,3451128,16172,0,736,0
7.088361978530884,46869,3458892,3463664,3461368,16177,0,736,0
7.103413105010986,46869,3469132,3473904,3471608,16182,0,736,0
7.11854100227356,46869,3479372,3484144,3481848,16188,0,737,0
7.133523941040039,46869,3489612,3494384,3492088,16193,0,737,0
7.148546934127808,46869,3499852,3504624,3502328,16198,0,737,0
7.163619041442871,46869,3510092,3514864,3512568,16203,0,738,0
7.178807973861694,46869,3520332,3525104,3522808,16208,0,738,0
7.19375205039978,46869,3530572,3535344,3533048,16213,0,738,0
7.208852052688599,46869,3540812,3545584,3543288,16218,0,738,0
7.223679065704346,46869,3551052,3555824,3553528,16223,0,738,0
7.238822937011719,46869,3561292,3568112,3563768,16228,0,738,0
7.253807067871094,46869,3571532,3578352,3574008,16233,0,739,0
7.268583059310913,46869,3581772,3588592,3584248,16238,0,739,0
7.283967971801758,46869,3594060,3598832,3596536,16243,0,739,0
7.299124002456665,46869,3604300,3609072,3606776,16248,0,740,0
7.314212083816528,46869,3614540,3619312,3617016,16253,0,740,0
7.32940411567688,46869,3624780,3629552,3627256,16259,0,740,0
7.344556093215942,46869,3635020,3639792,3637496,16264,0,740,0
7.359785079956055,46869,3645260,3650032,3647736,16269,0,740,0
7.374868154525757,46869,3655500,3660272,3657976,16274,0,740,0
7.389910936355591,46869,3665740,3670512,3668216,16279,0,740,0
7.404907941818237,46869,3675980,3680752,3678456,16284,0,741,0
7.4198479652404785,46869,3686220,3690992,3688696,16289,0,741,0
7.434988021850586,46869,3696460,3703280,3698936,16294,0,741,0
7.44992208480835,46869,3706700,3713520,3709176,16299,0,742,0
7.465057134628296,46869,3716940,3723760,3719416,16304,0,742,0
7.480158090591431,46869,3729228,3734000,3731704,16309,0,742,0
7.495327949523926,46869,3739468,3744240,3741944,16314,0,742,0
7.510512113571167,46869,3749708,3754480,3752184,16319,0,742,0
7.525722026824951,46869,3759948,3764720,3762424,16325,0,742,0
7.54085898399353,46869,3770188,3774960,3772664,16330,0,743,0
7.5560619831085205,46869,3780428,3785200,3782904,16335,0,743,0
7.571278095245361,46869,3790668,3795440,3793144,16340,0,743,0
7.586194038391113,46869,3800908,3805680,3803384,16345,0,744,0
7.601225137710571,46869,3811148,3815920,3813624,16350,0,744,0
7.616275072097778,46869,3821388,3828208,3823864,16355,0,744,0
7.63146710395813,46869,3831628,3838448,3834104,16360,0,744,0
7.646646022796631,46869,3841868,3848688,3844344,16365,0,744,0
7.661890029907227,46869,3854156,3858928,3856632,16370,0,744,0
7.67709493637085,46869,3864396,3869168,3866872,16375,0,744,0
7.692501068115234,46869,3874636,3879408,3877112,16381,0,745,0
7.707571983337402,46869,3884876,3889648,3887352,16386,0,745,0
7.722800016403198,46869,3895116,3899888,3897592,16391,0,745,0
7.738048076629639,46869,3905356,3910128,3907832,16396,0,746,0
7.753230094909668,46869,3915596,3920368,3918072,16401,0,746,0
7.768309116363525,46869,3925836,3930608,3928312,16406,0,746,0
7.78345799446106,46869,3936076,3942896,3938552,16411,0,746,0
7.7985029220581055,46869,3946316,3953136,3948792,16416,0,746,0
7.813272953033447,46869,3956556,3963376,3959032,16421,0,746,0
7.8283209800720215,46869,3970892,3975664,3973368,16427,0,747,0
7.846260070800781,46869,3981132,3985904,3983608,16432,0,747,0
7.861500978469849,46869,3991372,3996144,3993848,16438,0,747,0
7.876644134521484,46869,4001612,4006384,4004088,16443,0,748,0
7.8921239376068115,46869,4011852,4016624,4014328,16448,0,748,0
7.907348155975342,46869,4022092,4026864,4024568,16453,0,748,0
7.922461032867432,46869,4032332,4037104,4034808,16458,0,748,0
7.9375691413879395,46869,4042572,4047344,4045048,16463,0,748,0
7.9527671337127686,46869,4052812,4057584,4055288,16468,0,748,0
7.9680421352386475,46869,4063052,4069872,4065528,16473,0,749,0
7.983183145523071,46869,4073292,4080112,4075768,16478,0,749,0
7.998301982879639,46869,4085580,4090352,4088056,16483,0,749,0
8.013504028320312,46869,4095820,4100592,4098296,16488,0,750,0
8.028757095336914,46869,4106060,4110832,4108536,16493,0,750,0
8.043965101242065,46869,4116300,4121072,4118776,16499,0,750,0
8.059144020080566,46869,4126540,4131312,4129016,16504,0,750,0
8.074381113052368,46869,4136780,4141552,4139256,16509,0,750,0
8.089406967163086,46869,4147020,4151792,4149496,16514,0,750,0
8.104557991027832,46869,4157260,4162032,4159736,16519,0,750,0
8.119981050491333,46869,4167500,4172272,4169976,16524,0,751,0
8.135210990905762,46869,4177740,4184560,4180216,16529,0,751,0
8.150468111038208,46869,4187980,4194800,4190456,16534,0,751,0
8.165662050247192,46869,4200268,4205040,4202744,16539,0,752,0
8.1808021068573,46869,4210508,4215280,4212984,16544,0,752,0
8.196035146713257,46869,4220748,4225520,4223224,16550,0,752,0
8.211159944534302,46869,4230988,4235760,4233464,16555,0,752,0
8.22614598274231,46869,4241228,4246000,4243704,16560,0,752,0
8.241058111190796,46869,4251468,4256240,4253944,16565,0,752,0
8.256125926971436,46869,4261708,4266480,4264184,16570,0,753,0
8.271183013916016,46869,4271948,4276720,4274424,16575,0,753,0
8.286323070526123,46869,4282188,4286960,4284664,16580,0,753,0
8.301316022872925,46869,4292428,4299248,4294904,16585,0,754,0
8.316848039627075,46869,4302668,4309488,4305144,16590,0,754,0
8.332032918930054,46869,4314956,4319728,4317432,16595,0,754,0
8.34712815284729,46869,4321100,4325872,4323576,16599,0,754,0
8.362198114395142,46869,4321100,4325872,4323576,16599,0,754,0
8.3766450881958,46869,4321100,4325872,4323576,16599,0,754,0
8.391119003295898,46869,4321100,4325872,4323576,16599,0,754,0
8.405545949935913,46869,4321100,4325872,4323576,16599,0,754,0
8.420078039169312,46869,4321100,4325872,4323576,16599,0,754,0
8.434139013290405,46869,4321100,4325872,4323576,16599,0,754,0
8.448419094085693,46869,4321100,4325872,4323576,16599,0,754,0
8.463141918182373,46869,4321100,4325872,4323576,16599,0,754,0
8.477920055389404,46869,4321100,4325872,4323576,16599,0,754,0
8.492262125015259,46869,4321100,4325872,4323576,16599,0,754,0
8.506686925888062,46869,4321100,4325872,4323576,16599,0,754,0
8.521075963973999,46869,4321100,4325872,4323576,16599,0,754,0
8.535423040390015,46869,4321100,4325872,4323576,16599,0,754,0
8.54977798461914,46869,4321100,4325872,4323576,16599,0,754,0
8.56404709815979,46869,4321100,4325872,4323576,16599,0,754,0
8.578151941299438,46869,4321100,4325872,4323576,16599,0,754,0
8.59246301651001,46869,4321100,4325872,4323576,16599,0,754,0
8.606650114059448,46869,4321100,4325872,4323576,16599,0,754,0
8.621118068695068,46869,4321100,4325872,4323576,16599,0,754,0
8.635731935501099,46869,4321100,4325872,4323576,16599,0,754,0
8.64993405342102,46869,4321100,4325872,4323576,16599,0,754,0
8.663979053497314,46869,4321100,4325872,4323576,16599,0,754,0
8.678236961364746,46869,4321100,4325872,4323576,16599,0,754,0
8.69265103340149,46869,4321100,4325872,4323576,16599,0,754,0
8.70690107345581,46869,4321100,4325872,4323576,16599,0,754,0
8.72104811668396,46869,4321100,4325872,4323576,16599,0,754,0
8.73602294921875,46869,4321100,4325872,4323576,16599,0,754,0
8.750080108642578,46869,4321100,4325872,4323576,16599,0,754,0
8.764218091964722,46869,4321100,4325872,4323576,16599,0,754,0
8.778136014938354,46869,4321100,4325872,4323576,16599,0,754,0
8.792176961898804,46869,4321100,4325872,4323576,16599,0,754,0
8.80668592453003,46869,4321100,4325872,4323576,16599,0,754,0
8.82157301902771,46869,4321100,4325872,4323576,16599,0,754,0
8.835911989212036,46869,4321100,4325872,4323576,16599,0,754,0
8.850043058395386,46869,4321100,4325872,4323576,16599,0,754,0
8.86441707611084,46869,4321100,4325872,4323576,16599,0,754,0
8.878812074661255,46869,4321100,4325872,4323576,16599,0,754,0
8.89321494102478,46869,4321100,4325872,4323576,16599,0,754,0
8.908519983291626,46869,4321100,4325872,4323576,16599,0,754,0
8.923556089401245,46869,4321100,4325872,4323576,16599,0,754,0
8.938674926757812,46869,4321100,4325872,4323576,16599,0,754,0
8.953571081161499,46869,4321100,4325872,4323576,16599,0,754,0
8.968183994293213,46869,4321100,4325872,4323576,16599,0,754,0
8.982666969299316,46869,4321100,4325872,4323576,16599,0,754,0
8.997133016586304,46869,4321100,4325872,4323576,16599,0,754,0
9.012104988098145,46869,4321100,4325872,4323576,16599,0,754,0
9.026665925979614,46869,4321100,4325872,4323576,16599,0,754,0
9.04121208190918,46869,4321100,4325872,4323576,16599,0,754,0
9.055760145187378,46869,4321100,4325872,4323576,16599,0,754,0
9.070444107055664,46869,4321100,4325872,4323576,16599,0,754,0
9.084980010986328,46869,4321100,4325872,4323576,16599,0,754,0
9.099642992019653,46869,4321100,4325872,4323576,16599,0,754,0
9.11424708366394,46869,4321100,4325872,4323576,16599,0,754,0
9.12898302078247,46869,4321100,4325872,4323576,16599,0,754,0
9.143204927444458,46869,4321100,4325872,4323576,16599,0,754,0
9.15764594078064,46869,4321100,4325872,4323576,16599,0,754,0
9.171968936920166,46869,4321100,4325872,4323576,16599,0,754,0
9.186146974563599,46869,4321100,4325872,4323576,16599,0,754,0
9.200232028961182,46869,4321100,4325872,4323576,16599,0,754,0
9.214447021484375,46869,4321100,4325872,4323576,16599,0,754,0
9.228815078735352,46869,4321100,4325872,4323576,16599,0,754,0
9.243042945861816,46869,4321100,4325872,4323576,16599,0,754,0
9.257099151611328,46869,4321100,4325872,4323576,16599,0,754,0
9.271234035491943,46869,4321100,4325872,4323576,16599,0,754,0
9.28578495979309,46869,4321100,4325872,4323576,16599,0,754,0
9.300260066986084,46869,4321100,4325872,4323576,16599,0,754,0
9.315073013305664,46869,4321100,4325872,4323576,16599,0,754,0
9.329836130142212,46869,4321100,4325872,4323576,16599,0,754,0
9.34468412399292,46869,4321100,4325872,4323576,16599,0,754,0
9.359817028045654,46869,4321100,4325872,4323576,16599,0,754,0
9.374547958374023,46869,4321100,4325872,4323576,16599,0,754,0
9.389143943786621,46869,4321100,4325872,4323576,16599,0,754,0
9.404030084609985,46869,4321100,4325872,4323576,16599,0,754,0
9.41844892501831,46869,4321100,4325872,4323576,16599,0,754,0
9.432857990264893,46869,4321100,4325872,4323576,16599,0,754,0
9.447092056274414,46869,4321100,4325872,4323576,16599,0,754,0
9.46188497543335,46869,4321100,4325872,4323576,16599,0,754,0
9.476613998413086,46869,4321100,4325872,4323576,16599,0,754,0
9.491161108016968,46869,4321100,4325872,4323576,16599,0,754,0
9.505656957626343,46869,4321100,4325872,4323576,16599,0,754,0
9.520080089569092,46869,4321100,4325872,4323576,16599,0,754,0
9.534574031829834,46869,4321100,4325872,4323576,16599,0,754,0
9.548870086669922,46869,4321100,4325872,4323576,16599,0,754,0
9.563106060028076,46869,4321100,4325872,4323576,16599,0,754,0
9.57788896560669,46869,4321100,4325872,4323576,16599,0,754,0
9.592185020446777,46869,4321100,4325872,4323576,16599,0,754,0
9.606564998626709,46869,4321100,4325872,4323576,16599,0,754,0
9.621140003204346,46869,4321100,4325872,4323576,16599,0,754,0
9.635836124420166,46869,4321100,4325872,4323576,16599,0,754,0
9.650079011917114,46869,4321100,4325872,4323576,16599,0,754,0
9.66422700881958,46869,4321100,4325872,4323576,16599,0,754,0
9.678581953048706,46869,4321100,4325872,4323576,16599,0,754,0
9.69326901435852,46869,4321100,4325872,4323576,16599,0,754,0
9.70801305770874,46869,4321100,4325872,4323576,16599,0,754,0
9.722912073135376,46869,4321100,4325872,4323576,16599,0,754,0
9.73720908164978,46869,4321100,4325872,4323576,16599,0,754,0
9.75147008895874,46869,4321100,4325872,4323576,16599,0,754,0
9.765841960906982,46869,4321100,4325872,4323576,16599,0,754,0
9.780604124069214,46869,4321100,4325872,4323576,16599,0,754,0
9.795015096664429,46869,4321100,4325872,4323576,16599,0,754,0
9.809087038040161,46869,4321100,4325872,4323576,16599,0,754,0
9.823521137237549,46869,4321100,4325872,4323576,16599,0,754,0
9.838173151016235,46869,4321100,4325872,4323576,16599,0,754,0
9.852805137634277,46869,4321100,4325872,4323576,16599,0,754,0
9.867461919784546,46869,4321100,4325872,4323576,16599,0,754,0
9.881789922714233,46869,4321100,4325872,4323576,16599,0,754,0
9.896050930023193,46869,4321100,4325872,4323576,16599,0,754,0
9.910088062286377,46869,4321100,4325872,4323576,16599,0,754,0
9.924517154693604,46869,4321100,4325872,4323576,16599,0,754,0
9.9389009475708,46869,4321100,4325872,4323576,16599,0,754,0
9.953218936920166,46869,4321100,4325872,4323576,16599,0,754,0
9.967622995376587,46869,4321100,4325872,4323576,16599,0,754,0
9.982455968856812,46869,4321100,4325872,4323576,16599,0,754,0
9.99698805809021,46869,4321100,4325872,4323576,16599,0,754,0
10.011134147644043,46869,4321100,4325872,4323576,16599,0,754,0
10.025468111038208,46869,4321100,4325872,4323576,16599,0,754,0
10.040050983428955,46869,4321100,4325872,4323576,16599,0,754,0
10.055058002471924,46869,4321100,4325872,4323576,16599,0,754,0
10.06972599029541,46869,4321100,4325872,4323576,16599,0,754,0
10.084095001220703,46869,4321100,4325872,4323576,16599,0,754,0
10.098880052566528,46869,4321100,4325872,4323576,16599,0,754,0
10.11345911026001,46869,4321100,4325872,4323576,16599,0,754,0
10.128518104553223,46869,4321100,4325872,4323576,16599,0,754,0
10.143558979034424,46869,4321100,4325872,4323576,16599,0,754,0
10.158148050308228,46869,4321100,4325872,4323576,16599,0,754,0
10.172970056533813,46869,4321100,4325872,4323576,16599,0,754,0
10.187220096588135,46869,4321100,4325872,4323576,16599,0,754,0
10.201533079147339,46869,4321100,4325872,4323576,16599,0,754,0
10.216006994247437,46869,4321100,4325872,4323576,16599,0,754,0
10.230116128921509,46869,4321100,4325872,4323576,16599,0,754,0
10.244473934173584,46869,4321100,4325872,4323576,16599,0,754,0
10.25889801979065,46869,4321100,4325872,4323576,16599,0,754,0
10.27310299873352,46869,4321100,4325872,4323576,16599,0,754,0
10.287198066711426,46869,4321100,4325872,4323576,16599,0,754,0
10.301455020904541,46869,4321100,4325872,4323576,16599,0,754,0
10.315943956375122,46869,4321100,4325872,4323576,16599,0,754,0
10.330135107040405,46869,4321100,4325872,4323576,16599,0,754,0
10.344263076782227,46869,4321100,4325872,4323576,16599,0,754,0
10.358201026916504,46869,4321100,4325872,4323576,16599,0,754,0
10.373026132583618,46869,4321100,4325872,4323576,16599,0,754,0
10.387694120407104,46869,4321100,4325872,4323576,16599,0,754,0
10.402148962020874,46869,4321100,4325872,4323576,16599,0,754,0
10.416463136672974,46869,4321100,4325872,4323576,16599,0,754,0
10.430652141571045,46869,4321100,4325872,4323576,16599,0,754,0
10.444994926452637,46869,4321100,4325872,4323576,16599,0,754,0
10.459087133407593,46869,4321100,4325872,4323576,16599,0,754,0
10.473185062408447,46869,4321100,4325872,4323576,16599,0,754,0
10.487259149551392,46869,4321100,4325872,4323576,16599,0,754,0
10.50148606300354,46869,4321100,4325872,4323576,16599,0,754,0
10.515746116638184,46869,4321100,4325872,4323576,16599,0,754,0
10.529914140701294,46869,4321100,4325872,4323576,16599,0,754,0
10.544086933135986,46869,4321100,4325872,4323576,16599,0,754,0
10.558180093765259,46869,4321100,4325872,4323576,16599,0,754,0
10.572620153427124,46869,4321100,4325872,4323576,16599,0,754,0
10.587048053741455,46869,4321100,4325872,4323576,16599,0,754,0
10.601269006729126,46869,4321100,4325872,4323576,16599,0,754,0
10.615864992141724,46869,4321100,4325872,4323576,16599,0,754,0
10.6301429271698,46869,4321100,4325872,4323576,16599,0,754,0
10.644470930099487,46869,4321100,4325872,4323576,16599,0,754,0
10.658929109573364,46869,4321100,4325872,4323576,16599,0,754,0
10.673123121261597,46869,4321100,4325872,4323576,16599,0,754,0
10.687490940093994,46869,4321100,4325872,4323576,16599,0,754,0
10.70211410522461,46869,4321100,4325872,4323576,16599,0,754,0
10.7170090675354,46869,4321100,4325872,4323576,16599,0,754,0
10.731673002243042,46869,4321100,4325872,4323576,16599,0,754,0
10.746204137802124,46869,4321100,4325872,4323576,16599,0,754,0
10.76047396659851,46869,4321100,4325872,4323576,16599,0,754,0
10.775064945220947,46869,4321100,4325872,4323576,16599,0,754,0
10.789173126220703,46869,4321100,4325872,4323576,16599,0,754,0
10.80348515510559,46869,4321100,4325872,4323576,16599,0,754,0
10.818084955215454,46869,4321100,4325872,4323576,16599,0,754,0
10.832255125045776,46869,4321100,4325872,4323576,16599,0,754,0
10.847052097320557,46869,4321100,4325872,4323576,16599,0,754,0
10.861806154251099,46869,4321100,4325872,4323576,16599,0,754,0
10.876649141311646,46869,4321100,4325872,4323576,16599,0,754,0
10.89110803604126,46869,4321100,4325872,4323576,16599,0,754,0
10.905910968780518,46869,4321100,4325872,4323576,16599,0,754,0
10.920606136322021,46869,4321100,4325872,4323576,16599,0,754,0
10.935105085372925,46869,4321100,4325872,4323576,16599,0,754,0
10.949839115142822,46869,4321100,4325872,4323576,16599,0,754,0
10.96467399597168,46869,4321100,4325872,4323576,16599,0,754,0
10.979269981384277,46869,4321100,4325872,4323576,16599,0,754,0
10.994166135787964,46869,4321100,4325872,4323576,16599,0,754,0
11.009042024612427,46869,4321100,4325872,4323576,16599,0,754,0
11.024080038070679,46869,4321100,4325872,4323576,16599,0,754,0
11.038811922073364,46869,4321100,4325872,4323576,16599,0,754,0
11.05312204360962,46869,4321100,4325872,4323576,16599,0,754,0
11.067441940307617,46869,4321100,4325872,4323576,16599,0,754,0
11.081783056259155,46869,4321100,4325872,4323576,16599,0,754,0
11.09614610671997,46869,4321100,4325872,4323576,16599,0,754,0
11.11048698425293,46869,4321100,4325872,4323576,16599,0,754,0
11.125147104263306,46869,4321100,4325872,4323576,16599,0,754,0
11.139538049697876,46869,4321100,4325872,4323576,16599,0,754,0
11.154215097427368,46869,4321100,4325872,4323576,16599,0,754,0
11.16857099533081,46869,4321100,4325872,4323576,16599,0,754,0
11.183109045028687,46869,4321100,4325872,4323576,16599,0,754,0
11.197955131530762,46869,4321100,4325872,4323576,16599,0,754,0
11.212861061096191,46869,4321100,4325872,4323576,16599,0,754,0
11.227728128433228,46869,4321100,4325872,4323576,16599,0,754,0
11.24278211593628,46869,4321100,4325872,4323576,16599,0,754,0
11.257771968841553,46869,4321100,4325872,4323576,16599,0,754,0
11.27280592918396,46869,4321100,4325872,4323576,16599,0,754,0
11.287805080413818,46869,4321100,4325872,4323576,16599,0,754,0
11.302103996276855,46869,4321100,4325872,4323576,16599,0,754,0
11.316595077514648,46869,4321100,4325872,4323576,16599,0,754,0
11.33088994026184,46869,4321100,4325872,4323576,16599,0,754,0
11.345092058181763,46869,4321100,4325872,4323576,16599,0,754,0
11.359158992767334,46869,4321100,4325872,4323576,16599,0,754,0
11.373440980911255,46869,4321100,4325872,4323576,16599,0,754,0
11.38788914680481,46869,4321100,4325872,4323576,16599,0,754,0
11.40211796760559,46869,4321100,4325872,4323576,16599,0,754,0
11.416458129882812,46869,4321100,4325872,4323576,16599,0,754,0
11.430990934371948,46869,4321100,4325872,4323576,16599,0,754,0
11.44521713256836,46869,4321100,4325872,4323576,16599,0,754,0
11.45982313156128,46869,4321100,4325872,4323576,16599,0,754,0
11.474102973937988,46869,4321100,4325872,4323576,16599,0,754,0
11.488240957260132,46869,4321100,4325872,4323576,16599,0,754,0
11.502668142318726,46869,4321100,4325872,4323576,16599,0,754,0
11.516910076141357,46869,4321100,4325872,4323576,16599,0,754,0
11.531106948852539,46869,4321100,4325872,4323576,16599,0,754,0
11.545520067214966,46869,4321100,4325872,4323576,16599,0,754,0
11.559889078140259,46869,4321100,4325872,4323576,16599,0,754,0
11.574084043502808,46869,4321100,4325872,4323576,16599,0,754,0
11.588578939437866,46869,4321100,4325872,4323576,16599,0,754,0
11.602674961090088,46869,4321100,4325872,4323576,16599,0,754,0
11.616876125335693,46869,4321100,4325872,4323576,16599,0,754,0
11.631134033203125,46869,4321100,4325872,4323576,16599,0,754,0
11.645450115203857,46869,4321100,4325872,4323576,16599,0,754,0
11.659945011138916,46869,4321100,4325872,4323576,16599,0,754,0
11.674050092697144,46869,4321100,4325872,4323576,16599,0,754,0
11.688084125518799,46869,4321100,4325872,4323576,16599,0,754,0
11.702152967453003,46869,4321100,4325872,4323576,16599,0,754,0
11.716493129730225,46869,4321100,4325872,4323576,16599,0,754,0
11.730921030044556,46869,4321100,4325872,4323576,16599,0,754,0
11.745634078979492,46869,4321100,4325872,4323576,16599,0,754,0
11.760462045669556,46869,4321100,4325872,4323576,16599,0,754,0
11.775155067443848,46869,4321100,4325872,4323576,16599,0,754,0
11.789875030517578,46869,4321100,4325872,4323576,16599,0,754,0
11.804582118988037,46869,4321100,4325872,4323576,16599,0,754,0
11.819468975067139,46869,4321100,4325872,4323576,16599,0,754,0
11.834453105926514,46869,4321100,4325872,4323576,16599,0,754,0
11.849213123321533,46869,4321100,4325872,4323576,16599,0,754,0
11.863708972930908,46869,4321100,4325872,4323576,16599,0,754,0
11.878275156021118,46869,4321100,4325872,4323576,16599,0,754,0
11.893111944198608,46869,4321100,4325872,4323576,16599,0,754,0
11.907248973846436,46869,4321100,4325872,4323576,16599,0,754,0
11.921677112579346,46869,4321100,4325872,4323576,16599,0,754,0
11.936080932617188,46869,4321100,4325872,4323576,16599,0,754,0
11.950443029403687,46869,4321100,4325872,4323576,16599,0,754,0
11.964771032333374,46869,4321100,4325872,4323576,16599,0,754,0
11.978986978530884,46869,4321100,4325872,4323576,16599,0,754,0
11.99324107170105,46869,4321100,4325872,4323576,16599,0,754,0
12.007822036743164,46869,4321100,4325872,4323576,16599,0,754,0
12.022572994232178,46869,4321100,4325872,4323576,16599,0,754,0
12.037578105926514,46869,4321100,4325872,4323576,16599,0,754,0
12.05226993560791,46869,4321100,4325872,4323576,16599,0,754,0
12.06711196899414,46869,4321100,4325872,4323576,16599,0,754,0
12.081500053405762,46869,4321100,4325872,4323576,16599,0,754,0
12.09581708908081,46869,4321100,4325872,4323576,16599,0,754,0
12.110074996948242,46869,4321100,4325872,4323576,16599,0,754,0
12.124222040176392,46869,4321100,4325872,4323576,16599,0,754,0
12.138641119003296,46869,4321100,4325872,4323576,16599,0,754,0
12.153105020523071,46869,4321100,4325872,4323576,16599,0,754,0
12.167187929153442,46869,4321100,4325872,4323576,16599,0,754,0
12.181560039520264,46869,4321100,4325872,4323576,16599,0,754,0
12.19625210762024,46869,4321100,4325872,4323576,16599,0,754,0
12.211102962493896,46869,4321100,4325872,4323576,16599,0,754,0
12.225957155227661,46869,4321100,4325872,4323576,16599,0,754,0
12.240703105926514,46869,4321100,4325872,4323576,16599,0,754,0
12.255486011505127,46869,4321100,4325872,4323576,16599,0,754,0
12.270548105239868,46869,4321100,4325872,4323576,16599,0,754,0
12.28550910949707,46869,4321100,4325872,4323576,16599,0,754,0
12.300025939941406,46869,4321100,4325872,4323576,16599,0,754,0
12.314099073410034,46869,4321100,4325872,4323576,16599,0,754,0
12.328232049942017,46869,4321100,4325872,4323576,16599,0,754,0
12.342581033706665,46869,4321100,4325872,4323576,16599,0,754,0
12.35703992843628,46869,4321100,4325872,4323576,16599,0,754,0
12.37151312828064,46869,4321100,4325872,4323576,16599,0,754,0
12.386394023895264,46869,4321100,4325872,4323576,16599,0,754,0
12.401143074035645,46869,4321100,4325872,4323576,16599,0,754,0
12.416043043136597,46869,4321100,4325872,4323576,16599,0,754,0
12.431010961532593,46869,4321100,4325872,4323576,16599,0,754,0
12.44592809677124,46869,4321100,4325872,4323576,16599,0,754,0
12.460835933685303,46869,4321100,4325872,4323576,16599,0,754,0
12.475803136825562,46869,4321100,4325872,4323576,16599,0,754,0
12.490889072418213,46869,4321100,4325872,4323576,16599,0,754,0
12.505612134933472,46869,4321100,4325872,4323576,16599,0,754,0
12.520426034927368,46869,4321100,4325872,4323576,16599,0,754,0
12.535192966461182,46869,4321100,4325872,4323576,16599,0,754,0
12.550073146820068,46869,4321100,4325872,4323576,16599,0,754,0
12.565015077590942,46869,4321100,4325872,4323576,16599,0,754,0
12.580028057098389,46869,4321100,4325872,4323576,16599,0,754,0
12.595037937164307,46869,4321100,4325872,4323576,16599,0,754,0
12.609869956970215,46869,4321100,4325872,4323576,16599,0,754,0
12.624732971191406,46869,4321100,4325872,4323576,16599,0,754,0
12.639512062072754,46869,4321100,4325872,4323576,16599,0,754,0
12.654386043548584,46869,4321100,4325872,4323576,16599,0,754,0
12.669300079345703,46869,4321100,4325872,4323576,16599,0,754,0
12.68461012840271,46869,4321100,4325872,4323576,16599,0,754,0
12.699634075164795,46869,4321100,4325872,4323576,16599,0,754,0
12.714829921722412,46869,4321100,4325872,4323576,16599,0,754,0
12.729628086090088,46869,4321100,4325872,4323576,16599,0,754,0
12.74447512626648,46869,4321100,4325872,4323576,16599,0,754,0
12.759325981140137,46869,4321100,4325872,4323576,16599,0,754,0
12.774151086807251,46869,4321100,4325872,4323576,16599,0,754,0
12.789026021957397,46869,4321100,4325872,4323576,16599,0,754,0
12.803920030593872,46869,4321100,4325872,4323576,16599,0,754,0
12.818726062774658,46869,4321100,4325872,4323576,16599,0,754,0
12.833470106124878,46869,4321100,4325872,4323576,16599,0,754,0
12.848290920257568,46869,4321100,4325872,4323576,16599,0,754,0
12.863129138946533,46869,4321100,4325872,4323576,16599,0,754,0
12.878066062927246,46869,4321100,4325872,4323576,16599,0,754,0
12.893335103988647,46869,4321100,4325872,4323576,16599,0,754,0
12.908390998840332,46869,4321100,4325872,4323576,16599,0,754,0
12.923110961914062,46869,4321100,4325872,4323576,16599,0,754,0
12.93791913986206,46869,4321100,4325872,4323576,16599,0,754,0
12.952764987945557,46869,4321100,4325872,4323576,16599,0,754,0
12.967641115188599,46869,4321100,4325872,4323576,16599,0,754,0
12.982512950897217,46869,4321100,4325872,4323576,16599,0,754,0
12.997427940368652,46869,4321100,4325872,4323576,16599,0,754,0
13.012180089950562,46869,4321100,4325872,4323576,16599,0,754,0
13.026999950408936,46869,4321100,4325872,4323576,16599,0,754,0
13.041953086853027,46869,4321100,4325872,4323576,16599,0,754,0
13.056862115859985,46869,4321100,4325872,4323576,16599,0,754,0
13.071780920028687,46869,4321100,4325872,4323576,16599,0,754,0
13.086496114730835,46869,4321100,4325872,4323576,16599,0,754,0
13.101891040802002,46869,4321100,4325872,4323576,16599,0,754,0
13.116827011108398,46869,4321100,4325872,4323576,16599,0,754,0
13.131727933883667,46869,4321100,4325872,4323576,16599,0,754,0
13.146618127822876,46869,4321100,4325872,4323576,16599,0,754,0
13.161561965942383,46869,4321100,4325872,4323576,16599,0,754,0
13.176403045654297,46869,4321100,4325872,4323576,16599,0,754,0
13.1913161277771,46869,4321100,4325872,4323576,16599,0,754,0
13.206141948699951,46869,4321100,4325872,4323576,16599,0,754,0
13.22103500366211,46869,4321100,4325872,4323576,16599,0,754,0
13.235924005508423,46869,4321100,4325872,4323576,16599,0,754,0
13.250838041305542,46869,4321100,4325872,4323576,16599,0,754,0
13.265619993209839,46869,4321100,4325872,4323576,16599,0,754,0
13.280580997467041,46869,4321100,4325872,4323576,16599,0,754,0
13.295478105545044,46869,4321100,4325872,4323576,16599,0,754,0
13.310732126235962,46869,4321100,4325872,4323576,16599,0,754,0
13.325603008270264,46869,4321100,4325872,4323576,16599,0,754,0
13.340166091918945,46869,4321100,4325872,4323576,16599,0,754,0
13.354828119277954,46869,4321100,4325872,4323576,16599,0,754,0
13.369663000106812,46869,4321100,4325872,4323576,16599,0,754,0
13.38454294204712,46869,4321100,4325872,4323576,16599,0,754,0
13.399445056915283,46869,4321100,4325872,4323576,16599,0,754,0
13.414252996444702,46869,4321100,4325872,4323576,16599,0,754,0
13.4290030002594,46869,4321100,4325872,4323576,16599,0,754,0
13.443786144256592,46869,4321100,4325872,4323576,16599,0,754,0
13.458599090576172,46869,4321100,4325872,4323576,16599,0,754,0
13.473318099975586,46869,4321100,4325872,4323576,16599,0,754,0
13.488045930862427,46869,4321100,4325872,4323576,16599,0,754,0
13.50297498703003,46869,4321100,4325872,4323576,16599,0,754,0
13.518075942993164,46869,4321100,4325872,4323576,16599,0,754,0
13.532985925674438,46869,4321100,4325872,4323576,16599,0,754,0
13.547996997833252,46869,4321100,4325872,4323576,16599,0,754,0
13.562751054763794,46869,4321100,4325872,4323576,16599,0,754,0
13.577505111694336,46869,4321100,4325872,4323576,16599,0,754,0
13.59223198890686,46869,4321100,4325872,4323576,16599,0,754,0
13.607032060623169,46869,4321100,4325872,4323576,16599,0,754,0
13.621854066848755,46869,4321100,4325872,4323576,16599,0,754,0
13.63664197921753,46869,4321100,4325872,4323576,16599,0,754,0
13.651502132415771,46869,4321100,4325872,4323576,16599,0,754,0
13.666268110275269,46869,4321100,4325872,4323576,16599,0,754,0
13.684001922607422,46869,4321100,4325872,4323576,16599,0,754,0
13.698727130889893,46869,4321100,4325872,4323576,16599,0,754,0
13.713494062423706,46869,4321100,4325872,4323576,16599,0,754,0
13.728574991226196,46869,4321100,4325872,4323576,16599,0,754,0
13.743441104888916,46869,4321100,4325872,4323576,16599,0,754,0
13.758140087127686,46869,4321100,4325872,4323576,16599,0,754,0
13.77289605140686,46869,4321100,4325872,4323576,16599,0,754,0
13.787734031677246,46869,4321100,4325872,4323576,16599,0,754,0
13.802572965621948,46869,4321100,4325872,4323576,16599,0,754,0
13.817487955093384,46869,4321100,4325872,4323576,16599,0,754,0
13.83235502243042,46869,4321100,4325872,4323576,16599,0,754,0
13.847177028656006,46869,4321100,4325872,4323576,16599,0,754,0
13.86177110671997,46869,4321100,4325872,4323576,16599,0,754,0
13.876620054244995,46869,4321100,4325872,4323576,16599,0,754,0
13.891497135162354,46869,4321100,4325872,4323576,16599,0,754,0
13.906309127807617,46869,4321100,4325872,4323576,16599,0,754,0
13.921204090118408,46869,4321100,4325872,4323576,16599,0,754,0
13.936102151870728,46869,4321100,4325872,4323576,16599,0,754,0
13.95104193687439,46869,4321100,4325872,4323576,16599,0,754,0
13.965991973876953,46869,4321100,4325872,4323576,16599,0,754,0
13.980746030807495,46869,4321100,4325872,4323576,16599,0,754,0
13.995541095733643,46869,4321100,4325872,4323576,16599,0,754,0
14.010463953018188,46869,4321100,4325872,4323576,16599,0,754,0
14.025273084640503,46869,4321100,4325872,4323576,16599,0,754,0
14.040121078491211,46869,4321100,4325872,4323576,16599,0,754,0
14.05496597290039,46869,4321100,4325872,4323576,16599,0,754,0
14.070044040679932,46869,4321100,4325872,4323576,16599,0,754,0
14.084910154342651,46869,4321100,4325872,4323576,16599,0,754,0
14.099770069122314,46869,4321100,4325872,4323576,16599,0,754,0
14.114786148071289,46869,4321100,4325872,4323576,16599,0,754,0
14.129401922225952,46869,4321100,4325872,4323576,16599,0,754,0
14.144068002700806,46869,4321100,4325872,4323576,16599,0,754,0
14.159090042114258,46869,4321100,4325872,4323576,16599,0,754,0
14.174000024795532,46869,4321100,4325872,4323576,16599,0,754,0
14.188842058181763,46869,4321100,4325872,4323576,16599,0,754,0
14.20365595817566,46869,4321100,4325872,4323576,16599,0,754,0
14.218403100967407,46869,4321100,4325872,4323576,16599,0,754,0
14.233396053314209,46869,4321100,4325872,4323576,16599,0,754,0
14.248279094696045,46869,4321100,4325872,4323576,16599,0,754,0
14.263036012649536,46869,4321100,4325872,4323576,16599,0,754,0
14.277817010879517,46869,4321100,4325872,4323576,16599,0,754,0
14.292671918869019,46869,4321100,4325872,4323576,16599,0,754,0
14.307443141937256,46869,4321100,4325872,4323576,16599,0,754,0
14.322305917739868,46869,4321100,4325872,4323576,16599,0,754,0
14.33708906173706,46869,4321100,4325872,4323576,16599,0,754,0
14.352250099182129,46869,4321100,4325872,4323576,16599,0,754,0
14.367069005966187,46869,4321100,4325872,4323576,16599,0,754,0
14.381870985031128,46869,4321100,4325872,4323576,16599,0,754,0
14.396512985229492,46869,4321100,4325872,4323576,16599,0,754,0
14.41102910041809,46869,4321100,4325872,4323576,16599,0,754,0
14.426008939743042,46869,4321100,4325872,4323576,16599,0,754,0
14.440814971923828,46869,4321100,4325872,4323576,16599,0,754,0
14.455592155456543,46869,4321100,4325872,4323576,16599,0,754,0
14.470531940460205,46869,4321100,4325872,4323576,16599,0,754,0
14.485353946685791,46869,4321100,4325872,4323576,16599,0,754,0
14.500327110290527,46869,4321100,4325872,4323576,16599,0,754,0
14.514930963516235,46869,4321100,4325872,4323576,16599,0,754,0
14.529627084732056,46869,4321100,4325872,4323576,16599,0,754,0
14.544613122940063,46869,4321100,4325872,4323576,16599,0,754,0
14.559854984283447,46869,4321100,4325872,4323576,16599,0,754,0
14.574835062026978,46869,4321100,4325872,4323576,16599,0,754,0
14.589714050292969,46869,4321100,4325872,4323576,16599,0,754,0
14.604458093643188,46869,4321100,4325872,4323576,16599,0,754,0
14.619308948516846,46869,4321100,4325872,4323576,16599,0,754,0
14.634140968322754,46869,4321100,4325872,4323576,16599,0,754,0
14.649641036987305,46869,4321100,4325872,4323576,16599,0,754,0
14.664557933807373,46869,4321100,4325872,4323576,16599,0,754,0
14.67952299118042,46869,4321100,4325872,4323576,16599,0,754,0
14.694464921951294,46869,4321100,4325872,4323576,16599,0,754,0
14.70934796333313,46869,4321100,4325872,4323576,16599,0,754,0
14.724244117736816,46869,4321100,4325872,4323576,16599,0,754,0
14.739159107208252,46869,4321100,4325872,4323576,16599,0,754,0
14.754059076309204,46869,4321100,4325872,4323576,16599,0,754,0
14.768984079360962,46869,4321100,4325872,4323576,16599,0,754,0
14.783968925476074,46869,4321100,4325872,4323576,16599,0,754,0
14.798788070678711,46869,4321100,4325872,4323576,16599,0,754,0
14.81346607208252,46869,4321100,4325872,4323576,16599,0,754,0
14.8282310962677,46869,4321100,4325872,4323576,16599,0,754,0
14.843156099319458,46869,4321100,4325872,4323576,16599,0,754,0
14.858027935028076,46869,4321100,4325872,4323576,16599,0,754,0
14.872750997543335,46869,4321100,4325872,4323576,16599,0,754,0
14.887500047683716,46869,4321100,4325872,4323576,16599,0,754,0
14.902027130126953,46869,4321100,4325872,4323576,16599,0,754,0
14.916881084442139,46869,4321100,4325872,4323576,16599,0,754,0
14.931813955307007,46869,4321100,4325872,4323576,16599,0,754,0
14.946617126464844,46869,4321100,4325872,4323576,16599,0,754,0
14.96144413948059,46869,4321100,4325872,4323576,16599,0,754,0
14.976765155792236,46869,4321100,4325872,4323576,16599,0,754,0
14.991611003875732,46869,4321100,4325872,4323576,16599,0,754,0
15.00650691986084,46869,4321100,4325872,4323576,16599,0,754,0
15.021340131759644,46869,4321100,4325872,4323576,16599,0,754,0
15.036188125610352,46869,4321100,4325872,4323576,16599,0,754,0
15.05105209350586,46869,4321100,4325872,4323576,16599,0,754,0
15.065882921218872,46869,4321100,4325872,4323576,16599,0,754,0
15.080563068389893,46869,4321100,4325872,4323576,16599,0,754,0
15.095416069030762,46869,4321100,4325872,4323576,16599,0,754,0
15.110047101974487,46869,4321100,4325872,4323576,16599,0,754,0
15.124964952468872,46869,4321100,4325872,4323576,16599,0,754,0
15.139801025390625,46869,4321100,4325872,4323576,16599,0,754,0
15.154632091522217,46869,4321100,4325872,4323576,16599,0,754,0
15.169225931167603,46869,4321100,4325872,4323576,16599,0,754,0
15.183773040771484,46869,4321100,4325872,4323576,16599,0,754,0
15.198626041412354,46869,4321100,4325872,4323576,16599,0,754,0
15.213587999343872,46869,4321100,4325872,4323576,16599,0,754,0
15.228395938873291,46869,4321100,4325872,4323576,16599,0,754,0
15.2431480884552,46869,4321100,4325872,4323576,16599,0,754,0
15.258044004440308,46869,4321100,4325872,4323576,16599,0,754,0
15.272819995880127,46869,4321100,4325872,4323576,16599,0,754,0
15.287568092346191,46869,4321100,4325872,4323576,16599,0,754,0
15.302497148513794,46869,4321100,4325872,4323576,16599,0,754,0
15.317255020141602,46869,4321100,4325872,4323576,16599,0,754,0
15.332124948501587,46869,4321100,4325872,4323576,16599,0,754,0
15.346487045288086,46869,4321100,4325872,4323576,16599,0,754,0
15.36081314086914,46869,4321100,4325872,4323576,16599,0,754,0
15.375020980834961,46869,4321100,4325872,4323576,16599,0,754,0
15.38948392868042,46869,4321100,4325872,4323576,16599,0,754,0
15.40399694442749,46869,4321100,4325872,4323576,16599,0,754,0
15.418194055557251,46869,4321100,4325872,4323576,16599,0,754,0
15.43219804763794,46869,4321100,4325872,4323576,16599,0,754,0
15.446666955947876,46869,4321100,4325872,4323576,16599,0,754,0
15.460994958877563,46869,4321100,4325872,4323576,16599,0,754,0
15.475099086761475,46869,4321100,4325872,4323576,16599,0,754,0
15.489582061767578,46869,4321100,4325872,4323576,16599,0,754,0
15.5038001537323,46869,4321100,4325872,4323576,16599,0,754,0
15.517951011657715,46869,4321100,4325872,4323576,16599,0,754,0
15.53220009803772,46869,4321100,4325872,4323576,16599,0,754,0
15.546818971633911,46869,4321100,4325872,4323576,16599,0,754,0
15.561151027679443,46869,4321100,4325872,4323576,16599,0,754,0
15.575156927108765,46869,4321100,4325872,4323576,16599,0,754,0
15.589416980743408,46869,4321100,4325872,4323576,16599,0,754,0
15.603960990905762,46869,4321100,4325872,4323576,16599,0,754,0
15.618165969848633,46869,4321100,4325872,4323576,16599,0,754,0
15.633074045181274,46869,4321100,4325872,4323576,16599,0,754,0
15.647189140319824,46869,4321100,4325872,4323576,16599,0,754,0
15.66161298751831,46869,4321100,4325872,4323576,16599,0,754,0
15.675977945327759,46869,4321100,4325872,4323576,16599,0,754,0
15.690233945846558,46869,4321100,4325872,4323576,16599,0,754,0
15.704602003097534,46869,4321100,4325872,4323576,16599,0,754,0
15.718883037567139,46869,4321100,4325872,4323576,16599,0,754,0
15.733107089996338,46869,4321100,4325872,4323576,16599,0,754,0
15.747230052947998,46869,4321100,4325872,4323576,16599,0,754,0
15.76200008392334,46869,4321100,4325872,4323576,16599,0,754,0
15.77676796913147,46869,4321100,4325872,4323576,16599,0,754,0
15.791522026062012,46869,4321100,4325872,4323576,16599,0,754,0
15.806527137756348,46869,4321100,4325872,4323576,16599,0,754,0
15.8212411403656,46869,4321100,4325872,4323576,16599,0,754,0
15.836076974868774,46869,4321100,4325872,4323576,16599,0,754,0
15.85085391998291,46869,4321100,4325872,4323576,16599,0,754,0
15.86513614654541,46869,4321100,4325872,4323576,16599,0,754,0
15.879683017730713,46869,4321100,4325872,4323576,16599,0,754,0
15.894005060195923,46869,4321100,4325872,4323576,16599,0,754,0
15.908070087432861,46869,4321100,4325872,4323576,16599,0,754,0
15.922255039215088,46869,4321100,4325872,4323576,16599,0,754,0
15.936686992645264,46869,4321100,4325872,4323576,16599,0,754,0
15.951091051101685,46869,4321100,4325872,4323576,16599,0,754,0
15.965549945831299,46869,4321100,4325872,4323576,16599,0,754,0
15.980857133865356,46869,4321100,4325872,4323576,16599,0,754,0
15.996174097061157,46869,4321100,4325872,4323576,16599,0,754,0
16.011059045791626,46869,4321100,4325872,4323576,16599,0,754,0
16.02521300315857,46869,4321100,4325872,4323576,16599,0,754,0
16.03958511352539,46869,4321100,4325872,4323576,16599,0,754,0
16.054144144058228,46869,4321100,4325872,4323576,16599,0,754,0
16.068645000457764,46869,4321100,4325872,4323576,16599,0,754,0
16.083091020584106,46869,4321100,4325872,4323576,16599,0,754,0
16.097538948059082,46869,4321100,4325872,4323576,16599,0,754,0
16.111910104751587,46869,4321100,4325872,4323576,16599,0,754,0
16.126121044158936,46869,4321100,4325872,4323576,16599,0,754,0
16.140212059020996,46869,4321100,4325872,4323576,16599,0,754,0
16.154778003692627,46869,4321100,4325872,4323576,16599,0,754,0
16.169506072998047,46869,4321100,4325872,4323576,16599,0,754,0
16.184195041656494,46869,4321100,4325872,4323576,16599,0,754,0
16.198923110961914,46869,4321100,4325872,4323576,16599,0,754,0
16.21341896057129,46869,4321100,4325872,4323576,16599,0,754,0
16.22820496559143,46869,4321100,4325872,4323576,16599,0,754,0
16.243081092834473,46869,4321100,4325872,4323576,16599,0,754,0
16.25809097290039,46869,4321100,4325872,4323576,16599,0,754,0
16.272889137268066,46869,4321100,4325872,4323576,16599,0,754,0
16.287694931030273,46869,4321100,4325872,4323576,16599,0,754,0
16.302138090133667,46869,4321100,4325872,4323576,16599,0,754,0
16.31692099571228,46869,4321100,4325872,4323576,16599,0,754,0
16.33159613609314,46869,4321100,4325872,4323576,16599,0,754,0
16.346179008483887,46869,4321100,4325872,4323576,16599,0,754,0
16.361040115356445,46869,4321100,4325872,4323576,16599,0,754,0
16.375699996948242,46869,4321100,4325872,4323576,16599,0,754,0
16.39019513130188,46869,4321100,4325872,4323576,16599,0,754,0
16.404737949371338,46869,4321100,4325872,4323576,16599,0,754,0
16.419244050979614,46869,4321100,4325872,4323576,16599,0,754,0
16.434489965438843,46869,4321100,4325872,4323576,16599,0,754,0
16.449100971221924,46869,4321100,4325872,4323576,16599,0,754,0
16.46349000930786,46869,4321100,4325872,4323576,16599,0,754,0
16.478205919265747,46869,4321100,4325872,4323576,16599,0,754,0
16.49311399459839,46869,4321100,4325872,4323576,16599,0,754,0
16.507683992385864,46869,4321100,4325872,4323576,16599,0,754,0
16.521992921829224,46869,4321100,4325872,4323576,16599,0,754,0
16.5362651348114,46869,4321100,4325872,4323576,16599,0,754,0
16.55106210708618,46869,4321100,4325872,4323576,16599,0,754,0
16.565667152404785,46869,4321100,4325872,4323576,16599,0,754,0
16.580071926116943,46869,4321100,4325872,4323576,16599,0,754,0
16.594502925872803,46869,4321100,4325872,4323576,16599,0,754,0
16.610119104385376,46869,4321100,4325872,4323576,16599,0,754,0
16.624585151672363,46869,4321100,4325872,4323576,16599,0,754,0
16.639862060546875,46869,4321100,4325872,4323576,16599,0,754,0
16.65474796295166,46869,4321100,4325872,4323576,16599,0,754,0
16.669615030288696,46869,4321100,4325872,4323576,16599,0,754,0
16.68419909477234,46869,4321100,4325872,4323576,16599,0,754,0
16.69914197921753,46869,4321100,4325872,4323576,16599,0,754,0
16.7139790058136,46869,4321100,4325872,4323576,16599,0,754,0
16.72867512702942,46869,4321100,4325872,4323576,16599,0,754,0
16.743113040924072,46869,4321100,4325872,4323576,16599,0,754,0
16.75783109664917,46869,4321100,4325872,4323576,16599,0,754,0
16.77211904525757,46869,4321100,4325872,4323576,16599,0,754,0
16.78690505027771,46869,4321100,4325872,4323576,16599,0,754,0
16.801615953445435,46869,4321100,4325872,4323576,16599,0,754,0
16.816771984100342,46869,4321100,4325872,4323576,16599,0,754,0
16.831244945526123,46869,4321100,4325872,4323576,16599,0,754,0
16.84623908996582,46869,4321100,4325872,4323576,16599,0,754,0
16.861096143722534,46869,4321100,4325872,4323576,16599,0,754,0
16.875618934631348,46869,4321100,4325872,4323576,16599,0,754,0
16.890599966049194,46869,4321100,4325872,4323576,16599,0,754,0
16.90508008003235,46869,4321100,4325872,4323576,16599,0,754,0
16.919660091400146,46869,4321100,4325872,4323576,16599,0,754,0
16.934208154678345,46869,4321100,4325872,4323576,16599,0,754,0
16.948960065841675,46869,4321100,4325872,4323576,16599,0,754,0
16.963563919067383,46869,4321100,4325872,4323576,16599,0,754,0
16.978153944015503,46869,4321100,4325872,4323576,16599,0,754,0
16.9927921295166,46869,4321100,4325872,4323576,16599,0,754,0
17.00710892677307,46869,4321100,4325872,4323576,16599,0,754,0
17.021525144577026,46869,4321100,4325872,4323576,16599,0,754,0
17.035948991775513,46869,4321100,4325872,4323576,16599,0,754,0
17.050719022750854,46869,4321100,4325872,4323576,16599,0,754,0
17.065114974975586,46869,4321100,4325872,4323576,16599,0,754,0
17.07970094680786,46869,4321100,4325872,4323576,16599,0,754,0
17.094125032424927,46869,4321100,4325872,4323576,16599,0,754,0
17.108132123947144,46869,4321100,4325872,4323576,16599,0,754,0
17.122650146484375,46869,4321100,4325872,4323576,16599,0,754,0
17.137108087539673,46869,4321100,4325872,4323576,16599,0,754,0
17.151164054870605,46869,4321100,4325872,4323576,16599,0,754,0
17.16552209854126,46869,4321100,4325872,4323576,16599,0,754,0
17.179883003234863,46869,4321100,4325872,4323576,16599,0,754,0
17.19451093673706,46869,4321100,4325872,4323576,16599,0,754,0
17.209136962890625,46869,4321100,4325872,4323576,16599,0,754,0
17.223936080932617,46869,4321100,4325872,4323576,16599,0,754,0
17.23858094215393,46869,4321100,4325872,4323576,16599,0,754,0
17.253175020217896,46869,4321100,4325872,4323576,16599,0,754,0
17.267996072769165,46869,4321100,4325872,4323576,16599,0,754,0
17.282478094100952,46869,4321100,4325872,4323576,16599,0,754,0
17.29693293571472,46869,4321100,4325872,4323576,16599,0,754,0
17.311203002929688,46869,4321100,4325872,4323576,16599,0,754,0
17.32878613471985,46869,4321100,4325872,4323576,16599,0,754,0
17.343503952026367,46869,4321100,4325872,4323576,16599,0,754,0
17.35800814628601,46869,4321100,4325872,4323576,16599,0,754,0
17.37221598625183,46869,4321100,4325872,4323576,16599,0,754,0
17.386542081832886,46869,4321100,4325872,4323576,16599,0,754,0
17.401106119155884,46869,4321100,4325872,4323576,16599,0,754,0
17.415509939193726,46869,4321100,4325872,4323576,16599,0,754,0
17.429991006851196,46869,4321100,4325872,4323576,16599,0,754,0
17.44455313682556,46869,4321100,4325872,4323576,16599,0,754,0
17.459517002105713,46869,4321100,4325872,4323576,16599,0,754,0
17.47480010986328,46869,4321100,4325872,4323576,16599,0,754,0
17.48914408683777,46869,4321100,4325872,4323576,16599,0,754,0
17.503817081451416,46869,4321100,4325872,4323576,16599,0,754,0
17.518145084381104,46869,4321100,4325872,4323576,16599,0,754,0
17.532227993011475,46869,4321100,4325872,4323576,16599,0,754,0
17.54668092727661,46869,4321100,4325872,4323576,16599,0,754,0
17.56118392944336,46869,4321100,4325872,4323576,16599,0,754,0
17.578187942504883,46869,4321100,4325872,4323576,16599,0,754,0
17.592600107192993,46869,4321100,4325872,4323576,16599,0,754,0
17.60711407661438,46869,4321100,4325872,4323576,16599,0,754,0
17.62121605873108,46869,4321100,4325872,4323576,16599,0,754,0
17.63527512550354,46869,4321100,4325872,4323576,16599,0,754,0
17.649935007095337,46869,4321100,4325872,4323576,16599,0,754,0
17.664159059524536,46869,4321100,4325872,4323576,16599,0,754,0
17.678755044937134,46869,4321100,4325872,4323576,16599,0,754,0
17.69308304786682,46869,4321100,4325872,4323576,16599,0,754,0
17.707677125930786,46869,4321100,4325872,4323576,16599,0,754,0
17.722172021865845,46869,4321100,4325872,4323576,16599,0,754,0
17.736606121063232,46869,4321100,4325872,4323576,16599,0,754,0
17.751003980636597,46869,4321100,4325872,4323576,16599,0,754,0
17.765169143676758,46869,4321100,4325872,4323576,16599,0,754,0
17.77923607826233,46869,4321100,4325872,4323576,16599,0,754,0
17.7935209274292,46869,4321100,4325872,4323576,16599,0,754,0
17.808012008666992,46869,4321100,4325872,4323576,16599,0,754,0
17.822116136550903,46869,4321100,4325872,4323576,16599,0,754,0
17.83651900291443,46869,4321100,4325872,4323576,16599,0,754,0
17.85079598426819,46869,4321100,4325872,4323576,16599,0,754,0
17.86513614654541,46869,4321100,4325872,4323576,16599,0,754,0
17.87952709197998,46869,4321100,4325872,4323576,16599,0,754,0
17.894740104675293,46869,4321100,4325872,4323576,16599,0,754,0
17.909991025924683,46869,4321100,4325872,4323576,16599,0,754,0
17.92518901824951,46869,4321100,4325872,4323576,16599,0,754,0
17.940303087234497,46869,4321100,4325872,4323576,16599,0,754,0
17.95563507080078,46869,4321100,4325872,4323576,16599,0,754,0
17.970834016799927,46869,4321100,4325872,4323576,16599,0,754,0
17.985132932662964,46869,4321100,4325872,4323576,16599,0,754,0
17.999258995056152,46869,4321100,4325872,4323576,16599,0,754,0
18.013853073120117,46869,4321100,4325872,4323576,16599,0,754,0
18.028146982192993,46869,4321100,4325872,4323576,16599,0,754,0
18.042654991149902,46869,4321100,4325872,4323576,16599,0,754,0
18.057114124298096,46869,4321100,4325872,4323576,16599,0,754,0
18.0715970993042,46869,4321100,4325872,4323576,16599,0,754,0
18.08592700958252,46869,4321100,4325872,4323576,16599,0,754,0
18.100491046905518,46869,4321100,4325872,4323576,16599,0,754,0
18.115138053894043,46869,4321100,4325872,4323576,16599,0,754,0
18.129594087600708,46869,4321100,4325872,4323576,16599,0,754,0
18.1438250541687,46869,4321100,4325872,4323576,16599,0,754,0
18.1581449508667,46869,4321100,4325872,4323576,16599,0,754,0
18.172572135925293,46869,4321100,4325872,4323576,16599,0,754,0
18.18706703186035,46869,4321100,4325872,4323576,16599,0,754,0
18.201213121414185,46869,4321100,4325872,4323576,16599,0,754,0
18.215665102005005,46869,4321100,4325872,4323576,16599,0,754,0
18.230030059814453,46869,4321100,4325872,4323576,16599,0,754,0
18.24421501159668,46869,4321100,4325872,4323576,16599,0,754,0
18.25820803642273,46869,4321100,4325872,4323576,16599,0,754,0
18.272561073303223,46869,4321100,4325872,4323576,16599,0,754,0
18.287200927734375,46869,4321100,4325872,4323576,16599,0,754,0
18.30217409133911,46869,4321100,4325872,4323576,16599,0,754,0
18.31716799736023,46869,4321100,4325872,4323576,16599,0,754,0
18.33190894126892,46869,4321100,4325872,4323576,16599,0,754,0
18.34667706489563,46869,4321100,4325872,4323576,16599,0,754,0
18.361319065093994,46869,4321100,4325872,4323576,16599,0,754,0
18.376168966293335,46869,4321100,4325872,4323576,16599,0,754,0
18.390963077545166,46869,4321100,4325872,4323576,16599,0,754,0
18.4052951335907,46869,4321100,4325872,4323576,16599,0,754,0
18.41974902153015,46869,4321100,4325872,4323576,16599,0,754,0
18.43455195426941,46869,4321100,4325872,4323576,16599,0,754,0
18.449167013168335,46869,4321100,4325872,4323576,16599,0,754,0
18.463966131210327,46869,4321100,4325872,4323576,16599,0,754,0
18.478490114212036,46869,4321100,4325872,4323576,16599,0,754,0
18.49313712120056,46869,4321100,4325872,4323576,16599,0,754,0
18.50789213180542,46869,4321100,4325872,4323576,16599,0,754,0
18.522186040878296,46869,4321100,4325872,4323576,16599,0,754,0
18.53650403022766,46869,4321100,4325872,4323576,16599,0,754,0
18.5538330078125,46869,4321100,4325872,4323576,16599,0,754,0
18.56813097000122,46869,4321100,4325872,4323576,16599,0,754,0
18.58246898651123,46869,4321100,4325872,4323576,16599,0,754,0
18.596740007400513,46869,4321100,4325872,4323576,16599,0,754,0
18.611135959625244,46869,4321100,4325872,4323576,16599,0,754,0
18.625291109085083,46869,4321100,4325872,4323576,16599,0,754,0
18.64002299308777,46869,4321100,4325872,4323576,16599,0,754,0
18.654576063156128,46869,4321100,4325872,4323576,16599,0,754,0
18.669034004211426,46869,4321100,4325872,4323576,16599,0,754,0
18.68314003944397,46869,4321100,4325872,4323576,16599,0,754,0
18.69752311706543,46869,4321100,4325872,4323576,16599,0,754,0
18.712172985076904,46869,4321100,4325872,4323576,16599,0,754,0
18.726598978042603,46869,4321100,4325872,4323576,16599,0,754,0
18.7409451007843,46869,4321100,4325872,4323576,16599,0,754,0
18.75515604019165,46869,4321100,4325872,4323576,16599,0,754,0
18.76917314529419,46869,4321100,4325872,4323576,16599,0,754,0
18.783501148223877,46869,4321100,4325872,4323576,16599,0,754,0
18.797800064086914,46869,4321100,4325872,4323576,16599,0,754,0
18.8120059967041,46869,4321100,4325872,4323576,16599,0,754,0
18.82648992538452,46869,4321100,4325872,4323576,16599,0,754,0
18.840978145599365,46869,4321100,4325872,4323576,16599,0,754,0
18.855159044265747,46869,4321100,4325872,4323576,16599,0,754,0
18.86960196495056,46869,4321100,4325872,4323576,16599,0,754,0
18.884001970291138,46869,4321100,4325872,4323576,16599,0,754,0
18.898251056671143,46869,4321100,4325872,4323576,16599,0,754,0
18.91248607635498,46869,4321100,4325872,4323576,16599,0,754,0
18.926970958709717,46869,4321100,4325872,4323576,16599,0,754,0
18.941231966018677,46869,4321100,4325872,4323576,16599,0,754,0
18.956023931503296,46869,4321100,4325872,4323576,16599,0,754,0
18.970679998397827,46869,4321100,4325872,4323576,16599,0,754,0
18.98514699935913,46869,4321100,4325872,4323576,16599,0,754,0
18.999840021133423,46869,4321100,4325872,4323576,16599,0,754,0
19.014694929122925,46869,4321100,4325872,4323576,16599,0,754,0
19.029227018356323,46869,4321100,4325872,4323576,16599,0,754,0
19.043970108032227,46869,4321100,4325872,4323576,16599,0,754,0
19.058664083480835,46869,4321100,4325872,4323576,16599,0,754,0
19.073015928268433,46869,4321100,4325872,4323576,16599,0,754,0
19.087585926055908,46869,4321100,4325872,4323576,16599,0,754,0
19.102258920669556,46869,4321100,4325872,4323576,16599,0,754,0
19.116902112960815,46869,4321100,4325872,4323576,16599,0,754,0
19.13119101524353,46869,4321100,4325872,4323576,16599,0,754,0
19.145761013031006,46869,4321100,4325872,4323576,16599,0,754,0
19.16018295288086,46869,4321100,4325872,4323576,16599,0,754,0
19.17467999458313,46869,4321100,4325872,4323576,16599,0,754,0
19.189126014709473,46869,4321100,4325872,4323576,16599,0,754,0
19.203558921813965,46869,4321100,4325872,4323576,16599,0,754,0
19.217999935150146,46869,4321100,4325872,4323576,16599,0,754,0
19.2325119972229,46869,4321100,4325872,4323576,16599,0,754,0
19.246796131134033,46869,4321100,4325872,4323576,16599,0,754,0
19.261122941970825,46869,4321100,4325872,4323576,16599,0,754,0
19.275182008743286,46869,4321100,4325872,4323576,16599,0,754,0
19.289940118789673,46869,4321100,4325872,4323576,16599,0,754,0
19.304714918136597,46869,4321100,4325872,4323576,16599,0,754,0
19.31912899017334,46869,4321100,4325872,4323576,16599,0,754,0
19.33347511291504,46869,4321100,4325872,4323576,16599,0,754,0
19.348886013031006,46869,4321100,4325872,4323576,16599,0,754,0
19.36373209953308,46869,4321100,4325872,4323576,16599,0,754,0
19.378559112548828,46869,4321100,4325872,4323576,16599,0,754,0
19.393336057662964,46869,4321100,4325872,4323576,16599,0,754,0
19.408036947250366,46869,4321100,4325872,4323576,16599,0,754,0
19.422889947891235,46869,4321100,4325872,4323576,16599,0,754,0
19.437814950942993,46869,4321100,4325872,4323576,16599,0,754,0
19.45272207260132,46869,4321100,4325872,4323576,16599,0,754,0
19.467491149902344,46869,4321100,4325872,4323576,16599,0,754,0
19.482358932495117,46869,4321100,4325872,4323576,16599,0,754,0
19.497053146362305,46869,4321100,4325872,4323576,16599,0,754,0
19.512104034423828,46869,4321100,4325872,4323576,16599,0,754,0
19.52710199356079,46869,4321100,4325872,4323576,16599,0,754,0
19.54211711883545,46869,4321100,4325872,4323576,16599,0,754,0
19.55711793899536,46869,4321100,4325872,4323576,16599,0,754,0
19.572077989578247,46869,4321100,4325872,4323576,16599,0,754,0
19.58690595626831,46869,4321100,4325872,4323576,16599,0,754,0
19.601863145828247,46869,4321100,4325872,4323576,16599,0,754,0
19.61680793762207,46869,4321100,4325872,4323576,16599,0,754,0
19.631633043289185,46869,4321100,4325872,4323576,16599,0,754,0
19.646522045135498,46869,4321100,4325872,4323576,16599,0,754,0
19.661404132843018,46869,4321100,4325872,4323576,16599,0,754,0
19.676167964935303,46869,4321100,4325872,4323576,16599,0,754,0
19.691035985946655,46869,4321100,4325872,4323576,16599,0,754,0
19.705960988998413,46869,4321100,4325872,4323576,16599,0,754,0
19.720854997634888,46869,4321100,4325872,4323576,16599,0,754,0
19.735592126846313,46869,4321100,4325872,4323576,16599,0,754,0
19.750391960144043,46869,4321100,4325872,4323576,16599,0,754,0
19.76535701751709,46869,4321100,4325872,4323576,16599,0,754,0
19.780156135559082,46869,4321100,4325872,4323576,16599,0,754,0
19.795110940933228,46869,4321100,4325872,4323576,16599,0,754,0
19.810050010681152,46869,4321100,4325872,4323576,16599,0,754,0
19.824944019317627,46869,4321100,4325872,4323576,16599,0,754,0
19.839882135391235,46869,4321100,4325872,4323576,16599,0,754,0
19.854857921600342,46869,4321100,4325872,4323576,16599,0,754,0
19.869681119918823,46869,4321100,4325872,4323576,16599,0,754,0
19.884634971618652,46869,4321100,4325872,4323576,16599,0,754,0
19.899513959884644,46869,4321100,4325872,4323576,16599,0,754,0
19.91425395011902,46869,4321100,4325872,4323576,16599,0,754,0
19.929023027420044,46869,4321100,4325872,4323576,16599,0,754,0
19.943894147872925,46869,4321100,4325872,4323576,16599,0,754,0
19.95902705192566,46869,4321100,4325872,4323576,16599,0,754,0
19.97412610054016,46869,4321100,4325872,4323576,16599,0,754,0
19.988996982574463,46869,4321100,4325872,4323576,16599,0,754,0
20.003822088241577,46869,4321100,4325872,4323576,16599,0,754,0
20.01862597465515,46869,4321100,4325872,4323576,16599,0,754,0
20.033518075942993,46869,4321100,4325872,4323576,16599,0,754,0
20.048444032669067,46869,4321100,4325872,4323576,16599,0,754,0
20.063332080841064,46869,4321100,4325872,4323576,16599,0,754,0
20.078037977218628,46869,4321100,4325872,4323576,16599,0,754,0
20.09287714958191,46869,4321100,4325872,4323576,16599,0,754,0
20.10759210586548,46869,4321100,4325872,4323576,16599,0,754,0
20.122393131256104,46869,4321100,4325872,4323576,16599,0,754,0
20.13720393180847,46869,4321100,4325872,4323576,16599,0,754,0
20.152104139328003,46869,4321100,4325872,4323576,16599,0,754,0
20.167086124420166,46869,4321100,4325872,4323576,16599,0,754,0
20.18215012550354,46869,4321100,4325872,4323576,16599,0,754,0
20.197102069854736,46869,4321100,4325872,4323576,16599,0,754,0
20.212017059326172,46869,4321100,4325872,4323576,16599,0,754,0
20.226881980895996,46869,4321100,4325872,4323576,16599,0,754,0
20.241765022277832,46869,4321100,4325872,4323576,16599,0,754,0
20.256598949432373,46869,4321100,4325872,4323576,16599,0,754,0
20.27157211303711,46869,4321100,4325872,4323576,16599,0,754,0
20.286463022232056,46869,4321100,4325872,4323576,16599,0,754,0
20.301464080810547,46869,4321100,4325872,4323576,16599,0,754,0
20.316282033920288,46869,4321100,4325872,4323576,16599,0,754,0
20.331130027770996,46869,4321100,4325872,4323576,16599,0,754,0
20.345941066741943,46869,4321100,4325872,4323576,16599,0,754,0
20.360836029052734,46869,4321100,4325872,4323576,16599,0,754,0
20.37563705444336,46869,4321100,4325872,4323576,16599,0,754,0
20.390499114990234,46869,4321100,4325872,4323576,16599,0,754,0
20.40510606765747,46869,4321100,4325872,4323576,16599,0,754,0
20.419795036315918,46869,4321100,4325872,4323576,16599,0,754,0
20.434685945510864,46869,4321100,4325872,4323576,16599,0,754,0
20.44956398010254,46869,4321100,4325872,4323576,16599,0,754,0
20.46445608139038,46869,4321100,4325872,4323576,16599,0,754,0
20.4792640209198,46869,4321100,4325872,4323576,16599,0,754,0
20.49463200569153,46869,4321100,4325872,4323576,16599,0,754,0
20.509627103805542,46869,4321100,4325872,4323576,16599,0,754,0
20.524456024169922,46869,4321100,4325872,4323576,16599,0,754,0
20.539229154586792,46869,4321100,4325872,4323576,16599,0,754,0
20.553998947143555,46869,4321100,4325872,4323576,16599,0,754,0
20.568937063217163,46869,4321100,4325872,4323576,16599,0,754,0
20.584017038345337,46869,4321100,4325872,4323576,16599,0,754,0
20.599054098129272,46869,4321100,4325872,4323576,16599,0,754,0
20.61391592025757,46869,4321100,4325872,4323576,16599,0,754,0
20.62877106666565,46869,4321100,4325872,4323576,16599,0,754,0
20.643574953079224,46869,4321100,4325872,4323576,16599,0,754,0
20.65839695930481,46869,4321100,4325872,4323576,16599,0,754,0
20.673403024673462,46869,4321100,4325872,4323576,16599,0,754,0
20.688282012939453,46869,4321100,4325872,4323576,16599,0,754,0
20.703279972076416,46869,4321100,4325872,4323576,16599,0,754,0
20.718083143234253,46869,4321100,4325872,4323576,16599,0,754,0
20.732993125915527,46869,4321100,4325872,4323576,16599,0,754,0
20.747807025909424,46869,4321100,4325872,4323576,16599,0,754,0
20.762675046920776,46869,4321100,4325872,4323576,16599,0,754,0
20.77763295173645,46869,4321100,4325872,4323576,16599,0,754,0
20.79250407218933,46869,4321100,4325872,4323576,16599,0,754,0
20.80750799179077,46869,4321100,4325872,4323576,16599,0,754,0
20.822363138198853,46869,4321100,4325872,4323576,16599,0,754,0
20.837160110473633,46869,4321100,4325872,4323576,16599,0,754,0
20.852010011672974,46869,4321100,4325872,4323576,16599,0,754,0
20.86667513847351,46869,4321100,4325872,4323576,16599,0,754,0
20.88180899620056,46869,4321100,4325872,4323576,16599,0,754,0
20.89651107788086,46869,4321100,4325872,4323576,16599,0,754,0
20.91155505180359,46869,4321100,4325872,4323576,16599,0,754,0
20.92651104927063,46869,4321100,4325872,4323576,16599,0,754,0
20.941143035888672,46869,4321100,4325872,4323576,16599,0,754,0
20.956021070480347,46869,4321100,4325872,4323576,16599,0,754,0
20.970850944519043,46869,4321100,4325872,4323576,16599,0,754,0
20.985743045806885,46869,4321100,4325872,4323576,16599,0,754,0
21.001040935516357,46869,4321100,4325872,4323576,16599,0,754,0
21.015937089920044,46869,4321100,4325872,4323576,16599,0,754,0
21.030760049819946,46869,4321100,4325872,4323576,16599,0,754,0
21.045625925064087,46869,4321100,4325872,4323576,16599,0,754,0
21.060455083847046,46869,4321100,4325872,4323576,16599,0,754,0
21.075171947479248,46869,4321100,4325872,4323576,16599,0,754,0
21.089997053146362,46869,4321100,4325872,4323576,16599,0,754,0
21.104805946350098,46869,4321100,4325872,4323576,16599,0,754,0
21.119590044021606,46869,4321100,4325872,4323576,16599,0,754,0
21.134618043899536,46869,4321100,4325872,4323576,16599,0,754,0
21.14949107170105,46869,4321100,4325872,4323576,16599,0,754,0
21.16441512107849,46869,4321100,4325872,4323576,16599,0,754,0
21.179183959960938,46869,4321100,4325872,4323576,16599,0,754,0
21.194074153900146,46869,4321100,4325872,4323576,16599,0,754,0
21.208953142166138,46869,4321100,4325872,4323576,16599,0,754,0
21.223693132400513,46869,4321100,4325872,4323576,16599,0,754,0
21.23871397972107,46869,4321100,4325872,4323576,16599,0,754,0
21.253525018692017,46869,4321100,4325872,4323576,16599,0,754,0
21.26808214187622,46869,4321100,4325872,4323576,16599,0,754,0
21.283000946044922,46869,4321100,4325872,4323576,16599,0,754,0
21.2979519367218,46869,4321100,4325872,4323576,16599,0,754,0
21.312839031219482,46869,4321100,4325872,4323576,16599,0,754,0
21.3276789188385,46869,4321100,4325872,4323576,16599,0,754,0
21.34252905845642,46869,4321100,4325872,4323576,16599,0,754,0
21.35740900039673,46869,4321100,4325872,4323576,16599,0,754,0
21.37234902381897,46869,4321100,4325872,4323576,16599,0,754,0
21.38739800453186,46869,4321100,4325872,4323576,16599,0,754,0
21.402261972427368,46869,4321100,4325872,4323576,16599,0,754,0
21.41702699661255,46869,4321100,4325872,4323576,16599,0,754,0
21.431843042373657,46869,4321100,4325872,4323576,16599,0,754,0
21.446655988693237,46869,4321100,4325872,4323576,16599,0,754,0
21.46302604675293,46869,4321100,4325872,4323576,16599,0,754,0
21.47789192199707,46869,4321100,4325872,4323576,16599,0,754,0
21.492645978927612,46869,4321100,4325872,4323576,16599,0,754,0
21.50758695602417,46869,4321100,4325872,4323576,16599,0,754,0
21.52242112159729,46869,4321100,4325872,4323576,16599,0,754,0
21.537220001220703,46869,4321100,4325872,4323576,16599,0,754,0
21.55209493637085,46869,4321100,4325872,4323576,16599,0,754,0
21.566965103149414,46869,4321100,4325872,4323576,16599,0,754,0
21.581835985183716,46869,4321100,4325872,4323576,16599,0,754,0
21.596667051315308,46869,4321100,4325872,4323576,16599,0,754,0
21.611474990844727,46869,4321100,4325872,4323576,16599,0,754,0
21.62656307220459,46869,4321100,4325872,4323576,16599,0,754,0
21.641530990600586,46869,4321100,4325872,4323576,16599,0,754,0
21.656593084335327,46869,4321100,4325872,4323576,16599,0,754,0
21.671404123306274,46869,4321100,4325872,4323576,16599,0,754,0
21.68634295463562,46869,4321100,4325872,4323576,16599,0,754,0
21.7013521194458,46869,4321100,4325872,4323576,16599,0,754,0
21.716148138046265,46869,4321100,4325872,4323576,16599,0,754,0
21.73100709915161,46869,4321100,4325872,4323576,16599,0,754,0
21.74591302871704,46869,4321100,4325872,4323576,16599,0,754,0
21.760688066482544,46869,4321100,4325872,4323576,16599,0,754,0
21.775540113449097,46869,4321100,4325872,4323576,16599,0,754,0
21.790414094924927,46869,4321100,4325872,4323576,16599,0,754,0
21.805390119552612,46869,4321100,4325872,4323576,16599,0,754,0
21.82027006149292,46869,4321100,4325872,4323576,16599,0,754,0
21.835521936416626,46869,4321100,4325872,4323576,16599,0,754,0
21.8502459526062,46869,4321100,4325872,4323576,16599,0,754,0
21.865071058273315,46869,4321100,4325872,4323576,16599,0,754,0
21.879886150360107,46869,4321100,4325872,4323576,16599,0,754,0
21.89480710029602,46869,4321100,4325872,4323576,16599,0,754,0
21.90957999229431,46869,4321100,4325872,4323576,16599,0,754,0
21.92438793182373,46869,4321100,4325872,4323576,16599,0,754,0
21.939181089401245,46869,4321100,4325872,4323576,16599,0,754,0
21.95384407043457,46869,4321100,4325872,4323576,16599,0,754,0
21.968899965286255,46869,4321100,4325872,4323576,16599,0,754,0
21.983829975128174,46869,4321100,4325872,4323576,16599,0,754,0
21.998603105545044,46869,4321100,4325872,4323576,16599,0,754,0
22.013416051864624,46869,4321100,4325872,4323576,16599,0,754,0
22.02817392349243,46869,4321100,4325872,4323576,16599,0,754,0
22.043283939361572,46869,4321100,4325872,4323576,16599,0,754,0
22.058139085769653,46869,4321100,4325872,4323576,16599,0,754,0
22.073078155517578,46869,4321100,4325872,4323576,16599,0,754,0
22.087974071502686,46869,4321100,4325872,4323576,16599,0,754,0
22.103008031845093,46869,4321100,4325872,4323576,16599,0,754,0
22.117797136306763,46869,4321100,4325872,4323576,16599,0,754,0
22.132678985595703,46869,4321100,4325872,4323576,16599,0,754,0
22.147515058517456,46869,4321100,4325872,4323576,16599,0,754,0
22.162418127059937,46869,4321100,4325872,4323576,16599,0,754,0
22.1771559715271,46869,4321100,4325872,4323576,16599,0,754,0
22.192028999328613,46869,4321100,4325872,4323576,16599,0,754,0
22.20695209503174,46869,4321100,4325872,4323576,16599,0,754,0
22.2218599319458,46869,4321100,4325872,4323576,16599,0,754,0
22.236647129058838,46869,4321100,4325872,4323576,16599,0,754,0
22.251627922058105,46869,4321100,4325872,4323576,16599,0,754,0
22.26665496826172,46869,4321100,4325872,4323576,16599,0,754,0
22.281427145004272,46869,4321100,4325872,4323576,16599,0,754,0
22.295964002609253,46869,4321100,4325872,4323576,16599,0,754,0
22.310177087783813,46869,4321100,4325872,4323576,16599,0,754,0
22.32475209236145,46869,4321100,4325872,4323576,16599,0,754,0
22.339187145233154,46869,4321100,4325872,4323576,16599,0,754,0
22.35356593132019,46869,4321100,4325872,4323576,16599,0,754,0
22.367905139923096,46869,4321100,4325872,4323576,16599,0,754,0
22.38212299346924,46869,4321100,4325872,4323576,16599,0,754,0
22.396575927734375,46869,4321100,4325872,4323576,16599,0,754,0
22.41115093231201,46869,4321100,4325872,4323576,16599,0,754,0
22.425578117370605,46869,4321100,4325872,4323576,16599,0,754,0
22.440839052200317,46869,4321100,4325872,4323576,16599,0,754,0
22.45423197746277,46869,4321100,4325872,4323576,16599,0,754,0
22.468596935272217,46869,4321100,4325872,4323576,16599,0,754,0
22.483044147491455,46869,4321100,4325872,4323576,16599,0,754,0
22.497260093688965,46869,4321100,4325872,4323576,16599,0,754,0
22.51163101196289,46869,4321100,4325872,4323576,16599,0,754,0
22.52616810798645,46869,4321100,4325872,4323576,16599,0,754,0
22.54054307937622,46869,4321100,4325872,4323576,16599,0,754,0
22.55491614341736,46869,4321100,4325872,4323576,16599,0,754,0
22.569128036499023,46869,4321100,4325872,4323576,16599,0,754,0
22.58355402946472,46869,4321100,4325872,4323576,16599,0,754,0
22.59804105758667,46869,4321100,4325872,4323576,16599,0,754,0
22.612569093704224,46869,4321100,4325872,4323576,16599,0,754,0
22.626721143722534,46869,4321100,4325872,4323576,16599,0,754,0
22.64089298248291,46869,4321100,4325872,4323576,16599,0,754,0
22.655131101608276,46869,4321100,4325872,4323576,16599,0,754,0
22.669611930847168,46869,4321100,4325872,4323576,16599,0,754,0
22.6841881275177,46869,4321100,4325872,4323576,16599,0,754,0
22.69853115081787,46869,4321100,4325872,4323576,16599,0,754,0
22.71286392211914,46869,4321100,4325872,4323576,16599,0,754,0
22.727134943008423,46869,4321100,4325872,4323576,16599,0,754,0
22.741470098495483,46869,4321100,4325872,4323576,16599,0,754,0
22.755972146987915,46869,4321100,4325872,4323576,16599,0,754,0
22.77013397216797,46869,4321100,4325872,4323576,16599,0,754,0
22.784496068954468,46869,4321100,4325872,4323576,16599,0,754,0
22.79922914505005,46869,4321100,4325872,4323576,16599,0,754,0
22.813682079315186,46869,4321100,4325872,4323576,16599,0,754,0
22.828500032424927,46869,4321100,4325872,4323576,16599,0,754,0
22.84331703186035,46869,4321100,4325872,4323576,16599,0,754,0
22.858498096466064,46869,4321100,4325872,4323576,16599,0,754,0
22.873199939727783,46869,4321100,4325872,4323576,16599,0,754,0
22.88758897781372,46869,4321100,4325872,4323576,16599,0,754,0
22.901942014694214,46869,4321100,4325872,4323576,16599,0,754,0
22.91612195968628,46869,4321100,4325872,4323576,16599,0,754,0
22.930535078048706,46869,4321100,4325872,4323576,16599,0,754,0
22.944910049438477,46869,4321100,4325872,4323576,16599,0,754,0
22.959166049957275,46869,4321100,4325872,4323576,16599,0,754,0
22.9734890460968,46869,4321100,4325872,4323576,16599,0,754,0
22.987935066223145,46869,4321100,4325872,4323576,16599,0,754,0
23.002516984939575,46869,4321100,4325872,4323576,16599,0,754,0
23.0169620513916,46869,4321100,4325872,4323576,16599,0,754,0
23.03117799758911,46869,4321100,4325872,4323576,16599,0,754,0
23.04559302330017,46869,4321100,4325872,4323576,16599,0,754,0
23.060028076171875,46869,4321100,4325872,4323576,16599,0,754,0
23.07451295852661,46869,4321100,4325872,4323576,16599,0,754,0
23.0891330242157,46869,4321100,4325872,4323576,16599,0,754,0
23.10395908355713,46869,4321100,4325872,4323576,16599,0,754,0
23.118613958358765,46869,4321100,4325872,4323576,16599,0,754,0
23.133280038833618,46869,4321100,4325872,4323576,16599,0,754,0
23.148508071899414,46869,4321100,4325872,4323576,16599,0,754,0
23.16328501701355,46869,4321100,4325872,4323576,16599,0,754,0
23.17813801765442,46869,4321100,4325872,4323576,16599,0,754,0
23.19291400909424,46869,4321100,4325872,4323576,16599,0,754,0
23.207802057266235,46869,4321100,4325872,4323576,16599,0,754,0
23.222980976104736,46869,4321100,4325872,4323576,16599,0,754,0
23.237771034240723,46869,4321100,4325872,4323576,16599,0,754,0
23.252108097076416,46869,4321100,4325872,4323576,16599,0,754,0
23.26661992073059,46869,4321100,4325872,4323576,16599,0,754,0
23.28131103515625,46869,4321100,4325872,4323576,16599,0,754,0
23.29627013206482,46869,4321100,4325872,4323576,16599,0,754,0
23.310789108276367,46869,4321100,4325872,4323576,16599,0,754,0
23.325161933898926,46869,4321100,4325872,4323576,16599,0,754,0
23.34017014503479,46869,4321100,4325872,4323576,16599,0,754,0
23.35510492324829,46869,4321100,4325872,4323576,16599,0,754,0
23.369969129562378,46869,4321100,4325872,4323576,16599,0,754,0
23.384982109069824,46869,4321100,4325872,4323576,16599,0,754,0
23.399914979934692,46869,4321100,4325872,4323576,16599,0,754,0
23.414982080459595,46869,4321100,4325872,4323576,16599,0,754,0
23.429299116134644,46869,4321100,4325872,4323576,16599,0,754,0
23.444152116775513,46869,4321100,4325872,4323576,16599,0,754,0
23.45892095565796,46869,4321100,4325872,4323576,16599,0,754,0
23.473169088363647,46869,4321100,4325872,4323576,16599,0,754,0
23.4880211353302,46869,4321100,4325872,4323576,16599,0,754,0
23.5031099319458,46869,4321100,4325872,4323576,16599,0,754,0
23.517585039138794,46869,4321100,4325872,4323576,16599,0,754,0
23.531898021697998,46869,4321100,4325872,4323576,16599,0,754,0
23.54630708694458,46869,4321100,4325872,4323576,16599,0,754,0
23.560482025146484,46869,4321100,4325872,4323576,16599,0,754,0
23.57504892349243,46869,4321100,4325872,4323576,16599,0,754,0
23.589887142181396,46869,4321100,4325872,4323576,16599,0,754,0
23.604614973068237,46869,4321100,4325872,4323576,16599,0,754,0
23.61914610862732,46869,4321100,4325872,4323576,16599,0,754,0
23.633907079696655,46869,4321100,4325872,4323576,16599,0,754,0
23.648568153381348,46869,4321100,4325872,4323576,16599,0,754,0
23.662938117980957,46869,4321100,4325872,4323576,16599,0,754,0
23.677128076553345,46869,4321100,4325872,4323576,16599,0,754,0
23.691548109054565,46869,4321100,4325872,4323576,16599,0,754,0
23.70589804649353,46869,4321100,4325872,4323576,16599,0,754,0
23.720133066177368,46869,4321100,4325872,4323576,16599,0,754,0
23.734513998031616,46869,4321100,4325872,4323576,16599,0,754,0
23.748991012573242,46869,4321100,4325872,4323576,16599,0,754,0
23.763109922409058,46869,4321100,4325872,4323576,16599,0,754,0
23.777246952056885,46869,4321100,4325872,4323576,16599,0,754,0
23.791872024536133,46869,4321100,4325872,4323576,16599,0,754,0
23.80656099319458,46869,4321100,4325872,4323576,16599,0,754,0
23.821272134780884,46869,4321100,4325872,4323576,16599,0,754,0
23.83598303794861,46869,4321100,4325872,4323576,16599,0,754,0
23.85066294670105,46869,4321100,4325872,4323576,16599,0,754,0
23.865188121795654,46869,4321100,4325872,4323576,16599,0,754,0
23.880001068115234,46869,4321100,4325872,4323576,16599,0,754,0
23.894922018051147,46869,4321100,4325872,4323576,16599,0,754,0
23.90944004058838,46869,4321100,4325872,4323576,16599,0,754,0
23.924071073532104,46869,4321100,4325872,4323576,16599,0,754,0
23.93858504295349,46869,4321100,4325872,4323576,16599,0,754,0
23.953150987625122,46869,4321100,4325872,4323576,16599,0,754,0
23.967262983322144,46869,4321100,4325872,4323576,16599,0,754,0
23.98159098625183,46869,4321100,4325872,4323576,16599,0,754,0
23.996012926101685,46869,4321100,4325872,4323576,16599,0,754,0
24.01048493385315,46869,4321100,4325872,4323576,16599,0,754,0
24.024919986724854,46869,4321100,4325872,4323576,16599,0,754,0
24.03910994529724,46869,4321100,4325872,4323576,16599,0,754,0
24.05397891998291,46869,4321100,4325872,4323576,16599,0,754,0
24.068786144256592,46869,4321100,4325872,4323576,16599,0,754,0
24.083476066589355,46869,4321100,4325872,4323576,16599,0,754,0
24.097929000854492,46869,4321100,4325872,4323576,16599,0,754,0
24.11213994026184,46869,4321100,4325872,4323576,16599,0,754,0
24.126989126205444,46869,4321100,4325872,4323576,16599,0,754,0
24.141193151474,46869,4321100,4325872,4323576,16599,0,754,0
24.155664920806885,46869,4321100,4325872,4323576,16599,0,754,0
24.17008399963379,46869,4321100,4325872,4323576,16599,0,754,0
24.184505939483643,46869,4321100,4325872,4323576,16599,0,754,0
24.19913911819458,46869,4321100,4325872,4323576,16599,0,754,0
24.213144063949585,46869,4321100,4325872,4323576,16599,0,754,0
24.22771406173706,46869,4321100,4325872,4323576,16599,0,754,0
24.24214506149292,46869,4321100,4325872,4323576,16599,0,754,0
24.25684905052185,46869,4321100,4325872,4323576,16599,0,754,0
24.271121978759766,46869,4321100,4325872,4323576,16599,0,754,0
24.285582065582275,46869,4321100,4325872,4323576,16599,0,754,0
24.300193071365356,46869,4321100,4325872,4323576,16599,0,754,0
24.315062046051025,46869,4321100,4325872,4323576,16599,0,754,0
24.329939126968384,46869,4321100,4325872,4323576,16599,0,754,0
24.34413194656372,46869,4321100,4325872,4323576,16599,0,754,0
24.358565092086792,46869,4321100,4325872,4323576,16599,0,754,0
24.372973918914795,46869,4321100,4325872,4323576,16599,0,754,0
24.39017605781555,46869,4321100,4325872,4323576,16599,0,754,0
24.405116081237793,46869,4321100,4325872,4323576,16599,0,754,0
24.41960096359253,46869,4321100,4325872,4323576,16599,0,754,0
24.434097051620483,46869,4321100,4325872,4323576,16599,0,754,0
24.448462963104248,46869,4321100,4325872,4323576,16599,0,754,0
24.463154077529907,46869,4321100,4325872,4323576,16599,0,754,0
24.47785711288452,46869,4321100,4325872,4323576,16599,0,754,0
24.49214196205139,46869,4321100,4325872,4323576,16599,0,754,0
24.506617069244385,46869,4321100,4325872,4323576,16599,0,754,0
24.521127939224243,46869,4321100,4325872,4323576,16599,0,754,0
24.5365629196167,46869,4321100,4325872,4323576,16599,0,754,0
24.551844120025635,46869,4321100,4325872,4323576,16599,0,754,0
24.566646099090576,46869,4321100,4325872,4323576,16599,0,754,0
24.581170082092285,46869,4321100,4325872,4323576,16599,0,754,0
24.59561014175415,46869,4321100,4325872,4323576,16599,0,754,0
24.61002802848816,46869,4321100,4325872,4323576,16599,0,754,0
24.62420105934143,46869,4321100,4325872,4323576,16599,0,754,0
24.638561010360718,46869,4321100,4325872,4323576,16599,0,754,0
24.652964115142822,46869,4321100,4325872,4323576,16599,0,754,0
24.66796898841858,46869,4321100,4325872,4323576,16599,0,754,0
24.682798147201538,46869,4321100,4325872,4323576,16599,0,754,0
24.69754695892334,46869,4321100,4325872,4323576,16599,0,754,0
24.71213412284851,46869,4321100,4325872,4323576,16599,0,754,0
24.726980924606323,46869,4321100,4325872,4323576,16599,0,754,0
24.741496086120605,46869,4321100,4325872,4323576,16599,0,754,0
24.75610899925232,46869,4321100,4325872,4323576,16599,0,754,0
24.770612001419067,46869,4321100,4325872,4323576,16599,0,754,0
24.78507900238037,46869,4321100,4325872,4323576,16599,0,754,0
24.799622058868408,46869,4321100,4325872,4323576,16599,0,754,0
24.814528942108154,46869,4321100,4325872,4323576,16599,0,754,0
24.829148054122925,46869,4321100,4325872,4323576,16599,0,754,0
24.843969106674194,46869,4321100,4325872,4323576,16599,0,754,0
24.858580112457275,46869,4321100,4325872,4323576,16599,0,754,0
24.873281002044678,46869,4321100,4325872,4323576,16599,0,754,0
24.888208150863647,46869,4321100,4325872,4323576,16599,0,754,0
24.902945041656494,46869,4321100,4325872,4323576,16599,0,754,0
24.91764497756958,46869,4321100,4325872,4323576,16599,0,754,0
24.932260990142822,46869,4321100,4325872,4323576,16599,0,754,0
24.947073936462402,46869,4321100,4325872,4323576,16599,0,754,0
24.961806058883667,46869,4321100,4325872,4323576,16599,0,754,0
24.976616144180298,46869,4321100,4325872,4323576,16599,0,754,0
24.991311073303223,46869,4321100,4325872,4323576,16599,0,754,0
25.005876064300537,46869,4321100,4325872,4323576,16599,0,754,0
25.020672082901,46869,4321100,4325872,4323576,16599,0,754,0
25.03510093688965,46869,4321100,4325872,4323576,16599,0,754,0
25.049548149108887,46869,4321100,4325872,4323576,16599,0,754,0
25.064069986343384,46869,4321100,4325872,4323576,16599,0,754,0
25.0784969329834,46869,4321100,4325872,4323576,16599,0,754,0
25.093043088912964,46869,4321100,4325872,4323576,16599,0,754,0
25.107595920562744,46869,4321100,4325872,4323576,16599,0,754,0
25.12214493751526,46869,4321100,4325872,4323576,16599,0,754,0
25.13706612586975,46869,4321100,4325872,4323576,16599,0,754,0
25.15183115005493,46869,4321100,4325872,4323576,16599,0,754,0
25.1671199798584,46869,4321100,4325872,4323576,16599,0,754,0
25.18203902244568,46869,4321100,4325872,4323576,16599,0,754,0
25.19687294960022,46869,4321100,4325872,4323576,16599,0,754,0
25.211540937423706,46869,4321100,4325872,4323576,16599,0,754,0
25.226104974746704,46869,4321100,4325872,4323576,16599,0,754,0
25.24050498008728,46869,4321100,4325872,4323576,16599,0,754,0
25.25487995147705,46869,4321100,4325872,4323576,16599,0,754,0
25.26931595802307,46869,4321100,4325872,4323576,16599,0,754,0
25.283890962600708,46869,4321100,4325872,4323576,16599,0,754,0
25.298058032989502,46869,4321100,4325872,4323576,16599,0,754,0
25.312495946884155,46869,4321100,4325872,4323576,16599,0,754,0
25.326934099197388,46869,4321100,4325872,4323576,16599,0,754,0
25.341187000274658,46869,4321100,4325872,4323576,16599,0,754,0
25.35543394088745,46869,4321100,4325872,4323576,16599,0,754,0
25.370712995529175,46869,4321100,4325872,4323576,16599,0,754,0
25.385234117507935,46869,4321100,4325872,4323576,16599,0,754,0
25.400007009506226,46869,4321100,4325872,4323576,16599,0,754,0
25.414576053619385,46869,4321100,4325872,4323576,16599,0,754,0
25.42916703224182,46869,4321100,4325872,4323576,16599,0,754,0
25.443639993667603,46869,4321100,4325872,4323576,16599,0,754,0
25.45819091796875,46869,4321100,4325872,4323576,16599,0,754,0
25.472737073898315,46869,4321100,4325872,4323576,16599,0,754,0
25.487235069274902,46869,4321100,4325872,4323576,16599,0,754,0
25.501807928085327,46869,4321100,4325872,4323576,16599,0,754,0
25.516130924224854,46869,4321100,4325872,4323576,16599,0,754,0
25.530527114868164,46869,4321100,4325872,4323576,16599,0,754,0
25.545028924942017,46869,4321100,4325872,4323576,16599,0,754,0
25.55923104286194,46869,4321100,4325872,4323576,16599,0,754,0
25.573503971099854,46869,4321100,4325872,4323576,16599,0,754,0
25.587971925735474,46869,4321100,4325872,4323576,16599,0,754,0
25.602204084396362,46869,4321100,4325872,4323576,16599,0,754,0
25.616225004196167,46869,4321100,4325872,4323576,16599,0,754,0
25.630151987075806,46869,4321100,4325872,4323576,16599,0,754,0
25.64466094970703,46869,4321100,4325872,4323576,16599,0,754,0
25.65911293029785,46869,4321100,4325872,4323576,16599,0,754,0
25.673465967178345,46869,4321100,4325872,4323576,16599,0,754,0
25.687917947769165,46869,4321100,4325872,4323576,16599,0,754,0
25.70223307609558,46869,4321100,4325872,4323576,16599,0,754,0
25.716511964797974,46869,4321100,4325872,4323576,16599,0,754,0
25.730978965759277,46869,4321100,4325872,4323576,16599,0,754,0
25.7451491355896,46869,4321100,4325872,4323576,16599,0,754,0
25.75979709625244,46869,4321100,4325872,4323576,16599,0,754,0
25.77428412437439,46869,4321100,4325872,4323576,16599,0,754,0
25.78915810585022,46869,4321100,4325872,4323576,16599,0,754,0
25.80398201942444,46869,4321100,4325872,4323576,16599,0,754,0
25.818805932998657,46869,4321100,4325872,4323576,16599,0,754,0
25.83314299583435,46869,4321100,4325872,4323576,16599,0,754,0
25.847901105880737,46869,4321100,4325872,4323576,16599,0,754,0
25.8626549243927,46869,4321100,4325872,4323576,16599,0,754,0
25.87716794013977,46869,4321100,4325872,4323576,16599,0,754,0
25.891988039016724,46869,4321100,4325872,4323576,16599,0,754,0
25.906809091567993,46869,4321100,4325872,4323576,16599,0,754,0
25.92122793197632,46869,4321100,4325872,4323576,16599,0,754,0
25.936017990112305,46869,4321100,4325872,4323576,16599,0,754,0
25.950485944747925,46869,4321100,4325872,4323576,16599,0,754,0
25.965194940567017,46869,4321100,4325872,4323576,16599,0,754,0
25.97993803024292,46869,4321100,4325872,4323576,16599,0,754,0
25.994928121566772,46869,4321100,4325872,4323576,16599,0,754,0
26.009226083755493,46869,4321100,4325872,4323576,16599,0,754,0
26.02379012107849,46869,4321100,4325872,4323576,16599,0,754,0
26.038113117218018,46869,4321100,4325872,4323576,16599,0,754,0
26.052261114120483,46869,4321100,4325872,4323576,16599,0,754,0
26.066575050354004,46869,4321100,4325872,4323576,16599,0,754,0
26.081103086471558,46869,4321100,4325872,4323576,16599,0,754,0
26.095673084259033,46869,4321100,4325872,4323576,16599,0,754,0
26.11011505126953,46869,4321100,4325872,4323576,16599,0,754,0
26.124284029006958,46869,4321100,4325872,4323576,16599,0,754,0
26.138838052749634,46869,4321100,4325872,4323576,16599,0,754,0
26.153500080108643,46869,4321100,4325872,4323576,16599,0,754,0
26.16815495491028,46869,4321100,4325872,4323576,16599,0,754,0
26.1825270652771,46869,4321100,4325872,4323576,16599,0,754,0
26.196928024291992,46869,4321100,4325872,4323576,16599,0,754,0
26.211432933807373,46869,4321100,4325872,4323576,16599,0,754,0
26.2259681224823,46869,4321100,4325872,4323576,16599,0,754,0
26.240124940872192,46869,4321100,4325872,4323576,16599,0,754,0
26.254810094833374,46869,4321100,4325872,4323576,16599,0,754,0
26.269094944000244,46869,4321100,4325872,4323576,16599,0,754,0
26.283481121063232,46869,4321100,4325872,4323576,16599,0,754,0
26.29800009727478,46869,4321100,4325872,4323576,16599,0,754,0
26.313054084777832,46869,4321100,4325872,4323576,16599,0,754,0
26.327965021133423,46869,4321100,4325872,4323576,16599,0,754,0
26.343223094940186,46869,4321100,4325872,4323576,16599,0,754,0
26.358076095581055,46869,4321100,4325872,4323576,16599,0,754,0
26.372957944869995,46869,4321100,4325872,4323576,16599,0,754,0
26.387853145599365,46869,4321100,4325872,4323576,16599,0,754,0
26.402724027633667,46869,4321100,4325872,4323576,16599,0,754,0
26.418071031570435,46869,4321100,4325872,4323576,16599,0,754,0
26.432948112487793,46869,4321100,4325872,4323576,16599,0,754,0
26.44783592224121,46869,4321100,4325872,4323576,16599,0,754,0
26.462568044662476,46869,4321100,4325872,4323576,16599,0,754,0
26.4772629737854,46869,4321100,4325872,4323576,16599,0,754,0
26.49204707145691,46869,4321100,4325872,4323576,16599,0,754,0
26.50707197189331,46869,4321100,4325872,4323576,16599,0,754,0
26.52196502685547,46869,4321100,4325872,4323576,16599,0,754,0
26.537001132965088,46869,4321100,4325872,4323576,16599,0,754,0
26.55185604095459,46869,4321100,4325872,4323576,16599,0,754,0
26.56662392616272,46869,4321100,4325872,4323576,16599,0,754,0
26.581329107284546,46869,4321100,4325872,4323576,16599,0,754,0
26.596122980117798,46869,4321100,4325872,4323576,16599,0,754,0
26.611079931259155,46869,4321100,4325872,4323576,16599,0,754,0
26.626074075698853,46869,4321100,4325872,4323576,16599,0,754,0
26.64108109474182,46869,4321100,4325872,4323576,16599,0,754,0
26.655938148498535,46869,4321100,4325872,4323576,16599,0,754,0
26.670613050460815,46869,4321100,4325872,4323576,16599,0,754,0
26.685446977615356,46869,4321100,4325872,4323576,16599,0,754,0
26.70026206970215,46869,4321100,4325872,4323576,16599,0,754,0
26.71504807472229,46869,4321100,4325872,4323576,16599,0,754,0
26.72985315322876,46869,4321100,4325872,4323576,16599,0,754,0
26.744802951812744,46869,4321100,4325872,4323576,16599,0,754,0
26.759746074676514,46869,4321100,4325872,4323576,16599,0,754,0
26.774639129638672,46869,4321100,4325872,4323576,16599,0,754,0
26.789515018463135,46869,4321100,4325872,4323576,16599,0,754,0
26.804311990737915,46869,4321100,4325872,4323576,16599,0,754,0
26.819329023361206,46869,4321100,4325872,4323576,16599,0,754,0
26.83461904525757,46869,4321100,4325872,4323576,16599,0,754,0
26.849431037902832,46869,4321100,4325872,4323576,16599,0,754,0
26.86406397819519,46869,4321100,4325872,4323576,16599,0,754,0
26.87901496887207,46869,4321100,4325872,4323576,16599,0,754,0
26.893929958343506,46869,4321100,4325872,4323576,16599,0,754,0
26.909065008163452,46869,4321100,4325872,4323576,16599,0,754,0
26.923983097076416,46869,4321100,4325872,4323576,16599,0,754,0
26.938884973526,46869,4321100,4325872,4323576,16599,0,754,0
26.95380997657776,46869,4321100,4325872,4323576,16599,0,754,0
26.968821048736572,46869,4321100,4325872,4323576,16599,0,754,0
26.98392105102539,46869,4321100,4325872,4323576,16599,0,754,0
26.998682975769043,46869,4321100,4325872,4323576,16599,0,754,0
27.013489961624146,46869,4321100,4325872,4323576,16599,0,754,0
27.02894401550293,46869,4321100,4325872,4323576,16599,0,754,0
27.04394292831421,46869,4321100,4325872,4323576,16599,0,754,0
27.058839082717896,46869,4321100,4325872,4323576,16599,0,754,0
27.0736141204834,46869,4321100,4325872,4323576,16599,0,754,0
27.08841300010681,46869,4321100,4325872,4323576,16599,0,754,0
27.103287935256958,46869,4321100,4325872,4323576,16599,0,754,0
27.118133068084717,46869,4321100,4325872,4323576,16599,0,754,0
27.133069038391113,46869,4321100,4325872,4323576,16599,0,754,0
27.14810800552368,46869,4321100,4325872,4323576,16599,0,754,0
27.163108110427856,46869,4321100,4325872,4323576,16599,0,754,0
27.177968978881836,46869,4321100,4325872,4323576,16599,0,754,0
27.192942142486572,46869,4321100,4325872,4323576,16599,0,754,0
27.207857131958008,46869,4321100,4325872,4323576,16599,0,754,0
27.22285294532776,46869,4321100,4325872,4323576,16599,0,754,0
27.2377610206604,46869,4321100,4325872,4323576,16599,0,754,0
27.252768993377686,46869,4321100,4325872,4323576,16599,0,754,0
27.267807960510254,46869,4321100,4325872,4323576,16599,0,754,0
27.28297710418701,46869,4321100,4325872,4323576,16599,0,754,0
27.29832100868225,46869,4321100,4325872,4323576,16599,0,754,0
27.3131320476532,46869,4321100,4325872,4323576,16599,0,754,0
27.32811212539673,46869,4321100,4325872,4323576,16599,0,754,0
27.34293794631958,46869,4321100,4325872,4323576,16599,0,754,0
27.35785698890686,46869,4321100,4325872,4323576,16599,0,754,0
27.37279510498047,46869,4321100,4325872,4323576,16599,0,754,0
27.387805938720703,46869,4321100,4325872,4323576,16599,0,754,0
27.402545928955078,46869,4321100,4325872,4323576,16599,0,754,0
27.417428970336914,46869,4321100,4325872,4323576,16599,0,754,0
27.432477951049805,46869,4321100,4325872,4323576,16599,0,754,0
27.447232007980347,46869,4321100,4325872,4323576,16599,0,754,0
27.46207904815674,46869,4321100,4325872,4323576,16599,0,754,0
27.476997137069702,46869,4321100,4325872,4323576,16599,0,754,0
27.491948127746582,46869,4321100,4325872,4323576,16599,0,754,0
27.506803035736084,46869,4321100,4325872,4323576,16599,0,754,0
27.521872997283936,46869,4321100,4325872,4323576,16599,0,754,0
27.53680992126465,46869,4321100,4325872,4323576,16599,0,754,0
27.55160403251648,46869,4321100,4325872,4323576,16599,0,754,0
27.566443920135498,46869,4321100,4325872,4323576,16599,0,754,0
27.58138108253479,46869,4321100,4325872,4323576,16599,0,754,0
27.596195936203003,46869,4321100,4325872,4323576,16599,0,754,0
27.611096143722534,46869,4321100,4325872,4323576,16599,0,754,0
27.626058101654053,46869,4321100,4325872,4323576,16599,0,754,0
27.640980005264282,46869,4321100,4325872,4323576,16599,0,754,0
27.656090021133423,46869,4321100,4325872,4323576,16599,0,754,0
27.67110013961792,46869,4321100,4325872,4323576,16599,0,754,0
27.68605399131775,46869,4321100,4325872,4323576,16599,0,754,0
27.700968027114868,46869,4321100,4325872,4323576,16599,0,754,0
27.71587610244751,46869,4321100,4325872,4323576,16599,0,754,0
27.730844974517822,46869,4321100,4325872,4323576,16599,0,754,0
27.745919942855835,46869,4321100,4325872,4323576,16599,0,754,0
27.76087999343872,46869,4321100,4325872,4323576,16599,0,754,0
27.775737047195435,46869,4321100,4325872,4323576,16599,0,754,0
27.790668964385986,46869,4321100,4325872,4323576,16599,0,754,0
27.805570125579834,46869,4321100,4325872,4323576,16599,0,754,0
27.82042908668518,46869,4321100,4325872,4323576,16599,0,754,0
27.835304975509644,46869,4321100,4325872,4323576,16599,0,754,0
27.850172996520996,46869,4321100,4325872,4323576,16599,0,754,0
27.865392923355103,46869,4321100,4325872,4323576,16599,0,754,0
27.8804190158844,46869,4321100,4325872,4323576,16599,0,754,0
27.89536213874817,46869,4321100,4325872,4323576,16599,0,754,0
27.910207986831665,46869,4321100,4325872,4323576,16599,0,754,0
27.92511796951294,46869,4321100,4325872,4323576,16599,0,754,0
27.940101146697998,46869,4321100,4325872,4323576,16599,0,754,0
27.955058097839355,46869,4321100,4325872,4323576,16599,0,754,0
27.969990015029907,46869,4321100,4325872,4323576,16599,0,754,0
27.984983921051025,46869,4321100,4325872,4323576,16599,0,754,0
27.99997591972351,46869,4321100,4325872,4323576,16599,0,754,0
28.014956951141357,46869,4321100,4325872,4323576,16599,0,754,0
28.029919147491455,46869,4321100,4325872,4323576,16599,0,754,0
28.04486393928528,46869,4321100,4325872,4323576,16599,0,754,0
28.059914112091064,46869,4321100,4325872,4323576,16599,0,754,0
28.07483410835266,46869,4321100,4325872,4323576,16599,0,754,0
28.08979606628418,46869,4321100,4325872,4323576,16599,0,754,0
28.104671955108643,46869,4321100,4325872,4323576,16599,0,754,0
28.119508028030396,46869,4321100,4325872,4323576,16599,0,754,0
28.134459018707275,46869,4321100,4325872,4323576,16599,0,754,0
28.149517059326172,46869,4321100,4325872,4323576,16599,0,754,0
28.164475917816162,46869,4321100,4325872,4323576,16599,0,754,0
28.17930006980896,46869,4321100,4325872,4323576,16599,0,754,0
28.194129943847656,46869,4321100,4325872,4323576,16599,0,754,0
28.209064960479736,46869,4321100,4325872,4323576,16599,0,754,0
28.223884105682373,46869,4321100,4325872,4323576,16599,0,754,0
28.238686084747314,46869,4321100,4325872,4323576,16599,0,754,0
28.2536461353302,46869,4321100,4325872,4323576,16599,0,754,0
28.270554065704346,46869,4321100,4325872,4323576,16599,0,754,0
28.28555703163147,46869,4321100,4325872,4323576,16599,0,754,0
28.300538063049316,46869,4321100,4325872,4323576,16599,0,754,0
28.315294981002808,46869,4321100,4325872,4323576,16599,0,754,0
28.33009910583496,46869,4321100,4325872,4323576,16599,0,754,0
28.345081090927124,46869,4321100,4325872,4323576,16599,0,754,0
28.360023021697998,46869,4321100,4325872,4323576,16599,0,754,0
28.374917030334473,46869,4321100,4325872,4323576,16599,0,754,0
28.38982892036438,46869,4321100,4325872,4323576,16599,0,754,0
28.404852151870728,46869,4321100,4325872,4323576,16599,0,754,0
28.41968011856079,46869,4321100,4325872,4323576,16599,0,754,0
28.434489011764526,46869,4321100,4325872,4323576,16599,0,754,0
28.44937515258789,46869,4321100,4325872,4323576,16599,0,754,0
28.46443200111389,46869,4321100,4325872,4323576,16599,0,754,0
28.47914409637451,46869,4321100,4325872,4323576,16599,0,754,0
28.49414896965027,46869,4321100,4325872,4323576,16599,0,754,0
28.509087085723877,46869,4321100,4325872,4323576,16599,0,754,0
28.523951053619385,46869,4321100,4325872,4323576,16599,0,754,0
28.53878402709961,46869,4321100,4325872,4323576,16599,0,754,0
28.55368208885193,46869,4321100,4325872,4323576,16599,0,754,0
28.56862497329712,46869,4321100,4325872,4323576,16599,0,754,0
28.583564043045044,46869,4321100,4325872,4323576,16599,0,754,0
28.598605155944824,46869,4321100,4325872,4323576,16599,0,754,0
28.613528966903687,46869,4321100,4325872,4323576,16599,0,754,0
28.628422021865845,46869,4321100,4325872,4323576,16599,0,754,0
28.643227100372314,46869,4321100,4325872,4323576,16599,0,754,0
28.658111095428467,46869,4321100,4325872,4323576,16599,0,754,0
28.67304301261902,46869,4321100,4325872,4323576,16599,0,754,0
28.687917947769165,46869,4321100,4325872,4323576,16599,0,754,0
28.70288610458374,46869,4321100,4325872,4323576,16599,0,754,0
28.71788001060486,46869,4321100,4325872,4323576,16599,0,754,0
28.732813119888306,46869,4321100,4325872,4323576,16599,0,754,0
28.747672080993652,46869,4321100,4325872,4323576,16599,0,754,0
28.762651920318604,46869,4321100,4325872,4323576,16599,0,754,0
28.77760100364685,46869,4321100,4325872,4323576,16599,0,754,0
28.792515993118286,46869,4321100,4325872,4323576,16599,0,754,0
28.80736494064331,46869,4321100,4325872,4323576,16599,0,754,0
28.82246708869934,46869,4321100,4325872,4323576,16599,0,754,0
28.837460041046143,46869,4321100,4325872,4323576,16599,0,754,0
28.852862119674683,46869,4321100,4325872,4323576,16599,0,754,0
28.86803913116455,46869,4321100,4325872,4323576,16599,0,754,0
28.883333921432495,46869,4321100,4325872,4323576,16599,0,754,0
28.898448944091797,46869,4321100,4325872,4323576,16599,0,754,0
28.913782119750977,46869,4321100,4325872,4323576,16599,0,754,0
28.928929090499878,46869,4321100,4325872,4323576,16599,0,754,0
28.94406509399414,46869,4321100,4325872,4323576,16599,0,754,0
28.95920705795288,46869,4321100,4325872,4323576,16599,0,754,0
28.974470138549805,46869,4321100,4325872,4323576,16599,0,754,0
28.989530086517334,46869,4321100,4325872,4323576,16599,0,754,0
29.004815101623535,46869,4321100,4325872,4323576,16599,0,754,0
29.019542932510376,46869,4321100,4325872,4323576,16599,0,754,0
29.034974098205566,46869,4321100,4325872,4323576,16599,0,754,0
29.05025315284729,46869,4321100,4325872,4323576,16599,0,754,0
29.06542992591858,46869,4321100,4325872,4323576,16599,0,754,0
29.08047604560852,46869,4321100,4325872,4323576,16599,0,754,0
29.0955970287323,46869,4321100,4325872,4323576,16599,0,754,0
29.11101198196411,46869,4321100,4325872,4323576,16599,0,754,0
29.126224040985107,46869,4321100,4325872,4323576,16599,0,754,0
29.141075134277344,46869,4321100,4325872,4323576,16599,0,754,0
29.155874967575073,46869,4321100,4325872,4323576,16599,0,754,0
29.170819997787476,46869,4321100,4325872,4323576,16599,0,754,0
29.18563199043274,46869,4321100,4325872,4323576,16599,0,754,0
29.200489044189453,46869,4321100,4325872,4323576,16599,0,754,0
29.215261936187744,46869,4321100,4325872,4323576,16599,0,754,0
29.230239152908325,46869,4321100,4325872,4323576,16599,0,754,0
29.24588108062744,46869,4321100,4325872,4323576,16599,0,754,0
29.261101007461548,46869,4321100,4325872,4323576,16599,0,754,0
29.27617311477661,46869,4321100,4325872,4323576,16599,0,754,0
29.290807008743286,46869,4321100,4325872,4323576,16599,0,754,0
29.3051540851593,46869,4321100,4325872,4323576,16599,0,754,0
29.31955099105835,46869,4321100,4325872,4323576,16599,0,754,0
29.33427596092224,46869,4321100,4325872,4323576,16599,0,754,0
29.348875045776367,46869,4321100,4325872,4323576,16599,0,754,0
29.36365509033203,46869,4321100,4325872,4323576,16599,0,754,0
29.378517150878906,46869,4321100,4325872,4323576,16599,0,754,0
29.393255949020386,46869,4321100,4325872,4323576,16599,0,754,0
29.408064126968384,46869,4321100,4325872,4323576,16599,0,754,0
29.422286987304688,46869,4321100,4325872,4323576,16599,0,754,0
29.43707299232483,46869,4321100,4325872,4323576,16599,0,754,0
29.451877117156982,46869,4321100,4325872,4323576,16599,0,754,0
29.466885089874268,46869,4321100,4325872,4323576,16599,0,754,0
29.48156499862671,46869,4321100,4325872,4323576,16599,0,754,0
29.496299028396606,46869,4321100,4325872,4323576,16599,0,754,0
29.511162996292114,46869,4321100,4325872,4323576,16599,0,754,0
29.525846004486084,46869,4321100,4325872,4323576,16599,0,754,0
29.540598154067993,46869,4321100,4325872,4323576,16599,0,754,0
29.55522108078003,46869,4321100,4325872,4323576,16599,0,754,0
29.569980144500732,46869,4321100,4325872,4323576,16599,0,754,0
29.584582090377808,46869,4321100,4325872,4323576,16599,0,754,0
29.59922194480896,46869,4321100,4325872,4323576,16599,0,754,0
29.613955974578857,46869,4321100,4325872,4323576,16599,0,754,0
29.62880802154541,46869,4321100,4325872,4323576,16599,0,754,0
29.643330097198486,46869,4321100,4325872,4323576,16599,0,754,0
29.658522129058838,46869,4321100,4325872,4323576,16599,0,754,0
29.67328715324402,46869,4321100,4325872,4323576,16599,0,754,0
29.687905073165894,46869,4321100,4325872,4323576,16599,0,754,0
29.702192068099976,46869,4321100,4325872,4323576,16599,0,754,0
29.71661114692688,46869,4321100,4325872,4323576,16599,0,754,0
29.7312490940094,46869,4321100,4325872,4323576,16599,0,754,0
29.745908975601196,46869,4321100,4325872,4323576,16599,0,754,0
29.76052498817444,46869,4321100,4325872,4323576,16599,0,754,0
29.77497696876526,46869,4321100,4325872,4323576,16599,0,754,0
29.789175033569336,46869,4321100,4325872,4323576,16599,0,754,0
29.803137063980103,46869,4321100,4325872,4323576,16599,0,754,0
29.8176429271698,46869,4321100,4325872,4323576,16599,0,754,0
29.832124948501587,46869,4321100,4325872,4323576,16599,0,754,0
29.846027135849,46869,4321100,4325872,4323576,16599,0,754,0
29.860567092895508,46869,4321100,4325872,4323576,16599,0,754,0
29.87527298927307,46869,4321100,4325872,4323576,16599,0,754,0
29.890212059020996,46869,4321100,4325872,4323576,16599,0,754,0
29.90461301803589,46869,4321100,4325872,4323576,16599,0,754,0
29.919048070907593,46869,4321100,4325872,4323576,16599,0,754,0
29.933277130126953,46869,4321100,4325872,4323576,16599,0,754,0
29.948153018951416,46869,4321100,4325872,4323576,16599,0,754,0
29.96265697479248,46869,4321100,4325872,4323576,16599,0,754,0
29.977038145065308,46869,4321100,4325872,4323576,16599,0,754,0
29.991677045822144,46869,4321100,4325872,4323576,16599,0,754,0
30.006274938583374,46869,4321100,4325872,4323576,16599,0,754,0
30.020636081695557,46869,4321100,4325872,4323576,16599,0,754,0
30.035068035125732,46869,4321100,4325872,4323576,16599,0,754,0
30.04968500137329,46869,4321100,4325872,4323576,16599,0,754,0
30.06426692008972,46869,4321100,4325872,4323576,16599,0,754,0
30.079031944274902,46869,4321100,4325872,4323576,16599,0,754,0
30.09320902824402,46869,4321100,4325872,4323576,16599,0,754,0
30.10750412940979,46869,4321100,4325872,4323576,16599,0,754,0
30.122138023376465,46869,4321100,4325872,4323576,16599,0,754,0
30.136572122573853,46869,4321100,4325872,4323576,16599,0,754,0
30.15099310874939,46869,4321100,4325872,4323576,16599,0,754,0
30.165496110916138,46869,4321100,4325872,4323576,16599,0,754,0
30.179718017578125,46869,4321100,4325872,4323576,16599,0,754,0
30.194173097610474,46869,4321100,4325872,4323576,16599,0,754,0
30.208606004714966,46869,4321100,4325872,4323576,16599,0,754,0
30.22574210166931,46869,4321100,4325872,4323576,16599,0,754,0
30.240177154541016,46869,4321100,4325872,4323576,16599,0,754,0
30.254749059677124,46869,4321100,4325872,4323576,16599,0,754,0
30.26913094520569,46869,4321100,4325872,4323576,16599,0,754,0
30.283613920211792,46869,4321100,4325872,4323576,16599,0,754,0
30.2982120513916,46869,4321100,4325872,4323576,16599,0,754,0
30.312714099884033,46869,4321100,4325872,4323576,16599,0,754,0
30.327173948287964,46869,4321100,4325872,4323576,16599,0,754,0
30.341617107391357,46869,4321100,4325872,4323576,16599,0,754,0
30.356094121932983,46869,4321100,4325872,4323576,16599,0,754,0
30.370618104934692,46869,4321100,4325872,4323576,16599,0,754,0
30.385051012039185,46869,4321100,4325872,4323576,16599,0,754,0
30.399610996246338,46869,4321100,4325872,4323576,16599,0,754,0
30.414013147354126,46869,4321100,4325872,4323576,16599,0,754,0
30.428290128707886,46869,4321100,4325872,4323576,16599,0,754,0
30.44265103340149,46869,4321100,4325872,4323576,16599,0,754,0
30.457550048828125,46869,4321100,4325872,4323576,16599,0,754,0
30.47214412689209,46869,4321100,4325872,4323576,16599,0,754,0
30.486858129501343,46869,4321100,4325872,4323576,16599,0,754,0
30.501546144485474,46869,4321100,4325872,4323576,16599,0,754,0
30.51606011390686,46869,4321100,4325872,4323576,16599,0,754,0
30.530553102493286,46869,4321100,4325872,4323576,16599,0,754,0
30.54518699645996,46869,4321100,4325872,4323576,16599,0,754,0
30.55953812599182,46869,4321100,4325872,4323576,16599,0,754,0
30.574132919311523,46869,4321100,4325872,4323576,16599,0,754,0
30.588643074035645,46869,4321100,4325872,4323576,16599,0,754,0
30.603204011917114,46869,4321100,4325872,4323576,16599,0,754,0
30.617486000061035,46869,4321100,4325872,4323576,16599,0,754,0
30.632086992263794,46869,4321100,4325872,4323576,16599,0,754,0
30.64652705192566,46869,4321100,4325872,4323576,16599,0,754,0
30.660943031311035,46869,4321100,4325872,4323576,16599,0,754,0
30.675200939178467,46869,4321100,4325872,4323576,16599,0,754,0
30.689528942108154,46869,4321100,4325872,4323576,16599,0,754,0
30.704134941101074,46869,4321100,4325872,4323576,16599,0,754,0
30.718624114990234,46869,4321100,4325872,4323576,16599,0,754,0
30.73290991783142,46869,4321100,4325872,4323576,16599,0,754,0
30.747064113616943,46869,4321100,4325872,4323576,16599,0,754,0
30.761615991592407,46869,4321100,4325872,4323576,16599,0,754,0
30.776127099990845,46869,4321100,4325872,4323576,16599,0,754,0
30.79055404663086,46869,4321100,4325872,4323576,16599,0,754,0
30.80526900291443,46869,4321100,4325872,4323576,16599,0,754,0
30.819667100906372,46869,4321100,4325872,4323576,16599,0,754,0
30.833935022354126,46869,4321100,4325872,4323576,16599,0,754,0
30.848237991333008,46869,4321100,4325872,4323576,16599,0,754,0
30.862483024597168,46869,4321100,4325872,4323576,16599,0,754,0
30.877049922943115,46869,4321100,4325872,4323576,16599,0,754,0
30.8912091255188,46869,4321100,4325872,4323576,16599,0,754,0
30.90629005432129,46869,4321100,4325872,4323576,16599,0,754,0
30.920907974243164,46869,4321100,4325872,4323576,16599,0,754,0
30.93526005744934,46869,4321100,4325872,4323576,16599,0,754,0
30.949671983718872,46869,4321100,4325872,4323576,16599,0,754,0
30.964102029800415,46869,4321100,4325872,4323576,16599,0,754,0
30.978625059127808,46869,4321100,4325872,4323576,16599,0,754,0
30.993576049804688,46869,4321100,4325872,4323576,16599,0,754,0
31.00802493095398,46869,4321100,4325872,4323576,16599,0,754,0
31.02224612236023,46869,4321100,4325872,4323576,16599,0,754,0
31.036638975143433,46869,4321100,4325872,4323576,16599,0,754,0
31.05091404914856,46869,4321100,4325872,4323576,16599,0,754,0
31.06510901451111,46869,4321100,4325872,4323576,16599,0,754,0
31.079514026641846,46869,4321100,4325872,4323576,16599,0,754,0
31.093958139419556,46869,4321100,4325872,4323576,16599,0,754,0
31.108175039291382,46869,4321100,4325872,4323576,16599,0,754,0
31.12258505821228,46869,4321100,4325872,4323576,16599,0,754,0
31.13715410232544,46869,4321100,4325872,4323576,16599,0,754,0
31.151571035385132,46869,4321100,4325872,4323576,16599,0,754,0
31.166109085083008,46869,4321100,4325872,4323576,16599,0,754,0
31.180889129638672,46869,4321100,4325872,4323576,16599,0,754,0
31.195824146270752,46869,4321100,4325872,4323576,16599,0,754,0
31.210190057754517,46869,4321100,4325872,4323576,16599,0,754,0
31.224539041519165,46869,4321100,4325872,4323576,16599,0,754,0
31.238829135894775,46869,4321100,4325872,4323576,16599,0,754,0
31.2531840801239,46869,4321100,4325872,4323576,16599,0,754,0
31.26754403114319,46869,0,0,0,16711,0,0,0
31.281913995742798,46869,0,0,0,16711,0,0,0
31.2964129447937,46869,0,0,0,16711,0,0,0
