elapsed_s,pid,uss,rss,pss,min_flt,maj_flt,oom,oomadj
1.3135309219360352,167671,6896,7444,7244,676,0,666,0
1.343250036239624,167671,15832,18516,17198,1525,0,666,0
1.3949899673461914,167671,22652,27188,24006,2316,0,666,0
1.423814058303833,167671,39132,43796,41566,3542,0,667,0
1.4640278816223145,167671,47184,51908,49650,3827,0,667,0
1.4982120990753174,167671,48744,53620,51210,4162,0,667,0
1.5331580638885498,167671,56492,61484,58958,5907,0,667,0
1.5497019290924072,167671,65124,69940,67590,7110,0,668,0
1.5662689208984375,167671,71144,75908,73610,7601,0,668,0
1.5817220211029053,167671,73192,78008,75658,7603,0,668,0
1.5967929363250732,167671,73308,78136,75774,7620,0,668,0
1.61171293258667,167671,73720,78520,76186,7735,0,668,0
1.626758098602295,167671,73924,77716,76390,7786,0,668,0
1.6416370868682861,167671,66088,70916,68554,7786,0,668,0
1.6564500331878662,167671,66088,70916,68554,7786,0,668,0
1.6712749004364014,167671,66088,70916,68554,7786,0,668,0
1.686053991317749,167671,66088,70916,68554,7786,0,668,0
1.701066017150879,167671,66648,71428,69114,7926,0,668,0
1.7159578800201416,167671,66648,71428,69114,7926,0,668,0
1.7310149669647217,167671,66648,71428,69114,7926,0,668,0
1.7461390495300293,167671,66648,71428,69114,7926,0,668,0
1.7611730098724365,167671,66648,71428,69114,7926,0,668,0
1.7760748863220215,167671,66648,71428,69114,7926,0,668,0
1.791234016418457,167671,66648,71428,69114,7926,0,668,0
1.806204080581665,167671,66648,71428,69114,7926,0,668,0
1.8213040828704834,167671,66648,71428,69114,7926,0,668,0
1.83628511428833,167671,66648,71428,69114,7926,0,668,0
1.8512840270996094,167671,66648,71428,69114,7926,0,668,0
1.8663198947906494,167671,66648,71428,69114,7926,0,668,0
1.8814690113067627,167671,66648,71428,69114,7926,0,668,0
1.896385908126831,167671,66648,71428,69114,7926,0,668,0
1.911492109298706,167671,66648,71428,69114,7926,0,668,0
1.9265460968017578,167671,66648,71428,69114,7926,0,668,0
1.9415678977966309,167671,66648,71428,69114,7926,0,668,0
1.956618070602417,167671,66648,71428,69114,7926,0,668,0
1.9716830253601074,167671,68696,73512,71162,7927,0,668,0
1.9869019985198975,167671,68696,73512,71162,7927,0,668,0
2.0021979808807373,167671,68696,73512,71162,7927,0,668,0
2.017133951187134,167671,68696,73512,71162,7927,0,668,0
2.031986951828003,167671,68696,73512,71162,7927,0,668,0
2.046880006790161,167671,68696,73512,71162,7927,0,668,0
2.061944007873535,167671,68696,73512,71162,7927,0,668,0
2.0769429206848145,167671,68696,73512,71162,7927,0,668,0
2.0922839641571045,167671,76192,81000,78658,8268,0,668,0
2.1076459884643555,167671,76192,81000,78658,8268,0,668,0
2.12261700630188,167671,78240,83056,80706,8269,0,668,0
2.1377720832824707,167671,80288,85104,82754,8270,0,668,0
2.153078079223633,167671,78848,83660,81314,8271,0,668,0
2.168178081512451,167671,78848,83660,81314,8271,0,668,0
2.1832990646362305,167671,80896,85712,83362,8272,0,668,0
2.1988348960876465,167671,80896,85712,83362,8272,0,668,0
2.214211940765381,167671,80896,85712,83362,8272,0,668,0
2.229491949081421,167671,80896,85712,83362,8272,0,668,0
2.244450092315674,167671,80896,85712,83362,8272,0,668,0
2.259449005126953,167671,80896,85712,83362,8272,0,668,0
2.274583101272583,167671,80896,85712,83362,8272,0,668,0
2.2895219326019287,167671,80896,85712,83362,8272,0,668,0
2.3046228885650635,167671,80896,85712,83362,8272,0,668,0
2.3196029663085938,167671,80896,85712,83362,8272,0,668,0
2.3348569869995117,167671,80896,85712,83362,8272,0,668,0
2.3498740196228027,167671,80896,85712,83362,8272,0,668,0
2.3649299144744873,167671,80896,85712,83362,8272,0,668,0
2.3801369667053223,167671,80896,85712,83362,8272,0,668,0
2.395124912261963,167671,82944,87760,85410,8273,0,668,0
2.410144090652466,167671,82944,87760,85410,8273,0,668,0
2.4256539344787598,167671,82944,87760,85410,8273,0,668,0
2.4407479763031006,167671,82944,87760,85410,8273,0,668,0
2.4556679725646973,167671,82944,87760,85410,8273,0,668,0
2.4708480834960938,167671,82944,87760,85410,8273,0,668,0
2.485896110534668,167671,82944,87760,85410,8273,0,668,0
2.5009639263153076,167671,82944,87760,85410,8273,0,668,0
2.5159599781036377,167671,82944,87760,85410,8273,0,668,0
2.5311338901519775,167671,84992,89808,87458,8274,0,668,0
2.5462310314178467,167671,84992,89808,87458,8274,0,668,0
2.5611989498138428,167671,84992,89808,87458,8274,0,668,0
2.576284885406494,167671,84992,89808,87458,8274,0,668,0
2.5913290977478027,167671,84992,89808,87458,8274,0,668,0
2.606376886367798,167671,84992,89808,87458,8274,0,668,0
2.6216790676116943,167671,84992,89808,87458,8274,0,668,0
2.6370699405670166,167671,84992,89808,87458,8274,0,668,0
2.652134895324707,167671,84992,89808,87458,8274,0,668,0
2.66715407371521,167671,84992,89808,87458,8274,0,668,0
2.6821448802948,167671,84992,89808,87458,8274,0,668,0
2.697113037109375,167671,84992,89808,87458,8274,0,668,0
2.7121329307556152,167671,84992,89808,87458,8274,0,668,0
2.7271270751953125,167671,84992,89808,87458,8274,0,668,0
2.741986036300659,167671,84992,89808,87458,8274,0,668,0
2.757067918777466,167671,84992,89808,87458,8274,0,668,0
2.772160053253174,167671,84992,89808,87458,8274,0,668,0
2.7872259616851807,167671,84992,89808,87458,8274,0,668,0
2.802288055419922,167671,84992,89808,87458,8274,0,668,0
2.8173320293426514,167671,87040,91856,89506,8275,0,668,0
2.8330650329589844,167671,87040,91856,89506,8275,0,668,0
2.848175048828125,167671,87040,91856,89506,8275,0,668,0
2.8631739616394043,167671,87040,91856,89506,8275,0,668,0
2.8781590461730957,167671,87040,91856,89506,8275,0,668,0
2.8932790756225586,167671,87040,91856,89506,8275,0,668,0
2.9084339141845703,167671,87040,91856,89506,8275,0,668,0
2.923516035079956,167671,87040,91856,89506,8275,0,668,0
2.9386379718780518,167671,89088,93904,91554,8276,0,668,0
2.9536819458007812,167671,89088,93904,91554,8276,0,668,0
2.9688239097595215,167671,89088,93904,91554,8276,0,668,0
2.9839320182800293,167671,89088,93904,91554,8276,0,668,0
2.998939037322998,167671,89088,93904,91554,8276,0,668,0
3.0139100551605225,167671,89088,93904,91554,8276,0,668,0
3.02901291847229,167671,89088,93904,91554,8276,0,668,0
3.044442892074585,167671,89088,93904,91554,8276,0,668,0
3.059566020965576,167671,89088,93904,91554,8276,0,668,0
3.0746700763702393,167671,89088,93904,91554,8276,0,668,0
3.089608907699585,167671,89088,93904,91554,8276,0,668,0
3.104630947113037,167671,89088,93904,91554,8276,0,668,0
3.1196060180664062,167671,89088,93904,91554,8276,0,668,0
3.1347339153289795,167671,89088,93904,91554,8276,0,668,0
3.1498589515686035,167671,89088,93904,91554,8276,0,668,0
3.165165901184082,167671,89088,93904,91554,8276,0,668,0
3.180237054824829,167671,89088,93904,91554,8276,0,668,0
3.1954801082611084,167671,89088,93904,91554,8276,0,668,0
3.210537910461426,167671,89088,93904,91554,8276,0,668,0
3.2252819538116455,167671,91136,95952,93602,8276,0,668,0
3.2405569553375244,167671,91136,95952,93602,8277,0,668,0
3.256027936935425,167671,91136,95952,93602,8277,0,668,0
3.2711360454559326,167671,91136,95952,93602,8277,0,668,0
3.286094903945923,167671,91136,95952,93602,8277,0,668,0
3.3011209964752197,167671,91136,95952,93602,8277,0,668,0
3.316037893295288,167671,91136,95952,93602,8277,0,668,0
3.3311359882354736,167671,91136,95952,93602,8277,0,668,0
3.346208095550537,167671,93184,98000,95650,8278,0,668,0
3.3612759113311768,167671,93184,98000,95650,8278,0,668,0
3.376471996307373,167671,93184,98000,95650,8278,0,668,0
3.391494035720825,167671,93184,98000,95650,8278,0,668,0
3.406506061553955,167671,93184,98000,95650,8278,0,668,0
3.4216039180755615,167671,93184,98000,95650,8278,0,668,0
3.436650037765503,167671,93184,98000,95650,8278,0,668,0
3.452138900756836,167671,93184,98000,95650,8278,0,668,0
3.4673120975494385,167671,93184,98000,95650,8278,0,668,0
3.4825079441070557,167671,93184,98000,95650,8278,0,668,0
3.4977850914001465,167671,93184,98000,95650,8278,0,668,0
3.5127370357513428,167671,93184,98000,95650,8278,0,668,0
3.5277230739593506,167671,93184,98000,95650,8278,0,668,0
3.542649984359741,167671,93184,98000,95650,8278,0,668,0
3.5576460361480713,167671,93184,98000,95650,8278,0,668,0
3.5726630687713623,167671,93184,98000,95650,8278,0,668,0
3.5876550674438477,167671,93184,98000,95650,8278,0,668,0
3.602591037750244,167671,93184,98000,95650,8278,0,668,0
3.617604970932007,167671,93184,98000,95650,8278,0,668,0
3.63264799118042,167671,93184,98000,95650,8278,0,668,0
3.647620916366577,167671,93184,98000,95650,8278,0,668,0
3.6628730297088623,167671,95232,100048,97698,8279,0,668,0
3.6781868934631348,167671,95232,100048,97698,8279,0,668,0
3.6932260990142822,167671,95232,100048,97698,8279,0,668,0
3.708242893218994,167671,95232,100048,97698,8279,0,668,0
3.723210096359253,167671,95232,100048,97698,8279,0,668,0
3.7382709980010986,167671,95232,100048,97698,8279,0,668,0
3.7534821033477783,167671,95232,100048,97698,8279,0,668,0
3.7685511112213135,167671,95232,100048,97698,8279,0,668,0
3.783592939376831,167671,95232,100048,97698,8279,0,668,0
3.7985990047454834,167671,95232,100048,97698,8279,0,668,0
3.8136351108551025,167671,95232,100048,97698,8279,0,668,0
3.8286349773406982,167671,95232,100048,97698,8279,0,668,0
3.843733072280884,167671,95232,100048,97698,8279,0,668,0
3.8587100505828857,167671,95232,100048,97698,8279,0,668,0
3.8741018772125244,167671,95232,100048,97698,8279,0,668,0
3.889141082763672,167671,95232,100048,97698,8279,0,668,0
3.9042530059814453,167671,95232,100048,97698,8279,0,668,0
3.919245958328247,167671,95232,100048,97698,8279,0,668,0
3.934225082397461,167671,95232,100048,97698,8279,0,668,0
3.9491961002349854,167671,95232,100048,97698,8279,0,668,0
3.9642550945281982,167671,95232,100048,97698,8279,0,668,0
3.9794631004333496,167671,95232,100048,97698,8279,0,668,0
3.994546890258789,167671,95232,100048,97698,8279,0,668,0
4.009641885757446,167671,95232,100048,97698,8279,0,668,0
4.024641036987305,167671,95232,100048,97698,8279,0,668,0
4.039629936218262,167671,95232,100048,97698,8279,0,668,0
4.0546629428863525,167671,95232,100048,97698,8279,0,668,0
4.069920063018799,167671,95232,100048,97698,8279,0,668,0
4.085249900817871,167671,97280,102096,99746,8280,0,668,0
4.100555896759033,167671,97280,102096,99746,8280,0,668,0
4.1155478954315186,167671,97280,102096,99746,8280,0,668,0
4.133035898208618,167671,97280,102096,99746,8280,0,668,0
4.1479198932647705,167671,97280,102096,99746,8280,0,668,0
4.16284704208374,167671,97280,102096,99746,8280,0,668,0
4.177803993225098,167671,97280,102096,99746,8280,0,668,0
4.192641019821167,167671,97280,102096,99746,8280,0,668,0
4.2075629234313965,167671,99328,104144,101794,8281,0,668,0
4.2224719524383545,167671,99328,104144,101794,8281,0,668,0
4.237569093704224,167671,99328,104144,101794,8281,0,668,0
4.252449035644531,167671,99328,104144,101794,8281,0,668,0
4.267620086669922,167671,99328,104144,101794,8281,0,668,0
4.282994031906128,167671,99328,104144,101794,8281,0,668,0
4.298172950744629,167671,99328,104144,101794,8281,0,668,0
4.313241958618164,167671,99328,104144,101794,8281,0,668,0
4.328218936920166,167671,99328,104144,101794,8281,0,668,0
4.3431360721588135,167671,99328,104144,101794,8281,0,668,0
4.358213901519775,167671,99328,104144,101794,8281,0,668,0
4.373384952545166,167671,99328,104144,101794,8281,0,668,0
4.388515949249268,167671,99328,104144,101794,8281,0,668,0
4.4035680294036865,167671,99328,104144,101794,8281,0,668,0
4.418631076812744,167671,99328,104144,101794,8281,0,668,0
4.433624029159546,167671,99328,104144,101794,8281,0,668,0
4.44864296913147,167671,99328,104144,101794,8281,0,668,0
4.463742971420288,167671,99328,104144,101794,8281,0,668,0
4.4788289070129395,167671,99328,104144,101794,8281,0,668,0
4.49419093132019,167671,99328,104144,101794,8281,0,668,0
4.5091869831085205,167671,99328,104144,101794,8281,0,668,0
4.524164915084839,167671,101376,106192,103842,8282,0,668,0
4.5392279624938965,167671,101376,106192,103842,8282,0,668,0
4.554188013076782,167671,101376,106192,103842,8282,0,668,0
4.569313049316406,167671,101376,106192,103842,8282,0,668,0
4.584553956985474,167671,101376,106192,103842,8282,0,668,0
4.599462985992432,167671,101376,106192,103842,8282,0,668,0
4.6145429611206055,167671,101376,106192,103842,8282,0,668,0
4.629512071609497,167671,101376,106192,103842,8282,0,668,0
4.644728899002075,167671,101376,106192,103842,8282,0,668,0
4.660003900527954,167671,103424,108240,105890,8283,0,668,0
4.675240993499756,167671,103424,108240,105890,8283,0,668,0
4.690496921539307,167671,103424,108240,105890,8283,0,668,0
4.7060511112213135,167671,103424,108240,105890,8283,0,668,0
4.721273899078369,167671,103424,108240,105890,8283,0,668,0
4.736565113067627,167671,107520,112336,109986,8285,0,668,0
4.751940011978149,167671,107520,112336,109986,8285,0,668,0
4.767165899276733,167671,107520,112336,109986,8285,0,668,0
4.782342910766602,167671,107520,112336,109986,8285,0,668,0
4.797632932662964,167671,107520,112336,109986,8285,0,668,0
4.8127501010894775,167671,107520,112336,109986,8285,0,668,0
4.827862024307251,167671,107520,112336,109986,8285,0,668,0
4.843036890029907,167671,107520,112336,109986,8285,0,668,0
4.858217000961304,167671,107520,112336,109986,8285,0,668,0
4.873234987258911,167671,107520,112336,109986,8285,0,668,0
4.888549089431763,167671,107520,112336,109986,8285,0,668,0
4.903687000274658,167671,107520,112336,109986,8285,0,668,0
4.919111967086792,167671,107520,112336,109986,8285,0,668,0
4.934252977371216,167671,107520,112336,109986,8285,0,668,0
4.949469089508057,167671,107520,112336,109986,8285,0,668,0
4.964646100997925,167671,107520,112336,109986,8285,0,668,0
4.97968602180481,167671,107520,112336,109986,8285,0,668,0
4.994915008544922,167671,107520,112336,109986,8285,0,668,0
5.01012396812439,167671,107520,112336,109986,8285,0,668,0
5.025254011154175,167671,107520,112336,109986,8285,0,668,0
5.040528059005737,167671,107520,112336,109986,8285,0,668,0
5.055596113204956,167671,109568,114384,112034,8286,0,668,0
5.070709943771362,167671,109568,114384,112034,8286,0,668,0
5.0856850147247314,167671,109568,114384,112034,8286,0,668,0
5.102423906326294,167671,109568,114384,112034,8286,0,668,0
5.117331027984619,167671,109568,114384,112034,8286,0,668,0
5.132519006729126,167671,109568,114384,112034,8286,0,668,0
5.147666931152344,167671,111616,116432,114082,8287,0,668,0
5.162869930267334,167671,111616,116432,114082,8287,0,668,0
5.1779749393463135,167671,111616,116432,114082,8287,0,668,0
5.193221092224121,167671,111616,116432,114082,8287,0,668,0
5.208240032196045,167671,111616,116432,114082,8287,0,668,0
5.2233240604400635,167671,111616,116432,114082,8287,0,668,0
5.238703966140747,167671,111616,116432,114082,8287,0,668,0
5.253830909729004,167671,111616,116432,114082,8287,0,668,0
5.268909931182861,167671,111616,116432,114082,8287,0,668,0
5.283900022506714,167671,111616,116432,114082,8287,0,668,0
5.29905891418457,167671,111616,116432,114082,8287,0,668,0
5.3140950202941895,167671,111616,116432,114082,8287,0,668,0
5.3295629024505615,167671,111616,116432,114082,8287,0,668,0
5.344757080078125,167671,111616,116432,114082,8287,0,668,0
5.359729051589966,167671,111616,116432,114082,8287,0,668,0
5.374630928039551,167671,111616,116432,114082,8287,0,668,0
5.38965106010437,167671,111616,116432,114082,8287,0,668,0
5.404841899871826,167671,111616,116432,114082,8287,0,668,0
5.419888019561768,167671,111616,116432,114082,8287,0,668,0
5.4350409507751465,167671,111616,116432,114082,8287,0,668,0
5.450140953063965,167671,111616,116432,114082,8287,0,668,0
5.465145111083984,167671,111616,116432,114082,8287,0,668,0
5.479943037033081,167671,113664,118480,116130,8288,0,668,0
5.495577096939087,167671,113664,118480,116130,8288,0,668,0
5.510658025741577,167671,113664,118480,116130,8288,0,668,0
5.525577068328857,167671,113664,118480,116130,8288,0,668,0
5.540833950042725,167671,113664,118480,116130,8288,0,668,0
5.556010007858276,167671,115712,120528,118178,8289,0,668,0
5.571199893951416,167671,115712,120528,118178,8289,0,668,0
5.586564064025879,167671,115712,120528,118178,8289,0,668,0
5.601677894592285,167671,115712,120528,118178,8289,0,668,0
5.616491079330444,167671,115712,120528,118178,8289,0,668,0
5.6313910484313965,167671,115712,120528,118178,8289,0,668,0
5.646580934524536,167671,115712,120528,118178,8289,0,668,0
5.661722898483276,167671,115712,120528,118178,8289,0,668,0
5.676862955093384,167671,115712,120528,118178,8289,0,668,0
5.6919050216674805,167671,115712,120528,118178,8289,0,668,0
5.707012891769409,167671,115712,120528,118178,8289,0,668,0
5.722105979919434,167671,115712,120528,118178,8289,0,668,0
5.737214088439941,167671,115712,120528,118178,8289,0,668,0
5.752657890319824,167671,115712,120528,118178,8289,0,668,0
5.767782926559448,167671,115712,120528,118178,8289,0,668,0
5.782774925231934,167671,115712,120528,118178,8289,0,668,0
5.797703981399536,167671,115712,120528,118178,8289,0,668,0
5.812654972076416,167671,115712,120528,118178,8289,0,668,0
5.8278350830078125,167671,115712,120528,118178,8289,0,668,0
5.842881917953491,167671,115712,120528,118178,8289,0,668,0
5.857932090759277,167671,115712,120528,118178,8289,0,668,0
5.87291407585144,167671,115712,120528,118178,8289,0,668,0
5.888175010681152,167671,115712,120528,118178,8289,0,668,0
5.9031689167022705,167671,117760,122576,120226,8290,0,668,0
5.91841197013855,167671,117760,122576,120226,8290,0,668,0
5.933608055114746,167671,117760,122576,120226,8290,0,668,0
5.94897198677063,167671,117760,122576,120226,8290,0,668,0
5.964102029800415,167671,117760,122576,120226,8290,0,668,0
5.979208946228027,167671,119808,124624,122274,8291,0,668,0
5.994559049606323,167671,119808,124624,122274,8291,0,668,0
6.009644031524658,167671,119808,124624,122274,8291,0,668,0
6.02470588684082,167671,119808,124624,122274,8291,0,668,0
6.039760112762451,167671,119808,124624,122274,8291,0,668,0
6.054774045944214,167671,119808,124624,122274,8291,0,668,0
6.070302963256836,167671,119808,124624,122274,8291,0,668,0
6.085270881652832,167671,119808,124624,122274,8291,0,668,0
6.100122928619385,167671,119808,124624,122274,8291,0,668,0
6.115056991577148,167671,119808,124624,122274,8291,0,668,0
6.130192995071411,167671,119808,124624,122274,8291,0,668,0
6.145147085189819,167671,119808,124624,122274,8291,0,668,0
6.160650014877319,167671,119808,124624,122274,8291,0,668,0
6.17588996887207,167671,119808,124624,122274,8291,0,668,0
6.1909520626068115,167671,119808,124624,122274,8291,0,668,0
6.205980062484741,167671,119808,124624,122274,8291,0,668,0
6.221029043197632,167671,119808,124624,122274,8291,0,668,0
6.236107110977173,167671,119808,124624,122274,8291,0,668,0
6.2512428760528564,167671,119808,124624,122274,8291,0,668,0
6.266213893890381,167671,119808,124624,122274,8291,0,668,0
6.281248092651367,167671,119808,124624,122274,8291,0,668,0
6.296313047409058,167671,119808,124624,122274,8291,0,668,0
6.311530113220215,167671,119808,124624,122274,8291,0,668,0
6.326659917831421,167671,121856,126672,124322,8292,0,668,0
6.341728925704956,167671,121856,126672,124322,8292,0,668,0
6.356693983078003,167671,121856,126672,124322,8292,0,668,0
6.371817111968994,167671,121856,126672,124322,8292,0,668,0
6.386635065078735,167671,121856,126672,124322,8292,0,668,0
6.401948928833008,167671,123904,128720,126370,8293,0,668,0
6.4169769287109375,167671,123904,128720,126370,8293,0,668,0
6.432024002075195,167671,123904,128720,126370,8293,0,668,0
6.446799993515015,167671,123904,128720,126370,8293,0,668,0
6.461874008178711,167671,123904,128720,126370,8293,0,668,0
6.477021932601929,167671,123904,128720,126370,8293,0,668,0
6.491883993148804,167671,123904,128720,126370,8293,0,668,0
6.506953954696655,167671,123904,128720,126370,8293,0,668,0
6.521986961364746,167671,123904,128720,126370,8293,0,668,0
6.5371809005737305,167671,123904,128720,126370,8293,0,668,0
6.552242040634155,167671,123904,128720,126370,8293,0,668,0
6.567528009414673,167671,123904,128720,126370,8293,0,668,0
6.582856893539429,167671,123904,128720,126370,8293,0,668,0
6.598022937774658,167671,123904,128720,126370,8293,0,668,0
6.613116025924683,167671,123904,128720,126370,8293,0,668,0
6.62820291519165,167671,123904,128720,126370,8293,0,668,0
6.643407106399536,167671,123904,128720,126370,8293,0,668,0
6.6586549282073975,167671,123904,128720,126370,8293,0,668,0
6.682190895080566,167671,123904,128720,126370,8293,0,668,0
6.71030592918396,167671,123904,128720,126370,8293,0,668,0
6.756572961807251,167671,123904,128720,126370,8293,0,668,0
6.777811050415039,167671,123904,128720,126370,8293,0,668,0
6.7931969165802,167671,125952,130768,128418,8294,0,669,0
6.808470964431763,167671,125952,130768,128418,8294,0,669,0
6.823537111282349,167671,125952,130768,128418,8294,0,669,0
6.838721036911011,167671,125952,130768,128418,8294,0,669,0
6.853691101074219,167671,125952,130768,128418,8294,0,669,0
6.869021892547607,167671,125952,130768,128418,8294,0,669,0
6.8840858936309814,167671,125952,130768,128418,8294,0,669,0
6.8991498947143555,167671,125952,130768,128418,8294,0,669,0
6.914216041564941,167671,125952,130768,128418,8294,0,669,0
6.9295289516448975,167671,125952,130768,128418,8294,0,669,0
6.944602012634277,167671,125952,130768,128418,8294,0,669,0
6.959662914276123,167671,125952,130768,128418,8294,0,669,0
6.974644899368286,167671,125952,130768,128418,8294,0,669,0
6.990097999572754,167671,125952,130768,128418,8294,0,669,0
7.005184888839722,167671,125952,130768,128418,8294,0,669,0
7.020104885101318,167671,125952,130768,128418,8294,0,669,0
7.0350260734558105,167671,125952,130768,128418,8294,0,669,0
7.050306081771851,167671,125952,130768,128418,8294,0,669,0
7.06544303894043,167671,125952,130768,128418,8294,0,669,0
7.080594062805176,167671,127024,131792,129490,8562,0,669,0
7.096019983291626,167671,149552,156416,152018,8582,0,669,0
7.111836910247803,167671,184368,189184,186834,8611,0,670,0
7.127784013748169,167671,194608,199424,197074,8616,0,670,0
7.143476963043213,167671,201888,208752,204354,8619,0,670,0
7.15920090675354,167671,210080,216944,212546,8624,0,670,0
7.174592971801758,167671,220320,225136,222786,8629,0,670,0
7.190221071243286,167671,234656,241520,237122,8636,0,671,0
7.20583701133728,167671,240800,245616,243266,8639,0,671,0
7.222321033477783,167671,265376,278384,267842,8649,0,672,0
7.238646030426025,167671,390304,397168,392770,8709,0,674,0
7.255901098251343,167671,392352,397168,394818,8713,0,674,0
7.2727251052856445,167671,408736,415600,411202,8721,0,674,0
7.288470983505249,167671,410784,415600,413250,8722,0,674,0
7.303980112075806,167671,410784,415600,413250,8722,0,674,0
7.319056034088135,167671,410784,415600,413250,8722,0,674,0
7.334140062332153,167671,412832,417648,415298,8723,0,674,0
7.349569082260132,167671,416928,421744,419394,8725,0,674,0
7.364681005477905,167671,418976,423792,421442,8726,0,674,0
7.379719018936157,167671,420900,425712,423366,9207,0,675,0
7.395402908325195,167671,425572,430320,428038,10375,0,675,0
7.411871910095215,167671,421032,425848,423498,10376,0,675,0
7.427293062210083,167671,429224,434040,431690,10380,0,675,0
7.443033933639526,167671,435368,440184,437834,10383,0,675,0
7.458616018295288,167671,435368,440184,437834,10383,0,675,0
7.473994970321655,167671,441512,446328,443978,10386,0,675,0
7.489931106567383,167671,449704,454520,452170,10390,0,675,0
7.505621910095215,167671,457896,462712,460362,10394,0,676,0
7.521466970443726,167671,457896,462712,460362,10394,0,676,0
7.536971092224121,167671,457896,462712,460362,10394,0,676,0
7.5522260665893555,167671,457896,462712,460362,10394,0,676,0
7.567264080047607,167671,457896,462712,460362,10394,0,676,0
7.582326889038086,167671,457896,462712,460362,10394,0,676,0
7.59743595123291,167671,457896,462712,460362,10394,0,676,0
7.612612009048462,167671,457896,462712,460362,10394,0,676,0
7.627863883972168,167671,457896,462712,460362,10394,0,676,0
7.643218994140625,167671,457896,462712,460362,10394,0,676,0
7.658693075180054,167671,457896,462712,460362,10394,0,676,0
7.674122095108032,167671,459944,464760,462410,10395,0,676,0
7.689631938934326,167671,459944,464760,462410,10395,0,676,0
7.704941987991333,167671,459944,464760,462410,10395,0,676,0
7.720205068588257,167671,459944,464760,462410,10395,0,676,0
7.735553026199341,167671,466088,470904,468554,10398,0,676,0
7.751262903213501,167671,466088,470904,468554,10398,0,676,0
7.766700983047485,167671,468136,472952,470602,10399,0,676,0
7.78180193901062,167671,472232,477048,474698,10401,0,676,0
7.797033071517944,167671,472232,477048,474698,10401,0,676,0
7.812144041061401,167671,472388,477176,474854,10440,0,676,0
7.827867031097412,167671,472388,477176,474854,10440,0,676,0
7.8428568840026855,167671,472388,477176,474854,10440,0,676,0
7.857836008071899,167671,472388,477176,474854,10440,0,676,0
7.8728508949279785,167671,472108,476928,474574,10440,0,676,0
7.8878350257873535,167671,472108,476928,474574,10440,0,676,0
7.903073072433472,167671,472108,476928,474574,10440,0,676,0
7.9181969165802,167671,472108,476928,474574,10440,0,676,0
7.933444023132324,167671,472108,476928,474574,10440,0,676,0
7.948455095291138,167671,472108,476928,474574,10440,0,676,0
7.963633060455322,167671,472108,476928,474574,10440,0,676,0
7.978708028793335,167671,472172,476928,474638,10456,0,676,0
7.993916988372803,167671,472172,476928,474638,10456,0,676,0
8.009082078933716,167671,472172,476928,474638,10456,0,676,0
8.024787902832031,167671,474220,479036,476686,10457,0,676,0
8.040755033493042,167671,474220,479036,476686,10457,0,676,0
8.056255102157593,167671,474220,479036,476686,10457,0,676,0
8.071728944778442,167671,474220,479036,476686,10457,0,676,0
8.08698296546936,167671,474220,479036,476686,10457,0,676,0
8.102283954620361,167671,474220,479036,476686,10457,0,676,0
8.11775803565979,167671,474220,479036,476686,10457,0,676,0
8.133208990097046,167671,474284,479036,476750,10473,0,676,0
8.152719974517822,167671,474284,479036,476750,10473,0,676,0
8.178929090499878,167671,474284,479036,476750,10473,0,676,0
8.204243898391724,167671,474284,479036,476750,10473,0,676,0
8.257282018661499,167671,474284,479036,476750,10473,0,676,0
8.287395000457764,167671,474284,479036,476750,10473,0,676,0
8.314430952072144,167671,474284,479036,476750,10473,0,676,0
8.35508394241333,167671,474284,479036,476750,10473,0,676,0
8.378712892532349,167671,474284,479036,476750,10473,0,676,0
8.411398887634277,167671,474284,479036,476750,10473,0,676,0
8.435206890106201,167671,474284,479036,476750,10473,0,676,0
8.45732593536377,167671,474284,479036,476750,10473,0,676,0
8.473093032836914,167671,474284,479036,476750,10473,0,676,0
8.4894700050354,167671,474284,479036,476750,10473,0,676,0
8.505944967269897,167671,474284,479036,476750,10473,0,676,0
8.522386074066162,167671,474284,479036,476750,10473,0,676,0
8.538014888763428,167671,474284,479036,476750,10473,0,676,0
8.553339958190918,167671,474284,479036,476750,10473,0,676,0
8.56872010231018,167671,474284,479036,476750,10473,0,676,0
8.583988904953003,167671,474284,479036,476750,10473,0,676,0
8.599325895309448,167671,474284,479036,476750,10473,0,676,0
8.614681959152222,167671,474284,479036,476750,10473,0,676,0
8.63917088508606,167671,474284,479036,476750,10473,0,676,0
8.673468112945557,167671,474284,479036,476750,10473,0,676,0
8.699501991271973,167671,474284,479036,476750,10473,0,676,0
8.726753950119019,167671,474284,479036,476750,10473,0,676,0
8.74763298034668,167671,474284,479036,476750,10473,0,676,0
8.772955894470215,167671,474284,479036,476750,10473,0,676,0
8.810436010360718,167671,474284,479036,476750,10473,0,676,0
8.841617107391357,167671,474284,479036,476750,10473,0,676,0
8.871371030807495,167671,474284,479036,476750,10473,0,676,0
8.891489028930664,167671,474284,479036,476750,10473,0,676,0
8.906863927841187,167671,474284,479036,476750,10473,0,676,0
8.922152042388916,167671,474284,479036,476750,10473,0,676,0
8.93747591972351,167671,474284,479036,476750,10473,0,676,0
8.952833890914917,167671,474332,479036,476798,10485,0,676,0
8.968476057052612,167671,474332,479036,476798,10485,0,676,0
8.985455989837646,167671,480476,485292,482942,10488,0,676,0
9.001123905181885,167671,480476,485292,482942,10488,0,676,0
9.01642894744873,167671,482524,487340,484990,10489,0,676,0
9.031797885894775,167671,482524,487340,484990,10489,0,676,0
9.047170877456665,167671,482524,487340,484990,10489,0,676,0
9.062432050704956,167671,482524,487340,484990,10489,0,676,0
9.078232049942017,167671,482524,487340,484990,10489,0,676,0
9.093843936920166,167671,482524,487340,484990,10489,0,676,0
9.109214067459106,167671,482524,487340,484990,10489,0,676,0
9.124603033065796,167671,482524,487340,484990,10489,0,676,0
9.140047073364258,167671,482524,487340,484990,10489,0,676,0
9.155524015426636,167671,482656,487468,485122,10522,0,676,0
9.171003103256226,167671,482720,487468,485186,10538,0,676,0
9.186695098876953,167671,482720,487468,485186,10538,0,676,0
9.202325105667114,167671,482720,487468,485186,10538,0,676,0
9.21802306175232,167671,482720,487468,485186,10538,0,676,0
9.233452081680298,167671,482720,487468,485186,10538,0,676,0
9.248828887939453,167671,482720,487468,485186,10538,0,676,0
9.264370918273926,167671,482720,487468,485186,10538,0,676,0
9.280075073242188,167671,482720,487468,485186,10538,0,676,0
9.295483112335205,167671,482720,487468,485186,10538,0,676,0
9.310885906219482,167671,482720,487468,485186,10538,0,676,0
9.326324939727783,167671,482720,487468,485186,10538,0,676,0
9.34168004989624,167671,482720,487468,485186,10538,0,676,0
9.356789112091064,167671,482784,487596,485250,10554,0,676,0
9.372143983840942,167671,482784,487596,485250,10554,0,676,0
9.387619972229004,167671,482784,487596,485250,10554,0,676,0
9.403006076812744,167671,482784,487596,485250,10554,0,676,0
9.41823697090149,167671,482784,487596,485250,10554,0,676,0
9.433443069458008,167671,482784,487596,485250,10554,0,676,0
9.448743104934692,167671,482784,487596,485250,10554,0,676,0
9.464058876037598,167671,482784,487596,485250,10554,0,676,0
9.479312896728516,167671,482784,487596,485250,10554,0,676,0
9.495255947113037,167671,482784,487596,485250,10554,0,676,0
9.510832071304321,167671,482788,487596,485254,10555,0,676,0
9.52668809890747,167671,482788,487596,485254,10555,0,676,0
9.54227590560913,167671,482788,487596,485254,10555,0,676,0
9.557869911193848,167671,482788,487596,485254,10555,0,676,0
9.57367205619812,167671,482788,487596,485254,10555,0,676,0
9.589664936065674,167671,484836,489652,487302,10556,0,676,0
9.605499029159546,167671,484836,489652,487302,10556,0,676,0
9.621277093887329,167671,484836,491700,487302,10556,0,676,0
9.637120962142944,167671,495076,499892,497542,10561,0,676,0
9.653104066848755,167671,495076,499892,497542,10561,0,676,0
9.669291019439697,167671,495076,499892,497542,10561,0,676,0
9.685187101364136,167671,495076,499892,497542,10561,0,676,0
9.701092958450317,167671,495076,499892,497542,10561,0,676,0
9.717071056365967,167671,495076,499892,497542,10561,0,676,0
9.73277997970581,167671,495076,499892,497542,10561,0,676,0
9.748646020889282,167671,495076,499892,497542,10561,0,676,0
9.764456033706665,167671,495076,499892,497542,10561,0,676,0
9.779965877532959,167671,495076,499892,497542,10561,0,676,0
9.795687913894653,167671,495076,499892,497542,10561,0,676,0
9.811454057693481,167671,495076,499892,497542,10561,0,676,0
9.827087879180908,167671,495076,499892,497542,10561,0,676,0
9.842591047286987,167671,495076,499892,497542,10561,0,676,0
9.858175992965698,167671,495076,499892,497542,10561,0,676,0
9.873779058456421,167671,495076,499892,497542,10561,0,676,0
9.889431953430176,167671,495076,499892,497542,10561,0,676,0
9.905432939529419,167671,495076,499892,497542,10561,0,676,0
9.921186923980713,167671,495076,499892,497542,10561,0,676,0
9.93677806854248,167671,495076,499892,497542,10561,0,676,0
9.952408075332642,167671,495076,499892,497542,10561,0,676,0
9.96823787689209,167671,495076,499892,497542,10561,0,676,0
9.983825922012329,167671,495076,499892,497542,10561,0,676,0
9.99959111213684,167671,495076,499892,497542,10561,0,676,0
10.015413045883179,167671,495076,499892,497542,10561,0,676,0
10.031142950057983,167671,495076,499892,497542,10561,0,676,0
10.04719591140747,167671,497124,501940,499590,10562,0,676,0
10.063072919845581,167671,497124,501940,499590,10562,0,676,0
10.07880687713623,167671,497124,501940,499590,10562,0,676,0
10.094667911529541,167671,499172,503988,501638,10563,0,676,0
10.110680103302002,167671,501220,506036,503686,10564,0,676,0
10.126734972000122,167671,503268,508084,505734,10565,0,676,0
10.142673015594482,167671,503268,508084,505734,10565,0,676,0
10.15887999534607,167671,503268,508084,505734,10565,0,676,0
10.17472505569458,167671,505316,510132,507782,10566,0,676,0
10.19062089920044,167671,505316,510132,507782,10566,0,676,0
10.206265926361084,167671,505316,510132,507782,10566,0,676,0
10.222037076950073,167671,505316,510132,507782,10566,0,676,0
10.237682104110718,167671,505316,510132,507782,10566,0,676,0
10.253391027450562,167671,505316,510132,507782,10566,0,676,0
10.269129037857056,167671,505316,510132,507782,10566,0,676,0
10.284828901290894,167671,511460,516276,513926,10569,0,676,0
10.300611972808838,167671,513508,518324,515974,10570,0,676,0
10.316405057907104,167671,515556,520372,518022,10570,0,676,0
10.33220100402832,167671,515556,520372,518022,10571,0,676,0
10.34778904914856,167671,515556,520372,518022,10571,0,676,0
10.363678932189941,167671,515556,520372,518022,10571,0,676,0
10.379513025283813,167671,515556,520372,518022,10571,0,676,0
10.395112991333008,167671,515556,520372,518022,10571,0,676,0
10.410871028900146,167671,515556,520372,518022,10571,0,676,0
10.42665696144104,167671,517604,522420,520070,10572,0,676,0
10.44258999824524,167671,517604,522420,520070,10572,0,676,0
10.458065032958984,167671,517604,522420,520070,10572,0,676,0
10.473577976226807,167671,517604,522420,520070,10572,0,676,0
10.489031076431274,167671,517604,522420,520070,10572,0,676,0
10.504724025726318,167671,517604,522420,520070,10572,0,676,0
10.520334005355835,167671,517604,522420,520070,10572,0,676,0
10.535912990570068,167671,517604,522420,520070,10572,0,676,0
10.551729917526245,167671,517604,522420,520070,10572,0,676,0
10.567589044570923,167671,517604,522420,520070,10572,0,676,0
10.58338189125061,167671,517604,522420,520070,10572,0,676,0
10.599180936813354,167671,517604,522420,520070,10572,0,676,0
10.61487889289856,167671,517604,522420,520070,10572,0,676,0
10.630753993988037,167671,517604,522420,520070,10572,0,676,0
10.646701097488403,167671,517604,522420,520070,10572,0,676,0
10.662422895431519,167671,517604,522420,520070,10572,0,676,0
10.67805290222168,167671,517604,522420,520070,10572,0,676,0
10.693685054779053,167671,517668,522420,520134,10588,0,676,0
10.709129095077515,167671,517668,522420,520134,10588,0,676,0
10.724698066711426,167671,517668,522420,520134,10588,0,676,0
10.74019193649292,167671,519716,524532,522182,10588,0,677,0
10.755868911743164,167671,519716,524532,522182,10589,0,677,0
10.772008895874023,167671,519716,524532,522182,10589,0,677,0
10.78767991065979,167671,519780,524532,522246,10605,0,677,0
10.803322076797485,167671,519780,524532,522246,10605,0,677,0
10.818883895874023,167671,519780,524532,522246,10605,0,677,0
10.834573984146118,167671,519780,524532,522246,10605,0,677,0
10.850208044052124,167671,519780,524532,522246,10605,0,677,0
10.865775108337402,167671,527972,532788,530438,10609,0,677,0
10.88152003288269,167671,527972,532788,530438,10609,0,677,0
10.897067070007324,167671,530020,534836,532486,10610,0,677,0
10.912760019302368,167671,530020,534836,532486,10610,0,677,0
10.928637981414795,167671,530020,534836,532486,10610,0,677,0
10.944470882415771,167671,530020,534836,532486,10610,0,677,0
10.96005892753601,167671,530020,534836,532486,10610,0,677,0
10.9756019115448,167671,532068,536884,534534,10611,0,677,0
10.991214036941528,167671,532068,536884,534534,10611,0,677,0
11.006649017333984,167671,532068,536884,534534,10611,0,677,0
11.022088050842285,167671,532068,536884,534534,10611,0,677,0
11.037503957748413,167671,532068,536884,534534,10611,0,677,0
11.052788019180298,167671,534116,538932,536582,10612,0,677,0
11.068164110183716,167671,534116,538932,536582,10612,0,677,0
11.08359694480896,167671,534116,538932,536582,10612,0,677,0
11.098953008651733,167671,534116,538932,536582,10612,0,677,0
11.114278078079224,167671,534116,538932,536582,10612,0,677,0
11.128753900527954,167671,536164,540980,538630,10613,0,677,0
11.144257068634033,167671,536164,540980,538630,10613,0,677,0
11.160247087478638,167671,536164,540980,538630,10613,0,677,0
11.17583703994751,167671,536164,540980,538630,10613,0,677,0
11.191540956497192,167671,536164,540980,538630,10613,0,677,0
11.207144021987915,167671,536164,540980,538630,10613,0,677,0
11.222723960876465,167671,536164,540980,538630,10613,0,677,0
11.238754987716675,167671,536164,540980,538630,10613,0,677,0
11.25451397895813,167671,536164,540980,538630,10613,0,677,0
11.270092010498047,167671,536164,540980,538630,10613,0,677,0
11.285681962966919,167671,536164,540980,538630,10613,0,677,0
11.301156044006348,167671,538212,543028,540678,10614,0,677,0
11.316807985305786,167671,538212,543028,540678,10614,0,677,0
11.332503080368042,167671,540260,545076,542726,10615,0,677,0
11.34819507598877,167671,540260,545076,542726,10615,0,677,0
11.364145994186401,167671,540260,545076,542726,10615,0,677,0
11.379762887954712,167671,540260,545076,542726,10615,0,677,0
11.39553689956665,167671,540260,545076,542726,10615,0,677,0
11.411093950271606,167671,542308,547124,544774,10616,0,677,0
11.426677942276001,167671,542308,547124,544774,10616,0,677,0
11.442244052886963,167671,542308,547124,544774,10616,0,677,0
11.457681894302368,167671,542308,547124,544774,10616,0,677,0
11.473081111907959,167671,542308,547124,544774,10616,0,677,0
11.488599061965942,167671,542308,547124,544774,10616,0,677,0
11.504045009613037,167671,542308,547124,544774,10616,0,677,0
11.519633054733276,167671,542308,547124,544774,10616,0,677,0
11.53515911102295,167671,542308,547124,544774,10616,0,677,0
11.550647974014282,167671,542308,547124,544774,10616,0,677,0
11.56651496887207,167671,542308,547124,544774,10616,0,677,0
11.581953048706055,167671,542308,547124,544774,10616,0,677,0
11.597161054611206,167671,542308,547124,544774,10616,0,677,0
11.612725019454956,167671,544356,549172,546822,10617,0,677,0
11.628343105316162,167671,544356,549172,546822,10617,0,677,0
11.64401388168335,167671,544356,549172,546822,10617,0,677,0
11.659749031066895,167671,546404,551220,548870,10618,0,677,0
11.675790071487427,167671,546404,551220,548870,10618,0,677,0
11.691189050674438,167671,548452,553268,550918,10619,0,677,0
11.706755876541138,167671,548452,553268,550918,10619,0,677,0
11.7223060131073,167671,550500,555316,552966,10620,0,677,0
11.737850904464722,167671,550500,555316,552966,10620,0,677,0
11.753630876541138,167671,550500,555316,552966,10620,0,677,0
11.76901888847351,167671,550500,555316,552966,10620,0,677,0
11.784416913986206,167671,550500,555316,552966,10620,0,677,0
11.799753904342651,167671,550660,555444,553126,10660,0,677,0
11.81526803970337,167671,550660,555444,553126,10660,0,677,0
11.830701112747192,167671,550660,555444,553126,10660,0,677,0
11.846057891845703,167671,550660,555444,553126,10660,0,677,0
11.861272096633911,167671,552576,557392,555042,10661,0,678,0
11.876792907714844,167671,554624,561488,557090,10662,0,678,0
11.892308950424194,167671,556672,561488,559138,10663,0,678,0
11.90968108177185,167671,556808,561616,559274,10697,0,678,0
11.925182104110718,167671,556808,561616,559274,10697,0,678,0
11.940592050552368,167671,556808,561616,559274,10697,0,678,0
11.95603609085083,167671,556808,561616,559274,10697,0,678,0
11.971492052078247,167671,556652,561468,559118,10697,0,678,0
11.98722791671753,167671,556652,561468,559118,10697,0,678,0
12.002593994140625,167671,558700,563516,561166,10698,0,678,0
12.017961978912354,167671,560748,565564,563214,10699,0,678,0
12.033217906951904,167671,562796,569660,565262,10699,0,678,0
12.048696041107178,167671,564844,569660,567310,10701,0,678,0
12.064079999923706,167671,566892,571708,569358,10702,0,678,0
12.079554080963135,167671,568940,573756,571406,10703,0,678,0
12.094994068145752,167671,570988,577852,573454,10704,0,678,0
12.11037802696228,167671,573036,577852,575502,10705,0,678,0
12.125788927078247,167671,573036,577852,575502,10705,0,678,0
12.141215085983276,167671,573036,577852,575502,10705,0,678,0
12.156713008880615,167671,573036,577852,575502,10705,0,678,0
12.172066926956177,167671,573036,577852,575502,10705,0,678,0
12.187411069869995,167671,575084,579900,577550,10706,0,678,0
12.202971935272217,167671,575084,579900,577550,10706,0,678,0
12.218301057815552,167671,577132,581948,579598,10707,0,678,0
12.233970880508423,167671,577132,581948,579598,10707,0,678,0
12.249413013458252,167671,577132,581948,579598,10707,0,678,0
12.264856100082397,167671,577132,581948,579598,10707,0,678,0
12.28025507926941,167671,577132,581948,579598,10707,0,678,0
12.295691013336182,167671,577132,581948,579598,10707,0,678,0
12.31107211112976,167671,577132,581948,579598,10707,0,678,0
12.326565980911255,167671,577132,581948,579598,10707,0,678,0
12.34185004234314,167671,577132,581948,579598,10707,0,678,0
12.357053995132446,167671,577132,581948,579598,10707,0,678,0
12.372246980667114,167671,577132,581948,579598,10707,0,678,0
12.387753963470459,167671,577132,581948,579598,10707,0,678,0
12.403424978256226,167671,577132,581948,579598,10707,0,678,0
12.419037103652954,167671,577132,581948,579598,10707,0,678,0
12.434478044509888,167671,577132,581948,579598,10707,0,678,0
12.450134038925171,167671,577132,581948,579598,10707,0,678,0
12.465775966644287,167671,577132,581948,579598,10707,0,678,0
12.481252908706665,167671,579180,586044,581646,10708,0,678,0
12.496771097183228,167671,581228,586044,583694,10709,0,678,0
12.512199878692627,167671,581228,586044,583694,10709,0,678,0
12.527533054351807,167671,581228,586044,583694,10709,0,678,0
12.542757034301758,167671,581228,586044,583694,10709,0,678,0
12.558096885681152,167671,581228,586044,583694,10709,0,678,0
12.57375693321228,167671,581228,586044,583694,10709,0,678,0
12.589245080947876,167671,581228,586044,583694,10709,0,678,0
12.604733943939209,167671,581228,586044,583694,10709,0,678,0
12.620304107666016,167671,581228,586044,583694,10709,0,678,0
12.635754108428955,167671,585324,590140,587790,10711,0,678,0
12.651298999786377,167671,589420,594236,591886,10713,0,678,0
12.666786909103394,167671,591468,598332,593934,10714,0,678,0
12.682218074798584,167671,593516,598332,595982,10715,0,678,0
12.697551965713501,167671,593516,598332,595982,10715,0,678,0
12.712790966033936,167671,593516,598332,595982,10715,0,678,0
12.727921962738037,167671,593516,598332,595982,10715,0,678,0
12.742949962615967,167671,593516,598332,595982,10715,0,678,0
12.758264064788818,167671,593516,598332,595982,10715,0,678,0
12.773706912994385,167671,593516,598332,595982,10715,0,678,0
12.789017915725708,167671,593516,598332,595982,10715,0,678,0
12.804289102554321,167671,593516,598332,595982,10715,0,678,0
12.819833993911743,167671,593516,598332,595982,10715,0,678,0
12.835141897201538,167671,593516,598332,595982,10715,0,678,0
12.850552082061768,167671,593516,598332,595982,10715,0,678,0
12.865725040435791,167671,593516,598332,595982,10715,0,678,0
12.882857084274292,167671,593516,598332,595982,10715,0,678,0
12.898124933242798,167671,593516,598332,595982,10715,0,678,0
12.913639068603516,167671,593516,598332,595982,10715,0,678,0
12.9291250705719,167671,595564,600380,598030,10716,0,678,0
12.944561004638672,167671,595564,600380,598030,10716,0,678,0
12.959776878356934,167671,595564,600380,598030,10716,0,678,0
12.97487998008728,167671,595564,600380,598030,10716,0,678,0
12.989912986755371,167671,595564,600380,598030,10716,0,678,0
13.004873991012573,167671,595564,600380,598030,10716,0,678,0
13.020324945449829,167671,595564,600380,598030,10716,0,678,0
13.035614967346191,167671,595564,600380,598030,10716,0,678,0
13.05078411102295,167671,595564,600380,598030,10716,0,678,0
13.065814018249512,167671,595564,600380,598030,10716,0,678,0
13.080919027328491,167671,595564,600380,598030,10716,0,678,0
13.095902919769287,167671,595564,600380,598030,10716,0,678,0
13.110873937606812,167671,595564,600380,598030,10716,0,678,0
13.125919103622437,167671,595564,600380,598030,10716,0,678,0
13.140861988067627,167671,595564,600380,598030,10716,0,678,0
13.155917882919312,167671,595564,600380,598030,10716,0,678,0
13.170963048934937,167671,595564,600380,598030,10716,0,678,0
13.186287879943848,167671,595564,600380,598030,10716,0,678,0
13.201551914215088,167671,595564,600380,598030,10716,0,678,0
13.216691017150879,167671,595564,600380,598030,10716,0,678,0
13.231976985931396,167671,595564,600380,598030,10716,0,678,0
13.247245073318481,167671,595564,600380,598030,10716,0,678,0
13.262509107589722,167671,595564,600380,598030,10716,0,678,0
13.277919054031372,167671,595564,600380,598030,10716,0,678,0
13.293018102645874,167671,595564,600380,598030,10716,0,678,0
13.308326005935669,167671,595564,600380,598030,10716,0,678,0
13.323487043380737,167671,595564,600380,598030,10716,0,678,0
13.338483095169067,167671,595564,600380,598030,10716,0,678,0
13.353662014007568,167671,595564,600380,598030,10716,0,678,0
13.368767023086548,167671,595564,600380,598030,10716,0,678,0
13.38370394706726,167671,595564,600380,598030,10716,0,678,0
13.398797988891602,167671,595564,600380,598030,10716,0,678,0
13.413758993148804,167671,595564,600380,598030,10716,0,678,0
13.428822994232178,167671,595564,600380,598030,10716,0,678,0
13.444238901138306,167671,595564,600380,598030,10716,0,678,0
13.459378957748413,167671,595564,600380,598030,10716,0,678,0
13.474579095840454,167671,595564,600380,598030,10716,0,678,0
13.489841938018799,167671,595564,600380,598030,10716,0,678,0
13.504873037338257,167671,595564,600380,598030,10716,0,678,0
13.519861936569214,167671,595564,600380,598030,10716,0,678,0
13.534782886505127,167671,595564,600380,598030,10716,0,678,0
13.549820899963379,167671,595564,600380,598030,10716,0,678,0
13.564724922180176,167671,595564,600380,598030,10716,0,678,0
13.579807996749878,167671,595564,600380,598030,10716,0,678,0
13.59487509727478,167671,595564,600380,598030,10716,0,678,0
13.609860897064209,167671,595564,600380,598030,10716,0,678,0
13.624814987182617,167671,595564,600380,598030,10716,0,678,0
13.640214920043945,167671,595564,600380,598030,10716,0,678,0
13.655761957168579,167671,595564,600380,598030,10716,0,678,0
13.670784950256348,167671,595564,600380,598030,10716,0,678,0
13.685787916183472,167671,595564,600380,598030,10716,0,678,0
13.70081090927124,167671,595564,600380,598030,10716,0,678,0
13.715807914733887,167671,595564,600380,598030,10716,0,678,0
13.730814933776855,167671,595564,600380,598030,10716,0,678,0
13.746327877044678,167671,595564,600380,598030,10716,0,678,0
13.761634111404419,167671,595564,600380,598030,10716,0,678,0
13.776835918426514,167671,595564,600380,598030,10716,0,678,0
13.791801929473877,167671,595564,600380,598030,10716,0,678,0
13.806854963302612,167671,595564,600380,598030,10716,0,678,0
13.821889877319336,167671,595564,600380,598030,10716,0,678,0
13.836833000183105,167671,595564,600380,598030,10716,0,678,0
13.855223894119263,167671,595564,600380,598030,10716,0,678,0
13.870537996292114,167671,595564,600380,598030,10716,0,678,0
13.88567590713501,167671,595564,600380,598030,10716,0,678,0
13.900734901428223,167671,595564,600380,598030,10716,0,678,0
13.915805101394653,167671,595564,600380,598030,10716,0,678,0
13.930779933929443,167671,595564,600380,598030,10716,0,678,0
13.945838928222656,167671,595564,600380,598030,10716,0,678,0
13.960869073867798,167671,595564,600380,598030,10716,0,678,0
13.975805044174194,167671,595564,600380,598030,10716,0,678,0
13.990825891494751,167671,595564,600380,598030,10716,0,678,0
14.006217002868652,167671,595564,600380,598030,10716,0,678,0
14.021414995193481,167671,595564,600380,598030,10716,0,678,0
14.036709070205688,167671,595564,600380,598030,10716,0,678,0
14.051805973052979,167671,595564,600380,598030,10716,0,678,0
14.06721806526184,167671,595564,600380,598030,10716,0,678,0
14.082539081573486,167671,595564,600380,598030,10716,0,678,0
14.097753047943115,167671,595564,600380,598030,10716,0,678,0
14.112792015075684,167671,595564,600380,598030,10716,0,678,0
14.127821922302246,167671,595564,600380,598030,10716,0,678,0
14.143059968948364,167671,597612,604476,600078,10717,0,678,0
14.158533096313477,167671,605804,610620,608270,10721,0,678,0
14.17408299446106,167671,613996,618812,616462,10725,0,678,0
14.189671993255615,167671,622188,627004,624654,10729,0,679,0
14.205193996429443,167671,630380,635196,632846,10733,0,679,0
14.220664024353027,167671,638572,643388,641038,10737,0,679,0
14.236188888549805,167671,646764,651580,649230,10741,0,679,0
14.251651048660278,167671,654956,659772,657422,10745,0,680,0
14.267163038253784,167671,663148,667964,665614,10749,0,680,0
14.282824993133545,167671,671340,676156,673806,10752,0,680,0
14.298309087753296,167671,679532,684348,681998,10756,0,680,0
14.314032077789307,167671,685676,692540,688142,10760,0,680,0
14.329490900039673,167671,693868,700732,696334,10764,0,680,0
14.344888925552368,167671,702060,706876,704526,10768,0,680,0
14.36043405532837,167671,710252,715068,712718,10772,0,680,0
14.37579607963562,167671,718444,723260,720910,10776,0,681,0
14.391226053237915,167671,726636,731452,729102,10780,0,681,0
14.407087087631226,167671,734828,739644,737294,10784,0,681,0
14.422614097595215,167671,743020,747836,745486,10788,0,681,0
14.438040018081665,167671,751212,756028,753678,10792,0,682,0
14.453531980514526,167671,759404,764220,761870,10796,0,682,0
14.469014883041382,167671,767596,772412,770062,10799,0,682,0
14.48482608795166,167671,775788,780604,778254,10803,0,682,0
14.500298976898193,167671,781932,788796,784398,10807,0,682,0
14.515836000442505,167671,790124,796988,792590,10811,0,682,0
14.531338930130005,167671,798316,803132,800782,10815,0,682,0
14.546751976013184,167671,806508,811324,808974,10819,0,682,0
14.56225299835205,167671,814700,819516,817166,10823,0,683,0
14.577620029449463,167671,822892,827708,825358,10827,0,683,0
14.592747926712036,167671,831084,835900,833550,10831,0,683,0
14.607846975326538,167671,839276,844092,841742,10835,0,683,0
14.62317705154419,167671,847468,852284,849934,10839,0,684,0
14.638302087783813,167671,855660,860476,858126,10842,0,684,0
14.653554916381836,167671,863852,868668,866318,10846,0,684,0
14.66871690750122,167671,869996,876860,872462,10850,0,684,0
14.683806896209717,167671,878188,883004,880654,10854,0,684,0
14.699291944503784,167671,886380,891196,888846,10858,0,684,0
14.714759111404419,167671,894572,899388,897038,10862,0,684,0
14.73023796081543,167671,902764,907580,905230,10866,0,684,0
14.745742082595825,167671,910956,915772,913422,10870,0,684,0
14.761219024658203,167671,919148,923964,921614,10874,0,685,0
14.776789903640747,167671,927340,932156,929806,10878,0,685,0
14.792246103286743,167671,935532,940348,937998,10882,0,685,0
14.807755947113037,167671,943724,948540,946190,10886,0,685,0
14.82351803779602,167671,949868,954684,952334,10889,0,686,0
14.839042901992798,167671,958060,962876,960526,10893,0,686,0
14.854612112045288,167671,966252,971068,968718,10897,0,686,0
14.869988918304443,167671,974444,979260,976910,10901,0,686,0
14.88542890548706,167671,982636,987452,985102,10905,0,686,0
14.901256084442139,167671,990828,995644,993294,10909,0,686,0
14.916826009750366,167671,999020,1003836,1001486,10913,0,686,0
14.93251895904541,167671,1007212,1012028,1009678,10917,0,686,0
14.947916984558105,167671,1011308,1016124,1013774,10919,0,687,0
14.9635488986969,167671,1019500,1024316,1021966,10923,0,687,0
14.979082107543945,167671,1027692,1032508,1030158,10927,0,687,0
14.994693994522095,167671,1035884,1040700,1038350,10931,0,687,0
15.010194063186646,167671,1044076,1048892,1046542,10935,0,687,0
15.025882959365845,167671,1052268,1057084,1054734,10939,0,688,0
15.04134202003479,167671,1060460,1065276,1062926,10943,0,688,0
15.056850910186768,167671,1068652,1073468,1071118,10947,0,688,0
15.072252035140991,167671,1076844,1081660,1079310,10950,0,688,0
15.087735891342163,167671,1085036,1089852,1087502,10954,0,688,0
15.103579044342041,167671,1091180,1098044,1093646,10958,0,688,0
15.119144916534424,167671,1099372,1106236,1101838,10962,0,688,0
15.134728908538818,167671,1107564,1112380,1110030,10966,0,688,0
15.150124073028564,167671,1115756,1120572,1118222,10970,0,689,0
15.165725946426392,167671,1123948,1128764,1126414,10974,0,689,0
15.181190967559814,167671,1132140,1136956,1134606,10978,0,689,0
15.196669101715088,167671,1140332,1145148,1142798,10982,0,689,0
15.212152004241943,167671,1148524,1153340,1150990,10986,0,690,0
15.227742910385132,167671,1156716,1161532,1159182,10990,0,690,0
15.243182897567749,167671,1164908,1169724,1167374,10994,0,690,0
15.258661031723022,167671,1173100,1177916,1175566,10998,0,690,0
15.27405309677124,167671,1181292,1186108,1183758,11002,0,690,0
15.289606094360352,167671,1189484,1194300,1191950,11005,0,690,0
15.305114984512329,167671,1197676,1202492,1200142,11009,0,690,0
15.32104206085205,167671,1203820,1210684,1206286,11013,0,690,0
15.336570978164673,167671,1212012,1218876,1214478,11017,0,691,0
15.352139949798584,167671,1220204,1225020,1222670,11021,0,691,0
15.367707014083862,167671,1228396,1233212,1230862,11025,0,691,0
15.383321046829224,167671,1236588,1241404,1239054,11029,0,691,0
15.398907899856567,167671,1244780,1249596,1247246,11033,0,692,0
15.414468050003052,167671,1252972,1257788,1255438,11037,0,692,0
15.430063009262085,167671,1261164,1265980,1263630,11041,0,692,0
15.445729970932007,167671,1269356,1274172,1271822,11045,0,692,0
15.46134901046753,167671,1277548,1282364,1280014,11049,0,692,0
15.476891994476318,167671,1285740,1290556,1288206,11053,0,692,0
15.49253511428833,167671,1293932,1298748,1296398,11057,0,692,0
15.507879972457886,167671,1302124,1306940,1304590,11060,0,692,0
15.5238618850708,167671,1310316,1315132,1312782,11064,0,693,0
15.539963960647583,167671,1318508,1323324,1320974,11068,0,693,0
15.55570101737976,167671,1324652,1331516,1327118,11072,0,693,0
15.571285009384155,167671,1332844,1339708,1335310,11076,0,693,0
15.586862087249756,167671,1341036,1347900,1343502,11080,0,694,0
15.602596998214722,167671,1349228,1356092,1351694,11084,0,694,0
15.61827802658081,167671,1357420,1362236,1359886,11088,0,694,0
15.634072065353394,167671,1365612,1370428,1368078,11092,0,694,0
15.649651050567627,167671,1373804,1378620,1376270,11096,0,694,0
15.665369987487793,167671,1381996,1386812,1384462,11100,0,694,0
15.68116807937622,167671,1390188,1395004,1392654,11104,0,694,0
15.696774959564209,167671,1398380,1403196,1400846,11108,0,694,0
15.712579011917114,167671,1406572,1411388,1409038,11112,0,695,0
15.728478908538818,167671,1414764,1419580,1417230,11116,0,695,0
15.744492053985596,167671,1422956,1427772,1425422,11120,0,695,0
15.760111093521118,167671,1431148,1435964,1433614,11124,0,695,0
15.775676012039185,167671,1439340,1444156,1441806,11128,0,696,0
15.791402101516724,167671,1445484,1450300,1447950,11131,0,696,0
15.807231903076172,167671,1453676,1458492,1456142,11135,0,696,0
15.82283902168274,167671,1461868,1466684,1464334,11139,0,696,0
15.838547945022583,167671,1470060,1474876,1472526,11143,0,696,0
15.854026079177856,167671,1478252,1483068,1480718,11147,0,696,0
15.869783878326416,167671,1486444,1491260,1488910,11151,0,696,0
15.885433912277222,167671,1494636,1499452,1497102,11155,0,696,0
15.900861024856567,167671,1500780,1505596,1503246,11158,0,696,0
15.916486978530884,167671,1508972,1513788,1511438,11162,0,697,0
15.932331085205078,167671,1517164,1521980,1519630,11166,0,697,0
15.948122024536133,167671,1525356,1530172,1527822,11170,0,697,0
15.963726043701172,167671,1533548,1538364,1536014,11174,0,697,0
15.979306936264038,167671,1541740,1546556,1544206,11178,0,698,0
15.995023965835571,167671,1549932,1554748,1552398,11181,0,698,0
16.01074194908142,167671,1558124,1562940,1560590,11185,0,698,0
16.026324033737183,167671,1564268,1571132,1566734,11189,0,698,0
16.041887044906616,167671,1572460,1579324,1574926,11193,0,698,0
16.05770993232727,167671,1580652,1587516,1583118,11197,0,698,0
16.07311701774597,167671,1588844,1593660,1591310,11201,0,698,0
16.08868098258972,167671,1597036,1601852,1599502,11205,0,698,0
16.104310989379883,167671,1605228,1610044,1607694,11209,0,699,0
16.11980891227722,167671,1613420,1618236,1615886,11213,0,699,0
16.13527798652649,167671,1621612,1626428,1624078,11217,0,699,0
16.151227951049805,167671,1629804,1634620,1632270,11221,0,699,0
16.166762113571167,167671,1637996,1642812,1640462,11225,0,700,0
16.18227505683899,167671,1646188,1651004,1648654,11229,0,700,0
16.197895050048828,167671,1654380,1659196,1656846,11233,0,700,0
16.213331937789917,167671,1662572,1667388,1665038,11237,0,700,0
16.228790044784546,167671,1670764,1675580,1673230,11241,0,700,0
16.244420051574707,167671,1678956,1683772,1681422,11245,0,700,0
16.260087966918945,167671,1687148,1691964,1689614,11248,0,700,0
16.27541995048523,167671,1695340,1700156,1697806,11252,0,700,0
16.29075598716736,167671,1701484,1706300,1703950,11256,0,701,0
16.306149005889893,167671,1707692,1712508,1710158,11275,0,701,0
16.321630001068115,167671,1715884,1720700,1718350,11279,0,701,0
16.337146043777466,167671,1724076,1728892,1726542,11283,0,701,0
16.353162050247192,167671,1732268,1737084,1734734,11286,0,701,0
16.368725061416626,167671,1740460,1745276,1742926,11290,0,702,0
16.384167909622192,167671,1746604,1753468,1749070,11294,0,702,0
16.399871110916138,167671,1754796,1761660,1757262,11298,0,702,0
16.415700912475586,167671,1762988,1769852,1765454,11302,0,702,0
16.4316508769989,167671,1771180,1778044,1773646,11306,0,702,0
16.44751501083374,167671,1779372,1786236,1781838,11310,0,702,0
16.463690042495728,167671,1787564,1794428,1790030,11314,0,702,0
16.47946310043335,167671,1795756,1800572,1798222,11318,0,702,0
16.495328903198242,167671,1803948,1808764,1806414,11322,0,703,0
16.511188983917236,167671,1812140,1816956,1814606,11326,0,703,0
16.52693009376526,167671,1820332,1825148,1822798,11330,0,703,0
16.542749881744385,167671,1828524,1833340,1830990,11334,0,703,0
16.559151887893677,167671,1836716,1841532,1839182,11337,0,704,0
16.57493495941162,167671,1844908,1849724,1847374,11341,0,704,0
16.590662002563477,167671,1851052,1857916,1853518,11345,0,704,0
16.606453895568848,167671,1859244,1866108,1861710,11349,0,704,0
16.62220788002014,167671,1867436,1872252,1869902,11353,0,704,0
16.638016939163208,167671,1875628,1880444,1878094,11357,0,704,0
16.654295921325684,167671,1883820,1888636,1886286,11361,0,704,0
16.67013192176819,167671,1892012,1896828,1894478,11365,0,704,0
16.685849905014038,167671,1900204,1905020,1902670,11369,0,705,0
16.701700925827026,167671,1908396,1913212,1910862,11373,0,705,0
16.717427968978882,167671,1916588,1921404,1919054,11377,0,705,0
16.733190059661865,167671,1924780,1929596,1927246,11381,0,705,0
16.748939990997314,167671,1932972,1937788,1935438,11385,0,706,0
16.7651789188385,167671,1941164,1945980,1943630,11389,0,706,0
16.783637046813965,167671,1949356,1954172,1951822,11393,0,706,0
16.799405097961426,167671,1957548,1962364,1960014,11396,0,706,0
16.81533908843994,167671,1963692,1970556,1966158,11400,0,706,0
16.831073999404907,167671,1971884,1978748,1974350,11404,0,706,0
16.84680700302124,167671,1980076,1984892,1982542,11408,0,706,0
16.862706899642944,167671,1988268,1993084,1990734,11412,0,706,0
16.878639936447144,167671,1996460,2001276,1998926,11416,0,707,0
16.894458055496216,167671,2004652,2009468,2007118,11420,0,707,0
16.91030192375183,167671,2012844,2017660,2015310,11424,0,707,0
16.92609691619873,167671,2021036,2025852,2023502,11428,0,707,0
16.94181489944458,167671,2029228,2034044,2031694,11432,0,708,0
16.957700967788696,167671,2037420,2042236,2039886,11436,0,708,0
16.97356605529785,167671,2045612,2050428,2048078,11440,0,708,0
16.989491939544678,167671,2051756,2058620,2054222,11443,0,708,0
17.005248069763184,167671,2059948,2066812,2062414,11447,0,708,0
17.021025896072388,167671,2068140,2072956,2070606,11451,0,708,0
17.03685688972473,167671,2076332,2081148,2078798,11455,0,708,0
17.05266499519348,167671,2084524,2089340,2086990,11459,0,708,0
17.068464994430542,167671,2092716,2097532,2095182,11463,0,708,0
17.084273099899292,167671,2100908,2105724,2103374,11467,0,709,0
17.10004711151123,167671,2109100,2113916,2111566,11471,0,709,0
17.115806102752686,167671,2117292,2122108,2119758,11475,0,709,0
17.13156294822693,167671,2125484,2130300,2127950,11479,0,709,0
17.147204875946045,167671,2133676,2138492,2136142,11483,0,710,0
17.163120985031128,167671,2141868,2146684,2144334,11487,0,710,0
17.179197072982788,167671,2150060,2154876,2152526,11491,0,710,0
17.195043087005615,167671,2158252,2163068,2160718,11495,0,710,0
17.21076989173889,167671,2166444,2171260,2168910,11498,0,710,0
17.22649908065796,167671,2174636,2179452,2177102,11502,0,710,0
17.242238998413086,167671,2180780,2187644,2183246,11506,0,710,0
17.25785493850708,167671,2188972,2195836,2191438,11510,0,710,0
17.273693084716797,167671,2197164,2204028,2199630,11514,0,711,0
17.289424896240234,167671,2205356,2212220,2207822,11518,0,711,0
17.30528497695923,167671,2213548,2218364,2216014,11522,0,711,0
17.320986032485962,167671,2221740,2226556,2224206,11526,0,711,0
17.336760997772217,167671,2229932,2234748,2232398,11530,0,712,0
17.352411031723022,167671,2238124,2242940,2240590,11534,0,712,0
17.368324995040894,167671,2246316,2251132,2248782,11538,0,712,0
17.384262084960938,167671,2254508,2259324,2256974,11542,0,712,0
17.40056300163269,167671,2262700,2267516,2265166,11546,0,712,0
17.416083097457886,167671,2270892,2275708,2273358,11550,0,712,0
17.431807041168213,167671,2279084,2283900,2281550,11554,0,712,0
17.447556972503662,167671,2287276,2292092,2289742,11558,0,712,0
17.463520050048828,167671,2295468,2300284,2297934,11562,0,713,0
17.479450941085815,167671,2303660,2308476,2306126,11566,0,713,0
17.495285987854004,167671,2311852,2316668,2314318,11570,0,713,0
17.51110291481018,167671,2320044,2324860,2322510,11574,0,713,0
17.527060985565186,167671,2328236,2333052,2330702,11577,0,714,0
17.54281997680664,167671,2334380,2341244,2336846,11581,0,714,0
17.558827877044678,167671,2342572,2349436,2345038,11585,0,714,0
17.5747389793396,167671,2350764,2357628,2353230,11589,0,714,0
17.590754985809326,167671,2358956,2363772,2361422,11593,0,714,0
17.607043981552124,167671,2367148,2371964,2369614,11597,0,714,0
17.622808933258057,167671,2375340,2380156,2377806,11601,0,714,0
17.63871693611145,167671,2383532,2388348,2385998,11605,0,714,0
17.654592037200928,167671,2389676,2394492,2392142,11608,0,715,0
17.67067790031433,167671,2397868,2402684,2400334,11612,0,715,0
17.68660807609558,167671,2406060,2410876,2408526,11616,0,715,0
17.702550888061523,167671,2414252,2419068,2416718,11620,0,715,0
17.718306064605713,167671,2422444,2427260,2424910,11624,0,716,0
17.734185934066772,167671,2430636,2435452,2433102,11628,0,716,0
17.752881050109863,167671,2438828,2443644,2441294,11632,0,716,0
17.768845081329346,167671,2447020,2451836,2449486,11636,0,716,0
17.7846519947052,167671,2455212,2460028,2457678,11640,0,716,0
17.800611972808838,167671,2463404,2468220,2465870,11644,0,716,0
17.816696882247925,167671,2471596,2476412,2474062,11648,0,716,0
17.83250093460083,167671,2479788,2484604,2482254,11652,0,716,0
17.848170042037964,167671,2487980,2492796,2490446,11656,0,717,0
17.863797903060913,167671,2496172,2500988,2498638,11660,0,717,0
17.879539966583252,167671,2504364,2509180,2506830,11664,0,717,0
17.895309925079346,167671,2512556,2517372,2515022,11668,0,717,0
17.911103010177612,167671,2520748,2525564,2523214,11672,0,718,0
17.92683506011963,167671,2528940,2533756,2531406,11676,0,718,0
17.942588090896606,167671,2537132,2541948,2539598,11680,0,718,0
17.95833396911621,167671,2545324,2550140,2547790,11683,0,718,0
17.974086046218872,167671,2553516,2558332,2555982,11687,0,718,0
17.989737033843994,167671,2555564,2560380,2558030,11689,0,718,0
18.005645036697388,167671,2561708,2568572,2564174,11692,0,718,0
18.021785020828247,167671,2569900,2576764,2572366,11696,0,718,0
18.037573099136353,167671,2578092,2582908,2580558,11700,0,718,0
18.053154945373535,167671,2586284,2591100,2588750,11704,0,719,0
18.068949937820435,167671,2594476,2599292,2596942,11708,0,719,0
18.08478808403015,167671,2602668,2607484,2605134,11712,0,719,0
18.10075807571411,167671,2610860,2615676,2613326,11716,0,719,0
18.116542100906372,167671,2619052,2623868,2621518,11720,0,720,0
18.132664918899536,167671,2627244,2632060,2629710,11724,0,720,0
18.148433923721313,167671,2635436,2640252,2637902,11728,0,720,0
18.16419506072998,167671,2643628,2648444,2646094,11732,0,720,0
18.179811000823975,167671,2651820,2656636,2654286,11736,0,720,0
18.195537090301514,167671,2660012,2664828,2662478,11740,0,720,0
18.21150493621826,167671,2668204,2673020,2670670,11744,0,720,0
18.227646112442017,167671,2676396,2681212,2678862,11748,0,720,0
18.243531942367554,167671,2684588,2689404,2687054,11752,0,721,0
18.259319067001343,167671,2692780,2697596,2695246,11756,0,721,0
18.274951934814453,167671,2700972,2705788,2703438,11760,0,721,0
18.29062008857727,167671,2709164,2713980,2711630,11763,0,721,0
18.30637001991272,167671,2717356,2722172,2719822,11767,0,722,0
18.32211995124817,167671,2725548,2730364,2728014,11771,0,722,0
18.337790966033936,167671,2729644,2734460,2732110,11774,0,722,0
18.353569984436035,167671,2737836,2742652,2740302,11777,0,722,0
18.369232892990112,167671,2746028,2750844,2748494,11781,0,722,0
18.38495898246765,167671,2754220,2759036,2756686,11785,0,722,0
18.400763034820557,167671,2760364,2767228,2762830,11789,0,722,0
18.416610956192017,167671,2768556,2775420,2771022,11793,0,722,0
18.432737112045288,167671,2776748,2783612,2779214,11797,0,722,0
18.448782920837402,167671,2784940,2791804,2787406,11801,0,723,0
18.464641094207764,167671,2793132,2799996,2795598,11805,0,723,0
18.48049306869507,167671,2801324,2806140,2803790,11809,0,723,0
18.496283054351807,167671,2809516,2814332,2811982,11813,0,723,0
18.51220703125,167671,2817708,2822524,2820174,11817,0,724,0
18.527928113937378,167671,2825900,2830716,2828366,11821,0,724,0
18.543763875961304,167671,2834092,2838908,2836558,11825,0,724,0
18.559613943099976,167671,2842284,2847100,2844750,11829,0,724,0
18.57542395591736,167671,2850476,2855292,2852942,11833,0,724,0
18.591124057769775,167671,2858668,2863484,2861134,11837,0,724,0
18.606497049331665,167671,2866860,2871676,2869326,11841,0,724,0
18.621749877929688,167671,2875052,2879868,2877518,11845,0,724,0
18.637227058410645,167671,2883244,2888060,2885710,11849,0,725,0
18.652796983718872,167671,2891436,2896252,2893902,11853,0,725,0
18.668205976486206,167671,2899628,2904444,2902094,11857,0,725,0
18.683614015579224,167671,2907820,2912636,2910286,11861,0,725,0
18.69915008544922,167671,2916012,2920828,2918478,11864,0,726,0
18.715162992477417,167671,2922156,2926972,2924622,11868,0,726,0
18.730720043182373,167671,2930348,2935164,2932814,11872,0,726,0
18.746376991271973,167671,2938540,2943356,2941006,11876,0,726,0
18.761866092681885,167671,2946732,2951548,2949198,11880,0,726,0
18.777318954467773,167671,2954924,2959740,2957390,11884,0,726,0
18.792876958847046,167671,2963116,2967932,2965582,11888,0,726,0
18.808579921722412,167671,2971308,2976124,2973774,11892,0,726,0
18.82415008544922,167671,2979500,2984316,2981966,11896,0,726,0
18.83964490890503,167671,2987692,2992508,2990158,11900,0,727,0
18.855511903762817,167671,2995884,3000700,2998350,11903,0,727,0
18.871169090270996,167671,3004076,3008892,3006542,11907,0,727,0
18.88670802116394,167671,3012268,3017084,3014734,11911,0,727,0
18.902163982391357,167671,3020460,3025276,3022926,11915,0,728,0
18.917722940444946,167671,3026604,3031420,3029070,11919,0,728,0
18.933341026306152,167671,3028652,3033468,3031118,11920,0,728,0
18.949784994125366,167671,3028664,3033724,3031130,11920,0,728,0
18.965898990631104,167671,3034152,3039228,3036618,13238,0,728,0
18.981333017349243,167671,3039644,3044604,3042110,14603,0,728,0
18.997004985809326,167671,3045036,3049980,3047502,15969,0,728,0
19.012583017349243,167671,3050596,3055612,3053062,17335,0,728,0
19.028196096420288,167671,3056104,3061116,3058570,18711,0,728,0
19.04378890991211,167671,3061376,3066236,3063842,20026,0,728,0
19.059535026550293,167671,3066908,3071868,3069374,21404,0,728,0
19.075284004211426,167671,3072476,3077500,3074942,22790,0,728,0
19.09116291999817,167671,3073644,3078524,3076174,23184,0,728,0
19.107433080673218,167671,3074052,3079036,3076518,23219,0,728,0
19.12360906600952,167671,3079540,3084540,3082006,24556,0,729,0
19.139307975769043,167671,3085104,3090172,3087570,25939,0,729,0
19.155155897140503,167671,3090652,3095676,3093118,27323,0,729,0
19.17101788520813,167671,3096248,3101308,3098714,28756,0,729,0
19.18687891960144,167671,3101972,3106940,3104438,30149,0,729,0
19.20277190208435,167671,3107588,3112572,3110054,31547,0,729,0
19.218772888183594,167671,3113220,3118204,3115686,32954,0,730,0
19.234735012054443,167671,3118764,3123580,3121230,34399,0,730,0
19.251133918762207,167671,3122460,3127548,3124926,35259,0,730,0
19.267406940460205,167671,3128216,3133180,3130682,36688,0,730,0
19.283677101135254,167671,3133912,3138940,3136378,38112,0,730,0
19.299799919128418,167671,3139688,3144700,3142154,39568,0,730,0
19.316152095794678,167671,3145388,3150332,3147854,40993,0,730,0
19.332449913024902,167671,3150540,3155580,3153006,42389,0,730,0
19.34871792793274,167671,3156288,3161340,3158754,43694,0,730,0
19.364963054656982,167671,3161984,3166972,3164450,45152,0,730,0
19.381248950958252,167671,3163484,3168636,3166286,45712,0,730,0
19.397860050201416,167671,3166924,3171964,3169390,46348,0,730,0
19.414438009262085,167671,3172688,3177724,3175154,47783,0,730,0
19.430864095687866,167671,3178488,3183484,3180954,49275,0,731,0
19.44734001159668,167671,3184320,3189372,3186786,50720,0,731,0
19.463788986206055,167671,3190288,3195260,3192754,52174,0,731,0
19.480715036392212,167671,3196152,3201148,3198618,53638,0,731,0
19.497251987457275,167671,3201980,3207036,3204446,55088,0,731,0
19.513736963272095,167671,3207824,3212796,3210290,56547,0,731,0
19.530340909957886,167671,3208812,3213692,3211342,56976,0,731,0
19.54745101928711,167671,3212176,3217148,3214642,57689,0,732,0
19.564271926879883,167671,3216004,3220860,3218470,58658,0,732,0
19.581149101257324,167671,3220128,3225084,3222594,59615,0,732,0
19.597744941711426,167671,3226068,3231100,3228534,61095,0,732,0
19.614569902420044,167671,3231968,3236988,3234434,62598,0,732,0
19.63166904449463,167671,3237984,3243004,3240450,64099,0,732,0
19.64878797531128,167671,3243940,3248892,3246406,65591,0,732,0
19.665788888931274,167671,3249836,3254908,3252302,67057,0,732,0
19.683310985565186,167671,3253932,3258748,3256398,68240,0,732,0
19.70096707344055,167671,3255868,3260796,3258334,68523,0,732,0
19.71834397315979,167671,3261844,3266812,3264310,70009,0,732,0
19.735780954360962,167671,3267812,3272828,3270278,71495,0,732,0
19.753053903579712,167671,3273836,3278844,3276302,72996,0,732,0
19.77040696144104,167671,3279860,3284860,3282326,74502,0,733,0
19.787790060043335,167671,3285876,3290876,3288342,75995,0,733,0
19.804831981658936,167671,3291952,3297020,3294418,77511,0,733,0
19.82201910018921,167671,3298064,3303036,3300530,79044,0,733,0
19.839540004730225,167671,3300408,3305468,3302874,79614,0,733,0
19.857913970947266,167671,3306472,3311484,3308938,81129,0,733,0
19.87569808959961,167671,3312520,3317500,3314986,82623,0,734,0
19.89384698867798,167671,3318748,3323772,3321214,84178,0,734,0
19.911794900894165,167671,3324948,3329916,3327414,85721,0,734,0
19.92979907989502,167671,3331176,3336188,3333642,87281,0,734,0
19.94777798652649,167671,3337432,3342460,3339898,88846,0,734,0
19.96552610397339,167671,3343724,3348732,3346190,90404,0,734,0
19.98344087600708,167671,3347260,3352316,3349726,91283,0,734,0
20.00134301185608,167671,3353488,3358460,3355954,92826,0,734,0
20.01958394050598,167671,3359820,3364860,3362286,94407,0,734,0
20.037787914276123,167671,3366156,3371132,3368622,95985,0,734,0
20.056127071380615,167671,3369624,3374332,3372090,97163,0,734,0
20.074481964111328,167671,3369624,3374332,3372090,97163,0,734,0
20.093308925628662,167671,3369624,3374972,3372090,97163,0,734,0
20.11198091506958,167671,3374016,3380092,3376482,98215,0,735,0
20.130493879318237,167671,3375768,3380476,3378234,98699,0,735,0
20.14874792098999,167671,3375768,3380476,3378234,98699,0,735,0
20.167088985443115,167671,3375768,3380476,3378234,98699,0,735,0
20.18543291091919,167671,3375768,3380476,3378234,98699,0,735,0
20.203759908676147,167671,3375768,3380476,3378234,98699,0,735,0
20.22212791442871,167671,3375784,3381884,3378250,98699,0,735,0
20.24051809310913,167671,3382236,3388284,3384702,100266,0,735,0
20.25874400138855,167671,3388040,3392764,3390522,101771,0,735,0
20.277493000030518,167671,3389968,3395964,3392434,102195,0,735,0
20.296247959136963,167671,3396300,3402492,3398766,103812,0,735,0
20.315274953842163,167671,3402872,3409020,3405338,105406,0,735,0
20.334099054336548,167671,3409456,3415420,3411922,107048,0,736,0
20.352797031402588,167671,3415984,3421948,3418450,108675,0,736,0
20.371490001678467,167671,3422580,3428604,3425046,110320,0,736,0
20.390340089797974,167671,3429020,3435132,3431486,111958,0,736,0
20.40933108329773,167671,3433112,3437820,3435578,113035,0,736,0
20.428756952285767,167671,3438032,3443964,3440498,114166,0,736,0
20.448281049728394,167671,3444648,3450620,3447114,115811,0,736,0
20.46751093864441,167671,3451420,3457404,3453886,117500,0,736,0
20.486758947372437,167671,3457988,3464060,3460454,119173,0,736,0
20.50625991821289,167671,3464716,3470716,3467182,120808,0,736,0
20.52580690383911,167671,3471580,3477628,3474046,122517,0,737,0
20.545203924179077,167671,3478168,3482876,3480634,124195,0,737,0
20.56510305404663,167671,3480472,3486588,3482938,124771,0,737,0
20.584882020950317,167671,3487328,3493372,3489794,126442,0,737,0
20.604552030563354,167671,3494284,3500284,3496750,128175,0,737,0
20.624329090118408,167671,3501068,3507196,3503534,129898,0,737,0
20.644115924835205,167671,3507880,3513596,3510346,131595,0,738,0
20.664459943771362,167671,3514444,3520380,3516910,133193,0,738,0
20.684218883514404,167671,3521332,3527420,3523798,134944,0,738,0
20.704269886016846,167671,3523744,3529852,3526210,135563,0,738,0
20.724915981292725,167671,3530852,3536892,3533318,137282,0,738,0
20.745135068893433,167671,3537712,3543804,3540178,139030,0,738,0
20.76537299156189,167671,3544800,3550844,3547266,140754,0,738,0
20.785588026046753,167671,3551896,3557884,3554362,142533,0,738,0
20.805824041366577,167671,3558952,3564924,3561418,144275,0,738,0
20.82621192932129,167671,3566116,3572092,3568582,146064,0,738,0
20.84681510925293,167671,3568544,3574652,3571010,146827,0,738,0
20.86792302131653,167671,3575768,3581692,3578234,148467,0,739,0
20.8884699344635,167671,3582728,3588860,3585194,150238,0,739,0
20.909040927886963,167671,3589940,3595900,3592406,152007,0,739,0
20.929882049560547,167671,3597132,3603196,3599598,153826,0,739,0
20.950649976730347,167671,3604428,3610364,3606894,155609,0,740,0
20.971297025680542,167671,3611604,3617788,3614070,157431,0,740,0
20.9925639629364,167671,3616652,3622652,3619118,158651,0,740,0
21.013789892196655,167671,3623936,3630076,3626402,160504,0,740,0
21.034873008728027,167671,3631320,3637372,3633786,162303,0,740,0
21.055847883224487,167671,3638668,3644668,3641134,164173,0,740,0
21.077122926712036,167671,3646104,3651964,3648570,166000,0,740,0
21.098237991333008,167671,3653328,3659260,3655794,167819,0,740,0
21.119510889053345,167671,3658168,3663100,3660858,169355,0,740,0
21.141989946365356,167671,3663728,3669756,3666194,170379,0,740,0
21.16349506378174,167671,3671224,3677436,3673690,172275,0,741,0
21.18520498275757,167671,3678700,3684732,3681166,174136,0,741,0
21.206787109375,167671,3686208,3692156,3688674,176011,0,741,0
21.22819209098816,167671,3693688,3699836,3696154,177881,0,741,0
21.2498459815979,167671,3701320,3707260,3703786,179736,0,742,0
21.271796941757202,167671,3704424,3710332,3706890,180619,0,742,0
21.293911933898926,167671,3711888,3718012,3714354,182409,0,742,0
21.31560206413269,167671,3719612,3725564,3722078,184293,0,742,0
21.33780598640442,167671,3727264,3733244,3729730,186233,0,742,0
21.359920978546143,167671,3734996,3740540,3737462,188167,0,742,0
21.38230800628662,167671,3739952,3745404,3742418,189517,0,742,0
21.40457010269165,167671,3744500,3749244,3746966,190839,0,742,0
21.427309036254883,167671,3745828,3751036,3748294,190986,0,742,0
21.449750900268555,167671,3749812,3755388,3752278,192099,0,742,0
21.47180199623108,167671,3753592,3759100,3756058,192971,0,742,0
21.493657112121582,167671,3758124,3764092,3760590,193923,0,742,0
21.515846967697144,167671,3765980,3771900,3768446,195882,0,743,0
21.537945985794067,167671,3773780,3779964,3776246,197817,0,743,0
21.56082797050476,167671,3781652,3787772,3784118,199814,0,743,0
21.583602905273438,167671,3789600,3794300,3792066,201744,0,743,0
21.606460094451904,167671,3792972,3799036,3795438,202600,0,743,0
21.629323959350586,167671,3800960,3806972,3803426,204605,0,744,0
21.653659105300903,167671,3808788,3814780,3811254,206562,0,744,0
21.67626690864563,167671,3816640,3822716,3819106,208513,0,744,0
21.698848009109497,167671,3824548,3830652,3827014,210474,0,744,0
21.721720933914185,167671,3832608,3838588,3835074,212473,0,744,0
21.744699001312256,167671,3837248,3843452,3839714,213645,0,744,0
21.768742084503174,167671,3845388,3851516,3847854,215674,0,744,0
21.79187297821045,167671,3853408,3859580,3855874,217675,0,744,0
21.81495189666748,167671,3861480,3867644,3863946,219686,0,744,0
21.838253021240234,167671,3869532,3875708,3871998,221706,0,745,0
21.861143112182617,167671,3877472,3883388,3879938,223715,0,745,0
21.883976936340332,167671,3880976,3886972,3883442,224685,0,745,0
21.907217979431152,167671,3889000,3894908,3891466,226550,0,745,0
21.930131912231445,167671,3897060,3902972,3899526,228555,0,746,0
21.952949047088623,167671,3905268,3911292,3907734,230596,0,746,0
21.976166009902954,167671,3913552,3919484,3916018,232666,0,746,0
21.99925994873047,167671,3921788,3927804,3924254,234722,0,746,0
22.022523880004883,167671,3926384,3932412,3928850,235949,0,746,0
22.0465190410614,167671,3934772,3940732,3937238,237944,0,746,0
22.070549964904785,167671,3943144,3949180,3945610,240030,0,746,0
22.094516038894653,167671,3951420,3957628,3953886,242093,0,746,0
22.118489980697632,167671,3959852,3965948,3962318,244194,0,746,0
22.142668962478638,167671,3968292,3974396,3970758,246302,0,747,0
22.166810989379883,167671,3973920,3980156,3976386,247724,0,747,0
22.191812992095947,167671,3982436,3988604,3984902,249834,0,747,0
22.215760946273804,167671,3990808,3996924,3993274,251919,0,747,0
22.23945188522339,167671,3999316,4005244,4001782,254040,0,748,0
22.26313805580139,167671,4007868,4013820,4010334,256170,0,748,0
22.286820888519287,167671,4014788,4019580,4017346,258305,0,748,0
22.31131911277771,167671,4016132,4020860,4018598,258790,0,748,0
22.335264921188354,167671,4020740,4025724,4023206,259107,0,748,0
22.359078884124756,167671,4028176,4034172,4030642,261241,0,748,0
22.383112907409668,167671,4036780,4042748,4039246,263376,0,748,0
22.407278060913086,167671,4045184,4051196,4047650,265500,0,748,0
22.431418895721436,167671,4053452,4059644,4055918,267587,0,748,0
22.455528020858765,167671,4059144,4064252,4061990,269638,0,748,0
22.48033094406128,167671,4066060,4072188,4068526,270692,0,749,0
22.50552010536194,167671,4074864,4080892,4077330,272860,0,749,0
22.530683040618896,167671,4083400,4089468,4085866,275006,0,749,0
22.55581307411194,167671,4092208,4098300,4094674,277187,0,749,0
22.580883979797363,167671,4100944,4106876,4103410,279366,0,750,0
22.606873035430908,167671,4107080,4113276,4109546,280928,0,750,0
22.632227897644043,167671,4115936,4121980,4118402,283103,0,750,0
22.657596111297607,167671,4124848,4130940,4127314,285321,0,750,0
22.682811975479126,167671,4133624,4139772,4136090,287550,0,750,0
22.708208084106445,167671,4142540,4148604,4145006,289726,0,750,0
22.733686923980713,167671,4149636,4154364,4152102,291952,0,750,0
22.75987410545349,167671,4156384,4162556,4158850,293196,0,750,0
22.78563690185547,167671,4165484,4171516,4167950,295421,0,751,0
22.812216997146606,167671,4174364,4180476,4176830,297691,0,751,0
22.83815598487854,167671,4183316,4189308,4185782,299897,0,751,0
22.864021062850952,167671,4192316,4198396,4194782,302134,0,752,0
22.889895915985107,167671,4197864,4203900,4200330,303510,0,752,0
22.916609048843384,167671,4206980,4212988,4209446,305788,0,752,0
22.94279193878174,167671,4216048,4222076,4218514,308047,0,752,0
22.968902111053467,167671,4225196,4231292,4227662,310325,0,752,0
22.995261907577515,167671,4234032,4240124,4236498,312580,0,752,0
23.0211238861084,167671,4240012,4246140,4242490,314694,0,752,0
23.047282934188843,167671,4249268,4255228,4251734,316354,0,752,0
23.07298493385315,167671,4258368,4264444,4260834,318649,0,753,0
23.0986430644989,167671,4267704,4273788,4270170,320911,0,753,0
23.12525987625122,167671,4276536,4282492,4279002,323244,0,753,0
23.15152406692505,167671,4284804,4289532,4287270,325432,0,753,0
23.178827047348022,167671,4291704,4297724,4294170,326967,0,754,0
23.204829931259155,167671,4301144,4307196,4303610,329236,0,754,0
23.23228693008423,167671,4310384,4316412,4312850,331590,0,754,0
23.258481979370117,167671,4319620,4325628,4322086,333909,0,754,0
23.284619092941284,167671,4328824,4334588,4331290,336198,0,754,0
23.311875104904175,167671,4334916,4340860,4337382,337734,0,754,0
23.338720083236694,167671,4344248,4350332,4346714,340069,0,754,0
23.364980936050415,167671,4353452,4359420,4355918,342352,0,754,0
23.39127492904663,167671,4362628,4368636,4365094,344675,0,755,0
23.417918920516968,167671,4371916,4377852,4374382,346950,0,755,0
23.44490909576416,167671,4377252,4383356,4379718,348486,0,755,0
23.472156047821045,167671,4386872,4392956,4389338,350658,0,755,0
23.499783992767334,167671,4396304,4402300,4398770,353025,0,756,0
23.52757501602173,167671,4405936,4412156,4408402,355417,0,756,0
23.55528998374939,167671,4415348,4421116,4417814,357802,0,756,0
23.58332395553589,167671,4420364,4426492,4422862,359750,0,756,0
23.61182188987732,167671,4430168,4436220,4432634,361419,0,756,0
23.640023946762085,167671,4439868,4445820,4442334,363846,0,756,0
23.667789936065674,167671,4449544,4455548,4452010,366290,0,756,0
23.69573998451233,167671,4459176,4465404,4461642,368727,0,757,0
23.72377610206604,167671,4465016,4471164,4467494,371014,0,757,0
23.752628087997437,167671,4474912,4480892,4477378,372587,0,757,0
23.780680894851685,167671,4484664,4490748,4487130,375050,0,757,0
23.8088960647583,167671,4494444,4500476,4496910,377468,0,758,0
23.837620973587036,167671,4504436,4510588,4506902,379955,0,758,0
23.866131067276,167671,4511076,4517116,4513542,382278,0,758,0
23.89527988433838,167671,4521036,4527100,4523502,384106,0,758,0
23.923840045928955,167671,4530996,4537212,4533462,386598,0,758,0
23.952656984329224,167671,4540868,4547068,4543334,389087,0,758,0
23.981239080429077,167671,4550944,4557052,4553410,391529,0,758,0
24.009857892990112,167671,4557488,4563708,4559954,393542,0,759,0
24.038882970809937,167671,4567428,4573564,4569894,395693,0,759,0
24.067651987075806,167671,4577436,4583420,4579902,398157,0,759,0
24.096309900283813,167671,4587368,4593276,4589834,400670,0,760,0
24.125114917755127,167671,4597212,4603132,4599678,403132,0,760,0
24.153897047042847,167671,4604144,4610172,4606610,404808,0,760,0
24.183137893676758,167671,4614304,4620284,4616770,407366,0,760,0
24.21216893196106,167671,4624472,4630524,4626938,409901,0,760,0
24.2414128780365,167671,4634736,4640764,4637202,412442,0,760,0
24.271234035491943,167671,4644884,4649980,4647350,414993,0,760,0
24.301042079925537,167671,4651576,4657788,4654042,416666,0,761,0
24.33056902885437,167671,4661928,4668028,4664394,419234,0,761,0
24.36001992225647,167671,4672244,4678396,4674710,421806,0,761,0
24.38958191871643,167671,4682496,4688636,4684962,424381,0,761,0
24.419008016586304,167671,4687816,4692604,4690282,426711,0,762,0
24.44872498512268,167671,4687816,4692604,4690282,426711,0,762,0
24.478741884231567,167671,4687816,4692604,4690282,426711,0,762,0
24.50752902030945,167671,4687816,4692604,4690282,426711,0,762,0
24.536262035369873,167671,4687816,4692604,4690282,426711,0,762,0
24.566760063171387,167671,4687816,4692604,4690282,426711,0,762,0
24.5955069065094,167671,4687816,4692604,4690282,426711,0,762,0
24.625464916229248,167671,4687816,4692604,4690282,426711,0,762,0
24.655261039733887,167671,4687816,4692604,4690282,426711,0,762,0
24.684963941574097,167671,4687816,4692604,4690282,426711,0,762,0
24.713778018951416,167671,4687816,4692604,4690282,426711,0,762,0
24.742573976516724,167671,4687816,4692604,4690282,426711,0,762,0
24.772435903549194,167671,4687816,4692604,4690282,426711,0,762,0
24.800904035568237,167671,4687816,4692604,4690282,426711,0,762,0
24.829675912857056,167671,4687816,4692604,4690282,426711,0,762,0
24.859034061431885,167671,4687816,4692604,4690282,426711,0,762,0
24.887989044189453,167671,4687816,4692604,4690282,426711,0,762,0
24.916738986968994,167671,4687816,4692604,4690282,426711,0,762,0
24.94562005996704,167671,4687816,4692604,4690282,426711,0,762,0
24.97446894645691,167671,4687816,4692604,4690282,426711,0,762,0
25.003175973892212,167671,4687816,4692604,4690282,426711,0,762,0
25.032814025878906,167671,4687816,4692604,4690282,426711,0,762,0
25.062553882598877,167671,4687816,4692604,4690282,426711,0,762,0
25.09249711036682,167671,4687816,4692604,4690282,426711,0,762,0
25.121922969818115,167671,4687816,4692604,4690282,426711,0,762,0
25.151510000228882,167671,4687816,4692604,4690282,426711,0,762,0
25.180906057357788,167671,4687816,4692604,4690282,426711,0,762,0
25.209882974624634,167671,4687816,4692604,4690282,426711,0,762,0
25.23866605758667,167671,4687816,4692604,4690282,426711,0,762,0
25.267471075057983,167671,4687816,4692604,4690282,426711,0,762,0
25.296324014663696,167671,4687816,4692604,4690282,426711,0,762,0
25.325304985046387,167671,4687816,4692604,4690282,426711,0,762,0
25.353950023651123,167671,4687816,4692604,4690282,426711,0,762,0
25.38351798057556,167671,4687816,4692604,4690282,426711,0,762,0
25.41302800178528,167671,4687816,4692604,4690282,426711,0,762,0
25.441829919815063,167671,4687816,4692604,4690282,426711,0,762,0
25.471606969833374,167671,4687816,4692604,4690282,426711,0,762,0
25.501025915145874,167671,4687816,4692604,4690282,426711,0,762,0
25.533586978912354,167671,4687816,4692604,4690282,426711,0,762,0
25.563000917434692,167671,4687816,4692604,4690282,426711,0,762,0
25.591980934143066,167671,4687816,4692604,4690282,426711,0,762,0
25.621577978134155,167671,4687816,4692604,4690282,426711,0,762,0
25.650466918945312,167671,4687816,4692604,4690282,426711,0,762,0
25.679402112960815,167671,4687816,4692604,4690282,426711,0,762,0
25.709042072296143,167671,4687816,4692604,4690282,426711,0,762,0
25.73894500732422,167671,4687816,4692604,4690282,426711,0,762,0
25.768510103225708,167671,4687816,4692604,4690282,426711,0,762,0
25.79799509048462,167671,4687816,4692604,4690282,426711,0,762,0
25.82692003250122,167671,4687816,4692604,4690282,426711,0,762,0
25.856465101242065,167671,4687816,4692604,4690282,426711,0,762,0
25.885974884033203,167671,4687816,4692604,4690282,426711,0,762,0
25.91533398628235,167671,4687816,4692604,4690282,426711,0,762,0
25.944926023483276,167671,4687816,4692604,4690282,426711,0,762,0
25.97459888458252,167671,4687816,4692604,4690282,426711,0,762,0
26.004519939422607,167671,4687816,4692604,4690282,426711,0,762,0
26.033942937850952,167671,4687816,4692604,4690282,426711,0,762,0
26.062933921813965,167671,4687816,4692604,4690282,426711,0,762,0
26.091912031173706,167671,4687816,4692604,4690282,426711,0,762,0
26.12089490890503,167671,4687816,4692604,4690282,426711,0,762,0
26.14990997314453,167671,4687816,4692604,4690282,426711,0,762,0
26.17889904975891,167671,4687816,4692604,4690282,426711,0,762,0
26.20784306526184,167671,4687816,4692604,4690282,426711,0,762,0
26.236811876296997,167671,4687816,4692604,4690282,426711,0,762,0
26.265785932540894,167671,4687816,4692604,4690282,426711,0,762,0
26.294842958450317,167671,4687816,4692604,4690282,426711,0,762,0
26.323785066604614,167671,4687816,4692604,4690282,426711,0,762,0
26.353337049484253,167671,4687816,4692604,4690282,426711,0,762,0
26.382319927215576,167671,4687816,4692604,4690282,426711,0,762,0
26.411520957946777,167671,4687816,4692604,4690282,426711,0,762,0
26.440720081329346,167671,4687816,4692604,4690282,426711,0,762,0
26.469710111618042,167671,4687816,4692604,4690282,426711,0,762,0
26.499557971954346,167671,4687816,4692604,4690282,426711,0,762,0
26.528636932373047,167671,4687816,4692604,4690282,426711,0,762,0
26.558850049972534,167671,4687816,4692604,4690282,426711,0,762,0
26.588500022888184,167671,4687816,4692604,4690282,426711,0,762,0
26.617626905441284,167671,4687816,4692604,4690282,426711,0,762,0
26.64687490463257,167671,4687816,4692604,4690282,426711,0,762,0
26.67586088180542,167671,4687816,4692604,4690282,426711,0,762,0
26.704894065856934,167671,4687816,4692604,4690282,426711,0,762,0
26.73384189605713,167671,4687816,4692604,4690282,426711,0,762,0
26.76293110847473,167671,4687816,4692604,4690282,426711,0,762,0
26.79251194000244,167671,4687816,4692604,4690282,426711,0,762,0
26.822057008743286,167671,4687816,4692604,4690282,426711,0,762,0
26.8518168926239,167671,4687816,4692604,4690282,426711,0,762,0
26.881545066833496,167671,4687816,4692604,4690282,426711,0,762,0
26.911328077316284,167671,4687816,4692604,4690282,426711,0,762,0
26.940959930419922,167671,4687816,4692604,4690282,426711,0,762,0
26.970923900604248,167671,4687816,4692604,4690282,426711,0,762,0
27.000032901763916,167671,4687816,4692604,4690282,426711,0,762,0
27.029704093933105,167671,4687816,4692604,4690282,426711,0,762,0
27.0588800907135,167671,4687816,4692604,4690282,426711,0,762,0
27.0879008769989,167671,4687816,4692604,4690282,426711,0,762,0
27.116944074630737,167671,4687816,4692604,4690282,426711,0,762,0
27.146404027938843,167671,4687816,4692604,4690282,426711,0,762,0
27.176039934158325,167671,4687816,4692604,4690282,426711,0,762,0
27.20573592185974,167671,4687816,4692604,4690282,426711,0,762,0
27.23533296585083,167671,4687816,4692604,4690282,426711,0,762,0
27.26500391960144,167671,4687816,4692604,4690282,426711,0,762,0
27.294740915298462,167671,4687816,4692604,4690282,426711,0,762,0
27.324395895004272,167671,4687816,4692604,4690282,426711,0,762,0
27.35392999649048,167671,4687816,4692604,4690282,426711,0,762,0
27.38393497467041,167671,4687816,4692604,4690282,426711,0,762,0
27.413686990737915,167671,4687816,4692604,4690282,426711,0,762,0
27.44332194328308,167671,4687816,4692604,4690282,426711,0,762,0
27.473800897598267,167671,4687816,4692604,4690282,426711,0,762,0
27.502926111221313,167671,4687816,4692604,4690282,426711,0,762,0
27.53267502784729,167671,4687816,4692604,4690282,426711,0,762,0
27.561923027038574,167671,4687816,4692604,4690282,426711,0,762,0
27.59193992614746,167671,4687816,4692604,4690282,426711,0,762,0
27.621620893478394,167671,4687816,4692604,4690282,426711,0,762,0
27.650623083114624,167671,4687816,4692604,4690282,426711,0,762,0
27.680352926254272,167671,4687816,4692604,4690282,426711,0,762,0
27.710000038146973,167671,4687816,4692604,4690282,426711,0,762,0
27.739784002304077,167671,4687816,4692604,4690282,426711,0,762,0
27.76950192451477,167671,4687816,4692604,4690282,426711,0,762,0
27.799314975738525,167671,4687816,4692604,4690282,426711,0,762,0
27.828929901123047,167671,4687816,4692604,4690282,426711,0,762,0
27.858509063720703,167671,4687816,4692604,4690282,426711,0,762,0
27.88770604133606,167671,4687816,4692604,4690282,426711,0,762,0
27.916810989379883,167671,4687816,4692604,4690282,426711,0,762,0
27.9464590549469,167671,4687816,4692604,4690282,426711,0,762,0
27.975389003753662,167671,4687816,4692604,4690282,426711,0,762,0
28.004719018936157,167671,4687816,4692604,4690282,426711,0,762,0
28.03452706336975,167671,4687816,4692604,4690282,426711,0,762,0
28.064028024673462,167671,4687816,4692604,4690282,426711,0,762,0
28.09384298324585,167671,4687816,4692604,4690282,426711,0,762,0
28.123619079589844,167671,4687816,4692604,4690282,426711,0,762,0
28.15334391593933,167671,4687816,4692604,4690282,426711,0,762,0
28.182508945465088,167671,4687816,4692604,4690282,426711,0,762,0
28.211792945861816,167671,4687816,4692604,4690282,426711,0,762,0
28.24156904220581,167671,4687816,4692604,4690282,426711,0,762,0
28.270962953567505,167671,4687816,4692604,4690282,426711,0,762,0
28.30068302154541,167671,4687816,4692604,4690282,426711,0,762,0
28.330209016799927,167671,4687816,4692604,4690282,426711,0,762,0
28.35994791984558,167671,4687816,4692604,4690282,426711,0,762,0
28.38894510269165,167671,4687816,4692604,4690282,426711,0,762,0
28.418966054916382,167671,4687816,4692604,4690282,426711,0,762,0
28.448960065841675,167671,4687816,4692604,4690282,426711,0,762,0
28.47881007194519,167671,4687816,4692604,4690282,426711,0,762,0
28.507930994033813,167671,4687816,4692604,4690282,426711,0,762,0
28.536956071853638,167671,4687816,4692604,4690282,426711,0,762,0
28.566762924194336,167671,4687816,4692604,4690282,426711,0,762,0
28.59660506248474,167671,4687816,4692604,4690282,426711,0,762,0
28.6265869140625,167671,4687816,4692604,4690282,426711,0,762,0
28.656455993652344,167671,4687816,4692604,4690282,426711,0,762,0
28.686039924621582,167671,4687816,4692604,4690282,426711,0,762,0
28.715914011001587,167671,4687816,4692604,4690282,426711,0,762,0
28.74525809288025,167671,4687992,4692732,4690458,426715,0,762,0
28.774303913116455,167671,4688248,4692988,4690714,426819,0,762,0
28.803941011428833,167671,4689272,4694012,4691738,427075,0,762,0
28.833942890167236,167671,4689272,4694012,4691738,427075,0,762,0
28.86386799812317,167671,4691320,4696060,4693786,427587,0,762,0
28.893687963485718,167671,4691320,4696060,4693786,427587,0,762,0
28.923599004745483,167671,4691320,4696060,4693786,427587,0,762,0
28.953675031661987,167671,4691320,4696060,4693786,427587,0,762,0
28.983283042907715,167671,4691320,4696060,4693786,427587,0,762,0
29.013218879699707,167671,4691320,4696060,4693786,427587,0,762,0
29.043073892593384,167671,4691320,4696060,4693786,427587,0,762,0
29.072926998138428,167671,4691320,4696060,4693786,427587,0,762,0
29.102724075317383,167671,4691320,4696060,4693786,427587,0,762,0
29.132736921310425,167671,4691320,4696060,4693786,427587,0,762,0
29.162458896636963,167671,4691320,4696060,4693786,427587,0,762,0
29.192291975021362,167671,4691320,4696060,4693786,427587,0,762,0
29.221888065338135,167671,4691320,4696060,4693786,427587,0,762,0
29.25222110748291,167671,4691320,4696060,4693786,427587,0,762,0
29.282130002975464,167671,4691320,4696060,4693786,427587,0,762,0
29.312026977539062,167671,4691320,4696060,4693786,427587,0,762,0
29.341422080993652,167671,4691320,4696060,4693786,427587,0,762,0
29.370732069015503,167671,4691320,4696060,4693786,427587,0,762,0
29.400574922561646,167671,4691320,4696060,4693786,427587,0,762,0
29.430674076080322,167671,4691320,4696060,4693786,427587,0,762,0
29.460793018341064,167671,4691320,4696060,4693786,427587,0,762,0
29.49059295654297,167671,4691320,4696060,4693786,427587,0,762,0
29.52045488357544,167671,4691320,4696060,4693786,427587,0,762,0
29.550230979919434,167671,4691320,4696060,4693786,427587,0,762,0
29.580195903778076,167671,4691320,4696060,4693786,427587,0,762,0
29.609877109527588,167671,4691320,4696060,4693786,427587,0,762,0
29.639745950698853,167671,4691320,4696060,4693786,427587,0,762,0
29.67003893852234,167671,4691320,4696060,4693786,427587,0,762,0
29.699455976486206,167671,4691320,4696060,4693786,427587,0,762,0
29.729126930236816,167671,4691320,4696060,4693786,427587,0,762,0
29.758522987365723,167671,4691320,4696060,4693786,427587,0,762,0
29.78828501701355,167671,4691320,4696060,4693786,427587,0,762,0
29.81752610206604,167671,4691320,4696060,4693786,427587,0,762,0
29.8468120098114,167671,4691320,4696060,4693786,427587,0,762,0
29.877131938934326,167671,4691320,4696060,4693786,427587,0,762,0
29.9064199924469,167671,4691320,4696060,4693786,427587,0,762,0
29.935753107070923,167671,4691320,4696060,4693786,427587,0,762,0
29.965698957443237,167671,4691320,4696060,4693786,427587,0,762,0
29.995712995529175,167671,4691320,4696060,4693786,427587,0,762,0
30.025521993637085,167671,4691320,4696060,4693786,427587,0,762,0
30.05531907081604,167671,4691320,4696060,4693786,427587,0,762,0
30.08518695831299,167671,4691320,4696060,4693786,427587,0,762,0
30.11441397666931,167671,4691320,4696060,4693786,427587,0,762,0
30.14416193962097,167671,4691320,4696060,4693786,427587,0,762,0
30.173577070236206,167671,4691320,4696060,4693786,427587,0,762,0
30.203409910202026,167671,4690344,4696060,4693786,427587,0,762,0
30.23360300064087,167671,4691320,4696060,4693786,427587,0,762,0
30.263427019119263,167671,4691320,4696060,4693786,427587,0,762,0
30.29373788833618,167671,4691320,4696060,4693786,427587,0,762,0
30.32359504699707,167671,4691320,4696060,4693786,427587,0,762,0
30.353414058685303,167671,4691320,4696060,4693786,427587,0,762,0
30.382713079452515,167671,4691320,4696060,4693786,427587,0,762,0
30.412709951400757,167671,4691320,4696060,4693786,427587,0,762,0
30.441895961761475,167671,4691320,4696060,4693786,427587,0,762,0
30.471565008163452,167671,4691320,4696060,4693786,427587,0,762,0
30.501331090927124,167671,4691320,4696060,4693786,427587,0,762,0
30.531065940856934,167671,4691320,4696060,4693786,427587,0,762,0
30.56082797050476,167671,4691320,4696060,4693786,427587,0,762,0
30.59070110321045,167671,4691320,4696060,4693786,427587,0,762,0
30.620431900024414,167671,4691320,4696060,4693786,427587,0,762,0
30.65028405189514,167671,4691320,4696060,4693786,427587,0,762,0
30.68015193939209,167671,4691320,4696060,4693786,427587,0,762,0
30.710453987121582,167671,4691320,4696060,4693786,427587,0,762,0
30.740241050720215,167671,4691320,4696060,4693786,427587,0,762,0
30.769859075546265,167671,4691320,4696060,4693786,427587,0,762,0
30.798890113830566,167671,4691320,4696060,4693786,427587,0,762,0
30.827769994735718,167671,4691320,4696060,4693786,427587,0,762,0
30.85681700706482,167671,4691320,4696060,4693786,427587,0,762,0
30.885796070098877,167671,4691320,4696060,4693786,427587,0,762,0
30.914835929870605,167671,4691320,4696060,4693786,427587,0,762,0
30.943991899490356,167671,4691320,4696060,4693786,427587,0,762,0
30.972842931747437,167671,4691320,4696060,4693786,427587,0,762,0
31.00189995765686,167671,4691320,4696060,4693786,427587,0,762,0
31.030850887298584,167671,4691320,4696060,4693786,427587,0,762,0
31.059771060943604,167671,4691320,4696060,4693786,427587,0,762,0
31.088762044906616,167671,4691320,4696060,4693786,427587,0,762,0
31.11778497695923,167671,4691320,4696060,4693786,427587,0,762,0
31.14699101448059,167671,4691320,4696060,4693786,427587,0,762,0
31.175890922546387,167671,4691320,4696060,4693786,427587,0,762,0
31.20476198196411,167671,4691320,4696060,4693786,427587,0,762,0
31.23387098312378,167671,4691320,4696060,4693786,427587,0,762,0
31.262778997421265,167671,4691320,4696060,4693786,427587,0,762,0
31.29175901412964,167671,4691320,4696060,4693786,427587,0,762,0
31.320755004882812,167671,4691320,4696060,4693786,427587,0,762,0
31.350099086761475,167671,4691320,4696060,4693786,427587,0,762,0
31.38080096244812,167671,4691320,4696060,4693786,427587,0,762,0
31.409796953201294,167671,4691320,4696060,4693786,427587,0,762,0
31.438783884048462,167671,4691320,4696060,4693786,427587,0,762,0
31.467731952667236,167671,4691320,4696060,4693786,427587,0,762,0
31.496752977371216,167671,4691320,4696060,4693786,427587,0,762,0
31.525820016860962,167671,4691320,4696060,4693786,427587,0,762,0
31.55533194541931,167671,4691320,4696060,4693786,427587,0,762,0
31.584424018859863,167671,4691320,4696060,4693786,427587,0,762,0
31.61356806755066,167671,4691320,4696060,4693786,427587,0,762,0
31.642667055130005,167671,4691320,4696060,4693786,427587,0,762,0
31.67166495323181,167671,4691320,4696060,4693786,427587,0,762,0
31.700676918029785,167671,4691320,4696060,4693786,427587,0,762,0
31.729857921600342,167671,4691320,4696060,4693786,427587,0,762,0
31.75909399986267,167671,4691320,4696060,4693786,427587,0,762,0
31.788065910339355,167671,4691320,4696060,4693786,427587,0,762,0
31.817142009735107,167671,4691320,4696060,4693786,427587,0,762,0
31.846179008483887,167671,4691320,4696060,4693786,427587,0,762,0
31.875205993652344,167671,4691320,4696060,4693786,427587,0,762,0
31.90432095527649,167671,4691320,4696060,4693786,427587,0,762,0
31.933409929275513,167671,4691320,4696060,4693786,427587,0,762,0
31.96286702156067,167671,4691320,4696060,4693786,427587,0,762,0
31.991816997528076,167671,4691320,4696060,4693786,427587,0,762,0
32.0208899974823,167671,4691320,4696060,4693786,427587,0,762,0
32.04979205131531,167671,4691320,4696060,4693786,427587,0,762,0
32.07877492904663,167671,4691320,4696060,4693786,427587,0,762,0
32.1077721118927,167671,4691320,4696060,4693786,427587,0,762,0
32.13676404953003,167671,4691320,4696060,4693786,427587,0,762,0
32.16583204269409,167671,4691320,4696060,4693786,427587,0,762,0
32.19479298591614,167671,4691320,4696060,4693786,427587,0,762,0
32.22370100021362,167671,4691320,4696060,4693786,427587,0,762,0
32.25270104408264,167671,4691320,4696060,4693786,427587,0,762,0
32.2814679145813,167671,4691320,4696060,4693786,427587,0,762,0
32.310462951660156,167671,4691320,4696060,4693786,427587,0,762,0
32.34032487869263,167671,4691320,4696060,4693786,427587,0,762,0
32.36980891227722,167671,4691320,4696060,4693786,427587,0,762,0
32.399056911468506,167671,4691320,4696060,4693786,427587,0,762,0
32.42803692817688,167671,4691320,4696060,4693786,427587,0,762,0
32.45708703994751,167671,4691320,4696060,4693786,427587,0,762,0
32.486210107803345,167671,4691320,4696060,4693786,427587,0,762,0
32.51516795158386,167671,4691320,4696060,4693786,427587,0,762,0
32.54430794715881,167671,4691320,4696060,4693786,427587,0,762,0
32.573683977127075,167671,4691320,4696060,4693786,427587,0,762,0
32.60283708572388,167671,4691320,4696060,4693786,427587,0,762,0
32.631906032562256,167671,4691320,4696060,4693786,427587,0,762,0
32.660799980163574,167671,4691320,4696060,4693786,427587,0,762,0
32.68986701965332,167671,4691320,4696060,4693786,427587,0,762,0
32.719024896621704,167671,4691320,4696060,4693786,427587,0,762,0
32.74807596206665,167671,4691320,4696060,4693786,427587,0,762,0
32.77734303474426,167671,4691320,4696060,4693786,427587,0,762,0
32.807048082351685,167671,4691320,4696060,4693786,427587,0,762,0
32.835954904556274,167671,4691320,4696060,4693786,427587,0,762,0
32.864952087402344,167671,4691320,4696060,4693786,427587,0,762,0
32.89393210411072,167671,4691320,4696060,4693786,427587,0,762,0
32.92289209365845,167671,4691320,4696060,4693786,427587,0,762,0
32.95189595222473,167671,4691320,4696060,4693786,427587,0,762,0
32.98080897331238,167671,4691320,4696060,4693786,427587,0,762,0
33.009929895401,167671,4691320,4696060,4693786,427587,0,762,0
33.0389039516449,167671,4691320,4696060,4693786,427587,0,762,0
33.06786489486694,167671,4691320,4696060,4693786,427587,0,762,0
33.09686088562012,167671,4691320,4696060,4693786,427587,0,762,0
33.125834941864014,167671,4691320,4696060,4693786,427587,0,762,0
33.15484309196472,167671,4691320,4696060,4693786,427587,0,762,0
33.18379497528076,167671,4691320,4696060,4693786,427587,0,762,0
33.21293902397156,167671,4691320,4696060,4693786,427587,0,762,0
33.24191188812256,167671,4691320,4696060,4693786,427587,0,762,0
33.270915031433105,167671,4691320,4696060,4693786,427587,0,762,0
33.29999589920044,167671,4691320,4696060,4693786,427587,0,762,0
33.33001899719238,167671,4691320,4696060,4693786,427587,0,762,0
33.35980010032654,167671,4691320,4696060,4693786,427587,0,762,0
33.38968896865845,167671,4691320,4696060,4693786,427587,0,762,0
33.41994500160217,167671,4691320,4696060,4693786,427587,0,762,0
33.44932198524475,167671,4691320,4696060,4693786,427587,0,762,0
33.47893691062927,167671,4691320,4696060,4693786,427587,0,762,0
33.50896906852722,167671,4691320,4696060,4693786,427587,0,762,0
33.538548946380615,167671,4691320,4696060,4693786,427587,0,762,0
33.56845498085022,167671,4691320,4696060,4693786,427587,0,762,0
33.598588943481445,167671,4691320,4696060,4693786,427587,0,762,0
33.628952980041504,167671,4691320,4696060,4693786,427587,0,762,0
33.658929109573364,167671,4691320,4696060,4693786,427587,0,762,0
33.688880920410156,167671,4691320,4696060,4693786,427587,0,762,0
33.718931913375854,167671,4691320,4696060,4693786,427587,0,762,0
33.748547077178955,167671,4691320,4696060,4693786,427587,0,762,0
33.778685092926025,167671,4691320,4696060,4693786,427587,0,762,0
33.808809995651245,167671,4691320,4696060,4693786,427587,0,762,0
33.839256048202515,167671,4691320,4696060,4693786,427587,0,762,0
33.869056940078735,167671,4691320,4696060,4693786,427587,0,762,0
33.89899802207947,167671,4691320,4696060,4693786,427587,0,762,0
33.92896008491516,167671,4691320,4696060,4693786,427587,0,762,0
33.95894002914429,167671,4691320,4696060,4693786,427587,0,762,0
33.988938093185425,167671,4691320,4696060,4693786,427587,0,762,0
34.01893901824951,167671,4691320,4696060,4693786,427587,0,762,0
34.049192905426025,167671,4691320,4696060,4693786,427587,0,762,0
34.07885503768921,167671,4691320,4696060,4693786,427587,0,762,0
34.108664989471436,167671,4691320,4696060,4693786,427587,0,762,0
34.13830304145813,167671,4691320,4696060,4693786,427587,0,762,0
34.167651891708374,167671,4691320,4696060,4693786,427587,0,762,0
34.196836948394775,167671,4691320,4696060,4693786,427587,0,762,0
34.225953102111816,167671,4691320,4696060,4693786,427587,0,762,0
34.2552011013031,167671,4691320,4696060,4693786,427587,0,762,0
34.28501009941101,167671,4691320,4696060,4693786,427587,0,762,0
34.314960956573486,167671,4691320,4696060,4693786,427587,0,762,0
34.34492802619934,167671,4691320,4696060,4693786,427587,0,762,0
34.374948024749756,167671,4691320,4696060,4693786,427587,0,762,0
34.40496206283569,167671,4691320,4696060,4693786,427587,0,762,0
34.434942960739136,167671,4691320,4696060,4693786,427587,0,762,0
34.46493697166443,167671,4691320,4696060,4693786,427587,0,762,0
34.49493408203125,167671,4691320,4696060,4693786,427587,0,762,0
34.52491092681885,167671,4691320,4696060,4693786,427587,0,762,0
34.55485510826111,167671,4691320,4696060,4693786,427587,0,762,0
34.58487010002136,167671,4691320,4696060,4693786,427587,0,762,0
34.614392042160034,167671,4691320,4696060,4693786,427587,0,762,0
34.644766092300415,167671,4691320,4696060,4693786,427587,0,762,0
34.67475891113281,167671,4691320,4696060,4693786,427587,0,762,0
34.70476293563843,167671,4691320,4696060,4693786,427587,0,762,0
34.73499608039856,167671,4691320,4696060,4693786,427587,0,762,0
34.764983892440796,167671,4691320,4696060,4693786,427587,0,762,0
34.794578075408936,167671,4691320,4696060,4693786,427587,0,762,0
34.82431888580322,167671,4691320,4696060,4693786,427587,0,762,0
34.85435390472412,167671,4691320,4696060,4693786,427587,0,762,0
34.88497591018677,167671,4691320,4696060,4693786,427587,0,762,0
34.914939880371094,167671,4691320,4696060,4693786,427587,0,762,0
34.944828033447266,167671,4691320,4696060,4693786,427587,0,762,0
34.97448205947876,167671,4691320,4696060,4693786,427587,0,762,0
35.00400495529175,167671,4691320,4696060,4693786,427587,0,762,0
35.03396391868591,167671,4691320,4696060,4693786,427587,0,762,0
35.06394290924072,167671,4691320,4696060,4693786,427587,0,762,0
35.09458303451538,167671,4691320,4696060,4693786,427587,0,762,0
35.12476706504822,167671,4691320,4696060,4693786,427587,0,762,0
35.15481400489807,167671,4691320,4696060,4693786,427587,0,762,0
35.184834003448486,167671,4691320,4696060,4693786,427587,0,762,0
35.21502900123596,167671,4691320,4696060,4693786,427587,0,762,0
35.24504804611206,167671,4691320,4696060,4693786,427587,0,762,0
35.27662992477417,167671,4691320,4696060,4693786,427587,0,762,0
35.30661392211914,167671,4691320,4696060,4693786,427587,0,762,0
35.33615207672119,167671,4691320,4696060,4693786,427587,0,762,0
35.365878105163574,167671,4691320,4696060,4693786,427587,0,762,0
35.39568591117859,167671,4691320,4696060,4693786,427587,0,762,0
35.42544102668762,167671,4691320,4696060,4693786,427587,0,762,0
35.45495796203613,167671,4691320,4696060,4693786,427587,0,762,0
35.484939098358154,167671,4691320,4696060,4693786,427587,0,762,0
35.51491594314575,167671,4691320,4696060,4693786,427587,0,762,0
35.54462504386902,167671,4691320,4696060,4693786,427587,0,762,0
35.574557065963745,167671,4691320,4696060,4693786,427587,0,762,0
35.60372805595398,167671,4691320,4696060,4693786,427587,0,762,0
35.63291597366333,167671,4691320,4696060,4693786,427587,0,762,0
35.662014961242676,167671,4691320,4696060,4693786,427587,0,762,0
35.691314935684204,167671,4691320,4696060,4693786,427587,0,762,0
35.72090411186218,167671,4691320,4696060,4693786,427587,0,762,0
35.75002598762512,167671,4691320,4696060,4693786,427587,0,762,0
35.77931094169617,167671,4691320,4696060,4693786,427587,0,762,0
35.80864596366882,167671,4691320,4696060,4693786,427587,0,762,0
35.83791708946228,167671,4691320,4696060,4693786,427587,0,762,0
35.86706495285034,167671,4691320,4696060,4693786,427587,0,762,0
35.89630889892578,167671,4691320,4696060,4693786,427587,0,762,0
35.92643094062805,167671,4691320,4696060,4693786,427587,0,762,0
35.9557409286499,167671,4691320,4696060,4693786,427587,0,762,0
35.98535394668579,167671,4691320,4696060,4693786,427587,0,762,0
36.01483702659607,167671,4691320,4696060,4693786,427587,0,762,0
36.044331073760986,167671,4691320,4696060,4693786,427587,0,762,0
36.07353901863098,167671,4691320,4696060,4693786,427587,0,762,0
36.102827072143555,167671,4691320,4696060,4693786,427587,0,762,0
36.13296890258789,167671,4691320,4696060,4693786,427587,0,762,0
36.16254806518555,167671,4691320,4696060,4693786,427587,0,762,0
36.19197106361389,167671,4691320,4696060,4693786,427587,0,762,0
36.221981048583984,167671,4691320,4696060,4693786,427587,0,762,0
36.25090289115906,167671,4691320,4696060,4693786,427587,0,762,0
36.27966809272766,167671,4691320,4696060,4693786,427587,0,762,0
36.30862593650818,167671,4691320,4696060,4693786,427587,0,762,0
36.33791899681091,167671,4691320,4696060,4693786,427587,0,762,0
36.36679291725159,167671,4691320,4696060,4693786,427587,0,762,0
36.39566898345947,167671,4691320,4696060,4693786,427587,0,762,0
36.42461395263672,167671,4691320,4696060,4693786,427587,0,762,0
36.453460931777954,167671,4691320,4696060,4693786,427587,0,762,0
36.482014894485474,167671,4691320,4696060,4693786,427587,0,762,0
36.51090097427368,167671,4691320,4696060,4693786,427587,0,762,0
36.54093790054321,167671,4691320,4696060,4693786,427587,0,762,0
36.57056903839111,167671,4691320,4696060,4693786,427587,0,762,0
36.600337982177734,167671,4691320,4696060,4693786,427587,0,762,0
36.62999701499939,167671,4691320,4696060,4693786,427587,0,762,0
36.658955097198486,167671,4691320,4696060,4693786,427587,0,762,0
36.68777894973755,167671,4691320,4696060,4693786,427587,0,762,0
36.716618061065674,167671,4691320,4696060,4693786,427587,0,762,0
36.74570608139038,167671,4691320,4696060,4693786,427587,0,762,0
36.77453899383545,167671,4691320,4696060,4693786,427587,0,762,0
36.80338001251221,167671,4691320,4696060,4693786,427587,0,762,0
36.832019090652466,167671,4691320,4696060,4693786,427587,0,762,0
36.861669063568115,167671,4691320,4696060,4693786,427587,0,762,0
36.89050006866455,167671,4691320,4696060,4693786,427587,0,762,0
36.919636964797974,167671,4691320,4696060,4693786,427587,0,762,0
36.94934105873108,167671,4691320,4696060,4693786,427587,0,762,0
36.979198932647705,167671,4691320,4696060,4693786,427587,0,762,0
37.0089008808136,167671,4691320,4696060,4693786,427587,0,762,0
37.03881311416626,167671,4691320,4696060,4693786,427587,0,762,0
37.0686309337616,167671,4691320,4696060,4693786,427587,0,762,0
37.098280906677246,167671,4691320,4696060,4693786,427587,0,762,0
37.12815809249878,167671,4691320,4696060,4693786,427587,0,762,0
37.158164978027344,167671,4691320,4696060,4693786,427587,0,762,0
37.187844038009644,167671,4691320,4696060,4693786,427587,0,762,0
37.21974802017212,167671,4691320,4696060,4693786,427587,0,762,0
37.24955606460571,167671,4691320,4696060,4693786,427587,0,762,0
37.27941703796387,167671,4691320,4696060,4693786,427587,0,762,0
37.30917310714722,167671,4691320,4696060,4693786,427587,0,762,0
37.33888292312622,167671,4691320,4696060,4693786,427587,0,762,0
37.36877489089966,167671,4691320,4696060,4693786,427587,0,762,0
37.398720026016235,167671,4691320,4696060,4693786,427587,0,762,0
37.42839002609253,167671,4691320,4696060,4693786,427587,0,762,0
37.4577910900116,167671,4691320,4696060,4693786,427587,0,762,0
37.487093925476074,167671,4691320,4696060,4693786,427587,0,762,0
37.51684498786926,167671,4691320,4696060,4693786,427587,0,762,0
37.546509981155396,167671,4691320,4696060,4693786,427587,0,762,0
37.57616090774536,167671,4691320,4696060,4693786,427587,0,762,0
37.604772090911865,167671,4691320,4696060,4693786,427587,0,762,0
37.63342905044556,167671,4691320,4696060,4693786,427587,0,762,0
37.66312789916992,167671,4691320,4696060,4693786,427587,0,762,0
37.692821979522705,167671,4691320,4696060,4693786,427587,0,762,0
37.722671031951904,167671,4691320,4696060,4693786,427587,0,762,0
37.75190806388855,167671,4691320,4696060,4693786,427587,0,762,0
37.782078981399536,167671,4691320,4696060,4693786,427587,0,762,0
37.81132507324219,167671,4691320,4696060,4693786,427587,0,762,0
37.840883016586304,167671,4691320,4696060,4693786,427587,0,762,0
37.870038986206055,167671,4691320,4696060,4693786,427587,0,762,0
37.899620056152344,167671,4691320,4696060,4693786,427587,0,762,0
37.929445028305054,167671,4691320,4696060,4693786,427587,0,762,0
37.959197998046875,167671,4691320,4696060,4693786,427587,0,762,0
37.98917198181152,167671,4691320,4696060,4693786,427587,0,762,0
38.01914405822754,167671,4691320,4696060,4693786,427587,0,762,0
38.04889893531799,167671,4691320,4696060,4693786,427587,0,762,0
38.07881689071655,167671,4691320,4696060,4693786,427587,0,762,0
38.108505964279175,167671,4691320,4696060,4693786,427587,0,762,0
38.138187885284424,167671,4691320,4696060,4693786,427587,0,762,0
38.17080497741699,167671,4691320,4696060,4693786,427587,0,762,0
38.20071291923523,167671,4691320,4696060,4693786,427587,0,762,0
38.23054599761963,167671,4691320,4696060,4693786,427587,0,762,0
38.25970005989075,167671,4691320,4696060,4693786,427587,0,762,0
38.28957200050354,167671,4691320,4696060,4693786,427587,0,762,0
38.319523096084595,167671,4691320,4696060,4693786,427587,0,762,0
38.34915089607239,167671,4691320,4696060,4693786,427587,0,762,0
38.37889003753662,167671,4691320,4696060,4693786,427587,0,762,0
38.408607006073,167671,4691320,4696060,4693786,427587,0,762,0
38.438334941864014,167671,4691320,4696060,4693786,427587,0,762,0
38.46811294555664,167671,4691320,4696060,4693786,427587,0,762,0
38.49774503707886,167671,4691320,4696060,4693786,427587,0,762,0
38.52729105949402,167671,4691320,4696060,4693786,427587,0,762,0
38.556803941726685,167671,4691320,4696060,4693786,427587,0,762,0
38.586503982543945,167671,4691320,4696060,4693786,427587,0,762,0
38.61616396903992,167671,4691320,4696060,4693786,427587,0,762,0
38.6457359790802,167671,4691320,4696060,4693786,427587,0,762,0
38.67533087730408,167671,4691320,4696060,4693786,427587,0,762,0
38.704927921295166,167671,4691320,4696060,4693786,427587,0,762,0
38.73458790779114,167671,4691320,4696060,4693786,427587,0,762,0
38.76426291465759,167671,4691320,4696060,4693786,427587,0,762,0
38.79402995109558,167671,4691320,4696060,4693786,427587,0,762,0
38.8238160610199,167671,4691320,4696060,4693786,427587,0,762,0
38.8536159992218,167671,4691320,4696060,4693786,427587,0,762,0
38.882813930511475,167671,4691320,4696060,4693786,427587,0,762,0
38.911531925201416,167671,4691320,4696060,4693786,427587,0,762,0
38.9402539730072,167671,4691320,4696060,4693786,427587,0,762,0
38.969889879226685,167671,4691320,4696060,4693786,427587,0,762,0
38.99901604652405,167671,4691320,4696060,4693786,427587,0,762,0
39.02778601646423,167671,4691320,4696060,4693786,427587,0,762,0
39.05672907829285,167671,4691320,4696060,4693786,427587,0,762,0
39.08540391921997,167671,4691320,4696060,4693786,427587,0,762,0
39.11415410041809,167671,4691320,4696060,4693786,427587,0,762,0
39.143933057785034,167671,4691320,4696060,4693786,427587,0,762,0
39.17273807525635,167671,4691320,4696060,4693786,427587,0,762,0
39.20152306556702,167671,4691320,4696060,4693786,427587,0,762,0
39.23027491569519,167671,4691320,4696060,4693786,427587,0,762,0
39.25921010971069,167671,4691320,4696060,4693786,427587,0,762,0
39.28783893585205,167671,4691320,4696060,4693786,427587,0,762,0
39.31756806373596,167671,4691320,4696060,4693786,427587,0,762,0
39.34728002548218,167671,4691320,4696060,4693786,427587,0,762,0
39.376986026763916,167671,4691320,4696060,4693786,427587,0,762,0
39.406797885894775,167671,4691320,4696060,4693786,427587,0,762,0
39.43633198738098,167671,4691320,4696060,4693786,427587,0,762,0
39.46607303619385,167671,4691320,4696060,4693786,427587,0,762,0
39.49581599235535,167671,4691320,4696060,4693786,427587,0,762,0
39.52554893493652,167671,4691320,4696060,4693786,427587,0,762,0
39.55528688430786,167671,4691320,4696060,4693786,427587,0,762,0
39.58512306213379,167671,4691320,4696060,4693786,427587,0,762,0
39.614259004592896,167671,4691320,4696060,4693786,427587,0,762,0
39.64414596557617,167671,4691320,4696060,4693786,427587,0,762,0
39.67363905906677,167671,4691320,4696060,4693786,427587,0,762,0
39.70261597633362,167671,4691320,4696060,4693786,427587,0,762,0
39.731281995773315,167671,4691320,4696060,4693786,427587,0,762,0
39.760518074035645,167671,4691320,4696060,4693786,427587,0,762,0
39.79057788848877,167671,4691320,4696060,4693786,427587,0,762,0
39.819873094558716,167671,4691320,4696060,4693786,427587,0,762,0
39.84933090209961,167671,4691320,4696060,4693786,427587,0,762,0
39.87919497489929,167671,4691320,4696060,4693786,427587,0,762,0
39.90898394584656,167671,4691320,4696060,4693786,427587,0,762,0
39.93868398666382,167671,4691320,4696060,4693786,427587,0,762,0
39.96799898147583,167671,4691320,4696060,4693786,427587,0,762,0
39.99727702140808,167671,4691320,4696060,4693786,427587,0,762,0
40.02688694000244,167671,4691320,4696060,4693786,427587,0,762,0
40.05657410621643,167671,4691320,4696060,4693786,427587,0,762,0
40.08618402481079,167671,4691320,4696060,4693786,427587,0,762,0
40.11874294281006,167671,4691320,4696060,4693786,427587,0,762,0
40.14788889884949,167671,4691320,4696060,4693786,427587,0,762,0
40.177627086639404,167671,4691320,4696060,4693786,427587,0,762,0
40.207037925720215,167671,4691320,4696060,4693786,427587,0,762,0
40.23682999610901,167671,4691320,4696060,4693786,427587,0,762,0
40.266979932785034,167671,4691320,4696060,4693786,427587,0,762,0
40.296502113342285,167671,4691320,4696060,4693786,427587,0,762,0
40.326318979263306,167671,4691320,4696060,4693786,427587,0,762,0
40.35555696487427,167671,4691320,4696060,4693786,427587,0,762,0
40.38433003425598,167671,4691320,4696060,4693786,427587,0,762,0
40.4140899181366,167671,4691320,4696060,4693786,427587,0,762,0
40.44422006607056,167671,4691320,4696060,4693786,427587,0,762,0
40.47416806221008,167671,4691320,4696060,4693786,427587,0,762,0
40.50429105758667,167671,4691320,4696060,4693786,427587,0,762,0
40.53427004814148,167671,4691320,4696060,4693786,427587,0,762,0
40.56420397758484,167671,4691320,4696060,4693786,427587,0,762,0
40.593611001968384,167671,4691320,4696060,4693786,427587,0,762,0
40.62374305725098,167671,4691320,4696060,4693786,427587,0,762,0
40.65377593040466,167671,4691320,4696060,4693786,427587,0,762,0
40.68290996551514,167671,4691320,4696060,4693786,427587,0,762,0
40.71279788017273,167671,4691320,4696060,4693786,427587,0,762,0
40.74271893501282,167671,4691320,4696060,4693786,427587,0,762,0
40.77238988876343,167671,4691320,4696060,4693786,427587,0,762,0
40.80176401138306,167671,4691320,4696060,4693786,427587,0,762,0
40.8316969871521,167671,4691320,4696060,4693786,427587,0,762,0
40.86131811141968,167671,4691320,4696060,4693786,427587,0,762,0
40.8906888961792,167671,4691320,4696060,4693786,427587,0,762,0
40.920953035354614,167671,4691320,4696060,4693786,427587,0,762,0
40.95076107978821,167671,4691320,4696060,4693786,427587,0,762,0
40.98033809661865,167671,4691320,4696060,4693786,427587,0,762,0
41.00963497161865,167671,4691320,4696060,4693786,427587,0,762,0
41.03940200805664,167671,4691320,4696060,4693786,427587,0,762,0
41.06868505477905,167671,4691320,4696060,4693786,427587,0,762,0
41.09872889518738,167671,4691320,4696060,4693786,427587,0,762,0
41.128556966781616,167671,4691320,4696060,4693786,427587,0,762,0
41.158469915390015,167671,4691320,4696060,4693786,427587,0,762,0
41.187947034835815,167671,4691320,4696060,4693786,427587,0,762,0
41.21755599975586,167671,4691320,4696060,4693786,427587,0,762,0
41.24681997299194,167671,4691320,4696060,4693786,427587,0,762,0
41.276001930236816,167671,4691320,4696060,4693786,427587,0,762,0
41.30504393577576,167671,4691320,4696060,4693786,427587,0,762,0
41.335488080978394,167671,4691320,4696060,4693786,427587,0,762,0
41.365381956100464,167671,4691320,4696060,4693786,427587,0,762,0
41.39462399482727,167671,4691320,4696060,4693786,427587,0,762,0
41.42476010322571,167671,4691320,4696060,4693786,427587,0,762,0
41.453943967819214,167671,4691320,4696060,4693786,427587,0,762,0
41.482938051223755,167671,4691320,4696060,4693786,427587,0,762,0
41.512612104415894,167671,4691320,4696060,4693786,427587,0,762,0
41.54292702674866,167671,4691320,4696060,4693786,427587,0,762,0
41.57270407676697,167671,4691320,4696060,4693786,427587,0,762,0
41.6025230884552,167671,4691320,4696060,4693786,427587,0,762,0
41.632375955581665,167671,4691320,4696060,4693786,427587,0,762,0
41.662333965301514,167671,4691320,4696060,4693786,427587,0,762,0
41.692161083221436,167671,4691320,4696060,4693786,427587,0,762,0
41.720937967300415,167671,4691320,4696060,4693786,427587,0,762,0
41.75091505050659,167671,4691320,4696060,4693786,427587,0,762,0
41.780909061431885,167671,4691320,4696060,4693786,427587,0,762,0
41.81082105636597,167671,4691320,4696060,4693786,427587,0,762,0
41.84072494506836,167671,4691320,4696060,4693786,427587,0,762,0
41.87056493759155,167671,4691320,4696060,4693786,427587,0,762,0
41.90051007270813,167671,4691320,4696060,4693786,427587,0,762,0
41.92967104911804,167671,4691320,4696060,4693786,427587,0,762,0
41.95991587638855,167671,4691320,4696060,4693786,427587,0,762,0
41.990046977996826,167671,4691320,4696060,4693786,427587,0,762,0
42.02056288719177,167671,4691320,4696060,4693786,427587,0,762,0
42.05072903633118,167671,4691320,4696060,4693786,427587,0,762,0
42.08186388015747,167671,4691320,4696060,4693786,427587,0,762,0
42.111807107925415,167671,4691320,4696060,4693786,427587,0,762,0
42.141244888305664,167671,4691320,4696060,4693786,427587,0,762,0
42.171191930770874,167671,4691320,4696060,4693786,427587,0,762,0
42.200865030288696,167671,4691320,4696060,4693786,427587,0,762,0
42.2299370765686,167671,4691320,4696060,4693786,427587,0,762,0
42.258934020996094,167671,4691320,4696060,4693786,427587,0,762,0
42.287758111953735,167671,4691320,4696060,4693786,427587,0,762,0
42.31659507751465,167671,4691320,4696060,4693786,427587,0,762,0
42.34548306465149,167671,4691320,4696060,4693786,427587,0,762,0
42.37479591369629,167671,4691320,4696060,4693786,427587,0,762,0
42.403780937194824,167671,4691320,4696060,4693786,427587,0,762,0
42.432629108428955,167671,4691320,4696060,4693786,427587,0,762,0
42.461524963378906,167671,4691320,4696060,4693786,427587,0,762,0
42.490549087524414,167671,4691320,4696060,4693786,427587,0,762,0
42.52049708366394,167671,4691320,4696060,4693786,427587,0,762,0
42.549586057662964,167671,4691320,4696060,4693786,427587,0,762,0
42.57995295524597,167671,4691320,4696060,4693786,427587,0,762,0
42.60893702507019,167671,4691320,4696060,4693786,427587,0,762,0
42.63874697685242,167671,4691320,4696060,4693786,427587,0,762,0
42.66786193847656,167671,4691320,4696060,4693786,427587,0,762,0
42.69769310951233,167671,4691320,4696060,4693786,427587,0,762,0
42.726710081100464,167671,4691320,4696060,4693786,427587,0,762,0
42.757001876831055,167671,4691376,4696188,4693842,427601,0,762,0
42.78765106201172,167671,4691376,4696188,4693842,427601,0,762,0
42.81686592102051,167671,4691376,4696188,4693842,427601,0,762,0
42.846765995025635,167671,4691376,4696188,4693842,427601,0,762,0
42.876879930496216,167671,4691376,4696188,4693842,427601,0,762,0
42.90594005584717,167671,4691376,4696188,4693842,427601,0,762,0
42.93571496009827,167671,4691376,4696188,4693842,427601,0,762,0
42.964926958084106,167671,4691376,4696188,4693842,427601,0,762,0
42.994786977767944,167671,4691376,4696188,4693842,427601,0,762,0
43.02467107772827,167671,4691376,4696188,4693842,427601,0,762,0
43.05484390258789,167671,4691376,4696188,4693842,427601,0,762,0
43.08473300933838,167671,4691376,4696188,4693842,427601,0,762,0
43.114521980285645,167671,4691376,4696188,4693842,427601,0,762,0
43.14382195472717,167671,4691376,4696188,4693842,427601,0,762,0
43.17376399040222,167671,4691376,4696188,4693842,427601,0,762,0
43.20431995391846,167671,4691376,4696188,4693842,427601,0,762,0
43.23331904411316,167671,4691376,4696188,4693842,427601,0,762,0
43.26302909851074,167671,4691376,4696188,4693842,427601,0,762,0
43.291950941085815,167671,4691376,4696188,4693842,427601,0,762,0
43.32174897193909,167671,4691376,4696188,4693842,427601,0,762,0
43.350584983825684,167671,4691376,4696188,4693842,427601,0,762,0
43.380428075790405,167671,4691376,4696188,4693842,427601,0,762,0
43.41049790382385,167671,4691376,4696188,4693842,427601,0,762,0
43.44005298614502,167671,4691376,4696188,4693842,427601,0,762,0
43.468952894210815,167671,4691376,4696188,4693842,427601,0,762,0
43.49873399734497,167671,4691376,4696188,4693842,427601,0,762,0
43.52860999107361,167671,4691376,4696188,4693842,427601,0,762,0
43.55818510055542,167671,4691376,4696188,4693842,427601,0,762,0
43.58792209625244,167671,4691376,4696188,4693842,427601,0,762,0
43.618529081344604,167671,4691376,4696188,4693842,427601,0,762,0
43.64814591407776,167671,4691376,4696188,4693842,427601,0,762,0
43.677932024002075,167671,4691376,4696188,4693842,427601,0,762,0
43.706944942474365,167671,4691376,4696188,4693842,427601,0,762,0
43.73658490180969,167671,4691376,4696188,4693842,427601,0,762,0
43.76646399497986,167671,4691376,4696188,4693842,427601,0,762,0
43.7964301109314,167671,4691376,4696188,4693842,427601,0,762,0
43.826886892318726,167671,4691376,4696188,4693842,427601,0,762,0
43.855835914611816,167671,4691376,4696188,4693842,427601,0,762,0
43.885586977005005,167671,4691376,4696188,4693842,427601,0,762,0
43.914926052093506,167671,4691376,4696188,4693842,427601,0,762,0
43.944775104522705,167671,4691376,4696188,4693842,427601,0,762,0
43.974618911743164,167671,4691376,4696188,4693842,427601,0,762,0
44.006052017211914,167671,4691376,4696188,4693842,427601,0,762,0
44.03643202781677,167671,4691376,4696188,4693842,427601,0,762,0
44.065985918045044,167671,4691376,4696188,4693842,427601,0,762,0
44.09585404396057,167671,4691376,4696188,4693842,427601,0,762,0
44.124943017959595,167671,4691376,4696188,4693842,427601,0,762,0
44.154767990112305,167671,4691376,4696188,4693842,427601,0,762,0
44.18466091156006,167671,4691376,4696188,4693842,427601,0,762,0
44.214651107788086,167671,4691384,4696188,4693850,427603,0,762,0
44.24443507194519,167671,4691384,4696188,4693850,427603,0,762,0
44.27420997619629,167671,4691384,4696188,4693850,427603,0,762,0
44.30394792556763,167671,4691384,4696188,4693850,427603,0,762,0
44.33302307128906,167671,4691384,4696188,4693850,427603,0,762,0
44.36284303665161,167671,4691384,4696188,4693850,427603,0,762,0
44.39267587661743,167671,4691384,4696188,4693850,427603,0,762,0
44.42168402671814,167671,4691384,4696188,4693850,427603,0,762,0
44.45191192626953,167671,4691384,4696188,4693850,427603,0,762,0
44.4819540977478,167671,4691384,4696188,4693850,427603,0,762,0
44.511898040771484,167671,4691384,4696188,4693850,427603,0,762,0
44.54161190986633,167671,4691384,4696188,4693850,427603,0,762,0
44.571455001831055,167671,4691384,4696188,4693850,427603,0,762,0
44.600517988204956,167671,4691384,4696188,4693850,427603,0,762,0
44.63053607940674,167671,4691384,4696188,4693850,427603,0,762,0
44.660675048828125,167671,4691384,4696188,4693850,427603,0,762,0
44.690524101257324,167671,4691384,4696188,4693850,427603,0,762,0
44.72065496444702,167671,4691384,4696188,4693850,427603,0,762,0
44.75052094459534,167671,4691384,4696188,4693850,427603,0,762,0
44.77961492538452,167671,4691384,4696188,4693850,427603,0,762,0
44.80902099609375,167671,4691384,4696188,4693850,427603,0,762,0
44.83881211280823,167671,4691384,4696188,4693850,427603,0,762,0
44.868906021118164,167671,4691384,4696188,4693850,427603,0,762,0
44.89788198471069,167671,4691384,4696188,4693850,427603,0,762,0
44.92776298522949,167671,4691384,4696188,4693850,427603,0,762,0
44.95771098136902,167671,4691384,4696188,4693850,427603,0,762,0
44.98790097236633,167671,4691384,4696188,4693850,427603,0,762,0
45.01776099205017,167671,4691384,4696188,4693850,427603,0,762,0
45.04763698577881,167671,4691384,4696188,4693850,427603,0,762,0
45.078022956848145,167671,4691384,4696188,4693850,427603,0,762,0
45.10803294181824,167671,4691384,4696188,4693850,427603,0,762,0
45.13786697387695,167671,4691384,4696188,4693850,427603,0,762,0
45.1678249835968,167671,4691384,4696188,4693850,427603,0,762,0
45.197598934173584,167671,4691384,4696188,4693850,427603,0,762,0
45.22648811340332,167671,4691384,4696188,4693850,427603,0,762,0
45.256465911865234,167671,4691384,4696188,4693850,427603,0,762,0
45.28616499900818,167671,4691384,4696188,4693850,427603,0,762,0
45.31601309776306,167671,4691384,4696188,4693850,427603,0,762,0
45.34590005874634,167671,4691384,4696188,4693850,427603,0,762,0
45.37580108642578,167671,4691384,4696188,4693850,427603,0,762,0
45.40567398071289,167671,4691384,4696188,4693850,427603,0,762,0
45.43493700027466,167671,4691384,4696188,4693850,427603,0,762,0
45.46477508544922,167671,4691384,4696188,4693850,427603,0,762,0
45.49398994445801,167671,4691384,4696188,4693850,427603,0,762,0
45.523762941360474,167671,4691384,4696188,4693850,427603,0,762,0
45.55276799201965,167671,4691384,4696188,4693850,427603,0,762,0
45.582802057266235,167671,4691384,4696188,4693850,427603,0,762,0
45.61203694343567,167671,4691384,4696188,4693850,427603,0,762,0
45.64209794998169,167671,4691384,4696188,4693850,427603,0,762,0
45.67214298248291,167671,4691384,4696188,4693850,427603,0,762,0
45.70155310630798,167671,4691384,4696188,4693850,427603,0,762,0
45.731595039367676,167671,4691384,4696188,4693850,427603,0,762,0
45.760907888412476,167671,4691384,4696188,4693850,427603,0,762,0
45.79086089134216,167671,4691384,4696188,4693850,427603,0,762,0
45.820641040802,167671,4691384,4696188,4693850,427603,0,762,0
45.85081505775452,167671,4691384,4696188,4693850,427603,0,762,0
45.880589962005615,167671,4691384,4696188,4693850,427603,0,762,0
45.910873889923096,167671,4691384,4696188,4693850,427603,0,762,0
45.9408540725708,167671,4691384,4696188,4693850,427603,0,762,0
45.97110390663147,167671,4691384,4696188,4693850,427603,0,762,0
46.001046895980835,167671,4691384,4696188,4693850,427603,0,762,0
46.03114700317383,167671,4691384,4696188,4693850,427603,0,762,0
46.06033706665039,167671,4691384,4696188,4693850,427603,0,762,0
46.09030508995056,167671,4691384,4696188,4693850,427603,0,762,0
46.12050700187683,167671,4691384,4696188,4693850,427603,0,762,0
46.15046501159668,167671,4691384,4696188,4693850,427603,0,762,0
46.179768085479736,167671,4691384,4696188,4693850,427603,0,762,0
46.20913100242615,167671,4691384,4696188,4693850,427603,0,762,0
46.238487005233765,167671,4691384,4696188,4693850,427603,0,762,0
46.26847505569458,167671,4691384,4696188,4693850,427603,0,762,0
46.29799509048462,167671,4691384,4696188,4693850,427603,0,762,0
46.328064918518066,167671,4691384,4696188,4693850,427603,0,762,0
46.357922077178955,167671,4691384,4696188,4693850,427603,0,762,0
46.38772797584534,167671,4691384,4696188,4693850,427603,0,762,0
46.417574882507324,167671,4691384,4696188,4693850,427603,0,762,0
46.44766902923584,167671,4691384,4696188,4693850,427603,0,762,0
46.4769389629364,167671,4691384,4696188,4693850,427603,0,762,0
46.50592494010925,167671,4691384,4696188,4693850,427603,0,762,0
46.53587508201599,167671,4691384,4696188,4693850,427603,0,762,0
46.56507205963135,167671,4691384,4696188,4693850,427603,0,762,0
46.59419107437134,167671,4691384,4696188,4693850,427603,0,762,0
46.62403988838196,167671,4691384,4696188,4693850,427603,0,762,0
46.653937101364136,167671,4691384,4696188,4693850,427603,0,762,0
46.68320298194885,167671,4691384,4696188,4693850,427603,0,762,0
46.71309494972229,167671,4691384,4696188,4693850,427603,0,762,0
46.742794036865234,167671,4691384,4696188,4693850,427603,0,762,0
46.77261304855347,167671,4691384,4696188,4693850,427603,0,762,0
46.80221700668335,167671,4691384,4696188,4693850,427603,0,762,0
46.83189296722412,167671,4691384,4696188,4693850,427603,0,762,0
46.86179709434509,167671,4691384,4696188,4693850,427603,0,762,0
46.891676902770996,167671,4691384,4696188,4693850,427603,0,762,0
46.92176103591919,167671,4691384,4696188,4693850,427603,0,762,0
46.951915979385376,167671,4691384,4696188,4693850,427603,0,762,0
46.98207497596741,167671,4691384,4696188,4693850,427603,0,762,0
47.011943101882935,167671,4691384,4696188,4693850,427603,0,762,0
47.04182696342468,167671,4691384,4696188,4693850,427603,0,762,0
47.071831941604614,167671,4691384,4696188,4693850,427603,0,762,0
47.10102701187134,167671,4691384,4696188,4693850,427603,0,762,0
47.13029503822327,167671,4691384,4696188,4693850,427603,0,762,0
47.16030406951904,167671,4691384,4696188,4693850,427603,0,762,0
47.19003891944885,167671,4691384,4696188,4693850,427603,0,762,0
47.21979904174805,167671,4691384,4696188,4693850,427603,0,762,0
47.24963092803955,167671,4691384,4696188,4693850,427603,0,762,0
47.27910900115967,167671,4691384,4696188,4693850,427603,0,762,0
47.308269023895264,167671,4691384,4696188,4693850,427603,0,762,0
47.33834910392761,167671,4691384,4696188,4693850,427603,0,762,0
47.36857199668884,167671,4691384,4696188,4693850,427603,0,762,0
47.39861297607422,167671,4691384,4696188,4693850,427603,0,762,0
47.42864799499512,167671,4691384,4696188,4693850,427603,0,762,0
47.458651065826416,167671,4691384,4696188,4693850,427603,0,762,0
47.488765001297,167671,4691384,4696188,4693850,427603,0,762,0
47.51870894432068,167671,4691384,4696188,4693850,427603,0,762,0
47.54883289337158,167671,4691384,4696188,4693850,427603,0,762,0
47.57892608642578,167671,4691384,4696188,4693850,427603,0,762,0
47.60866904258728,167671,4691384,4696188,4693850,427603,0,762,0
47.637885093688965,167671,4691384,4696188,4693850,427603,0,762,0
47.66721200942993,167671,4691384,4696188,4693850,427603,0,762,0
47.6971709728241,167671,4691384,4696188,4693850,427603,0,762,0
47.72678303718567,167671,4691384,4696188,4693850,427603,0,762,0
47.756319999694824,167671,4691384,4696188,4693850,427603,0,762,0
47.78582310676575,167671,4691384,4696188,4693850,427603,0,762,0
47.81555199623108,167671,4691384,4696188,4693850,427603,0,762,0
47.84481191635132,167671,4691384,4696188,4693850,427603,0,762,0
47.874682903289795,167671,4691384,4696188,4693850,427603,0,762,0
47.905280113220215,167671,4691384,4696188,4693850,427603,0,762,0
47.93510293960571,167671,4691384,4696188,4693850,427603,0,762,0
47.96502208709717,167671,4691384,4696188,4693850,427603,0,762,0
47.99537396430969,167671,4691384,4696188,4693850,427603,0,762,0
48.02545690536499,167671,4691384,4696188,4693850,427603,0,762,0
48.05518889427185,167671,4691384,4696188,4693850,427603,0,762,0
48.08491587638855,167671,4691384,4696188,4693850,427603,0,762,0
48.114742040634155,167671,4691384,4696188,4693850,427603,0,762,0
48.14483189582825,167671,4691384,4696188,4693850,427603,0,762,0
48.17459201812744,167671,4691384,4696188,4693850,427603,0,762,0
48.20482897758484,167671,4691384,4696188,4693850,427603,0,762,0
48.235058069229126,167671,4691384,4696188,4693850,427603,0,762,0
48.26447892189026,167671,4691384,4696188,4693850,427603,0,762,0
48.29375195503235,167671,4691384,4696188,4693850,427603,0,762,0
48.32380509376526,167671,4691384,4696188,4693850,427603,0,762,0
48.353848934173584,167671,4691384,4696188,4693850,427603,0,762,0
48.38384795188904,167671,4691384,4696188,4693850,427603,0,762,0
48.41347289085388,167671,4691384,4696188,4693850,427603,0,762,0
48.442676067352295,167671,4691384,4696188,4693850,427603,0,762,0
48.47194290161133,167671,4691384,4696188,4693850,427603,0,762,0
48.501832008361816,167671,4691384,4696188,4693850,427603,0,762,0
48.53087592124939,167671,4691384,4696188,4693850,427603,0,762,0
48.56082010269165,167671,4691384,4696188,4693850,427603,0,762,0
48.59107208251953,167671,4691384,4696188,4693850,427603,0,762,0
48.62127494812012,167671,4691384,4696188,4693850,427603,0,762,0
48.65109610557556,167671,4691384,4696188,4693850,427603,0,762,0
48.6810359954834,167671,4691384,4696188,4693850,427603,0,762,0
48.710325956344604,167671,4691384,4696188,4693850,427603,0,762,0
48.740309953689575,167671,4691384,4696188,4693850,427603,0,762,0
48.77047395706177,167671,4691384,4696188,4693850,427603,0,762,0
48.80088400840759,167671,4691384,4696188,4693850,427603,0,762,0
48.83107089996338,167671,4691384,4696188,4693850,427603,0,762,0
48.86119103431702,167671,4691384,4696188,4693850,427603,0,762,0
48.89059400558472,167671,4691384,4696188,4693850,427603,0,762,0
48.920830965042114,167671,4691384,4696188,4693850,427603,0,762,0
48.95070290565491,167671,4691384,4696188,4693850,427603,0,762,0
48.98066997528076,167671,4691384,4696188,4693850,427603,0,762,0
49.0109429359436,167671,4691384,4696188,4693850,427603,0,762,0
49.04099202156067,167671,4691384,4696188,4693850,427603,0,762,0
49.070760011672974,167671,4691384,4696188,4693850,427603,0,762,0
49.10047101974487,167671,4691384,4696188,4693850,427603,0,762,0
49.13002610206604,167671,4691384,4696188,4693850,427603,0,762,0
49.15896010398865,167671,4691384,4696188,4693850,427603,0,762,0
49.18794393539429,167671,4691384,4696188,4693850,427603,0,762,0
49.21789789199829,167671,4691384,4696188,4693850,427603,0,762,0
49.24776792526245,167671,4691384,4696188,4693850,427603,0,762,0
49.277580976486206,167671,4691384,4696188,4693850,427603,0,762,0
49.30747604370117,167671,4691384,4696188,4693850,427603,0,762,0
49.337337017059326,167671,4691384,4696188,4693850,427603,0,762,0
49.36693096160889,167671,4691384,4696188,4693850,427603,0,762,0
49.39674997329712,167671,4691384,4696188,4693850,427603,0,762,0
49.42695498466492,167671,4691384,4696188,4693850,427603,0,762,0
49.45681691169739,167671,4691384,4696188,4693850,427603,0,762,0
49.486721992492676,167671,4691384,4696188,4693850,427603,0,762,0
49.5164749622345,167671,4691384,4696188,4693850,427603,0,762,0
49.54585599899292,167671,4691384,4696188,4693850,427603,0,762,0
49.57559609413147,167671,4691384,4696188,4693850,427603,0,762,0
49.60467004776001,167671,4691384,4696188,4693850,427603,0,762,0
49.63482689857483,167671,4691384,4696188,4693850,427603,0,762,0
49.66390109062195,167671,4691384,4696188,4693850,427603,0,762,0
49.693716049194336,167671,4691384,4696188,4693850,427603,0,762,0
49.72287201881409,167671,4691384,4696188,4693850,427603,0,762,0
49.75195789337158,167671,4691384,4696188,4693850,427603,0,762,0
49.78077793121338,167671,4691384,4696188,4693850,427603,0,762,0
49.81058096885681,167671,4691384,4696188,4693850,427603,0,762,0
49.84083104133606,167671,4691384,4696188,4693850,427603,0,762,0
49.87076807022095,167671,4691384,4696188,4693850,427603,0,762,0
49.9005229473114,167671,4691384,4696188,4693850,427603,0,762,0
49.93042206764221,167671,4691384,4696188,4693850,427603,0,762,0
49.96008610725403,167671,4691384,4696188,4693850,427603,0,762,0
49.98991298675537,167671,4691384,4696188,4693850,427603,0,762,0
50.019757986068726,167671,4691384,4696188,4693850,427603,0,762,0
50.04969787597656,167671,4691384,4696188,4693850,427603,0,762,0
50.07893705368042,167671,4691384,4696188,4693850,427603,0,762,0
50.108745098114014,167671,4691384,4696188,4693850,427603,0,762,0
50.13858199119568,167671,4691384,4696188,4693850,427603,0,762,0
50.16782307624817,167671,4691384,4696188,4693850,427603,0,762,0
50.19732403755188,167671,4691384,4696188,4693850,427603,0,762,0
50.22685194015503,167671,4691384,4696188,4693850,427603,0,762,0
50.2566978931427,167671,4691384,4696188,4693850,427603,0,762,0
50.286664962768555,167671,4691384,4696188,4693850,427603,0,762,0
50.31647801399231,167671,4691384,4696188,4693850,427603,0,762,0
50.346035957336426,167671,4691384,4696188,4693850,427603,0,762,0
50.37580990791321,167671,4691384,4696188,4693850,427603,0,762,0
50.405237913131714,167671,4691384,4696188,4693850,427603,0,762,0
50.434585094451904,167671,4691384,4696188,4693850,427603,0,762,0
50.464723110198975,167671,4691384,4696188,4693850,427603,0,762,0
50.49495887756348,167671,4691384,4696188,4693850,427603,0,762,0
50.524718046188354,167671,4691384,4696188,4693850,427603,0,762,0
50.55450987815857,167671,4691384,4696188,4693850,427603,0,762,0
50.58406400680542,167671,4691384,4696188,4693850,427603,0,762,0
50.61373591423035,167671,4691384,4696188,4693850,427603,0,762,0
50.643532037734985,167671,4691384,4696188,4693850,427603,0,762,0
50.67295002937317,167671,4691384,4696188,4693850,427603,0,762,0
50.70295190811157,167671,4691384,4696188,4693850,427603,0,762,0
50.73232698440552,167671,4691384,4696188,4693850,427603,0,762,0
50.761646032333374,167671,4691384,4696188,4693850,427603,0,762,0
50.79152703285217,167671,4691384,4696188,4693850,427603,0,762,0
50.821044921875,167671,4691384,4696188,4693850,427603,0,762,0
50.85078191757202,167671,4691384,4696188,4693850,427603,0,762,0
50.880845069885254,167671,4691384,4696188,4693850,427603,0,762,0
50.910619020462036,167671,4691384,4696188,4693850,427603,0,762,0
50.94045305252075,167671,4691384,4696188,4693850,427603,0,762,0
50.97032690048218,167671,4691384,4696188,4693850,427603,0,762,0
51.00037598609924,167671,4691384,4696188,4693850,427603,0,762,0
51.03030705451965,167671,4691384,4696188,4693850,427603,0,762,0
51.05994009971619,167671,4691384,4696188,4693850,427603,0,762,0
51.089667081832886,167671,4691384,4696188,4693850,427603,0,762,0
51.12025809288025,167671,4691384,4696188,4693850,427603,0,762,0
51.150532960891724,167671,4691384,4696188,4693850,427603,0,762,0
51.17988300323486,167671,4691384,4696188,4693850,427603,0,762,0
51.20977210998535,167671,4691384,4696188,4693850,427603,0,762,0
51.239640951156616,167671,4691384,4696188,4693850,427603,0,762,0
51.2696750164032,167671,4691384,4696188,4693850,427603,0,762,0
51.2989239692688,167671,4691384,4696188,4693850,427603,0,762,0
51.328531980514526,167671,4691384,4696188,4693850,427603,0,762,0
51.35802888870239,167671,4691384,4696188,4693850,427603,0,762,0
51.387330055236816,167671,4691384,4696188,4693850,427603,0,762,0
51.41694903373718,167671,4691384,4696188,4693850,427603,0,762,0
51.44658803939819,167671,4691384,4696188,4693850,427603,0,762,0
51.47678208351135,167671,4691384,4696188,4693850,427603,0,762,0
51.507219076156616,167671,4691384,4696188,4693850,427603,0,762,0
51.53768491744995,167671,4691384,4696188,4693850,427603,0,762,0
51.5672070980072,167671,4691384,4696188,4693850,427603,0,762,0
51.59675407409668,167671,4691384,4696188,4693850,427603,0,762,0
51.62680697441101,167671,4691384,4696188,4693850,427603,0,762,0
51.65778708457947,167671,4691384,4696188,4693850,427603,0,762,0
51.68774604797363,167671,4691384,4696188,4693850,427603,0,762,0
51.71758794784546,167671,4691384,4696188,4693850,427603,0,762,0
51.747199058532715,167671,4691384,4696188,4693850,427603,0,762,0
51.776938915252686,167671,4691384,4696188,4693850,427603,0,762,0
51.80687403678894,167671,4691384,4696188,4693850,427603,0,762,0
51.83653688430786,167671,4691384,4696188,4693850,427603,0,762,0
51.866026878356934,167671,4691384,4696188,4693850,427603,0,762,0
51.895713090896606,167671,4691384,4696188,4693850,427603,0,762,0
51.92590808868408,167671,4691384,4696188,4693850,427603,0,762,0
51.95578694343567,167671,4691384,4696188,4693850,427603,0,762,0
51.98558592796326,167671,4691384,4696188,4693850,427603,0,762,0
52.01546311378479,167671,4691384,4696188,4693850,427603,0,762,0
52.04505705833435,167671,4691384,4696188,4693850,427603,0,762,0
52.07478404045105,167671,4691384,4696188,4693850,427603,0,762,0
52.10432505607605,167671,4691384,4696188,4693850,427603,0,762,0
52.13464593887329,167671,4691384,4696188,4693850,427603,0,762,0
52.16467809677124,167671,0,0,0,427756,0,762,0
52.17902398109436,167671,0,0,0,427756,0,0,0
52.19324803352356,167671,0,0,0,427756,0,0,0
52.20774507522583,167671,0,0,0,427756,0,0,0
52.22222399711609,167671,0,0,0,427756,0,0,0
52.236713886260986,167671,0,0,0,427756,0,0,0
52.2510929107666,167671,0,0,0,427756,0,0,0
52.26537895202637,167671,0,0,0,427756,0,0,0
52.2797429561615,167671,0,0,0,427756,0,0,0
52.29430603981018,167671,0,0,0,427756,0,0,0
52.30876088142395,167671,0,0,0,427756,0,0,0
52.32284903526306,167671,0,0,0,427756,0,0,0
52.33740711212158,167671,0,0,0,427756,0,0,0
