elapsed_s,pid,uss,rss,pss,min_flt,maj_flt,oom,oomadj
1.2896358966827393,155065,1516,1656,1636,333,0,666,0
1.3264470100402832,155065,9904,10624,10312,897,0,666,0
1.360001802444458,155065,11848,12612,12292,1047,0,666,0
1.394887924194336,155065,14184,16112,15246,1326,0,666,0
1.4352707862854004,155065,15608,18220,16972,1526,0,666,0
1.4605789184570312,155065,15972,18684,17336,1566,0,666,0
1.489344835281372,155065,16104,18812,17464,1623,0,666,0
1.5158348083496094,155065,48232,52976,50672,3996,0,667,0
1.5476257801055908,155065,59000,64064,61440,6499,0,667,0
1.5656538009643555,155065,69592,74340,72032,7723,0,668,0
1.5816078186035156,155065,73900,78596,76340,7780,0,668,0
1.5967319011688232,155065,74044,78724,76484,7816,0,668,0
1.6121089458465576,155065,74500,79108,76940,7930,0,668,0
1.6273908615112305,155065,74612,79236,77052,7958,0,668,0
1.64304780960083,155065,66112,70816,68552,7958,0,668,0
1.6580638885498047,155065,66112,70816,68552,7958,0,668,0
1.6730549335479736,155065,66112,70816,68552,7958,0,668,0
1.687932014465332,155065,66112,70816,68552,7958,0,668,0
1.702953815460205,155065,66620,71328,69060,8084,0,668,0
1.7185008525848389,155065,66672,71328,69112,8098,0,668,0
1.7335758209228516,155065,66672,71328,69112,8098,0,668,0
1.7488679885864258,155065,66672,71328,69112,8098,0,668,0
1.764145851135254,155065,66672,71328,69112,8098,0,668,0
1.7792298793792725,155065,66672,71328,69112,8098,0,668,0
1.7944819927215576,155065,66672,71328,69112,8098,0,668,0
1.8095829486846924,155065,66672,71328,69112,8098,0,668,0
1.8246939182281494,155065,66672,71328,69112,8098,0,668,0
1.8399198055267334,155065,66672,71328,69112,8098,0,668,0
1.8551788330078125,155065,66672,71328,69112,8098,0,668,0
1.870459794998169,155065,66672,71328,69112,8098,0,668,0
1.8855469226837158,155065,66672,71328,69112,8098,0,668,0
1.900601863861084,155065,66672,71328,69112,8098,0,668,0
1.9156179428100586,155065,66672,71328,69112,8098,0,668,0
1.9307048320770264,155065,66672,71328,69112,8098,0,668,0
1.9457409381866455,155065,66672,71328,69112,8098,0,668,0
1.9610159397125244,155065,66672,71328,69112,8098,0,668,0
1.9761629104614258,155065,68720,73416,71160,8099,0,668,0
1.9914958477020264,155065,68720,73416,71160,8099,0,668,0
2.0066449642181396,155065,68720,73416,71160,8099,0,668,0
2.021744966506958,155065,68720,73416,71160,8099,0,668,0
2.0368118286132812,155065,68720,73416,71160,8099,0,668,0
2.0521907806396484,155065,68720,73416,71160,8099,0,668,0
2.0673208236694336,155065,68720,73416,71160,8099,0,668,0
2.082397937774658,155065,68720,73416,71160,8099,0,668,0
2.097289800643921,155065,71376,76488,73816,8171,0,668,0
2.112712860107422,155065,76232,80924,78672,8444,0,668,0
2.128100872039795,155065,76232,80924,78672,8444,0,668,0
2.1432228088378906,155065,78280,82976,80720,8444,0,668,0
2.1584579944610596,155065,80328,84884,82768,8446,0,668,0
2.173686981201172,155065,78844,83536,81284,8447,0,668,0
2.188886880874634,155065,78844,83536,81284,8447,0,668,0
2.2040958404541016,155065,80892,85588,83332,8448,0,668,0
2.219249963760376,155065,80892,85588,83332,8448,0,668,0
2.2344648838043213,155065,80892,85588,83332,8448,0,668,0
2.2494897842407227,155065,80892,85588,83332,8448,0,668,0
2.2649998664855957,155065,80892,85588,83332,8448,0,668,0
2.280134916305542,155065,80892,85588,83332,8448,0,668,0
2.2952067852020264,155065,80892,85588,83332,8448,0,668,0
2.3103489875793457,155065,80892,85588,83332,8448,0,668,0
2.325415849685669,155065,80892,85588,83332,8448,0,668,0
2.340384006500244,155065,80892,85588,83332,8448,0,668,0
2.3554790019989014,155065,80892,85588,83332,8448,0,668,0
2.3706188201904297,155065,80892,85588,83332,8448,0,668,0
2.3856778144836426,155065,80892,85588,83332,8448,0,668,0
2.400803804397583,155065,80892,85588,83332,8448,0,668,0
2.4159510135650635,155065,82940,87636,85380,8449,0,668,0
2.4310178756713867,155065,82940,87636,85380,8449,0,668,0
2.446230888366699,155065,82940,87636,85380,8449,0,668,0
2.46346378326416,155065,82940,87636,85380,8449,0,668,0
2.4785828590393066,155065,82940,87636,85380,8449,0,668,0
2.4935388565063477,155065,82940,87636,85380,8449,0,668,0
2.5085837841033936,155065,82940,87636,85380,8449,0,668,0
2.5235729217529297,155065,84988,89684,87428,8449,0,668,0
2.5388050079345703,155065,84988,89684,87428,8450,0,668,0
2.5539169311523438,155065,84988,89684,87428,8450,0,668,0
2.5691277980804443,155065,84988,89684,87428,8450,0,668,0
2.5839970111846924,155065,84988,89684,87428,8450,0,668,0
2.5988729000091553,155065,84988,89684,87428,8450,0,668,0
2.613740921020508,155065,84988,89684,87428,8450,0,668,0
2.628603935241699,155065,84988,89684,87428,8450,0,668,0
2.6439387798309326,155065,84988,89684,87428,8450,0,668,0
2.6590659618377686,155065,84988,89684,87428,8450,0,668,0
2.674095869064331,155065,84988,89684,87428,8450,0,668,0
2.689060926437378,155065,84988,89684,87428,8450,0,668,0
2.7039167881011963,155065,84988,89684,87428,8450,0,668,0
2.7189159393310547,155065,84988,89684,87428,8450,0,668,0
2.7340447902679443,155065,84988,89684,87428,8450,0,668,0
2.7491579055786133,155065,84988,89684,87428,8450,0,668,0
2.764380931854248,155065,84988,89684,87428,8450,0,668,0
2.7795298099517822,155065,84988,89684,87428,8450,0,668,0
2.7947587966918945,155065,84988,89684,87428,8450,0,668,0
2.8098418712615967,155065,84988,89684,87428,8450,0,668,0
2.8249948024749756,155065,87036,91732,89476,8451,0,668,0
2.8401739597320557,155065,87036,91732,89476,8451,0,668,0
2.85544490814209,155065,87036,91732,89476,8451,0,668,0
2.870609998703003,155065,87036,91732,89476,8451,0,668,0
2.885934829711914,155065,87036,91732,89476,8451,0,668,0
2.9012749195098877,155065,87036,91732,89476,8451,0,668,0
2.9164509773254395,155065,87036,91732,89476,8451,0,668,0
2.931548833847046,155065,89084,93780,91524,8452,0,668,0
2.9469258785247803,155065,89084,93780,91524,8452,0,668,0
2.9621198177337646,155065,89084,93780,91524,8452,0,668,0
2.977480888366699,155065,89084,93780,91524,8452,0,668,0
2.992555856704712,155065,89084,93780,91524,8452,0,668,0
3.0078318119049072,155065,89084,93780,91524,8452,0,668,0
3.022972822189331,155065,89084,93780,91524,8452,0,668,0
3.038003921508789,155065,89084,93780,91524,8452,0,668,0
3.0529987812042236,155065,89084,93780,91524,8452,0,668,0
3.0680928230285645,155065,89084,93780,91524,8452,0,668,0
3.0832159519195557,155065,89084,93780,91524,8452,0,668,0
3.0986249446868896,155065,89084,93780,91524,8452,0,668,0
3.1138408184051514,155065,89084,93780,91524,8452,0,668,0
3.1289379596710205,155065,89084,93780,91524,8452,0,668,0
3.1440069675445557,155065,89084,93780,91524,8452,0,668,0
3.1590449810028076,155065,89084,93780,91524,8452,0,668,0
3.1740989685058594,155065,89084,93780,91524,8452,0,668,0
3.189220905303955,155065,89084,93780,91524,8452,0,668,0
3.2044878005981445,155065,89084,93780,91524,8452,0,668,0
3.2195467948913574,155065,89084,93780,91524,8452,0,668,0
3.234574794769287,155065,91132,95828,93572,8453,0,668,0
3.2497990131378174,155065,91132,95828,93572,8453,0,668,0
3.2649359703063965,155065,91132,95828,93572,8453,0,668,0
3.2800309658050537,155065,91132,95828,93572,8453,0,668,0
3.2951998710632324,155065,91132,95828,93572,8453,0,668,0
3.3103129863739014,155065,91132,95828,93572,8453,0,668,0
3.3254408836364746,155065,91132,95828,93572,8453,0,668,0
3.340571880340576,155065,91132,95828,93572,8453,0,668,0
3.3556199073791504,155065,93180,97876,95620,8454,0,668,0
3.370781898498535,155065,93180,97876,95620,8454,0,668,0
3.3860538005828857,155065,93180,97876,95620,8454,0,668,0
3.4011449813842773,155065,93180,97876,95620,8454,0,668,0
3.4161388874053955,155065,93180,97876,95620,8454,0,668,0
3.4314730167388916,155065,93180,97876,95620,8454,0,668,0
3.446762800216675,155065,93180,97876,95620,8454,0,668,0
3.461939811706543,155065,93180,97876,95620,8454,0,668,0
3.4770867824554443,155065,93180,97876,95620,8454,0,668,0
3.492213010787964,155065,93180,97876,95620,8454,0,668,0
3.507652997970581,155065,93180,97876,95620,8454,0,668,0
3.5229928493499756,155065,93180,97876,95620,8454,0,668,0
3.5381999015808105,155065,93180,97876,95620,8454,0,668,0
3.553384780883789,155065,93180,97876,95620,8454,0,668,0
3.5684609413146973,155065,93180,97876,95620,8454,0,668,0
3.583599805831909,155065,93180,97876,95620,8454,0,668,0
3.5988829135894775,155065,93180,97876,95620,8454,0,668,0
3.614041805267334,155065,93180,97876,95620,8454,0,668,0
3.629241943359375,155065,93180,97876,95620,8454,0,668,0
3.644434928894043,155065,93180,97876,95620,8454,0,668,0
3.659493923187256,155065,95228,99924,97668,8455,0,668,0
3.6745049953460693,155065,95228,99924,97668,8455,0,668,0
3.689846992492676,155065,95228,99924,97668,8455,0,668,0
3.704916000366211,155065,95228,99924,97668,8455,0,668,0
3.720463991165161,155065,95228,99924,97668,8455,0,668,0
3.735595941543579,155065,95228,99924,97668,8455,0,668,0
3.750412940979004,155065,95228,99924,97668,8455,0,668,0
3.7652058601379395,155065,95228,99924,97668,8455,0,668,0
3.780129909515381,155065,95228,99924,97668,8455,0,668,0
3.795480966567993,155065,95228,99924,97668,8455,0,668,0
3.8106179237365723,155065,95228,99924,97668,8455,0,668,0
3.8255958557128906,155065,95228,99924,97668,8455,0,668,0
3.840487003326416,155065,95228,99924,97668,8455,0,668,0
3.855620861053467,155065,95228,99924,97668,8455,0,668,0
3.870675802230835,155065,95228,99924,97668,8455,0,668,0
3.885819911956787,155065,95228,99924,97668,8455,0,668,0
3.9010488986968994,155065,95228,99924,97668,8455,0,668,0
3.9161548614501953,155065,95228,99924,97668,8455,0,668,0
3.9316859245300293,155065,95228,99924,97668,8455,0,668,0
3.9469058513641357,155065,95228,99924,97668,8455,0,668,0
3.9616658687591553,155065,95228,99924,97668,8455,0,668,0
3.976585865020752,155065,95228,99924,97668,8455,0,668,0
3.9914867877960205,155065,95228,99924,97668,8455,0,668,0
4.006596803665161,155065,95228,99924,97668,8455,0,668,0
4.021524906158447,155065,95228,99924,97668,8455,0,668,0
4.0364580154418945,155065,95228,99924,97668,8455,0,668,0
4.051385879516602,155065,95228,99924,97668,8455,0,668,0
4.066594839096069,155065,97276,101972,99716,8456,0,668,0
4.08188796043396,155065,97276,101972,99716,8456,0,668,0
4.097038984298706,155065,97276,101972,99716,8456,0,668,0
4.112125873565674,155065,97276,101972,99716,8456,0,668,0
4.127677917480469,155065,97276,101972,99716,8456,0,668,0
4.14288592338562,155065,97276,101972,99716,8456,0,668,0
4.158008813858032,155065,97276,101972,99716,8456,0,668,0
4.173057794570923,155065,97276,101972,99716,8456,0,668,0
4.188277006149292,155065,99324,104020,101764,8456,0,668,0
4.203608989715576,155065,99324,104020,101764,8457,0,668,0
4.218645811080933,155065,99324,104020,101764,8457,0,668,0
4.233464956283569,155065,99324,104020,101764,8457,0,668,0
4.248583793640137,155065,99324,104020,101764,8457,0,668,0
4.263547897338867,155065,99324,104020,101764,8457,0,668,0
4.278672933578491,155065,99324,104020,101764,8457,0,668,0
4.293752908706665,155065,99324,104020,101764,8457,0,668,0
4.30896782875061,155065,99324,104020,101764,8457,0,668,0
4.323920011520386,155065,99324,104020,101764,8457,0,668,0
4.339557886123657,155065,99324,104020,101764,8457,0,668,0
4.354635953903198,155065,99324,104020,101764,8457,0,668,0
4.369858980178833,155065,99324,104020,101764,8457,0,668,0
4.384843826293945,155065,99324,104020,101764,8457,0,668,0
4.399992942810059,155065,99324,104020,101764,8457,0,668,0
4.4155988693237305,155065,99324,104020,101764,8457,0,668,0
4.430665969848633,155065,99324,104020,101764,8457,0,668,0
4.4458417892456055,155065,99324,104020,101764,8457,0,668,0
4.460915803909302,155065,99324,104020,101764,8457,0,668,0
4.47607684135437,155065,101372,106068,103812,8458,0,668,0
4.4912238121032715,155065,101372,106068,103812,8458,0,668,0
4.5064380168914795,155065,101372,106068,103812,8458,0,668,0
4.521596908569336,155065,101372,106068,103812,8458,0,668,0
4.536635875701904,155065,101372,106068,103812,8458,0,668,0
4.551817893981934,155065,101372,106068,103812,8458,0,668,0
4.567081928253174,155065,101372,106068,103812,8458,0,668,0
4.582173824310303,155065,101372,106068,103812,8458,0,668,0
4.597204923629761,155065,103420,108116,105860,8459,0,668,0
4.612553834915161,155065,103420,108116,105860,8459,0,668,0
4.627677917480469,155065,103420,108116,105860,8459,0,668,0
4.642796993255615,155065,103420,108116,105860,8459,0,668,0
4.657934904098511,155065,103420,108116,105860,8459,0,668,0
4.673099994659424,155065,103420,108116,105860,8459,0,668,0
4.6884119510650635,155065,103420,108116,105860,8459,0,668,0
4.703401803970337,155065,107516,112212,109956,8461,0,668,0
4.718688011169434,155065,107516,112212,109956,8461,0,668,0
4.733857870101929,155065,107516,112212,109956,8461,0,668,0
4.749210834503174,155065,107516,112212,109956,8461,0,668,0
4.764955997467041,155065,107516,112212,109956,8461,0,668,0
4.780404806137085,155065,107516,112212,109956,8461,0,668,0
4.79558801651001,155065,107516,112212,109956,8461,0,668,0
4.81060791015625,155065,107516,112212,109956,8461,0,668,0
4.825892925262451,155065,107516,112212,109956,8461,0,668,0
4.841117858886719,155065,107516,112212,109956,8461,0,668,0
4.856191873550415,155065,107516,112212,109956,8461,0,668,0
4.871309995651245,155065,107516,112212,109956,8461,0,668,0
4.886389970779419,155065,107516,112212,109956,8461,0,668,0
4.901280879974365,155065,107516,112212,109956,8461,0,668,0
4.916479825973511,155065,107516,112212,109956,8461,0,668,0
4.9316229820251465,155065,107516,112212,109956,8461,0,668,0
4.946710824966431,155065,107516,112212,109956,8461,0,668,0
4.962025880813599,155065,107516,112212,109956,8461,0,668,0
4.977209806442261,155065,107516,112212,109956,8461,0,668,0
4.992379903793335,155065,107516,112212,109956,8461,0,668,0
5.007491827011108,155065,107516,112212,109956,8461,0,668,0
5.02259087562561,155065,109564,114260,112004,8462,0,668,0
5.037671804428101,155065,109564,114260,112004,8462,0,668,0
5.052778005599976,155065,109564,114260,112004,8462,0,668,0
5.067751884460449,155065,109564,114260,112004,8462,0,668,0
5.082628011703491,155065,109564,114260,112004,8462,0,668,0
5.097773790359497,155065,111612,116308,114052,8463,0,668,0
5.113023996353149,155065,111612,116308,114052,8463,0,668,0
5.128209829330444,155065,111612,116308,114052,8463,0,668,0
5.1433069705963135,155065,111612,116308,114052,8463,0,668,0
5.158409833908081,155065,111612,116308,114052,8463,0,668,0
5.173341989517212,155065,111612,116308,114052,8463,0,668,0
5.1885669231414795,155065,111612,116308,114052,8463,0,668,0
5.203550815582275,155065,111612,116308,114052,8463,0,668,0
5.218778848648071,155065,111612,116308,114052,8463,0,668,0
5.233943939208984,155065,111612,116308,114052,8463,0,668,0
5.249018907546997,155065,111612,116308,114052,8463,0,668,0
5.264119863510132,155065,111612,116308,114052,8463,0,668,0
5.279383897781372,155065,111612,116308,114052,8463,0,668,0
5.294312000274658,155065,111612,116308,114052,8463,0,668,0
5.309474945068359,155065,111612,116308,114052,8463,0,668,0
5.324589967727661,155065,111612,116308,114052,8463,0,668,0
5.339809894561768,155065,111612,116308,114052,8463,0,668,0
5.354913949966431,155065,111612,116308,114052,8463,0,668,0
5.3699870109558105,155065,111612,116308,114052,8463,0,668,0
5.387653827667236,155065,111612,116308,114052,8463,0,668,0
5.402663946151733,155065,111612,116308,114052,8463,0,668,0
5.41771388053894,155065,111612,116308,114052,8463,0,668,0
5.4330480098724365,155065,113660,118356,116100,8464,0,668,0
5.44819188117981,155065,113660,118356,116100,8464,0,668,0
5.463472843170166,155065,113660,118356,116100,8464,0,668,0
5.478596925735474,155065,113660,118356,116100,8464,0,668,0
5.494097948074341,155065,113660,118356,116100,8464,0,668,0
5.509461879730225,155065,115708,120404,118148,8465,0,668,0
5.524632930755615,155065,115708,120404,118148,8465,0,668,0
5.539573907852173,155065,115708,120404,118148,8465,0,668,0
5.554773807525635,155065,115708,120404,118148,8465,0,668,0
5.57000994682312,155065,115708,120404,118148,8465,0,668,0
5.585186958312988,155065,115708,120404,118148,8465,0,668,0
5.600251913070679,155065,115708,120404,118148,8465,0,668,0
5.615472793579102,155065,115708,120404,118148,8465,0,668,0
5.630494832992554,155065,115708,120404,118148,8465,0,668,0
5.645671844482422,155065,115708,120404,118148,8465,0,668,0
5.660984992980957,155065,115708,120404,118148,8465,0,668,0
5.67618989944458,155065,115708,120404,118148,8465,0,668,0
5.691411972045898,155065,115708,120404,118148,8465,0,668,0
5.706585884094238,155065,115708,120404,118148,8465,0,668,0
5.721719980239868,155065,115708,120404,118148,8465,0,668,0
5.736828804016113,155065,115708,120404,118148,8465,0,668,0
5.751967906951904,155065,115708,120404,118148,8465,0,668,0
5.76718282699585,155065,115708,120404,118148,8465,0,668,0
5.7823169231414795,155065,115708,120404,118148,8465,0,668,0
5.7978479862213135,155065,115708,120404,118148,8465,0,668,0
5.81305193901062,155065,115708,120404,118148,8465,0,668,0
5.8281638622283936,155065,115708,120404,118148,8465,0,668,0
5.843340873718262,155065,117756,122452,120196,8466,0,668,0
5.8585028648376465,155065,117756,122452,120196,8466,0,668,0
5.873732805252075,155065,117756,122452,120196,8466,0,668,0
5.888882875442505,155065,117756,122452,120196,8466,0,668,0
5.903944969177246,155065,117756,122452,120196,8466,0,668,0
5.919000864028931,155065,117756,122452,120196,8466,0,668,0
5.934119939804077,155065,119804,124500,122244,8467,0,668,0
5.949366807937622,155065,119804,124500,122244,8467,0,668,0
5.9645538330078125,155065,119804,124500,122244,8467,0,668,0
5.979690790176392,155065,119804,124500,122244,8467,0,668,0
5.994915008544922,155065,119804,124500,122244,8467,0,668,0
6.010362863540649,155065,119804,124500,122244,8467,0,668,0
6.025509834289551,155065,119804,124500,122244,8467,0,668,0
6.040558815002441,155065,119804,124500,122244,8467,0,668,0
6.0555949211120605,155065,119804,124500,122244,8467,0,668,0
6.070587873458862,155065,119804,124500,122244,8467,0,668,0
6.085579872131348,155065,119804,124500,122244,8467,0,668,0
6.100841999053955,155065,119804,124500,122244,8467,0,668,0
6.115966796875,155065,119804,124500,122244,8467,0,668,0
6.1310319900512695,155065,119804,124500,122244,8467,0,668,0
6.146100997924805,155065,119804,124500,122244,8467,0,668,0
6.161155939102173,155065,119804,124500,122244,8467,0,668,0
6.176127910614014,155065,119804,124500,122244,8467,0,668,0
6.191029787063599,155065,119804,124500,122244,8467,0,668,0
6.206310987472534,155065,119804,124500,122244,8467,0,668,0
6.221567869186401,155065,119804,124500,122244,8467,0,668,0
6.2367188930511475,155065,119804,124500,122244,8467,0,668,0
6.251797914505005,155065,119804,124500,122244,8467,0,668,0
6.266955852508545,155065,121852,126548,124292,8468,0,668,0
6.282037973403931,155065,121852,126548,124292,8468,0,668,0
6.297138929367065,155065,121852,126548,124292,8468,0,668,0
6.312305927276611,155065,121852,126548,124292,8468,0,668,0
6.32738184928894,155065,121852,126548,124292,8468,0,668,0
6.342455863952637,155065,123900,128596,126340,8468,0,668,0
6.361149787902832,155065,123900,128596,126340,8469,0,668,0
6.37655782699585,155065,123900,128596,126340,8469,0,668,0
6.391680002212524,155065,123900,128596,126340,8469,0,668,0
6.406625986099243,155065,123900,128596,126340,8469,0,668,0
6.422041893005371,155065,123900,128596,126340,8469,0,668,0
6.437156915664673,155065,123900,128596,126340,8469,0,668,0
6.452203989028931,155065,123900,128596,126340,8469,0,668,0
6.467407941818237,155065,123900,128596,126340,8469,0,668,0
6.48251485824585,155065,123900,128596,126340,8469,0,668,0
6.497659921646118,155065,123900,128596,126340,8469,0,668,0
6.512908935546875,155065,123900,128596,126340,8469,0,668,0
6.527997016906738,155065,123900,128596,126340,8469,0,668,0
6.5430028438568115,155065,123900,128596,126340,8469,0,668,0
6.558007001876831,155065,123900,128596,126340,8469,0,668,0
6.57308292388916,155065,123900,128596,126340,8469,0,668,0
6.588249921798706,155065,123900,128596,126340,8469,0,668,0
6.605000972747803,155065,123900,128596,126340,8469,0,668,0
6.634437799453735,155065,123900,128596,126340,8469,0,668,0
6.659671783447266,155065,123900,128596,126340,8469,0,668,0
6.689246892929077,155065,123900,128596,126340,8469,0,668,0
6.712208986282349,155065,123900,128596,126340,8469,0,668,0
6.727348804473877,155065,123900,128596,126340,8469,0,668,0
6.742173910140991,155065,125948,130644,128388,8470,0,669,0
6.757128953933716,155065,125948,130644,128388,8470,0,669,0
6.7721848487854,155065,125948,130644,128388,8470,0,669,0
6.787113904953003,155065,125948,130644,128388,8470,0,669,0
6.801984786987305,155065,125948,130644,128388,8470,0,669,0
6.816928863525391,155065,125948,130644,128388,8470,0,669,0
6.8319268226623535,155065,125948,130644,128388,8470,0,669,0
6.846873998641968,155065,125948,130644,128388,8470,0,669,0
6.86177396774292,155065,125948,130644,128388,8470,0,669,0
6.876664876937866,155065,125948,130644,128388,8470,0,669,0
6.891557931900024,155065,125948,130644,128388,8470,0,669,0
6.906579971313477,155065,125948,130644,128388,8470,0,669,0
6.921432971954346,155065,125948,130644,128388,8470,0,669,0
6.936422824859619,155065,125948,130644,128388,8470,0,669,0
6.951280832290649,155065,125948,130644,128388,8470,0,669,0
6.966181993484497,155065,125948,130644,128388,8470,0,669,0
6.981047868728638,155065,125948,130644,128388,8470,0,669,0
6.995855808258057,155065,125948,130644,128388,8470,0,669,0
7.011070966720581,155065,125948,130644,128388,8470,0,669,0
7.026212930679321,155065,127032,131668,129472,8741,0,669,0
7.042191982269287,155065,143416,148112,145856,8754,0,669,0
7.057988882064819,155065,184376,189072,186816,8789,0,670,0
7.074005842208862,155065,194616,199312,197056,8794,0,670,0
7.089603900909424,155065,199848,204544,202288,8798,0,670,0
7.105135917663574,155065,210088,214784,212528,8803,0,670,0
7.12039589881897,155065,220328,225024,222768,8808,0,670,0
7.135987997055054,155065,230568,237312,233008,8813,0,671,0
7.151861906051636,155065,240808,245504,243248,8818,0,671,0
7.168662786483765,155065,251048,265984,253488,8821,0,672,0
7.184887886047363,155065,378024,392960,380464,8882,0,674,0
7.202279806137085,155065,392360,397056,394800,8892,0,674,0
7.219113826751709,155065,408744,413440,411184,8900,0,674,0
7.234773874282837,155065,410792,415488,413232,8901,0,674,0
7.2505269050598145,155065,410792,415488,413232,8901,0,674,0
7.265953779220581,155065,410792,415488,413232,8901,0,674,0
7.281209945678711,155065,412840,417536,415280,8902,0,674,0
7.296750783920288,155065,418984,423680,421424,8905,0,674,0
7.312112808227539,155065,418984,423680,421424,8905,0,674,0
7.32872200012207,155065,421464,426240,423904,9520,0,675,0
7.34425687789917,155065,426604,431232,429044,10810,0,675,0
7.360749959945679,155065,420796,425616,423236,10811,0,674,0
7.376333951950073,155065,428988,433684,431428,10815,0,675,0
7.392060995101929,155065,433084,437780,435524,10817,0,675,0
7.407703876495361,155065,435132,439828,437572,10818,0,675,0
7.4233078956604,155065,441276,445972,443716,10821,0,675,0
7.439008951187134,155065,447420,454164,449860,10824,0,675,0
7.454931974411011,155065,457660,462356,460100,10829,0,676,0
7.470549821853638,155065,457660,462356,460100,10829,0,676,0
7.486077785491943,155065,457660,462356,460100,10829,0,676,0
7.5010998249053955,155065,457660,462356,460100,10829,0,676,0
7.515966892242432,155065,457660,462356,460100,10829,0,676,0
7.531112909317017,155065,457660,462356,460100,10829,0,676,0
7.546228885650635,155065,457660,462356,460100,10829,0,676,0
7.56143593788147,155065,457660,462356,460100,10829,0,676,0
7.57662296295166,155065,457660,462356,460100,10829,0,676,0
7.592026948928833,155065,457660,462356,460100,10829,0,676,0
7.6074419021606445,155065,457660,462356,460100,10829,0,676,0
7.622915983200073,155065,459708,464404,462148,10830,0,676,0
7.638345003128052,155065,459708,464404,462148,10830,0,676,0
7.653673887252808,155065,459708,464404,462148,10830,0,676,0
7.669179916381836,155065,459708,464404,462148,10830,0,676,0
7.684503793716431,155065,465852,470548,468292,10833,0,676,0
7.6996989250183105,155065,465852,470548,468292,10833,0,676,0
7.71486496925354,155065,469948,474644,472388,10835,0,676,0
7.7300238609313965,155065,471996,476692,474436,10836,0,676,0
7.745577812194824,155065,474044,478740,476484,10837,0,676,0
7.761132001876831,155065,474184,478868,476624,10872,0,676,0
7.776471853256226,155065,474184,478868,476624,10872,0,676,0
7.791723012924194,155065,474184,478868,476624,10872,0,676,0
7.806740999221802,155065,474184,478868,476624,10872,0,676,0
7.821721792221069,155065,474032,478728,476472,10872,0,676,0
7.836871862411499,155065,474032,478728,476472,10872,0,676,0
7.851885795593262,155065,474032,478728,476472,10872,0,676,0
7.867251873016357,155065,474032,478728,476472,10872,0,676,0
7.882828950881958,155065,474032,478728,476472,10872,0,676,0
7.898096799850464,155065,474032,478728,476472,10872,0,676,0
7.913406848907471,155065,474032,478728,476472,10872,0,676,0
7.928842782974243,155065,474096,478728,476536,10888,0,676,0
7.944427013397217,155065,474096,478728,476536,10888,0,676,0
7.959773778915405,155065,474096,478728,476536,10888,0,676,0
7.975263833999634,155065,476144,480840,478584,10889,0,676,0
7.990794897079468,155065,476144,480840,478584,10889,0,676,0
8.006093978881836,155065,476144,480840,478584,10889,0,676,0
8.02157187461853,155065,476144,480840,478584,10889,0,676,0
8.037200927734375,155065,476144,480840,478584,10889,0,676,0
8.052714824676514,155065,476144,480840,478584,10889,0,676,0
8.068222999572754,155065,476144,480840,478584,10889,0,676,0
8.083729982376099,155065,476208,480840,478648,10905,0,676,0
8.099808931350708,155065,476208,480840,478648,10905,0,676,0
8.131948947906494,155065,476208,480840,478648,10905,0,676,0
8.16734790802002,155065,476208,480840,478648,10905,0,676,0
8.196059942245483,155065,476208,480840,478648,10905,0,676,0
8.22388482093811,155065,476208,480840,478648,10905,0,676,0
8.256958961486816,155065,476208,480840,478648,10905,0,676,0
8.281649827957153,155065,476208,480840,478648,10905,0,676,0
8.319045782089233,155065,476208,480840,478648,10905,0,676,0
8.347472906112671,155065,476208,480840,478648,10905,0,676,0
8.373769998550415,155065,476208,480840,478648,10905,0,676,0
8.406458854675293,155065,476208,480840,478648,10905,0,676,0
8.427663803100586,155065,476208,480840,478648,10905,0,676,0
8.445397853851318,155065,476208,480840,478648,10905,0,676,0
8.463795900344849,155065,476208,480840,478648,10905,0,676,0
8.480719804763794,155065,476208,480840,478648,10905,0,676,0
8.49743390083313,155065,476208,480840,478648,10905,0,676,0
8.514113903045654,155065,476208,480840,478648,10905,0,676,0
8.530761957168579,155065,476208,480840,478648,10905,0,676,0
8.547013998031616,155065,476208,480840,478648,10905,0,676,0
8.566151857376099,155065,476208,480840,478648,10905,0,676,0
8.59596586227417,155065,476208,480840,478648,10905,0,676,0
8.62061095237732,155065,476208,480840,478648,10905,0,676,0
8.649435997009277,155065,476208,480840,478648,10905,0,676,0
8.672063827514648,155065,476208,480840,478648,10905,0,676,0
8.71127200126648,155065,476208,480840,478648,10905,0,676,0
8.746960878372192,155065,476208,480840,478648,10905,0,676,0
8.7744779586792,155065,476208,480840,478648,10905,0,676,0
8.814045906066895,155065,476208,480840,478648,10905,0,676,0
8.838039875030518,155065,476208,480840,478648,10905,0,676,0
8.85493779182434,155065,476208,480840,478648,10905,0,676,0
8.870617866516113,155065,476208,480840,478648,10905,0,676,0
8.886090993881226,155065,476208,480840,478648,10905,0,676,0
8.90145492553711,155065,476208,480840,478648,10905,0,676,0
8.917088985443115,155065,476208,480840,478648,10905,0,676,0
8.932743787765503,155065,476208,480840,478648,10905,0,676,0
8.94820785522461,155065,476208,480840,478648,10905,0,676,0
8.963594913482666,155065,476208,480840,478648,10905,0,676,0
8.978948831558228,155065,476208,480840,478648,10905,0,676,0
8.99419379234314,155065,476208,480840,478648,10905,0,676,0
9.009634971618652,155065,476208,480840,478648,10905,0,676,0
9.025003910064697,155065,476208,480840,478648,10905,0,676,0
9.040244817733765,155065,476208,480840,478648,10905,0,676,0
9.055663824081421,155065,476208,480840,478648,10905,0,676,0
9.070918798446655,155065,476208,480840,478648,10905,0,676,0
9.086836814880371,155065,476208,480840,478648,10905,0,676,0
9.103163957595825,155065,476208,480840,478648,10905,0,676,0
9.118692874908447,155065,476208,480840,478648,10905,0,676,0
9.134140014648438,155065,476208,480840,478648,10905,0,676,0
9.149616003036499,155065,476208,480840,478648,10905,0,676,0
9.164968013763428,155065,476208,480840,478648,10905,0,676,0
9.180243968963623,155065,476208,480840,478648,10905,0,676,0
9.195608854293823,155065,476208,480840,478648,10905,0,676,0
9.21093487739563,155065,476208,480840,478648,10905,0,676,0
9.22621488571167,155065,476208,480840,478648,10905,0,676,0
9.241395950317383,155065,476208,480840,478648,10905,0,676,0
9.256627798080444,155065,476208,480840,478648,10905,0,676,0
9.272157907485962,155065,476208,480840,478648,10905,0,676,0
9.287195920944214,155065,476208,480840,478648,10905,0,676,0
9.302214860916138,155065,476208,480840,478648,10905,0,676,0
9.317611932754517,155065,476208,480840,478648,10905,0,676,0
9.3332200050354,155065,476208,480840,478648,10905,0,676,0
9.348630905151367,155065,480304,485000,482744,10907,0,676,0
9.364017963409424,155065,480304,485000,482744,10907,0,676,0
9.379133939743042,155065,482352,487048,484792,10908,0,676,0
9.39447283744812,155065,482352,487048,484792,10908,0,676,0
9.40970778465271,155065,482352,487048,484792,10908,0,676,0
9.424865961074829,155065,482352,487048,484792,10908,0,676,0
9.440248966217041,155065,482352,487048,484792,10908,0,676,0
9.455641984939575,155065,482352,487048,484792,10908,0,676,0
9.471030950546265,155065,482352,487048,484792,10908,0,676,0
9.48622179031372,155065,482352,487048,484792,10908,0,676,0
9.501652956008911,155065,482352,487048,484792,10908,0,676,0
9.51691484451294,155065,482484,487176,484924,10941,0,676,0
9.532486915588379,155065,482552,487176,484992,10958,0,676,0
9.547879934310913,155065,482556,487176,484996,10959,0,676,0
9.56326699256897,155065,482556,487176,484996,10959,0,676,0
9.578665971755981,155065,482560,487176,485000,10960,0,676,0
9.593973875045776,155065,482560,487176,485000,10960,0,676,0
9.60956597328186,155065,482564,487176,485004,10961,0,676,0
9.625118017196655,155065,482564,487176,485004,10961,0,676,0
9.640674829483032,155065,482564,487176,485004,10961,0,676,0
9.656045913696289,155065,482564,487176,485004,10961,0,676,0
9.671478986740112,155065,482564,487176,485004,10961,0,676,0
9.686889886856079,155065,482564,487176,485004,10961,0,676,0
9.702246904373169,155065,482580,487304,485020,10961,0,676,0
9.71759295463562,155065,482628,487304,485068,10977,0,676,0
9.732978820800781,155065,482628,487304,485068,10977,0,676,0
9.748680830001831,155065,482628,487304,485068,10977,0,676,0
9.76410984992981,155065,482628,487304,485068,10977,0,676,0
9.779445886611938,155065,482628,487304,485068,10977,0,676,0
9.794739961624146,155065,482628,487304,485068,10977,0,676,0
9.810107946395874,155065,482628,487304,485068,10977,0,676,0
9.825488805770874,155065,482628,487304,485068,10977,0,676,0
9.840779781341553,155065,482628,487304,485068,10977,0,676,0
9.855933904647827,155065,482628,487304,485068,10977,0,676,0
9.871225833892822,155065,482632,487304,485072,10978,0,676,0
9.886770009994507,155065,482632,487304,485072,10978,0,676,0
9.902108907699585,155065,482632,487304,485072,10978,0,676,0
9.917516946792603,155065,482632,487304,485072,10978,0,676,0
9.933229923248291,155065,482632,487304,485072,10978,0,676,0
9.948728799819946,155065,484680,489376,487120,10979,0,676,0
9.96412992477417,155065,484680,489376,487120,10979,0,676,0
9.979596853256226,155065,484680,489376,487120,10979,0,676,0
9.994840860366821,155065,490824,495520,493264,10982,0,676,0
10.010486841201782,155065,490824,495520,493264,10982,0,676,0
10.026038885116577,155065,490824,495520,493264,10982,0,676,0
10.041499853134155,155065,490824,495520,493264,10982,0,676,0
10.056907892227173,155065,490824,495520,493264,10982,0,676,0
10.072455883026123,155065,492872,497568,495312,10983,0,676,0
10.08802080154419,155065,492872,497568,495312,10983,0,676,0
10.103424787521362,155065,492872,497568,495312,10983,0,676,0
10.118950843811035,155065,492872,497568,495312,10983,0,676,0
10.134063959121704,155065,492872,497568,495312,10983,0,676,0
10.14940595626831,155065,492872,497568,495312,10983,0,676,0
10.164904832839966,155065,492872,497568,495312,10983,0,676,0
10.180259943008423,155065,492872,497568,495312,10983,0,676,0
10.195552825927734,155065,492872,497568,495312,10983,0,676,0
10.210700988769531,155065,492872,497568,495312,10983,0,676,0
10.225988864898682,155065,492872,497568,495312,10983,0,676,0
10.241825819015503,155065,492872,497568,495312,10983,0,676,0
10.257254838943481,155065,492872,497568,495312,10983,0,676,0
10.272385835647583,155065,492872,497568,495312,10983,0,676,0
10.287836790084839,155065,492872,497568,495312,10983,0,676,0
10.302976846694946,155065,492872,497568,495312,10983,0,676,0
10.318312883377075,155065,492872,497568,495312,10983,0,676,0
10.333590984344482,155065,492872,497568,495312,10983,0,676,0
10.348720788955688,155065,494920,499616,497360,10984,0,676,0
10.364040851593018,155065,494920,499616,497360,10984,0,676,0
10.379251956939697,155065,494920,499616,497360,10984,0,676,0
10.394986867904663,155065,494920,499616,497360,10984,0,676,0
10.410599946975708,155065,494920,499616,497360,10984,0,676,0
10.426146984100342,155065,494920,499616,497360,10984,0,676,0
10.44165587425232,155065,496968,501664,499408,10985,0,676,0
10.457154989242554,155065,499016,503712,501456,10986,0,676,0
10.47257685661316,155065,501064,505760,503504,10987,0,676,0
10.48789095878601,155065,503112,507808,505552,10988,0,676,0
10.503256797790527,155065,503112,507808,505552,10988,0,676,0
10.518716812133789,155065,503112,507808,505552,10988,0,676,0
10.534093856811523,155065,503112,507808,505552,10988,0,676,0
10.549702882766724,155065,503112,507808,505552,10988,0,676,0
10.565100908279419,155065,503112,507808,505552,10988,0,676,0
10.580421924591064,155065,503112,507808,505552,10988,0,676,0
10.595977783203125,155065,503112,507808,505552,10988,0,676,0
10.611463785171509,155065,503112,507808,505552,10988,0,676,0
10.627002000808716,155065,509256,513952,511696,10991,0,676,0
10.642390966415405,155065,511304,516000,513744,10992,0,676,0
10.657910823822021,155065,511304,516000,513744,10992,0,676,0
10.673274993896484,155065,513352,518048,515792,10993,0,676,0
10.688654899597168,155065,515400,520096,517840,10994,0,676,0
10.70402479171753,155065,515464,520096,517904,11010,0,676,0
10.71922492980957,155065,515464,520096,517904,11010,0,676,0
10.734696865081787,155065,515464,520096,517904,11010,0,676,0
10.750813961029053,155065,515464,520096,517904,11010,0,676,0
10.766422986984253,155065,515528,520224,517968,11026,0,676,0
10.78206491470337,155065,515528,520224,517968,11026,0,676,0
10.797605991363525,155065,515528,520224,517968,11026,0,676,0
10.812930822372437,155065,515528,520224,517968,11026,0,676,0
10.82840085029602,155065,515528,520224,517968,11026,0,676,0
10.844008922576904,155065,515528,520224,517968,11026,0,676,0
10.85930585861206,155065,515528,520224,517968,11026,0,676,0
10.874578952789307,155065,515528,520224,517968,11026,0,676,0
10.89017391204834,155065,515528,520224,517968,11026,0,676,0
10.905610799789429,155065,515528,520224,517968,11026,0,676,0
10.920889854431152,155065,515528,520224,517968,11026,0,676,0
10.936124801635742,155065,515532,520224,517972,11027,0,676,0
10.951857805252075,155065,517580,522276,520020,11028,0,676,0
10.967636823654175,155065,519628,524324,522068,11029,0,677,0
10.983194828033447,155065,519628,524324,522068,11029,0,677,0
10.998674869537354,155065,519628,524324,522068,11029,0,677,0
11.013972997665405,155065,519628,524324,522068,11029,0,677,0
11.029195785522461,155065,519628,524324,522068,11029,0,677,0
11.044517993927002,155065,527820,532516,530260,11033,0,677,0
11.059979915618896,155065,527820,532516,530260,11033,0,677,0
11.075683832168579,155065,527820,532516,530260,11033,0,677,0
11.09132981300354,155065,527820,532516,530260,11033,0,677,0
11.106934785842896,155065,527820,532516,530260,11033,0,677,0
11.122523784637451,155065,527820,532516,530260,11033,0,677,0
11.13811993598938,155065,527820,532516,530260,11033,0,677,0
11.153567790985107,155065,527820,532516,530260,11033,0,677,0
11.169030904769897,155065,527820,532516,530260,11033,0,677,0
11.18435001373291,155065,529868,534564,532308,11034,0,677,0
11.19970178604126,155065,529868,534564,532308,11034,0,677,0
11.215045928955078,155065,529868,534564,532308,11034,0,677,0
11.230527877807617,155065,529868,534564,532308,11034,0,677,0
11.246062994003296,155065,529868,534564,532308,11034,0,677,0
11.261465787887573,155065,529868,534564,532308,11034,0,677,0
11.276854991912842,155065,529868,534564,532308,11034,0,677,0
11.292091846466064,155065,529868,534564,532308,11034,0,677,0
11.307563781738281,155065,529868,534564,532308,11034,0,677,0
11.322938919067383,155065,531916,536612,534356,11035,0,677,0
11.338200807571411,155065,531916,536612,534356,11035,0,677,0
11.353566884994507,155065,531916,536612,534356,11035,0,677,0
11.368749856948853,155065,531916,536612,534356,11035,0,677,0
11.38408088684082,155065,531916,536612,534356,11035,0,677,0
11.399415016174316,155065,531916,536612,534356,11035,0,677,0
11.414744853973389,155065,531916,536612,534356,11035,0,677,0
11.430085897445679,155065,531916,536612,534356,11035,0,677,0
11.445428848266602,155065,531916,536612,534356,11035,0,677,0
11.460871934890747,155065,538060,542756,540500,11037,0,677,0
11.476310014724731,155065,538060,542756,540500,11038,0,677,0
11.491647958755493,155065,538060,542756,540500,11038,0,677,0
11.507238864898682,155065,538060,542756,540500,11038,0,677,0
11.522897958755493,155065,538060,542756,540500,11038,0,677,0
11.538246870040894,155065,538060,542756,540500,11038,0,677,0
11.553536891937256,155065,538060,542756,540500,11038,0,677,0
11.568885803222656,155065,538060,542756,540500,11038,0,677,0
11.586004972457886,155065,538060,542756,540500,11038,0,677,0
11.601610898971558,155065,538060,542756,540500,11038,0,677,0
11.617474794387817,155065,538060,542756,540500,11038,0,677,0
11.633064985275269,155065,538060,542756,540500,11038,0,677,0
11.648374795913696,155065,538060,542756,540500,11038,0,677,0
11.663687944412231,155065,540108,544804,542548,11039,0,677,0
11.67914080619812,155065,540108,544804,542548,11039,0,677,0
11.694492816925049,155065,540108,544804,542548,11039,0,677,0
11.70976185798645,155065,540108,544804,542548,11039,0,677,0
11.725107908248901,155065,540108,544804,542548,11039,0,677,0
11.740644931793213,155065,542156,546852,544596,11040,0,677,0
11.756107807159424,155065,542156,546852,544596,11040,0,677,0
11.771469831466675,155065,542156,546852,544596,11040,0,677,0
11.787073850631714,155065,544204,548900,546644,11041,0,677,0
11.802949905395508,155065,544204,548900,546644,11041,0,677,0
11.818508863449097,155065,544204,548900,546644,11041,0,677,0
11.834472894668579,155065,544204,548900,546644,11041,0,677,0
11.850125789642334,155065,544204,548900,546644,11041,0,677,0
11.865675926208496,155065,546252,550948,548692,11042,0,677,0
11.881393909454346,155065,546252,550948,548692,11042,0,677,0
11.896715879440308,155065,548300,552996,550740,11043,0,677,0
11.912052869796753,155065,548300,552996,550740,11043,0,677,0
11.927389860153198,155065,548300,552996,550740,11043,0,677,0
11.942729949951172,155065,550508,555204,552948,11084,0,677,0
11.958197832107544,155065,550508,555204,552948,11084,0,677,0
11.973792791366577,155065,550508,555204,552948,11084,0,677,0
11.989408016204834,155065,550508,555204,552948,11084,0,677,0
12.004822015762329,155065,554484,559180,556924,11086,0,678,0
12.020456790924072,155065,554484,559180,556924,11086,0,678,0
12.036196947097778,155065,554484,559180,556924,11086,0,678,0
12.051800012588501,155065,554608,559180,557048,11117,0,678,0
12.067652940750122,155065,556656,561352,559096,11118,0,678,0
12.083229780197144,155065,556656,561352,559096,11118,0,678,0
12.098659992218018,155065,556656,561352,559096,11118,0,678,0
12.113935947418213,155065,556488,561188,558928,11118,0,678,0
12.129287958145142,155065,556488,561188,558928,11118,0,678,0
12.144606828689575,155065,556488,561188,558928,11118,0,678,0
12.15995478630066,155065,556488,561188,558928,11118,0,678,0
12.17525601387024,155065,556488,561188,558928,11118,0,678,0
12.191240787506104,155065,558536,563232,560976,11118,0,678,0
12.20681095123291,155065,558536,563232,560976,11119,0,678,0
12.222332954406738,155065,558536,563232,560976,11119,0,678,0
12.237950801849365,155065,564680,569376,567120,11122,0,678,0
12.25368595123291,155065,564680,569376,567120,11122,0,678,0
12.269178867340088,155065,564680,569376,567120,11122,0,678,0
12.284700870513916,155065,564680,569376,567120,11122,0,678,0
12.30049180984497,155065,564680,569376,567120,11122,0,678,0
12.315788984298706,155065,568776,573472,571216,11124,0,678,0
12.331409931182861,155065,570824,575520,573264,11125,0,678,0
12.346938848495483,155065,574920,579616,577360,11127,0,678,0
12.362408876419067,155065,576968,581664,579408,11128,0,678,0
12.37764286994934,155065,576968,581664,579408,11128,0,678,0
12.392916917800903,155065,576968,581664,579408,11128,0,678,0
12.40794587135315,155065,576968,581664,579408,11128,0,678,0
12.423359870910645,155065,576968,581664,579408,11128,0,678,0
12.438780784606934,155065,576968,581664,579408,11128,0,678,0
12.454679012298584,155065,576968,581664,579408,11128,0,678,0
12.47021198272705,155065,576968,581664,579408,11128,0,678,0
12.485668897628784,155065,576968,581664,579408,11128,0,678,0
12.501206874847412,155065,576968,581664,579408,11128,0,678,0
12.516556978225708,155065,576968,581664,579408,11128,0,678,0
12.532163858413696,155065,579016,583712,581456,11129,0,678,0
12.547643899917603,155065,579016,583712,581456,11129,0,678,0
12.562917947769165,155065,579016,583712,581456,11129,0,678,0
12.578224897384644,155065,579016,583712,581456,11129,0,678,0
12.593586921691895,155065,579016,583712,581456,11129,0,678,0
12.609187841415405,155065,579016,583712,581456,11129,0,678,0
12.624674797058105,155065,579016,583712,581456,11129,0,678,0
12.640275955200195,155065,579016,583712,581456,11129,0,678,0
12.655689001083374,155065,579016,583712,581456,11129,0,678,0
12.671185970306396,155065,579016,583712,581456,11129,0,678,0
12.686691999435425,155065,579016,583712,581456,11129,0,678,0
12.702107906341553,155065,579016,583712,581456,11129,0,678,0
12.717582941055298,155065,581064,585760,583504,11130,0,678,0
12.733042001724243,155065,581064,585760,583504,11130,0,678,0
12.748572826385498,155065,583112,587808,585552,11131,0,678,0
12.764030933380127,155065,585160,589856,587600,11131,0,678,0
12.779485940933228,155065,585160,589856,587600,11132,0,678,0
12.794816970825195,155065,585160,589856,587600,11132,0,678,0
12.810370922088623,155065,585160,589856,587600,11132,0,678,0
12.825629949569702,155065,585160,589856,587600,11132,0,678,0
12.840954780578613,155065,585160,589856,587600,11132,0,678,0
12.856200933456421,155065,587208,591904,589648,11133,0,678,0
12.871631860733032,155065,591304,596000,593744,11135,0,678,0
12.886969804763794,155065,591304,596000,593744,11135,0,678,0
12.902531862258911,155065,591304,596000,593744,11135,0,678,0
12.917827844619751,155065,591304,596000,593744,11135,0,678,0
12.933089971542358,155065,591304,596000,593744,11135,0,678,0
12.948471784591675,155065,591304,596000,593744,11135,0,678,0
12.963651895523071,155065,593352,598048,595792,11136,0,678,0
12.979017972946167,155065,593352,598048,595792,11136,0,678,0
12.994476795196533,155065,593352,598048,595792,11136,0,678,0
13.009915828704834,155065,593352,598048,595792,11136,0,678,0
13.025187969207764,155065,593352,598048,595792,11136,0,678,0
13.040689945220947,155065,593352,598048,595792,11136,0,678,0
13.055913925170898,155065,593352,598048,595792,11136,0,678,0
13.071138858795166,155065,593352,598048,595792,11136,0,678,0
13.086509943008423,155065,593352,598048,595792,11136,0,678,0
13.101938009262085,155065,593352,598048,595792,11136,0,678,0
13.11756181716919,155065,593352,598048,595792,11136,0,678,0
13.133346796035767,155065,593352,598048,595792,11136,0,678,0
13.148724794387817,155065,593352,598048,595792,11136,0,678,0
13.164371013641357,155065,593352,598048,595792,11136,0,678,0
13.179744005203247,155065,593352,598048,595792,11136,0,678,0
13.194800853729248,155065,593352,598048,595792,11136,0,678,0
13.209898948669434,155065,593352,598048,595792,11136,0,678,0
13.22513484954834,155065,593352,598048,595792,11136,0,678,0
13.240687847137451,155065,593352,598048,595792,11136,0,678,0
13.255759000778198,155065,593352,598048,595792,11136,0,678,0
13.271130800247192,155065,593352,598048,595792,11136,0,678,0
13.28679084777832,155065,593352,598048,595792,11136,0,678,0
13.301859855651855,155065,593352,598048,595792,11136,0,678,0
13.317027807235718,155065,593352,598048,595792,11136,0,678,0
13.33227801322937,155065,593352,598048,595792,11136,0,678,0
13.34739899635315,155065,593352,598048,595792,11136,0,678,0
13.362485885620117,155065,593352,598048,595792,11136,0,678,0
13.377744913101196,155065,593352,598048,595792,11136,0,678,0
13.393239974975586,155065,593352,598048,595792,11136,0,678,0
13.408493995666504,155065,593352,598048,595792,11136,0,678,0
13.42375898361206,155065,593352,598048,595792,11136,0,678,0
13.438849925994873,155065,593352,598048,595792,11136,0,678,0
13.454202890396118,155065,593352,598048,595792,11136,0,678,0
13.469389915466309,155065,593352,598048,595792,11136,0,678,0
13.484603881835938,155065,593352,598048,595792,11136,0,678,0
13.500370979309082,155065,593352,598048,595792,11136,0,678,0
13.515568971633911,155065,593352,598048,595792,11136,0,678,0
13.530764818191528,155065,593352,598048,595792,11136,0,678,0
13.54586386680603,155065,593352,598048,595792,11136,0,678,0
13.561214923858643,155065,593352,598048,595792,11136,0,678,0
13.576382875442505,155065,593352,598048,595792,11136,0,678,0
13.591395854949951,155065,593352,598048,595792,11136,0,678,0
13.60659384727478,155065,593352,598048,595792,11136,0,678,0
13.621749877929688,155065,593352,598048,595792,11136,0,678,0
13.637139797210693,155065,593352,598048,595792,11136,0,678,0
13.652488946914673,155065,593352,598048,595792,11136,0,678,0
13.667734861373901,155065,593352,598048,595792,11136,0,678,0
13.683192014694214,155065,593352,598048,595792,11136,0,678,0
13.698773860931396,155065,593352,598048,595792,11136,0,678,0
13.714112997055054,155065,593352,598048,595792,11136,0,678,0
13.729378938674927,155065,593352,598048,595792,11136,0,678,0
13.74470591545105,155065,593352,598048,595792,11136,0,678,0
13.759748935699463,155065,593352,598048,595792,11136,0,678,0
13.774755001068115,155065,593352,598048,595792,11136,0,678,0
13.790121793746948,155065,593352,598048,595792,11136,0,678,0
13.805369853973389,155065,593352,598048,595792,11136,0,678,0
13.820711851119995,155065,593352,598048,595792,11136,0,678,0
13.835768938064575,155065,593352,598048,595792,11136,0,678,0
13.85078501701355,155065,593352,598048,595792,11136,0,678,0
13.865824937820435,155065,593352,598048,595792,11136,0,678,0
13.881135940551758,155065,593352,598048,595792,11136,0,678,0
13.89632797241211,155065,593352,598048,595792,11136,0,678,0
13.911747932434082,155065,593352,598048,595792,11136,0,678,0
13.926790952682495,155065,593352,598048,595792,11136,0,678,0
13.941884994506836,155065,593352,598048,595792,11136,0,678,0
13.957215785980225,155065,593352,598048,595792,11136,0,678,0
13.97236180305481,155065,593352,598048,595792,11136,0,678,0
13.987375974655151,155065,593352,598048,595792,11136,0,678,0
14.002736806869507,155065,593352,598048,595792,11136,0,678,0
14.017729997634888,155065,593352,598048,595792,11136,0,678,0
14.032858848571777,155065,593352,598048,595792,11136,0,678,0
14.047817945480347,155065,593352,598048,595792,11136,0,678,0
14.062880992889404,155065,593352,598048,595792,11136,0,678,0
14.078231811523438,155065,593352,598048,595792,11136,0,678,0
14.093402862548828,155065,593352,598048,595792,11136,0,678,0
14.10868501663208,155065,593352,598048,595792,11136,0,678,0
14.124220848083496,155065,593352,598048,595792,11136,0,678,0
14.13975191116333,155065,593352,598048,595792,11136,0,678,0
14.154834985733032,155065,593352,598048,595792,11136,0,678,0
14.17015790939331,155065,593352,598048,595792,11136,0,678,0
14.185374975204468,155065,593352,598048,595792,11136,0,678,0
14.200401782989502,155065,593352,598048,595792,11136,0,678,0
14.215524911880493,155065,593352,598048,595792,11136,0,678,0
14.230701923370361,155065,593352,598048,595792,11136,0,678,0
14.245795965194702,155065,593352,598048,595792,11136,0,678,0
14.260827779769897,155065,593352,598048,595792,11136,0,678,0
14.27584981918335,155065,593352,598048,595792,11136,0,678,0
14.29083800315857,155065,593352,598048,595792,11136,0,678,0
14.305813789367676,155065,593352,598048,595792,11136,0,678,0
14.321424961090088,155065,593352,598048,595792,11136,0,678,0
14.336707830429077,155065,593352,598048,595792,11136,0,678,0
14.351749897003174,155065,593352,598048,595792,11136,0,678,0
14.366786003112793,155065,593352,598048,595792,11136,0,678,0
14.381779909133911,155065,593352,598048,595792,11136,0,678,0
14.39684796333313,155065,593352,598048,595792,11136,0,678,0
14.411834001541138,155065,593352,598048,595792,11136,0,678,0
14.427003860473633,155065,595400,600096,597840,11136,0,678,0
14.442474842071533,155065,603592,608288,606032,11140,0,678,0
14.457980871200562,155065,609736,616480,612176,11144,0,678,0
14.473514795303345,155065,617928,624672,620368,11148,0,679,0
14.488982915878296,155065,626120,630816,628560,11152,0,679,0
14.504409790039062,155065,634312,639008,636752,11156,0,679,0
14.519795894622803,155065,642504,647200,644944,11160,0,679,0
14.535453796386719,155065,650696,655392,653136,11164,0,680,0
14.550936937332153,155065,658888,663584,661328,11168,0,680,0
14.566062927246094,155065,667080,671776,669520,11172,0,680,0
14.581373929977417,155065,675272,679968,677712,11176,0,680,0
14.596585988998413,155065,683464,688160,685904,11180,0,680,0
14.61177682876587,155065,691656,696352,694096,11183,0,680,0
14.627013921737671,155065,697800,704544,700240,11187,0,680,0
14.642155885696411,155065,705992,712736,708432,11191,0,680,0
14.657688856124878,155065,714184,718880,716624,11195,0,680,0
14.673143863677979,155065,722376,727072,724816,11199,0,681,0
14.688674926757812,155065,730568,735264,733008,11203,0,681,0
14.70419692993164,155065,738760,743456,741200,11207,0,681,0
14.719677925109863,155065,746952,751648,749392,11211,0,681,0
14.734982967376709,155065,755144,759840,757584,11215,0,682,0
14.750324010848999,155065,763336,768032,765776,11219,0,682,0
14.76559591293335,155065,771528,776224,773968,11223,0,682,0
14.78124189376831,155065,779720,784416,782160,11227,0,682,0
14.796661853790283,155065,787912,792608,790352,11231,0,682,0
14.812138795852661,155065,796104,800800,798544,11234,0,682,0
14.827746868133545,155065,804296,808992,806736,11238,0,682,0
14.843556880950928,155065,810440,817184,812880,11242,0,682,0
14.858963966369629,155065,818632,825376,821072,11246,0,683,0
14.874424934387207,155065,826824,831520,829264,11250,0,683,0
14.889810800552368,155065,835016,839712,837456,11254,0,683,0
14.905232906341553,155065,843208,847904,845648,11258,0,683,0
14.920703887939453,155065,851400,856096,853840,11262,0,684,0
14.936169862747192,155065,859592,864288,862032,11266,0,684,0
14.952021837234497,155065,867784,872480,870224,11270,0,684,0
14.967603921890259,155065,875976,880672,878416,11274,0,684,0
14.983151912689209,155065,884168,888864,886608,11278,0,684,0
14.998648881912231,155065,892360,897056,894800,11282,0,684,0
15.014088869094849,155065,900552,905248,902992,11285,0,684,0
15.029660940170288,155065,906696,913440,909136,11289,0,684,0
15.045113801956177,155065,914888,921632,917328,11293,0,685,0
15.060691833496094,155065,923080,927776,925520,11297,0,685,0
15.07619595527649,155065,931272,935968,933712,11301,0,685,0
15.091691017150879,155065,939464,944160,941904,11305,0,685,0
15.10799789428711,155065,947656,952352,950096,11309,0,686,0
15.123617887496948,155065,955848,960544,958288,11313,0,686,0
15.139279842376709,155065,964040,968736,966480,11317,0,686,0
15.155149936676025,155065,970184,974880,972624,11320,0,686,0
15.170773983001709,155065,978376,983072,980816,11323,0,686,0
15.186241865158081,155065,984520,991264,986960,11327,0,686,0
15.201676845550537,155065,992712,999456,995152,11331,0,686,0
15.217220783233643,155065,1000904,1005600,1003344,11335,0,686,0
15.232601881027222,155065,1009096,1013792,1011536,11339,0,686,0
15.248143911361694,155065,1017288,1021984,1019728,11343,0,687,0
15.263720989227295,155065,1025480,1030176,1027920,11347,0,687,0
15.27912187576294,155065,1033672,1038368,1036112,11351,0,687,0
15.294683933258057,155065,1041864,1046560,1044304,11355,0,687,0
15.310067892074585,155065,1050056,1054752,1052496,11359,0,688,0
15.325573921203613,155065,1058248,1062944,1060688,11363,0,688,0
15.34096884727478,155065,1066440,1071136,1068880,11367,0,688,0
15.356457948684692,155065,1074632,1079328,1077072,11370,0,688,0
15.372350931167603,155065,1080776,1087520,1083216,11374,0,688,0
15.387812852859497,155065,1088968,1095712,1091408,11378,0,688,0
15.403044939041138,155065,1097160,1101856,1099600,11382,0,688,0
15.418218851089478,155065,1105352,1110048,1107792,11386,0,688,0
15.433502912521362,155065,1113544,1118240,1115984,11390,0,689,0
15.44878888130188,155065,1121736,1126432,1124176,11394,0,689,0
15.463988780975342,155065,1129928,1134624,1132368,11398,0,689,0
15.479268789291382,155065,1138120,1142816,1140560,11402,0,689,0
15.494938850402832,155065,1146312,1151008,1148752,11406,0,690,0
15.510514974594116,155065,1154504,1159200,1156944,11410,0,690,0
15.525900840759277,155065,1162696,1167392,1165136,11414,0,690,0
15.541148900985718,155065,1170888,1175584,1173328,11417,0,690,0
15.556665897369385,155065,1179080,1183776,1181520,11421,0,690,0
15.572005987167358,155065,1187272,1191968,1189712,11425,0,690,0
15.587492942810059,155065,1193416,1198112,1195856,11429,0,690,0
15.603222846984863,155065,1199624,1204320,1202064,11447,0,690,0
15.618577003479004,155065,1205768,1212512,1208208,11451,0,690,0
15.634162902832031,155065,1213960,1220704,1216400,11455,0,691,0
15.649619817733765,155065,1222152,1226848,1224592,11459,0,691,0
15.665040969848633,155065,1230344,1235040,1232784,11463,0,691,0
15.68052887916565,155065,1238536,1243232,1240976,11467,0,691,0
15.696225881576538,155065,1246728,1251424,1249168,11471,0,692,0
15.711622953414917,155065,1254920,1259616,1257360,11475,0,692,0
15.727108001708984,155065,1263112,1267808,1265552,11479,0,692,0
15.74238395690918,155065,1271304,1276000,1273744,11483,0,692,0
15.757828950881958,155065,1279496,1284192,1281936,11487,0,692,0
15.773744821548462,155065,1287688,1292384,1290128,11491,0,692,0
15.78937578201294,155065,1295880,1300576,1298320,11494,0,692,0
15.804698944091797,155065,1302024,1308768,1304464,11498,0,692,0
15.820258855819702,155065,1310216,1316960,1312656,11502,0,693,0
15.835901975631714,155065,1318408,1325152,1320848,11506,0,693,0
15.85159683227539,155065,1326600,1331296,1329040,11510,0,693,0
15.867035865783691,155065,1334792,1339488,1337232,11514,0,693,0
15.882474899291992,155065,1342984,1347680,1345424,11518,0,694,0
15.897655963897705,155065,1351176,1355872,1353616,11522,0,694,0
15.913211822509766,155065,1359368,1364064,1361808,11526,0,694,0
15.928660869598389,155065,1367560,1372256,1370000,11530,0,694,0
15.944044828414917,155065,1375752,1380448,1378192,11534,0,694,0
15.959698915481567,155065,1383944,1388640,1386384,11538,0,694,0
15.97502088546753,155065,1392136,1396832,1394576,11542,0,694,0
15.99045181274414,155065,1400328,1405024,1402768,11545,0,694,0
16.005887985229492,155065,1406472,1413216,1408912,11549,0,695,0
16.02117896080017,155065,1414664,1421408,1417104,11553,0,695,0
16.036717891693115,155065,1422856,1427552,1425296,11557,0,695,0
16.052241802215576,155065,1431048,1435744,1433488,11561,0,695,0
16.068071842193604,155065,1439240,1443936,1441680,11565,0,696,0
16.084173917770386,155065,1447432,1452128,1449872,11569,0,696,0
16.099711894989014,155065,1455624,1460320,1458064,11573,0,696,0
16.115124940872192,155065,1463816,1468512,1466256,11577,0,696,0
16.130711793899536,155065,1472008,1476704,1474448,11581,0,696,0
16.146015882492065,155065,1480200,1484896,1482640,11584,0,696,0
16.161650896072388,155065,1486344,1491040,1488784,11588,0,696,0
16.17716383934021,155065,1494536,1499232,1496976,11592,0,696,0
16.192699909210205,155065,1502728,1507424,1505168,11596,0,696,0
16.20824885368347,155065,1510920,1515616,1513360,11600,0,697,0
16.223756790161133,155065,1519112,1523808,1521552,11604,0,697,0
16.23901391029358,155065,1527304,1532000,1529744,11608,0,697,0
16.254515886306763,155065,1535496,1540192,1537936,11612,0,697,0
16.270116806030273,155065,1543688,1548384,1546128,11616,0,698,0
16.2857768535614,155065,1551880,1556576,1554320,11619,0,698,0
16.301037788391113,155065,1560072,1564768,1562512,11623,0,698,0
16.31656789779663,155065,1566216,1572960,1568656,11627,0,698,0
16.331931829452515,155065,1574408,1581152,1576848,11631,0,698,0
16.347240924835205,155065,1582600,1589344,1585040,11635,0,698,0
16.362823009490967,155065,1590792,1597536,1593232,11639,0,698,0
16.378544807434082,155065,1598984,1603680,1601424,11643,0,698,0
16.394075870513916,155065,1607176,1611872,1609616,11647,0,699,0
16.40944194793701,155065,1615368,1620064,1617808,11651,0,699,0
16.424678802490234,155065,1623560,1628256,1626000,11655,0,699,0
16.44031286239624,155065,1631752,1636448,1634192,11659,0,699,0
16.455695867538452,155065,1639944,1644640,1642384,11663,0,700,0
16.471006870269775,155065,1648136,1652832,1650576,11667,0,700,0
16.486570835113525,155065,1656328,1661024,1658768,11671,0,700,0
16.50200080871582,155065,1664520,1669216,1666960,11674,0,700,0
16.517239809036255,155065,1672712,1677408,1675152,11678,0,700,0
16.532665014266968,155065,1680904,1685600,1683344,11682,0,700,0
16.548314809799194,155065,1687048,1693792,1689488,11686,0,700,0
16.563951015472412,155065,1695240,1701984,1697680,11690,0,700,0
16.579612970352173,155065,1703432,1710176,1705872,11694,0,701,0
16.595237970352173,155065,1711624,1716320,1714064,11698,0,701,0
16.610806941986084,155065,1719816,1724512,1722256,11702,0,701,0
16.62639594078064,155065,1728008,1732704,1730448,11706,0,701,0
16.641917943954468,155065,1736200,1740896,1738640,11710,0,702,0
16.657219886779785,155065,1744392,1749088,1746832,11714,0,702,0
16.67279601097107,155065,1752584,1757280,1755024,11718,0,702,0
16.688450813293457,155065,1760776,1765472,1763216,11722,0,702,0
16.703747987747192,155065,1768968,1773664,1771408,11726,0,702,0
16.719238996505737,155065,1777160,1781856,1779600,11730,0,702,0
16.73505187034607,155065,1785352,1790048,1787792,11734,0,702,0
16.75052785873413,155065,1793544,1798240,1795984,11738,0,702,0
16.766145944595337,155065,1801736,1806432,1804176,11742,0,703,0
16.78144598007202,155065,1809928,1814624,1812368,11746,0,703,0
16.79682183265686,155065,1818120,1822816,1820560,11749,0,703,0
16.812448978424072,155065,1826312,1831008,1828752,11753,0,703,0
16.827955961227417,155065,1834504,1839200,1836944,11757,0,704,0
16.84359383583069,155065,1840648,1847392,1843088,11761,0,704,0
16.85913586616516,155065,1848840,1855584,1851280,11765,0,704,0
16.87456178665161,155065,1857032,1863776,1859472,11769,0,704,0
16.88988995552063,155065,1865224,1869920,1867664,11773,0,704,0
16.905470848083496,155065,1873416,1878112,1875856,11777,0,704,0
16.92094898223877,155065,1881608,1886304,1884048,11781,0,704,0
16.936255931854248,155065,1889800,1894496,1892240,11785,0,704,0
16.951915979385376,155065,1895944,1900640,1898384,11788,0,704,0
16.96768283843994,155065,1904136,1908832,1906576,11792,0,705,0
16.98338484764099,155065,1912328,1917024,1914768,11796,0,705,0
16.998697996139526,155065,1920520,1925216,1922960,11800,0,705,0
17.01424789428711,155065,1928712,1933408,1931152,11804,0,705,0
17.02984094619751,155065,1936904,1941600,1939344,11807,0,706,0
17.04543685913086,155065,1945096,1949792,1947536,11811,0,706,0
17.06100082397461,155065,1953288,1957984,1955728,11815,0,706,0
17.07665491104126,155065,1961480,1966176,1963920,11819,0,706,0
17.091951847076416,155065,1967624,1974368,1970064,11823,0,706,0
17.10749101638794,155065,1975816,1982560,1978256,11827,0,706,0
17.12295699119568,155065,1984008,1990752,1986448,11831,0,706,0
17.138527870178223,155065,1992200,1998944,1994640,11835,0,706,0
17.154096841812134,155065,2000392,2007136,2002832,11839,0,707,0
17.16952681541443,155065,2008584,2013280,2011024,11843,0,707,0
17.18506693840027,155065,2016776,2021472,2019216,11847,0,707,0
17.200424909591675,155065,2024968,2029664,2027408,11851,0,707,0
17.215691804885864,155065,2033160,2037856,2035600,11855,0,708,0
17.23097801208496,155065,2041352,2046048,2043792,11859,0,708,0
17.246349811553955,155065,2049544,2054240,2051984,11863,0,708,0
17.26162600517273,155065,2057736,2062432,2060176,11866,0,708,0
17.27690601348877,155065,2065928,2070624,2068368,11870,0,708,0
17.292516946792603,155065,2072072,2078816,2074512,11874,0,708,0
17.307922840118408,155065,2080264,2087008,2082704,11878,0,708,0
17.32346200942993,155065,2088456,2095200,2090896,11882,0,708,0
17.339020013809204,155065,2096648,2101344,2099088,11886,0,709,0
17.35455894470215,155065,2104844,2109536,2107284,11891,0,709,0
17.37017798423767,155065,2113036,2117732,2115476,11895,0,709,0
17.385665893554688,155065,2121228,2125924,2123668,11899,0,709,0
17.40115785598755,155065,2129420,2134116,2131860,11902,0,710,0
17.416679859161377,155065,2137612,2142308,2140052,11906,0,710,0
17.432148933410645,155065,2143756,2150500,2146196,11910,0,710,0
17.4476158618927,155065,2151948,2158692,2154388,11914,0,710,0
17.46323800086975,155065,2160140,2166884,2162580,11918,0,710,0
17.478803873062134,155065,2168332,2173028,2170772,11922,0,710,0
17.49441385269165,155065,2176524,2181220,2178964,11926,0,710,0
17.509944915771484,155065,2184716,2189412,2187156,11930,0,710,0
17.5256028175354,155065,2192908,2197604,2195348,11934,0,711,0
17.541213989257812,155065,2201100,2205796,2203540,11938,0,711,0
17.55677580833435,155065,2209292,2213988,2211732,11942,0,711,0
17.57225489616394,155065,2217484,2222180,2219924,11946,0,711,0
17.58773899078369,155065,2225676,2230372,2228116,11950,0,712,0
17.6034939289093,155065,2233868,2238564,2236308,11954,0,712,0
17.618993997573853,155065,2242060,2246756,2244500,11958,0,712,0
17.634585857391357,155065,2250252,2254948,2252692,11962,0,712,0
17.65034580230713,155065,2258444,2263140,2260884,11966,0,712,0
17.66606593132019,155065,2266636,2271332,2269076,11970,0,712,0
17.681495904922485,155065,2274828,2279524,2277268,11974,0,712,0
17.697027921676636,155065,2283020,2287716,2285460,11977,0,712,0
17.71262788772583,155065,2291212,2295908,2293652,11981,0,713,0
17.728171825408936,155065,2299404,2304100,2301844,11985,0,713,0
17.743862867355347,155065,2305548,2312292,2307988,11989,0,713,0
17.759188890457153,155065,2313740,2320484,2316180,11993,0,713,0
17.77475881576538,155065,2321932,2326628,2324372,11997,0,713,0
17.79009485244751,155065,2330124,2334820,2332564,12001,0,714,0
17.805421829223633,155065,2338316,2343012,2340756,12005,0,714,0
17.821111917495728,155065,2346508,2351204,2348948,12009,0,714,0
17.836735010147095,155065,2354700,2359396,2357140,12013,0,714,0
17.852423906326294,155065,2362892,2367588,2365332,12017,0,714,0
17.86823797225952,155065,2371084,2375780,2373524,12021,0,714,0
17.88370680809021,155065,2377228,2381924,2379668,12024,0,714,0
17.899390935897827,155065,2385420,2390116,2387860,12028,0,714,0
17.914685010910034,155065,2393612,2398308,2396052,12032,0,715,0
17.930364847183228,155065,2401804,2406500,2404244,12036,0,715,0
17.94605779647827,155065,2409996,2414692,2412436,12040,0,715,0
17.961439847946167,155065,2418188,2422884,2420628,12044,0,715,0
17.977069854736328,155065,2426380,2431076,2428820,12048,0,716,0
17.992523908615112,155065,2434572,2439268,2437012,12051,0,716,0
18.007983922958374,155065,2442764,2447460,2445204,12055,0,716,0
18.023558855056763,155065,2448908,2455652,2451348,12059,0,716,0
18.0392107963562,155065,2457100,2463844,2459540,12063,0,716,0
18.054582834243774,155065,2465292,2469988,2467732,12067,0,716,0
18.06995987892151,155065,2473484,2478180,2475924,12071,0,716,0
18.08567190170288,155065,2481676,2486372,2484116,12075,0,716,0
18.101215839385986,155065,2489868,2494564,2492308,12079,0,717,0
18.116581916809082,155065,2498060,2502756,2500500,12083,0,717,0
18.131879806518555,155065,2506252,2510948,2508692,12087,0,717,0
18.14724898338318,155065,2514444,2519140,2516884,12091,0,717,0
18.162928819656372,155065,2522636,2527332,2525076,12095,0,718,0
18.17860198020935,155065,2530828,2535524,2533268,12099,0,718,0
18.194230794906616,155065,2539020,2543716,2541460,12103,0,718,0
18.209752798080444,155065,2545164,2549860,2547604,12106,0,718,0
18.225451946258545,155065,2549260,2553956,2551700,12108,0,718,0
18.241153955459595,155065,2557452,2562148,2559892,12111,0,718,0
18.256671905517578,155065,2563596,2570340,2566036,12115,0,718,0
18.272244930267334,155065,2571788,2578532,2574228,12119,0,718,0
18.28785800933838,155065,2579980,2586724,2582420,12123,0,718,0
18.303510904312134,155065,2588172,2594916,2590612,12127,0,719,0
18.319132804870605,155065,2596364,2601060,2598804,12131,0,719,0
18.334576845169067,155065,2604556,2609252,2606996,12135,0,719,0
18.349947929382324,155065,2612748,2617444,2615188,12139,0,719,0
18.36563491821289,155065,2620940,2625636,2623380,12143,0,720,0
18.381202936172485,155065,2629132,2633828,2631572,12147,0,720,0
18.396784782409668,155065,2637324,2642020,2639764,12151,0,720,0
18.412091970443726,155065,2645516,2650212,2647956,12154,0,720,0
18.427477836608887,155065,2649612,2654308,2652052,12157,0,720,0
18.44322180747986,155065,2655756,2660452,2658196,12160,0,720,0
18.45868492126465,155065,2663948,2668644,2666388,12164,0,720,0
18.474313974380493,155065,2672140,2676836,2674580,12168,0,720,0
18.49011993408203,155065,2680332,2685028,2682772,12172,0,720,0
18.505733966827393,155065,2688524,2693220,2690964,12176,0,721,0
18.521368980407715,155065,2696716,2701412,2699156,12180,0,721,0
18.536906957626343,155065,2704908,2709604,2707348,12184,0,721,0
18.55230689048767,155065,2711052,2715748,2713492,12187,0,721,0
18.567754983901978,155065,2717196,2721892,2719636,12190,0,721,0
18.583225965499878,155065,2725388,2730084,2727828,12194,0,722,0
18.59883689880371,155065,2733580,2738276,2736020,12198,0,722,0
18.614420890808105,155065,2741772,2746468,2744212,12202,0,722,0
18.629676818847656,155065,2749964,2754660,2752404,12205,0,722,0
18.645416975021362,155065,2758156,2762852,2760596,12209,0,722,0
18.66094183921814,155065,2766348,2771044,2768788,12213,0,722,0
18.676389932632446,155065,2774540,2779236,2776980,12217,0,722,0
18.691948890686035,155065,2780684,2787428,2783124,12221,0,722,0
18.707504987716675,155065,2788876,2795620,2791316,12225,0,723,0
18.72278094291687,155065,2797068,2803812,2799508,12229,0,723,0
18.738441944122314,155065,2805260,2812004,2807700,12233,0,723,0
18.753777980804443,155065,2813452,2820196,2815892,12237,0,723,0
18.76918387413025,155065,2821644,2826340,2824084,12241,0,724,0
18.784761905670166,155065,2829836,2834532,2832276,12245,0,724,0
18.800225973129272,155065,2838028,2842724,2840468,12249,0,724,0
18.815788984298706,155065,2846220,2850916,2848660,12253,0,724,0
18.831421852111816,155065,2854412,2859108,2856852,12257,0,724,0
18.846762895584106,155065,2862604,2867300,2865044,12261,0,724,0
18.862156867980957,155065,2870796,2875492,2873236,12265,0,724,0
18.877649784088135,155065,2878988,2883684,2881428,12269,0,724,0
18.893077850341797,155065,2887180,2891876,2889620,12273,0,725,0
18.908488988876343,155065,2895372,2900068,2897812,12277,0,725,0
18.923828840255737,155065,2903564,2908260,2906004,12281,0,725,0
18.93918800354004,155065,2911756,2916452,2914196,12285,0,725,0
18.95492696762085,155065,2919948,2924644,2922388,12289,0,726,0
18.970582962036133,155065,2928140,2932836,2930580,12293,0,726,0
18.98594379425049,155065,2936332,2941028,2938772,12297,0,726,0
19.001465797424316,155065,2944524,2949220,2946964,12300,0,726,0
19.01710295677185,155065,2952716,2957412,2955156,12304,0,726,0
19.032704830169678,155065,2960908,2965604,2963348,12308,0,726,0
19.04832696914673,155065,2969100,2973796,2971540,12312,0,726,0
19.063979864120483,155065,2977292,2981988,2979732,12316,0,726,0
19.079624891281128,155065,2985484,2990180,2987924,12320,0,727,0
19.095096826553345,155065,2991628,2998372,2994068,12324,0,727,0
19.110565900802612,155065,2999820,3006564,3002260,12328,0,727,0
19.12596082687378,155065,3008012,3014756,3010452,12332,0,727,0
19.141584873199463,155065,3016204,3022948,3018644,12336,0,728,0
19.15719199180603,155065,3024396,3029092,3026836,12340,0,728,0
19.17262291908264,155065,3032588,3037284,3035028,12344,0,728,0
19.18821692466736,155065,3040780,3045476,3043220,12348,0,728,0
19.203909873962402,155065,3048972,3053668,3051412,12352,0,728,0
19.21960687637329,155065,3057164,3061860,3059604,12356,0,728,0
19.235246896743774,155065,3065356,3070052,3067796,12360,0,728,0
19.25069284439087,155065,3073548,3078244,3075988,12364,0,728,0
19.26604700088501,155065,3081740,3086436,3084180,12368,0,729,0
19.28169894218445,155065,3091980,3096676,3094420,12373,0,729,0
19.297307014465332,155065,3100172,3104868,3102612,12377,0,729,0
19.312788009643555,155065,3102220,3106916,3104660,12378,0,729,0
19.32851481437683,155065,3102220,3106916,3104660,12378,0,729,0
19.344141006469727,155065,3108364,3115108,3110804,12381,0,729,0
19.359673976898193,155065,3116556,3121252,3118996,12385,0,730,0
19.37514090538025,155065,3124748,3129444,3127188,12389,0,730,0
19.39056396484375,155065,3132940,3137636,3135380,12393,0,730,0
19.405898809432983,155065,3141132,3145828,3143572,12397,0,730,0
19.421265840530396,155065,3149324,3154020,3151764,12401,0,730,0
19.436677932739258,155065,3157516,3162212,3159956,12405,0,730,0
19.45238995552063,155065,3165708,3170404,3168148,12409,0,730,0
19.468098878860474,155065,3173900,3178596,3176340,12413,0,730,0
19.483510971069336,155065,3182092,3186788,3184532,12417,0,731,0
19.49924898147583,155065,3190284,3194980,3192724,12421,0,731,0
19.514845848083496,155065,3198476,3203172,3200916,12425,0,731,0
19.530669927597046,155065,3206668,3211364,3209108,12429,0,731,0
19.5464608669281,155065,3214860,3219556,3217300,12433,0,732,0
19.56198287010193,155065,3221004,3225700,3223444,12436,0,732,0
19.577399969100952,155065,3229196,3233892,3231636,12440,0,732,0
19.592764854431152,155065,3237388,3242084,3239828,12444,0,732,0
19.608447790145874,155065,3245580,3250276,3248020,12448,0,732,0
19.624090909957886,155065,3253772,3258468,3256212,12452,0,732,0
19.639583826065063,155065,3261964,3266660,3264404,12456,0,732,0
19.65493392944336,155065,3270156,3274852,3272596,12460,0,732,0
19.670727968215942,155065,3278348,3283044,3280788,12464,0,733,0
19.68635392189026,155065,3286540,3291236,3288980,12468,0,733,0
19.702188968658447,155065,3294732,3299428,3297172,12472,0,733,0
19.71779489517212,155065,3302924,3307620,3305364,12476,0,733,0
19.733613967895508,155065,3311116,3315812,3313556,12480,0,734,0
19.749372959136963,155065,3319308,3324004,3321748,12484,0,734,0
19.76472282409668,155065,3327500,3332196,3329940,12488,0,734,0
19.78039789199829,155065,3335692,3340388,3338132,12492,0,734,0
19.796124935150146,155065,3343884,3348580,3346324,12496,0,734,0
19.811797857284546,155065,3352076,3356772,3354516,12499,0,734,0
19.827395915985107,155065,3360268,3364964,3362708,12503,0,734,0
19.842904806137085,155065,3366412,3371108,3368852,12507,0,734,0
19.858354806900024,155065,3366412,3371108,3368852,12507,0,734,0
19.873953819274902,155065,3366412,3371108,3368852,12507,0,734,0
19.889545917510986,155065,3368460,3375204,3370900,12508,0,734,0
19.90511679649353,155065,3374604,3379300,3377044,12511,0,735,0
19.920674800872803,155065,3374604,3379300,3377044,12511,0,735,0
19.93661379814148,155065,3374604,3379300,3377044,12511,0,735,0
19.952271938323975,155065,3374604,3379300,3377044,12511,0,735,0
19.969421863555908,155065,3374604,3379300,3377044,12511,0,735,0
19.98507285118103,155065,3374604,3379300,3377044,12511,0,735,0
20.00062084197998,155065,3374604,3379300,3377044,12511,0,735,0
20.016247987747192,155065,3380748,3385444,3383188,12514,0,735,0
20.031960010528564,155065,3388940,3393636,3391380,12517,0,735,0
20.04758596420288,155065,3397132,3401828,3399572,12521,0,735,0
20.063138961791992,155065,3403276,3410020,3405716,12525,0,735,0
20.078608989715576,155065,3411468,3418212,3413908,12529,0,736,0
20.09402894973755,155065,3419660,3426404,3422100,12533,0,736,0
20.10965895652771,155065,3427852,3432548,3430292,12537,0,736,0
20.12525701522827,155065,3436044,3440740,3438484,12541,0,736,0
20.140959978103638,155065,3444236,3448932,3446676,12545,0,736,0
20.15684700012207,155065,3452428,3457124,3454868,12549,0,736,0
20.172273874282837,155065,3460620,3465316,3463060,12553,0,736,0
20.187680959701538,155065,3468812,3473508,3471252,12557,0,736,0
20.203105926513672,155065,3477004,3481700,3479444,12561,0,737,0
20.21868395805359,155065,3485196,3489892,3487636,12565,0,737,0
20.23436689376831,155065,3493388,3498084,3495828,12569,0,737,0
20.249735832214355,155065,3501580,3506276,3504020,12573,0,737,0
20.265447854995728,155065,3509772,3514468,3512212,12577,0,738,0
20.280836820602417,155065,3517964,3522660,3520404,12581,0,738,0
20.296562910079956,155065,3526156,3530852,3528596,12584,0,738,0
20.3121178150177,155065,3534348,3539044,3536788,12588,0,738,0
20.3278169631958,155065,3540492,3547236,3542932,12592,0,738,0
20.34344482421875,155065,3548684,3555428,3551124,12596,0,738,0
20.359019994735718,155065,3556876,3563620,3559316,12600,0,738,0
20.374433994293213,155065,3565068,3569764,3567508,12604,0,738,0
20.3898868560791,155065,3573260,3577956,3575700,12608,0,739,0
20.405627965927124,155065,3581452,3586148,3583892,12612,0,739,0
20.421386003494263,155065,3589644,3594340,3592084,12616,0,739,0
20.43681001663208,155065,3597836,3602532,3600276,12620,0,739,0
20.452581882476807,155065,3606028,3610724,3608468,12624,0,740,0
20.46832799911499,155065,3614220,3618916,3616660,12628,0,740,0
20.48383092880249,155065,3622412,3627108,3624852,12632,0,740,0
20.499488830566406,155065,3630604,3635300,3633044,12636,0,740,0
20.514999866485596,155065,3638796,3643492,3641236,12640,0,740,0
20.530494928359985,155065,3646988,3651684,3649428,12644,0,740,0
20.54608178138733,155065,3655180,3659876,3657620,12648,0,740,0
20.562042951583862,155065,3663372,3668068,3665812,12652,0,740,0
20.577722787857056,155065,3671564,3676260,3674004,12656,0,741,0
20.593599796295166,155065,3679756,3684452,3682196,12659,0,741,0
20.609233856201172,155065,3685900,3692644,3688340,12663,0,741,0
20.624916791915894,155065,3694092,3700836,3696532,12667,0,741,0
20.640572786331177,155065,3702228,3709028,3704724,12671,0,742,0
20.657235860824585,155065,3710476,3717220,3712916,12675,0,742,0
20.674038887023926,155065,3718668,3725412,3721108,12679,0,742,0
20.689719915390015,155065,3726860,3733604,3729300,12683,0,742,0
20.7053439617157,155065,3735052,3741796,3737492,12687,0,742,0
20.720802783966064,155065,3743244,3749988,3745684,12691,0,742,0
20.736351013183594,155065,3751436,3758180,3753876,12695,0,742,0
20.751972913742065,155065,3759628,3764324,3762068,12699,0,742,0
20.767536878585815,155065,3767820,3772516,3770260,12703,0,743,0
20.78312087059021,155065,3776012,3780708,3778452,12707,0,743,0
20.79868197441101,155065,3784204,3788900,3786644,12711,0,743,0
20.81414484977722,155065,3792396,3797092,3794836,12715,0,743,0
20.829683780670166,155065,3800588,3805284,3803028,12719,0,744,0
20.845172882080078,155065,3808780,3813476,3811220,12723,0,744,0
20.860641956329346,155065,3816972,3821668,3819412,12727,0,744,0
20.87619185447693,155065,3825164,3829860,3827604,12731,0,744,0
20.891693830490112,155065,3833356,3838052,3835796,12735,0,744,0
20.907177925109863,155065,3841548,3846244,3843988,12739,0,744,0
20.922661781311035,155065,3849740,3854436,3852180,12743,0,744,0
20.93926692008972,155065,3857932,3862628,3860372,12747,0,744,0
20.955009937286377,155065,3866124,3870820,3868564,12751,0,745,0
20.97056293487549,155065,3874316,3879012,3876756,12755,0,745,0
20.986154794692993,155065,3882508,3887204,3884948,12759,0,745,0
21.001681804656982,155065,3890700,3895396,3893140,12763,0,745,0
21.017128944396973,155065,3898892,3903588,3901332,12767,0,746,0
21.0328209400177,155065,3907084,3911780,3909524,12771,0,746,0
21.04836893081665,155065,3915276,3919972,3917716,12775,0,746,0
21.06387686729431,155065,3923468,3928164,3925908,12779,0,746,0
21.079524993896484,155065,3931660,3936356,3934100,12783,0,746,0
21.094949960708618,155065,3939852,3944548,3942292,12787,0,746,0
21.110729932785034,155065,3948044,3952740,3950484,12791,0,746,0
21.126417875289917,155065,3956236,3960932,3958676,12795,0,746,0
21.142009973526,155065,3964428,3969124,3966868,12799,0,747,0
21.157384872436523,155065,3972620,3977316,3975060,12802,0,747,0
21.17274785041809,155065,3978764,3985508,3981204,12806,0,747,0
21.18824791908264,155065,3986956,3993700,3989396,12810,0,747,0
21.204089879989624,155065,3995148,4001892,3997588,12814,0,748,0
21.219761848449707,155065,4003340,4010084,4005780,12818,0,748,0
21.235514879226685,155065,4011532,4018276,4013972,12822,0,748,0
21.25099492073059,155065,4019724,4026468,4022164,12826,0,748,0
21.266498804092407,155065,4027916,4032612,4030356,12830,0,748,0
21.282108783721924,155065,4036108,4040804,4038548,12834,0,748,0
21.298016786575317,155065,4044300,4048996,4046740,12838,0,748,0
21.31368589401245,155065,4052492,4057188,4054932,12842,0,748,0
21.329163789749146,155065,4060684,4065380,4063124,12846,0,748,0
21.34473991394043,155065,4068876,4073572,4071316,12850,0,749,0
21.360546827316284,155065,4077068,4081764,4079508,12854,0,749,0
21.376216888427734,155065,4085260,4089956,4087700,12858,0,749,0
21.391700983047485,155065,4093452,4098148,4095892,12862,0,749,0
21.407230854034424,155065,4101644,4106340,4104084,12866,0,750,0
21.42294478416443,155065,4109836,4114532,4112276,12870,0,750,0
21.438557863235474,155065,4118028,4122724,4120468,12874,0,750,0
21.454104900360107,155065,4126220,4130916,4128660,12878,0,750,0
21.469844818115234,155065,4130316,4135012,4132756,12880,0,750,0
21.485577821731567,155065,4134412,4139108,4136852,12882,0,750,0
21.50125789642334,155065,4138508,4143204,4140948,12884,0,750,0
21.516746997833252,155065,4142604,4147300,4145044,12885,0,750,0
21.532264947891235,155065,4144652,4149348,4147092,12887,0,750,0
21.547968864440918,155065,4148748,4153444,4151188,12889,0,750,0
21.563466787338257,155065,4156940,4161636,4159380,12893,0,750,0
21.578980922698975,155065,4165132,4169828,4167572,12897,0,751,0
21.594366788864136,155065,4173324,4178020,4175764,12901,0,751,0
21.610427856445312,155065,4181516,4186212,4183956,12905,0,751,0
21.625993013381958,155065,4189708,4194404,4192148,12908,0,751,0
21.641685962677002,155065,4197900,4202596,4200340,12912,0,752,0
21.65721082687378,155065,4204044,4210788,4206484,12916,0,752,0
21.672817945480347,155065,4211248,4216164,4213688,13136,0,752,0
21.68861699104309,155065,4216616,4221540,4219056,14475,0,752,0
21.704180002212524,155065,4222180,4227172,4224620,15862,0,752,0
21.7197208404541,155065,4227536,4232548,4229976,17192,0,752,0
21.735577821731567,155065,4232980,4237924,4235420,18551,0,752,0
21.751482009887695,155065,4234700,4239460,4237204,19063,0,752,0
21.767496824264526,155065,4236844,4241764,4239284,19563,0,752,0
21.783463954925537,155065,4242448,4247396,4244888,20911,0,752,0
21.799466848373413,155065,4242956,4247652,4245396,21111,0,752,0
21.81570792198181,155065,4246760,4251748,4249200,21984,0,752,0
21.831875801086426,155065,4252212,4257124,4254652,23340,0,752,0
21.847988843917847,155065,4257672,4262628,4260112,24699,0,752,0
21.864178895950317,155065,4263368,4268132,4265808,26118,0,753,0
21.880464792251587,155065,4268864,4273764,4271304,27487,0,753,0
21.896737813949585,155065,4274396,4279396,4276836,28863,0,753,0
21.914618968963623,155065,4279820,4284516,4282260,30327,0,753,0
21.93103289604187,155065,4279624,4284516,4282260,30327,0,753,0
21.94768190383911,155065,4285064,4290020,4287504,31518,0,753,0
21.96455192565918,155065,4290200,4295140,4292640,32845,0,753,0
21.98100781440735,155065,4296040,4300900,4298480,34255,0,754,0
21.997548818588257,155065,4301756,4306660,4304196,35677,0,754,0
22.014225006103516,155065,4307536,4312548,4309976,37112,0,754,0
22.03125500679016,155065,4313256,4318180,4315696,38547,0,754,0
22.047887802124023,155065,4319012,4323940,4321452,40019,0,754,0
22.06482982635498,155065,4324876,4329572,4327316,41467,0,754,0
22.08171582221985,155065,4328352,4333284,4330792,42298,0,754,0
22.098827838897705,155065,4334116,4339044,4336556,43735,0,754,0
22.115713834762573,155065,4339944,4344932,4342384,45186,0,754,0
22.13270592689514,155065,4345724,4350692,4348164,46671,0,754,0
22.149638891220093,155065,4351636,4356580,4354076,48141,0,754,0
22.166829824447632,155065,4357644,4362468,4360084,49606,0,755,0
22.183762788772583,155065,4363628,4368484,4366068,51082,0,755,0
22.200979948043823,155065,4369572,4374500,4372012,52562,0,755,0
22.218464851379395,155065,4369864,4374628,4372372,52856,0,755,0
22.236840963363647,155065,4375768,4380772,4378208,54105,0,755,0
22.25438690185547,155065,4381636,4386532,4384076,55565,0,755,0
22.271549940109253,155065,4387660,4392548,4390100,57063,0,755,0
22.28901696205139,155065,4393684,4398692,4396124,58563,0,756,0
22.30659294128418,155065,4399776,4404708,4402216,60079,0,756,0
22.324001789093018,155065,4405872,4410852,4408312,61601,0,756,0
22.341720819473267,155065,4411976,4416996,4414416,63119,0,756,0
22.359208822250366,155065,4414988,4419684,4417428,64120,0,756,0
22.377262830734253,155065,4418592,4423524,4421032,64764,0,756,0
22.39542579650879,155065,4424816,4429796,4427256,66317,0,756,0
22.413113832473755,155065,4430976,4435940,4433416,67851,0,756,0
22.431029796600342,155065,4437112,4442084,4439552,69373,0,756,0
22.449243783950806,155065,4443384,4448356,4445824,70940,0,756,0
22.46725296974182,155065,4449676,4454500,4452116,72518,0,756,0
22.4854838848114,155065,4455948,4460772,4458388,74084,0,757,0
22.503743886947632,155065,4460044,4464740,4462484,75384,0,757,0
22.52261781692505,155065,4461868,4466788,4464308,75591,0,757,0
22.54114294052124,155065,4468196,4472932,4470636,77119,0,757,0
22.559704780578613,155065,4474420,4479332,4476860,78708,0,757,0
22.5779128074646,155065,4480876,4485860,4483316,80322,0,757,0
22.59656000137329,155065,4487248,4492260,4489688,81909,0,757,0
22.61526584625244,155065,4493808,4498788,4496248,83540,0,758,0
22.63412380218506,155065,4500356,4505316,4502796,85118,0,758,0
22.652933835983276,155065,4505100,4509796,4507540,86648,0,758,0
22.671693801879883,155065,4508416,4513380,4510856,87160,0,758,0
22.690369844436646,155065,4515024,4520036,4517464,88782,0,758,0
22.709253787994385,155065,4521484,4526436,4523924,90427,0,758,0
22.728094816207886,155065,4528104,4533092,4530544,92078,0,758,0
22.7469220161438,155065,4534744,4539748,4537184,93737,0,758,0
22.76568293571472,155065,4541448,4546404,4543888,95362,0,758,0
22.78478980064392,155065,4548108,4552932,4550548,97041,0,758,0
22.80408501625061,155065,4551028,4556004,4553468,97912,0,758,0
22.823542833328247,155065,4557756,4562660,4560196,99448,0,759,0
22.842813968658447,155065,4564492,4569444,4566932,101124,0,759,0
22.862428903579712,155065,4571244,4576228,4573684,102828,0,759,0
22.881876945495605,155065,4578092,4583012,4580532,104535,0,759,0
22.90117597579956,155065,4584868,4589668,4587308,106201,0,759,0
22.920422792434692,155065,4591568,4596580,4594008,107884,0,760,0
22.939684867858887,155065,4595212,4599908,4597652,109176,0,760,0
22.959589958190918,155065,4601928,4606820,4604368,110462,0,760,0
22.979139804840088,155065,4608888,4613860,4611328,112198,0,760,0
22.998907804489136,155065,4615692,4620644,4618132,113887,0,760,0
23.018489837646484,155065,4622632,4627556,4625072,115618,0,760,0
23.0381178855896,155065,4629716,4634724,4632156,117368,0,760,0
23.058589935302734,155065,4636664,4641636,4639104,119102,0,760,0
23.078595876693726,155065,4640920,4645860,4643360,120440,0,760,0
23.099092960357666,155065,4648020,4653028,4650460,121950,0,760,0
23.119475841522217,155065,4655020,4659940,4657460,123684,0,761,0
23.13961386680603,155065,4662204,4667108,4664644,125477,0,761,0
23.160093784332275,155065,4669180,4674148,4671620,127211,0,761,0
23.180498838424683,155065,4676384,4681316,4678824,129017,0,761,0
23.200787782669067,155065,4682064,4686692,4684504,130763,0,761,0
23.22098398208618,155065,4682064,4686692,4684504,130889,0,761,0
23.241611003875732,155065,4682064,4686692,4684504,130889,0,761,0
23.26198101043701,155065,4682064,4686692,4684504,130889,0,761,0
23.282594919204712,155065,4682064,4686692,4684504,130889,0,761,0
23.303112983703613,155065,4682064,4686692,4684504,130889,0,761,0
23.323417901992798,155065,4682064,4686692,4684504,130889,0,761,0
23.343678951263428,155065,4682064,4686692,4684504,130889,0,761,0
23.364277839660645,155065,4682064,4686692,4684504,130889,0,761,0
23.38459587097168,155065,4682064,4686692,4684504,130889,0,761,0
23.404688835144043,155065,4682064,4686692,4684504,130889,0,761,0
23.42536997795105,155065,4682064,4686692,4684504,130889,0,761,0
23.445735931396484,155065,4682064,4686692,4684504,130889,0,761,0
23.466272830963135,155065,4682064,4686692,4684504,130889,0,761,0
23.487461805343628,155065,4682064,4686692,4684504,130889,0,761,0
23.507831811904907,155065,4682064,4686692,4684504,130889,0,761,0
23.528434991836548,155065,4682064,4686692,4684504,130889,0,761,0
23.548799991607666,155065,4682064,4686692,4684504,130889,0,761,0
23.569406986236572,155065,4682064,4686692,4684504,130889,0,761,0
23.589622974395752,155065,4682064,4686692,4684504,130889,0,761,0
23.609905004501343,155065,4682064,4686692,4684504,130889,0,761,0
23.63045883178711,155065,4682064,4686692,4684504,130889,0,761,0
23.651190996170044,155065,4682064,4686692,4684504,130889,0,761,0
23.67196798324585,155065,4682064,4686692,4684504,130889,0,761,0
23.69246792793274,155065,4682064,4686692,4684504,130889,0,761,0
23.7127947807312,155065,4682064,4686692,4684504,130889,0,761,0
23.733253002166748,155065,4682064,4686692,4684504,130889,0,761,0
23.753549814224243,155065,4682064,4686692,4684504,130889,0,761,0
23.774444818496704,155065,4682064,4686692,4684504,130889,0,761,0
23.794793844223022,155065,4682064,4686692,4684504,130889,0,761,0
23.815274000167847,155065,4682064,4686692,4684504,130889,0,761,0
23.835774898529053,155065,4682064,4686692,4684504,130889,0,761,0
23.85624599456787,155065,4682064,4686692,4684504,130889,0,761,0
23.876807928085327,155065,4682064,4686692,4684504,130889,0,761,0
23.89743685722351,155065,4682064,4686692,4684504,130889,0,761,0
23.91796898841858,155065,4682064,4686692,4684504,130889,0,761,0
23.938742876052856,155065,4682064,4686692,4684504,130889,0,761,0
23.959314823150635,155065,4682064,4686692,4684504,130889,0,761,0
23.979800939559937,155065,4682064,4686692,4684504,130889,0,761,0
24.00046682357788,155065,4682064,4686692,4684504,130889,0,761,0
24.020803928375244,155065,4682064,4686692,4684504,130889,0,761,0
24.041428804397583,155065,4682064,4686692,4684504,130889,0,761,0
24.06176781654358,155065,4682064,4686692,4684504,130889,0,761,0
24.08242177963257,155065,4682064,4686692,4684504,130889,0,761,0
24.102795839309692,155065,4682064,4686692,4684504,130889,0,761,0
24.12350082397461,155065,4682064,4686692,4684504,130889,0,761,0
24.143798828125,155065,4682064,4686692,4684504,130889,0,761,0
24.164199829101562,155065,4682064,4686692,4684504,130889,0,761,0
24.18481993675232,155065,4682064,4686692,4684504,130889,0,761,0
24.205151796340942,155065,4682064,4686692,4684504,130889,0,761,0
24.225445985794067,155065,4682064,4686692,4684504,130889,0,761,0
24.245744943618774,155065,4682064,4686692,4684504,130889,0,761,0
24.265857934951782,155065,4682064,4686692,4684504,130889,0,761,0
24.286248922348022,155065,4682064,4686692,4684504,130889,0,761,0
24.30645489692688,155065,4682064,4686692,4684504,130889,0,761,0
24.326958894729614,155065,4682064,4686692,4684504,130889,0,761,0
24.347368001937866,155065,4682064,4686692,4684504,130889,0,761,0
24.36755681037903,155065,4682064,4686692,4684504,130889,0,761,0
24.38779592514038,155065,4682064,4686692,4684504,130889,0,761,0
24.40844178199768,155065,4682064,4686692,4684504,130889,0,761,0
24.428799867630005,155065,4682064,4686692,4684504,130889,0,761,0
24.44939088821411,155065,4682064,4686692,4684504,130889,0,761,0
24.469786882400513,155065,4682064,4686692,4684504,130889,0,761,0
24.489813804626465,155065,4682064,4686692,4684504,130889,0,761,0
24.509896993637085,155065,4682064,4686692,4684504,130889,0,761,0
24.530194997787476,155065,4682064,4686692,4684504,130889,0,761,0
24.550445795059204,155065,4682064,4686692,4684504,130889,0,761,0
24.570796966552734,155065,4682064,4686692,4684504,130889,0,761,0
24.591416835784912,155065,4682064,4686692,4684504,130889,0,761,0
24.611779928207397,155065,4682064,4686692,4684504,130889,0,761,0
24.632190942764282,155065,4682064,4686692,4684504,130889,0,761,0
24.652462005615234,155065,4682064,4686692,4684504,130889,0,761,0
24.672793865203857,155065,4682064,4686692,4684504,130889,0,761,0
24.693440914154053,155065,4682064,4686692,4684504,130889,0,761,0
24.713737964630127,155065,4682064,4686692,4684504,130889,0,761,0
24.73418378829956,155065,4682064,4686692,4684504,130889,0,761,0
24.75477886199951,155065,4682064,4686692,4684504,130889,0,761,0
24.774940967559814,155065,4682064,4686692,4684504,130889,0,761,0
24.795500993728638,155065,4682064,4686692,4684504,130889,0,761,0
24.81583285331726,155065,4682064,4686692,4684504,130889,0,761,0
24.836797952651978,155065,4682064,4686692,4684504,130889,0,761,0
24.857411861419678,155065,4682064,4686692,4684504,130889,0,761,0
24.877798795700073,155065,4682064,4686692,4684504,130889,0,761,0
24.89841079711914,155065,4682064,4686692,4684504,130889,0,761,0
24.91878390312195,155065,4682064,4686692,4684504,130889,0,761,0
24.93969488143921,155065,4682064,4686692,4684504,130889,0,761,0
24.9601788520813,155065,4682064,4686692,4684504,130889,0,761,0
24.980756998062134,155065,4682064,4686692,4684504,130889,0,761,0
25.00146484375,155065,4682064,4686692,4684504,130889,0,761,0
25.021848917007446,155065,4682064,4686692,4684504,130889,0,761,0
25.042467832565308,155065,4682064,4686692,4684504,130889,0,761,0
25.06279993057251,155065,4682064,4686692,4684504,130889,0,761,0
25.08339285850525,155065,4682064,4686692,4684504,130889,0,761,0
25.10378885269165,155065,4682064,4686692,4684504,130889,0,761,0
25.12393283843994,155065,4682064,4686692,4684504,130889,0,761,0
25.144396781921387,155065,4682064,4686692,4684504,130889,0,761,0
25.164747953414917,155065,4682064,4686692,4684504,130889,0,761,0
25.184940814971924,155065,4682064,4686692,4684504,130889,0,761,0
25.20540189743042,155065,4682064,4686692,4684504,130889,0,761,0
25.22579598426819,155065,4682064,4686692,4684504,130889,0,761,0
25.24634289741516,155065,4682064,4686692,4684504,130889,0,761,0
25.266761779785156,155065,4682064,4686692,4684504,130889,0,761,0
25.287376880645752,155065,4682064,4686692,4684504,130889,0,761,0
25.30780601501465,155065,4682064,4686692,4684504,130889,0,761,0
25.328271865844727,155065,4682064,4686692,4684504,130889,0,761,0
25.348755836486816,155065,4682064,4686692,4684504,130889,0,761,0
25.36941385269165,155065,4682064,4686692,4684504,130889,0,761,0
25.38978886604309,155065,4682064,4686692,4684504,130889,0,761,0
25.41021490097046,155065,4682064,4686692,4684504,130889,0,761,0
25.430418014526367,155065,4682064,4686692,4684504,130889,0,761,0
25.450774908065796,155065,4682064,4686692,4684504,130889,0,761,0
25.471149921417236,155065,4682064,4686692,4684504,130889,0,761,0
25.491453886032104,155065,4682064,4686692,4684504,130889,0,761,0
25.51180100440979,155065,4682064,4686692,4684504,130889,0,761,0
25.532192945480347,155065,4682064,4686692,4684504,130889,0,761,0
25.552567958831787,155065,4682064,4686692,4684504,130889,0,761,0
25.572793006896973,155065,4682064,4686692,4684504,130889,0,761,0
25.59318995475769,155065,4682064,4686692,4684504,130889,0,761,0
25.613417863845825,155065,4682064,4686692,4684504,130889,0,761,0
25.633588790893555,155065,4682064,4686692,4684504,130889,0,761,0
25.653825998306274,155065,4682064,4686692,4684504,130889,0,761,0
25.674238920211792,155065,4682064,4686692,4684504,130889,0,761,0
25.694795846939087,155065,4682064,4686692,4684504,130889,0,761,0
25.715457916259766,155065,4682064,4686692,4684504,130889,0,761,0
25.735878944396973,155065,4682064,4686692,4684504,130889,0,761,0
25.75633192062378,155065,4682064,4686692,4684504,130889,0,761,0
25.77694082260132,155065,4682064,4686692,4684504,130889,0,761,0
25.797468900680542,155065,4682064,4686692,4684504,130889,0,761,0
25.817975997924805,155065,4682064,4686692,4684504,130889,0,761,0
25.838474988937378,155065,4682064,4686692,4684504,130889,0,761,0
25.858832836151123,155065,4682064,4686692,4684504,130889,0,761,0
25.87943196296692,155065,4682064,4686692,4684504,130889,0,761,0
25.89956498146057,155065,4682064,4686692,4684504,130889,0,761,0
25.91978693008423,155065,4682064,4686692,4684504,130889,0,761,0
25.940367937088013,155065,4682064,4686692,4684504,130889,0,761,0
25.960781812667847,155065,4682064,4686692,4684504,130889,0,761,0
25.981318950653076,155065,4682064,4686692,4684504,130889,0,761,0
26.001747846603394,155065,4682064,4686692,4684504,130889,0,761,0
26.02247381210327,155065,4682064,4686692,4684504,130889,0,761,0
26.042796850204468,155065,4682064,4686692,4684504,130889,0,761,0
26.063431978225708,155065,4682064,4686692,4684504,130889,0,761,0
26.083740949630737,155065,4682064,4686692,4684504,130889,0,761,0
26.103805780410767,155065,4682064,4686692,4684504,130889,0,761,0
26.124366998672485,155065,4682064,4686692,4684504,130889,0,761,0
26.14480495452881,155065,4682064,4686692,4684504,130889,0,761,0
26.165194988250732,155065,4682064,4686692,4684504,130889,0,761,0
26.18592882156372,155065,4682064,4686692,4684504,130889,0,761,0
26.206466913223267,155065,4682064,4686692,4684504,130889,0,761,0
26.226810932159424,155065,4682064,4686692,4684504,130889,0,761,0
26.247269868850708,155065,4682064,4686692,4684504,130889,0,761,0
26.267804861068726,155065,4682064,4686692,4684504,130889,0,761,0
26.288275957107544,155065,4682064,4686692,4684504,130889,0,761,0
26.308789014816284,155065,4682064,4686692,4684504,130889,0,761,0
26.329434871673584,155065,4682064,4686692,4684504,130889,0,761,0
26.34978699684143,155065,4682064,4686692,4684504,130889,0,761,0
26.370271921157837,155065,4682064,4686692,4684504,130889,0,761,0
26.390610933303833,155065,4682064,4686692,4684504,130889,0,761,0
26.411158800125122,155065,4682064,4686692,4684504,130889,0,761,0
26.431468963623047,155065,4682064,4686692,4684504,130889,0,761,0
26.45176386833191,155065,4682064,4686692,4684504,130889,0,761,0
26.472375869750977,155065,4682064,4686692,4684504,130889,0,761,0
26.492771863937378,155065,4682064,4686692,4684504,130889,0,761,0
26.513410806655884,155065,4682064,4686692,4684504,130889,0,761,0
26.533801794052124,155065,4682064,4686692,4684504,130889,0,761,0
26.554314851760864,155065,4682064,4686692,4684504,130889,0,761,0
26.574756860733032,155065,4682064,4686692,4684504,130889,0,761,0
26.59531283378601,155065,4682064,4686692,4684504,130889,0,761,0
26.615822792053223,155065,4682064,4686692,4684504,130889,0,761,0
26.63642191886902,155065,4682064,4686692,4684504,130889,0,761,0
26.65679097175598,155065,4682064,4686692,4684504,130889,0,761,0
26.67740797996521,155065,4682064,4686692,4684504,130889,0,761,0
26.697836875915527,155065,4682064,4686692,4684504,130889,0,761,0
26.718432903289795,155065,4682064,4686692,4684504,130889,0,761,0
26.738977909088135,155065,4682064,4686692,4684504,130889,0,761,0
26.759476900100708,155065,4682064,4686692,4684504,130889,0,761,0
26.780564785003662,155065,4682064,4686692,4684504,130889,0,761,0
26.800761938095093,155065,4682064,4686692,4684504,130889,0,761,0
26.82142686843872,155065,4682064,4686692,4684504,130889,0,761,0
26.841834783554077,155065,4682064,4686692,4684504,130889,0,761,0
26.862263917922974,155065,4682064,4686692,4684504,130889,0,761,0
26.882805824279785,155065,4682064,4686692,4684504,130889,0,761,0
26.903393983840942,155065,4682064,4686692,4684504,130889,0,761,0
26.923810958862305,155065,4682064,4686692,4684504,130889,0,761,0
26.94443392753601,155065,4682064,4686692,4684504,130889,0,761,0
26.964801788330078,155065,4682064,4686692,4684504,130889,0,761,0
26.985256910324097,155065,4682064,4686692,4684504,130889,0,761,0
27.00556492805481,155065,4682064,4686692,4684504,130889,0,761,0
27.026561975479126,155065,4682064,4686692,4684504,130889,0,761,0
27.0468327999115,155065,4682064,4686692,4684504,130889,0,761,0
27.067261934280396,155065,4682064,4686692,4684504,130889,0,761,0
27.087426900863647,155065,4682064,4686692,4684504,130889,0,761,0
27.10779094696045,155065,4682064,4686692,4684504,130889,0,761,0
27.128265857696533,155065,4682064,4686692,4684504,130889,0,761,0
27.14854884147644,155065,4682064,4686692,4684504,130889,0,761,0
27.16868495941162,155065,4682064,4686692,4684504,130889,0,761,0
27.18880295753479,155065,4682064,4686692,4684504,130889,0,761,0
27.209215879440308,155065,4682064,4686692,4684504,130889,0,761,0
27.230257987976074,155065,4682064,4686692,4684504,130889,0,761,0
27.25084090232849,155065,4682064,4686692,4684504,130889,0,761,0
27.271402835845947,155065,4682064,4686692,4684504,130889,0,761,0
27.29180097579956,155065,4682064,4686692,4684504,130889,0,761,0
27.3123779296875,155065,4682064,4686692,4684504,130889,0,761,0
27.332777976989746,155065,4682064,4686692,4684504,130889,0,761,0
27.35314178466797,155065,4682064,4686692,4684504,130889,0,761,0
27.37340784072876,155065,4682064,4686692,4684504,130889,0,761,0
27.393630981445312,155065,4682064,4686692,4684504,130889,0,761,0
27.41378688812256,155065,4682064,4686692,4684504,130889,0,761,0
27.434744834899902,155065,4682064,4686692,4684504,130889,0,761,0
27.45525884628296,155065,4682064,4686692,4684504,130889,0,761,0
27.475518941879272,155065,4682064,4686692,4684504,130889,0,761,0
27.495797872543335,155065,4682064,4686692,4684504,130889,0,761,0
27.516210794448853,155065,4682064,4686692,4684504,130889,0,761,0
27.536510944366455,155065,4682064,4686692,4684504,130889,0,761,0
27.556681871414185,155065,4682064,4686692,4684504,130889,0,761,0
27.576912879943848,155065,4682064,4686692,4684504,130889,0,761,0
27.597323894500732,155065,4682064,4686692,4684504,130889,0,761,0
27.617689847946167,155065,4682064,4686692,4684504,130889,0,761,0
27.637998819351196,155065,4682064,4686692,4684504,130889,0,761,0
27.658532857894897,155065,4682064,4686692,4684504,130889,0,761,0
27.678882837295532,155065,4682064,4686692,4684504,130889,0,761,0
27.699310779571533,155065,4682064,4686692,4684504,130889,0,761,0
27.719693899154663,155065,4682064,4686692,4684504,130889,0,761,0
27.740471839904785,155065,4682064,4686692,4684504,130889,0,761,0
27.76120090484619,155065,4682064,4686692,4684504,130889,0,761,0
27.781457901000977,155065,4682064,4686692,4684504,130889,0,761,0
27.801679849624634,155065,4682064,4686692,4684504,130889,0,761,0
27.821805953979492,155065,4682064,4686692,4684504,130889,0,761,0
27.84242582321167,155065,4682064,4686692,4684504,130889,0,761,0
27.863258838653564,155065,4682064,4686692,4684504,130889,0,761,0
27.883936882019043,155065,4682064,4686692,4684504,130889,0,761,0
27.90461492538452,155065,4682064,4686692,4684504,130889,0,761,0
27.925359964370728,155065,4682064,4686692,4684504,130889,0,761,0
27.945961952209473,155065,4682064,4686692,4684504,130889,0,761,0
27.966826915740967,155065,4682064,4686692,4684504,130889,0,761,0
27.9874529838562,155065,4682064,4686692,4684504,130889,0,761,0
28.00814199447632,155065,4682064,4686692,4684504,130889,0,761,0
28.028718948364258,155065,4682064,4686692,4684504,130889,0,761,0
28.04935097694397,155065,4682064,4686692,4684504,130889,0,761,0
28.07023787498474,155065,4682064,4686692,4684504,130889,0,761,0
28.090801000595093,155065,4682064,4686692,4684504,130889,0,761,0
28.11143684387207,155065,4682064,4686692,4684504,130889,0,761,0
28.13213586807251,155065,4682064,4686692,4684504,130889,0,761,0
28.15273880958557,155065,4682064,4686692,4684504,130889,0,761,0
28.173433780670166,155065,4682064,4686692,4684504,130889,0,761,0
28.193965911865234,155065,4682064,4686692,4684504,130889,0,761,0
28.214629888534546,155065,4682064,4686692,4684504,130889,0,761,0
28.23527479171753,155065,4682064,4686692,4684504,130889,0,761,0
28.256253004074097,155065,4682064,4686692,4684504,130889,0,761,0
28.27717089653015,155065,4682064,4686692,4684504,130889,0,761,0
28.297791957855225,155065,4682064,4686692,4684504,130889,0,761,0
28.318261861801147,155065,4682064,4686692,4684504,130889,0,761,0
28.33903193473816,155065,4682064,4686692,4684504,130889,0,761,0
28.35969591140747,155065,4682064,4686692,4684504,130889,0,761,0
28.380234956741333,155065,4682064,4686692,4684504,130889,0,761,0
28.40068793296814,155065,4682064,4686692,4684504,130889,0,761,0
28.42145085334778,155065,4682064,4686692,4684504,130889,0,761,0
28.442060947418213,155065,4682064,4686692,4684504,130889,0,761,0
28.462766885757446,155065,4682064,4686692,4684504,130889,0,761,0
28.483621835708618,155065,4682064,4686692,4684504,130889,0,761,0
28.504401922225952,155065,4682064,4686692,4684504,130889,0,761,0
28.52524495124817,155065,4682064,4686692,4684504,130889,0,761,0
28.546015977859497,155065,4682064,4686692,4684504,130889,0,761,0
28.566736936569214,155065,4682064,4686692,4684504,130889,0,761,0
28.587533950805664,155065,4682064,4686692,4684504,130889,0,761,0
28.608234882354736,155065,4682064,4686692,4684504,130889,0,761,0
28.629028797149658,155065,4682064,4686692,4684504,130889,0,761,0
28.64960479736328,155065,4682064,4686692,4684504,130889,0,761,0
28.67037796974182,155065,4682064,4686692,4684504,130889,0,761,0
28.691462993621826,155065,4682064,4686692,4684504,130889,0,761,0
28.712175846099854,155065,4682064,4686692,4684504,130889,0,761,0
28.73324680328369,155065,4682064,4686692,4684504,130889,0,761,0
28.75412893295288,155065,4682064,4686692,4684504,130889,0,761,0
28.774863958358765,155065,4682064,4686692,4684504,130889,0,761,0
28.795830965042114,155065,4682064,4686692,4684504,130889,0,761,0
28.81656789779663,155065,4682064,4686692,4684504,130889,0,761,0
28.837162971496582,155065,4682064,4686692,4684504,130889,0,761,0
28.85786199569702,155065,4682064,4686692,4684504,130889,0,761,0
28.87891387939453,155065,4682064,4686692,4684504,130889,0,761,0
28.90001893043518,155065,4682064,4686692,4684504,130889,0,761,0
28.92077088356018,155065,4682064,4686692,4684504,130889,0,761,0
28.941510915756226,155065,4682064,4686692,4684504,130889,0,761,0
28.962229013442993,155065,4682064,4686692,4684504,130889,0,761,0
28.98292899131775,155065,4682064,4686692,4684504,130889,0,761,0
29.003764867782593,155065,4682064,4686692,4684504,130889,0,761,0
29.024279832839966,155065,4682064,4686692,4684504,130889,0,761,0
29.04506278038025,155065,4682064,4686692,4684504,130889,0,761,0
29.06572198867798,155065,4682064,4686692,4684504,130889,0,761,0
29.086838960647583,155065,4682064,4686692,4684504,130889,0,761,0
29.107780933380127,155065,4682064,4686692,4684504,130889,0,761,0
29.128598928451538,155065,4682064,4686692,4684504,130889,0,761,0
29.149385929107666,155065,4682064,4686692,4684504,130889,0,761,0
29.170061826705933,155065,4682064,4686692,4684504,130889,0,761,0
29.19071078300476,155065,4682064,4686692,4684504,130889,0,761,0
29.21139883995056,155065,4682064,4686692,4684504,130889,0,761,0
29.232028007507324,155065,4682064,4686692,4684504,130889,0,761,0
29.252691984176636,155065,4682064,4686692,4684504,130889,0,761,0
29.273517847061157,155065,4682064,4686692,4684504,130889,0,761,0
29.294464826583862,155065,4682064,4686692,4684504,130889,0,761,0
29.315244913101196,155065,4682064,4686692,4684504,130889,0,761,0
29.33600878715515,155065,4682064,4686692,4684504,130889,0,761,0
29.356613874435425,155065,4682064,4686692,4684504,130889,0,761,0
29.37726092338562,155065,4682064,4686692,4684504,130889,0,761,0
29.39806580543518,155065,4682064,4686692,4684504,130889,0,761,0
29.418635845184326,155065,4682064,4686692,4684504,130889,0,761,0
29.43918490409851,155065,4682064,4686692,4684504,130889,0,761,0
29.45994997024536,155065,4682064,4686692,4684504,130889,0,761,0
29.480634927749634,155065,4682064,4686692,4684504,130889,0,761,0
29.501232862472534,155065,4682064,4686692,4684504,130889,0,761,0
29.52252984046936,155065,4682064,4686692,4684504,130889,0,761,0
29.543089866638184,155065,4682064,4686692,4684504,130889,0,761,0
29.56367588043213,155065,4682064,4686692,4684504,130889,0,761,0
29.584381818771362,155065,4682064,4686692,4684504,130889,0,761,0
29.605085849761963,155065,4682064,4686692,4684504,130889,0,761,0
29.625735998153687,155065,4682064,4686692,4684504,130889,0,761,0
29.64619779586792,155065,4682064,4686692,4684504,130889,0,761,0
29.66691780090332,155065,4682064,4686692,4684504,130889,0,761,0
29.68761897087097,155065,4682064,4686692,4684504,130889,0,761,0
29.708261966705322,155065,4682064,4686692,4684504,130889,0,761,0
29.72942280769348,155065,4682064,4686692,4684504,130889,0,761,0
29.749992847442627,155065,4682064,4686692,4684504,130889,0,761,0
29.770586013793945,155065,4682064,4686692,4684504,130889,0,761,0
29.790994882583618,155065,4682064,4686692,4684504,130889,0,761,0
29.8116397857666,155065,4682064,4686692,4684504,130889,0,761,0
29.832199811935425,155065,4682064,4686692,4684504,130889,0,761,0
29.852773904800415,155065,4682064,4686692,4684504,130889,0,761,0
29.87351894378662,155065,4682064,4686692,4684504,130889,0,761,0
29.894179821014404,155065,4682064,4686692,4684504,130889,0,761,0
29.914769887924194,155065,4682064,4686692,4684504,130889,0,761,0
29.935791969299316,155065,4682064,4686692,4684504,130889,0,761,0
29.9565908908844,155065,4682064,4686692,4684504,130889,0,761,0
29.977388858795166,155065,4682064,4686692,4684504,130889,0,761,0
29.99807095527649,155065,4682064,4686692,4684504,130889,0,761,0
30.018802881240845,155065,4682064,4686692,4684504,130889,0,761,0
30.03951382637024,155065,4682064,4686692,4684504,130889,0,761,0
30.060146808624268,155065,4682064,4686692,4684504,130889,0,761,0
30.080814838409424,155065,4682064,4686692,4684504,130889,0,761,0
30.101518869400024,155065,4682064,4686692,4684504,130889,0,761,0
30.12213683128357,155065,4682064,4686692,4684504,130889,0,761,0
30.142990827560425,155065,4682064,4686692,4684504,130889,0,761,0
30.163769006729126,155065,4682064,4686692,4684504,130889,0,761,0
30.18449378013611,155065,4682064,4686692,4684504,130889,0,761,0
30.2053120136261,155065,4682064,4686692,4684504,130889,0,761,0
30.22607684135437,155065,4682064,4686692,4684504,130889,0,761,0
30.246737003326416,155065,4682064,4686692,4684504,130889,0,761,0
30.267406940460205,155065,4682064,4686692,4684504,130889,0,761,0
30.28811478614807,155065,4682064,4686692,4684504,130889,0,761,0
30.308777809143066,155065,4682064,4686692,4684504,130889,0,761,0
30.32944393157959,155065,4682064,4686692,4684504,130889,0,761,0
30.350273847579956,155065,4682064,4686692,4684504,130889,0,761,0
30.371128797531128,155065,4682064,4686692,4684504,130889,0,761,0
30.391758918762207,155065,4682064,4686692,4684504,130889,0,761,0
30.412447929382324,155065,4682064,4686692,4684504,130889,0,761,0
30.43313980102539,155065,4682064,4686692,4684504,130889,0,761,0
30.45379400253296,155065,4682064,4686692,4684504,130889,0,761,0
30.474426984786987,155065,4682064,4686692,4684504,130889,0,761,0
30.49504590034485,155065,4682064,4686692,4684504,130889,0,761,0
30.515628814697266,155065,4682064,4686692,4684504,130889,0,761,0
30.536271810531616,155065,4682064,4686692,4684504,130889,0,761,0
30.55712890625,155065,4682064,4686692,4684504,130889,0,761,0
30.577725887298584,155065,4682064,4686692,4684504,130889,0,761,0
30.59865093231201,155065,4682064,4686692,4684504,130889,0,761,0
30.619386911392212,155065,4682064,4686692,4684504,130889,0,761,0
30.640029907226562,155065,4682064,4686692,4684504,130889,0,761,0
30.660637855529785,155065,4682064,4686692,4684504,130889,0,761,0
30.681533813476562,155065,4682064,4686692,4684504,130889,0,761,0
30.702364921569824,155065,4682064,4686692,4684504,130889,0,761,0
30.723090887069702,155065,4682064,4686692,4684504,130889,0,761,0
30.74382781982422,155065,4682064,4686692,4684504,130889,0,761,0
30.76459789276123,155065,4682064,4686692,4684504,130889,0,761,0
30.78523087501526,155065,4682064,4686692,4684504,130889,0,761,0
30.80571484565735,155065,4682064,4686692,4684504,130889,0,761,0
30.826692819595337,155065,4682064,4686692,4684504,130889,0,761,0
30.847505807876587,155065,4682064,4686692,4684504,130889,0,761,0
30.86816692352295,155065,4682064,4686692,4684504,130889,0,761,0
30.888779878616333,155065,4682064,4686692,4684504,130889,0,761,0
30.90952491760254,155065,4682064,4686692,4684504,130889,0,761,0
30.930115938186646,155065,4682064,4686692,4684504,130889,0,761,0
30.95062780380249,155065,4682064,4686692,4684504,130889,0,761,0
30.971454858779907,155065,4682064,4686692,4684504,130889,0,761,0
30.99213695526123,155065,4682064,4686692,4684504,130889,0,761,0
31.012725830078125,155065,4682064,4686692,4684504,130889,0,761,0
31.03347086906433,155065,4682064,4686692,4684504,130889,0,761,0
31.0541889667511,155065,4682064,4686692,4684504,130889,0,761,0
31.074803829193115,155065,4682064,4686692,4684504,130889,0,761,0
31.09558391571045,155065,4682064,4686692,4684504,130889,0,761,0
31.116341829299927,155065,4682064,4686692,4684504,130889,0,761,0
31.13700294494629,155065,4682064,4686692,4684504,130889,0,761,0
31.15761685371399,155065,4682064,4686692,4684504,130889,0,761,0
31.178834915161133,155065,4682064,4686692,4684504,130889,0,761,0
31.199529886245728,155065,4682064,4686692,4684504,130889,0,761,0
31.22011685371399,155065,4682064,4686692,4684504,130889,0,761,0
31.240769863128662,155065,4682064,4686692,4684504,130889,0,761,0
31.26155185699463,155065,4682064,4686692,4684504,130889,0,761,0
31.282202005386353,155065,4682064,4686692,4684504,130889,0,761,0
31.302815914154053,155065,4682064,4686692,4684504,130889,0,761,0
31.32337188720703,155065,4682064,4686692,4684504,130889,0,761,0
31.344058990478516,155065,4682064,4686692,4684504,130889,0,761,0
31.364723920822144,155065,4682064,4686692,4684504,130889,0,761,0
31.38600182533264,155065,4682064,4686692,4684504,130889,0,761,0
31.406605005264282,155065,4682064,4686692,4684504,130889,0,761,0
31.42733883857727,155065,4682064,4686692,4684504,130889,0,761,0
31.44815683364868,155065,4682064,4686692,4684504,130889,0,761,0
31.46878480911255,155065,4682064,4686692,4684504,130889,0,761,0
31.489547967910767,155065,4682064,4686692,4684504,130889,0,761,0
31.510491847991943,155065,4682064,4686692,4684504,130889,0,761,0
31.531162977218628,155065,4682064,4686692,4684504,130889,0,761,0
31.551800966262817,155065,4682064,4686692,4684504,130889,0,761,0
31.572508811950684,155065,4682064,4686692,4684504,130889,0,761,0
31.593483924865723,155065,4682064,4686692,4684504,130889,0,761,0
31.61387586593628,155065,4682064,4686692,4684504,130889,0,761,0
31.63447093963623,155065,4682064,4686692,4684504,130889,0,761,0
31.655582904815674,155065,4682064,4686692,4684504,130889,0,761,0
31.675800800323486,155065,4682064,4686692,4684504,130889,0,761,0
31.6964328289032,155065,4682064,4686692,4684504,130889,0,761,0
31.716813802719116,155065,4682064,4686692,4684504,130889,0,761,0
31.73729395866394,155065,4682064,4686692,4684504,130889,0,761,0
31.75779390335083,155065,4682064,4686692,4684504,130889,0,761,0
31.778267860412598,155065,4682064,4686692,4684504,130889,0,761,0
31.79919695854187,155065,4682064,4686692,4684504,130889,0,761,0
31.819832801818848,155065,4682064,4686692,4684504,130889,0,761,0
31.840487957000732,155065,4682064,4686692,4684504,130889,0,761,0
31.860936880111694,155065,4682064,4686692,4684504,130889,0,761,0
31.8814959526062,155065,4682064,4686692,4684504,130889,0,761,0
31.901793003082275,155065,4682064,4686692,4684504,130889,0,761,0
31.922485828399658,155065,4682064,4686692,4684504,130889,0,761,0
31.94283390045166,155065,4682064,4686692,4684504,130889,0,761,0
31.96343493461609,155065,4682064,4686692,4684504,130889,0,761,0
31.983795881271362,155065,4682064,4686692,4684504,130889,0,761,0
32.00421190261841,155065,4682064,4686692,4684504,130889,0,761,0
32.02481389045715,155065,4682064,4686692,4684504,130889,0,761,0
32.045267820358276,155065,4682064,4686692,4684504,130889,0,761,0
32.065770864486694,155065,4682064,4686692,4684504,130889,0,761,0
32.08618378639221,155065,4682064,4686692,4684504,130889,0,761,0
32.106825828552246,155065,4682064,4686692,4684504,130889,0,761,0
32.127466917037964,155065,4682064,4686692,4684504,130889,0,761,0
32.14786696434021,155065,4682064,4686692,4684504,130889,0,761,0
32.16823983192444,155065,4682064,4686692,4684504,130889,0,761,0
32.1887948513031,155065,4682064,4686692,4684504,130889,0,761,0
32.208045959472656,155065,4682064,4686692,4684504,130889,0,761,0
32.22873592376709,155065,4682064,4686692,4684504,130889,0,761,0
32.248878955841064,155065,4682064,4686692,4684504,130889,0,761,0
32.269256830215454,155065,4682064,4686692,4684504,130889,0,761,0
32.28949284553528,155065,4682064,4686692,4684504,130889,0,761,0
32.30978178977966,155065,4682064,4686692,4684504,130889,0,761,0
32.329909801483154,155065,4682064,4686692,4684504,130889,0,761,0
32.35037684440613,155065,4682064,4686692,4684504,130889,0,761,0
32.37086796760559,155065,4682064,4686692,4684504,130889,0,761,0
32.391469955444336,155065,4682064,4686692,4684504,130889,0,761,0
32.41180396080017,155065,4682064,4686692,4684504,130889,0,761,0
32.43260478973389,155065,4682064,4686692,4684504,130889,0,761,0
32.452791929244995,155065,4682064,4686692,4684504,130889,0,761,0
32.47336196899414,155065,4682064,4686692,4684504,130889,0,761,0
32.49345898628235,155065,4682064,4686692,4684504,130889,0,761,0
32.51347899436951,155065,4682064,4686692,4684504,130889,0,761,0
32.533769845962524,155065,4682064,4686692,4684504,130889,0,761,0
32.553913831710815,155065,4682064,4686692,4684504,130889,0,761,0
32.574414014816284,155065,4682064,4686692,4684504,130889,0,761,0
32.59471297264099,155065,4682064,4686692,4684504,130889,0,761,0
32.615734815597534,155065,4682064,4686692,4684504,130889,0,761,0
32.63646697998047,155065,4682064,4686692,4684504,130889,0,761,0
32.656842947006226,155065,4682064,4686692,4684504,130889,0,761,0
32.677268981933594,155065,4682064,4686692,4684504,130889,0,761,0
32.69779181480408,155065,4682064,4686692,4684504,130889,0,761,0
32.718437910079956,155065,4682064,4686692,4684504,130889,0,761,0
32.73879790306091,155065,4682064,4686692,4684504,130889,0,761,0
32.75936579704285,155065,4682064,4686692,4684504,130889,0,761,0
32.77948188781738,155065,4682064,4686692,4684504,130889,0,761,0
32.799765825271606,155065,4682064,4686692,4684504,130889,0,761,0
32.81980085372925,155065,4682064,4686692,4684504,130889,0,761,0
32.84036898612976,155065,4682064,4686692,4684504,130889,0,761,0
32.86075401306152,155065,4682064,4686692,4684504,130889,0,761,0
32.88119292259216,155065,4682064,4686692,4684504,130889,0,761,0
32.901421785354614,155065,4682064,4686692,4684504,130889,0,761,0
32.92177200317383,155065,4682064,4686692,4684504,130889,0,761,0
32.94224190711975,155065,4682064,4686692,4684504,130889,0,761,0
32.96247482299805,155065,4682064,4686692,4684504,130889,0,761,0
32.98279285430908,155065,4682064,4686692,4684504,130889,0,761,0
33.00287890434265,155065,4682064,4686692,4684504,130889,0,761,0
33.02313780784607,155065,4682064,4686692,4684504,130889,0,761,0
33.04344582557678,155065,4682064,4686692,4684504,130889,0,761,0
33.06379199028015,155065,4682064,4686692,4684504,130889,0,761,0
33.083942890167236,155065,4682064,4686692,4684504,130889,0,761,0
33.10437798500061,155065,4682064,4686692,4684504,130889,0,761,0
33.124754905700684,155065,4682064,4686692,4684504,130889,0,761,0
33.145150899887085,155065,4682064,4686692,4684504,130889,0,761,0
33.16540789604187,155065,4682064,4686692,4684504,130889,0,761,0
33.18562388420105,155065,4682064,4686692,4684504,130889,0,761,0
33.2058219909668,155065,4682064,4686692,4684504,130889,0,761,0
33.226154804229736,155065,4682064,4686692,4684504,130889,0,761,0
33.24665093421936,155065,4682064,4686692,4684504,130889,0,761,0
33.267366886138916,155065,4682064,4686692,4684504,130889,0,761,0
33.28780198097229,155065,4682064,4686692,4684504,130889,0,761,0
33.30831599235535,155065,4682064,4686692,4684504,130889,0,761,0
33.328452825546265,155065,4682064,4686692,4684504,130889,0,761,0
33.34879398345947,155065,4682064,4686692,4684504,130889,0,761,0
33.369189977645874,155065,4682064,4686692,4684504,130889,0,761,0
33.38943600654602,155065,4682064,4686692,4684504,130889,0,761,0
33.40974688529968,155065,4682064,4686692,4684504,130889,0,761,0
33.43026685714722,155065,4682064,4686692,4684504,130889,0,761,0
33.4504599571228,155065,4682064,4686692,4684504,130889,0,761,0
33.471428871154785,155065,4682064,4686692,4684504,130889,0,761,0
33.49186396598816,155065,4682064,4686692,4684504,130889,0,761,0
33.512136936187744,155065,4682064,4686692,4684504,130889,0,761,0
33.53242778778076,155065,4682064,4686692,4684504,130889,0,761,0
33.552778005599976,155065,4682064,4686692,4684504,130889,0,761,0
33.57335591316223,155065,4682064,4686692,4684504,130889,0,761,0
33.59373188018799,155065,4682064,4686692,4684504,130889,0,761,0
33.613775968551636,155065,4682064,4686692,4684504,130889,0,761,0
33.63378381729126,155065,4682064,4686692,4684504,130889,0,761,0
33.6541588306427,155065,4682064,4686692,4684504,130889,0,761,0
33.67432689666748,155065,4682064,4686692,4684504,130889,0,761,0
33.69446086883545,155065,4682064,4686692,4684504,130889,0,761,0
33.71439790725708,155065,4682064,4686692,4684504,130889,0,761,0
33.73438000679016,155065,4682064,4686692,4684504,130889,0,761,0
33.7545268535614,155065,4682064,4686692,4684504,130889,0,761,0
33.77457785606384,155065,4682064,4686692,4684504,130889,0,761,0
33.79458689689636,155065,4682064,4686692,4684504,130889,0,761,0
33.8149209022522,155065,4682064,4686692,4684504,130889,0,761,0
33.83525586128235,155065,4682064,4686692,4684504,130889,0,761,0
33.85544180870056,155065,4682064,4686692,4684504,130889,0,761,0
33.875808000564575,155065,4682064,4686692,4684504,130889,0,761,0
33.8964319229126,155065,4682064,4686692,4684504,130889,0,761,0
33.91690492630005,155065,4682064,4686692,4684504,130889,0,761,0
33.93746280670166,155065,4682064,4686692,4684504,130889,0,761,0
33.95779085159302,155065,4682064,4686692,4684504,130889,0,761,0
33.977959871292114,155065,4682064,4686692,4684504,130889,0,761,0
33.998416900634766,155065,4682064,4686692,4684504,130889,0,761,0
34.018797874450684,155065,4682064,4686692,4684504,130889,0,761,0
34.039243936538696,155065,4682064,4686692,4684504,130889,0,761,0
34.05975079536438,155065,4682064,4686692,4684504,130889,0,761,0
34.07970380783081,155065,4682064,4686692,4684504,130889,0,761,0
34.100261926651,155065,4682064,4686692,4684504,130889,0,761,0
34.120428800582886,155065,4682064,4686692,4684504,130889,0,761,0
34.140596866607666,155065,4682064,4686692,4684504,130889,0,761,0
34.160791873931885,155065,4682064,4686692,4684504,130889,0,761,0
34.181267976760864,155065,4682064,4686692,4684504,130889,0,761,0
34.201545000076294,155065,4682064,4686692,4684504,130889,0,761,0
34.22158098220825,155065,4682064,4686692,4684504,130889,0,761,0
34.24178886413574,155065,4682064,4686692,4684504,130889,0,761,0
34.262245893478394,155065,4682064,4686692,4684504,130889,0,761,0
34.282434940338135,155065,4682064,4686692,4684504,130889,0,761,0
34.3028028011322,155065,4682064,4686692,4684504,130889,0,761,0
34.32320785522461,155065,4682064,4686692,4684504,130889,0,761,0
34.34349083900452,155065,4682064,4686692,4684504,130889,0,761,0
34.36379098892212,155065,4682064,4686692,4684504,130889,0,761,0
34.38394498825073,155065,4682064,4686692,4684504,130889,0,761,0
34.40442395210266,155065,4682064,4686692,4684504,130889,0,761,0
34.42464995384216,155065,4682064,4686692,4684504,130889,0,761,0
34.44481682777405,155065,4682064,4686692,4684504,130889,0,761,0
34.464962005615234,155065,4682064,4686692,4684504,130889,0,761,0
34.485339879989624,155065,4682064,4686692,4684504,130889,0,761,0
34.505780935287476,155065,4682064,4686692,4684504,130889,0,761,0
34.52636098861694,155065,4682064,4686692,4684504,130889,0,761,0
34.5465087890625,155065,4682064,4686692,4684504,130889,0,761,0
34.56692099571228,155065,4682064,4686692,4684504,130889,0,761,0
34.587255001068115,155065,4682064,4686692,4684504,130889,0,761,0
34.607775926589966,155065,4682064,4686692,4684504,130889,0,761,0
34.628408908843994,155065,4682064,4686692,4684504,130889,0,761,0
34.6487398147583,155065,4682064,4686692,4684504,130889,0,761,0
34.668792963027954,155065,4682064,4686692,4684504,130889,0,761,0
34.68891382217407,155065,4682064,4686692,4684504,130889,0,761,0
34.70935678482056,155065,4682064,4686692,4684504,130889,0,761,0
34.729755878448486,155065,4682064,4686692,4684504,130889,0,761,0
34.7498037815094,155065,4682064,4686692,4684504,130889,0,761,0
34.77036190032959,155065,4682064,4686692,4684504,130889,0,761,0
34.79074788093567,155065,4682064,4686692,4684504,130889,0,761,0
34.810927867889404,155065,4682064,4686692,4684504,130889,0,761,0
34.83143091201782,155065,4682064,4686692,4684504,130889,0,761,0
34.851746797561646,155065,4682064,4686692,4684504,130889,0,761,0
34.87179183959961,155065,4682064,4686692,4684504,130889,0,761,0
34.89228796958923,155065,4682064,4686692,4684504,130889,0,761,0
34.91247582435608,155065,4682064,4686692,4684504,130889,0,761,0
34.932928800582886,155065,4682064,4686692,4684504,130889,0,761,0
34.95327186584473,155065,4682064,4686692,4684504,130889,0,761,0
34.973604917526245,155065,4682064,4686692,4684504,130889,0,761,0
34.993868827819824,155065,4682064,4686692,4684504,130889,0,761,0
35.01425099372864,155065,4682064,4686692,4684504,130889,0,761,0
35.034626960754395,155065,4682064,4686692,4684504,130889,0,761,0
35.054948806762695,155065,4682064,4686692,4684504,130889,0,761,0
35.07540678977966,155065,4682064,4686692,4684504,130889,0,761,0
35.09560680389404,155065,4682064,4686692,4684504,130889,0,761,0
35.11579990386963,155065,4682064,4686692,4684504,130889,0,761,0
35.13649296760559,155065,4682064,4686692,4684504,130889,0,761,0
35.15675687789917,155065,4682064,4686692,4684504,130889,0,761,0
35.17690181732178,155065,4682064,4686692,4684504,130889,0,761,0
35.19740700721741,155065,4682064,4686692,4684504,130889,0,761,0
35.21776485443115,155065,4682064,4686692,4684504,130889,0,761,0
35.23827290534973,155065,4682064,4686692,4684504,130889,0,761,0
35.258662939071655,155065,4682064,4686692,4684504,130889,0,761,0
35.27920198440552,155065,4682064,4686692,4684504,130889,0,761,0
35.29961395263672,155065,4682064,4686692,4684504,130889,0,761,0
35.319878816604614,155065,4682064,4686692,4684504,130889,0,761,0
35.3405179977417,155065,4682064,4686692,4684504,130889,0,761,0
35.36080479621887,155065,4682064,4686692,4684504,130889,0,761,0
35.38118100166321,155065,4682064,4686692,4684504,130889,0,761,0
35.40143895149231,155065,4682064,4686692,4684504,130889,0,761,0
35.421796798706055,155065,4682064,4686692,4684504,130889,0,761,0
35.44193983078003,155065,4682064,4686692,4684504,130889,0,761,0
35.462424993515015,155065,4682064,4686692,4684504,130889,0,761,0
35.48278093338013,155065,4682064,4686692,4684504,130889,0,761,0
35.503174781799316,155065,4682064,4686692,4684504,130889,0,761,0
35.523441791534424,155065,4682064,4686692,4684504,130889,0,761,0
35.544466972351074,155065,4682064,4686692,4684504,130889,0,761,0
35.564777851104736,155065,4682064,4686692,4684504,130889,0,761,0
35.58522582054138,155065,4682064,4686692,4684504,130889,0,761,0
35.60556888580322,155065,4682064,4686692,4684504,130889,0,761,0
35.625751972198486,155065,4682064,4686692,4684504,130889,0,761,0
35.646432876586914,155065,4682064,4686692,4684504,130889,0,761,0
35.66694498062134,155065,4682064,4686692,4684504,130889,0,761,0
35.68750596046448,155065,4682064,4686692,4684504,130889,0,761,0
35.70776700973511,155065,4682064,4686692,4684504,130889,0,761,0
35.727906942367554,155065,4682064,4686692,4684504,130889,0,761,0
35.74856090545654,155065,4682064,4686692,4684504,130889,0,761,0
35.76923680305481,155065,4682064,4686692,4684504,130889,0,761,0
35.789766788482666,155065,4682064,4686692,4684504,130889,0,761,0
35.81024479866028,155065,4682064,4686692,4684504,130889,0,761,0
35.830758810043335,155065,4682064,4686692,4684504,130889,0,761,0
35.85144782066345,155065,4682064,4686692,4684504,130889,0,761,0
35.87190079689026,155065,4682064,4686692,4684504,130889,0,761,0
35.892438888549805,155065,4682064,4686692,4684504,130889,0,761,0
35.91281080245972,155065,4682064,4686692,4684504,130889,0,761,0
35.933369874954224,155065,4682064,4686692,4684504,130889,0,761,0
35.95393490791321,155065,4682064,4686692,4684504,130889,0,761,0
35.97460699081421,155065,4682064,4686692,4684504,130889,0,761,0
35.99480485916138,155065,4682064,4686692,4684504,130889,0,761,0
36.01539397239685,155065,4682064,4686692,4684504,130889,0,761,0
36.035876989364624,155065,4682064,4686692,4684504,130889,0,761,0
36.056609869003296,155065,4682064,4686692,4684504,130889,0,761,0
36.07697892189026,155065,4682064,4686692,4684504,130889,0,761,0
36.09717297554016,155065,4682064,4686692,4684504,130889,0,761,0
36.11748695373535,155065,4682064,4686692,4684504,130889,0,761,0
36.138051986694336,155065,4682064,4686692,4684504,130889,0,761,0
36.158952951431274,155065,4682064,4686692,4684504,130889,0,761,0
36.17966985702515,155065,4682064,4686692,4684504,130889,0,761,0
36.20018982887268,155065,4682064,4686692,4684504,130889,0,761,0
36.220523834228516,155065,4682064,4686692,4684504,130889,0,761,0
36.24070596694946,155065,4682064,4686692,4684504,130889,0,761,0
36.261186838150024,155065,4682064,4686692,4684504,130889,0,761,0
36.28149390220642,155065,4682064,4686692,4684504,130889,0,761,0
36.30203580856323,155065,4682064,4686692,4684504,130889,0,761,0
36.322598934173584,155065,4682064,4686692,4684504,130889,0,761,0
36.342790842056274,155065,4682064,4686692,4684504,130889,0,761,0
36.36343598365784,155065,4682064,4686692,4684504,130889,0,761,0
36.3840708732605,155065,4682064,4686692,4684504,130889,0,761,0
36.40441083908081,155065,4682064,4686692,4684504,130889,0,761,0
36.42471098899841,155065,4682064,4686692,4684504,130889,0,761,0
36.44512891769409,155065,4682064,4686692,4684504,130889,0,761,0
36.46574878692627,155065,4682064,4686692,4684504,130889,0,761,0
36.48646092414856,155065,4682064,4686692,4684504,130889,0,761,0
36.50749492645264,155065,4682064,4686692,4684504,130889,0,761,0
36.527700901031494,155065,4682064,4686692,4684504,130889,0,761,0
36.54794979095459,155065,4682064,4686692,4684504,130889,0,761,0
36.568121910095215,155065,4682064,4686692,4684504,130889,0,761,0
36.58851981163025,155065,4682064,4686692,4684504,130889,0,761,0
36.60879683494568,155065,4682064,4686692,4684504,130889,0,761,0
36.6290168762207,155065,4682064,4686692,4684504,130889,0,761,0
36.64924097061157,155065,4682064,4686692,4684504,130889,0,761,0
36.669597864151,155065,4682064,4686692,4684504,130889,0,761,0
36.690186977386475,155065,4682064,4686692,4684504,130889,0,761,0
36.71054482460022,155065,4682064,4686692,4684504,130889,0,761,0
36.73090481758118,155065,4682064,4686692,4684504,130889,0,761,0
36.751232862472534,155065,4682064,4686692,4684504,130889,0,761,0
36.772002935409546,155065,4682064,4686692,4684504,130889,0,761,0
36.79255294799805,155065,4682064,4686692,4684504,130889,0,761,0
36.81280279159546,155065,4682064,4686692,4684504,130889,0,761,0
36.833056926727295,155065,4682064,4686692,4684504,130889,0,761,0
36.85324287414551,155065,4682064,4686692,4684504,130889,0,761,0
36.87352895736694,155065,4682064,4686692,4684504,130889,0,761,0
36.893736839294434,155065,4682064,4686692,4684504,130889,0,761,0
36.913925886154175,155065,4682064,4686692,4684504,130889,0,761,0
36.934125900268555,155065,4682064,4686692,4684504,130889,0,761,0
36.95432090759277,155065,4682064,4686692,4684504,130889,0,761,0
36.97461295127869,155065,4682064,4686692,4684504,130889,0,761,0
36.99481391906738,155065,4682064,4686692,4684504,130889,0,761,0
37.015341997146606,155065,4682064,4686692,4684504,130889,0,761,0
37.03557586669922,155065,4682064,4686692,4684504,130889,0,761,0
37.05589985847473,155065,4682064,4686692,4684504,130889,0,761,0
37.07614588737488,155065,4682064,4686692,4684504,130889,0,761,0
37.09644293785095,155065,4682064,4686692,4684504,130889,0,761,0
37.11669087409973,155065,4682064,4686692,4684504,130889,0,761,0
37.137043952941895,155065,4682064,4686692,4684504,130889,0,761,0
37.15757894515991,155065,4682064,4686692,4684504,130889,0,761,0
37.17805099487305,155065,4682064,4686692,4684504,130889,0,761,0
37.1987988948822,155065,4682064,4686692,4684504,130889,0,761,0
37.21951699256897,155065,4682064,4686692,4684504,130889,0,761,0
37.23991394042969,155065,4682064,4686692,4684504,130889,0,761,0
37.26050591468811,155065,4682064,4686692,4684504,130889,0,761,0
37.281163930892944,155065,4682064,4686692,4684504,130889,0,761,0
37.301368951797485,155065,4682064,4686692,4684504,130889,0,761,0
37.32159900665283,155065,4682064,4686692,4684504,130889,0,761,0
37.34175181388855,155065,4682064,4686692,4684504,130889,0,761,0
37.36214280128479,155065,4682064,4686692,4684504,130889,0,761,0
37.38271379470825,155065,4682064,4686692,4684504,130889,0,761,0
37.40325689315796,155065,4682064,4686692,4684504,130889,0,761,0
37.4243528842926,155065,4682064,4686692,4684504,130889,0,761,0
37.44472098350525,155065,4682064,4686692,4684504,130889,0,761,0
37.465120792388916,155065,4682064,4686692,4684504,130889,0,761,0
37.48570990562439,155065,4682064,4686692,4684504,130889,0,761,0
37.50635480880737,155065,4682064,4686692,4684504,130889,0,761,0
37.52670192718506,155065,4682064,4686692,4684504,130889,0,761,0
37.54677700996399,155065,4682064,4686692,4684504,130889,0,761,0
37.56702280044556,155065,4682064,4686692,4684504,130889,0,761,0
37.5877149105072,155065,4682064,4686692,4684504,130889,0,761,0
37.6081109046936,155065,4682064,4686692,4684504,130889,0,761,0
37.62881278991699,155065,4682064,4686692,4684504,130889,0,761,0
37.64940786361694,155065,4682064,4686692,4684504,130889,0,761,0
37.66998481750488,155065,4682064,4686692,4684504,130889,0,761,0
37.69036078453064,155065,4682064,4686692,4684504,130889,0,761,0
37.71071195602417,155065,4682064,4686692,4684504,130889,0,761,0
37.731024980545044,155065,4682064,4686692,4684504,130889,0,761,0
37.751187801361084,155065,4682064,4686692,4684504,130889,0,761,0
37.77184081077576,155065,4682064,4686692,4684504,130889,0,761,0
37.79246282577515,155065,4682064,4686692,4684504,130889,0,761,0
37.812992811203,155065,4682064,4686692,4684504,130889,0,761,0
37.833414793014526,155065,4682064,4686692,4684504,130889,0,761,0
37.85404181480408,155065,4682064,4686692,4684504,130889,0,761,0
37.87468194961548,155065,4682064,4686692,4684504,130889,0,761,0
37.89504599571228,155065,4682064,4686692,4684504,130889,0,761,0
37.91560983657837,155065,4682064,4686692,4684504,130889,0,761,0
37.93592381477356,155065,4682064,4686692,4684504,130889,0,761,0
37.95644497871399,155065,4682064,4686692,4684504,130889,0,761,0
37.97671294212341,155065,4682064,4686692,4684504,130889,0,761,0
37.99745297431946,155065,4682064,4686692,4684504,130889,0,761,0
38.01778483390808,155065,4682064,4686692,4684504,130889,0,761,0
38.03824591636658,155065,4682064,4686692,4684504,130889,0,761,0
38.05897378921509,155065,4682064,4686692,4684504,130889,0,761,0
38.079590797424316,155065,4682064,4686692,4684504,130889,0,761,0
38.09992289543152,155065,4682064,4686692,4684504,130889,0,761,0
38.12038779258728,155065,4682064,4686692,4684504,130889,0,761,0
38.14070796966553,155065,4682064,4686692,4684504,130889,0,761,0
38.1612389087677,155065,4682064,4686692,4684504,130889,0,761,0
38.18161678314209,155065,4682064,4686692,4684504,130889,0,761,0
38.20224690437317,155065,4682128,4686828,4684568,130889,0,761,0
38.2227258682251,155065,4682128,4686828,4684568,130890,0,761,0
38.243544816970825,155065,4682128,4686828,4684568,130890,0,761,0
38.264050006866455,155065,4682128,4686828,4684568,130890,0,761,0
38.284615993499756,155065,4682128,4686828,4684568,130890,0,761,0
38.305139780044556,155065,4682128,4686828,4684568,130890,0,761,0
38.32539200782776,155065,4682128,4686828,4684568,130890,0,761,0
38.34569597244263,155065,4682128,4686828,4684568,130890,0,761,0
38.366190910339355,155065,4682128,4686828,4684568,130890,0,761,0
38.386669874191284,155065,4682128,4686828,4684568,130890,0,761,0
38.40717577934265,155065,4682128,4686828,4684568,130890,0,761,0
38.42774701118469,155065,4682128,4686828,4684568,130890,0,761,0
38.44966101646423,155065,4682128,4686828,4684568,130890,0,761,0
38.4704167842865,155065,4682128,4686828,4684568,130890,0,761,0
38.49072289466858,155065,4682128,4686828,4684568,130890,0,761,0
38.511101961135864,155065,4682128,4686828,4684568,130890,0,761,0
38.531481981277466,155065,4682128,4686828,4684568,130890,0,761,0
38.551814794540405,155065,4682128,4686828,4684568,130890,0,761,0
38.572027921676636,155065,4682128,4686828,4684568,130890,0,761,0
38.59234285354614,155065,4682128,4686828,4684568,130890,0,761,0
38.61276197433472,155065,4682128,4686828,4684568,130890,0,761,0
38.63306283950806,155065,4682128,4686828,4684568,130890,0,761,0
38.653968811035156,155065,4682128,4686828,4684568,130890,0,761,0
38.67452883720398,155065,4682128,4686828,4684568,130890,0,761,0
38.695050954818726,155065,4682128,4686828,4684568,130890,0,761,0
38.71572184562683,155065,4682128,4686828,4684568,130890,0,761,0
38.73638200759888,155065,4682128,4686828,4684568,130890,0,761,0
38.756706953048706,155065,4682128,4686828,4684568,130890,0,761,0
38.77743577957153,155065,4682128,4686828,4684568,130890,0,761,0
38.797810792922974,155065,4682128,4686828,4684568,130890,0,761,0
38.81863188743591,155065,4682128,4686828,4684568,130890,0,761,0
38.839311838150024,155065,4682128,4686828,4684568,130890,0,761,0
38.859678983688354,155065,4682128,4686828,4684568,130890,0,761,0
38.88019680976868,155065,4682128,4686828,4684568,130890,0,761,0
38.90056300163269,155065,4682128,4686828,4684568,130890,0,761,0
38.9208300113678,155065,4682128,4686828,4684568,130890,0,761,0
38.94114398956299,155065,4682128,4686828,4684568,130890,0,761,0
38.961458921432495,155065,4682128,4686828,4684568,130890,0,761,0
38.98214888572693,155065,4682128,4686828,4684568,130890,0,761,0
39.00271201133728,155065,4682128,4686828,4684568,130890,0,761,0
39.023337841033936,155065,4682128,4686828,4684568,130890,0,761,0
39.04370379447937,155065,4682128,4686828,4684568,130890,0,761,0
39.064042806625366,155065,4682128,4686828,4684568,130890,0,761,0
39.08450794219971,155065,4682128,4686828,4684568,130890,0,761,0
39.10525393486023,155065,4682128,4686828,4684568,130890,0,761,0
39.126837968826294,155065,4682128,4686828,4684568,130890,0,761,0
39.14777588844299,155065,4682128,4686828,4684568,130890,0,761,0
39.168083906173706,155065,4682128,4686828,4684568,130890,0,761,0
39.18837594985962,155065,4682128,4686828,4684568,130890,0,761,0
39.208619832992554,155065,4682128,4686828,4684568,130890,0,761,0
39.228919982910156,155065,4682128,4686828,4684568,130890,0,761,0
39.2491729259491,155065,4682128,4686828,4684568,130890,0,761,0
39.26945185661316,155065,4682128,4686828,4684568,130890,0,761,0
39.289949893951416,155065,4682128,4686828,4684568,130890,0,761,0
39.3102548122406,155065,4682128,4686828,4684568,130890,0,761,0
39.330607891082764,155065,4682128,4686828,4684568,130890,0,761,0
39.35078978538513,155065,4682128,4686828,4684568,130890,0,761,0
39.371065855026245,155065,4682128,4686828,4684568,130890,0,761,0
39.391639947891235,155065,4682128,4686828,4684568,130890,0,761,0
39.41211986541748,155065,4682128,4686828,4684568,130890,0,761,0
39.43297290802002,155065,4682128,4686828,4684568,130890,0,761,0
39.45358991622925,155065,4682128,4686828,4684568,130890,0,761,0
39.47415494918823,155065,4682128,4686828,4684568,130890,0,761,0
39.49505281448364,155065,4682128,4686828,4684568,130890,0,761,0
39.515843868255615,155065,4682128,4686828,4684568,130890,0,761,0
39.536428928375244,155065,4682128,4686828,4684568,130890,0,761,0
39.55685591697693,155065,4682128,4686828,4684568,130890,0,761,0
39.57738184928894,155065,4682128,4686828,4684568,130890,0,761,0
39.5978147983551,155065,4682128,4686828,4684568,130890,0,761,0
39.618151903152466,155065,4682128,4686828,4684568,130890,0,761,0
39.63857388496399,155065,4682128,4686828,4684568,130890,0,761,0
39.65892195701599,155065,4682128,4686828,4684568,130890,0,761,0
39.679438829422,155065,4682128,4686828,4684568,130890,0,761,0
39.69981288909912,155065,4682128,4686828,4684568,130890,0,761,0
39.720388889312744,155065,4682128,4686828,4684568,130890,0,761,0
39.74083089828491,155065,4682128,4686828,4684568,130890,0,761,0
39.76148986816406,155065,4682128,4686828,4684568,130890,0,761,0
39.781879901885986,155065,4682128,4686828,4684568,130890,0,761,0
39.80244779586792,155065,4682128,4686828,4684568,130890,0,761,0
39.822898864746094,155065,4682128,4686828,4684568,130890,0,761,0
39.84350395202637,155065,4682128,4686828,4684568,130890,0,761,0
39.86419486999512,155065,4682128,4686828,4684568,130890,0,761,0
39.884830951690674,155065,4682128,4686828,4684568,130890,0,761,0
39.9055118560791,155065,4682128,4686828,4684568,130890,0,761,0
39.926453828811646,155065,4682128,4686828,4684568,130890,0,761,0
39.94695281982422,155065,4682128,4686828,4684568,130890,0,761,0
39.967479944229126,155065,4682128,4686828,4684568,130890,0,761,0
39.98787498474121,155065,4682128,4686828,4684568,130890,0,761,0
40.00844478607178,155065,4682128,4686828,4684568,130890,0,761,0
40.02887582778931,155065,4682128,4686828,4684568,130890,0,761,0
40.04948282241821,155065,4682128,4686828,4684568,130890,0,761,0
40.06985378265381,155065,4682128,4686828,4684568,130890,0,761,0
40.09041881561279,155065,4682128,4686828,4684568,130890,0,761,0
40.111135959625244,155065,4682128,4686828,4684568,130890,0,761,0
40.131839990615845,155065,4682128,4686828,4684568,130890,0,761,0
40.15247297286987,155065,4682128,4686828,4684568,130890,0,761,0
40.1729679107666,155065,4682128,4686828,4684568,130890,0,761,0
40.19350790977478,155065,4682128,4686828,4684568,130890,0,761,0
40.21393585205078,155065,4682128,4686828,4684568,130890,0,761,0
40.23448586463928,155065,4682128,4686828,4684568,130890,0,761,0
40.25490689277649,155065,4682128,4686828,4684568,130890,0,761,0
40.27567386627197,155065,4682128,4686828,4684568,130890,0,761,0
40.296355962753296,155065,4682128,4686828,4684568,130890,0,761,0
40.31680178642273,155065,4682128,4686828,4684568,130890,0,761,0
40.33756899833679,155065,4682128,4686828,4684568,130890,0,761,0
40.35824179649353,155065,4682128,4686828,4684568,130890,0,761,0
40.37879681587219,155065,4682128,4686828,4684568,130890,0,761,0
40.39982199668884,155065,4682128,4686828,4684568,130890,0,761,0
40.42041301727295,155065,4682128,4686828,4684568,130890,0,761,0
40.44087100028992,155065,4682128,4686828,4684568,130890,0,761,0
40.461479902267456,155065,4682128,4686828,4684568,130890,0,761,0
40.48194098472595,155065,4682128,4686828,4684568,130890,0,761,0
40.50256299972534,155065,4682128,4686828,4684568,130890,0,761,0
40.522926807403564,155065,4682128,4686828,4684568,130890,0,761,0
40.54345393180847,155065,4682128,4686828,4684568,130890,0,761,0
40.56383800506592,155065,4682128,4686828,4684568,130890,0,761,0
40.58425498008728,155065,4682128,4686828,4684568,130890,0,761,0
40.6045708656311,155065,4682128,4686828,4684568,130890,0,761,0
40.62491297721863,155065,4682128,4686828,4684568,130890,0,761,0
40.64543080329895,155065,4682128,4686828,4684568,130890,0,761,0
40.66583180427551,155065,4682128,4686828,4684568,130890,0,761,0
40.68624496459961,155065,4682128,4686828,4684568,130890,0,761,0
40.70682096481323,155065,4682128,4686828,4684568,130890,0,761,0
40.72743487358093,155065,4682128,4686828,4684568,130890,0,761,0
40.74850797653198,155065,4682128,4686828,4684568,130890,0,761,0
40.76886296272278,155065,4682128,4686828,4684568,130890,0,761,0
40.78947591781616,155065,4682128,4686828,4684568,130890,0,761,0
40.809809923172,155065,4682128,4686828,4684568,130890,0,761,0
40.830446004867554,155065,4682128,4686828,4684568,130890,0,761,0
40.85090780258179,155065,4682128,4686828,4684568,130890,0,761,0
40.87147784233093,155065,4682128,4686828,4684568,130890,0,761,0
40.89193677902222,155065,4682128,4686828,4684568,130890,0,761,0
40.91254782676697,155065,4682128,4686828,4684568,130890,0,761,0
40.93386697769165,155065,4682128,4686828,4684568,130890,0,761,0
40.954854011535645,155065,4682128,4686828,4684568,130890,0,761,0
40.97538900375366,155065,4682128,4686828,4684568,130890,0,761,0
40.99582386016846,155065,4682128,4686828,4684568,130890,0,761,0
41.016310930252075,155065,4682128,4686828,4684568,130890,0,761,0
41.03686189651489,155065,4682128,4686828,4684568,130890,0,761,0
41.057376861572266,155065,4682128,4686828,4684568,130890,0,761,0
41.077863931655884,155065,4682128,4686828,4684568,130890,0,761,0
41.09845495223999,155065,4682128,4686828,4684568,130890,0,761,0
41.11887192726135,155065,4682128,4686828,4684568,130890,0,761,0
41.13938879966736,155065,4682128,4686828,4684568,130890,0,761,0
41.160228967666626,155065,4682128,4686828,4684568,130890,0,761,0
41.18083691596985,155065,4682128,4686828,4684568,130890,0,761,0
41.20138192176819,155065,4682128,4686828,4684568,130890,0,761,0
41.22182488441467,155065,4682128,4686828,4684568,130890,0,761,0
41.242403984069824,155065,4682128,4686828,4684568,130890,0,761,0
41.26285982131958,155065,4682128,4686828,4684568,130890,0,761,0
41.28344678878784,155065,4682128,4686828,4684568,130890,0,761,0
41.30360984802246,155065,4682128,4686828,4684568,130890,0,761,0
41.32383584976196,155065,4682128,4686828,4684568,130890,0,761,0
41.34427881240845,155065,4682128,4686828,4684568,130890,0,761,0
41.36763381958008,155065,4682128,4686828,4684568,130890,0,761,0
41.38820481300354,155065,4682128,4686828,4684568,130890,0,761,0
41.408665895462036,155065,4682128,4686828,4684568,130890,0,761,0
41.428995847702026,155065,4682128,4686828,4684568,130890,0,761,0
41.44944095611572,155065,4682128,4686828,4684568,130890,0,761,0
41.46992778778076,155065,4682128,4686828,4684568,130890,0,761,0
41.490503787994385,155065,4682128,4686828,4684568,130890,0,761,0
41.51086378097534,155065,4682128,4686828,4684568,130890,0,761,0
41.53121590614319,155065,4682128,4686828,4684568,130890,0,761,0
41.55178880691528,155065,4682128,4686828,4684568,130890,0,761,0
41.5724937915802,155065,4682128,4686828,4684568,130890,0,761,0
41.592949867248535,155065,4682128,4686828,4684568,130890,0,761,0
41.6132709980011,155065,4682128,4686828,4684568,130890,0,761,0
41.633821964263916,155065,4682128,4686828,4684568,130890,0,761,0
41.65441679954529,155065,4682128,4686828,4684568,130890,0,761,0
41.67482399940491,155065,4682128,4686828,4684568,130890,0,761,0
41.695443868637085,155065,4682128,4686828,4684568,130890,0,761,0
41.7158739566803,155065,4682128,4686828,4684568,130890,0,761,0
41.73654079437256,155065,4682128,4686828,4684568,130890,0,761,0
41.75693988800049,155065,4682128,4686828,4684568,130890,0,761,0
41.777809858322144,155065,4682128,4686828,4684568,130890,0,761,0
41.79848098754883,155065,4682128,4686828,4684568,130890,0,761,0
41.81883096694946,155065,4682128,4686828,4684568,130890,0,761,0
41.83946990966797,155065,4682128,4686828,4684568,130890,0,761,0
41.86000084877014,155065,4682128,4686828,4684568,130890,0,761,0
41.88044786453247,155065,4682128,4686828,4684568,130890,0,761,0
41.900858879089355,155065,4682128,4686828,4684568,130890,0,761,0
41.921464920043945,155065,4682128,4686828,4684568,130890,0,761,0
41.941831827163696,155065,4682128,4686828,4684568,130890,0,761,0
41.962196826934814,155065,4682128,4686828,4684568,130890,0,761,0
41.98311901092529,155065,4682128,4686828,4684568,130890,0,761,0
42.00386595726013,155065,4682128,4686828,4684568,130890,0,761,0
42.024401903152466,155065,4682128,4686828,4684568,130890,0,761,0
42.044795989990234,155065,4682128,4686828,4684568,130890,0,761,0
42.06533098220825,155065,4682128,4686828,4684568,130890,0,761,0
42.08559584617615,155065,4682128,4686828,4684568,130890,0,761,0
42.10598278045654,155065,4682128,4686828,4684568,130890,0,761,0
42.12646794319153,155065,4682128,4686828,4684568,130890,0,761,0
42.14685297012329,155065,4682128,4686828,4684568,130890,0,761,0
42.167287826538086,155065,4682128,4686828,4684568,130890,0,761,0
42.18777298927307,155065,4682128,4686828,4684568,130890,0,761,0
42.208393812179565,155065,4682128,4686828,4684568,130890,0,761,0
42.228848934173584,155065,4682128,4686828,4684568,130890,0,761,0
42.24923586845398,155065,4682128,4686828,4684568,130890,0,761,0
42.26982498168945,155065,4682128,4686828,4684568,130890,0,761,0
42.290217876434326,155065,4682128,4686828,4684568,130890,0,761,0
42.31077599525452,155065,4682128,4686828,4684568,130890,0,761,0
42.33150291442871,155065,4682128,4686828,4684568,130890,0,761,0
42.35227179527283,155065,4682128,4686828,4684568,130890,0,761,0
42.37251281738281,155065,4682128,4686828,4684568,130890,0,761,0
42.39284682273865,155065,4682128,4686828,4684568,130890,0,761,0
42.41349792480469,155065,4682128,4686828,4684568,130890,0,761,0
42.43387699127197,155065,4682128,4686828,4684568,130890,0,761,0
42.45438599586487,155065,4682128,4686828,4684568,130890,0,761,0
42.47482681274414,155065,4682128,4686828,4684568,130890,0,761,0
42.49500298500061,155065,4682128,4686828,4684568,130890,0,761,0
42.515546798706055,155065,4682128,4686828,4684568,130890,0,761,0
42.535945892333984,155065,4682128,4686828,4684568,130890,0,761,0
42.556402921676636,155065,4682128,4686828,4684568,130890,0,761,0
42.576849937438965,155065,4682128,4686828,4684568,130890,0,761,0
42.59750199317932,155065,4682128,4686828,4684568,130890,0,761,0
42.61842679977417,155065,4682128,4686828,4684568,130890,0,761,0
42.63882088661194,155065,4682128,4686828,4684568,130890,0,761,0
42.65947985649109,155065,4682128,4686828,4684568,130890,0,761,0
42.679826974868774,155065,4682128,4686828,4684568,130890,0,761,0
42.7004759311676,155065,4682128,4686828,4684568,130890,0,761,0
42.72084093093872,155065,4682128,4686828,4684568,130890,0,761,0
42.74144697189331,155065,4682128,4686828,4684568,130890,0,761,0
42.76191997528076,155065,4682128,4686828,4684568,130890,0,761,0
42.78244495391846,155065,4682128,4686828,4684568,130890,0,761,0
42.802772998809814,155065,4682128,4686828,4684568,130890,0,761,0
42.823736906051636,155065,4682128,4686828,4684568,130890,0,761,0
42.8443717956543,155065,4682128,4686828,4684568,130890,0,761,0
42.86482286453247,155065,4682128,4686828,4684568,130890,0,761,0
42.88523077964783,155065,4682128,4686828,4684568,130890,0,761,0
42.90585279464722,155065,4682128,4686828,4684568,130890,0,761,0
42.9264178276062,155065,4682128,4686828,4684568,130890,0,761,0
42.9468309879303,155065,4682128,4686828,4684568,130890,0,761,0
42.967018842697144,155065,4682192,4686956,4684632,130906,0,761,0
42.98745393753052,155065,4682192,4686956,4684632,130906,0,761,0
43.008020877838135,155065,4682192,4686956,4684632,130906,0,761,0
43.02769684791565,155065,4682192,4686956,4684632,130906,0,761,0
43.04851984977722,155065,4682192,4686956,4684632,130906,0,761,0
43.06885886192322,155065,4682192,4686956,4684632,130906,0,761,0
43.089231967926025,155065,4682192,4686956,4684632,130906,0,761,0
43.10980486869812,155065,4682192,4686956,4684632,130906,0,761,0
43.13032579421997,155065,4682192,4686956,4684632,130906,0,761,0
43.15079998970032,155065,4682192,4686956,4684632,130906,0,761,0
43.17101693153381,155065,4682192,4686956,4684632,130906,0,761,0
43.1915009021759,155065,4682192,4686956,4684632,130906,0,761,0
43.21184778213501,155065,4682192,4686956,4684632,130906,0,761,0
43.232417821884155,155065,4682192,4686956,4684632,130906,0,761,0
43.25321388244629,155065,4682192,4686956,4684632,130906,0,761,0
43.273820877075195,155065,4682192,4686956,4684632,130906,0,761,0
43.294320821762085,155065,4682192,4686956,4684632,130906,0,761,0
43.315218925476074,155065,4682192,4686956,4684632,130906,0,761,0
43.3359169960022,155065,4682192,4686956,4684632,130906,0,761,0
43.356361865997314,155065,4682192,4686956,4684632,130906,0,761,0
43.376877784729004,155065,4682192,4686956,4684632,130906,0,761,0
43.397408962249756,155065,4682192,4686956,4684632,130906,0,761,0
43.417831897735596,155065,4682192,4686956,4684632,130906,0,761,0
43.43874478340149,155065,4682192,4686956,4684632,130906,0,761,0
43.459505796432495,155065,4682192,4686956,4684632,130906,0,761,0
43.4798219203949,155065,4682192,4686956,4684632,130906,0,761,0
43.49993181228638,155065,4682192,4686956,4684632,130906,0,761,0
43.520251989364624,155065,4682192,4686956,4684632,130906,0,761,0
43.54051899909973,155065,4682192,4686956,4684632,130906,0,761,0
43.56137681007385,155065,4682192,4686956,4684632,130906,0,761,0
43.58181881904602,155065,4682192,4686956,4684632,130906,0,761,0
43.60179281234741,155065,4682192,4686956,4684632,130906,0,761,0
43.62224078178406,155065,4682192,4686956,4684632,130906,0,761,0
43.64302682876587,155065,4682192,4686956,4684632,130906,0,761,0
43.66412091255188,155065,4682192,4686956,4684632,130906,0,761,0
43.684762954711914,155065,4682192,4686956,4684632,130906,0,761,0
43.705487966537476,155065,4682192,4686956,4684632,130906,0,761,0
43.726154804229736,155065,4682192,4686956,4684632,130906,0,761,0
43.74675893783569,155065,4682192,4686956,4684632,130906,0,761,0
43.76746582984924,155065,4682192,4686956,4684632,130906,0,761,0
43.788169860839844,155065,4682192,4686956,4684632,130906,0,761,0
43.808955907821655,155065,4682192,4686956,4684632,130906,0,761,0
43.82975196838379,155065,4682192,4686956,4684632,130906,0,761,0
43.85023379325867,155065,4682192,4686956,4684632,130906,0,761,0
43.8714759349823,155065,4682192,4686956,4684632,130906,0,761,0
43.89178800582886,155065,4682192,4686956,4684632,130906,0,761,0
43.912473917007446,155065,4682192,4686956,4684632,130906,0,761,0
43.93324089050293,155065,4682192,4686956,4684632,130906,0,761,0
43.95396590232849,155065,4682192,4686956,4684632,130906,0,761,0
43.97470998764038,155065,4682192,4686956,4684632,130906,0,761,0
43.9954879283905,155065,4682192,4686956,4684632,130906,0,761,0
44.01621985435486,155065,4682192,4686956,4684632,130906,0,761,0
44.03700089454651,155065,4682192,4686956,4684632,130906,0,761,0
44.05772089958191,155065,4682192,4686956,4684632,130906,0,761,0
44.07864999771118,155065,4682192,4686956,4684632,130906,0,761,0
44.09938883781433,155065,4682192,4686956,4684632,130906,0,761,0
44.120253801345825,155065,4682192,4686956,4684632,130906,0,761,0
44.14109683036804,155065,4682192,4686956,4684632,130906,0,761,0
44.16162586212158,155065,4682192,4686956,4684632,130906,0,761,0
44.182267904281616,155065,4682192,4686956,4684632,130906,0,761,0
44.20319080352783,155065,4682192,4686956,4684632,130906,0,761,0
44.22358179092407,155065,4682264,4686956,4684704,130909,0,761,0
44.24378681182861,155065,4682264,4686956,4684704,130909,0,761,0
44.26453495025635,155065,4682264,4686956,4684704,130909,0,761,0
44.286213874816895,155065,4682264,4686956,4684704,130909,0,761,0
44.30704092979431,155065,4682264,4686956,4684704,130909,0,761,0
44.32773280143738,155065,4682264,4686956,4684704,130909,0,761,0
44.348620891571045,155065,4682264,4686956,4684704,130909,0,761,0
44.3694269657135,155065,4682264,4686956,4684704,130909,0,761,0
44.39014792442322,155065,4682264,4686956,4684704,130909,0,761,0
44.410836935043335,155065,4682264,4686956,4684704,130909,0,761,0
44.43155384063721,155065,4682264,4686956,4684704,130909,0,761,0
44.452377796173096,155065,4682264,4686956,4684704,130909,0,761,0
44.47313094139099,155065,4682264,4686956,4684704,130909,0,761,0
44.49457001686096,155065,4682264,4686956,4684704,130909,0,761,0
44.51534390449524,155065,4682264,4686956,4684704,130909,0,761,0
44.53615689277649,155065,4682264,4686956,4684704,130909,0,761,0
44.55708694458008,155065,4682264,4686956,4684704,130909,0,761,0
44.577775955200195,155065,4682264,4686956,4684704,130909,0,761,0
44.59865188598633,155065,4682264,4686956,4684704,130909,0,761,0
44.61945295333862,155065,4682264,4686956,4684704,130909,0,761,0
44.6401629447937,155065,4682264,4686956,4684704,130909,0,761,0
44.66102194786072,155065,4682264,4686956,4684704,130909,0,761,0
44.68168783187866,155065,4682264,4686956,4684704,130909,0,761,0
44.702786922454834,155065,4682264,4686956,4684704,130909,0,761,0
44.72352385520935,155065,4682264,4686956,4684704,130909,0,761,0
44.74427795410156,155065,4682264,4686956,4684704,130909,0,761,0
44.76523280143738,155065,4682264,4686956,4684704,130909,0,761,0
44.78610682487488,155065,4682264,4686956,4684704,130909,0,761,0
44.806777000427246,155065,4682264,4686956,4684704,130909,0,761,0
44.82771682739258,155065,4682264,4686956,4684704,130909,0,761,0
44.84867882728577,155065,4682264,4686956,4684704,130909,0,761,0
44.86959385871887,155065,4682264,4686956,4684704,130909,0,761,0
44.89030480384827,155065,4682264,4686956,4684704,130909,0,761,0
44.91155481338501,155065,4682264,4686956,4684704,130909,0,761,0
44.93249797821045,155065,4682264,4686956,4684704,130909,0,761,0
44.95322299003601,155065,4682264,4686956,4684704,130909,0,761,0
44.97398900985718,155065,4682264,4686956,4684704,130909,0,761,0
44.994738817214966,155065,4682264,4686956,4684704,130909,0,761,0
45.01548480987549,155065,4682264,4686956,4684704,130909,0,761,0
45.03617286682129,155065,4682264,4686956,4684704,130909,0,761,0
45.05689477920532,155065,4682264,4686956,4684704,130909,0,761,0
45.077624797821045,155065,4682264,4686956,4684704,130909,0,761,0
45.09842395782471,155065,4682264,4686956,4684704,130909,0,761,0
45.119409799575806,155065,4682264,4686956,4684704,130909,0,761,0
45.14013600349426,155065,4682264,4686956,4684704,130909,0,761,0
45.16085886955261,155065,4682264,4686956,4684704,130909,0,761,0
45.181593894958496,155065,4682264,4686956,4684704,130909,0,761,0
45.202486991882324,155065,4682264,4686956,4684704,130909,0,761,0
45.223259925842285,155065,4682264,4686956,4684704,130909,0,761,0
45.24411392211914,155065,4682264,4686956,4684704,130909,0,761,0
45.2651309967041,155065,4682264,4686956,4684704,130909,0,761,0
45.285831928253174,155065,4682264,4686956,4684704,130909,0,761,0
45.3066189289093,155065,4682264,4686956,4684704,130909,0,761,0
45.3275728225708,155065,4682264,4686956,4684704,130909,0,761,0
45.3483669757843,155065,4682264,4686956,4684704,130909,0,761,0
45.36916399002075,155065,4682264,4686956,4684704,130909,0,761,0
45.38996195793152,155065,4682264,4686956,4684704,130909,0,761,0
45.4107768535614,155065,4682264,4686956,4684704,130909,0,761,0
45.431538820266724,155065,4682264,4686956,4684704,130909,0,761,0
45.45244097709656,155065,4682264,4686956,4684704,130909,0,761,0
45.47321581840515,155065,4682264,4686956,4684704,130909,0,761,0
45.49383997917175,155065,4682264,4686956,4684704,130909,0,761,0
45.514519929885864,155065,4682264,4686956,4684704,130909,0,761,0
45.53551483154297,155065,4682264,4686956,4684704,130909,0,761,0
45.55622696876526,155065,4682264,4686956,4684704,130909,0,761,0
45.57710790634155,155065,4682264,4686956,4684704,130909,0,761,0
45.59774589538574,155065,4682264,4686956,4684704,130909,0,761,0
45.61864495277405,155065,4682264,4686956,4684704,130909,0,761,0
45.63933801651001,155065,4682264,4686956,4684704,130909,0,761,0
45.66017389297485,155065,4682264,4686956,4684704,130909,0,761,0
45.6808660030365,155065,4682264,4686956,4684704,130909,0,761,0
45.701756954193115,155065,4682264,4686956,4684704,130909,0,761,0
45.72256588935852,155065,4682264,4686956,4684704,130909,0,761,0
45.74380683898926,155065,4682264,4686956,4684704,130909,0,761,0
45.7645308971405,155065,4682264,4686956,4684704,130909,0,761,0
45.785315990448,155065,4682264,4686956,4684704,130909,0,761,0
45.80618691444397,155065,4682264,4686956,4684704,130909,0,761,0
45.826929807662964,155065,4682264,4686956,4684704,130909,0,761,0
45.84773397445679,155065,4682264,4686956,4684704,130909,0,761,0
45.86846899986267,155065,4682264,4686956,4684704,130909,0,761,0
45.88926601409912,155065,4682264,4686956,4684704,130909,0,761,0
45.91009783744812,155065,4682264,4686956,4684704,130909,0,761,0
45.93079090118408,155065,4682264,4686956,4684704,130909,0,761,0
45.951788902282715,155065,4682264,4686956,4684704,130909,0,761,0
45.972675800323486,155065,4682264,4686956,4684704,130909,0,761,0
45.993313789367676,155065,4682264,4686956,4684704,130909,0,761,0
46.01406192779541,155065,4682264,4686956,4684704,130909,0,761,0
46.03483486175537,155065,4682264,4686956,4684704,130909,0,761,0
46.05569386482239,155065,4682264,4686956,4684704,130909,0,761,0
46.07661485671997,155065,4682264,4686956,4684704,130909,0,761,0
46.09740900993347,155065,4682264,4686956,4684704,130909,0,761,0
46.118194818496704,155065,4682264,4686956,4684704,130909,0,761,0
46.13894081115723,155065,4682264,4686956,4684704,130909,0,761,0
46.160167932510376,155065,4682264,4686956,4684704,130909,0,761,0
46.1810359954834,155065,4682264,4686956,4684704,130909,0,761,0
46.201772928237915,155065,4682264,4686956,4684704,130909,0,761,0
46.222402811050415,155065,4682264,4686956,4684704,130909,0,761,0
46.243438959121704,155065,4682264,4686956,4684704,130909,0,761,0
46.264187812805176,155065,4682264,4686956,4684704,130909,0,761,0
46.28505182266235,155065,4682264,4686956,4684704,130909,0,761,0
46.30591082572937,155065,4682264,4686956,4684704,130909,0,761,0
46.32678484916687,155065,4682264,4686956,4684704,130909,0,761,0
46.3474497795105,155065,4682264,4686956,4684704,130909,0,761,0
46.368387937545776,155065,4682264,4686956,4684704,130909,0,761,0
46.38914680480957,155065,4682264,4686956,4684704,130909,0,761,0
46.40982794761658,155065,4682264,4686956,4684704,130909,0,761,0
46.43055295944214,155065,4682264,4686956,4684704,130909,0,761,0
46.45120191574097,155065,4682264,4686956,4684704,130909,0,761,0
46.47199892997742,155065,4682264,4686956,4684704,130909,0,761,0
46.492703914642334,155065,4682264,4686956,4684704,130909,0,761,0
46.51352787017822,155065,4682264,4686956,4684704,130909,0,761,0
46.53427696228027,155065,4682264,4686956,4684704,130909,0,761,0
46.55512595176697,155065,4682264,4686956,4684704,130909,0,761,0
46.57635498046875,155065,4682264,4686956,4684704,130909,0,761,0
46.597036838531494,155065,4682264,4686956,4684704,130909,0,761,0
46.61778378486633,155065,4682264,4686956,4684704,130909,0,761,0
46.63849592208862,155065,4682264,4686956,4684704,130909,0,761,0
46.65945887565613,155065,4682264,4686956,4684704,130909,0,761,0
46.68018698692322,155065,4682264,4686956,4684704,130909,0,761,0
46.70088601112366,155065,4682264,4686956,4684704,130909,0,761,0
46.72167086601257,155065,4682264,4686956,4684704,130909,0,761,0
46.742520809173584,155065,4682264,4686956,4684704,130909,0,761,0
46.76338982582092,155065,4682264,4686956,4684704,130909,0,761,0
46.784770011901855,155065,4682264,4686956,4684704,130909,0,761,0
46.805508852005005,155065,4682264,4686956,4684704,130909,0,761,0
46.826268911361694,155065,4682264,4686956,4684704,130909,0,761,0
46.847081899642944,155065,4682264,4686956,4684704,130909,0,761,0
46.86789083480835,155065,4682264,4686956,4684704,130909,0,761,0
46.888314962387085,155065,4682264,4686956,4684704,130909,0,761,0
46.909223794937134,155065,4682264,4686956,4684704,130909,0,761,0
46.93002700805664,155065,4682264,4686956,4684704,130909,0,761,0
46.95079588890076,155065,4682264,4686956,4684704,130909,0,761,0
46.97159385681152,155065,4682264,4686956,4684704,130909,0,761,0
46.99252796173096,155065,4682264,4686956,4684704,130909,0,761,0
47.01324987411499,155065,4682264,4686956,4684704,130909,0,761,0
47.03399896621704,155065,4682264,4686956,4684704,130909,0,761,0
47.054632902145386,155065,4682264,4686956,4684704,130909,0,761,0
47.07532787322998,155065,4682264,4686956,4684704,130909,0,761,0
47.0960898399353,155065,4682264,4686956,4684704,130909,0,761,0
47.1169159412384,155065,4682264,4686956,4684704,130909,0,761,0
47.137574911117554,155065,4682264,4686956,4684704,130909,0,761,0
47.15838694572449,155065,4682264,4686956,4684704,130909,0,761,0
47.17907500267029,155065,4682264,4686956,4684704,130909,0,761,0
47.20024585723877,155065,4682264,4686956,4684704,130909,0,761,0
47.221481800079346,155065,4682264,4686956,4684704,130909,0,761,0
47.242182970047,155065,4682264,4686956,4684704,130909,0,761,0
47.262895822525024,155065,4682264,4686956,4684704,130909,0,761,0
47.28359889984131,155065,4682264,4686956,4684704,130909,0,761,0
47.30428600311279,155065,4682264,4686956,4684704,130909,0,761,0
47.325217962265015,155065,4682264,4686956,4684704,130909,0,761,0
47.34614896774292,155065,4682264,4686956,4684704,130909,0,761,0
47.36679983139038,155065,4682264,4686956,4684704,130909,0,761,0
47.38721799850464,155065,4682264,4686956,4684704,130909,0,761,0
47.40814185142517,155065,4682264,4686956,4684704,130909,0,761,0
47.42887997627258,155065,4682264,4686956,4684704,130909,0,761,0
47.44978380203247,155065,4682264,4686956,4684704,130909,0,761,0
47.47065496444702,155065,4682264,4686956,4684704,130909,0,761,0
47.491554975509644,155065,4682264,4686956,4684704,130909,0,761,0
47.512457847595215,155065,4682264,4686956,4684704,130909,0,761,0
47.53334999084473,155065,4682264,4686956,4684704,130909,0,761,0
47.554067850112915,155065,4682264,4686956,4684704,130909,0,761,0
47.574856996536255,155065,4682264,4686956,4684704,130909,0,761,0
47.59563493728638,155065,4682264,4686956,4684704,130909,0,761,0
47.61675786972046,155065,4682264,4686956,4684704,130909,0,761,0
47.637643814086914,155065,4682264,4686956,4684704,130909,0,761,0
47.65855383872986,155065,4682264,4686956,4684704,130909,0,761,0
47.67937088012695,155065,4682264,4686956,4684704,130909,0,761,0
47.70022487640381,155065,4682264,4686956,4684704,130909,0,761,0
47.72106695175171,155065,4682264,4686956,4684704,130909,0,761,0
47.741827964782715,155065,4682264,4686956,4684704,130909,0,761,0
47.76250886917114,155065,4682264,4686956,4684704,130909,0,761,0
47.78296184539795,155065,4682264,4686956,4684704,130909,0,761,0
47.80354595184326,155065,4682264,4686956,4684704,130909,0,761,0
47.82461380958557,155065,4682264,4686956,4684704,130909,0,761,0
47.84522891044617,155065,4682264,4686956,4684704,130909,0,761,0
47.865877866744995,155065,4682264,4686956,4684704,130909,0,761,0
47.886430978775024,155065,4682264,4686956,4684704,130909,0,761,0
47.90687584877014,155065,4682264,4686956,4684704,130909,0,761,0
47.92741298675537,155065,4682264,4686956,4684704,130909,0,761,0
47.94788599014282,155065,4682264,4686956,4684704,130909,0,761,0
47.96842694282532,155065,4682264,4686956,4684704,130909,0,761,0
47.988969802856445,155065,4682264,4686956,4684704,130909,0,761,0
48.00948691368103,155065,4682264,4686956,4684704,130909,0,761,0
48.03060984611511,155065,4682264,4686956,4684704,130909,0,761,0
48.050925970077515,155065,4682264,4686956,4684704,130909,0,761,0
48.07151699066162,155065,4682264,4686956,4684704,130909,0,761,0
48.0923388004303,155065,4682264,4686956,4684704,130909,0,761,0
48.11282682418823,155065,4682264,4686956,4684704,130909,0,761,0
48.13346290588379,155065,4682264,4686956,4684704,130909,0,761,0
48.15382480621338,155065,4682264,4686956,4684704,130909,0,761,0
48.174224853515625,155065,4682264,4686956,4684704,130909,0,761,0
48.195639848709106,155065,4682264,4686956,4684704,130909,0,761,0
48.2160267829895,155065,4682264,4686956,4684704,130909,0,761,0
48.23699188232422,155065,4682264,4686956,4684704,130909,0,761,0
48.25747895240784,155065,4682264,4686956,4684704,130909,0,761,0
48.27797889709473,155065,4682264,4686956,4684704,130909,0,761,0
48.29853582382202,155065,4682264,4686956,4684704,130909,0,761,0
48.31935501098633,155065,4682264,4686956,4684704,130909,0,761,0
48.339916944503784,155065,4682264,4686956,4684704,130909,0,761,0
48.36064386367798,155065,4682264,4686956,4684704,130909,0,761,0
48.38145995140076,155065,4682264,4686956,4684704,130909,0,761,0
48.40193200111389,155065,4682264,4686956,4684704,130909,0,761,0
48.42250990867615,155065,4682264,4686956,4684704,130909,0,761,0
48.443872928619385,155065,4682264,4686956,4684704,130909,0,761,0
48.4645299911499,155065,4682264,4686956,4684704,130909,0,761,0
48.48496079444885,155065,4682264,4686956,4684704,130909,0,761,0
48.50570487976074,155065,4682264,4686956,4684704,130909,0,761,0
48.52597689628601,155065,4682264,4686956,4684704,130909,0,761,0
48.546736001968384,155065,4682264,4686956,4684704,130909,0,761,0
48.56751298904419,155065,4682264,4686956,4684704,130909,0,761,0
48.58797597885132,155065,4682264,4686956,4684704,130909,0,761,0
48.608508825302124,155065,4682264,4686956,4684704,130909,0,761,0
48.62893986701965,155065,4682264,4686956,4684704,130909,0,761,0
48.649871826171875,155065,4682264,4686956,4684704,130909,0,761,0
48.67049789428711,155065,4682264,4686956,4684704,130909,0,761,0
48.690924882888794,155065,4682264,4686956,4684704,130909,0,761,0
48.71150493621826,155065,4682264,4686956,4684704,130909,0,761,0
48.73185992240906,155065,4682264,4686956,4684704,130909,0,761,0
48.75252079963684,155065,4682264,4686956,4684704,130909,0,761,0
48.77288484573364,155065,4682264,4686956,4684704,130909,0,761,0
48.79344987869263,155065,4682264,4686956,4684704,130909,0,761,0
48.81386399269104,155065,4682264,4686956,4684704,130909,0,761,0
48.83447599411011,155065,4682264,4686956,4684704,130909,0,761,0
48.855506896972656,155065,4682264,4686956,4684704,130909,0,761,0
48.87599492073059,155065,4682264,4686956,4684704,130909,0,761,0
48.89647889137268,155065,4682264,4686956,4684704,130909,0,761,0
48.91692280769348,155065,4682264,4686956,4684704,130909,0,761,0
48.937519788742065,155065,4682264,4686956,4684704,130909,0,761,0
48.95842885971069,155065,4682264,4686956,4684704,130909,0,761,0
48.978906869888306,155065,4682264,4686956,4684704,130909,0,761,0
48.99948978424072,155065,4682264,4686956,4684704,130909,0,761,0
49.02025294303894,155065,4682264,4686956,4684704,130909,0,761,0
49.040870904922485,155065,4682264,4686956,4684704,130909,0,761,0
49.06183195114136,155065,4682264,4686956,4684704,130909,0,761,0
49.082565784454346,155065,4682264,4686956,4684704,130909,0,761,0
49.10285401344299,155065,4682264,4686956,4684704,130909,0,761,0
49.12347984313965,155065,4682264,4686956,4684704,130909,0,761,0
49.14386296272278,155065,4682264,4686956,4684704,130909,0,761,0
49.16488289833069,155065,4682264,4686956,4684704,130909,0,761,0
49.18555784225464,155065,4682264,4686956,4684704,130909,0,761,0
49.2058789730072,155065,4682264,4686956,4684704,130909,0,761,0
49.22650384902954,155065,4682264,4686956,4684704,130909,0,761,0
49.24691581726074,155065,4682264,4686956,4684704,130909,0,761,0
49.267868995666504,155065,4682264,4686956,4684704,130909,0,761,0
49.28848481178284,155065,4682264,4686956,4684704,130909,0,761,0
49.30884599685669,155065,4682264,4686956,4684704,130909,0,761,0
49.329511880874634,155065,4682264,4686956,4684704,130909,0,761,0
49.34991693496704,155065,4682264,4686956,4684704,130909,0,761,0
49.370537996292114,155065,4682264,4686956,4684704,130909,0,761,0
49.391021966934204,155065,4682264,4686956,4684704,130909,0,761,0
49.41145992279053,155065,4682264,4686956,4684704,130909,0,761,0
49.43186593055725,155065,4682264,4686956,4684704,130909,0,761,0
49.452271938323975,155065,4682264,4686956,4684704,130909,0,761,0
49.473397970199585,155065,4682264,4686956,4684704,130909,0,761,0
49.49403190612793,155065,4682264,4686956,4684704,130909,0,761,0
49.5145308971405,155065,4682264,4686956,4684704,130909,0,761,0
49.534910917282104,155065,4682264,4686956,4684704,130909,0,761,0
49.55547881126404,155065,4682264,4686956,4684704,130909,0,761,0
49.575992822647095,155065,4682264,4686956,4684704,130909,0,761,0
49.596516847610474,155065,4682264,4686956,4684704,130909,0,761,0
49.61694598197937,155065,4682264,4686956,4684704,130909,0,761,0
49.63749098777771,155065,4682264,4686956,4684704,130909,0,761,0
49.6578209400177,155065,4682264,4686956,4684704,130909,0,761,0
49.67876887321472,155065,4682264,4686956,4684704,130909,0,761,0
49.699646949768066,155065,4682264,4686956,4684704,130909,0,761,0
49.72043490409851,155065,4682264,4686956,4684704,130909,0,761,0
49.74127388000488,155065,4682264,4686956,4684704,130909,0,761,0
49.76241087913513,155065,4682264,4686956,4684704,130909,0,761,0
49.78345489501953,155065,4682264,4686956,4684704,130909,0,761,0
49.804420948028564,155065,4682264,4686956,4684704,130909,0,761,0
49.82547998428345,155065,4682264,4686956,4684704,130909,0,761,0
49.84639883041382,155065,4682264,4686956,4684704,130909,0,761,0
49.867525815963745,155065,4682264,4686956,4684704,130909,0,761,0
49.88845491409302,155065,4682264,4686956,4684704,130909,0,761,0
49.90944194793701,155065,4682264,4686956,4684704,130909,0,761,0
49.93024682998657,155065,4682264,4686956,4684704,130909,0,761,0
49.95076298713684,155065,4682264,4686956,4684704,130909,0,761,0
49.97121286392212,155065,4682264,4686956,4684704,130909,0,761,0
49.99177694320679,155065,4682264,4686956,4684704,130909,0,761,0
50.01220679283142,155065,4682264,4686956,4684704,130909,0,761,0
50.03267693519592,155065,4682264,4686956,4684704,130909,0,761,0
50.053125858306885,155065,4682264,4686956,4684704,130909,0,761,0
50.07364583015442,155065,4682264,4686956,4684704,130909,0,761,0
50.09449791908264,155065,4682264,4686956,4684704,130909,0,761,0
50.11518096923828,155065,4682264,4686956,4684704,130909,0,761,0
50.13585901260376,155065,4682264,4686956,4684704,130909,0,761,0
50.156452894210815,155065,4682264,4686956,4684704,130909,0,761,0
50.17732882499695,155065,4682264,4686956,4684704,130909,0,761,0
50.19837689399719,155065,4682264,4686956,4684704,130909,0,761,0
50.219265937805176,155065,4682264,4686956,4684704,130909,0,761,0
50.24019193649292,155065,4682264,4686956,4684704,130909,0,761,0
50.26111888885498,155065,4682264,4686956,4684704,130909,0,761,0
50.282203912734985,155065,4682264,4686956,4684704,130909,0,761,0
50.30359196662903,155065,4682264,4686956,4684704,130909,0,761,0
50.32487487792969,155065,4682264,4686956,4684704,130909,0,761,0
50.346059799194336,155065,4682264,4686956,4684704,130909,0,761,0
50.367249965667725,155065,4682264,4686956,4684704,130909,0,761,0
50.388548851013184,155065,4682264,4686956,4684704,130909,0,761,0
50.40936779975891,155065,4682308,4686956,4684748,130909,0,761,0
50.430842876434326,155065,4682360,4686956,4684800,130933,0,761,0
50.451942920684814,155065,4682360,4686956,4684800,130933,0,761,0
50.4729208946228,155065,4682360,4686956,4684800,130933,0,761,0
50.493544816970825,155065,4682360,4686956,4684800,130933,0,761,0
50.514484882354736,155065,4682360,4686956,4684800,130933,0,761,0
50.53521394729614,155065,4682360,4686956,4684800,130933,0,761,0
50.55587601661682,155065,4682360,4686956,4684800,130933,0,761,0
50.57650089263916,155065,4682360,4686956,4684800,130933,0,761,0
50.59722185134888,155065,4682360,4686956,4684800,130933,0,761,0
50.617963790893555,155065,4682360,4686956,4684800,130933,0,761,0
50.638696908950806,155065,4682360,4686956,4684800,130933,0,761,0
50.6593279838562,155065,4682360,4686956,4684800,130933,0,761,0
50.67982578277588,155065,4682360,4686956,4684800,130933,0,761,0
50.700238943099976,155065,4682360,4686956,4684800,130933,0,761,0
50.721049785614014,155065,4682360,4686956,4684800,130933,0,761,0
50.741596937179565,155065,4682360,4686956,4684800,130933,0,761,0
50.76190996170044,155065,4682360,4686956,4684800,130933,0,761,0
50.782485008239746,155065,4682360,4686956,4684800,130933,0,761,0
50.80275583267212,155065,4682360,4686956,4684800,130933,0,761,0
50.82354998588562,155065,4682360,4686956,4684800,130933,0,761,0
50.84435796737671,155065,4682360,4686956,4684800,130933,0,761,0
50.864890813827515,155065,4684048,0,4686512,130971,0,0,0
