elapsed_s,pid,uss,rss,pss,min_flt,maj_flt,oom,oomadj
1.2873609066009521,172193,11628,12320,12070,1031,0,666,0
1.3085880279541016,172193,14204,16296,15270,1319,0,666,0
1.3775029182434082,172193,15604,18176,16980,1529,0,666,0
1.3936069011688232,172193,17212,19952,18576,1764,0,666,0
1.4086329936981201,172193,50292,55268,52768,4491,0,667,0
1.42415189743042,172193,62596,67824,65072,6979,0,668,0
1.4402339458465576,172193,71748,76468,74224,7766,0,668,0
1.45566987991333,172193,73796,78568,76272,7768,0,668,0
1.4710569381713867,172193,66124,70872,68600,7971,0,668,0
1.4863228797912598,172193,66596,71256,69072,8090,0,668,0
1.5016100406646729,172193,66596,71256,69072,8090,0,668,0
1.5167880058288574,172193,66596,71256,69072,8090,0,668,0
1.531810998916626,172193,65984,70864,68460,8090,0,668,0
1.5469410419464111,172193,65984,70864,68460,8090,0,668,0
1.5621318817138672,172193,66328,70992,68804,8176,0,668,0
1.5772898197174072,172193,66548,71248,69024,8231,0,668,0
1.5926058292388916,172193,66548,71248,69024,8231,0,668,0
1.6078429222106934,172193,66548,71248,69024,8231,0,668,0
1.623142957687378,172193,66548,71248,69024,8231,0,668,0
1.6383838653564453,172193,66548,71248,69024,8231,0,668,0
1.654080867767334,172193,66548,71248,69024,8231,0,668,0
1.6693718433380127,172193,66548,71248,69024,8231,0,668,0
1.6847219467163086,172193,66548,71248,69024,8231,0,668,0
1.6997778415679932,172193,66548,71248,69024,8231,0,668,0
1.714939832687378,172193,66548,71248,69024,8231,0,668,0
1.7299249172210693,172193,66548,71248,69024,8231,0,668,0
1.7449228763580322,172193,66548,71248,69024,8231,0,668,0
1.7601089477539062,172193,66548,71248,69024,8231,0,668,0
1.7750918865203857,172193,66548,71248,69024,8231,0,668,0
1.790065050125122,172193,66548,71248,69024,8231,0,668,0
1.8050119876861572,172193,66548,71248,69024,8231,0,668,0
1.8198800086975098,172193,66548,71248,69024,8231,0,668,0
1.8347530364990234,172193,68596,73368,71072,8232,0,668,0
1.8502449989318848,172193,68596,73368,71072,8232,0,668,0
1.865311861038208,172193,68596,73368,71072,8232,0,668,0
1.8803038597106934,172193,68596,73368,71072,8232,0,668,0
1.895216941833496,172193,68596,73368,71072,8232,0,668,0
1.9101929664611816,172193,68596,73368,71072,8232,0,668,0
1.9251949787139893,172193,68596,73368,71072,8232,0,668,0
1.9402458667755127,172193,68596,73368,71072,8232,0,668,0
1.9552969932556152,172193,76132,80900,78608,8583,0,668,0
1.970707893371582,172193,76132,80900,78608,8583,0,668,0
1.9859788417816162,172193,76132,80900,78608,8583,0,668,0
2.001063823699951,172193,80228,85000,82704,8584,0,668,0
2.016481876373291,172193,78816,83584,81292,8586,0,668,0
2.0316178798675537,172193,78816,83584,81292,8586,0,668,0
2.04669189453125,172193,78816,83584,81292,8586,0,668,0
2.0621678829193115,172193,80864,85636,83340,8587,0,668,0
2.0774729251861572,172193,80864,85636,83340,8587,0,668,0
2.092571973800659,172193,80864,85636,83340,8587,0,668,0
2.1076488494873047,172193,80864,85636,83340,8587,0,668,0
2.1226859092712402,172193,80864,85636,83340,8587,0,668,0
2.137748956680298,172193,80864,85636,83340,8587,0,668,0
2.1528749465942383,172193,80864,85636,83340,8587,0,668,0
2.167809009552002,172193,80864,85636,83340,8587,0,668,0
2.183781862258911,172193,80864,85636,83340,8587,0,668,0
2.1989409923553467,172193,80864,85636,83340,8587,0,668,0
2.213883876800537,172193,80864,85636,83340,8587,0,668,0
2.228682041168213,172193,80864,85636,83340,8587,0,668,0
2.2435989379882812,172193,80864,85636,83340,8587,0,668,0
2.2584478855133057,172193,82912,87684,85388,8587,0,668,0
2.2733490467071533,172193,82912,87684,85388,8588,0,668,0
2.28835391998291,172193,82912,87684,85388,8588,0,668,0
2.303241014480591,172193,82912,87684,85388,8588,0,668,0
2.3179728984832764,172193,82912,87684,85388,8588,0,668,0
2.3327250480651855,172193,82912,87684,85388,8588,0,668,0
2.347548007965088,172193,82912,87684,85388,8588,0,668,0
2.3624260425567627,172193,82912,87684,85388,8588,0,668,0
2.377290964126587,172193,82912,87684,85388,8588,0,668,0
2.392300844192505,172193,84960,89732,87436,8589,0,668,0
2.4074409008026123,172193,84960,89732,87436,8589,0,668,0
2.4224720001220703,172193,84960,89732,87436,8589,0,668,0
2.437255859375,172193,84960,89732,87436,8589,0,668,0
2.4521708488464355,172193,84960,89732,87436,8589,0,668,0
2.467423915863037,172193,84960,89732,87436,8589,0,668,0
2.4824960231781006,172193,84960,89732,87436,8589,0,668,0
2.4976470470428467,172193,84960,89732,87436,8589,0,668,0
2.51271390914917,172193,84960,89732,87436,8589,0,668,0
2.527714967727661,172193,84960,89732,87436,8589,0,668,0
2.5429039001464844,172193,84960,89732,87436,8589,0,668,0
2.558015823364258,172193,84960,89732,87436,8589,0,668,0
2.5729639530181885,172193,84960,89732,87436,8589,0,668,0
2.5879929065704346,172193,84960,89732,87436,8589,0,668,0
2.6030359268188477,172193,84960,89732,87436,8589,0,668,0
2.6180739402770996,172193,84960,89732,87436,8589,0,668,0
2.633086919784546,172193,84960,89732,87436,8589,0,668,0
2.648037910461426,172193,84960,89732,87436,8589,0,668,0
2.6630959510803223,172193,84960,89732,87436,8589,0,668,0
2.6780929565429688,172193,84960,89732,87436,8589,0,668,0
2.6932919025421143,172193,87008,91780,89484,8590,0,668,0
2.7085518836975098,172193,87008,91780,89484,8590,0,668,0
2.723676919937134,172193,87008,91780,89484,8590,0,668,0
2.7386560440063477,172193,87008,91780,89484,8590,0,668,0
2.7536330223083496,172193,87008,91780,89484,8590,0,668,0
2.7685558795928955,172193,87008,91780,89484,8590,0,668,0
2.7836759090423584,172193,87008,91780,89484,8590,0,668,0
2.7987289428710938,172193,87008,91780,89484,8590,0,668,0
2.8138229846954346,172193,89056,93828,91532,8590,0,668,0
2.828826904296875,172193,89056,93828,91532,8591,0,668,0
2.844012975692749,172193,89056,93828,91532,8591,0,668,0
2.858991861343384,172193,89056,93828,91532,8591,0,668,0
2.8740198612213135,172193,89056,93828,91532,8591,0,668,0
2.889030933380127,172193,89056,93828,91532,8591,0,668,0
2.9037978649139404,172193,89056,93828,91532,8591,0,668,0
2.918665885925293,172193,89056,93828,91532,8591,0,668,0
2.9336860179901123,172193,89056,93828,91532,8591,0,668,0
2.948706865310669,172193,89056,93828,91532,8591,0,668,0
2.963721990585327,172193,89056,93828,91532,8591,0,668,0
2.9787018299102783,172193,89056,93828,91532,8591,0,668,0
2.9937078952789307,172193,89056,93828,91532,8591,0,668,0
3.008755922317505,172193,89056,93828,91532,8591,0,668,0
3.023813009262085,172193,89056,93828,91532,8591,0,668,0
3.0387749671936035,172193,89056,93828,91532,8591,0,668,0
3.053975820541382,172193,89056,93828,91532,8591,0,668,0
3.0690720081329346,172193,89056,93828,91532,8591,0,668,0
3.0840158462524414,172193,89056,93828,91532,8591,0,668,0
3.099268913269043,172193,89056,93828,91532,8591,0,668,0
3.1145548820495605,172193,91104,95876,93580,8592,0,668,0
3.1298069953918457,172193,91104,95876,93580,8592,0,668,0
3.144796848297119,172193,91104,95876,93580,8592,0,668,0
3.1603150367736816,172193,91104,95876,93580,8592,0,668,0
3.1753530502319336,172193,91104,95876,93580,8592,0,668,0
3.1903929710388184,172193,91104,95876,93580,8592,0,668,0
3.205389976501465,172193,91104,95876,93580,8592,0,668,0
3.220500946044922,172193,91104,95876,93580,8592,0,668,0
3.2355329990386963,172193,91104,95876,93580,8592,0,668,0
3.2505249977111816,172193,93152,97924,95628,8593,0,668,0
3.26570200920105,172193,93152,97924,95628,8593,0,668,0
3.2807350158691406,172193,93152,97924,95628,8593,0,668,0
3.295764923095703,172193,93152,97924,95628,8593,0,668,0
3.3111259937286377,172193,93152,97924,95628,8593,0,668,0
3.326284885406494,172193,93152,97924,95628,8593,0,668,0
3.341251850128174,172193,93152,97924,95628,8593,0,668,0
3.356333017349243,172193,93152,97924,95628,8593,0,668,0
3.3713438510894775,172193,93152,97924,95628,8593,0,668,0
3.3864359855651855,172193,93152,97924,95628,8593,0,668,0
3.4015860557556152,172193,93152,97924,95628,8593,0,668,0
3.416468858718872,172193,93152,97924,95628,8593,0,668,0
3.4312639236450195,172193,93152,97924,95628,8593,0,668,0
3.446187973022461,172193,93152,97924,95628,8593,0,668,0
3.461276054382324,172193,93152,97924,95628,8593,0,668,0
3.4763028621673584,172193,93152,97924,95628,8593,0,668,0
3.4913859367370605,172193,93152,97924,95628,8593,0,668,0
3.5063729286193848,172193,93152,97924,95628,8593,0,668,0
3.5218288898468018,172193,93152,97924,95628,8593,0,668,0
3.5370819568634033,172193,93152,97924,95628,8593,0,668,0
3.552299976348877,172193,95200,99972,97676,8594,0,668,0
3.5676310062408447,172193,95200,99972,97676,8594,0,668,0
3.58262300491333,172193,95200,99972,97676,8594,0,668,0
3.5976319313049316,172193,95200,99972,97676,8594,0,668,0
3.612730026245117,172193,95200,99972,97676,8594,0,668,0
3.6278419494628906,172193,95200,99972,97676,8594,0,668,0
3.6427929401397705,172193,95200,99972,97676,8594,0,668,0
3.6578309535980225,172193,95200,99972,97676,8594,0,668,0
3.6726999282836914,172193,95200,99972,97676,8594,0,668,0
3.6874778270721436,172193,95200,99972,97676,8594,0,668,0
3.702296018600464,172193,95200,99972,97676,8594,0,668,0
3.7173149585723877,172193,95200,99972,97676,8594,0,668,0
3.7325809001922607,172193,95200,99972,97676,8594,0,668,0
3.7475199699401855,172193,95200,99972,97676,8594,0,668,0
3.7622268199920654,172193,95200,99972,97676,8594,0,668,0
3.7773380279541016,172193,95200,99972,97676,8594,0,668,0
3.792335033416748,172193,95200,99972,97676,8594,0,668,0
3.8072550296783447,172193,95200,99972,97676,8594,0,668,0
3.8221309185028076,172193,95200,99972,97676,8594,0,668,0
3.8371379375457764,172193,95200,99972,97676,8594,0,668,0
3.8521008491516113,172193,95200,99972,97676,8594,0,668,0
3.8671469688415527,172193,95200,99972,97676,8594,0,668,0
3.8822169303894043,172193,95200,99972,97676,8594,0,668,0
3.897243022918701,172193,95200,99972,97676,8594,0,668,0
3.9123148918151855,172193,95200,99972,97676,8594,0,668,0
3.927341938018799,172193,95200,99972,97676,8594,0,668,0
3.9428179264068604,172193,95200,99972,97676,8594,0,668,0
3.9577670097351074,172193,95200,99972,97676,8594,0,668,0
3.9727978706359863,172193,97248,102020,99724,8595,0,668,0
3.987809896469116,172193,97248,102020,99724,8595,0,668,0
4.0029919147491455,172193,97248,102020,99724,8595,0,668,0
4.018070936203003,172193,97248,102020,99724,8595,0,668,0
4.033105850219727,172193,97248,102020,99724,8595,0,668,0
4.04816198348999,172193,97248,102020,99724,8595,0,668,0
4.063225984573364,172193,97248,102020,99724,8595,0,668,0
4.078297853469849,172193,97248,102020,99724,8595,0,668,0
4.093276023864746,172193,97248,102020,99724,8595,0,668,0
4.108201026916504,172193,99296,104068,101772,8596,0,668,0
4.123433828353882,172193,99296,104068,101772,8596,0,668,0
4.139039993286133,172193,99296,104068,101772,8596,0,668,0
4.1541588306427,172193,99296,104068,101772,8596,0,668,0
4.169082880020142,172193,99296,104068,101772,8596,0,668,0
4.184048891067505,172193,99296,104068,101772,8596,0,668,0
4.199041843414307,172193,99296,104068,101772,8596,0,668,0
4.214154958724976,172193,99296,104068,101772,8596,0,668,0
4.229110956192017,172193,99296,104068,101772,8596,0,668,0
4.244303941726685,172193,99296,104068,101772,8596,0,668,0
4.259209871292114,172193,99296,104068,101772,8596,0,668,0
4.274009943008423,172193,99296,104068,101772,8596,0,668,0
4.288939952850342,172193,99296,104068,101772,8596,0,668,0
4.303948879241943,172193,99296,104068,101772,8596,0,668,0
4.319105863571167,172193,99296,104068,101772,8596,0,668,0
4.334228992462158,172193,99296,104068,101772,8596,0,668,0
4.349485874176025,172193,99296,104068,101772,8596,0,668,0
4.364735841751099,172193,99296,104068,101772,8596,0,668,0
4.379885911941528,172193,99296,104068,101772,8596,0,668,0
4.394961833953857,172193,99296,104068,101772,8596,0,668,0
4.410038948059082,172193,101344,106116,103820,8597,0,668,0
4.425160884857178,172193,101344,106116,103820,8597,0,668,0
4.440233945846558,172193,101344,106116,103820,8597,0,668,0
4.455237865447998,172193,101344,106116,103820,8597,0,668,0
4.470435857772827,172193,101344,106116,103820,8597,0,668,0
4.485563039779663,172193,101344,106116,103820,8597,0,668,0
4.500495910644531,172193,101344,106116,103820,8597,0,668,0
4.515244007110596,172193,101344,106116,103820,8597,0,668,0
4.530205965042114,172193,103392,108164,105868,8598,0,668,0
4.548588991165161,172193,103392,108164,105868,8598,0,668,0
4.56371283531189,172193,103392,108164,105868,8598,0,668,0
4.578668832778931,172193,103392,108164,105868,8598,0,668,0
4.593529939651489,172193,103392,108164,105868,8598,0,668,0
4.608322858810425,172193,103392,108164,105868,8598,0,668,0
4.623088836669922,172193,107488,112260,109964,8600,0,668,0
4.637959003448486,172193,107488,112260,109964,8600,0,668,0
4.653028964996338,172193,107488,112260,109964,8600,0,668,0
4.667695045471191,172193,107488,112260,109964,8600,0,668,0
4.682703018188477,172193,107488,112260,109964,8600,0,668,0
4.697654962539673,172193,107488,112260,109964,8600,0,668,0
4.7126829624176025,172193,107488,112260,109964,8600,0,668,0
4.72761082649231,172193,107488,112260,109964,8600,0,668,0
4.742548942565918,172193,107488,112260,109964,8600,0,668,0
4.757608890533447,172193,107488,112260,109964,8600,0,668,0
4.773049831390381,172193,107488,112260,109964,8600,0,668,0
4.788106918334961,172193,107488,112260,109964,8600,0,668,0
4.803091049194336,172193,107488,112260,109964,8600,0,668,0
4.818156957626343,172193,107488,112260,109964,8600,0,668,0
4.8331780433654785,172193,107488,112260,109964,8600,0,668,0
4.848285913467407,172193,107488,112260,109964,8600,0,668,0
4.863515853881836,172193,107488,112260,109964,8600,0,668,0
4.878490924835205,172193,107488,112260,109964,8600,0,668,0
4.893626928329468,172193,107488,112260,109964,8600,0,668,0
4.908591032028198,172193,107488,112260,109964,8600,0,668,0
4.9235899448394775,172193,107488,112260,109964,8600,0,668,0
4.938614845275879,172193,107488,112260,109964,8600,0,668,0
4.953649044036865,172193,109536,114308,112012,8601,0,668,0
4.968754053115845,172193,109536,114308,112012,8601,0,668,0
4.983811855316162,172193,109536,114308,112012,8601,0,668,0
4.998682022094727,172193,109536,114308,112012,8601,0,668,0
5.013629913330078,172193,109536,114308,112012,8601,0,668,0
5.028728008270264,172193,109536,116356,112012,8601,0,668,0
5.043759822845459,172193,111584,116356,114060,8602,0,668,0
5.058977842330933,172193,111584,116356,114060,8602,0,668,0
5.073850870132446,172193,111584,116356,114060,8602,0,668,0
5.088815927505493,172193,111584,116356,114060,8602,0,668,0
5.1041929721832275,172193,111584,116356,114060,8602,0,668,0
5.119052886962891,172193,111584,116356,114060,8602,0,668,0
5.1339499950408936,172193,111584,116356,114060,8602,0,668,0
5.1489269733428955,172193,111584,116356,114060,8602,0,668,0
5.163878917694092,172193,111584,116356,114060,8602,0,668,0
5.178764820098877,172193,111584,116356,114060,8602,0,668,0
5.193723917007446,172193,111584,116356,114060,8602,0,668,0
5.208578824996948,172193,111584,116356,114060,8602,0,668,0
5.223435878753662,172193,111584,116356,114060,8602,0,668,0
5.2383129596710205,172193,111584,116356,114060,8602,0,668,0
5.253243923187256,172193,111584,116356,114060,8602,0,668,0
5.268174886703491,172193,111584,116356,114060,8602,0,668,0
5.283190965652466,172193,111584,116356,114060,8602,0,668,0
5.298197984695435,172193,111584,116356,114060,8602,0,668,0
5.313163995742798,172193,111584,116356,114060,8602,0,668,0
5.328003883361816,172193,111584,116356,114060,8602,0,668,0
5.343027830123901,172193,111584,116356,114060,8602,0,668,0
5.358003854751587,172193,111584,116356,114060,8602,0,668,0
5.37322998046875,172193,113632,118404,116108,8603,0,668,0
5.388638019561768,172193,113632,118404,116108,8603,0,668,0
5.403722047805786,172193,113632,118404,116108,8603,0,668,0
5.418742895126343,172193,113632,118404,116108,8603,0,668,0
5.4337098598480225,172193,113632,118404,116108,8603,0,668,0
5.448673963546753,172193,113632,118404,116108,8603,0,668,0
5.463683843612671,172193,115680,120452,118156,8604,0,668,0
5.4789299964904785,172193,115680,120452,118156,8604,0,668,0
5.493948936462402,172193,115680,120452,118156,8604,0,668,0
5.508993864059448,172193,115680,120452,118156,8604,0,668,0
5.52390193939209,172193,115680,120452,118156,8604,0,668,0
5.538940906524658,172193,115680,120452,118156,8604,0,668,0
5.553963899612427,172193,115680,120452,118156,8604,0,668,0
5.569058895111084,172193,115680,120452,118156,8604,0,668,0
5.5840418338775635,172193,115680,120452,118156,8604,0,668,0
5.599388837814331,172193,115680,120452,118156,8604,0,668,0
5.614549875259399,172193,115680,120452,118156,8604,0,668,0
5.62939190864563,172193,115680,120452,118156,8604,0,668,0
5.644477844238281,172193,115680,120452,118156,8604,0,668,0
5.659368991851807,172193,115680,120452,118156,8604,0,668,0
5.674386978149414,172193,115680,120452,118156,8604,0,668,0
5.689450979232788,172193,115680,120452,118156,8604,0,668,0
5.704342842102051,172193,115680,120452,118156,8604,0,668,0
5.719261884689331,172193,115680,120452,118156,8604,0,668,0
5.734205961227417,172193,115680,120452,118156,8604,0,668,0
5.749258041381836,172193,115680,120452,118156,8604,0,668,0
5.764372825622559,172193,115680,120452,118156,8604,0,668,0
5.779531002044678,172193,115680,120452,118156,8604,0,668,0
5.79450798034668,172193,115680,120452,118156,8604,0,668,0
5.809712886810303,172193,117728,122500,120204,8605,0,668,0
5.824743032455444,172193,117728,122500,120204,8605,0,668,0
5.839733839035034,172193,117728,122500,120204,8605,0,668,0
5.854720830917358,172193,117728,122500,120204,8605,0,668,0
5.869654893875122,172193,117728,122500,120204,8605,0,668,0
5.884698867797852,172193,119776,124548,122252,8606,0,668,0
5.89979887008667,172193,119776,124548,122252,8606,0,668,0
5.914742946624756,172193,119776,124548,122252,8606,0,668,0
5.929633855819702,172193,119776,124548,122252,8606,0,668,0
5.9446258544921875,172193,119776,124548,122252,8606,0,668,0
5.959650993347168,172193,119776,124548,122252,8606,0,668,0
5.974581003189087,172193,119776,124548,122252,8606,0,668,0
5.989583969116211,172193,119776,124548,122252,8606,0,668,0
6.004745006561279,172193,119776,124548,122252,8606,0,668,0
6.019798994064331,172193,119776,124548,122252,8606,0,668,0
6.0348570346832275,172193,119776,124548,122252,8606,0,668,0
6.049803972244263,172193,119776,124548,122252,8606,0,668,0
6.064739942550659,172193,119776,124548,122252,8606,0,668,0
6.0828399658203125,172193,119776,124548,122252,8606,0,668,0
6.097820997238159,172193,119776,124548,122252,8606,0,668,0
6.112802982330322,172193,119776,124548,122252,8606,0,668,0
6.127758026123047,172193,119776,124548,122252,8606,0,668,0
6.142688035964966,172193,119776,124548,122252,8606,0,668,0
6.157665014266968,172193,119776,124548,122252,8606,0,668,0
6.172583818435669,172193,119776,124548,122252,8606,0,668,0
6.187563896179199,172193,119776,124548,122252,8606,0,668,0
6.202322959899902,172193,119776,124548,122252,8606,0,668,0
6.217321872711182,172193,119776,124548,122252,8606,0,668,0
6.232606887817383,172193,121824,126596,124300,8607,0,668,0
6.247730016708374,172193,121824,126596,124300,8607,0,668,0
6.262722015380859,172193,121824,126596,124300,8607,0,668,0
6.277732849121094,172193,121824,126596,124300,8607,0,668,0
6.2927210330963135,172193,121824,126596,124300,8607,0,668,0
6.30771803855896,172193,123872,128644,126348,8608,0,668,0
6.322705984115601,172193,123872,128644,126348,8608,0,668,0
6.3376078605651855,172193,123872,128644,126348,8608,0,668,0
6.3524370193481445,172193,123872,128644,126348,8608,0,668,0
6.367377042770386,172193,123872,128644,126348,8608,0,668,0
6.382328033447266,172193,123872,128644,126348,8608,0,668,0
6.397464990615845,172193,123872,128644,126348,8608,0,668,0
6.41244101524353,172193,123872,128644,126348,8608,0,668,0
6.427701950073242,172193,123872,128644,126348,8608,0,668,0
6.442709922790527,172193,123872,128644,126348,8608,0,668,0
6.457700967788696,172193,123872,128644,126348,8608,0,668,0
6.472677946090698,172193,123872,128644,126348,8608,0,668,0
6.4876039028167725,172193,123872,128644,126348,8608,0,668,0
6.50256085395813,172193,123872,128644,126348,8608,0,668,0
6.517637014389038,172193,123872,128644,126348,8608,0,668,0
6.532662868499756,172193,123872,128644,126348,8608,0,668,0
6.547634840011597,172193,123872,128644,126348,8608,0,668,0
6.562753915786743,172193,123872,128644,126348,8608,0,668,0
6.57804799079895,172193,123872,128644,126348,8608,0,668,0
6.593193054199219,172193,123872,128644,126348,8608,0,668,0
6.608214855194092,172193,123872,128644,126348,8608,0,668,0
6.623378038406372,172193,123872,128644,126348,8608,0,668,0
6.6442320346832275,172193,123872,128644,126348,8608,0,668,0
6.690368890762329,172193,125920,130692,128396,8609,0,669,0
6.744879961013794,172193,125920,130692,128396,8609,0,669,0
6.783321857452393,172193,125920,130692,128396,8609,0,669,0
6.798563003540039,172193,125920,130692,128396,8609,0,669,0
6.813647985458374,172193,125920,130692,128396,8609,0,669,0
6.8286778926849365,172193,125920,130692,128396,8609,0,669,0
6.843966960906982,172193,125920,130692,128396,8609,0,669,0
6.859112977981567,172193,125920,130692,128396,8609,0,669,0
6.874078989028931,172193,125920,130692,128396,8609,0,669,0
6.889013051986694,172193,125920,130692,128396,8609,0,669,0
6.904023885726929,172193,125920,130692,128396,8609,0,669,0
6.9190239906311035,172193,125920,130692,128396,8609,0,669,0
6.933961868286133,172193,125920,130692,128396,8609,0,669,0
6.948974847793579,172193,125920,130692,128396,8609,0,669,0
6.96393895149231,172193,125920,130692,128396,8609,0,669,0
6.978799819946289,172193,125920,130692,128396,8609,0,669,0
6.993799924850464,172193,125920,130692,128396,8609,0,669,0
7.008780002593994,172193,125920,130692,128396,8609,0,669,0
7.0237438678741455,172193,127008,131716,129484,8881,0,669,0
7.039010047912598,172193,143392,148164,145868,8894,0,669,0
7.0573790073394775,172193,182304,189124,184780,8929,0,670,0
7.073577880859375,172193,192544,199364,195020,8934,0,670,0
7.089217901229858,172193,199828,204600,202304,8938,0,670,0
7.104934930801392,172193,210068,214840,212544,8942,0,670,0
7.120427846908569,172193,220308,225080,222784,8948,0,670,0
7.135859966278076,172193,230548,235320,233024,8953,0,671,0
7.1513190269470215,172193,240788,245560,243264,8958,0,671,0
7.168154001235962,172193,240788,247608,243264,8958,0,671,0
7.183905839920044,172193,351380,366392,353856,9010,0,674,0
7.200976848602295,172193,392340,397112,394816,9032,0,674,0
7.217960834503174,172193,408724,413496,411200,9039,0,674,0
7.2336790561676025,172193,410772,415544,413248,9041,0,674,0
7.249032974243164,172193,410772,415544,413248,9041,0,674,0
7.264559984207153,172193,410772,415544,413248,9041,0,674,0
7.2796900272369385,172193,412820,417592,415296,9042,0,674,0
7.2949910163879395,172193,416916,421688,419392,9044,0,674,0
7.310546875,172193,416916,421688,419392,9044,0,674,0
7.325736999511719,172193,419720,424916,422196,9121,0,674,0
7.341193914413452,172193,425200,430164,427676,10556,0,675,0
7.35782790184021,172193,426692,431464,429168,10659,0,675,0
7.373323917388916,172193,431196,435968,433672,10664,0,675,0
7.389166831970215,172193,433244,438016,435720,10665,0,675,0
7.404865026473999,172193,435292,440064,437768,10666,0,675,0
7.42048192024231,172193,439388,444160,441864,10668,0,675,0
7.436058044433594,172193,447580,452352,450056,10672,0,675,0
7.451730012893677,172193,457820,462592,460296,10677,0,676,0
7.467888832092285,172193,457820,462592,460296,10677,0,676,0
7.4834630489349365,172193,457820,462592,460296,10677,0,676,0
7.498702049255371,172193,457820,462592,460296,10677,0,676,0
7.51371693611145,172193,457820,462592,460296,10677,0,676,0
7.528723955154419,172193,457820,462592,460296,10677,0,676,0
7.543745040893555,172193,457820,462592,460296,10677,0,676,0
7.558754920959473,172193,457820,462592,460296,10677,0,676,0
7.573840856552124,172193,457820,462592,460296,10677,0,676,0
7.589089870452881,172193,457820,462592,460296,10677,0,676,0
7.604426860809326,172193,457820,462592,460296,10677,0,676,0
7.6198718547821045,172193,457820,462592,460296,10677,0,676,0
7.635272026062012,172193,459868,464640,462344,10678,0,676,0
7.65067982673645,172193,459868,464640,462344,10678,0,676,0
7.666007995605469,172193,459868,464640,462344,10678,0,676,0
7.681596994400024,172193,466012,470784,468488,10680,0,676,0
7.697084903717041,172193,466012,470784,468488,10681,0,676,0
7.712460994720459,172193,470108,474880,472584,10683,0,676,0
7.7282209396362305,172193,470108,474880,472584,10683,0,676,0
7.743605852127075,172193,474204,478976,476680,10685,0,676,0
7.759037017822266,172193,476396,481152,478872,10722,0,676,0
7.774488925933838,172193,476396,481152,478872,10722,0,676,0
7.7897398471832275,172193,476396,481152,478872,10722,0,676,0
7.804733991622925,172193,476396,481152,478872,10722,0,676,0
7.81993293762207,172193,476128,480904,478604,10722,0,676,0
7.83524489402771,172193,476128,480904,478604,10722,0,676,0
7.850430011749268,172193,476128,480904,478604,10722,0,676,0
7.865377902984619,172193,476128,480904,478604,10722,0,676,0
7.8807549476623535,172193,476128,480904,478604,10722,0,676,0
7.895833969116211,172193,476128,480904,478604,10722,0,676,0
7.910878896713257,172193,476128,480904,478604,10722,0,676,0
7.925992965698242,172193,476128,480904,478604,10722,0,676,0
7.94135594367981,172193,476192,480904,478668,10738,0,676,0
7.95675802230835,172193,476192,480904,478668,10738,0,676,0
7.972127914428711,172193,476192,480904,478668,10738,0,676,0
7.9875710010528564,172193,476192,480904,478668,10738,0,676,0
8.00288200378418,172193,476192,480904,478668,10738,0,676,0
8.019248008728027,172193,476192,480904,478668,10738,0,676,0
8.034724950790405,172193,476192,480904,478668,10738,0,676,0
8.049999952316284,172193,476192,480904,478668,10738,0,676,0
8.065462827682495,172193,476192,480904,478668,10738,0,676,0
8.080891847610474,172193,476192,480904,478668,10738,0,676,0
8.09631085395813,172193,476256,480904,478732,10754,0,676,0
8.121381044387817,172193,476256,480904,478732,10754,0,676,0
8.1491539478302,172193,476256,480904,478732,10754,0,676,0
8.184001922607422,172193,476256,480904,478732,10754,0,676,0
8.206676006317139,172193,476256,480904,478732,10754,0,676,0
8.233803033828735,172193,476256,480904,478732,10754,0,676,0
8.2650728225708,172193,476256,480904,478732,10754,0,676,0
8.29205584526062,172193,476256,480904,478732,10754,0,676,0
8.331223964691162,172193,476256,480904,478732,10754,0,676,0
8.354467868804932,172193,476256,480904,478732,10754,0,676,0
8.381363868713379,172193,476256,480904,478732,10754,0,676,0
8.4126558303833,172193,476256,480904,478732,10754,0,676,0
8.435786008834839,172193,476256,480904,478732,10754,0,676,0
8.467026948928833,172193,476256,480904,478732,10754,0,676,0
8.491894960403442,172193,476256,480904,478732,10754,0,676,0
8.516036987304688,172193,476256,480904,478732,10754,0,676,0
8.531949996948242,172193,476256,480904,478732,10754,0,676,0
8.548372983932495,172193,476256,480904,478732,10754,0,676,0
8.565513849258423,172193,476256,480904,478732,10754,0,676,0
8.581321954727173,172193,476256,480904,478732,10754,0,676,0
8.59679102897644,172193,476256,480904,478732,10754,0,676,0
8.612426042556763,172193,476256,480904,478732,10754,0,676,0
8.62784194946289,172193,476256,480904,478732,10754,0,676,0
8.643378973007202,172193,476256,480904,478732,10754,0,676,0
8.65910005569458,172193,476256,480904,478732,10754,0,676,0
8.68761682510376,172193,476256,480904,478732,10754,0,676,0
8.71258282661438,172193,476256,480904,478732,10754,0,676,0
8.737383842468262,172193,476256,480904,478732,10754,0,676,0
8.768828868865967,172193,476256,480904,478732,10754,0,676,0
8.807299852371216,172193,476256,480904,478732,10754,0,676,0
8.831253051757812,172193,476256,480904,478732,10754,0,676,0
8.854735851287842,172193,476256,480904,478732,10754,0,676,0
8.879014015197754,172193,476256,480904,478732,10754,0,676,0
8.911250829696655,172193,476256,480904,478732,10754,0,676,0
8.934054851531982,172193,476256,480904,478732,10754,0,676,0
8.949197053909302,172193,476256,480904,478732,10754,0,676,0
8.964295864105225,172193,476256,480904,478732,10754,0,676,0
8.979511022567749,172193,476256,480904,478732,10754,0,676,0
8.997284889221191,172193,480352,485124,482828,10756,0,676,0
9.012501955032349,172193,482400,487172,484876,10757,0,676,0
9.0275239944458,172193,482400,487172,484876,10757,0,676,0
9.042726993560791,172193,482400,487172,484876,10757,0,676,0
9.057724952697754,172193,482400,487172,484876,10757,0,676,0
9.072671890258789,172193,482400,487172,484876,10757,0,676,0
9.08771300315857,172193,482400,487172,484876,10757,0,676,0
9.102844953536987,172193,482400,487172,484876,10757,0,676,0
9.118029832839966,172193,482400,487172,484876,10757,0,676,0
9.133222818374634,172193,482400,487172,484876,10757,0,676,0
9.148258924484253,172193,482400,487172,484876,10757,0,676,0
9.163694858551025,172193,482528,487300,485004,10789,0,676,0
9.178791999816895,172193,482600,487300,485076,10807,0,676,0
9.19420599937439,172193,482608,487300,485084,10809,0,676,0
9.209594964981079,172193,482608,487300,485084,10809,0,676,0
9.225013017654419,172193,482608,487300,485084,10809,0,676,0
9.240471839904785,172193,482608,487300,485084,10809,0,676,0
9.256094932556152,172193,482612,487300,485088,10810,0,676,0
9.27169394493103,172193,482612,487300,485088,10810,0,676,0
9.287128925323486,172193,482612,487300,485088,10810,0,676,0
9.302570819854736,172193,482612,487300,485088,10810,0,676,0
9.31800389289856,172193,482612,487300,485088,10810,0,676,0
9.333554029464722,172193,482612,487300,485088,10810,0,676,0
9.349365949630737,172193,482612,487300,485088,10810,0,676,0
9.364914894104004,172193,482676,487428,485152,10826,0,676,0
9.380352020263672,172193,482676,487428,485152,10826,0,676,0
9.395777940750122,172193,482676,487428,485152,10826,0,676,0
9.411001920700073,172193,482676,487428,485152,10826,0,676,0
9.426113843917847,172193,482676,487428,485152,10826,0,676,0
9.441123008728027,172193,482676,487428,485152,10826,0,676,0
9.456641912460327,172193,482680,487428,485156,10827,0,676,0
9.47209882736206,172193,482680,487428,485156,10827,0,676,0
9.48731803894043,172193,482680,487428,485156,10827,0,676,0
9.502818822860718,172193,484728,489500,487204,10828,0,676,0
9.518287897109985,172193,484728,489500,487204,10828,0,676,0
9.53383994102478,172193,484728,489500,487204,10828,0,676,0
9.549746036529541,172193,484728,489500,487204,10828,0,676,0
9.565351009368896,172193,484728,489500,487204,10828,0,676,0
9.580929040908813,172193,484728,489500,487204,10828,0,676,0
9.59632682800293,172193,490872,495644,493348,10831,0,676,0
9.611732006072998,172193,490872,495644,493348,10831,0,676,0
9.62673282623291,172193,490872,495644,493348,10831,0,676,0
9.641762018203735,172193,492920,497692,495396,10832,0,676,0
9.657153844833374,172193,492920,497692,495396,10832,0,676,0
9.672685861587524,172193,492920,497692,495396,10832,0,676,0
9.688318967819214,172193,492920,497692,495396,10832,0,676,0
9.703812837600708,172193,492920,497692,495396,10832,0,676,0
9.719250917434692,172193,494968,499740,497444,10832,0,676,0
9.734809875488281,172193,494968,499740,497444,10833,0,676,0
9.750109910964966,172193,494968,499740,497444,10833,0,676,0
9.76572585105896,172193,494968,499740,497444,10833,0,676,0
9.780947923660278,172193,494968,499740,497444,10833,0,676,0
9.79622483253479,172193,494968,499740,497444,10833,0,676,0
9.811377048492432,172193,494968,499740,497444,10833,0,676,0
9.82661485671997,172193,494968,499740,497444,10833,0,676,0
9.841958045959473,172193,494968,499740,497444,10833,0,676,0
9.857200860977173,172193,494968,499740,497444,10833,0,676,0
9.872642040252686,172193,494968,499740,497444,10833,0,676,0
9.887796878814697,172193,494968,499740,497444,10833,0,676,0
9.903138875961304,172193,494968,499740,497444,10833,0,676,0
9.918439865112305,172193,494968,499740,497444,10833,0,676,0
9.933783054351807,172193,494968,499740,497444,10833,0,676,0
9.949309825897217,172193,494968,499740,497444,10833,0,676,0
9.965276956558228,172193,494968,499740,497444,10833,0,676,0
9.980753898620605,172193,494968,499740,497444,10833,0,676,0
9.996086835861206,172193,494968,499740,497444,10833,0,676,0
10.011639833450317,172193,494968,499740,497444,10833,0,676,0
10.027082920074463,172193,494968,499740,497444,10833,0,676,0
10.042338848114014,172193,494968,499740,497444,10833,0,676,0
10.057776927947998,172193,494968,499740,497444,10833,0,676,0
10.073300838470459,172193,494968,499740,497444,10833,0,676,0
10.088768005371094,172193,494968,499740,497444,10833,0,676,0
10.104296922683716,172193,499064,503836,501540,10835,0,676,0
10.119799852371216,172193,499064,503836,501540,10835,0,676,0
10.135289907455444,172193,501112,505884,503588,10836,0,676,0
10.15081787109375,172193,503160,507932,505636,10837,0,676,0
10.166358947753906,172193,503160,507932,505636,10837,0,676,0
10.182700872421265,172193,503160,507932,505636,10837,0,676,0
10.198186874389648,172193,503160,507932,505636,10837,0,676,0
10.21384882926941,172193,503160,507932,505636,10837,0,676,0
10.229218006134033,172193,503160,507932,505636,10837,0,676,0
10.244701862335205,172193,503160,507932,505636,10837,0,676,0
10.26014494895935,172193,507256,512028,509732,10839,0,676,0
10.275532007217407,172193,511352,516124,513828,10841,0,676,0
10.291143894195557,172193,511352,516124,513828,10841,0,676,0
10.30667495727539,172193,511352,516124,513828,10841,0,676,0
10.322352886199951,172193,511352,518172,513828,10841,0,676,0
10.337865829467773,172193,517496,522268,519972,10844,0,676,0
10.353200912475586,172193,517560,522268,520036,10860,0,676,0
10.36870288848877,172193,517560,522268,520036,10860,0,676,0
10.38468599319458,172193,517560,522268,520036,10860,0,676,0
10.400843858718872,172193,517560,522268,520036,10860,0,676,0
10.416437864303589,172193,517560,522268,520036,10860,0,676,0
10.432018995285034,172193,517624,522396,520100,10876,0,676,0
10.447933912277222,172193,517624,522396,520100,10876,0,676,0
10.463733911514282,172193,517624,522396,520100,10876,0,676,0
10.479362964630127,172193,517624,522396,520100,10876,0,676,0
10.495246887207031,172193,517624,522396,520100,10876,0,676,0
10.510871887207031,172193,517624,522396,520100,10876,0,676,0
10.52660584449768,172193,517624,522396,520100,10876,0,676,0
10.542526960372925,172193,517624,522396,520100,10876,0,676,0
10.558238983154297,172193,517624,522396,520100,10876,0,676,0
10.57396388053894,172193,517624,522396,520100,10876,0,676,0
10.590163946151733,172193,517624,522396,520100,10876,0,676,0
10.605835914611816,172193,517624,522396,520100,10876,0,676,0
10.621480941772461,172193,517624,522396,520100,10876,0,676,0
10.637632846832275,172193,517624,522396,520100,10876,0,676,0
10.653326034545898,172193,517624,522396,520100,10876,0,676,0
10.668478012084961,172193,517624,522396,520100,10876,0,676,0
10.683740854263306,172193,519672,524444,522148,10877,0,677,0
10.699137926101685,172193,519672,524444,522148,10877,0,677,0
10.714557886123657,172193,519672,524444,522148,10877,0,677,0
10.730062007904053,172193,519672,524444,522148,10877,0,677,0
10.745841979980469,172193,519672,524444,522148,10877,0,677,0
10.761476993560791,172193,519672,524444,522148,10877,0,677,0
10.77684998512268,172193,519672,524444,522148,10877,0,677,0
10.793079853057861,172193,519672,524444,522148,10877,0,677,0
10.80859899520874,172193,519672,524444,522148,10877,0,677,0
10.82426404953003,172193,519672,524444,522148,10877,0,677,0
10.839824914932251,172193,519672,524444,522148,10877,0,677,0
10.85542893409729,172193,519672,524444,522148,10877,0,677,0
10.870906829833984,172193,519672,524444,522148,10877,0,677,0
10.886528015136719,172193,519672,524444,522148,10877,0,677,0
10.902323961257935,172193,519672,524444,522148,10877,0,677,0
10.918061017990112,172193,519672,524444,522148,10877,0,677,0
10.93441891670227,172193,519672,524444,522148,10877,0,677,0
10.951499938964844,172193,519672,524444,522148,10877,0,677,0
10.9670889377594,172193,519672,524444,522148,10877,0,677,0
10.982728958129883,172193,519672,524444,522148,10877,0,677,0
10.998780965805054,172193,519672,524444,522148,10877,0,677,0
11.014886856079102,172193,519672,524444,522148,10877,0,677,0
11.030879974365234,172193,519672,524444,522148,10877,0,677,0
11.046741008758545,172193,519672,524444,522148,10877,0,677,0
11.062649011611938,172193,519672,524444,522148,10877,0,677,0
11.078464031219482,172193,519672,524444,522148,10877,0,677,0
11.094252824783325,172193,519672,524444,522148,10877,0,677,0
11.110294818878174,172193,527864,532636,530340,10881,0,677,0
11.126251935958862,172193,527864,532636,530340,10881,0,677,0
11.141717910766602,172193,527864,532636,530340,10881,0,677,0
11.157096862792969,172193,527864,532636,530340,10881,0,677,0
11.172504901885986,172193,527864,532636,530340,10881,0,677,0
11.187877893447876,172193,527864,532636,530340,10881,0,677,0
11.203292846679688,172193,527864,532636,530340,10881,0,677,0
11.218854904174805,172193,527864,532636,530340,10881,0,677,0
11.234307050704956,172193,527864,532636,530340,10881,0,677,0
11.250756025314331,172193,527864,532636,530340,10881,0,677,0
11.267880916595459,172193,527864,532636,530340,10881,0,677,0
11.284466981887817,172193,527864,532636,530340,10881,0,677,0
11.300778865814209,172193,527864,532636,530340,10881,0,677,0
11.316987991333008,172193,527864,532636,530340,10881,0,677,0
11.333178997039795,172193,527864,532636,530340,10881,0,677,0
11.349755048751831,172193,527864,532636,530340,10881,0,677,0
11.366108894348145,172193,529912,534684,532388,10882,0,677,0
11.382669925689697,172193,529912,534684,532388,10882,0,677,0
11.39891505241394,172193,529912,534684,532388,10882,0,677,0
11.415802955627441,172193,529912,534684,532388,10882,0,677,0
11.432153940200806,172193,529912,534684,532388,10882,0,677,0
11.448739051818848,172193,529912,534684,532388,10882,0,677,0
11.465104818344116,172193,529912,534684,532388,10882,0,677,0
11.481344938278198,172193,529912,534684,532388,10882,0,677,0
11.497776985168457,172193,529912,534684,532388,10882,0,677,0
11.51443600654602,172193,529912,534684,532388,10882,0,677,0
11.530745029449463,172193,531960,536732,534436,10883,0,677,0
11.547279834747314,172193,531960,536732,534436,10883,0,677,0
11.563829898834229,172193,531960,536732,534436,10883,0,677,0
11.580260992050171,172193,531960,536732,534436,10883,0,677,0
11.596321821212769,172193,531960,536732,534436,10883,0,677,0
11.612540006637573,172193,531960,536732,534436,10883,0,677,0
11.629305839538574,172193,534008,538780,536484,10884,0,677,0
11.645908832550049,172193,534008,538780,536484,10884,0,677,0
11.66233491897583,172193,534008,538780,536484,10884,0,677,0
11.678752899169922,172193,534008,538780,536484,10884,0,677,0
11.69499683380127,172193,534008,538780,536484,10884,0,677,0
11.711508989334106,172193,534008,538780,536484,10884,0,677,0
11.727596044540405,172193,536056,540828,538532,10885,0,677,0
11.743921041488647,172193,536056,540828,538532,10885,0,677,0
11.760329961776733,172193,538104,542876,540580,10886,0,677,0
11.77660584449768,172193,538104,542876,540580,10886,0,677,0
11.79287600517273,172193,540152,544924,542628,10887,0,677,0
11.80908489227295,172193,540152,544924,542628,10887,0,677,0
11.825597047805786,172193,540152,544924,542628,10887,0,677,0
11.84230899810791,172193,540152,544924,542628,10887,0,677,0
11.858778953552246,172193,540152,544924,542628,10887,0,677,0
11.875114917755127,172193,542200,546972,544676,10888,0,677,0
11.891382932662964,172193,544248,549020,546724,10889,0,677,0
11.907815933227539,172193,548344,553116,550820,10891,0,677,0
11.92476487159729,172193,548344,553116,550820,10891,0,677,0
11.941510915756226,172193,548344,553116,550820,10891,0,677,0
11.958658933639526,172193,548344,553116,550820,10891,0,677,0
11.97475290298462,172193,548344,553116,550820,10891,0,677,0
11.990597009658813,172193,550392,555164,552868,10892,0,677,0
12.006686925888062,172193,554488,559260,556964,10893,0,678,0
12.022753953933716,172193,554488,559260,556964,10894,0,678,0
12.03900694847107,172193,554488,559260,556964,10894,0,678,0
12.055529832839966,172193,554488,559260,556964,10894,0,678,0
12.071439981460571,172193,554488,559260,556964,10894,0,678,0
12.087571859359741,172193,554488,559260,556964,10894,0,678,0
12.103580951690674,172193,554488,559260,556964,10894,0,678,0
12.119683980941772,172193,556536,561308,559012,10895,0,678,0
12.135347843170166,172193,558584,563356,561060,10896,0,678,0
12.15191388130188,172193,558584,563356,561060,10896,0,678,0
12.167925834655762,172193,558740,563484,561216,10898,0,678,0
12.184165000915527,172193,558740,563484,561216,10935,0,678,0
12.199928045272827,172193,558740,563484,561216,10935,0,678,0
12.216270923614502,172193,560788,565560,563264,10936,0,678,0
12.232722997665405,172193,562712,567608,565188,10937,0,678,0
12.249300003051758,172193,562712,567608,565188,10937,0,678,0
12.265674829483032,172193,562712,567608,565188,10937,0,678,0
12.2814359664917,172193,562712,567608,565188,10937,0,678,0
12.297066926956177,172193,562712,567608,565188,10937,0,678,0
12.31256103515625,172193,564760,569532,567236,10938,0,678,0
12.328258991241455,172193,564760,569532,567236,10938,0,678,0
12.344043016433716,172193,566808,571580,569284,10939,0,678,0
12.359992027282715,172193,568856,573628,571332,10940,0,678,0
12.376379013061523,172193,568856,573628,571332,10940,0,678,0
12.39268684387207,172193,568976,573628,571452,10970,0,678,0
12.409379959106445,172193,568976,573628,571452,10970,0,678,0
12.425865888595581,172193,568976,573628,571452,10970,0,678,0
12.442622900009155,172193,568828,573628,571304,10970,0,678,0
12.459553956985474,172193,568828,573628,571304,10970,0,678,0
12.475826025009155,172193,568828,573628,571304,10970,0,678,0
12.491885900497437,172193,568828,573628,571304,10970,0,678,0
12.508316993713379,172193,570876,575648,573352,10971,0,678,0
12.525080919265747,172193,570876,575648,573352,10971,0,678,0
12.541369915008545,172193,570876,575648,573352,10971,0,678,0
12.557744979858398,172193,570876,575648,573352,10971,0,678,0
12.57418704032898,172193,570876,575648,573352,10971,0,678,0
12.590559005737305,172193,570876,575648,573352,10971,0,678,0
12.606997966766357,172193,570876,575648,573352,10971,0,678,0
12.623297929763794,172193,570876,575648,573352,10971,0,678,0
12.639564037322998,172193,570876,577696,573352,10971,0,678,0
12.655624866485596,172193,572924,577696,575400,10972,0,678,0
12.672219038009644,172193,577020,581792,579496,10974,0,678,0
12.688738822937012,172193,577020,581792,579496,10974,0,678,0
12.70530104637146,172193,577020,581792,579496,10974,0,678,0
12.721436023712158,172193,579068,583840,581544,10975,0,678,0
12.737337827682495,172193,581116,585888,583592,10976,0,678,0
12.753593921661377,172193,585212,589984,587688,10978,0,678,0
12.76963996887207,172193,587260,592032,589736,10979,0,678,0
12.785298824310303,172193,587260,592032,589736,10979,0,678,0
12.80166482925415,172193,587260,592032,589736,10979,0,678,0
12.817525863647461,172193,587260,592032,589736,10979,0,678,0
12.833617925643921,172193,589308,594080,591784,10980,0,678,0
12.84962797164917,172193,593404,598176,595880,10982,0,678,0
12.865628957748413,172193,593404,598176,595880,10982,0,678,0
12.882843017578125,172193,593404,598176,595880,10982,0,678,0
12.898936986923218,172193,593404,598176,595880,10982,0,678,0
12.914897918701172,172193,593404,598176,595880,10982,0,678,0
12.930590867996216,172193,593404,598176,595880,10982,0,678,0
12.946645021438599,172193,593404,598176,595880,10982,0,678,0
12.96250295639038,172193,593404,598176,595880,10982,0,678,0
12.978569984436035,172193,593404,598176,595880,10982,0,678,0
12.994684934616089,172193,593404,598176,595880,10982,0,678,0
13.010390996932983,172193,593404,598176,595880,10982,0,678,0
13.026245832443237,172193,593404,598176,595880,10982,0,678,0
13.042234897613525,172193,593404,598176,595880,10982,0,678,0
13.058323860168457,172193,593404,598176,595880,10982,0,678,0
13.07384705543518,172193,593404,598176,595880,10982,0,678,0
13.090198040008545,172193,593404,598176,595880,10982,0,678,0
13.106014013290405,172193,593404,598176,595880,10982,0,678,0
13.121899843215942,172193,593404,598176,595880,10982,0,678,0
13.137990951538086,172193,593404,598176,595880,10982,0,678,0
13.153126001358032,172193,593404,598176,595880,10982,0,678,0
13.169086933135986,172193,593404,598176,595880,10982,0,678,0
13.185336828231812,172193,593404,598176,595880,10982,0,678,0
13.201650857925415,172193,593404,598176,595880,10982,0,678,0
13.217100858688354,172193,593404,598176,595880,10982,0,678,0
13.232592821121216,172193,593404,598176,595880,10982,0,678,0
13.247805833816528,172193,593404,598176,595880,10982,0,678,0
13.262923955917358,172193,593404,598176,595880,10982,0,678,0
13.277868032455444,172193,593404,598176,595880,10982,0,678,0
13.293040990829468,172193,593404,598176,595880,10982,0,678,0
13.308262825012207,172193,593404,598176,595880,10982,0,678,0
13.323318004608154,172193,593404,598176,595880,10982,0,678,0
13.33847689628601,172193,593404,598176,595880,10982,0,678,0
13.353425025939941,172193,593404,598176,595880,10982,0,678,0
13.36798095703125,172193,593404,598176,595880,10982,0,678,0
13.382834911346436,172193,593404,598176,595880,10982,0,678,0
13.397888898849487,172193,593404,598176,595880,10982,0,678,0
13.412900924682617,172193,593404,598176,595880,10982,0,678,0
13.427865028381348,172193,593404,598176,595880,10982,0,678,0
13.442857027053833,172193,593404,598176,595880,10982,0,678,0
13.457818984985352,172193,593404,598176,595880,10982,0,678,0
13.472834825515747,172193,593404,598176,595880,10982,0,678,0
13.487738847732544,172193,593404,598176,595880,10982,0,678,0
13.502357959747314,172193,593404,598176,595880,10982,0,678,0
13.51718783378601,172193,593404,598176,595880,10982,0,678,0
13.532313823699951,172193,593404,598176,595880,10982,0,678,0
13.547345876693726,172193,593404,598176,595880,10982,0,678,0
13.562499046325684,172193,593404,598176,595880,10982,0,678,0
13.577500820159912,172193,593404,598176,595880,10982,0,678,0
13.592330932617188,172193,593404,598176,595880,10982,0,678,0
13.607496976852417,172193,593404,598176,595880,10982,0,678,0
13.62233591079712,172193,593404,598176,595880,10982,0,678,0
13.637512922286987,172193,593404,598176,595880,10982,0,678,0
13.652338027954102,172193,593404,598176,595880,10982,0,678,0
13.66738486289978,172193,593404,598176,595880,10982,0,678,0
13.682391881942749,172193,593404,598176,595880,10982,0,678,0
13.697543859481812,172193,593404,598176,595880,10982,0,678,0
13.71233582496643,172193,593404,598176,595880,10982,0,678,0
13.727490901947021,172193,593404,598176,595880,10982,0,678,0
13.742516040802002,172193,593404,598176,595880,10982,0,678,0
13.757333040237427,172193,593404,598176,595880,10982,0,678,0
13.772316932678223,172193,593404,598176,595880,10982,0,678,0
13.787184000015259,172193,593404,598176,595880,10982,0,678,0
13.80236291885376,172193,593404,598176,595880,10982,0,678,0
13.817349910736084,172193,593404,598176,595880,10982,0,678,0
13.832377910614014,172193,593404,598176,595880,10982,0,678,0
13.847275018692017,172193,593404,598176,595880,10982,0,678,0
13.862891912460327,172193,593404,598176,595880,10982,0,678,0
13.877835988998413,172193,593404,598176,595880,10982,0,678,0
13.892387866973877,172193,593404,598176,595880,10982,0,678,0
13.907305002212524,172193,593404,598176,595880,10982,0,678,0
13.922822952270508,172193,593404,598176,595880,10982,0,678,0
13.937855958938599,172193,593404,598176,595880,10982,0,678,0
13.952512979507446,172193,593404,598176,595880,10982,0,678,0
13.967480897903442,172193,593404,598176,595880,10982,0,678,0
13.982602834701538,172193,593404,598176,595880,10982,0,678,0
13.997825860977173,172193,593404,598176,595880,10982,0,678,0
14.012873888015747,172193,593404,598176,595880,10982,0,678,0
14.027825832366943,172193,593404,598176,595880,10982,0,678,0
14.042847871780396,172193,593404,598176,595880,10982,0,678,0
14.05777883529663,172193,593404,598176,595880,10982,0,678,0
14.073357820510864,172193,599548,604320,602024,10985,0,678,0
14.088984966278076,172193,607740,612512,610216,10988,0,678,0
14.10490083694458,172193,613884,620704,616360,10992,0,678,0
14.121213912963867,172193,622076,626848,624552,10996,0,679,0
14.136921882629395,172193,630268,635040,632744,11000,0,679,0
14.152684926986694,172193,638460,643232,640936,11004,0,679,0
14.168267011642456,172193,644604,651424,647080,11007,0,679,0
14.183913946151733,172193,652796,657568,655272,11011,0,680,0
14.200047969818115,172193,660988,665760,663464,11015,0,680,0
14.215800046920776,172193,669180,673952,671656,11019,0,680,0
14.231828927993774,172193,677372,682144,679848,11023,0,680,0
14.24778699874878,172193,683516,690336,685992,11026,0,680,0
14.263299942016602,172193,691708,696480,694184,11030,0,680,0
14.278838872909546,172193,699900,704672,702376,11034,0,680,0
14.294775009155273,172193,708092,712864,710568,11038,0,680,0
14.310770988464355,172193,714236,721056,716712,11041,0,681,0
14.326757907867432,172193,722428,727200,724904,11045,0,681,0
14.342694997787476,172193,730620,735392,733096,11049,0,681,0
14.358772993087769,172193,738812,743584,741288,11053,0,681,0
14.374794006347656,172193,747004,751776,749480,11056,0,681,0
14.390564918518066,172193,753148,759968,755624,11060,0,682,0
14.406378030776978,172193,761340,766112,763816,11064,0,682,0
14.422015905380249,172193,769532,774304,772008,11068,0,682,0
14.438048839569092,172193,777724,782496,780200,11072,0,682,0
14.453935861587524,172193,783868,790688,786344,11075,0,682,0
14.469907999038696,172193,792060,796832,794536,11079,0,682,0
14.485785961151123,172193,800252,805024,802728,11083,0,682,0
14.501791000366211,172193,808444,813216,810920,11087,0,682,0
14.51777982711792,172193,816636,821408,819112,11090,0,683,0
14.533882856369019,172193,822780,827552,825256,11094,0,683,0
14.550144910812378,172193,830972,835744,833448,11098,0,683,0
14.56580400466919,172193,839164,843936,841640,11102,0,683,0
14.58205795288086,172193,847356,852128,849832,11106,0,684,0
14.59787392616272,172193,853500,860320,855976,11109,0,684,0
14.61374282836914,172193,861692,866464,864168,11113,0,684,0
14.629287958145142,172193,869884,874656,872360,11117,0,684,0
14.644884824752808,172193,878076,882848,880552,11121,0,684,0
14.660891056060791,172193,886268,891040,888744,11124,0,684,0
14.676646947860718,172193,892412,899232,894888,11128,0,684,0
14.692698955535889,172193,900604,905376,903080,11132,0,684,0
14.708777904510498,172193,908796,913568,911272,11136,0,684,0
14.724740028381348,172193,916988,921760,919464,11140,0,685,0
14.740814924240112,172193,925180,929952,927656,11143,0,685,0
14.756818056106567,172193,931324,938144,933800,11147,0,685,0
14.77287483215332,172193,939516,944288,941992,11151,0,685,0
14.788849830627441,172193,947708,952480,950184,11155,0,686,0
14.804937839508057,172193,955900,960672,958376,11159,0,686,0
14.820909023284912,172193,962044,968864,964520,11162,0,686,0
14.836904048919678,172193,970236,975008,972712,11166,0,686,0
14.852784872055054,172193,978428,983200,980904,11170,0,686,0
14.868743896484375,172193,986620,991392,989096,11174,0,686,0
14.884706974029541,172193,994812,999584,997288,11177,0,686,0
14.900571823120117,172193,1000956,1005728,1003432,11181,0,686,0
14.91603684425354,172193,1009148,1013920,1011624,11185,0,686,0
14.931732892990112,172193,1017340,1022112,1019816,11189,0,687,0
14.947208881378174,172193,1025532,1030304,1028008,11193,0,687,0
14.962875843048096,172193,1033724,1038496,1036200,11196,0,687,0
14.97890591621399,172193,1039868,1044640,1042344,11200,0,687,0
14.994890928268433,172193,1048060,1052832,1050536,11204,0,688,0
15.010365962982178,172193,1056252,1061024,1058728,11208,0,688,0
15.026334047317505,172193,1064444,1069216,1066920,11212,0,688,0
15.042261838912964,172193,1070588,1077408,1073064,11215,0,688,0
15.057971954345703,172193,1078780,1083552,1081256,11219,0,688,0
15.073719024658203,172193,1086972,1091744,1089448,11223,0,688,0
15.089362859725952,172193,1095164,1099936,1097640,11227,0,688,0
15.105042934417725,172193,1103356,1108128,1105832,11230,0,688,0
15.12064504623413,172193,1109500,1114272,1111976,11234,0,688,0
15.136168003082275,172193,1117692,1122464,1120168,11238,0,689,0
15.152235984802246,172193,1125884,1130656,1128360,11242,0,689,0
15.168097972869873,172193,1134076,1138848,1136552,11246,0,689,0
15.18405294418335,172193,1142268,1147040,1144744,11249,0,689,0
15.199841976165771,172193,1148412,1155232,1150888,11253,0,690,0
15.215476989746094,172193,1154556,1159328,1157032,11256,0,690,0
15.231541872024536,172193,1162748,1167520,1165224,11259,0,690,0
15.247256994247437,172193,1168892,1175712,1171368,11263,0,690,0
15.263046026229858,172193,1177084,1181856,1179560,11267,0,690,0
15.27898383140564,172193,1185276,1190048,1187752,11271,0,690,0
15.29493498802185,172193,1193468,1198240,1195944,11275,0,690,0
15.310925006866455,172193,1199612,1206432,1202088,11278,0,690,0
15.32680892944336,172193,1207804,1212576,1210280,11282,0,690,0
15.342880964279175,172193,1215996,1220768,1218472,11286,0,691,0
15.35902190208435,172193,1224188,1228960,1226664,11290,0,691,0
15.375172853469849,172193,1232380,1237152,1234856,11293,0,691,0
15.391223907470703,172193,1238524,1245344,1241000,11297,0,691,0
15.407054901123047,172193,1246716,1251488,1249192,11301,0,692,0
15.422634840011597,172193,1254908,1259680,1257384,11305,0,692,0
15.438694953918457,172193,1263100,1267872,1265576,11309,0,692,0
15.45470905303955,172193,1271292,1276064,1273768,11312,0,692,0
15.470800876617432,172193,1277436,1282208,1279912,11316,0,692,0
15.486657857894897,172193,1285628,1290400,1288104,11320,0,692,0
15.502328872680664,172193,1293820,1298592,1296296,11324,0,692,0
15.51828384399414,172193,1302012,1306784,1304488,11328,0,692,0
15.53405499458313,172193,1310204,1314976,1312680,11331,0,693,0
15.549891948699951,172193,1316348,1321120,1318824,11335,0,693,0
15.565731048583984,172193,1324540,1329312,1327016,11339,0,693,0
15.58125901222229,172193,1332732,1337504,1335208,11343,0,693,0
15.597064971923828,172193,1340924,1345696,1343400,11347,0,694,0
15.613041877746582,172193,1347068,1353888,1349544,11350,0,694,0
15.628952026367188,172193,1355260,1360032,1357736,11354,0,694,0
15.644889831542969,172193,1363452,1368224,1365928,11358,0,694,0
15.660644054412842,172193,1371644,1376416,1374120,11362,0,694,0
15.67624282836914,172193,1379836,1384608,1382312,11365,0,694,0
15.691764831542969,172193,1385980,1392800,1388456,11369,0,694,0
15.70731782913208,172193,1394172,1398944,1396648,11373,0,694,0
15.723532915115356,172193,1398332,1403040,1400808,11375,0,694,0
15.739639043807983,172193,1406524,1411296,1409000,11395,0,695,0
15.755606889724731,172193,1414716,1419488,1417192,11399,0,695,0
15.771813869476318,172193,1422908,1427680,1425384,11402,0,695,0
15.787461996078491,172193,1429052,1435872,1431528,11406,0,695,0
15.803318977355957,172193,1437244,1442016,1439720,11410,0,695,0
15.818886041641235,172193,1445436,1450208,1447912,11414,0,696,0
15.83450698852539,172193,1453628,1458400,1456104,11418,0,696,0
15.850097894668579,172193,1459772,1466592,1462248,11421,0,696,0
15.865612983703613,172193,1467964,1472736,1470440,11425,0,696,0
15.881626844406128,172193,1476156,1480928,1478632,11429,0,696,0
15.897670030593872,172193,1484348,1489120,1486824,11433,0,696,0
15.913580894470215,172193,1492540,1497312,1495016,11437,0,696,0
15.929363012313843,172193,1498684,1505504,1501160,11440,0,696,0
15.945324897766113,172193,1506876,1511648,1509352,11444,0,697,0
15.961159944534302,172193,1515068,1519840,1517544,11448,0,697,0
15.976984024047852,172193,1523260,1528032,1525736,11452,0,697,0
15.992815017700195,172193,1531452,1536224,1533928,11455,0,697,0
16.008818864822388,172193,1537596,1544416,1540072,11459,0,698,0
16.024606943130493,172193,1545788,1550560,1548264,11463,0,698,0
16.040308952331543,172193,1553980,1558752,1556456,11467,0,698,0
16.056251049041748,172193,1562172,1566944,1564648,11471,0,698,0
16.072295904159546,172193,1568316,1575136,1570792,11474,0,698,0
16.087959051132202,172193,1576508,1581280,1578984,11478,0,698,0
16.103631019592285,172193,1584700,1589472,1587176,11482,0,698,0
16.11986494064331,172193,1592892,1597664,1595368,11486,0,698,0
16.135809898376465,172193,1601084,1605856,1603560,11490,0,698,0
16.15158700942993,172193,1607228,1614048,1609704,11493,0,699,0
16.167343854904175,172193,1615420,1620192,1617896,11497,0,699,0
16.18287491798401,172193,1623612,1628384,1626088,11501,0,699,0
16.19834303855896,172193,1631804,1636576,1634280,11505,0,699,0
16.214159965515137,172193,1639996,1644768,1642472,11509,0,700,0
16.229609966278076,172193,1648188,1652960,1650664,11512,0,700,0
16.244930028915405,172193,1654332,1661152,1656808,11516,0,700,0
16.26053285598755,172193,1662524,1669344,1665000,11520,0,700,0
16.275933980941772,172193,1670716,1675488,1673192,11524,0,700,0
16.29150390625,172193,1678908,1683680,1681384,11528,0,700,0
16.307075023651123,172193,1687100,1691872,1689576,11532,0,700,0
16.3225839138031,172193,1695292,1700064,1697768,11536,0,700,0
16.337826013565063,172193,1703484,1708256,1705960,11540,0,701,0
16.35314702987671,172193,1711676,1716448,1714152,11544,0,701,0
16.368290901184082,172193,1719868,1724640,1722344,11547,0,701,0
16.38346791267395,172193,1726012,1732832,1728488,11551,0,701,0
16.398839950561523,172193,1734204,1741024,1736680,11555,0,702,0
16.414268970489502,172193,1742396,1749216,1744872,11559,0,702,0
16.42988395690918,172193,1750588,1755360,1753064,11563,0,702,0
16.44550395011902,172193,1758780,1763552,1761256,11567,0,702,0
16.460876941680908,172193,1766972,1771744,1769448,11571,0,702,0
16.47623586654663,172193,1775164,1779936,1777640,11575,0,702,0
16.491469860076904,172193,1783356,1788128,1785832,11579,0,702,0
16.506844997406006,172193,1791548,1796320,1794024,11583,0,702,0
16.52226185798645,172193,1799740,1804512,1802216,11587,0,703,0
16.53783392906189,172193,1807932,1812704,1810408,11590,0,703,0
16.553249835968018,172193,1814076,1820896,1816552,11594,0,703,0
16.568678855895996,172193,1822268,1829088,1824744,11598,0,703,0
16.58416485786438,172193,1830460,1835232,1832936,11602,0,703,0
16.599606037139893,172193,1838652,1843424,1841128,11606,0,704,0
16.615043878555298,172193,1846844,1851616,1849320,11610,0,704,0
16.630838871002197,172193,1855036,1859808,1857512,11614,0,704,0
16.646376848220825,172193,1863228,1868000,1865704,11618,0,704,0
16.661855936050415,172193,1871420,1876192,1873896,11622,0,704,0
16.677259922027588,172193,1879612,1884384,1882088,11626,0,704,0
16.69281792640686,172193,1887804,1892576,1890280,11630,0,704,0
16.708346843719482,172193,1895996,1900768,1898472,11633,0,704,0
16.723845958709717,172193,1902140,1908960,1904616,11637,0,705,0
16.739375829696655,172193,1910332,1917152,1912808,11641,0,705,0
16.7550048828125,172193,1918524,1923296,1921000,11645,0,705,0
16.77038884162903,172193,1926716,1931488,1929192,11649,0,705,0
16.786285877227783,172193,1934908,1939680,1937384,11653,0,706,0
16.801787853240967,172193,1943100,1947872,1945576,11657,0,706,0
16.81722402572632,172193,1951292,1956064,1953768,11661,0,706,0
16.833050966262817,172193,1959484,1964256,1961960,11665,0,706,0
16.848506927490234,172193,1967676,1972448,1970152,11669,0,706,0
16.86392903327942,172193,1975868,1980640,1978344,11673,0,706,0
16.879499912261963,172193,1984060,1988832,1986536,11677,0,706,0
16.89487385749817,172193,1992252,1997024,1994728,11680,0,706,0
16.91030502319336,172193,1998396,2005216,2000872,11684,0,707,0
16.925798892974854,172193,2006588,2013408,2009064,11688,0,707,0
16.941351890563965,172193,2014780,2019552,2017256,11692,0,707,0
16.95691204071045,172193,2022972,2027744,2025448,11696,0,707,0
16.972429990768433,172193,2031164,2035936,2033640,11700,0,708,0
16.987884998321533,172193,2037312,2044132,2039788,11704,0,708,0
17.00331997871399,172193,2045504,2052324,2047980,11708,0,708,0
17.018790006637573,172193,2053696,2060516,2056172,11712,0,708,0
17.03467583656311,172193,2061888,2066660,2064364,11716,0,708,0
17.05028486251831,172193,2070080,2074852,2072556,11720,0,708,0
17.065783977508545,172193,2078272,2083044,2080748,11724,0,708,0
17.080885887145996,172193,2086464,2091236,2088940,11728,0,708,0
17.096038818359375,172193,2094656,2099428,2097132,11732,0,709,0
17.11126399040222,172193,2102848,2107620,2105324,11736,0,709,0
17.12643003463745,172193,2111040,2115812,2113516,11740,0,709,0
17.141748905181885,172193,2119232,2124004,2121708,11744,0,709,0
17.15728998184204,172193,2127424,2132196,2129900,11748,0,710,0
17.17287588119507,172193,2135616,2140388,2138092,11751,0,710,0
17.18838596343994,172193,2143808,2148580,2146284,11755,0,710,0
17.203913927078247,172193,2149952,2156772,2152428,11759,0,710,0
17.21946883201599,172193,2158144,2164964,2160620,11763,0,710,0
17.234962940216064,172193,2166336,2171108,2168812,11767,0,710,0
17.25052285194397,172193,2174528,2179300,2177004,11771,0,710,0
17.266182899475098,172193,2182720,2187492,2185196,11775,0,710,0
17.281620025634766,172193,2190912,2195684,2193388,11779,0,710,0
17.29706883430481,172193,2199104,2203876,2201580,11783,0,711,0
17.312590837478638,172193,2207296,2212068,2209772,11787,0,711,0
17.32793402671814,172193,2215488,2220260,2217964,11790,0,711,0
17.343307971954346,172193,2223680,2228452,2226156,11794,0,711,0
17.358834981918335,172193,2229824,2236644,2232300,11798,0,712,0
17.374323844909668,172193,2238016,2242788,2240492,11802,0,712,0
17.38979983329773,172193,2246208,2250980,2248684,11806,0,712,0
17.40539002418518,172193,2254400,2259172,2256876,11810,0,712,0
17.42091989517212,172193,2262592,2267364,2265068,11814,0,712,0
17.43635082244873,172193,2270784,2275556,2273260,11818,0,712,0
17.45216703414917,172193,2276928,2281700,2279404,11821,0,712,0
17.467838048934937,172193,2285120,2289892,2287596,11825,0,712,0
17.48338794708252,172193,2293312,2298084,2295788,11829,0,713,0
17.498867988586426,172193,2301504,2306276,2303980,11833,0,713,0
17.514291048049927,172193,2309696,2314468,2312172,11837,0,713,0
17.529786825180054,172193,2317888,2322660,2320364,11840,0,713,0
17.545295000076294,172193,2326080,2330852,2328556,11844,0,714,0
17.560935974121094,172193,2332224,2339044,2334700,11848,0,714,0
17.576486825942993,172193,2340416,2347236,2342892,11852,0,714,0
17.5919349193573,172193,2348608,2353380,2351084,11856,0,714,0
17.6073579788208,172193,2356800,2361572,2359276,11860,0,714,0
17.6228609085083,172193,2364992,2369764,2367468,11864,0,714,0
17.63849687576294,172193,2373184,2377956,2375660,11868,0,714,0
17.654184818267822,172193,2381376,2386148,2383852,11872,0,714,0
17.67013192176819,172193,2389568,2394340,2392044,11876,0,715,0
17.685581922531128,172193,2397760,2402532,2400236,11880,0,715,0
17.700911045074463,172193,2405952,2410724,2408428,11884,0,715,0
17.71624994277954,172193,2414144,2418916,2416620,11888,0,715,0
17.73165988922119,172193,2422336,2427108,2424812,11891,0,716,0
17.747040033340454,172193,2428480,2433252,2430956,11895,0,716,0
17.76294183731079,172193,2434624,2439396,2437100,11898,0,716,0
17.778612852096558,172193,2442816,2447588,2445292,11902,0,716,0
17.794041872024536,172193,2451008,2455780,2453484,11906,0,716,0
17.809417963027954,172193,2459200,2463972,2461676,11910,0,716,0
17.824903964996338,172193,2467392,2472164,2469868,11914,0,716,0
17.840471982955933,172193,2475584,2480356,2478060,11918,0,716,0
17.855856895446777,172193,2483776,2488548,2486252,11922,0,716,0
17.871683835983276,172193,2491968,2496740,2494444,11926,0,717,0
17.8871488571167,172193,2500160,2504932,2502636,11930,0,717,0
17.902631998062134,172193,2508352,2513124,2510828,11933,0,717,0
17.91795802116394,172193,2516544,2521316,2519020,11937,0,717,0
17.93334197998047,172193,2522688,2529508,2525164,11941,0,718,0
17.948771953582764,172193,2530880,2537700,2533356,11945,0,718,0
17.964262008666992,172193,2537540,2542564,2540016,12031,0,718,0
17.979679822921753,172193,2542924,2547940,2545400,13367,0,718,0
17.995357990264893,172193,2548076,2553060,2550552,14662,0,718,0
18.010830879211426,172193,2553400,2558180,2555876,15981,0,718,0
18.02638602256775,172193,2558500,2563428,2560976,17255,0,718,0
18.041915893554688,172193,2559552,2564324,2562028,17580,0,718,0
18.05812096595764,172193,2559552,2564324,2562028,17581,0,718,0
18.07438898086548,172193,2563220,2568164,2565696,18433,0,718,0
18.090190887451172,172193,2566896,2571748,2569372,19413,0,718,0
18.105792999267578,172193,2569664,2574564,2572140,20036,0,718,0
18.12139081954956,172193,2574880,2579812,2577356,21339,0,718,0
18.1369309425354,172193,2580032,2584932,2582508,22678,0,718,0
18.152519941329956,172193,2585448,2590436,2587924,23977,0,718,0
18.168150901794434,172193,2590700,2595684,2593176,25284,0,719,0
18.183878898620605,172193,2596280,2601188,2598756,26686,0,719,0
18.199870824813843,172193,2601600,2606564,2604076,28006,0,719,0
18.21559500694275,172193,2604608,2609380,2607084,28845,0,719,0
18.231760025024414,172193,2609744,2614756,2612220,30036,0,719,0
18.24764394760132,172193,2615108,2620132,2617584,31405,0,719,0
18.263720989227295,172193,2620644,2625636,2623120,32765,0,720,0
18.28009295463562,172193,2625808,2630756,2628284,34038,0,720,0
18.296273946762085,172193,2631232,2636004,2633708,35406,0,720,0
18.312652826309204,172193,2636312,2641252,2638788,36658,0,720,0
18.32888102531433,172193,2641472,2646372,2643948,38007,0,720,0
18.34518003463745,172193,2646764,2651748,2649240,39266,0,720,0
18.36151385307312,172193,2649664,2654436,2652140,40109,0,720,0
18.378232955932617,172193,2654804,2659812,2657280,41273,0,720,0
18.394714832305908,172193,2659904,2664804,2662380,42601,0,720,0
18.411067962646484,172193,2665400,2670308,2667876,43918,0,720,0
18.427356004714966,172193,2668616,2673380,2671092,44847,0,720,0
18.443827867507935,172193,2674004,2679012,2676480,46060,0,720,0
18.46053695678711,172193,2679520,2684516,2681996,47441,0,720,0
18.47709083557129,172193,2684972,2689892,2687448,48813,0,721,0
18.49396586418152,172193,2690632,2695652,2693108,50252,0,721,0
18.51093101501465,172193,2694720,2699492,2697196,51373,0,721,0
18.527926921844482,172193,2699432,2704356,2701908,52407,0,721,0
18.544652938842773,172193,2705000,2709988,2707476,53833,0,721,0
18.56155800819397,172193,2710752,2715748,2713228,55234,0,721,0
18.578462839126587,172193,2716376,2721380,2718852,56636,0,721,0
18.5951988697052,172193,2722144,2727140,2724620,58063,0,722,0
18.612100839614868,172193,2727824,2732772,2730300,59516,0,722,0
18.629220008850098,172193,2733632,2738404,2736108,60936,0,722,0
18.646316051483154,172193,2739120,2744036,2741596,62295,0,722,0
18.663282871246338,172193,2741476,2746468,2743952,62880,0,722,0
18.6805100440979,172193,2747324,2752228,2749800,64337,0,722,0
18.697221040725708,172193,2753008,2757988,2755484,65752,0,722,0
18.71417784690857,172193,2758652,2763492,2761128,67243,0,722,0
18.73116183280945,172193,2764244,2769124,2766720,68565,0,722,0
18.74844193458557,172193,2770112,2775140,2772588,70014,0,722,0
18.765569925308228,172193,2776116,2781028,2778592,71504,0,722,0
18.78293490409851,172193,2782056,2787044,2784532,72983,0,722,0
18.800264835357666,172193,2784832,2789604,2787308,73901,0,723,0
18.817970037460327,172193,2786848,2791524,2789324,74360,0,723,0
18.835566997528076,172193,2792092,2797028,2794568,75484,0,723,0
18.85303497314453,172193,2798112,2803044,2800588,76984,0,723,0
18.870535850524902,172193,2804232,2809188,2806708,78509,0,723,0
18.888243913650513,172193,2810248,2815204,2812724,80045,0,723,0
18.905701875686646,172193,2816212,2821220,2818688,81532,0,724,0
18.923637866973877,172193,2822272,2827236,2824748,83053,0,724,0
18.941256046295166,172193,2828304,2833252,2830780,84557,0,724,0
18.959362983703613,172193,2829888,2834660,2832364,85165,0,724,0
18.97785496711731,172193,2835384,2840292,2837860,86266,0,724,0
18.99592399597168,172193,2841496,2846436,2843972,87784,0,724,0
19.01392889022827,172193,2847660,2852580,2850136,89319,0,724,0
19.03204584121704,172193,2853912,2858852,2856388,90878,0,724,0
19.050200939178467,172193,2860164,2865124,2862640,92443,0,724,0
19.068553924560547,172193,2866492,2871524,2868968,94008,0,724,0
19.08690595626831,172193,2872772,2877668,2875248,95576,0,724,0
19.105093002319336,172193,2875880,2880868,2878356,96429,0,724,0
19.124117851257324,172193,2882332,2887268,2884808,97965,0,725,0
19.142693042755127,172193,2888756,2893796,2891232,99553,0,725,0
19.161167860031128,172193,2895184,2900196,2897660,101158,0,725,0
19.179813861846924,172193,2901568,2906468,2904044,102778,0,725,0
19.19861888885498,172193,2908076,2912996,2910552,104408,0,725,0
19.21737003326416,172193,2914520,2919524,2916996,106020,0,726,0
19.236337900161743,172193,2920004,2924772,2922480,107634,0,726,0
19.255339860916138,172193,2920004,2924772,2922480,107694,0,726,0
19.27425503730774,172193,2924564,2929508,2927040,108514,0,726,0
19.292902946472168,172193,2931084,2936036,2933560,110144,0,726,0
19.311830043792725,172193,2937320,2942308,2939796,111698,0,726,0
19.33077883720398,172193,2943924,2948836,2946400,113325,0,726,0
19.349817991256714,172193,2950504,2955492,2952980,114936,0,726,0
19.368826866149902,172193,2957040,2962020,2959516,116608,0,726,0
19.387898921966553,172193,2963008,2967780,2965484,118279,0,726,0
19.4074809551239,172193,2966664,2971620,2969140,118961,0,726,0
19.426820039749146,172193,2972984,2977764,2975460,120639,0,726,0
19.445982933044434,172193,2979392,2984292,2981868,122144,0,726,0
19.46497392654419,172193,2986012,2990948,2988488,123826,0,727,0
19.48411989212036,172193,2992812,2997732,2995288,125521,0,727,0
19.503427028656006,172193,2999572,3004516,3002048,127170,0,727,0
19.52281904220581,172193,3006016,3010788,3008492,128877,0,727,0
19.54249596595764,172193,3012160,3016932,3014636,130301,0,727,0
19.561907052993774,172193,3018880,3023844,3021356,132012,0,728,0
19.581361055374146,172193,3025828,3030756,3028304,133746,0,728,0
19.6010479927063,172193,3032640,3037540,3035116,135428,0,728,0
19.620702028274536,172193,3039500,3044452,3041976,137148,0,728,0
19.64026188850403,172193,3046540,3051492,3049016,138898,0,728,0
19.660570859909058,172193,3052052,3056996,3054528,140264,0,728,0
19.680922031402588,172193,3059964,3064932,3062440,142244,0,728,0
19.703857898712158,172193,3066920,3071844,3069396,143983,0,728,0
19.72419285774231,172193,3073848,3078884,3076324,145699,0,728,0
19.744690895080566,172193,3081044,3086052,3083520,147488,0,729,0
19.765058040618896,172193,3088048,3092964,3090524,149233,0,729,0
19.785351991653442,172193,3093452,3098468,3095928,150702,0,729,0
19.80593705177307,172193,3100472,3105380,3102948,152336,0,729,0
19.826159954071045,172193,3107716,3112676,3110192,154144,0,729,0
19.84668803215027,172193,3114804,3119716,3117280,155906,0,730,0
19.867164850234985,172193,3122036,3127012,3124512,157710,0,730,0
19.88780689239502,172193,3129216,3134180,3131692,159490,0,730,0
19.908501863479614,172193,3135392,3140324,3137868,161317,0,730,0
19.92928194999695,172193,3142620,3147620,3145096,162843,0,730,0
19.95005702972412,172193,3149840,3154788,3152316,164632,0,730,0
19.97089982032776,172193,3157260,3162212,3159736,166480,0,730,0
19.99179697036743,172193,3164544,3169508,3167020,168292,0,730,0
20.012791872024536,172193,3171904,3176804,3174380,170148,0,730,0
20.03372883796692,172193,3178048,3182820,3180524,171972,0,731,0
20.05495285987854,172193,3178184,3184228,3181732,172206,0,731,0
20.076580047607422,172193,3186572,3191524,3189048,173784,0,731,0
20.09767985343933,172193,3194148,3199076,3196624,175673,0,731,0
20.119004011154175,172193,3201548,3206500,3204024,177514,0,731,0
20.140368938446045,172193,3208916,3213924,3211392,179374,0,731,0
20.16199493408203,172193,3216520,3221476,3218996,181250,0,732,0
20.183377027511597,172193,3223052,3227876,3225580,183118,0,732,0
20.205261945724487,172193,3227912,3232868,3230388,184084,0,732,0
20.227038860321045,172193,3235408,3240420,3237884,185984,0,732,0
20.248558044433594,172193,3242984,3247972,3245460,187834,0,732,0
20.27016592025757,172193,3250524,3255524,3253000,189714,0,732,0
20.291813850402832,172193,3258104,3263076,3260580,191642,0,732,0
20.31363081932068,172193,3265872,3270884,3268348,193537,0,732,0
20.335521936416626,172193,3270208,3275108,3272684,194734,0,732,0
20.35769486427307,172193,3278032,3283044,3280508,196552,0,733,0
20.379905939102173,172193,3285752,3290724,3288228,198487,0,733,0
20.40202283859253,172193,3293368,3298404,3295844,200383,0,733,0
20.42415690422058,172193,3301160,3306084,3303636,202362,0,733,0
20.44651985168457,172193,3309064,3313892,3311540,204296,0,734,0
20.469151973724365,172193,3314560,3319524,3317036,205664,0,734,0
20.491657972335815,172193,3322424,3327460,3324900,207620,0,734,0
20.514150857925415,172193,3330296,3335268,3332772,209582,0,734,0
20.536592960357666,172193,3338168,3343204,3340644,211585,0,734,0
20.559147834777832,172193,3346032,3351012,3348508,213529,0,734,0
20.581902027130127,172193,3354168,3358948,3356644,215527,0,734,0
20.604578018188477,172193,3358748,3363812,3361256,216750,0,734,0
20.627684831619263,172193,3366756,3371748,3369232,218711,0,734,0
20.65053391456604,172193,3374552,3379300,3377028,220927,0,735,0
20.676512002944946,172193,3374552,3379300,3377028,221332,0,735,0
20.699532985687256,172193,3374552,3381604,3377028,221332,0,735,0
20.72237801551819,172193,3382060,3387492,3384536,223164,0,735,0
20.74527382850647,172193,3382744,3387492,3385220,223380,0,735,0
20.768141984939575,172193,3382744,3387492,3385220,223380,0,735,0
20.79151201248169,172193,3382744,3387492,3385220,223380,0,735,0
20.814478874206543,172193,3382744,3387492,3385220,223380,0,735,0
20.837512969970703,172193,3385072,3391588,3387548,223947,0,735,0
20.860476970672607,172193,3390268,3396964,3392744,225234,0,735,0
20.883607864379883,172193,3395196,3401316,3397672,226458,0,735,0
20.906702041625977,172193,3399128,3404388,3401604,227476,0,735,0
20.929924964904785,172193,3402604,3408356,3405080,228345,0,735,0
20.952983856201172,172193,3405336,3412964,3407812,229012,0,736,0
20.97614598274231,172193,3413464,3421028,3415940,231010,0,736,0
20.999876022338867,172193,3421656,3429220,3424132,233043,0,736,0
21.02352786064148,172193,3429848,3437412,3432324,235084,0,736,0
21.047366857528687,172193,3438040,3445732,3440516,237129,0,736,0
21.07117199897766,172193,3441624,3448420,3444612,238228,0,736,0
21.09538698196411,172193,3448880,3456612,3451356,239825,0,736,0
21.118788957595825,172193,3457136,3464804,3459612,241880,0,736,0
21.142432928085327,172193,3465424,3472996,3467900,243950,0,736,0
21.166061878204346,172193,3473548,3481316,3476024,245975,0,737,0
21.189618825912476,172193,3481868,3489636,3484344,248045,0,737,0
21.21378493309021,172193,3487560,3495268,3490036,249492,0,737,0
21.238114833831787,172193,3495936,3503716,3498412,251555,0,737,0
21.262120962142944,172193,3504340,3512036,3506816,253649,0,738,0
21.28623390197754,172193,3512664,3520356,3515140,255727,0,738,0
21.31052803993225,172193,3521000,3528804,3523476,257798,0,738,0
21.3347008228302,172193,3529460,3534948,3532020,259926,0,738,0
21.35929584503174,172193,3535568,3543140,3538044,261428,0,738,0
21.38384699821472,172193,3544112,3551716,3546588,263556,0,738,0
21.408386945724487,172193,3552728,3560420,3555204,265707,0,738,0
21.433073043823242,172193,3561260,3568996,3563736,267875,0,738,0
21.457725048065186,172193,3569784,3577316,3572260,269972,0,739,0
21.482271909713745,172193,3574760,3582052,3577732,271508,0,739,0
21.507653951644897,172193,3583132,3590756,3585608,273289,0,739,0
21.532582998275757,172193,3589592,3594340,3592068,275092,0,739,0
21.55736994743347,172193,3593644,3601124,3596120,275909,0,739,0
21.58186388015747,172193,3602124,3609828,3604600,278057,0,740,0
21.606523036956787,172193,3610812,3618532,3613288,280212,0,740,0
21.631727933883667,172193,3619496,3627108,3621972,282349,0,740,0
21.659677982330322,172193,3628320,3635812,3630796,284551,0,740,0
21.68477201461792,172193,3636944,3644644,3639420,286734,0,740,0
21.710216999053955,172193,3645752,3653476,3648228,288916,0,740,0
21.735371828079224,172193,3654572,3662180,3657048,291094,0,740,0
21.76053285598755,172193,3661272,3666404,3663748,293012,0,740,0
21.786203861236572,172193,3667500,3675236,3669976,294355,0,741,0
21.811277866363525,172193,3676448,3684196,3678924,296579,0,741,0
21.836822986602783,172193,3685416,3693028,3687892,298788,0,741,0
21.86214590072632,172193,3694280,3701988,3696756,301028,0,741,0
21.887579917907715,172193,3703136,3709028,3705676,303252,0,742,0
21.913285970687866,172193,3709292,3716964,3711768,304780,0,742,0
21.93881392478943,172193,3718268,3725796,3720744,306979,0,742,0
21.964298963546753,172193,3727128,3734884,3729604,309216,0,742,0
21.989771842956543,172193,3736192,3743844,3738668,311444,0,742,0
22.015661001205444,172193,3745208,3752420,3747716,313709,0,742,0
22.042106866836548,172193,3753784,3761508,3756260,315865,0,742,0
22.068469047546387,172193,3762932,3770468,3765408,318104,0,742,0
22.094647884368896,172193,3771864,3779556,3774340,320371,0,743,0
22.120659828186035,172193,3781088,3788772,3783564,322665,0,743,0
22.14702582359314,172193,3790296,3795044,3792772,324955,0,743,0
22.174386024475098,172193,3796320,3803876,3798796,326428,0,743,0
22.20106792449951,172193,3805472,3813220,3807948,328746,0,744,0
22.22770595550537,172193,3814768,3822436,3817244,331029,0,744,0
22.254832983016968,172193,3824100,3831780,3826576,333389,0,744,0
22.281604051589966,172193,3833304,3840228,3835780,335695,0,744,0
22.30817198753357,172193,3841880,3849572,3844356,337828,0,744,0
22.3348228931427,172193,3851200,3858788,3853676,340116,0,744,0
22.361330032348633,172193,3860424,3868132,3862900,342447,0,744,0
22.38788604736328,172193,3869720,3877220,3872196,344732,0,745,0
22.41449999809265,172193,3877996,3885540,3880472,346794,0,745,0
22.44139289855957,172193,3886196,3893732,3888672,348868,0,745,0
22.46879482269287,172193,3895560,3903204,3898036,351222,0,746,0
22.49583601951599,172193,3904992,3912804,3907468,353538,0,746,0
22.523262977600098,172193,3914696,3922276,3917172,355961,0,746,0
22.55083203315735,172193,3922100,3929340,3924576,357525,0,746,0
22.578661918640137,172193,3930460,3938172,3932936,359407,0,746,0
22.606238842010498,172193,3939528,3947132,3942004,361628,0,746,0
22.633625030517578,172193,3948304,3956092,3950780,363830,0,746,0
22.66256284713745,172193,3958208,3965820,3960684,366261,0,746,0
22.6906099319458,172193,3967864,3975420,3970340,368728,0,747,0
22.718749046325684,172193,3977532,3985276,3980008,371115,0,747,0
22.746870040893555,172193,3987256,3995004,3989732,373541,0,747,0
22.77492094039917,172193,3997124,4004732,3999600,375966,0,748,0
22.80309796333313,172193,4006988,4014588,4009464,378463,0,748,0
22.831423044204712,172193,4013352,4020860,4015828,380053,0,748,0
22.860107898712158,172193,4023204,4030844,4025680,382497,0,748,0
22.88860583305359,172193,4033020,4040828,4035496,384958,0,748,0
22.91687297821045,172193,4042796,4050428,4045272,387429,0,748,0
22.94507384300232,172193,4052620,4059260,4055096,389837,0,748,0
22.973850965499878,172193,4056984,4064764,4059460,390940,0,748,0
23.00284504890442,172193,4066904,4074620,4069380,393400,0,749,0
23.031378984451294,172193,4076924,4084476,4079400,395897,0,749,0
23.06015396118164,172193,4086912,4094460,4089388,398404,0,749,0
23.089179039001465,172193,4096192,4103932,4098668,400708,0,750,0
23.118000030517578,172193,4102304,4110076,4104780,402227,0,750,0
23.147238969802856,172193,4112348,4120188,4114824,404740,0,750,0
23.17611289024353,172193,4122484,4130300,4124960,407255,0,750,0
23.20516800880432,172193,4132520,4140156,4134996,409783,0,750,0
23.233698844909668,172193,4142616,4149372,4145092,412307,0,750,0
23.26310086250305,172193,4150692,4158332,4153168,414282,0,750,0
23.292912006378174,172193,4160776,4168316,4163252,416847,0,751,0
23.321796894073486,172193,4170980,4178556,4173456,419342,0,751,0
23.35111904144287,172193,4181172,4188796,4183648,421886,0,751,0
23.380530834197998,172193,4189656,4197372,4192132,424085,0,751,0
23.410202980041504,172193,4199896,4207484,4202372,426560,0,752,0
23.43971300125122,172193,4210160,4217980,4212636,429151,0,752,0
23.469483852386475,172193,4220376,4228220,4222852,431734,0,752,0
23.499862909317017,172193,4230616,4237436,4233092,434303,0,752,0
23.52939200401306,172193,4240260,4247804,4242736,436653,0,752,0
23.559778928756714,172193,4250908,4258556,4253384,439222,0,752,0
23.591930866241455,172193,4261260,4268796,4263736,441868,0,753,0
23.621846914291382,172193,4271576,4278396,4274052,444457,0,753,0
23.65124201774597,172193,4279240,4286588,4281716,445951,0,753,0
23.680722951889038,172193,4288584,4296316,4291060,448256,0,753,0
23.710726022720337,172193,4298172,4305916,4300680,450821,0,754,0
23.74052882194519,172193,4308628,4316284,4311104,453229,0,754,0
23.77004599571228,172193,4319044,4325500,4321520,455821,0,754,0
23.799561023712158,172193,4328376,4335868,4330852,458112,0,754,0
23.82890295982361,172193,4338896,4346492,4341372,460740,0,754,0
23.858389854431152,172193,4349400,4356988,4351876,463377,0,754,0
23.888031005859375,172193,4359932,4367740,4362408,466007,0,755,0
23.91827702522278,172193,4367776,4375292,4370252,468119,0,755,0
23.948336839675903,172193,4378288,4385916,4380764,470597,0,755,0
23.978351831436157,172193,4388812,4396540,4391288,473221,0,756,0
24.0084969997406,172193,4399448,4407164,4401924,475840,0,756,0
24.0383780002594,172193,4409460,4417148,4411936,478504,0,756,0
24.068510055541992,172193,4420200,4427900,4422676,481018,0,756,0
24.098590850830078,172193,4430824,4438268,4433300,483657,0,756,0
24.129295825958252,172193,4441460,4449020,4443936,486315,0,756,0
24.159374952316284,172193,4451092,4458620,4453568,489016,0,756,0
24.189795970916748,172193,4461936,4469500,4464412,491420,0,757,0
24.220106840133667,172193,4472712,4480380,4475188,494141,0,757,0
24.250426054000854,172193,4483320,4491004,4485796,496817,0,757,0
24.280869007110596,172193,4492896,4499708,4495372,499495,0,758,0
24.311983823776245,172193,4503096,4510716,4505572,501670,0,758,0
24.342747926712036,172193,4513956,4521596,4516432,504426,0,758,0
24.373546838760376,172193,4524876,4532476,4527352,507127,0,758,0
24.404181003570557,172193,4535888,4542460,4538368,509863,0,758,0
24.435202836990356,172193,4545760,4553340,4548236,512326,0,758,0
24.465917825698853,172193,4556656,4564348,4559132,515083,0,759,0
24.49694299697876,172193,4567540,4575228,4570016,517828,0,759,0
24.52881693840027,172193,4578684,4585724,4581160,520535,0,759,0
24.561226844787598,172193,4589096,4596732,4591572,523140,0,760,0
24.592310905456543,172193,4600124,4607868,4602600,525928,0,760,0
24.62379503250122,172193,4611296,4618876,4613772,528682,0,760,0
24.65491795539856,172193,4622152,4628860,4624644,531472,0,760,0
24.68648099899292,172193,4632428,4639996,4634904,533942,0,760,0
24.717851877212524,172193,4643560,4651260,4646036,536748,0,760,0
24.749560832977295,172193,4654904,4662268,4657380,539551,0,761,0
24.78102993965149,172193,4665264,4672124,4667740,542320,0,761,0
24.81270694732666,172193,4675840,4683516,4678316,544804,0,761,0
24.84439182281494,172193,4682848,4687612,4685324,547385,0,761,0
24.87645983695984,172193,4682848,4687612,4685324,547385,0,761,0
24.908217906951904,172193,4682848,4687612,4685324,547385,0,761,0
24.93990182876587,172193,4682848,4687612,4685324,547385,0,761,0
24.97179388999939,172193,4682848,4687612,4685324,547385,0,761,0
25.00353193283081,172193,4682848,4687612,4685324,547385,0,761,0
25.03536295890808,172193,4682848,4687612,4685324,547385,0,761,0
25.067163944244385,172193,4682848,4687612,4685324,547385,0,761,0
25.0989248752594,172193,4682848,4687612,4685324,547385,0,761,0
25.130982875823975,172193,4682848,4687612,4685324,547385,0,761,0
25.163350820541382,172193,4682848,4687612,4685324,547385,0,761,0
25.195487022399902,172193,4682848,4687612,4685324,547385,0,761,0
25.22764492034912,172193,4682848,4687612,4685324,547385,0,761,0
25.259552001953125,172193,4682848,4687612,4685324,547385,0,761,0
25.291533946990967,172193,4682848,4687612,4685324,547385,0,761,0
25.32345485687256,172193,4682848,4687612,4685324,547385,0,761,0
25.355562925338745,172193,4682848,4687612,4685324,547385,0,761,0
25.38788890838623,172193,4682848,4687612,4685324,547385,0,761,0
25.41998600959778,172193,4682848,4687612,4685324,547385,0,761,0
25.45205593109131,172193,4682848,4687612,4685324,547385,0,761,0
25.48417592048645,172193,4682848,4687612,4685324,547385,0,761,0
25.516137838363647,172193,4682848,4687612,4685324,547385,0,761,0
25.54952096939087,172193,4682848,4687612,4685324,547385,0,761,0
25.582451820373535,172193,4682848,4687612,4685324,547385,0,761,0
25.615129947662354,172193,4682848,4687612,4685324,547385,0,761,0
25.648006916046143,172193,4682848,4687612,4685324,547385,0,761,0
25.680064916610718,172193,4682848,4687612,4685324,547385,0,761,0
25.712363958358765,172193,4682848,4687612,4685324,547385,0,761,0
25.74549889564514,172193,4682848,4687612,4685324,547385,0,761,0
25.77857804298401,172193,4682848,4687612,4685324,547385,0,761,0
25.810603857040405,172193,4682848,4687612,4685324,547385,0,761,0
25.84266686439514,172193,4682848,4687612,4685324,547385,0,761,0
25.874582052230835,172193,4682848,4687612,4685324,547385,0,761,0
25.906564950942993,172193,4682848,4687612,4685324,547385,0,761,0
25.938551902770996,172193,4682848,4687612,4685324,547385,0,761,0
25.9705810546875,172193,4682848,4687612,4685324,547385,0,761,0
26.002864837646484,172193,4682848,4687612,4685324,547385,0,761,0
26.03492784500122,172193,4682848,4687612,4685324,547385,0,761,0
26.06698989868164,172193,4682848,4687612,4685324,547385,0,761,0
26.098965883255005,172193,4682848,4687612,4685324,547385,0,761,0
26.130966901779175,172193,4682848,4687612,4685324,547385,0,761,0
26.162983894348145,172193,4682848,4687612,4685324,547385,0,761,0
26.19532585144043,172193,4682848,4687612,4685324,547385,0,761,0
26.227572917938232,172193,4682848,4687612,4685324,547385,0,761,0
26.260565996170044,172193,4682848,4687612,4685324,547385,0,761,0
26.293486833572388,172193,4682848,4687612,4685324,547385,0,761,0
26.3264000415802,172193,4682848,4687612,4685324,547385,0,761,0
26.358574867248535,172193,4682848,4687612,4685324,547385,0,761,0
26.390971899032593,172193,4682848,4687612,4685324,547385,0,761,0
26.423424005508423,172193,4682848,4687612,4685324,547385,0,761,0
26.456018924713135,172193,4682848,4687612,4685324,547385,0,761,0
26.48800301551819,172193,4682848,4687612,4685324,547385,0,761,0
26.52308201789856,172193,4682848,4687612,4685324,547385,0,761,0
26.55578589439392,172193,4682848,4687612,4685324,547385,0,761,0
26.58803701400757,172193,4682848,4687612,4685324,547385,0,761,0
26.621453046798706,172193,4682848,4687612,4685324,547385,0,761,0
26.654505014419556,172193,4682848,4687612,4685324,547385,0,761,0
26.687562942504883,172193,4682848,4687612,4685324,547385,0,761,0
26.720515966415405,172193,4682848,4687612,4685324,547385,0,761,0
26.752596855163574,172193,4682848,4687612,4685324,547385,0,761,0
26.785485982894897,172193,4682848,4687612,4685324,547385,0,761,0
26.81809687614441,172193,4682848,4687612,4685324,547385,0,761,0
26.850987911224365,172193,4682848,4687612,4685324,547385,0,761,0
26.88399386405945,172193,4682848,4687612,4685324,547385,0,761,0
26.915994882583618,172193,4682848,4687612,4685324,547385,0,761,0
26.948736906051636,172193,4682848,4687612,4685324,547385,0,761,0
26.980885982513428,172193,4682848,4687612,4685324,547385,0,761,0
27.013975858688354,172193,4682848,4687612,4685324,547385,0,761,0
27.046583890914917,172193,4682848,4687612,4685324,547385,0,761,0
27.078974962234497,172193,4682848,4687612,4685324,547385,0,761,0
27.11097502708435,172193,4682848,4687612,4685324,547385,0,761,0
27.14298701286316,172193,4682848,4687612,4685324,547385,0,761,0
27.17496395111084,172193,4682848,4687612,4685324,547385,0,761,0
27.207897901535034,172193,4682848,4687612,4685324,547385,0,761,0
27.240999937057495,172193,4682848,4687612,4685324,547385,0,761,0
27.27269196510315,172193,4682848,4687612,4685324,547385,0,761,0
27.304977893829346,172193,4682848,4687612,4685324,547385,0,761,0
27.33698797225952,172193,4682848,4687612,4685324,547385,0,761,0
27.368988037109375,172193,4682848,4687612,4685324,547385,0,761,0
27.40188503265381,172193,4682848,4687612,4685324,547385,0,761,0
27.433995962142944,172193,4682848,4687612,4685324,547385,0,761,0
27.466933012008667,172193,4682848,4687612,4685324,547385,0,761,0
27.50198197364807,172193,4682848,4687612,4685324,547385,0,761,0
27.53411102294922,172193,4682848,4687612,4685324,547385,0,761,0
27.567015886306763,172193,4682848,4687612,4685324,547385,0,761,0
27.59999990463257,172193,4682848,4687612,4685324,547385,0,761,0
27.632352828979492,172193,4682848,4687612,4685324,547385,0,761,0
27.6658878326416,172193,4682848,4687612,4685324,547385,0,761,0
27.698271989822388,172193,4682848,4687612,4685324,547385,0,761,0
27.73070192337036,172193,4682848,4687612,4685324,547385,0,761,0
27.763713836669922,172193,4682848,4687612,4685324,547385,0,761,0
27.796576976776123,172193,4682848,4687612,4685324,547385,0,761,0
27.829455852508545,172193,4682848,4687612,4685324,547385,0,761,0
27.862056016921997,172193,4682848,4687612,4685324,547385,0,761,0
27.895057916641235,172193,4682848,4687612,4685324,547385,0,761,0
27.9273738861084,172193,4682848,4687612,4685324,547385,0,761,0
27.959970951080322,172193,4682848,4687612,4685324,547385,0,761,0
27.992910861968994,172193,4682848,4687612,4685324,547385,0,761,0
28.024909019470215,172193,4682848,4687612,4685324,547385,0,761,0
28.057353973388672,172193,4682848,4687612,4685324,547385,0,761,0
28.089536905288696,172193,4682848,4687612,4685324,547385,0,761,0
28.122089862823486,172193,4682848,4687612,4685324,547385,0,761,0
28.154358863830566,172193,4682848,4687612,4685324,547385,0,761,0
28.1873779296875,172193,4682848,4687612,4685324,547385,0,761,0
28.220561981201172,172193,4682848,4687612,4685324,547385,0,761,0
28.252725839614868,172193,4682848,4687612,4685324,547385,0,761,0
28.285567045211792,172193,4682848,4687612,4685324,547385,0,761,0
28.318378925323486,172193,4682848,4687612,4685324,547385,0,761,0
28.350491046905518,172193,4682848,4687612,4685324,547385,0,761,0
28.383573055267334,172193,4682848,4687612,4685324,547385,0,761,0
28.416599988937378,172193,4682848,4687612,4685324,547385,0,761,0
28.451992988586426,172193,4682848,4687612,4685324,547385,0,761,0
28.484067916870117,172193,4682848,4687612,4685324,547385,0,761,0
28.51599884033203,172193,4682848,4687612,4685324,547385,0,761,0
28.548020839691162,172193,4682848,4687612,4685324,547385,0,761,0
28.579992055892944,172193,4682848,4687612,4685324,547385,0,761,0
28.611974954605103,172193,4682848,4687612,4685324,547385,0,761,0
28.643967866897583,172193,4682848,4687612,4685324,547385,0,761,0
28.675963878631592,172193,4682848,4687612,4685324,547385,0,761,0
28.707989931106567,172193,4682848,4687612,4685324,547385,0,761,0
28.740917921066284,172193,4682848,4687612,4685324,547385,0,761,0
28.772565841674805,172193,4682848,4687612,4685324,547385,0,761,0
28.804576873779297,172193,4682848,4687612,4685324,547385,0,761,0
28.836575031280518,172193,4682848,4687612,4685324,547385,0,761,0
28.868616819381714,172193,4682848,4687612,4685324,547385,0,761,0
28.90075397491455,172193,4682848,4687612,4685324,547385,0,761,0
28.932886838912964,172193,4682848,4687612,4685324,547385,0,761,0
28.964799880981445,172193,4682848,4687612,4685324,547385,0,761,0
28.997545957565308,172193,4682848,4687612,4685324,547385,0,761,0
29.030114889144897,172193,4682848,4687612,4685324,547385,0,761,0
29.063063859939575,172193,4682848,4687612,4685324,547385,0,761,0
29.095387935638428,172193,4682848,4687612,4685324,547385,0,761,0
29.128854036331177,172193,4682848,4687612,4685324,547385,0,761,0
29.16177201271057,172193,4682888,4687612,4685364,547385,0,761,0
29.193930864334106,172193,4682952,4687612,4685428,547411,0,761,0
29.226820945739746,172193,4682952,4687612,4685428,547411,0,761,0
29.258870840072632,172193,4685000,4689660,4687476,547411,0,761,0
29.2916898727417,172193,4685000,4689660,4687476,547923,0,761,0
29.32433795928955,172193,4685000,4689660,4687476,547923,0,761,0
29.357127904891968,172193,4685000,4689660,4687476,547923,0,761,0
29.38936996459961,172193,4685000,4689660,4687476,547923,0,761,0
29.422480821609497,172193,4685000,4689660,4687476,547923,0,761,0
29.45479989051819,172193,4685000,4689660,4687476,547923,0,761,0
29.487653970718384,172193,4685000,4689660,4687476,547923,0,761,0
29.519896984100342,172193,4685000,4689660,4687476,547923,0,761,0
29.552685976028442,172193,4685000,4689660,4687476,547923,0,761,0
29.584547996520996,172193,4685000,4689660,4687476,547923,0,761,0
29.61746883392334,172193,4685000,4689660,4687476,547923,0,761,0
29.649637937545776,172193,4685000,4689660,4687476,547923,0,761,0
29.6821608543396,172193,4685000,4689660,4687476,547923,0,761,0
29.714234828948975,172193,4685000,4689660,4687476,547923,0,761,0
29.747791051864624,172193,4685000,4689660,4687476,547923,0,761,0
29.779937982559204,172193,4685000,4689660,4687476,547923,0,761,0
29.81188201904297,172193,4685000,4689660,4687476,547923,0,761,0
29.844857931137085,172193,4685000,4689660,4687476,547923,0,761,0
29.876839876174927,172193,4685000,4689660,4687476,547923,0,761,0
29.90894889831543,172193,4685000,4689660,4687476,547923,0,761,0
29.941166877746582,172193,4685000,4689660,4687476,547923,0,761,0
29.97323203086853,172193,4685000,4689660,4687476,547923,0,761,0
30.00528883934021,172193,4685000,4689660,4687476,547923,0,761,0
30.037328958511353,172193,4685000,4689660,4687476,547923,0,761,0
30.06953001022339,172193,4685000,4689660,4687476,547923,0,761,0
30.10157084465027,172193,4685000,4689660,4687476,547923,0,761,0
30.133579969406128,172193,4685000,4689660,4687476,547923,0,761,0
30.166144847869873,172193,4685000,4689660,4687476,547923,0,761,0
30.198145866394043,172193,4685000,4689660,4687476,547923,0,761,0
30.230111837387085,172193,4685000,4689660,4687476,547923,0,761,0
30.262202978134155,172193,4685000,4689660,4687476,547923,0,761,0
30.294245958328247,172193,4685000,4689660,4687476,547923,0,761,0
30.326181888580322,172193,4685000,4689660,4687476,547923,0,761,0
30.358532905578613,172193,4685000,4689660,4687476,547923,0,761,0
30.391235828399658,172193,4685000,4689660,4687476,547923,0,761,0
30.423351049423218,172193,4685000,4689660,4687476,547923,0,761,0
30.45570182800293,172193,4685000,4689660,4687476,547923,0,761,0
30.48858904838562,172193,4685000,4689660,4687476,547923,0,761,0
30.521549940109253,172193,4685000,4689660,4687476,547923,0,761,0
30.55461597442627,172193,4685000,4689660,4687476,547923,0,761,0
30.587662935256958,172193,4685000,4689660,4687476,547923,0,761,0
30.62046790122986,172193,4685000,4689660,4687476,547923,0,761,0
30.65284490585327,172193,4685000,4689660,4687476,547923,0,761,0
30.68559694290161,172193,4685000,4689660,4687476,547923,0,761,0
30.71821689605713,172193,4685000,4689660,4687476,547923,0,761,0
30.75085997581482,172193,4685000,4689660,4687476,547923,0,761,0
30.783474922180176,172193,4685000,4689660,4687476,547923,0,761,0
30.815440893173218,172193,4685000,4689660,4687476,547923,0,761,0
30.84715986251831,172193,4685000,4689660,4687476,547923,0,761,0
30.878816843032837,172193,4685000,4689660,4687476,547923,0,761,0
30.911213874816895,172193,4685000,4689660,4687476,547923,0,761,0
30.943120002746582,172193,4685000,4689660,4687476,547923,0,761,0
30.97623085975647,172193,4685000,4689660,4687476,547923,0,761,0
31.009140014648438,172193,4685000,4689660,4687476,547923,0,761,0
31.041854858398438,172193,4685000,4689660,4687476,547923,0,761,0
31.074887990951538,172193,4685000,4689660,4687476,547923,0,761,0
31.107775926589966,172193,4685000,4689660,4687476,547923,0,761,0
31.140638828277588,172193,4685000,4689660,4687476,547923,0,761,0
31.173560857772827,172193,4685000,4689660,4687476,547923,0,761,0
31.20601797103882,172193,4685000,4689660,4687476,547923,0,761,0
31.237722873687744,172193,4685000,4689660,4687476,547923,0,761,0
31.26947784423828,172193,4685000,4689660,4687476,547923,0,761,0
31.300904035568237,172193,4685000,4689660,4687476,547923,0,761,0
31.332655906677246,172193,4685000,4689660,4687476,547923,0,761,0
31.365962028503418,172193,4685000,4689660,4687476,547923,0,761,0
31.398560047149658,172193,4685000,4689660,4687476,547923,0,761,0
31.43137001991272,172193,4685000,4689660,4687476,547923,0,761,0
31.463966846466064,172193,4685000,4689660,4687476,547923,0,761,0
31.49681282043457,172193,4685000,4689660,4687476,547923,0,761,0
31.52894902229309,172193,4685000,4689660,4687476,547923,0,761,0
31.56147599220276,172193,4685000,4689660,4687476,547923,0,761,0
31.594810009002686,172193,4685000,4689660,4687476,547923,0,761,0
31.627776861190796,172193,4685000,4689660,4687476,547923,0,761,0
31.660640954971313,172193,4685000,4689660,4687476,547923,0,761,0
31.693562030792236,172193,4685000,4689660,4687476,547923,0,761,0
31.72646403312683,172193,4685000,4689660,4687476,547923,0,761,0
31.759387969970703,172193,4685000,4689660,4687476,547923,0,761,0
31.792325973510742,172193,4685000,4689660,4687476,547923,0,761,0
31.825237035751343,172193,4685000,4689660,4687476,547923,0,761,0
31.857462882995605,172193,4685000,4689660,4687476,547923,0,761,0
31.890367031097412,172193,4685000,4689660,4687476,547923,0,761,0
31.922842025756836,172193,4685000,4689660,4687476,547923,0,761,0
31.95569896697998,172193,4685000,4689660,4687476,547923,0,761,0
31.98835802078247,172193,4685000,4689660,4687476,547923,0,761,0
32.021623849868774,172193,4685000,4689660,4687476,547923,0,761,0
32.05392599105835,172193,4685000,4689660,4687476,547923,0,761,0
32.086241006851196,172193,4685000,4689660,4687476,547923,0,761,0
32.118592977523804,172193,4685000,4689660,4687476,547923,0,761,0
32.1513888835907,172193,4685000,4689660,4687476,547923,0,761,0
32.18438100814819,172193,4685000,4689660,4687476,547923,0,761,0
32.21750283241272,172193,4685000,4689660,4687476,547923,0,761,0
32.25066089630127,172193,4685000,4689660,4687476,547923,0,761,0
32.28343391418457,172193,4685000,4689660,4687476,547923,0,761,0
32.31629800796509,172193,4685000,4689660,4687476,547923,0,761,0
32.349534034729004,172193,4685000,4689660,4687476,547923,0,761,0
32.38162302970886,172193,4685000,4689660,4687476,547923,0,761,0
32.41457796096802,172193,4685000,4689660,4687476,547923,0,761,0
32.44784688949585,172193,4685000,4689660,4687476,547923,0,761,0
32.48072385787964,172193,4685000,4689660,4687476,547923,0,761,0
32.5131049156189,172193,4685000,4689660,4687476,547923,0,761,0
32.54534101486206,172193,4685000,4689660,4687476,547923,0,761,0
32.57775592803955,172193,4685000,4689660,4687476,547923,0,761,0
32.61056995391846,172193,4685000,4689660,4687476,547923,0,761,0
32.64313888549805,172193,4685000,4689660,4687476,547923,0,761,0
32.67593288421631,172193,4685000,4689660,4687476,547923,0,761,0
32.70823693275452,172193,4685000,4689660,4687476,547923,0,761,0
32.74106502532959,172193,4685000,4689660,4687476,547923,0,761,0
32.77315592765808,172193,4685000,4689660,4687476,547923,0,761,0
32.805280923843384,172193,4685000,4689660,4687476,547923,0,761,0
32.838167905807495,172193,4685000,4689660,4687476,547923,0,761,0
32.87086200714111,172193,4685000,4689660,4687476,547923,0,761,0
32.90379095077515,172193,4685000,4689660,4687476,547923,0,761,0
32.93602705001831,172193,4685000,4689660,4687476,547923,0,761,0
32.96879482269287,172193,4685000,4689660,4687476,547923,0,761,0
33.00106883049011,172193,4685000,4689660,4687476,547923,0,761,0
33.03389596939087,172193,4685000,4689660,4687476,547923,0,761,0
33.06654596328735,172193,4685000,4689660,4687476,547923,0,761,0
33.099231004714966,172193,4685000,4689660,4687476,547923,0,761,0
33.13209104537964,172193,4685000,4689660,4687476,547923,0,761,0
33.164429903030396,172193,4685000,4689660,4687476,547923,0,761,0
33.19740104675293,172193,4685000,4689660,4687476,547923,0,761,0
33.22990298271179,172193,4685000,4689660,4687476,547923,0,761,0
33.26298999786377,172193,4685000,4689660,4687476,547923,0,761,0
33.29591989517212,172193,4685000,4689660,4687476,547923,0,761,0
33.3286018371582,172193,4685000,4689660,4687476,547923,0,761,0
33.36098599433899,172193,4685000,4689660,4687476,547923,0,761,0
33.393879890441895,172193,4685000,4689660,4687476,547923,0,761,0
33.42662000656128,172193,4685000,4689660,4687476,547923,0,761,0
33.45857095718384,172193,4685000,4689660,4687476,547923,0,761,0
33.49202299118042,172193,4685000,4689660,4687476,547923,0,761,0
33.524027824401855,172193,4685000,4689660,4687476,547923,0,761,0
33.55702590942383,172193,4685000,4689660,4687476,547923,0,761,0
33.58901596069336,172193,4685000,4689660,4687476,547923,0,761,0
33.62099599838257,172193,4685000,4689660,4687476,547923,0,761,0
33.65298390388489,172193,4685000,4689660,4687476,547923,0,761,0
33.68557286262512,172193,4685000,4689660,4687476,547923,0,761,0
33.71787691116333,172193,4685000,4689660,4687476,547923,0,761,0
33.750097036361694,172193,4685000,4689660,4687476,547923,0,761,0
33.782105922698975,172193,4685000,4689660,4687476,547923,0,761,0
33.814451932907104,172193,4685000,4689660,4687476,547923,0,761,0
33.84661102294922,172193,4685000,4689660,4687476,547923,0,761,0
33.87867093086243,172193,4685000,4689660,4687476,547923,0,761,0
33.910987854003906,172193,4685000,4689660,4687476,547923,0,761,0
33.943055868148804,172193,4685000,4689660,4687476,547923,0,761,0
33.97536492347717,172193,4685000,4689660,4687476,547923,0,761,0
34.00767803192139,172193,4685000,4689660,4687476,547923,0,761,0
34.03999185562134,172193,4685000,4689660,4687476,547923,0,761,0
34.07211399078369,172193,4685000,4689660,4687476,547923,0,761,0
34.10489201545715,172193,4685000,4689660,4687476,547923,0,761,0
34.13704991340637,172193,4685000,4689660,4687476,547923,0,761,0
34.168983936309814,172193,4685000,4689660,4687476,547923,0,761,0
34.201119899749756,172193,4685000,4689660,4687476,547923,0,761,0
34.23351502418518,172193,4685000,4689660,4687476,547923,0,761,0
34.26631283760071,172193,4685000,4689660,4687476,547923,0,761,0
34.302018880844116,172193,4685000,4689660,4687476,547923,0,761,0
34.33499002456665,172193,4685000,4689660,4687476,547923,0,761,0
34.367974042892456,172193,4685000,4689660,4687476,547923,0,761,0
34.40036392211914,172193,4685000,4689660,4687476,547923,0,761,0
34.43253993988037,172193,4685000,4689660,4687476,547923,0,761,0
34.4655339717865,172193,4685000,4689660,4687476,547923,0,761,0
34.498525857925415,172193,4685000,4689660,4687476,547923,0,761,0
34.53199791908264,172193,4685000,4689660,4687476,547923,0,761,0
34.5649139881134,172193,4685000,4689660,4687476,547923,0,761,0
34.60299801826477,172193,4685000,4689660,4687476,547923,0,761,0
34.63574695587158,172193,4685000,4689660,4687476,547923,0,761,0
34.668890953063965,172193,4685000,4689660,4687476,547923,0,761,0
34.7015700340271,172193,4685000,4689660,4687476,547923,0,761,0
34.73499894142151,172193,4685000,4689660,4687476,547923,0,761,0
34.76798391342163,172193,4685000,4689660,4687476,547923,0,761,0
34.800734996795654,172193,4685000,4689660,4687476,547923,0,761,0
34.83361792564392,172193,4685000,4689660,4687476,547923,0,761,0
34.86635899543762,172193,4685000,4689660,4687476,547923,0,761,0
34.89939284324646,172193,4685000,4689660,4687476,547923,0,761,0
34.93211102485657,172193,4685000,4689660,4687476,547923,0,761,0
34.96495294570923,172193,4685000,4689660,4687476,547923,0,761,0
34.99698996543884,172193,4685000,4689660,4687476,547923,0,761,0
35.029067039489746,172193,4685000,4689660,4687476,547923,0,761,0
35.06137204170227,172193,4685000,4689660,4687476,547923,0,761,0
35.09355282783508,172193,4685000,4689660,4687476,547923,0,761,0
35.125587940216064,172193,4685000,4689660,4687476,547923,0,761,0
35.15834403038025,172193,4685000,4689660,4687476,547923,0,761,0
35.19105792045593,172193,4685000,4689660,4687476,547923,0,761,0
35.22398495674133,172193,4685000,4689660,4687476,547923,0,761,0
35.25954604148865,172193,4685000,4689660,4687476,547923,0,761,0
35.2925169467926,172193,4685000,4689660,4687476,547923,0,761,0
35.325477838516235,172193,4685000,4689660,4687476,547923,0,761,0
35.358656883239746,172193,4685000,4689660,4687476,547923,0,761,0
35.39097285270691,172193,4685000,4689660,4687476,547923,0,761,0
35.42299199104309,172193,4685000,4689660,4687476,547923,0,761,0
35.455973863601685,172193,4685000,4689660,4687476,547923,0,761,0
35.488033056259155,172193,4685000,4689660,4687476,547923,0,761,0
35.5209538936615,172193,4685000,4689660,4687476,547923,0,761,0
35.55408596992493,172193,4685000,4689660,4687476,547923,0,761,0
35.586567878723145,172193,4685000,4689660,4687476,547923,0,761,0
35.6195809841156,172193,4685000,4689660,4687476,547923,0,761,0
35.65155386924744,172193,4685000,4689660,4687476,547923,0,761,0
35.68460988998413,172193,4685000,4689660,4687476,547923,0,761,0
35.71738004684448,172193,4685000,4689660,4687476,547923,0,761,0
35.74943995475769,172193,4685000,4689660,4687476,547923,0,761,0
35.78294396400452,172193,4685000,4689660,4687476,547923,0,761,0
35.81492805480957,172193,4685000,4689660,4687476,547923,0,761,0
35.84758496284485,172193,4685000,4689660,4687476,547923,0,761,0
35.87999391555786,172193,4685000,4689660,4687476,547923,0,761,0
35.91289782524109,172193,4685000,4689660,4687476,547923,0,761,0
35.94575095176697,172193,4685000,4689660,4687476,547923,0,761,0
35.97899389266968,172193,4685000,4689660,4687476,547923,0,761,0
36.01191687583923,172193,4685000,4689660,4687476,547923,0,761,0
36.044360876083374,172193,4685000,4689660,4687476,547923,0,761,0
36.07654690742493,172193,4685000,4689660,4687476,547923,0,761,0
36.10959982872009,172193,4685000,4689660,4687476,547923,0,761,0
36.14255094528198,172193,4685000,4689660,4687476,547923,0,761,0
36.17529892921448,172193,4685000,4689660,4687476,547923,0,761,0
36.20699381828308,172193,4685000,4689660,4687476,547923,0,761,0
36.2427179813385,172193,4685000,4689660,4687476,547923,0,761,0
36.27556800842285,172193,4685000,4689660,4687476,547923,0,761,0
36.30843496322632,172193,4685000,4689660,4687476,547923,0,761,0
36.340538024902344,172193,4685000,4689660,4687476,547923,0,761,0
36.37348198890686,172193,4685000,4689660,4687476,547923,0,761,0
36.40697383880615,172193,4685000,4689660,4687476,547923,0,761,0
36.43898391723633,172193,4685000,4689660,4687476,547923,0,761,0
36.47203588485718,172193,4685000,4689660,4687476,547923,0,761,0
36.50491690635681,172193,4685000,4689660,4687476,547923,0,761,0
36.53689694404602,172193,4685000,4689660,4687476,547923,0,761,0
36.569912910461426,172193,4685000,4689660,4687476,547923,0,761,0
36.60338091850281,172193,4685000,4689660,4687476,547923,0,761,0
36.636492013931274,172193,4685000,4689660,4687476,547923,0,761,0
36.669360876083374,172193,4685000,4689660,4687476,547923,0,761,0
36.70250391960144,172193,4685000,4689660,4687476,547923,0,761,0
36.735556840896606,172193,4685000,4689660,4687476,547923,0,761,0
36.768017053604126,172193,4685000,4689660,4687476,547923,0,761,0
36.801316022872925,172193,4685000,4689660,4687476,547923,0,761,0
36.833575963974,172193,4685000,4689660,4687476,547923,0,761,0
36.865869998931885,172193,4685000,4689660,4687476,547923,0,761,0
36.8980929851532,172193,4685000,4689660,4687476,547923,0,761,0
36.930508852005005,172193,4685000,4689660,4687476,547923,0,761,0
36.96257996559143,172193,4685000,4689660,4687476,547923,0,761,0
36.994879961013794,172193,4685000,4689660,4687476,547923,0,761,0
37.027587890625,172193,4685000,4689660,4687476,547923,0,761,0
37.05974984169006,172193,4685000,4689660,4687476,547923,0,761,0
37.09190487861633,172193,4685000,4689660,4687476,547923,0,761,0
37.12408399581909,172193,4685000,4689660,4687476,547923,0,761,0
37.1563458442688,172193,4685000,4689660,4687476,547923,0,761,0
37.18856382369995,172193,4685000,4689660,4687476,547923,0,761,0
37.223572969436646,172193,4685000,4689660,4687476,547923,0,761,0
37.25563597679138,172193,4685000,4689660,4687476,547923,0,761,0
37.28765082359314,172193,4685000,4689660,4687476,547923,0,761,0
37.319923877716064,172193,4685000,4689660,4687476,547923,0,761,0
37.35194396972656,172193,4685000,4689660,4687476,547923,0,761,0
37.384039878845215,172193,4685000,4689660,4687476,547923,0,761,0
37.416486978530884,172193,4685000,4689660,4687476,547923,0,761,0
37.44871783256531,172193,4685000,4689660,4687476,547923,0,761,0
37.48082900047302,172193,4685000,4689660,4687476,547923,0,761,0
37.512855052948,172193,4685000,4689660,4687476,547923,0,761,0
37.5449538230896,172193,4685000,4689660,4687476,547923,0,761,0
37.57692098617554,172193,4685000,4689660,4687476,547923,0,761,0
37.60893392562866,172193,4685000,4689660,4687476,547923,0,761,0
37.64125204086304,172193,4685000,4689660,4687476,547923,0,761,0
37.673210859298706,172193,4685000,4689660,4687476,547923,0,761,0
37.70523405075073,172193,4685000,4689660,4687476,547923,0,761,0
37.737268924713135,172193,4685000,4689660,4687476,547923,0,761,0
37.76921987533569,172193,4685000,4689660,4687476,547923,0,761,0
37.801121950149536,172193,4685000,4689660,4687476,547923,0,761,0
37.83321189880371,172193,4685000,4689660,4687476,547923,0,761,0
37.86538004875183,172193,4685000,4689660,4687476,547923,0,761,0
37.897573947906494,172193,4685000,4689660,4687476,547923,0,761,0
37.929548025131226,172193,4685000,4689660,4687476,547923,0,761,0
37.96156287193298,172193,4685000,4689660,4687476,547923,0,761,0
37.99356698989868,172193,4685000,4689660,4687476,547923,0,761,0
38.02558898925781,172193,4685000,4689660,4687476,547923,0,761,0
38.05836296081543,172193,4685000,4689660,4687476,547923,0,761,0
38.09041905403137,172193,4685000,4689660,4687476,547923,0,761,0
38.12266993522644,172193,4685000,4689660,4687476,547923,0,761,0
38.15512204170227,172193,4685000,4689660,4687476,547923,0,761,0
38.187816858291626,172193,4685000,4689660,4687476,547923,0,761,0
38.21986985206604,172193,4685000,4689660,4687476,547923,0,761,0
38.251909017562866,172193,4685000,4689660,4687476,547923,0,761,0
38.28401803970337,172193,4685000,4689660,4687476,547923,0,761,0
38.31569790840149,172193,4685000,4689660,4687476,547923,0,761,0
38.34782290458679,172193,4685000,4689660,4687476,547923,0,761,0
38.37983703613281,172193,4685000,4689660,4687476,547923,0,761,0
38.411778926849365,172193,4685000,4689660,4687476,547923,0,761,0
38.443816900253296,172193,4685000,4689660,4687476,547923,0,761,0
38.4761118888855,172193,4685000,4689660,4687476,547923,0,761,0
38.50794792175293,172193,4685000,4689660,4687476,547923,0,761,0
38.54002094268799,172193,4685000,4689660,4687476,547923,0,761,0
38.572113037109375,172193,4685000,4689660,4687476,547923,0,761,0
38.60423183441162,172193,4685000,4689660,4687476,547923,0,761,0
38.63626289367676,172193,4685000,4689660,4687476,547923,0,761,0
38.66842603683472,172193,4685000,4689660,4687476,547923,0,761,0
38.70056700706482,172193,4685000,4689660,4687476,547923,0,761,0
38.732218980789185,172193,4685000,4689660,4687476,547923,0,761,0
38.76434087753296,172193,4685000,4689660,4687476,547923,0,761,0
38.79635500907898,172193,4685000,4689660,4687476,547923,0,761,0
38.8283748626709,172193,4685000,4689660,4687476,547923,0,761,0
38.860482931137085,172193,4685000,4689660,4687476,547923,0,761,0
38.89310002326965,172193,4685000,4689660,4687476,547923,0,761,0
38.924996852874756,172193,4685000,4689660,4687476,547923,0,761,0
38.95722198486328,172193,4685000,4689660,4687476,547923,0,761,0
38.98932504653931,172193,4685000,4689660,4687476,547923,0,761,0
39.02131199836731,172193,4685000,4689660,4687476,547923,0,761,0
39.053454875946045,172193,4685000,4689660,4687476,547923,0,761,0
39.08581900596619,172193,4685000,4689660,4687476,547923,0,761,0
39.11790704727173,172193,4685000,4689660,4687476,547923,0,761,0
39.151028871536255,172193,4685000,4689660,4687476,547923,0,761,0
39.18322491645813,172193,4685000,4689660,4687476,547923,0,761,0
39.215209007263184,172193,4685000,4689660,4687476,547923,0,761,0
39.247227907180786,172193,4685000,4689660,4687476,547923,0,761,0
39.27925205230713,172193,4685000,4689660,4687476,547923,0,761,0
39.311848878860474,172193,4685000,4689660,4687476,547923,0,761,0
39.343849897384644,172193,4685000,4689660,4687476,547923,0,761,0
39.37595200538635,172193,4685000,4689660,4687476,547923,0,761,0
39.407835960388184,172193,4685000,4689660,4687476,547923,0,761,0
39.43985390663147,172193,4685000,4689660,4687476,547923,0,761,0
39.47179985046387,172193,4685000,4689660,4687476,547923,0,761,0
39.50413203239441,172193,4685000,4689660,4687476,547923,0,761,0
39.53618097305298,172193,4685000,4689660,4687476,547923,0,761,0
39.5682418346405,172193,4685000,4689660,4687476,547923,0,761,0
39.600252866744995,172193,4685000,4689660,4687476,547923,0,761,0
39.632197856903076,172193,4685000,4689660,4687476,547923,0,761,0
39.66414284706116,172193,4685000,4689660,4687476,547923,0,761,0
39.69625496864319,172193,4685000,4689660,4687476,547923,0,761,0
39.728538036346436,172193,4685000,4689660,4687476,547923,0,761,0
39.76055598258972,172193,4685000,4689660,4687476,547923,0,761,0
39.79281187057495,172193,4685000,4689660,4687476,547923,0,761,0
39.824843883514404,172193,4685000,4689660,4687476,547923,0,761,0
39.85681700706482,172193,4685000,4689660,4687476,547923,0,761,0
39.888890981674194,172193,4685000,4689660,4687476,547923,0,761,0
39.92145490646362,172193,4685000,4689660,4687476,547923,0,761,0
39.95357799530029,172193,4685000,4689660,4687476,547923,0,761,0
39.98565602302551,172193,4685000,4689660,4687476,547923,0,761,0
40.01768898963928,172193,4685000,4689660,4687476,547923,0,761,0
40.04977297782898,172193,4685000,4689660,4687476,547923,0,761,0
40.08185005187988,172193,4685000,4689660,4687476,547923,0,761,0
40.114075899124146,172193,4685000,4689660,4687476,547923,0,761,0
40.14694690704346,172193,4685000,4689660,4687476,547923,0,761,0
40.179203033447266,172193,4685000,4689660,4687476,547923,0,761,0
40.211345911026,172193,4685000,4689660,4687476,547923,0,761,0
40.24416399002075,172193,4685000,4689660,4687476,547923,0,761,0
40.27686405181885,172193,4685000,4689660,4687476,547923,0,761,0
40.309783935546875,172193,4685000,4689660,4687476,547923,0,761,0
40.34297204017639,172193,4685000,4689660,4687476,547923,0,761,0
40.37581396102905,172193,4685000,4689660,4687476,547923,0,761,0
40.408710956573486,172193,4685000,4689660,4687476,547923,0,761,0
40.44106984138489,172193,4685000,4689660,4687476,547923,0,761,0
40.473345041275024,172193,4685000,4689660,4687476,547923,0,761,0
40.50574493408203,172193,4685000,4689660,4687476,547923,0,761,0
40.538918018341064,172193,4685000,4689660,4687476,547923,0,761,0
40.57196593284607,172193,4685000,4689660,4687476,547923,0,761,0
40.60517191886902,172193,4685000,4689660,4687476,547923,0,761,0
40.63766002655029,172193,4685000,4689660,4687476,547923,0,761,0
40.66975283622742,172193,4685000,4689660,4687476,547923,0,761,0
40.70179605484009,172193,4685000,4689660,4687476,547923,0,761,0
40.73392987251282,172193,4685000,4689660,4687476,547923,0,761,0
40.76656198501587,172193,4685000,4689660,4687476,547923,0,761,0
40.79863882064819,172193,4685000,4689660,4687476,547923,0,761,0
40.8306519985199,172193,4685000,4689660,4687476,547923,0,761,0
40.86279082298279,172193,4685000,4689660,4687476,547923,0,761,0
40.89486289024353,172193,4685000,4689660,4687476,547923,0,761,0
40.92684197425842,172193,4685000,4689660,4687476,547923,0,761,0
40.959221839904785,172193,4685000,4689660,4687476,547923,0,761,0
40.991344928741455,172193,4685000,4689660,4687476,547923,0,761,0
41.02348494529724,172193,4685000,4689660,4687476,547923,0,761,0
41.055481910705566,172193,4685000,4689660,4687476,547923,0,761,0
41.08758282661438,172193,4685000,4689660,4687476,547923,0,761,0
41.12098002433777,172193,4685000,4689660,4687476,547923,0,761,0
41.15386486053467,172193,4685000,4689660,4687476,547923,0,761,0
41.18712401390076,172193,4685000,4689660,4687476,547923,0,761,0
41.21983599662781,172193,4685000,4689660,4687476,547923,0,761,0
41.25285887718201,172193,4685000,4689660,4687476,547923,0,761,0
41.28534698486328,172193,4685000,4689660,4687476,547923,0,761,0
41.317991971969604,172193,4685000,4689660,4687476,547923,0,761,0
41.35012984275818,172193,4685000,4689660,4687476,547923,0,761,0
41.38289284706116,172193,4685000,4689660,4687476,547923,0,761,0
41.415096044540405,172193,4685000,4689660,4687476,547923,0,761,0
41.44835901260376,172193,4685000,4689660,4687476,547923,0,761,0
41.48160099983215,172193,4685000,4689660,4687476,547923,0,761,0
41.51392388343811,172193,4685000,4689660,4687476,547923,0,761,0
41.54604196548462,172193,4685000,4689660,4687476,547923,0,761,0
41.578574895858765,172193,4685000,4689660,4687476,547923,0,761,0
41.610973834991455,172193,4685000,4689660,4687476,547923,0,761,0
41.64313983917236,172193,4685000,4689660,4687476,547923,0,761,0
41.67555284500122,172193,4685000,4689660,4687476,547923,0,761,0
41.707902908325195,172193,4685000,4689660,4687476,547923,0,761,0
41.740097999572754,172193,4685000,4689660,4687476,547923,0,761,0
41.77213788032532,172193,4685000,4689660,4687476,547923,0,761,0
41.80481505393982,172193,4685000,4689660,4687476,547923,0,761,0
41.836978912353516,172193,4685000,4689660,4687476,547923,0,761,0
41.86909484863281,172193,4685000,4689660,4687476,547923,0,761,0
41.901455879211426,172193,4685000,4689660,4687476,547923,0,761,0
41.933576822280884,172193,4685000,4689660,4687476,547923,0,761,0
41.96599984169006,172193,4685000,4689660,4687476,547923,0,761,0
41.99836802482605,172193,4685000,4689660,4687476,547923,0,761,0
42.03087902069092,172193,4685000,4689660,4687476,547923,0,761,0
42.064533948898315,172193,4685000,4689660,4687476,547923,0,761,0
42.09688687324524,172193,4685000,4689660,4687476,547923,0,761,0
42.12901782989502,172193,4685000,4689660,4687476,547923,0,761,0
42.1610209941864,172193,4685000,4689660,4687476,547923,0,761,0
42.19304800033569,172193,4685000,4689660,4687476,547923,0,761,0
42.225767850875854,172193,4685000,4689660,4687476,547923,0,761,0
42.25802183151245,172193,4685000,4689660,4687476,547923,0,761,0
42.29005193710327,172193,4685000,4689660,4687476,547923,0,761,0
42.32202100753784,172193,4685000,4689660,4687476,547923,0,761,0
42.3540518283844,172193,4685000,4689660,4687476,547923,0,761,0
42.385995864868164,172193,4685000,4689660,4687476,547923,0,761,0
42.418591022491455,172193,4685000,4689660,4687476,547923,0,761,0
42.45101189613342,172193,4685000,4689660,4687476,547923,0,761,0
42.48310899734497,172193,4685000,4689660,4687476,547923,0,761,0
42.51604199409485,172193,4685000,4689660,4687476,547923,0,761,0
42.54901599884033,172193,4685000,4689660,4687476,547923,0,761,0
42.581899881362915,172193,4685000,4689660,4687476,547923,0,761,0
42.61410903930664,172193,4685000,4689660,4687476,547923,0,761,0
42.64755702018738,172193,4685000,4689660,4687476,547923,0,761,0
42.680548906326294,172193,4685000,4689660,4687476,547923,0,761,0
42.71356391906738,172193,4685000,4689660,4687476,547923,0,761,0
42.74563694000244,172193,4685000,4689660,4687476,547923,0,761,0
42.77855896949768,172193,4685060,4689788,4687536,547923,0,761,0
42.811967849731445,172193,4685060,4689788,4687536,547938,0,761,0
42.84551501274109,172193,4685060,4689788,4687536,547938,0,761,0
42.87847185134888,172193,4685060,4689788,4687536,547938,0,761,0
42.91111087799072,172193,4685060,4689788,4687536,547938,0,761,0
42.943774938583374,172193,4685060,4689788,4687536,547938,0,761,0
42.97660183906555,172193,4685060,4689788,4687536,547938,0,761,0
43.009526014328,172193,4685060,4689788,4687536,547938,0,761,0
43.04291796684265,172193,4685060,4689788,4687536,547938,0,761,0
43.07591199874878,172193,4685060,4689788,4687536,547938,0,761,0
43.108752965927124,172193,4685060,4689788,4687536,547938,0,761,0
43.14158487319946,172193,4685060,4689788,4687536,547938,0,761,0
43.174590826034546,172193,4685060,4689788,4687536,547938,0,761,0
43.20759081840515,172193,4685060,4689788,4687536,547938,0,761,0
43.239562034606934,172193,4685060,4689788,4687536,547938,0,761,0
43.27296304702759,172193,4685060,4689788,4687536,547938,0,761,0
43.305980920791626,172193,4685060,4689788,4687536,547938,0,761,0
43.33800482749939,172193,4685060,4689788,4687536,547938,0,761,0
43.37097096443176,172193,4685060,4689788,4687536,547938,0,761,0
43.403082847595215,172193,4685060,4689788,4687536,547938,0,761,0
43.435104846954346,172193,4685060,4689788,4687536,547938,0,761,0
43.46862292289734,172193,4685060,4689788,4687536,547938,0,761,0
43.50059485435486,172193,4685060,4689788,4687536,547938,0,761,0
43.53352999687195,172193,4685060,4689788,4687536,547938,0,761,0
43.566630840301514,172193,4685060,4689788,4687536,547938,0,761,0
43.59952783584595,172193,4685060,4689788,4687536,547938,0,761,0
43.632558822631836,172193,4685060,4689788,4687536,547938,0,761,0
43.664968967437744,172193,4685060,4689788,4687536,547938,0,761,0
43.69789004325867,172193,4685060,4689788,4687536,547938,0,761,0
43.73049998283386,172193,4685060,4689788,4687536,547938,0,761,0
43.762672901153564,172193,4685060,4689788,4687536,547938,0,761,0
43.795320987701416,172193,4685060,4689788,4687536,547938,0,761,0
43.82811903953552,172193,4685060,4689788,4687536,547938,0,761,0
43.86033582687378,172193,4685060,4689788,4687536,547938,0,761,0
43.89357805252075,172193,4685060,4689788,4687536,547938,0,761,0
43.92654204368591,172193,4685060,4689788,4687536,547938,0,761,0
43.95857787132263,172193,4685060,4689788,4687536,547938,0,761,0
43.99156999588013,172193,4685060,4689788,4687536,547938,0,761,0
44.02403402328491,172193,4685060,4689788,4687536,547938,0,761,0
44.0569589138031,172193,4685060,4689788,4687536,547938,0,761,0
44.08958292007446,172193,4685060,4689788,4687536,547938,0,761,0
44.12250089645386,172193,4685060,4689788,4687536,547938,0,761,0
44.15544390678406,172193,4685060,4689788,4687536,547938,0,761,0
44.18855404853821,172193,4685064,4689788,4687540,547939,0,761,0
44.22068190574646,172193,4685064,4689788,4687540,547939,0,761,0
44.25336694717407,172193,4685064,4689788,4687540,547939,0,761,0
44.28669285774231,172193,4685064,4689788,4687540,547939,0,761,0
44.31904983520508,172193,4685064,4689788,4687540,547939,0,761,0
44.351922035217285,172193,4685064,4689788,4687540,547939,0,761,0
44.38503384590149,172193,4685064,4689788,4687540,547939,0,761,0
44.417999029159546,172193,4685064,4689788,4687540,547939,0,761,0
44.45088481903076,172193,4685064,4689788,4687540,547939,0,761,0
44.48390197753906,172193,4685064,4689788,4687540,547939,0,761,0
44.516597032547,172193,4685064,4689788,4687540,547939,0,761,0
44.548702001571655,172193,4685064,4689788,4687540,547939,0,761,0
44.58093190193176,172193,4685064,4689788,4687540,547939,0,761,0
44.61380100250244,172193,4685064,4689788,4687540,547939,0,761,0
44.64556384086609,172193,4685064,4689788,4687540,547939,0,761,0
44.677578926086426,172193,4685064,4689788,4687540,547939,0,761,0
44.71057891845703,172193,4685064,4689788,4687540,547939,0,761,0
44.74258804321289,172193,4685064,4689788,4687540,547939,0,761,0
44.77457404136658,172193,4685064,4689788,4687540,547939,0,761,0
44.80661988258362,172193,4685064,4689788,4687540,547939,0,761,0
44.83959698677063,172193,4685064,4689788,4687540,547939,0,761,0
44.871582984924316,172193,4685064,4689788,4687540,547939,0,761,0
44.90357804298401,172193,4685064,4689788,4687540,547939,0,761,0
44.93670988082886,172193,4685064,4689788,4687540,547939,0,761,0
44.969584941864014,172193,4685064,4689788,4687540,547939,0,761,0
45.00291395187378,172193,4685064,4689788,4687540,547939,0,761,0
45.03497290611267,172193,4685064,4689788,4687540,547939,0,761,0
45.06808400154114,172193,4685064,4689788,4687540,547939,0,761,0
45.100898027420044,172193,4685064,4689788,4687540,547939,0,761,0
45.134382009506226,172193,4685064,4689788,4687540,547939,0,761,0
45.16671395301819,172193,4685064,4689788,4687540,547939,0,761,0
45.199713945388794,172193,4685064,4689788,4687540,547939,0,761,0
45.23262596130371,172193,4685064,4689788,4687540,547939,0,761,0
45.26560187339783,172193,4685064,4689788,4687540,547939,0,761,0
45.297735929489136,172193,4685064,4689788,4687540,547939,0,761,0
45.3305938243866,172193,4685064,4689788,4687540,547939,0,761,0
45.3633599281311,172193,4685064,4689788,4687540,547939,0,761,0
45.396085023880005,172193,4685064,4689788,4687540,547939,0,761,0
45.42844104766846,172193,4685064,4689788,4687540,547939,0,761,0
45.46065092086792,172193,4685064,4689788,4687540,547939,0,761,0
45.49284791946411,172193,4685064,4689788,4687540,547939,0,761,0
45.52568602561951,172193,4685064,4689788,4687540,547939,0,761,0
45.5589599609375,172193,4685064,4689788,4687540,547939,0,761,0
45.59180784225464,172193,4685064,4689788,4687540,547939,0,761,0
45.624253034591675,172193,4685064,4689788,4687540,547939,0,761,0
45.656837940216064,172193,4685064,4689788,4687540,547939,0,761,0
45.68919396400452,172193,4685064,4689788,4687540,547939,0,761,0
45.72196698188782,172193,4685064,4689788,4687540,547939,0,761,0
45.75495982170105,172193,4685064,4689788,4687540,547939,0,761,0
45.78708100318909,172193,4685064,4689788,4687540,547939,0,761,0
45.819031953811646,172193,4685064,4689788,4687540,547939,0,761,0
45.85153293609619,172193,4685064,4689788,4687540,547939,0,761,0
45.88406801223755,172193,4685064,4689788,4687540,547939,0,761,0
45.91611886024475,172193,4685064,4689788,4687540,547939,0,761,0
45.94789099693298,172193,4685064,4689788,4687540,547939,0,761,0
45.9828999042511,172193,4685064,4689788,4687540,547939,0,761,0
46.01587796211243,172193,4685064,4689788,4687540,547939,0,761,0
46.04867482185364,172193,4685064,4689788,4687540,547939,0,761,0
46.08151698112488,172193,4685064,4689788,4687540,547939,0,761,0
46.11386585235596,172193,4685064,4689788,4687540,547939,0,761,0
46.14560604095459,172193,4685064,4689788,4687540,547939,0,761,0
46.1776659488678,172193,4685064,4689788,4687540,547939,0,761,0
46.209420919418335,172193,4685064,4689788,4687540,547939,0,761,0
46.241495847702026,172193,4685064,4689788,4687540,547939,0,761,0
46.273361921310425,172193,4685064,4689788,4687540,547939,0,761,0
46.305099964141846,172193,4685064,4689788,4687540,547939,0,761,0
46.33670091629028,172193,4685064,4689788,4687540,547939,0,761,0
46.3685040473938,172193,4685064,4689788,4687540,547939,0,761,0
46.40018892288208,172193,4685064,4689788,4687540,547939,0,761,0
46.43195986747742,172193,4685064,4689788,4687540,547939,0,761,0
46.463865995407104,172193,4685064,4689788,4687540,547939,0,761,0
46.495492935180664,172193,4685064,4689788,4687540,547939,0,761,0
46.52728199958801,172193,4685064,4689788,4687540,547939,0,761,0
46.55883288383484,172193,4685064,4689788,4687540,547939,0,761,0
46.59094285964966,172193,4685064,4689788,4687540,547939,0,761,0
46.6225700378418,172193,4685064,4689788,4687540,547939,0,761,0
46.6547589302063,172193,4685064,4689788,4687540,547939,0,761,0
46.68689298629761,172193,4685064,4689788,4687540,547939,0,761,0
46.71912097930908,172193,4685064,4689788,4687540,547939,0,761,0
46.75214600563049,172193,4685064,4689788,4687540,547939,0,761,0
46.78497385978699,172193,4685064,4689788,4687540,547939,0,761,0
46.81774282455444,172193,4685064,4689788,4687540,547939,0,761,0
46.850162982940674,172193,4685064,4689788,4687540,547939,0,761,0
46.88233804702759,172193,4685064,4689788,4687540,547939,0,761,0
46.91495704650879,172193,4685064,4689788,4687540,547939,0,761,0
46.95028591156006,172193,4685064,4689788,4687540,547939,0,761,0
46.982956886291504,172193,4685064,4689788,4687540,547939,0,761,0
47.01608490943909,172193,4685064,4689788,4687540,547939,0,761,0
47.04888200759888,172193,4685064,4689788,4687540,547939,0,761,0
47.081050872802734,172193,4685064,4689788,4687540,547939,0,761,0
47.113085985183716,172193,4685064,4689788,4687540,547939,0,761,0
47.145248889923096,172193,4685064,4689788,4687540,547939,0,761,0
47.17709183692932,172193,4685064,4689788,4687540,547939,0,761,0
47.2093608379364,172193,4685064,4689788,4687540,547939,0,761,0
47.24147701263428,172193,4685064,4689788,4687540,547939,0,761,0
47.27372884750366,172193,4685064,4689788,4687540,547939,0,761,0
47.30575084686279,172193,4685064,4689788,4687540,547939,0,761,0
47.33774399757385,172193,4685064,4689788,4687540,547939,0,761,0
47.36979699134827,172193,4685064,4689788,4687540,547939,0,761,0
47.40177583694458,172193,4685064,4689788,4687540,547939,0,761,0
47.433850049972534,172193,4685064,4689788,4687540,547939,0,761,0
47.465919971466064,172193,4685064,4689788,4687540,547939,0,761,0
47.4978289604187,172193,4685064,4689788,4687540,547939,0,761,0
47.529847860336304,172193,4685064,4689788,4687540,547939,0,761,0
47.561909914016724,172193,4685064,4689788,4687540,547939,0,761,0
47.5936439037323,172193,4685064,4689788,4687540,547939,0,761,0
47.625924825668335,172193,4685064,4689788,4687540,547939,0,761,0
47.657946825027466,172193,4685064,4689788,4687540,547939,0,761,0
47.68983793258667,172193,4685064,4689788,4687540,547939,0,761,0
47.72201585769653,172193,4685064,4689788,4687540,547939,0,761,0
47.75393295288086,172193,4685064,4689788,4687540,547939,0,761,0
47.78586387634277,172193,4685064,4689788,4687540,547939,0,761,0
47.81779384613037,172193,4685064,4689788,4687540,547939,0,761,0
47.8500030040741,172193,4685064,4689788,4687540,547939,0,761,0
47.882253885269165,172193,4685064,4689788,4687540,547939,0,761,0
47.91487693786621,172193,4685064,4689788,4687540,547939,0,761,0
47.946770906448364,172193,4685064,4689788,4687540,547939,0,761,0
47.97889184951782,172193,4685064,4689788,4687540,547939,0,761,0
48.01106095314026,172193,4685064,4689788,4687540,547939,0,761,0
48.043428897857666,172193,4685064,4689788,4687540,547939,0,761,0
48.07555103302002,172193,4685064,4689788,4687540,547939,0,761,0
48.1076500415802,172193,4685064,4689788,4687540,547939,0,761,0
48.13975381851196,172193,4685064,4689788,4687540,547939,0,761,0
48.17186093330383,172193,4685064,4689788,4687540,547939,0,761,0
48.20469689369202,172193,4685112,4689788,4687588,547951,0,761,0
48.23720693588257,172193,4685112,4689788,4687588,547951,0,761,0
48.269371032714844,172193,4685112,4689788,4687588,547951,0,761,0
48.301551818847656,172193,4685112,4689788,4687588,547951,0,761,0
48.33362293243408,172193,4685112,4689788,4687588,547951,0,761,0
48.365617990493774,172193,4685112,4689788,4687588,547951,0,761,0
48.39765191078186,172193,4685112,4689788,4687588,547951,0,761,0
48.4295539855957,172193,4685112,4689788,4687588,547951,0,761,0
48.46222186088562,172193,4685112,4689788,4687588,547951,0,761,0
48.49428391456604,172193,4685112,4689788,4687588,547951,0,761,0
48.52624988555908,172193,4685112,4689788,4687588,547951,0,761,0
48.55825591087341,172193,4685112,4689788,4687588,547951,0,761,0
48.590389013290405,172193,4685112,4689788,4687588,547951,0,761,0
48.62286186218262,172193,4685112,4689788,4687588,547951,0,761,0
48.6557240486145,172193,4685112,4689788,4687588,547951,0,761,0
48.68851089477539,172193,4685112,4689788,4687588,547951,0,761,0
48.72046494483948,172193,4685112,4689788,4687588,547951,0,761,0
48.75248193740845,172193,4685112,4689788,4687588,547951,0,761,0
48.78535604476929,172193,4685112,4689788,4687588,547951,0,761,0
48.818248987197876,172193,4685112,4689788,4687588,547951,0,761,0
48.850982904434204,172193,4685112,4689788,4687588,547951,0,761,0
48.88731598854065,172193,4685112,4689788,4687588,547951,0,761,0
48.919512033462524,172193,4685112,4689788,4687588,547951,0,761,0
48.952173948287964,172193,4685112,4689788,4687588,547951,0,761,0
48.984663009643555,172193,4685112,4689788,4687588,547951,0,761,0
49.01763200759888,172193,4685112,4689788,4687588,547951,0,761,0
49.05046892166138,172193,4685112,4689788,4687588,547951,0,761,0
49.08339190483093,172193,4685112,4689788,4687588,547951,0,761,0
49.115630865097046,172193,4685112,4689788,4687588,547951,0,761,0
49.14815092086792,172193,4685112,4689788,4687588,547951,0,761,0
49.180858850479126,172193,4685112,4689788,4687588,547951,0,761,0
49.21388101577759,172193,4685112,4689788,4687588,547951,0,761,0
49.246665954589844,172193,4685112,4689788,4687588,547951,0,761,0
49.279642820358276,172193,4685112,4689788,4687588,547951,0,761,0
49.31286096572876,172193,4685112,4689788,4687588,547951,0,761,0
49.345885038375854,172193,4685112,4689788,4687588,547951,0,761,0
49.37885499000549,172193,4685112,4689788,4687588,547951,0,761,0
49.41103386878967,172193,4685112,4689788,4687588,547951,0,761,0
49.44310998916626,172193,4685112,4689788,4687588,547951,0,761,0
49.475909948349,172193,4685112,4689788,4687588,547951,0,761,0
49.50954484939575,172193,4685112,4689788,4687588,547951,0,761,0
49.54212999343872,172193,4685112,4689788,4687588,547951,0,761,0
49.5749089717865,172193,4685112,4689788,4687588,547951,0,761,0
49.60794496536255,172193,4685112,4689788,4687588,547951,0,761,0
49.64092493057251,172193,4685112,4689788,4687588,547951,0,761,0
49.67383289337158,172193,4685112,4689788,4687588,547951,0,761,0
49.70614194869995,172193,4685112,4689788,4687588,547951,0,761,0
49.737998962402344,172193,4685112,4689788,4687588,547951,0,761,0
49.77002692222595,172193,4685112,4689788,4687588,547951,0,761,0
49.80197596549988,172193,4685112,4689788,4687588,547951,0,761,0
49.8339958190918,172193,4685112,4689788,4687588,547951,0,761,0
49.86858582496643,172193,4685112,4689788,4687588,547951,0,761,0
49.900588035583496,172193,4685112,4689788,4687588,547951,0,761,0
49.93298387527466,172193,4685112,4689788,4687588,547951,0,761,0
49.96502685546875,172193,4685112,4689788,4687588,547951,0,761,0
49.99690294265747,172193,4685112,4689788,4687588,547951,0,761,0
50.02898693084717,172193,4685112,4689788,4687588,547951,0,761,0
50.06101989746094,172193,4685112,4689788,4687588,547951,0,761,0
50.09300398826599,172193,4685112,4689788,4687588,547951,0,761,0
50.12559199333191,172193,4685112,4689788,4687588,547951,0,761,0
50.15759086608887,172193,4685112,4689788,4687588,547951,0,761,0
50.189589977264404,172193,4685112,4689788,4687588,547951,0,761,0
50.22167181968689,172193,4685112,4689788,4687588,547951,0,761,0
50.25359392166138,172193,4685112,4689788,4687588,547951,0,761,0
50.285581827163696,172193,4685112,4689788,4687588,547951,0,761,0
50.31760597229004,172193,4685112,4689788,4687588,547951,0,761,0
50.34959697723389,172193,4685112,4689788,4687588,547951,0,761,0
50.3815758228302,172193,4685112,4689788,4687588,547951,0,761,0
50.41358494758606,172193,4685112,4689788,4687588,547951,0,761,0
50.445740938186646,172193,4685112,4689788,4687588,547951,0,761,0
50.47772288322449,172193,4685112,4689788,4687588,547951,0,761,0
50.50968098640442,172193,4685112,4689788,4687588,547951,0,761,0
50.54207682609558,172193,4685112,4689788,4687588,547951,0,761,0
50.57401704788208,172193,4685112,4689788,4687588,547951,0,761,0
50.605998039245605,172193,4685112,4689788,4687588,547951,0,761,0
50.638022899627686,172193,4685112,4689788,4687588,547951,0,761,0
50.670125007629395,172193,4685112,4689788,4687588,547951,0,761,0
50.7021210193634,172193,4685112,4689788,4687588,547951,0,761,0
50.734787940979004,172193,4685112,4689788,4687588,547951,0,761,0
50.76703095436096,172193,4685112,4689788,4687588,547951,0,761,0
50.79904389381409,172193,4685112,4689788,4687588,547951,0,761,0
50.83208084106445,172193,4685112,4689788,4687588,547951,0,761,0
50.86411690711975,172193,4685112,4689788,4687588,547951,0,761,0
50.89612603187561,172193,4685112,4689788,4687588,547951,0,761,0
50.9280960559845,172193,4685112,4689788,4687588,547951,0,761,0
50.96055793762207,172193,4685112,4689788,4687588,547951,0,761,0
50.99260592460632,172193,4685112,4689788,4687588,547951,0,761,0
51.024608850479126,172193,4685112,4689788,4687588,547951,0,761,0
51.056901931762695,172193,4685112,4689788,4687588,547951,0,761,0
51.08902096748352,172193,4685112,4689788,4687588,547951,0,761,0
51.12101697921753,172193,4685112,4689788,4687588,547951,0,761,0
51.153115034103394,172193,4685112,4689788,4687588,547951,0,761,0
51.185559034347534,172193,4685112,4689788,4687588,547951,0,761,0
51.2176079750061,172193,4685112,4689788,4687588,547951,0,761,0
51.24997282028198,172193,4685112,4689788,4687588,547951,0,761,0
51.28213095664978,172193,4685112,4689788,4687588,547951,0,761,0
51.314358949661255,172193,4685112,4689788,4687588,547951,0,761,0
51.34665489196777,172193,4685112,4689788,4687588,547951,0,761,0
51.37908983230591,172193,4685112,4689788,4687588,547951,0,761,0
51.411136865615845,172193,4685112,4689788,4687588,547951,0,761,0
51.443503856658936,172193,4685112,4689788,4687588,547951,0,761,0
51.4763560295105,172193,4685112,4689788,4687588,547951,0,761,0
51.50977182388306,172193,4685112,4689788,4687588,547951,0,761,0
51.54191303253174,172193,4685112,4689788,4687588,547951,0,761,0
51.57397484779358,172193,4685112,4689788,4687588,547951,0,761,0
51.60581588745117,172193,4685112,4689788,4687588,547951,0,761,0
51.63763999938965,172193,4685112,4689788,4687588,547951,0,761,0
51.66948890686035,172193,4685112,4689788,4687588,547951,0,761,0
51.701223850250244,172193,4685112,4689788,4687588,547951,0,761,0
51.733113050460815,172193,4685112,4689788,4687588,547951,0,761,0
51.76484799385071,172193,4685112,4689788,4687588,547951,0,761,0
51.797749042510986,172193,4685112,4689788,4687588,547951,0,761,0
51.82974290847778,172193,4685112,4689788,4687588,547951,0,761,0
51.86183190345764,172193,4685112,4689788,4687588,547951,0,761,0
51.89436101913452,172193,4685112,4689788,4687588,547951,0,761,0
51.92608284950256,172193,4685112,4689788,4687588,547951,0,761,0
51.95861601829529,172193,4685112,4689788,4687588,547951,0,761,0
51.991507053375244,172193,4685112,4689788,4687588,547951,0,761,0
52.024489879608154,172193,4685112,4689788,4687588,547951,0,761,0
52.05824303627014,172193,4685112,4689788,4687588,547951,0,761,0
52.09117293357849,172193,4685112,4689788,4687588,547951,0,761,0
52.1227240562439,172193,4685112,4689788,4687588,547951,0,761,0
52.15405583381653,172193,4685112,4689788,4687588,547951,0,761,0
52.18541884422302,172193,4685112,4689788,4687588,547951,0,761,0
52.2175989151001,172193,4685112,4689788,4687588,547951,0,761,0
52.25200390815735,172193,4685112,4689788,4687588,547951,0,761,0
52.28489398956299,172193,4685112,4689788,4687588,547951,0,761,0
52.3173348903656,172193,4685112,4689788,4687588,547951,0,761,0
52.34955191612244,172193,4685112,4689788,4687588,547951,0,761,0
52.381579875946045,172193,4685112,4689788,4687588,547951,0,761,0
52.41399884223938,172193,4685112,4689788,4687588,547951,0,761,0
52.446024894714355,172193,4685112,4689788,4687588,547951,0,761,0
52.47904896736145,172193,4685112,4689788,4687588,547951,0,761,0
52.51192498207092,172193,4685112,4689788,4687588,547951,0,761,0
52.54462003707886,172193,4685112,4689788,4687588,547951,0,761,0
52.57665300369263,172193,4685112,4689788,4687588,547951,0,761,0
52.61000299453735,172193,4685112,4689788,4687588,547951,0,761,0
52.64274191856384,172193,4685112,4689788,4687588,547951,0,761,0
52.6760048866272,172193,4685112,4689788,4687588,547951,0,761,0
52.708632946014404,172193,0,0,0,548102,0,0,0
52.72271800041199,172193,0,0,0,548102,0,0,0
52.7367148399353,172193,0,0,0,548102,0,0,0
52.750953912734985,172193,0,0,0,548102,0,0,0
52.76549291610718,172193,0,0,0,548102,0,0,0
52.77988290786743,172193,0,0,0,548102,0,0,0
52.79421782493591,172193,0,0,0,548102,0,0,0
52.80893301963806,172193,0,0,0,548102,0,0,0
52.8232798576355,172193,0,0,0,548102,0,0,0
52.8376989364624,172193,0,0,0,548102,0,0,0
52.85206985473633,172193,0,0,0,548102,0,0,0
52.866381883621216,172193,0,0,0,548102,0,0,0
52.88083600997925,172193,0,0,0,548102,0,0,0
52.89515686035156,172193,0,0,0,548102,0,0,0
52.90997505187988,172193,0,0,0,548102,0,0,0
