elapsed_s,pid,uss,rss,pss,min_flt,maj_flt,oom,oomadj
1.3231801986694336,195303,5880,6376,6224,613,0,666,0
1.3439099788665771,195303,12060,12972,12512,1056,0,666,0
1.3690211772918701,195303,13428,15076,14264,1219,0,666,0
1.394024133682251,195303,13560,15588,14556,1263,0,666,0
1.4244790077209473,195303,14916,17492,16288,1506,0,666,0
1.4498040676116943,195303,15628,18320,17000,1527,0,666,0
1.4738450050354004,195303,15628,18320,17000,1528,0,666,0
1.5056660175323486,195303,48276,53384,50752,4085,0,667,0
1.54994797706604,195303,54512,59400,56988,5433,0,667,0
1.580489158630371,195303,64016,68752,66492,7335,0,668,0
1.6180939674377441,195303,64556,69264,67032,7476,0,668,0
1.6432089805603027,195303,69032,73868,71508,7623,0,668,0
1.6666719913482666,195303,70356,75148,72832,7968,0,668,0
1.6918151378631592,195303,70412,75148,72888,7982,0,668,0
1.7272751331329346,195303,74812,79648,77288,8061,0,668,0
1.7790319919586182,195303,74976,79776,77452,8102,0,668,0
1.8030610084533691,195303,75108,79904,77584,8135,0,668,0
1.829653024673462,195303,75480,80288,77956,8228,0,668,0
1.8572771549224854,195303,66280,71240,68756,8228,0,668,0
1.8958420753479004,195303,66280,71240,68756,8228,0,668,0
1.919888973236084,195303,66280,71240,68756,8228,0,668,0
1.9388890266418457,195303,66424,71240,68900,8264,0,668,0
1.9571161270141602,195303,66848,71624,69324,8370,0,668,0
1.987663984298706,195303,66848,71624,69324,8370,0,668,0
2.0057380199432373,195303,66848,71624,69324,8370,0,668,0
2.0212860107421875,195303,66848,71624,69324,8370,0,668,0
2.036961078643799,195303,66848,71624,69324,8370,0,668,0
2.052626132965088,195303,66848,71624,69324,8370,0,668,0
2.068272113800049,195303,66848,71624,69324,8370,0,668,0
2.083590030670166,195303,66848,71624,69324,8370,0,668,0
2.099281072616577,195303,66848,71624,69324,8370,0,668,0
2.1149179935455322,195303,66848,71624,69324,8370,0,668,0
2.129868984222412,195303,66848,71624,69324,8370,0,668,0
2.145092010498047,195303,66848,71624,69324,8370,0,668,0
2.161116123199463,195303,66848,71624,69324,8370,0,668,0
2.176741123199463,195303,66848,71624,69324,8370,0,668,0
2.191967010498047,195303,66848,71624,69324,8370,0,668,0
2.2073211669921875,195303,66848,71624,69324,8370,0,668,0
2.2228121757507324,195303,68896,73732,71372,8371,0,668,0
2.2382960319519043,195303,68896,73732,71372,8371,0,668,0
2.254460096359253,195303,68896,73732,71372,8371,0,668,0
2.2763311862945557,195303,68896,73732,71372,8371,0,668,0
2.3024260997772217,195303,68896,73732,71372,8371,0,668,0
2.3339719772338867,195303,68896,73732,71372,8371,0,668,0
2.3649940490722656,195303,68896,73732,71372,8371,0,668,0
2.387928009033203,195303,68896,73732,71372,8371,0,668,0
2.4121689796447754,195303,68896,73732,71372,8371,0,668,0
2.4528591632843018,195303,71268,76164,73744,8452,0,668,0
2.4819459915161133,195303,71984,76804,74460,8632,0,668,0
2.5120019912719727,195303,74796,79628,77272,8756,0,668,0
2.536426067352295,195303,74796,79628,77272,8756,0,668,0
2.555166006088257,195303,74796,79628,77272,8756,0,668,0
2.572291135787964,195303,78892,83728,81368,8758,0,668,0
2.5900821685791016,195303,78892,83728,81368,8758,0,668,0
2.6069509983062744,195303,78892,83728,81368,8758,0,668,0
2.6235320568084717,195303,80940,85776,83416,8759,0,668,0
2.6386971473693848,195303,80940,85776,83416,8759,0,668,0
2.6541411876678467,195303,80940,85776,83416,8759,0,668,0
2.669888973236084,195303,80940,85776,83416,8759,0,668,0
2.684997081756592,195303,80940,85776,83416,8759,0,668,0
2.7007970809936523,195303,80940,85776,83416,8759,0,668,0
2.716487169265747,195303,80940,85776,83416,8759,0,668,0
2.7324771881103516,195303,80940,85776,83416,8759,0,668,0
2.7493979930877686,195303,80940,85776,83416,8759,0,668,0
2.766463041305542,195303,80940,85776,83416,8759,0,668,0
2.7832131385803223,195303,80940,85776,83416,8759,0,668,0
2.800229072570801,195303,80940,85776,83416,8759,0,668,0
2.8170061111450195,195303,80940,85776,83416,8759,0,668,0
2.8335540294647217,195303,80940,85776,83416,8759,0,668,0
2.8498029708862305,195303,80940,85776,83416,8759,0,668,0
2.865267038345337,195303,80940,87824,83416,8759,0,668,0
2.880606174468994,195303,82988,87824,85464,8760,0,668,0
2.8957979679107666,195303,82988,87824,85464,8760,0,668,0
2.918894052505493,195303,82988,87824,85464,8760,0,668,0
2.9418389797210693,195303,82988,87824,85464,8760,0,668,0
2.9620580673217773,195303,82988,87824,85464,8760,0,668,0
2.983268976211548,195303,82988,87824,85464,8760,0,668,0
3.005424976348877,195303,82988,87824,85464,8760,0,668,0
3.0255510807037354,195303,82988,87824,85464,8760,0,668,0
3.04785418510437,195303,85036,89872,87512,8761,0,668,0
3.064009189605713,195303,85036,89872,87512,8761,0,668,0
3.079648971557617,195303,85036,89872,87512,8761,0,668,0
3.0950729846954346,195303,85036,89872,87512,8761,0,668,0
3.11033296585083,195303,85036,89872,87512,8761,0,668,0
3.12563419342041,195303,85036,89872,87512,8761,0,668,0
3.1408331394195557,195303,85036,89872,87512,8761,0,668,0
3.1559360027313232,195303,85036,89872,87512,8761,0,668,0
3.171354055404663,195303,85036,89872,87512,8761,0,668,0
3.186737060546875,195303,85036,89872,87512,8761,0,668,0
3.2021660804748535,195303,85036,89872,87512,8761,0,668,0
3.2174570560455322,195303,85036,89872,87512,8761,0,668,0
3.232889175415039,195303,85036,89872,87512,8761,0,668,0
3.248354196548462,195303,85036,89872,87512,8761,0,668,0
3.263484001159668,195303,85036,89872,87512,8761,0,668,0
3.2787179946899414,195303,85036,89872,87512,8761,0,668,0
3.2943360805511475,195303,85036,89872,87512,8761,0,668,0
3.3097991943359375,195303,85036,89872,87512,8761,0,668,0
3.3249900341033936,195303,85036,89872,87512,8761,0,668,0
3.3402621746063232,195303,87084,91920,89560,8762,0,668,0
3.355499029159546,195303,87084,91920,89560,8762,0,668,0
3.3708059787750244,195303,87084,91920,89560,8762,0,668,0
3.3861680030822754,195303,87084,91920,89560,8762,0,668,0
3.4014391899108887,195303,87084,91920,89560,8762,0,668,0
3.4166550636291504,195303,87084,91920,89560,8762,0,668,0
3.4317970275878906,195303,87084,91920,89560,8762,0,668,0
3.4469001293182373,195303,87084,91920,89560,8762,0,668,0
3.462033987045288,195303,89132,93968,91608,8763,0,668,0
3.477217197418213,195303,89132,93968,91608,8763,0,668,0
3.4924051761627197,195303,89132,93968,91608,8763,0,668,0
3.507920980453491,195303,89132,93968,91608,8763,0,668,0
3.5231361389160156,195303,89132,93968,91608,8763,0,668,0
3.5382680892944336,195303,89132,93968,91608,8763,0,668,0
3.553495168685913,195303,89132,93968,91608,8763,0,668,0
3.568700075149536,195303,89132,93968,91608,8763,0,668,0
3.583890199661255,195303,89132,93968,91608,8763,0,668,0
3.598968029022217,195303,89132,93968,91608,8763,0,668,0
3.614107131958008,195303,89132,93968,91608,8763,0,668,0
3.6292550563812256,195303,89132,93968,91608,8763,0,668,0
3.6443440914154053,195303,89132,93968,91608,8763,0,668,0
3.6594979763031006,195303,89132,93968,91608,8763,0,668,0
3.6747000217437744,195303,89132,93968,91608,8763,0,668,0
3.689911127090454,195303,89132,93968,91608,8763,0,668,0
3.7053890228271484,195303,89132,93968,91608,8763,0,668,0
3.7207071781158447,195303,89132,93968,91608,8763,0,668,0
3.7358920574188232,195303,89132,93968,91608,8763,0,668,0
3.751012086868286,195303,91180,96016,93656,8763,0,668,0
3.766111135482788,195303,91180,96016,93656,8764,0,668,0
3.781130075454712,195303,91180,96016,93656,8764,0,668,0
3.7961041927337646,195303,91180,96016,93656,8764,0,668,0
3.810988187789917,195303,91180,96016,93656,8764,0,668,0
3.825927972793579,195303,91180,96016,93656,8764,0,668,0
3.8408801555633545,195303,91180,96016,93656,8764,0,668,0
3.855825185775757,195303,91180,96016,93656,8764,0,668,0
3.8708620071411133,195303,91180,96016,93656,8764,0,668,0
3.8858580589294434,195303,93228,98064,95704,8765,0,668,0
3.9008541107177734,195303,93228,98064,95704,8765,0,668,0
3.915796995162964,195303,93228,98064,95704,8765,0,668,0
3.930751085281372,195303,93228,98064,95704,8765,0,668,0
3.945932149887085,195303,93228,98064,95704,8765,0,668,0
3.960942029953003,195303,93228,98064,95704,8765,0,668,0
3.9758260250091553,195303,93228,98064,95704,8765,0,668,0
3.990760087966919,195303,93228,98064,95704,8765,0,668,0
4.005728006362915,195303,93228,98064,95704,8765,0,668,0
4.0207061767578125,195303,93228,98064,95704,8765,0,668,0
4.035658121109009,195303,93228,98064,95704,8765,0,668,0
4.050688982009888,195303,93228,98064,95704,8765,0,668,0
4.065704107284546,195303,93228,98064,95704,8765,0,668,0
4.080799102783203,195303,93228,98064,95704,8765,0,668,0
4.095762014389038,195303,93228,98064,95704,8765,0,668,0
4.110669136047363,195303,93228,98064,95704,8765,0,668,0
4.125741004943848,195303,93228,98064,95704,8765,0,668,0
4.140856027603149,195303,93228,98064,95704,8765,0,668,0
4.155783176422119,195303,93228,98064,95704,8765,0,668,0
4.170873165130615,195303,93228,98064,95704,8765,0,668,0
4.185791015625,195303,95276,100112,97752,8766,0,668,0
4.200857162475586,195303,95276,100112,97752,8766,0,668,0
4.2156970500946045,195303,95276,100112,97752,8766,0,668,0
4.230712175369263,195303,95276,100112,97752,8766,0,668,0
4.2455480098724365,195303,95276,100112,97752,8766,0,668,0
4.260541200637817,195303,95276,100112,97752,8766,0,668,0
4.275423049926758,195303,95276,100112,97752,8766,0,668,0
4.290364980697632,195303,95276,100112,97752,8766,0,668,0
4.305309057235718,195303,95276,100112,97752,8766,0,668,0
4.3201069831848145,195303,95276,100112,97752,8766,0,668,0
4.33538818359375,195303,95276,100112,97752,8766,0,668,0
4.350255966186523,195303,95276,100112,97752,8766,0,668,0
4.365264177322388,195303,95276,100112,97752,8766,0,668,0
4.380240201950073,195303,95276,100112,97752,8766,0,668,0
4.395008087158203,195303,95276,100112,97752,8766,0,668,0
4.409862995147705,195303,95276,100112,97752,8766,0,668,0
4.424987077713013,195303,95276,100112,97752,8766,0,668,0
4.439851999282837,195303,95276,100112,97752,8766,0,668,0
4.454769134521484,195303,95276,100112,97752,8766,0,668,0
4.469675064086914,195303,95276,100112,97752,8766,0,668,0
4.4845499992370605,195303,95276,100112,97752,8766,0,668,0
4.499526023864746,195303,95276,100112,97752,8766,0,668,0
4.514358997344971,195303,95276,100112,97752,8766,0,668,0
4.529165029525757,195303,95276,100112,97752,8766,0,668,0
4.543972015380859,195303,95276,100112,97752,8766,0,668,0
4.5588531494140625,195303,95276,100112,97752,8766,0,668,0
4.573721170425415,195303,95276,100112,97752,8766,0,668,0
4.588613033294678,195303,97324,102160,99800,8767,0,668,0
4.603450059890747,195303,97324,102160,99800,8767,0,668,0
4.618326187133789,195303,97324,102160,99800,8767,0,668,0
4.633264064788818,195303,97324,102160,99800,8767,0,668,0
4.648128986358643,195303,97324,102160,99800,8767,0,668,0
4.662887096405029,195303,97324,102160,99800,8767,0,668,0
4.677834987640381,195303,97324,102160,99800,8767,0,668,0
4.692831993103027,195303,97324,102160,99800,8767,0,668,0
4.707771062850952,195303,97324,102160,99800,8767,0,668,0
4.722676038742065,195303,99372,104208,101848,8768,0,668,0
4.737580060958862,195303,99372,104208,101848,8768,0,668,0
4.7527711391448975,195303,99372,104208,101848,8768,0,668,0
4.767669200897217,195303,99372,104208,101848,8768,0,668,0
4.782588005065918,195303,99372,104208,101848,8768,0,668,0
4.797415018081665,195303,99372,104208,101848,8768,0,668,0
4.812211990356445,195303,99372,104208,101848,8768,0,668,0
4.8272411823272705,195303,99372,104208,101848,8768,0,668,0
4.84194016456604,195303,99372,104208,101848,8768,0,668,0
4.8568291664123535,195303,99372,104208,101848,8768,0,668,0
4.871718168258667,195303,99372,104208,101848,8768,0,668,0
4.886630058288574,195303,99372,104208,101848,8768,0,668,0
4.901498079299927,195303,99372,104208,101848,8768,0,668,0
4.918061017990112,195303,99372,104208,101848,8768,0,668,0
4.93290901184082,195303,99372,104208,101848,8768,0,668,0
4.947745084762573,195303,99372,104208,101848,8768,0,668,0
4.962695121765137,195303,99372,104208,101848,8768,0,668,0
4.977621078491211,195303,99372,104208,101848,8768,0,668,0
4.992565155029297,195303,99372,104208,101848,8768,0,668,0
5.007382154464722,195303,99372,104208,101848,8768,0,668,0
5.0224080085754395,195303,101420,106256,103896,8769,0,668,0
5.03735613822937,195303,101420,106256,103896,8769,0,668,0
5.052206039428711,195303,101420,106256,103896,8769,0,668,0
5.066992998123169,195303,101420,106256,103896,8769,0,668,0
5.081829071044922,195303,101420,106256,103896,8769,0,668,0
5.096765995025635,195303,101420,106256,103896,8769,0,668,0
5.11155104637146,195303,101420,106256,103896,8769,0,668,0
5.126528024673462,195303,101420,106256,103896,8769,0,668,0
5.141340017318726,195303,101420,106256,103896,8769,0,668,0
5.156188011169434,195303,103468,108304,105944,8770,0,668,0
5.171329021453857,195303,103468,108304,105944,8770,0,668,0
5.1863250732421875,195303,103468,108304,105944,8770,0,668,0
5.201287031173706,195303,103468,108304,105944,8770,0,668,0
5.216206073760986,195303,103468,108304,105944,8770,0,668,0
5.23114013671875,195303,103468,108304,105944,8770,0,668,0
5.245926141738892,195303,107564,112400,110040,8772,0,668,0
5.260812044143677,195303,107564,112400,110040,8772,0,668,0
5.27577018737793,195303,107564,112400,110040,8772,0,668,0
5.290709018707275,195303,107564,112400,110040,8772,0,668,0
5.3055291175842285,195303,107564,112400,110040,8772,0,668,0
5.320547103881836,195303,107564,112400,110040,8772,0,668,0
5.335355043411255,195303,107564,112400,110040,8772,0,668,0
5.350241184234619,195303,107564,112400,110040,8772,0,668,0
5.36493706703186,195303,107564,112400,110040,8772,0,668,0
5.38010311126709,195303,107564,112400,110040,8772,0,668,0
5.394937038421631,195303,107564,112400,110040,8772,0,668,0
5.4099860191345215,195303,107564,112400,110040,8772,0,668,0
5.424828052520752,195303,107564,112400,110040,8772,0,668,0
5.439548969268799,195303,107564,112400,110040,8772,0,668,0
5.45437216758728,195303,107564,112400,110040,8772,0,668,0
5.469281196594238,195303,107564,112400,110040,8772,0,668,0
5.484065055847168,195303,107564,112400,110040,8772,0,668,0
5.498852968215942,195303,107564,112400,110040,8772,0,668,0
5.513725996017456,195303,107564,112400,110040,8772,0,668,0
5.528548002243042,195303,107564,112400,110040,8772,0,668,0
5.543431997299194,195303,107564,112400,110040,8772,0,668,0
5.558215141296387,195303,109612,114448,112088,8773,0,668,0
5.572998046875,195303,109612,114448,112088,8773,0,668,0
5.588212013244629,195303,109612,114448,112088,8773,0,668,0
5.603078126907349,195303,109612,114448,112088,8773,0,668,0
5.6179351806640625,195303,109612,114448,112088,8773,0,668,0
5.632817029953003,195303,109612,114448,112088,8773,0,668,0
5.647768974304199,195303,111660,116496,114136,8774,0,668,0
5.662705183029175,195303,111660,116496,114136,8774,0,668,0
5.6777050495147705,195303,111660,116496,114136,8774,0,668,0
5.692605018615723,195303,111660,116496,114136,8774,0,668,0
5.707529067993164,195303,111660,116496,114136,8774,0,668,0
5.7223429679870605,195303,111660,116496,114136,8774,0,668,0
5.737222194671631,195303,111660,116496,114136,8774,0,668,0
5.7521820068359375,195303,111660,116496,114136,8774,0,668,0
5.7671589851379395,195303,111660,116496,114136,8774,0,668,0
5.7819859981536865,195303,111660,116496,114136,8774,0,668,0
5.7972681522369385,195303,111660,116496,114136,8774,0,668,0
5.81214714050293,195303,111660,116496,114136,8774,0,668,0
5.826919078826904,195303,111660,116496,114136,8774,0,668,0
5.841842174530029,195303,111660,116496,114136,8774,0,668,0
5.85676908493042,195303,111660,116496,114136,8774,0,668,0
5.871807098388672,195303,111660,116496,114136,8774,0,668,0
5.886771202087402,195303,111660,116496,114136,8774,0,668,0
5.902815103530884,195303,111660,116496,114136,8774,0,668,0
5.917515993118286,195303,111660,116496,114136,8774,0,668,0
5.932620048522949,195303,111660,116496,114136,8774,0,668,0
5.947477102279663,195303,111660,116496,114136,8774,0,668,0
5.962498188018799,195303,111660,116496,114136,8774,0,668,0
5.977269172668457,195303,113708,118544,116184,8775,0,668,0
5.992150068283081,195303,113708,118544,116184,8775,0,668,0
6.006838083267212,195303,113708,118544,116184,8775,0,668,0
6.0215911865234375,195303,113708,118544,116184,8775,0,668,0
6.036550045013428,195303,113708,118544,116184,8775,0,668,0
6.051324129104614,195303,113708,118544,116184,8775,0,668,0
6.066274166107178,195303,115756,120592,118232,8776,0,668,0
6.081360101699829,195303,115756,120592,118232,8776,0,668,0
6.0963170528411865,195303,115756,120592,118232,8776,0,668,0
6.111209154129028,195303,115756,120592,118232,8776,0,668,0
6.126310110092163,195303,115756,120592,118232,8776,0,668,0
6.141111135482788,195303,115756,120592,118232,8776,0,668,0
6.156059980392456,195303,115756,120592,118232,8776,0,668,0
6.170875072479248,195303,115756,120592,118232,8776,0,668,0
6.185598134994507,195303,115756,120592,118232,8776,0,668,0
6.2002341747283936,195303,115756,120592,118232,8776,0,668,0
6.215152978897095,195303,115756,120592,118232,8776,0,668,0
6.230164051055908,195303,115756,120592,118232,8776,0,668,0
6.2452051639556885,195303,115756,120592,118232,8776,0,668,0
6.259984016418457,195303,115756,120592,118232,8776,0,668,0
6.274898052215576,195303,115756,120592,118232,8776,0,668,0
6.2900390625,195303,115756,120592,118232,8776,0,668,0
6.304922103881836,195303,115756,120592,118232,8776,0,668,0
6.319836139678955,195303,115756,120592,118232,8776,0,668,0
6.334871053695679,195303,115756,120592,118232,8776,0,668,0
6.34987998008728,195303,115756,120592,118232,8776,0,668,0
6.364890098571777,195303,115756,120592,118232,8776,0,668,0
6.379664182662964,195303,115756,120592,118232,8776,0,668,0
6.3944480419158936,195303,115756,120592,118232,8776,0,668,0
6.4089601039886475,195303,115756,120592,118232,8776,0,668,0
6.423938989639282,195303,117804,122640,120280,8777,0,668,0
6.438914060592651,195303,117804,122640,120280,8777,0,668,0
6.453840970993042,195303,117804,122640,120280,8777,0,668,0
6.468700170516968,195303,117804,122640,120280,8777,0,668,0
6.4836180210113525,195303,117804,122640,120280,8777,0,668,0
6.498401165008545,195303,119852,124688,122328,8778,0,668,0
6.513336181640625,195303,119852,124688,122328,8778,0,668,0
6.528335094451904,195303,119852,124688,122328,8778,0,668,0
6.5432679653167725,195303,119852,124688,122328,8778,0,668,0
6.558058023452759,195303,119852,124688,122328,8778,0,668,0
6.572950124740601,195303,119852,124688,122328,8778,0,668,0
6.587798118591309,195303,119852,124688,122328,8778,0,668,0
6.602704048156738,195303,119852,124688,122328,8778,0,668,0
6.617856979370117,195303,119852,124688,122328,8778,0,668,0
6.632872104644775,195303,119852,124688,122328,8778,0,668,0
6.647785186767578,195303,119852,124688,122328,8778,0,668,0
6.662868976593018,195303,119852,124688,122328,8778,0,668,0
6.677873134613037,195303,119852,124688,122328,8778,0,668,0
6.692751169204712,195303,119852,124688,122328,8778,0,668,0
6.70735502243042,195303,119852,124688,122328,8778,0,668,0
6.7221550941467285,195303,119852,124688,122328,8778,0,668,0
6.737173080444336,195303,119852,124688,122328,8778,0,668,0
6.752187013626099,195303,119852,124688,122328,8778,0,668,0
6.766897201538086,195303,119852,124688,122328,8778,0,668,0
6.781870126724243,195303,119852,124688,122328,8778,0,668,0
6.79675817489624,195303,119852,124688,122328,8778,0,668,0
6.811704158782959,195303,119852,124688,122328,8778,0,668,0
6.826891183853149,195303,119852,124688,122328,8778,0,668,0
6.84189510345459,195303,119852,124688,122328,8778,0,668,0
6.856841087341309,195303,121900,126736,124376,8779,0,668,0
6.872263193130493,195303,121900,126736,124376,8779,0,668,0
6.887171030044556,195303,121900,126736,124376,8779,0,668,0
6.9021570682525635,195303,121900,126736,124376,8779,0,668,0
6.916966199874878,195303,121900,126736,124376,8779,0,668,0
6.931835174560547,195303,123948,128784,126424,8780,0,668,0
6.946667194366455,195303,123948,128784,126424,8780,0,668,0
6.96169900894165,195303,123948,128784,126424,8780,0,668,0
6.976509094238281,195303,123948,128784,126424,8780,0,668,0
6.991427183151245,195303,123948,128784,126424,8780,0,668,0
7.006293058395386,195303,123948,128784,126424,8780,0,668,0
7.021308183670044,195303,123948,128784,126424,8780,0,668,0
7.036133050918579,195303,123948,128784,126424,8780,0,668,0
7.05107307434082,195303,123948,128784,126424,8780,0,668,0
7.065855026245117,195303,123948,128784,126424,8780,0,668,0
7.080796003341675,195303,123948,128784,126424,8780,0,668,0
7.0956690311431885,195303,123948,128784,126424,8780,0,668,0
7.110519170761108,195303,123948,128784,126424,8780,0,668,0
7.125388145446777,195303,123948,128784,126424,8780,0,668,0
7.140372037887573,195303,123948,128784,126424,8780,0,668,0
7.155013084411621,195303,123948,128784,126424,8780,0,668,0
7.169939994812012,195303,123948,128784,126424,8780,0,668,0
7.1847920417785645,195303,123948,128784,126424,8780,0,668,0
7.199688196182251,195303,123948,128784,126424,8780,0,668,0
7.214439153671265,195303,123948,128784,126424,8780,0,668,0
7.229449987411499,195303,123948,128784,126424,8780,0,668,0
7.244822978973389,195303,123948,128784,126424,8780,0,668,0
7.259760141372681,195303,123948,128784,126424,8780,0,668,0
7.274662971496582,195303,125996,130832,128472,8781,0,669,0
7.2896811962127686,195303,125996,130832,128472,8781,0,669,0
7.304521083831787,195303,125996,130832,128472,8781,0,669,0
7.319491147994995,195303,125996,130832,128472,8781,0,669,0
7.334362983703613,195303,125996,130832,128472,8781,0,669,0
7.349322080612183,195303,125996,130832,128472,8781,0,669,0
7.36418604850769,195303,125996,130832,128472,8781,0,669,0
7.379192113876343,195303,125996,130832,128472,8781,0,669,0
7.394100189208984,195303,125996,130832,128472,8781,0,669,0
7.408886194229126,195303,125996,130832,128472,8781,0,669,0
7.423770189285278,195303,125996,130832,128472,8781,0,669,0
7.438786029815674,195303,125996,130832,128472,8781,0,669,0
7.453911066055298,195303,125996,130832,128472,8781,0,669,0
7.468645095825195,195303,125996,130832,128472,8781,0,669,0
7.483268976211548,195303,125996,130832,128472,8781,0,669,0
7.497859001159668,195303,125996,130832,128472,8781,0,669,0
7.512859106063843,195303,125996,130832,128472,8781,0,669,0
7.527705192565918,195303,125996,130832,128472,8781,0,669,0
7.542608022689819,195303,125996,130832,128472,8781,0,669,0
7.557552099227905,195303,126300,131088,128776,8857,0,669,0
7.572617053985596,195303,129280,136164,131756,9090,0,669,0
7.58775520324707,195303,170240,177124,172716,9130,0,670,0
7.603429079055786,195303,190720,195556,193196,9142,0,670,0
7.6189069747924805,195303,197880,202716,200356,9145,0,670,0
7.634335994720459,195303,208120,212956,210596,9150,0,670,0
7.649816036224365,195303,214264,219100,216740,9154,0,670,0
7.665204048156738,195303,228600,233436,231076,9160,0,671,0
7.680695056915283,195303,240888,245724,243364,9167,0,671,0
7.696883201599121,195303,240888,245724,243364,9167,0,671,0
7.712407112121582,195303,341240,346076,343716,9214,0,673,0
7.728883981704712,195303,392440,397276,394916,9241,0,674,0
7.746096134185791,195303,406776,411612,409252,9248,0,674,0
7.7619850635528564,195303,410872,415708,413348,9250,0,674,0
7.777311086654663,195303,410872,415708,413348,9250,0,674,0
7.792309999465942,195303,410872,415708,413348,9250,0,674,0
7.8073410987854,195303,410872,415708,413348,9250,0,674,0
7.822167158126831,195303,417016,421852,419492,9253,0,674,0
7.8378870487213135,195303,417016,421852,419492,9253,0,674,0
7.8528289794921875,195303,419384,424156,421860,9323,0,674,0
7.868195056915283,195303,423224,428124,425700,10283,0,675,0
7.884271144866943,195303,429540,434268,432016,11873,0,675,0
7.899818181991577,195303,420980,425816,423456,11874,0,675,0
7.915098190307617,195303,429172,434008,431648,11878,0,675,0
7.930644989013672,195303,433268,438104,435744,11880,0,675,0
7.9460930824279785,195303,435316,440152,437792,11881,0,675,0
7.9614341259002686,195303,439412,446296,441888,11883,0,675,0
7.97704815864563,195303,447604,454488,450080,11887,0,675,0
7.992581129074097,195303,457844,462680,460320,11892,0,676,0
8.00822901725769,195303,457844,462680,460320,11892,0,676,0
8.02327299118042,195303,457844,462680,460320,11892,0,676,0
8.03786015510559,195303,457844,462680,460320,11892,0,676,0
8.052801132202148,195303,457844,462680,460320,11892,0,676,0
8.067730188369751,195303,457844,462680,460320,11892,0,676,0
8.082954168319702,195303,457844,462680,460320,11892,0,676,0
8.098107099533081,195303,457844,462680,460320,11892,0,676,0
8.113140106201172,195303,457844,462680,460320,11892,0,676,0
8.128220081329346,195303,457844,462680,460320,11892,0,676,0
8.14344310760498,195303,457844,462680,460320,11892,0,676,0
8.158766031265259,195303,459892,464728,462368,11893,0,676,0
8.174040079116821,195303,459892,464728,462368,11893,0,676,0
8.189164161682129,195303,459892,464728,462368,11893,0,676,0
8.20414113998413,195303,459892,464728,462368,11893,0,676,0
8.219383001327515,195303,466036,470872,468512,11896,0,676,0
8.234766006469727,195303,466036,470872,468512,11896,0,676,0
8.25014615058899,195303,468084,472920,470560,11897,0,676,0
8.2654709815979,195303,470304,475120,472780,11941,0,676,0
8.280765056610107,195303,472352,479236,474828,11942,0,676,0
8.296149969100952,195303,474552,479364,477028,11981,0,676,0
8.311252117156982,195303,474552,479364,477028,11981,0,676,0
8.326014995574951,195303,474552,479364,477028,11981,0,676,0
8.340955018997192,195303,474552,479364,477028,11981,0,676,0
8.35590410232544,195303,474552,479364,477028,11981,0,676,0
8.370773077011108,195303,474352,479232,476828,11981,0,676,0
8.385760068893433,195303,474352,479232,476828,11981,0,676,0
8.40066409111023,195303,474352,479232,476828,11981,0,676,0
8.415661096572876,195303,474352,479232,476828,11981,0,676,0
8.430724143981934,195303,474352,479232,476828,11981,0,676,0
8.445690155029297,195303,474352,479232,476828,11981,0,676,0
8.460555076599121,195303,474352,479232,476828,11981,0,676,0
8.475815057754517,195303,474352,479232,476828,11981,0,676,0
8.491429090499878,195303,474416,479232,476892,11997,0,676,0
8.506959199905396,195303,474416,479232,476892,11997,0,676,0
8.522250175476074,195303,476464,481300,478940,11998,0,676,0
8.537889003753662,195303,476464,481300,478940,11998,0,676,0
8.552978992462158,195303,476464,481300,478940,11998,0,676,0
8.568087100982666,195303,476464,481300,478940,11998,0,676,0
8.583436012268066,195303,476464,481300,478940,11998,0,676,0
8.598884105682373,195303,476464,481300,478940,11998,0,676,0
8.614114999771118,195303,476464,481300,478940,11998,0,676,0
8.629728078842163,195303,476528,481300,479004,11998,0,676,0
8.644967079162598,195303,476576,481300,479052,12026,0,676,0
8.660340070724487,195303,476576,481300,479052,12026,0,676,0
8.675705194473267,195303,478624,483460,481100,12027,0,676,0
8.691084146499634,195303,482720,487556,485196,12029,0,676,0
8.70691704750061,195303,482720,487556,485196,12029,0,676,0
8.722084999084473,195303,482720,487556,485196,12029,0,676,0
8.737266063690186,195303,482720,487556,485196,12029,0,676,0
8.752307176589966,195303,482720,487556,485196,12029,0,676,0
8.7673921585083,195303,482720,487556,485196,12029,0,676,0
8.782914161682129,195303,482720,487556,485196,12029,0,676,0
8.798288106918335,195303,482720,487556,485196,12029,0,676,0
8.813809156417847,195303,482720,487556,485196,12029,0,676,0
8.829209089279175,195303,482720,487556,485196,12029,0,676,0
8.844356060028076,195303,482720,487556,485196,12029,0,676,0
8.859605073928833,195303,482852,487684,485328,12062,0,676,0
8.874978065490723,195303,482920,487684,485396,12079,0,676,0
8.890408992767334,195303,482924,487684,485400,12080,0,676,0
8.905971050262451,195303,482924,487684,485400,12080,0,676,0
8.921317100524902,195303,482924,487684,485400,12080,0,676,0
8.936344146728516,195303,482924,487684,485400,12080,0,676,0
8.95176100730896,195303,482928,487684,485404,12081,0,676,0
8.966963052749634,195303,482928,487684,485404,12081,0,676,0
8.982342004776001,195303,482928,487684,485404,12081,0,676,0
8.997603178024292,195303,482928,487684,485404,12081,0,676,0
9.012945175170898,195303,482928,487684,485404,12081,0,676,0
9.02801513671875,195303,482928,487684,485404,12081,0,676,0
9.043464183807373,195303,482992,487812,485468,12097,0,676,0
9.058509111404419,195303,482992,487812,485468,12097,0,676,0
9.073655128479004,195303,482992,487812,485468,12097,0,676,0
9.088880062103271,195303,482992,487812,485468,12097,0,676,0
9.10400915145874,195303,482992,487812,485468,12097,0,676,0
9.119189977645874,195303,482992,487812,485468,12097,0,676,0
9.13431715965271,195303,482992,487812,485468,12097,0,676,0
9.149525165557861,195303,482992,487812,485468,12097,0,676,0
9.16474199295044,195303,482992,487812,485468,12097,0,676,0
9.17996096611023,195303,482992,487812,485468,12097,0,676,0
9.195305109024048,195303,482992,487812,485468,12097,0,676,0
9.210623025894165,195303,482992,487812,485468,12097,0,676,0
9.225911140441895,195303,482992,487812,485468,12097,0,676,0
9.241255044937134,195303,485040,489876,487516,12098,0,676,0
9.256582975387573,195303,485040,489876,487516,12098,0,676,0
9.272104978561401,195303,487088,491924,489564,12098,0,676,0
9.287392139434814,195303,487088,491924,489564,12099,0,676,0
9.302509069442749,195303,487088,491924,489564,12099,0,676,0
9.31783413887024,195303,497328,502164,499804,12104,0,676,0
9.333957195281982,195303,497328,502164,499804,12104,0,676,0
9.349194049835205,195303,497328,502164,499804,12104,0,676,0
9.364509105682373,195303,497328,502164,499804,12104,0,676,0
9.379737138748169,195303,497328,502164,499804,12104,0,676,0
9.39494514465332,195303,499376,504212,501852,12105,0,676,0
9.41036605834961,195303,499376,504212,501852,12105,0,676,0
9.425595045089722,195303,499376,504212,501852,12105,0,676,0
9.440773010253906,195303,499376,504212,501852,12105,0,676,0
9.45585298538208,195303,499376,504212,501852,12105,0,676,0
9.470905065536499,195303,499376,504212,501852,12105,0,676,0
9.485961198806763,195303,499376,504212,501852,12105,0,676,0
9.501142978668213,195303,499376,504212,501852,12105,0,676,0
9.516326189041138,195303,499376,504212,501852,12105,0,676,0
9.531721115112305,195303,499376,504212,501852,12105,0,676,0
9.546828985214233,195303,499376,504212,501852,12105,0,676,0
9.561906099319458,195303,499376,504212,501852,12105,0,676,0
9.576943159103394,195303,499376,504212,501852,12105,0,676,0
9.592061042785645,195303,499376,504212,501852,12105,0,676,0
9.607314109802246,195303,499376,504212,501852,12105,0,676,0
9.622470140457153,195303,499376,504212,501852,12105,0,676,0
9.637542009353638,195303,499376,504212,501852,12105,0,676,0
9.652827978134155,195303,499376,504212,501852,12105,0,676,0
9.668037176132202,195303,499376,504212,501852,12105,0,676,0
9.683085203170776,195303,499376,504212,501852,12105,0,676,0
9.698281049728394,195303,499376,504212,501852,12105,0,676,0
9.713484048843384,195303,499376,504212,501852,12105,0,676,0
9.728909969329834,195303,499376,504212,501852,12105,0,676,0
9.74462103843689,195303,499376,504212,501852,12105,0,676,0
9.76001501083374,195303,499376,504212,501852,12105,0,676,0
9.775305032730103,195303,501424,506260,503900,12106,0,676,0
9.79098916053772,195303,503472,508308,505948,12107,0,676,0
9.806457996368408,195303,505520,510356,507996,12108,0,676,0
9.821900129318237,195303,507568,512404,510044,12109,0,676,0
9.837279081344604,195303,507568,512404,510044,12109,0,676,0
9.852610111236572,195303,507568,512404,510044,12109,0,676,0
9.867995977401733,195303,507568,512404,510044,12109,0,676,0
9.883219003677368,195303,507568,512404,510044,12109,0,676,0
9.898488998413086,195303,507568,512404,510044,12109,0,676,0
9.913799047470093,195303,507568,512404,510044,12109,0,676,0
9.9289870262146,195303,507568,512404,510044,12109,0,676,0
9.94424819946289,195303,509616,514452,512092,12110,0,676,0
9.959633111953735,195303,515760,520596,518236,12112,0,676,0
9.974987983703613,195303,515760,520596,518236,12113,0,676,0
9.990202188491821,195303,515760,520596,518236,12113,0,676,0
10.005351066589355,195303,515760,520596,518236,12113,0,676,0
10.020409107208252,195303,517808,522644,520284,12114,0,676,0
10.03576397895813,195303,519920,524692,522396,12131,0,677,0
10.05094313621521,195303,519920,524692,522396,12131,0,677,0
10.066943168640137,195303,519984,524820,522460,12147,0,677,0
10.082224130630493,195303,519984,524820,522460,12147,0,677,0
10.097525119781494,195303,519984,524820,522460,12147,0,677,0
10.11292815208435,195303,519984,524820,522460,12147,0,677,0
10.127983093261719,195303,519984,524820,522460,12147,0,677,0
10.14323616027832,195303,519984,524820,522460,12147,0,677,0
10.158425092697144,195303,519984,524820,522460,12147,0,677,0
10.173670053482056,195303,519984,524820,522460,12147,0,677,0
10.188770055770874,195303,519984,524820,522460,12147,0,677,0
10.203860998153687,195303,519984,524820,522460,12147,0,677,0
10.218940019607544,195303,519984,524820,522460,12147,0,677,0
10.234359979629517,195303,519984,524820,522460,12147,0,677,0
10.249921083450317,195303,519984,524820,522460,12147,0,677,0
10.265208005905151,195303,519984,524820,522460,12147,0,677,0
10.28058910369873,195303,522032,526868,524508,12148,0,677,0
10.295969009399414,195303,522032,526868,524508,12148,0,677,0
10.311325073242188,195303,462640,467476,465116,12148,0,676,0
10.326810121536255,195303,464688,469524,467164,12149,0,676,0
10.34200119972229,195303,464688,469524,467164,12149,0,676,0
10.35741901397705,195303,464688,469524,467164,12149,0,676,0
10.373054027557373,195303,470832,475668,473308,12152,0,676,0
10.388691186904907,195303,470832,475668,473308,12152,0,676,0
10.404070138931274,195303,470832,475668,473308,12152,0,676,0
10.419677019119263,195303,470832,475668,473308,12152,0,676,0
10.43488097190857,195303,470832,475668,473308,12152,0,676,0
10.449941158294678,195303,470832,475668,473308,12152,0,676,0
10.46530818939209,195303,470832,475668,473308,12152,0,676,0
10.48068118095398,195303,470832,475668,473308,12152,0,676,0
10.495995044708252,195303,472880,477716,475356,12152,0,676,0
10.511548042297363,195303,472880,477716,475356,12153,0,676,0
10.52701997756958,195303,472880,477716,475356,12153,0,676,0
10.542424201965332,195303,472880,477716,475356,12153,0,676,0
10.557751178741455,195303,472880,477716,475356,12153,0,676,0
10.573364973068237,195303,472880,477716,475356,12153,0,676,0
10.588869094848633,195303,472880,477716,475356,12153,0,676,0
10.604097127914429,195303,472880,477716,475356,12153,0,676,0
10.619400024414062,195303,472880,477716,475356,12153,0,676,0
10.634801149368286,195303,472880,477716,475356,12153,0,676,0
10.649994134902954,195303,474928,479764,477404,12154,0,676,0
10.665418148040771,195303,474928,479764,477404,12154,0,676,0
10.6806800365448,195303,474928,479764,477404,12154,0,676,0
10.695940017700195,195303,474928,479764,477404,12154,0,676,0
10.711265087127686,195303,474928,479764,477404,12154,0,676,0
10.726660013198853,195303,474928,479764,477404,12154,0,676,0
10.741903066635132,195303,476976,481812,479452,12155,0,676,0
10.760003089904785,195303,476976,481812,479452,12155,0,676,0
10.775381088256836,195303,476976,481812,479452,12155,0,676,0
10.790852069854736,195303,479024,483860,481500,12156,0,676,0
10.806074142456055,195303,483120,487956,485596,12158,0,676,0
10.821513175964355,195303,483120,487956,485596,12158,0,676,0
10.836853981018066,195303,483120,487956,485596,12158,0,676,0
10.852289199829102,195303,483120,487956,485596,12158,0,676,0
10.867556095123291,195303,483120,487956,485596,12158,0,676,0
10.883000135421753,195303,483124,487956,485600,12159,0,676,0
10.898589134216309,195303,483124,487956,485600,12159,0,676,0
10.914399147033691,195303,483124,487956,485600,12159,0,676,0
10.929857015609741,195303,483124,487956,485600,12159,0,676,0
10.944948196411133,195303,483124,487956,485600,12159,0,676,0
10.959952116012573,195303,483124,487956,485600,12159,0,676,0
10.975197076797485,195303,483124,487956,485600,12159,0,676,0
10.990324020385742,195303,483124,487956,485600,12159,0,676,0
11.00541615486145,195303,483124,487956,485600,12159,0,676,0
11.020485162734985,195303,483124,487956,485600,12159,0,676,0
11.035662174224854,195303,485172,490008,487648,12160,0,676,0
11.0508451461792,195303,487220,492056,489696,12161,0,676,0
11.066248178482056,195303,487220,492056,489696,12161,0,676,0
11.081605195999146,195303,487220,492056,489696,12161,0,676,0
11.096994161605835,195303,487220,492056,489696,12161,0,676,0
11.112328052520752,195303,487220,492056,489696,12161,0,676,0
11.127833127975464,195303,489268,494104,491744,12162,0,676,0
11.143321990966797,195303,489268,494104,491744,12162,0,676,0
11.158843040466309,195303,489268,494104,491744,12162,0,676,0
11.174669981002808,195303,491316,496152,493792,12163,0,676,0
11.189959049224854,195303,491316,496152,493792,12163,0,676,0
11.205538988113403,195303,491316,496152,493792,12163,0,676,0
11.22097897529602,195303,493364,498200,495840,12164,0,676,0
11.236440181732178,195303,493364,498200,495840,12164,0,676,0
11.251697063446045,195303,493364,498200,495840,12164,0,676,0
11.267003059387207,195303,493512,498328,495988,12201,0,676,0
11.282349109649658,195303,493512,498328,495988,12201,0,676,0
11.297831058502197,195303,493512,498328,495988,12201,0,676,0
11.31301498413086,195303,493512,498328,495988,12201,0,676,0
11.328449010848999,195303,497608,502444,500084,12203,0,676,0
11.343928098678589,195303,497608,502444,500084,12203,0,676,0
11.359026193618774,195303,497608,502444,500084,12203,0,676,0
11.374212980270386,195303,497612,504496,500088,12241,0,676,0
11.389547109603882,195303,499660,504496,502136,12242,0,676,0
11.404986143112183,195303,501708,506544,504184,12243,0,676,0
11.420291185379028,195303,501708,506544,504184,12243,0,676,0
11.43553900718689,195303,501708,506544,504184,12243,0,676,0
11.450956106185913,195303,501708,506544,504184,12243,0,676,0
11.466163158416748,195303,501708,506544,504184,12243,0,676,0
11.481312036514282,195303,501708,506544,504184,12243,0,676,0
11.496533155441284,195303,501596,506544,504072,12243,0,676,0
11.511857032775879,195303,505692,510528,508168,12245,0,676,0
11.527158975601196,195303,505692,510528,508168,12245,0,676,0
11.542400121688843,195303,505692,510528,508168,12245,0,676,0
11.557550191879272,195303,509788,514624,512264,12247,0,676,0
11.572858095169067,195303,511836,516672,514312,12248,0,676,0
11.587897062301636,195303,511836,516672,514312,12248,0,676,0
11.602987051010132,195303,511836,516672,514312,12248,0,676,0
11.617958068847656,195303,511836,516672,514312,12248,0,676,0
11.632872104644775,195303,511836,516672,514312,12248,0,676,0
11.647857189178467,195303,511836,516672,514312,12248,0,676,0
11.662801027297974,195303,511836,516672,514312,12248,0,676,0
11.677986145019531,195303,511836,516672,514312,12248,0,676,0
11.693495035171509,195303,513884,518720,516360,12249,0,676,0
11.70894718170166,195303,515932,520768,518408,12250,0,676,0
11.726969003677368,195303,517980,522816,520456,12251,0,676,0
11.742496967315674,195303,517980,522816,520456,12251,0,676,0
11.757997035980225,195303,517980,522816,520456,12251,0,676,0
11.773357152938843,195303,517980,522816,520456,12251,0,676,0
11.788776159286499,195303,517980,522816,520456,12251,0,676,0
11.80408501625061,195303,517980,522816,520456,12251,0,676,0
11.819907188415527,195303,517980,522816,520456,12251,0,676,0
11.835340976715088,195303,517980,522816,520456,12251,0,676,0
11.850956201553345,195303,520028,524864,522504,12252,0,677,0
11.866304159164429,195303,520028,524864,522504,12252,0,677,0
11.881479978561401,195303,522076,526912,524552,12253,0,677,0
11.896852970123291,195303,522076,526912,524552,12253,0,677,0
11.912206172943115,195303,522076,526912,524552,12253,0,677,0
11.927479982376099,195303,522076,526912,524552,12253,0,677,0
11.94290804862976,195303,522076,526912,524552,12253,0,677,0
11.958475112915039,195303,522076,526912,524552,12253,0,677,0
11.973721027374268,195303,522076,526912,524552,12253,0,677,0
11.98890209197998,195303,522076,526912,524552,12253,0,677,0
12.004055976867676,195303,526172,531008,528648,12255,0,677,0
12.019301176071167,195303,526172,531008,528648,12255,0,677,0
12.034675121307373,195303,526172,531008,528648,12255,0,677,0
12.04990005493164,195303,526172,531008,528648,12255,0,677,0
12.065080165863037,195303,526172,531008,528648,12255,0,677,0
12.080075025558472,195303,526172,531008,528648,12255,0,677,0
12.095273971557617,195303,526172,531008,528648,12255,0,677,0
12.11042308807373,195303,526172,531008,528648,12255,0,677,0
12.12559700012207,195303,526172,531008,528648,12255,0,677,0
12.140912055969238,195303,526172,531008,528648,12255,0,677,0
12.15607213973999,195303,526172,531008,528648,12255,0,677,0
12.171184062957764,195303,526172,531008,528648,12255,0,677,0
12.186349153518677,195303,526172,531008,528648,12255,0,677,0
12.201515197753906,195303,526172,531008,528648,12255,0,677,0
12.216796159744263,195303,526172,533056,528648,12255,0,677,0
12.232275009155273,195303,528220,535104,530696,12256,0,677,0
12.247452974319458,195303,532316,537152,534792,12258,0,677,0
12.26295518875122,195303,534364,539200,536840,12259,0,677,0
12.278313159942627,195303,534364,539200,536840,12259,0,677,0
12.293231010437012,195303,534364,539200,536840,12259,0,677,0
12.307883024215698,195303,534364,539200,536840,12259,0,677,0
12.322839975357056,195303,534364,539200,536840,12259,0,677,0
12.33772897720337,195303,536412,541248,538888,12260,0,677,0
12.352873086929321,195303,536412,541248,538888,12260,0,677,0
12.36798906326294,195303,536412,541248,538888,12260,0,677,0
12.382896184921265,195303,536412,541248,538888,12260,0,677,0
12.397979974746704,195303,536412,541248,538888,12260,0,677,0
12.41287612915039,195303,536412,541248,538888,12260,0,677,0
12.427970170974731,195303,536412,541248,538888,12260,0,677,0
12.44342303276062,195303,536412,541248,538888,12260,0,677,0
12.45894718170166,195303,536412,541248,538888,12260,0,677,0
12.474019050598145,195303,536412,541248,538888,12260,0,677,0
12.488998174667358,195303,536412,541248,538888,12260,0,677,0
12.503971099853516,195303,536412,541248,538888,12260,0,677,0
12.518822193145752,195303,536412,541248,538888,12260,0,677,0
12.53380012512207,195303,536412,541248,538888,12260,0,677,0
12.548724174499512,195303,536412,541248,538888,12260,0,677,0
12.563675165176392,195303,536412,541248,538888,12260,0,677,0
12.578756093978882,195303,536412,541248,538888,12260,0,677,0
12.593777179718018,195303,536412,541248,538888,12260,0,677,0
12.608777046203613,195303,536412,541248,538888,12260,0,677,0
12.623825073242188,195303,536412,541248,538888,12260,0,677,0
12.638766050338745,195303,536412,541248,538888,12260,0,677,0
12.653998136520386,195303,536412,541248,538888,12260,0,677,0
12.669027090072632,195303,536412,541248,538888,12260,0,677,0
12.68397307395935,195303,536412,541248,538888,12260,0,677,0
12.701390027999878,195303,536412,541248,538888,12260,0,677,0
12.716057062149048,195303,536412,541248,538888,12260,0,677,0
12.73079514503479,195303,536412,541248,538888,12260,0,677,0
12.745692014694214,195303,536412,541248,538888,12260,0,677,0
12.760349035263062,195303,536412,541248,538888,12260,0,677,0
12.774943113327026,195303,536412,541248,538888,12260,0,677,0
12.789539098739624,195303,536412,541248,538888,12260,0,677,0
12.804301977157593,195303,536412,541248,538888,12260,0,677,0
12.818952083587646,195303,536412,541248,538888,12260,0,677,0
12.833744049072266,195303,536412,541248,538888,12260,0,677,0
12.848690032958984,195303,536412,541248,538888,12260,0,677,0
12.863686084747314,195303,536412,541248,538888,12260,0,677,0
12.878700017929077,195303,536412,541248,538888,12260,0,677,0
12.893412113189697,195303,536412,541248,538888,12260,0,677,0
12.907958030700684,195303,536412,541248,538888,12260,0,677,0
12.922404050827026,195303,536412,541248,538888,12260,0,677,0
12.936936140060425,195303,536412,541248,538888,12260,0,677,0
12.951789140701294,195303,536412,541248,538888,12260,0,677,0
12.966830015182495,195303,536412,541248,538888,12260,0,677,0
12.981715202331543,195303,536412,541248,538888,12260,0,677,0
12.996743202209473,195303,536412,541248,538888,12260,0,677,0
13.011669158935547,195303,536412,541248,538888,12260,0,677,0
13.026525020599365,195303,536412,541248,538888,12260,0,677,0
13.041543006896973,195303,536412,541248,538888,12260,0,677,0
13.056562185287476,195303,536412,541248,538888,12260,0,677,0
13.071652173995972,195303,536412,541248,538888,12260,0,677,0
13.086769104003906,195303,536412,541248,538888,12260,0,677,0
13.101904153823853,195303,536412,541248,538888,12260,0,677,0
13.116933107376099,195303,536412,541248,538888,12260,0,677,0
13.131880044937134,195303,536412,541248,538888,12260,0,677,0
13.14687705039978,195303,536412,541248,538888,12260,0,677,0
13.162017107009888,195303,536412,541248,538888,12260,0,677,0
13.176967144012451,195303,536412,541248,538888,12260,0,677,0
13.191976070404053,195303,536412,541248,538888,12260,0,677,0
13.206974983215332,195303,536412,541248,538888,12260,0,677,0
13.221896171569824,195303,536412,541248,538888,12260,0,677,0
13.236946105957031,195303,536412,541248,538888,12260,0,677,0
13.252012968063354,195303,536412,541248,538888,12260,0,677,0
13.267035007476807,195303,536412,541248,538888,12260,0,677,0
13.281994104385376,195303,536412,541248,538888,12260,0,677,0
13.296970129013062,195303,536412,541248,538888,12260,0,677,0
13.311829090118408,195303,536412,541248,538888,12260,0,677,0
13.32679009437561,195303,536412,541248,538888,12260,0,677,0
13.341714143753052,195303,536412,541248,538888,12260,0,677,0
13.356783151626587,195303,536412,541248,538888,12260,0,677,0
13.37178897857666,195303,536412,541248,538888,12260,0,677,0
13.386839151382446,195303,536412,541248,538888,12260,0,677,0
13.40198302268982,195303,536412,541248,538888,12260,0,677,0
13.416996002197266,195303,536412,541248,538888,12260,0,677,0
13.431977033615112,195303,536412,541248,538888,12260,0,677,0
13.446964979171753,195303,536412,541248,538888,12260,0,677,0
13.461973190307617,195303,536412,541248,538888,12260,0,677,0
13.477007150650024,195303,536412,541248,538888,12260,0,677,0
13.49199914932251,195303,536412,541248,538888,12260,0,677,0
13.507014036178589,195303,536412,541248,538888,12260,0,677,0
13.521988153457642,195303,536412,541248,538888,12260,0,677,0
13.53699803352356,195303,536412,541248,538888,12260,0,677,0
13.5519700050354,195303,536412,541248,538888,12260,0,677,0
13.566936016082764,195303,536412,541248,538888,12260,0,677,0
13.582020998001099,195303,536412,541248,538888,12260,0,677,0
13.596978187561035,195303,536412,541248,538888,12260,0,677,0
13.61187219619751,195303,536412,541248,538888,12260,0,677,0
13.626797199249268,195303,536412,541248,538888,12260,0,677,0
13.641686201095581,195303,536412,541248,538888,12260,0,677,0
13.656670093536377,195303,536412,541248,538888,12260,0,677,0
13.671553134918213,195303,536412,541248,538888,12260,0,677,0
13.686613082885742,195303,536412,541248,538888,12260,0,677,0
13.701987981796265,195303,536412,541248,538888,12260,0,677,0
13.716984987258911,195303,536412,541248,538888,12260,0,677,0
13.731937170028687,195303,536412,541248,538888,12260,0,677,0
13.746932983398438,195303,536412,541248,538888,12260,0,677,0
13.761819124221802,195303,538460,543296,540936,12261,0,677,0
13.777003049850464,195303,546652,551488,549128,12264,0,677,0
13.792309999465942,195303,552796,559680,555272,12268,0,678,0
13.807535171508789,195303,560988,565824,563464,12272,0,678,0
13.82283616065979,195303,569180,574016,571656,12276,0,678,0
13.838062047958374,195303,577372,582208,579848,12280,0,678,0
13.853262186050415,195303,585564,590400,588040,12284,0,678,0
13.868470191955566,195303,593756,598592,596232,12288,0,678,0
13.883701086044312,195303,601948,606784,604424,12291,0,678,0
13.898930072784424,195303,608092,614976,610568,12295,0,678,0
13.913942098617554,195303,616284,621120,618760,12299,0,678,0
13.928929090499878,195303,624476,629312,626952,12303,0,679,0
13.943857192993164,195303,632668,637504,635144,12307,0,679,0
13.959249019622803,195303,640860,645696,643336,12311,0,679,0
13.974323987960815,195303,649052,653888,651528,12315,0,679,0
13.989658117294312,195303,657244,662080,659720,12318,0,680,0
14.005252122879028,195303,663388,670272,665864,12322,0,680,0
14.02052617073059,195303,671580,676416,674056,12326,0,680,0
14.035830020904541,195303,679772,684608,682248,12330,0,680,0
14.051017045974731,195303,687964,692800,690440,12334,0,680,0
14.066295146942139,195303,696156,700992,698632,12338,0,680,0
14.081248044967651,195303,704348,709184,706824,12342,0,680,0
14.096590042114258,195303,712540,717376,715016,12346,0,680,0
14.112097978591919,195303,720732,725568,723208,12349,0,681,0
14.127427101135254,195303,726876,733760,729352,12353,0,681,0
14.142735004425049,195303,735068,739904,737544,12357,0,681,0
14.158001184463501,195303,743260,748096,745736,12361,0,681,0
14.17333698272705,195303,751452,756288,753928,12365,0,682,0
14.188693046569824,195303,759644,764480,762120,12369,0,682,0
14.204029083251953,195303,767836,772672,770312,12373,0,682,0
14.219264030456543,195303,776028,780864,778504,12376,0,682,0
14.2345290184021,195303,782172,789056,784648,12380,0,682,0
14.249961137771606,195303,790364,795200,792840,12384,0,682,0
14.265300989151001,195303,798556,803392,801032,12388,0,682,0
14.280728101730347,195303,806748,811584,809224,12392,0,682,0
14.295981168746948,195303,814940,819776,817416,12396,0,683,0
14.311782121658325,195303,823132,827968,825608,12400,0,683,0
14.32710599899292,195303,831324,836160,833800,12404,0,683,0
14.342549085617065,195303,837468,844352,839944,12407,0,683,0
14.357940196990967,195303,845660,852544,848136,12411,0,684,0
14.373252153396606,195303,853852,858688,856328,12415,0,684,0
14.388537168502808,195303,862044,866880,864520,12419,0,684,0
14.403943061828613,195303,870236,875072,872712,12423,0,684,0
14.419426202774048,195303,878428,883264,880904,12426,0,684,0
14.434853076934814,195303,884572,891456,887048,12430,0,684,0
14.450057983398438,195303,892764,897600,895240,12434,0,684,0
14.465403079986572,195303,900956,905792,903432,12438,0,684,0
14.480858087539673,195303,907100,911936,909576,12440,0,684,0
14.49602198600769,195303,913244,920128,915720,12444,0,685,0
14.51149296760559,195303,921436,928320,923912,12448,0,685,0
14.527090072631836,195303,929628,934464,932104,12452,0,685,0
14.542484998703003,195303,937820,942656,940296,12456,0,685,0
14.557934999465942,195303,946012,950848,948488,12460,0,686,0
14.57331109046936,195303,954204,959040,956680,12464,0,686,0
14.5886971950531,195303,962396,967232,964872,12468,0,686,0
14.603990077972412,195303,968540,975424,971016,12471,0,686,0
14.619259119033813,195303,976732,983616,979208,12475,0,686,0
14.634468078613281,195303,984924,989760,987400,12479,0,686,0
14.650091171264648,195303,993116,997952,995592,12483,0,686,0
14.665404081344604,195303,1001308,1006144,1003784,12487,0,686,0
14.68090009689331,195303,1009500,1014336,1011976,12491,0,686,0
14.696303129196167,195303,1017692,1022528,1020168,12495,0,687,0
14.711812973022461,195303,1025884,1030720,1028360,12498,0,687,0
14.727452993392944,195303,1032028,1038912,1034504,12502,0,687,0
14.742979049682617,195303,1040220,1045056,1042696,12506,0,687,0
14.758366107940674,195303,1048412,1053248,1050888,12510,0,688,0
14.773730039596558,195303,1056604,1061440,1059080,12514,0,688,0
14.789053201675415,195303,1064796,1069632,1067272,12518,0,688,0
14.804375171661377,195303,1072988,1077824,1075464,12522,0,688,0
14.819715976715088,195303,1081180,1086016,1083656,12525,0,688,0
14.834866046905518,195303,1087324,1092160,1089800,12529,0,688,0
14.849996089935303,195303,1091460,1098344,1093936,12541,0,688,0
14.865288019180298,195303,1099652,1104488,1102128,12545,0,688,0
14.880526065826416,195303,1107844,1112680,1110320,12549,0,688,0
14.896005153656006,195303,1116036,1120872,1118512,12553,0,689,0
14.911408185958862,195303,1124228,1129064,1126704,12557,0,689,0
14.92685604095459,195303,1132420,1137256,1134896,12561,0,689,0
14.942476987838745,195303,1140612,1145448,1143088,12565,0,689,0
14.958225011825562,195303,1148804,1153640,1151280,12568,0,690,0
14.973705053329468,195303,1154948,1161832,1157424,12572,0,690,0
14.98908019065857,195303,1163140,1167976,1165616,12576,0,690,0
15.004446029663086,195303,1171332,1176168,1173808,12580,0,690,0
15.019731044769287,195303,1179524,1184360,1182000,12584,0,690,0
15.03496503829956,195303,1187716,1192552,1190192,12588,0,690,0
15.050387144088745,195303,1195908,1200744,1198384,12592,0,690,0
15.065775156021118,195303,1204100,1208936,1206576,12596,0,690,0
15.080935001373291,195303,1212292,1217128,1214768,12599,0,691,0
15.096388101577759,195303,1220484,1225320,1222960,12603,0,691,0
15.111894130706787,195303,1226628,1233512,1229104,12607,0,691,0
15.127386093139648,195303,1234820,1239656,1237296,12611,0,691,0
15.142935037612915,195303,1243012,1247848,1245488,12615,0,692,0
15.158222198486328,195303,1251204,1256040,1253680,12619,0,692,0
15.173618078231812,195303,1259396,1264232,1261872,12623,0,692,0
15.189007043838501,195303,1267588,1272424,1270064,12627,0,692,0
15.204455137252808,195303,1275780,1280616,1278256,12631,0,692,0
15.219967126846313,195303,1283972,1288808,1286448,12634,0,692,0
15.235363006591797,195303,1290116,1297000,1292592,12638,0,692,0
15.250842094421387,195303,1298308,1305192,1300784,12642,0,692,0
15.266112089157104,195303,1306500,1311336,1308976,12646,0,692,0
15.281390190124512,195303,1314692,1319528,1317168,12650,0,693,0
15.29646611213684,195303,1322884,1327720,1325360,12654,0,693,0
15.311706066131592,195303,1331076,1335912,1333552,12658,0,693,0
15.327409029006958,195303,1339268,1344104,1341744,12661,0,693,0
15.342832088470459,195303,1345412,1352296,1347888,12665,0,694,0
15.358114004135132,195303,1353604,1358440,1356080,12669,0,694,0
15.373462200164795,195303,1361796,1366632,1364272,12673,0,694,0
15.388823986053467,195303,1369988,1374824,1372464,12677,0,694,0
15.404170989990234,195303,1378180,1383016,1380656,12681,0,694,0
15.419589042663574,195303,1386372,1391208,1388848,12685,0,694,0
15.434991121292114,195303,1394564,1399400,1397040,12689,0,694,0
15.450428009033203,195303,1402756,1407592,1405232,12692,0,694,0
15.465874195098877,195303,1408900,1415784,1411376,12696,0,695,0
15.48129916191101,195303,1417092,1421928,1419568,12700,0,695,0
15.49679708480835,195303,1425284,1430120,1427760,12704,0,695,0
15.51227617263794,195303,1433476,1438312,1435952,12708,0,695,0
15.52764105796814,195303,1441668,1446504,1444144,12712,0,696,0
15.543102979660034,195303,1449860,1454696,1452336,12715,0,696,0
15.558449029922485,195303,1456004,1462888,1458480,12719,0,696,0
15.57404112815857,195303,1464196,1469032,1466672,12723,0,696,0
15.589313983917236,195303,1472388,1477224,1474864,12727,0,696,0
15.60452914237976,195303,1480580,1485416,1483056,12731,0,696,0
15.620316982269287,195303,1488772,1493608,1491248,12735,0,696,0
15.635708093643188,195303,1496964,1501800,1499440,12739,0,696,0
15.651101112365723,195303,1505156,1509992,1507632,12743,0,697,0
15.666715145111084,195303,1513348,1518184,1515824,12746,0,697,0
15.682061195373535,195303,1519492,1526376,1521968,12750,0,697,0
15.697389125823975,195303,1527684,1534568,1530160,12754,0,697,0
15.71291708946228,195303,1535876,1540712,1538352,12758,0,697,0
15.728371143341064,195303,1544068,1548904,1546544,12762,0,698,0
15.74381709098816,195303,1552260,1557096,1554736,12766,0,698,0
15.7592031955719,195303,1560452,1565288,1562928,12770,0,698,0
15.775030136108398,195303,1568644,1573480,1571120,12774,0,698,0
15.790351152420044,195303,1576836,1581672,1579312,12777,0,698,0
15.805704116821289,195303,1585028,1589864,1587504,12781,0,698,0
15.821057081222534,195303,1591172,1598056,1593648,12785,0,698,0
15.836483001708984,195303,1599364,1606248,1601840,12789,0,698,0
15.852051973342896,195303,1607556,1612392,1610032,12793,0,699,0
15.867478132247925,195303,1615748,1620584,1618224,12797,0,699,0
15.882922172546387,195303,1623940,1628776,1626416,12801,0,699,0
15.898336172103882,195303,1632132,1636968,1634608,12805,0,699,0
15.913586139678955,195303,1640324,1645160,1642800,12809,0,700,0
15.929012060165405,195303,1648516,1653352,1650992,12813,0,700,0
15.944444179534912,195303,1656708,1661544,1659184,12816,0,700,0
15.95983600616455,195303,1662852,1669736,1665328,12820,0,700,0
15.975452184677124,195303,1671044,1677928,1673520,12824,0,700,0
15.990862131118774,195303,1679236,1684072,1681712,12828,0,700,0
16.006262063980103,195303,1687428,1692264,1689904,12832,0,700,0
16.021671056747437,195303,1695620,1700456,1698096,12836,0,700,0
16.037034034729004,195303,1703812,1708648,1706288,12840,0,701,0
16.052467107772827,195303,1712004,1716840,1714480,12844,0,701,0
16.067857027053833,195303,1720196,1725032,1722672,12848,0,701,0
16.08334708213806,195303,1728388,1733224,1730864,12851,0,701,0
16.09874200820923,195303,1736580,1741416,1739056,12855,0,702,0
16.1139919757843,195303,1742724,1749608,1745200,12859,0,702,0
16.129404067993164,195303,1750916,1757800,1753392,12863,0,702,0
16.144880056381226,195303,1759108,1763944,1761584,12867,0,702,0
16.160154104232788,195303,1767300,1772136,1769776,12871,0,702,0
16.17545509338379,195303,1775492,1780328,1777968,12875,0,702,0
16.191197156906128,195303,1783684,1788520,1786160,12879,0,702,0
16.20639419555664,195303,1791876,1796712,1794352,12883,0,702,0
16.221925020217896,195303,1800068,1804904,1802544,12887,0,703,0
16.237205982208252,195303,1808260,1813096,1810736,12890,0,703,0
16.252483129501343,195303,1814404,1821288,1816880,12894,0,703,0
16.267752170562744,195303,1822596,1829480,1825072,12898,0,703,0
16.28306007385254,195303,1830788,1835624,1833264,12902,0,703,0
16.29824209213257,195303,1838980,1843816,1841456,12906,0,704,0
16.313610076904297,195303,1847172,1852008,1849648,12910,0,704,0
16.32896113395691,195303,1855364,1860200,1857840,12914,0,704,0
16.34446120262146,195303,1863556,1868392,1866032,12918,0,704,0
16.35994601249695,195303,1871748,1876584,1874224,12922,0,704,0
16.37519598007202,195303,1879940,1884776,1882416,12925,0,704,0
16.390376091003418,195303,1886084,1892968,1888560,12929,0,704,0
16.40605902671814,195303,1894276,1899112,1896752,12933,0,704,0
16.421693086624146,195303,1902468,1907304,1904944,12937,0,705,0
16.43705701828003,195303,1910660,1915496,1913136,12941,0,705,0
16.45249915122986,195303,1906564,1911400,1909040,12944,0,705,0
16.468077182769775,195303,1914756,1919592,1917232,12947,0,705,0
16.48356318473816,195303,1922948,1927784,1925424,12951,0,705,0
16.499011993408203,195303,1929092,1935976,1931568,12955,0,706,0
16.514358043670654,195303,1937284,1942120,1939760,12959,0,706,0
16.52975606918335,195303,1945476,1950312,1947952,12963,0,706,0
16.54510807991028,195303,1953668,1958504,1956144,12967,0,706,0
16.560554027557373,195303,1961860,1966696,1964336,12970,0,706,0
16.57597804069519,195303,1970052,1974888,1972528,12974,0,706,0
16.5916690826416,195303,1976196,1983080,1978672,12978,0,706,0
16.607470989227295,195303,1984388,1989224,1986864,12982,0,706,0
16.622853994369507,195303,1992580,1997416,1995056,12986,0,706,0
16.638068199157715,195303,2000772,2005608,2003248,12990,0,707,0
16.653489112854004,195303,2008964,2013800,2011440,12994,0,707,0
16.66892719268799,195303,2017156,2021992,2019632,12998,0,707,0
16.684278964996338,195303,2025348,2030184,2027824,13002,0,707,0
16.699681997299194,195303,2033540,2038376,2036016,13005,0,708,0
16.714981079101562,195303,2041732,2046568,2044208,13009,0,708,0
16.73042607307434,195303,2047876,2054760,2050352,13013,0,708,0
16.745849132537842,195303,2056068,2060904,2058544,13017,0,708,0
16.761356115341187,195303,2064260,2069096,2066736,13021,0,708,0
16.776686191558838,195303,2072452,2077288,2074928,13025,0,708,0
16.792055130004883,195303,2080644,2085480,2083120,13029,0,708,0
16.80743718147278,195303,2088836,2093672,2091312,13033,0,708,0
16.822942972183228,195303,2097028,2101864,2099504,13037,0,709,0
16.838167190551758,195303,2105220,2110056,2107696,13040,0,709,0
16.853236198425293,195303,2113412,2118248,2115888,13044,0,709,0
16.868649005889893,195303,2119556,2126440,2122032,13048,0,709,0
16.883766174316406,195303,2127748,2134632,2130224,13052,0,710,0
16.899063110351562,195303,2135940,2140776,2138416,13056,0,710,0
16.914430141448975,195303,2144132,2148968,2146608,13060,0,710,0
16.929532051086426,195303,2152324,2157160,2154800,13064,0,710,0
16.944929122924805,195303,2160516,2165352,2162992,13068,0,710,0
16.960464000701904,195303,2168708,2173544,2171184,13071,0,710,0
16.97597312927246,195303,2176900,2181736,2179376,13075,0,710,0
16.99132013320923,195303,2183044,2189928,2185520,13079,0,710,0
17.006851196289062,195303,2191236,2196072,2193712,13083,0,710,0
17.0224289894104,195303,2199428,2204264,2201904,13087,0,711,0
17.037665128707886,195303,2207620,2212456,2210096,13091,0,711,0
17.05279803276062,195303,2215812,2220648,2218288,13095,0,711,0
17.06797218322754,195303,2224004,2228840,2226480,13099,0,711,0
17.083136081695557,195303,2232196,2237032,2234672,13103,0,712,0
17.098342180252075,195303,2240388,2245224,2242864,13107,0,712,0
17.113765001296997,195303,2248580,2253416,2251056,13110,0,712,0
17.129009008407593,195303,2254724,2261608,2257200,13114,0,712,0
17.144525051116943,195303,2262916,2267752,2265392,13118,0,712,0
17.15984606742859,195303,2271108,2275944,2273584,13122,0,712,0
17.17523717880249,195303,2279300,2284136,2281776,13126,0,712,0
17.190771102905273,195303,2287492,2292328,2289968,13129,0,712,0
17.20608115196228,195303,2293636,2300520,2296112,13133,0,713,0
17.221506118774414,195303,2301828,2308712,2304304,13137,0,713,0
17.237332105636597,195303,2310020,2314856,2312496,13141,0,713,0
17.252758979797363,195303,2318212,2323048,2320688,13145,0,713,0
17.26812219619751,195303,2326404,2331240,2328880,13149,0,714,0
17.283499002456665,195303,2334596,2339432,2337072,13153,0,714,0
17.298938989639282,195303,2342788,2347624,2345264,13157,0,714,0
17.31432819366455,195303,2348932,2355816,2351408,13160,0,714,0
17.32966113090515,195303,2357124,2364008,2359600,13164,0,714,0
17.345048189163208,195303,2365316,2370152,2367792,13168,0,714,0
17.36031198501587,195303,2373508,2378344,2375984,13172,0,714,0
17.37568998336792,195303,2381700,2386536,2384176,13176,0,714,0
17.391102075576782,195303,2389892,2394728,2392368,13180,0,715,0
17.406370162963867,195303,2398084,2402920,2400560,13184,0,715,0
17.42152500152588,195303,2406276,2411112,2408752,13187,0,715,0
17.43723702430725,195303,2412420,2419304,2414896,13191,0,715,0
17.452800989151,195303,2420612,2427496,2423088,13195,0,716,0
17.468024969100952,195303,2428804,2433640,2431280,13199,0,716,0
17.483330965042114,195303,2436996,2441832,2439472,13203,0,716,0
17.498525142669678,195303,2445188,2450024,2447664,13207,0,716,0
17.513930082321167,195303,2453380,2458216,2455856,13211,0,716,0
17.529327154159546,195303,2461572,2466408,2464048,13215,0,716,0
17.54478406906128,195303,2469764,2474600,2472240,13218,0,716,0
17.56104612350464,195303,2477956,2482792,2480432,13222,0,716,0
17.57625102996826,195303,2484100,2488936,2486576,13226,0,716,0
17.59185218811035,195303,2488196,2493032,2490672,13228,0,717,0
17.60730004310608,195303,2494340,2499176,2496816,13231,0,717,0
17.62283205986023,195303,2502532,2507368,2505008,13234,0,717,0
17.638247966766357,195303,2508676,2515560,2511152,13238,0,717,0
17.653723001480103,195303,2516868,2523752,2519344,13242,0,717,0
17.668991088867188,195303,2525060,2529896,2527536,13246,0,718,0
17.684179067611694,195303,2533252,2538088,2535728,13250,0,718,0
17.699271202087402,195303,2541444,2546280,2543920,13254,0,718,0
17.714686155319214,195303,2549636,2554472,2552112,13258,0,718,0
17.72994303703308,195303,2557828,2562664,2560304,13262,0,718,0
17.74506402015686,195303,2566020,2570856,2568496,13266,0,718,0
17.76020908355713,195303,2572164,2579048,2574640,13269,0,718,0
17.77549409866333,195303,2580356,2587240,2582832,13273,0,718,0
17.790948152542114,195303,2588548,2593384,2591024,13277,0,719,0
17.80619502067566,195303,2596740,2601576,2599216,13281,0,719,0
17.821585178375244,195303,2604932,2609768,2607408,13285,0,719,0
17.83703303337097,195303,2613124,2617960,2615600,13289,0,719,0
17.85281014442444,195303,2621316,2626152,2623792,13293,0,720,0
17.868089199066162,195303,2629508,2634344,2631984,13297,0,720,0
17.883480072021484,195303,2637700,2642536,2640176,13301,0,720,0
17.89899706840515,195303,2645892,2650728,2648368,13305,0,720,0
17.914416074752808,195303,2654084,2658920,2656560,13309,0,720,0
17.929984092712402,195303,2658180,2663016,2660656,13311,0,720,0
17.945417165756226,195303,2666372,2671208,2668848,13315,0,720,0
17.960808038711548,195303,2672516,2679400,2674992,13318,0,720,0
17.976181983947754,195303,2680708,2687592,2683184,13322,0,720,0
17.991454124450684,195303,2688900,2693736,2691376,13326,0,721,0
18.006965160369873,195303,2697092,2701928,2699568,13330,0,721,0
18.022427082061768,195303,2705284,2710120,2707760,13334,0,721,0
18.037835121154785,195303,2713476,2718312,2715952,13338,0,721,0
18.053157091140747,195303,2721668,2726504,2724144,13342,0,722,0
18.06863307952881,195303,2729860,2734696,2732336,13346,0,722,0
18.083961009979248,195303,2738052,2742888,2740528,13350,0,722,0
18.099322080612183,195303,2746244,2751080,2748720,13354,0,722,0
18.114392042160034,195303,2754436,2759272,2756912,13357,0,722,0
18.129552125930786,195303,2762628,2767464,2765104,13361,0,722,0
18.145024061203003,195303,2768772,2775656,2771248,13365,0,722,0
18.160360097885132,195303,2776964,2781800,2779440,13369,0,722,0
18.17585015296936,195303,2785156,2789992,2787632,13373,0,723,0
18.19097113609314,195303,2793348,2798184,2795824,13377,0,723,0
18.20650005340576,195303,2803588,2808424,2806064,13382,0,723,0
18.221976041793823,195303,2811780,2816616,2814256,13386,0,723,0
18.237085103988647,195303,2819972,2824808,2822448,13390,0,724,0
18.25252604484558,195303,2828164,2833000,2830640,13393,0,724,0
18.268015146255493,195303,2836356,2841192,2838832,13397,0,724,0
18.283668041229248,195303,2842500,2849384,2844976,13401,0,724,0
18.2989501953125,195303,2850692,2857576,2853168,13405,0,724,0
18.314369201660156,195303,2858884,2863720,2861360,13409,0,724,0
18.329811096191406,195303,2867076,2871912,2869552,13413,0,724,0
18.345235109329224,195303,2875268,2880104,2877744,13417,0,724,0
18.360587120056152,195303,2883460,2888296,2885936,13421,0,725,0
18.376018047332764,195303,2891652,2896488,2894128,13425,0,725,0
18.39155411720276,195303,2899844,2904680,2902320,13429,0,725,0
18.407020092010498,195303,2908036,2912872,2910512,13433,0,725,0
18.422346115112305,195303,2916228,2921064,2918704,13436,0,726,0
18.4377281665802,195303,2924420,2929256,2926896,13440,0,726,0
18.45345401763916,195303,2930564,2937448,2933040,13444,0,726,0
18.46897602081299,195303,2938756,2945640,2941232,13448,0,726,0
18.484827041625977,195303,2946948,2953832,2949424,13452,0,726,0
18.500209093093872,195303,2955140,2959976,2957616,13456,0,726,0
18.51580309867859,195303,2963332,2968168,2965808,13460,0,726,0
18.531366109848022,195303,2971524,2976360,2974000,13464,0,726,0
18.54711604118347,195303,2979716,2984552,2982192,13468,0,727,0
18.562657117843628,195303,2987908,2992744,2990384,13471,0,727,0
18.578073024749756,195303,2994052,3000936,2996528,13475,0,727,0
18.59351396560669,195303,3002244,3009128,3004720,13479,0,727,0
18.608989000320435,195303,3010436,3015272,3012912,13483,0,727,0
18.62433910369873,195303,3018628,3023464,3021104,13487,0,728,0
18.639779090881348,195303,3022724,3027560,3025200,13489,0,728,0
18.65504217147827,195303,3028868,3033704,3031344,13492,0,728,0
18.670212984085083,195303,3037060,3041896,3039536,13496,0,728,0
18.68562912940979,195303,3045252,3050088,3047728,13499,0,728,0
18.70131802558899,195303,3045252,3050088,3047728,13500,0,728,0
18.71718716621399,195303,3045252,3052136,3047728,13500,0,728,0
18.732587099075317,195303,3053444,3058280,3055920,13504,0,728,0
18.748093128204346,195303,3061636,3066472,3064112,13508,0,728,0
18.763360023498535,195303,3069828,3074664,3072304,13512,0,728,0
18.778817176818848,195303,3078020,3082856,3080496,13516,0,729,0
18.79422903060913,195303,3086212,3091048,3088688,13520,0,729,0
18.809808015823364,195303,3094404,3099240,3096880,13524,0,729,0
18.825287103652954,195303,3102596,3107432,3105072,13528,0,729,0
18.84086799621582,195303,3110788,3115624,3113264,13531,0,730,0
18.856324195861816,195303,3118980,3123816,3121456,13535,0,730,0
18.87187099456787,195303,3125124,3132008,3127600,13539,0,730,0
18.88749098777771,195303,3133316,3140200,3135792,13543,0,730,0
18.902992010116577,195303,3141508,3146344,3143984,13547,0,730,0
18.91841411590576,195303,3149700,3154536,3152176,13551,0,730,0
18.933871030807495,195303,3157892,3162728,3160368,13555,0,730,0
18.94941210746765,195303,3166084,3170920,3168560,13558,0,730,0
18.964953184127808,195303,3172228,3179112,3174704,13562,0,730,0
18.980342149734497,195303,3180420,3187304,3182896,13566,0,731,0
18.99573302268982,195303,3188612,3193448,3191088,13570,0,731,0
19.011066198349,195303,3196804,3201640,3199280,13574,0,731,0
19.026674032211304,195303,3204996,3209832,3207472,13578,0,731,0
19.04208207130432,195303,3213188,3218024,3215664,13582,0,732,0
19.057412147521973,195303,3221380,3226216,3223856,13586,0,732,0
19.07286810874939,195303,3229572,3234408,3232048,13590,0,732,0
19.088093996047974,195303,3237764,3242600,3240240,13594,0,732,0
19.103629112243652,195303,3245956,3250792,3248432,13597,0,732,0
19.11912202835083,195303,3252100,3258984,3254576,13601,0,732,0
19.134538173675537,195303,3260292,3267176,3262768,13605,0,732,0
19.15001606941223,195303,3268484,3275368,3270960,13609,0,732,0
19.16569709777832,195303,3276676,3281512,3279152,13613,0,733,0
19.18121314048767,195303,3284868,3289704,3287344,13617,0,733,0
19.19673800468445,195303,3293060,3297896,3295536,13621,0,733,0
19.212191104888916,195303,3299204,3304040,3301680,13624,0,733,0
19.227877140045166,195303,3299204,3304040,3301680,13624,0,733,0
19.24322509765625,195303,3299204,3304040,3301680,13624,0,733,0
19.258463144302368,195303,3303300,3308136,3305776,13626,0,733,0
19.27369713783264,195303,3311492,3316328,3313968,13630,0,734,0
19.289055109024048,195303,3319684,3324520,3322160,13634,0,734,0
19.304306983947754,195303,3327876,3332712,3330352,13638,0,734,0
19.319833993911743,195303,3336068,3340904,3338544,13642,0,734,0
19.335369110107422,195303,3344260,3349096,3346736,13646,0,734,0
19.350994110107422,195303,3352452,3357288,3354928,13649,0,734,0
19.366446018218994,195303,3358596,3365480,3361072,13653,0,734,0
19.381997108459473,195303,3366788,3373672,3369264,13657,0,734,0
19.397499084472656,195303,3374980,3379816,3377456,13661,0,735,0
19.412981033325195,195303,3383172,3388008,3385648,13665,0,735,0
19.428713083267212,195303,3391364,3396200,3393840,13669,0,735,0
19.444164037704468,195303,3399556,3404392,3402032,13673,0,735,0
19.45950698852539,195303,3407748,3412584,3410224,13677,0,736,0
19.475017070770264,195303,3415940,3420776,3418416,13681,0,736,0
19.49049997329712,195303,3424132,3428968,3426608,13684,0,736,0
19.505964040756226,195303,3430276,3437160,3432752,13688,0,736,0
19.521944999694824,195303,3438468,3445352,3440944,13692,0,736,0
19.537458181381226,195303,3446660,3451496,3449136,13696,0,736,0
19.55282211303711,195303,3454852,3459688,3457328,13700,0,736,0
19.568416118621826,195303,3463044,3467880,3465520,13704,0,736,0
19.583989143371582,195303,3471236,3476072,3473712,13708,0,736,0
19.59945011138916,195303,3479428,3484264,3481904,13712,0,737,0
19.614969968795776,195303,3487620,3492456,3490096,13716,0,737,0
19.630994081497192,195303,3495812,3500648,3498288,13720,0,737,0
19.646331071853638,195303,3504004,3508840,3506480,13723,0,737,0
19.661789178848267,195303,3510148,3517032,3512624,13727,0,738,0
19.67728900909424,195303,3518340,3525224,3520816,13731,0,738,0
19.692774057388306,195303,3526532,3531368,3529008,13735,0,738,0
19.708237171173096,195303,3534724,3539560,3537200,13739,0,738,0
19.723692178726196,195303,3542916,3547752,3545392,13743,0,738,0
19.739082098007202,195303,3551108,3555944,3553584,13747,0,738,0
19.75449013710022,195303,3559300,3564136,3561776,13751,0,738,0
19.76998805999756,195303,3567492,3572328,3569968,13755,0,738,0
19.785243034362793,195303,3575684,3580520,3578160,13758,0,739,0
19.80073308944702,195303,3581828,3588712,3584304,13762,0,739,0
19.816203117370605,195303,3590020,3596904,3592496,13766,0,739,0
19.83162498474121,195303,3598212,3603048,3600688,13770,0,739,0
19.847114086151123,195303,3606404,3611240,3608880,13774,0,740,0
19.8622989654541,195303,3614596,3619432,3617072,13778,0,740,0
19.877763986587524,195303,3622788,3627624,3625264,13782,0,740,0
19.893242120742798,195303,3630980,3635816,3633456,13786,0,740,0
19.90872597694397,195303,3639172,3644008,3641648,13790,0,740,0
19.924108028411865,195303,3647364,3652200,3649840,13793,0,740,0
19.94010901451111,195303,3653508,3660392,3655984,13797,0,740,0
19.955510139465332,195303,3661700,3666536,3664176,13801,0,740,0
19.971076011657715,195303,3669892,3674728,3672368,13805,0,741,0
19.98651099205017,195303,3678084,3682920,3680560,13809,0,741,0
20.002008199691772,195303,3686276,3691112,3688752,13813,0,741,0
20.017665147781372,195303,3694468,3699304,3696944,13817,0,741,0
20.033092975616455,195303,3702660,3707496,3705136,13821,0,742,0
20.048861980438232,195303,3710852,3715688,3713328,13825,0,742,0
20.06434917449951,195303,3719044,3723880,3721520,13828,0,742,0
20.07983899116516,195303,3725188,3732072,3727664,13832,0,742,0
20.095312118530273,195303,3733380,3740264,3735856,13836,0,742,0
20.110952138900757,195303,3741572,3748456,3744048,13840,0,742,0
20.12645411491394,195303,3749764,3754600,3752240,13844,0,742,0
20.14229106903076,195303,3757956,3762792,3760432,13848,0,742,0
20.157762050628662,195303,3766148,3770984,3768624,13852,0,742,0
20.17322611808777,195303,3774340,3779176,3776816,13856,0,743,0
20.188822031021118,195303,3784580,3789416,3787056,13861,0,743,0
20.204519033432007,195303,3790724,3795560,3793200,13863,0,743,0
20.220038175582886,195303,3794820,3799656,3797296,13866,0,743,0
20.23536515235901,195303,3798916,3803752,3801392,13867,0,743,0
20.251034021377563,195303,3803012,3807848,3805488,13870,0,744,0
20.266556978225708,195303,3807108,3811944,3809584,13872,0,744,0
20.282376050949097,195303,3809156,3813992,3811632,13873,0,744,0
20.29793906211853,195303,3815300,3820136,3817776,13876,0,744,0
20.313367128372192,195303,3823492,3828328,3825968,13879,0,744,0
20.328920125961304,195303,3829636,3836520,3832112,13883,0,744,0
20.344398975372314,195303,3837828,3844712,3840304,13887,0,744,0
20.360016107559204,195303,3846020,3850856,3848496,13891,0,744,0
20.375709056854248,195303,3854212,3859048,3856688,13895,0,744,0
20.3910231590271,195303,3862404,3867240,3864880,13899,0,744,0
20.406529188156128,195303,3870596,3875432,3873072,13903,0,745,0
20.42201018333435,195303,3878788,3883624,3881264,13907,0,745,0
20.43755006790161,195303,3886980,3891816,3889456,13911,0,745,0
20.453088998794556,195303,3895172,3900008,3897648,13914,0,745,0
20.468769073486328,195303,3903364,3908200,3905840,13918,0,746,0
20.484316110610962,195303,3909508,3916392,3911984,13922,0,746,0
20.500301122665405,195303,3917700,3924584,3920176,13926,0,746,0
20.51589298248291,195303,3925892,3930728,3928368,13930,0,746,0
20.53152108192444,195303,3934084,3938920,3936560,13934,0,746,0
20.547007083892822,195303,3942276,3947112,3944752,13938,0,746,0
20.562884092330933,195303,3950468,3955304,3952944,13942,0,746,0
20.57829713821411,195303,3958660,3963496,3961136,13946,0,746,0
20.593897104263306,195303,3966852,3971688,3969328,13950,0,747,0
20.60942506790161,195303,3972996,3979880,3975472,13953,0,747,0
20.624969005584717,195303,3981188,3986024,3983664,13957,0,747,0
20.640546083450317,195303,3989380,3994216,3991856,13961,0,747,0
20.6562340259552,195303,3997572,4002408,4000048,13965,0,748,0
20.6716890335083,195303,4005764,4010600,4008240,13969,0,748,0
20.687262058258057,195303,4013956,4018792,4016432,13973,0,748,0
20.702778100967407,195303,4022148,4026984,4024624,13977,0,748,0
20.71835207939148,195303,4030340,4035176,4032816,13981,0,748,0
20.733800172805786,195303,4038532,4043368,4041008,13984,0,748,0
20.749255180358887,195303,4044676,4051560,4047152,13988,0,748,0
20.76512598991394,195303,4052868,4059752,4055344,13992,0,748,0
20.78070616722107,195303,4061060,4065896,4063536,13996,0,748,0
20.796427965164185,195303,4069252,4074088,4071728,14000,0,749,0
20.812833070755005,195303,4077444,4082280,4079920,14004,0,749,0
20.828327178955078,195303,4085636,4090472,4088112,14008,0,749,0
20.84386110305786,195303,4093828,4098664,4096304,14012,0,749,0
20.859532117843628,195303,4102020,4106856,4104496,14016,0,750,0
20.87513017654419,195303,4110212,4115048,4112688,14020,0,750,0
20.890907049179077,195303,4118404,4123240,4120880,14023,0,750,0
20.906589031219482,195303,4126596,4131432,4129072,14027,0,750,0
20.922139167785645,195303,4132740,4139624,4135216,14031,0,750,0
20.937750101089478,195303,4140932,4147816,4143408,14035,0,750,0
20.953291177749634,195303,4149124,4153960,4151600,14039,0,750,0
20.968947172164917,195303,4157316,4162152,4159792,14043,0,750,0
20.984523057937622,195303,4165508,4170344,4167984,14047,0,751,0
21.000102043151855,195303,4173700,4178536,4176176,14051,0,751,0
21.01558208465576,195303,4181892,4186728,4184368,14055,0,751,0
21.03120517730713,195303,4190084,4194920,4192560,14059,0,751,0
21.04686403274536,195303,4198276,4203112,4200752,14062,0,752,0
21.06234312057495,195303,4204420,4211304,4206896,14066,0,752,0
21.077985048294067,195303,4212612,4219496,4215088,14070,0,752,0
21.09379506111145,195303,4220804,4227688,4223280,14074,0,752,0
21.109354972839355,195303,4228996,4233832,4231472,14078,0,752,0
21.12497115135193,195303,4237188,4242024,4239664,14082,0,752,0
21.140547037124634,195303,4245380,4250216,4247856,14086,0,752,0
21.156089067459106,195303,4253572,4258408,4256048,14090,0,752,0
21.171678066253662,195303,4261764,4266600,4264240,14094,0,753,0
21.18730401992798,195303,4269956,4274792,4272432,14098,0,753,0
21.202946186065674,195303,4278148,4282984,4280624,14102,0,753,0
21.218582153320312,195303,4286340,4291176,4288816,14105,0,753,0
21.234282970428467,195303,4294532,4299368,4297008,14109,0,754,0
21.24998903274536,195303,4300676,4307560,4303152,14113,0,754,0
21.265530109405518,195303,4308868,4315752,4311344,14117,0,754,0
21.28117299079895,195303,4317060,4321896,4319536,14121,0,754,0
21.296795129776,195303,4325252,4330088,4327728,14125,0,754,0
21.312361001968384,195303,4333444,4338280,4335920,14129,0,754,0
21.327887058258057,195303,4341636,4346472,4344112,14133,0,754,0
21.343497037887573,195303,4349828,4354664,4352304,14137,0,754,0
21.35908007621765,195303,4358020,4362856,4360496,14141,0,755,0
21.374669075012207,195303,4366212,4371048,4368688,14145,0,755,0
21.390148162841797,195303,4374404,4379240,4376880,14149,0,755,0
21.405840158462524,195303,4382596,4387432,4385072,14152,0,755,0
21.421419143676758,195303,4388740,4395624,4391216,14156,0,756,0
21.43704605102539,195303,4396932,4401768,4399408,14160,0,756,0
21.45270299911499,195303,4405124,4409960,4407600,14164,0,756,0
21.468517065048218,195303,4413316,4418152,4415792,14168,0,756,0
21.484049081802368,195303,4421508,4426344,4423984,14172,0,756,0
21.49946403503418,195303,4429700,4434536,4432176,14176,0,756,0
21.51504611968994,195303,4437892,4442728,4440368,14180,0,756,0
21.530538082122803,195303,4446084,4450920,4448560,14183,0,756,0
21.54605007171631,195303,4454276,4459112,4456752,14187,0,756,0
21.56166911125183,195303,4460420,4467304,4462896,14191,0,757,0
21.577227115631104,195303,4468612,4473448,4471088,14195,0,757,0
21.592777967453003,195303,4476804,4481640,4479280,14199,0,757,0
21.60854196548462,195303,4484996,4489832,4487472,14203,0,757,0
21.62426209449768,195303,4493188,4498024,4495664,14206,0,758,0
21.639841079711914,195303,4501380,4506216,4503856,14210,0,758,0
21.65539002418518,195303,4507524,4514408,4510000,14214,0,758,0
21.670993089675903,195303,4515716,4522600,4518192,14218,0,758,0
21.686530113220215,195303,4523908,4530792,4526384,14222,0,758,0
21.70200514793396,195303,4532100,4536936,4534576,14226,0,758,0
21.717514991760254,195303,4540292,4545128,4542768,14230,0,758,0
21.733076095581055,195303,4548484,4553320,4550960,14234,0,758,0
21.748260974884033,195303,4556676,4561512,4559152,14238,0,759,0
21.763731002807617,195303,4564868,4569704,4567344,14242,0,759,0
21.77936601638794,195303,4573060,4577896,4575536,14246,0,759,0
21.7949481010437,195303,4581252,4586088,4583728,14250,0,759,0
21.8106210231781,195303,4589444,4594280,4591920,14253,0,760,0
21.826207160949707,195303,4595588,4602472,4598064,14257,0,760,0
21.841785192489624,195303,4603780,4610664,4606256,14261,0,760,0
21.85723614692688,195303,4611972,4618856,4614448,14265,0,760,0
21.87292718887329,195303,4620164,4625000,4622640,14269,0,760,0
21.88842010498047,195303,4626308,4633192,4628784,14272,0,760,0
21.90401816368103,195303,4630932,4636008,4633408,14873,0,760,0
21.919536113739014,195303,4636572,4641640,4639048,16321,0,760,0
21.936987161636353,195303,4641796,4646888,4644272,17587,0,760,0
21.952551126480103,195303,4646792,4652008,4649268,18881,0,760,0
21.968224048614502,195303,4652124,4657256,4654600,20168,0,760,0
21.984243154525757,195303,4657260,4662504,4659736,21451,0,761,0
22.000019073486328,195303,4662688,4667880,4665164,22810,0,761,0
22.016369104385376,195303,4667868,4673128,4670344,24102,0,761,0
22.032443046569824,195303,4673256,4678248,4675732,25448,0,761,0
22.048722982406616,195303,4679556,4684392,4682032,25540,0,761,0
22.064953088760376,195303,4683652,4688488,4686128,25542,0,761,0
22.081088066101074,195303,4685700,4690536,4688176,25543,0,762,0
22.097007036209106,195303,4685700,4690536,4688176,25543,0,762,0
22.112986087799072,195303,4685700,4690536,4688176,25543,0,762,0
22.128847122192383,195303,4685700,4690536,4688176,25543,0,762,0
22.144787073135376,195303,4685700,4690536,4688176,25543,0,762,0
22.16078805923462,195303,4685700,4690536,4688176,25543,0,762,0
22.176716089248657,195303,4685700,4690536,4688176,25543,0,762,0
22.192748069763184,195303,4685700,4690536,4688176,25543,0,762,0
22.208731174468994,195303,4685700,4690536,4688176,25543,0,762,0
22.224977016448975,195303,4685700,4690536,4688176,25543,0,762,0
22.240972995758057,195303,4685700,4690536,4688176,25543,0,762,0
22.25686812400818,195303,4685700,4690536,4688176,25543,0,762,0
22.272818088531494,195303,4685700,4690536,4688176,25543,0,762,0
22.28872513771057,195303,4685700,4690536,4688176,25543,0,762,0
22.304956197738647,195303,4685700,4690536,4688176,25543,0,762,0
22.320965051651,195303,4685700,4690536,4688176,25543,0,762,0
22.33705711364746,195303,4685700,4690536,4688176,25543,0,762,0
22.35282301902771,195303,4685700,4690536,4688176,25543,0,762,0
22.368316173553467,195303,4685700,4690536,4688176,25543,0,762,0
22.383939027786255,195303,4685700,4690536,4688176,25543,0,762,0
22.399517059326172,195303,4685700,4690536,4688176,25543,0,762,0
22.414990186691284,195303,4685700,4690536,4688176,25543,0,762,0
22.431053161621094,195303,4685700,4690536,4688176,25543,0,762,0
22.446866035461426,195303,4685700,4690536,4688176,25543,0,762,0
22.46248197555542,195303,4685700,4690536,4688176,25543,0,762,0
22.478427171707153,195303,4685700,4690536,4688176,25543,0,762,0
22.493996143341064,195303,4685700,4690536,4688176,25543,0,762,0
22.50975799560547,195303,4685700,4690536,4688176,25543,0,762,0
22.525418996810913,195303,4685700,4690536,4688176,25543,0,762,0
22.541011095046997,195303,4685700,4690536,4688176,25543,0,762,0
22.556576013565063,195303,4685700,4690536,4688176,25543,0,762,0
22.57197618484497,195303,4685700,4690536,4688176,25543,0,762,0
22.587499141693115,195303,4685700,4690536,4688176,25543,0,762,0
22.603238105773926,195303,3954564,3959400,3957040,25543,0,746,0
22.619002103805542,195303,3954564,3959400,3957040,25543,0,746,0
22.63502812385559,195303,3954564,3959400,3957040,25543,0,746,0
22.65070414543152,195303,3954564,3959400,3957040,25543,0,746,0
22.666146993637085,195303,3954564,3959400,3957040,25543,0,746,0
22.681859970092773,195303,3954564,3959400,3957040,25543,0,746,0
22.697668075561523,195303,3954564,3959400,3957040,25543,0,746,0
22.713478088378906,195303,3954564,3959400,3957040,25543,0,746,0
22.729082107543945,195303,3954564,3959400,3957040,25543,0,746,0
22.74491810798645,195303,3954564,3959400,3957040,25543,0,746,0
22.7605881690979,195303,3954564,3959400,3957040,25543,0,746,0
22.77647113800049,195303,3954564,3959400,3957040,25543,0,746,0
22.7919921875,195303,3954564,3959400,3957040,25543,0,746,0
22.80764603614807,195303,3954564,3959400,3957040,25543,0,746,0
22.82301616668701,195303,3954564,3959400,3957040,25543,0,746,0
22.838945150375366,195303,3954564,3959400,3957040,25543,0,746,0
22.8546781539917,195303,3954564,3959400,3957040,25543,0,746,0
22.870081186294556,195303,3954564,3959400,3957040,25543,0,746,0
22.8858540058136,195303,3954564,3959400,3957040,25543,0,746,0
22.901148080825806,195303,3954564,3959400,3957040,25543,0,746,0
22.916848182678223,195303,3954564,3959400,3957040,25543,0,746,0
22.932761192321777,195303,3954564,3959400,3957040,25543,0,746,0
22.948405981063843,195303,3954564,3959400,3957040,25543,0,746,0
22.963993072509766,195303,3954564,3959400,3957040,25543,0,746,0
22.979608058929443,195303,3954564,3959400,3957040,25543,0,746,0
22.995316982269287,195303,3954564,3959400,3957040,25543,0,746,0
23.010887145996094,195303,3954564,3959400,3957040,25543,0,746,0
23.026434183120728,195303,3954564,3959400,3957040,25543,0,746,0
23.042031049728394,195303,3954564,3959400,3957040,25543,0,746,0
23.058019161224365,195303,3954564,3959400,3957040,25543,0,746,0
23.07389497756958,195303,3954564,3959400,3957040,25543,0,746,0
23.089579105377197,195303,3954564,3959400,3957040,25543,0,746,0
23.105010986328125,195303,3954564,3959400,3957040,25543,0,746,0
23.120686054229736,195303,3954564,3959400,3957040,25543,0,746,0
23.136059045791626,195303,3954564,3959400,3957040,25543,0,746,0
23.15191102027893,195303,3954564,3959400,3957040,25543,0,746,0
23.167601108551025,195303,3954564,3959400,3957040,25543,0,746,0
23.183014154434204,195303,3954564,3959400,3957040,25543,0,746,0
23.19855499267578,195303,3954564,3959400,3957040,25543,0,746,0
23.21447205543518,195303,3954564,3959400,3957040,25543,0,746,0
23.230138063430786,195303,3954564,3959400,3957040,25543,0,746,0
23.24578619003296,195303,3954564,3959400,3957040,25543,0,746,0
23.261442184448242,195303,3954564,3959400,3957040,25543,0,746,0
23.27696418762207,195303,3954564,3959400,3957040,25543,0,746,0
23.292670965194702,195303,3954564,3959400,3957040,25543,0,746,0
23.308362007141113,195303,3954564,3959400,3957040,25543,0,746,0
23.323992013931274,195303,3954564,3959400,3957040,25543,0,746,0
23.339720010757446,195303,3954564,3959400,3957040,25543,0,746,0
23.35507106781006,195303,3954564,3959400,3957040,25543,0,746,0
23.37082600593567,195303,3954564,3959400,3957040,25543,0,746,0
23.386380195617676,195303,3954564,3959400,3957040,25543,0,746,0
23.403046131134033,195303,3954564,3959400,3957040,25543,0,746,0
23.418742179870605,195303,3954564,3959400,3957040,25543,0,746,0
23.434134006500244,195303,3954564,3959400,3957040,25543,0,746,0
23.449787139892578,195303,3954564,3959400,3957040,25543,0,746,0
23.465588092803955,195303,3954564,3959400,3957040,25543,0,746,0
23.48118019104004,195303,3954564,3959400,3957040,25543,0,746,0
23.496982097625732,195303,3954564,3959400,3957040,25543,0,746,0
23.51290202140808,195303,3954564,3959400,3957040,25543,0,746,0
23.52866506576538,195303,3954564,3959400,3957040,25543,0,746,0
23.544413089752197,195303,3954564,3959400,3957040,25543,0,746,0
23.560060024261475,195303,3954564,3959400,3957040,25543,0,746,0
23.575833082199097,195303,3954564,3959400,3957040,25543,0,746,0
23.59166717529297,195303,3954564,3959400,3957040,25543,0,746,0
23.607108116149902,195303,3954564,3959400,3957040,25543,0,746,0
23.62295913696289,195303,3954564,3959400,3957040,25543,0,746,0
23.638662099838257,195303,3954564,3959400,3957040,25543,0,746,0
23.65397000312805,195303,3954564,3959400,3957040,25543,0,746,0
23.669481992721558,195303,3954564,3959400,3957040,25543,0,746,0
23.68544602394104,195303,3954564,3959400,3957040,25543,0,746,0
23.701069116592407,195303,3954564,3959400,3957040,25543,0,746,0
23.716535091400146,195303,3954564,3959400,3957040,25543,0,746,0
23.732031106948853,195303,3954564,3959400,3957040,25543,0,746,0
23.747594118118286,195303,3954564,3959400,3957040,25543,0,746,0
23.763025999069214,195303,3954564,3959400,3957040,25543,0,746,0
23.778818130493164,195303,3954564,3959400,3957040,25543,0,746,0
23.79450511932373,195303,3954564,3959400,3957040,25543,0,746,0
23.80996012687683,195303,3954564,3959400,3957040,25543,0,746,0
23.825551986694336,195303,3954564,3959400,3957040,25543,0,746,0
23.840996980667114,195303,3954564,3959400,3957040,25543,0,746,0
23.856554985046387,195303,3954564,3959400,3957040,25543,0,746,0
23.87199306488037,195303,3954564,3959400,3957040,25543,0,746,0
23.887758016586304,195303,3954564,3959400,3957040,25543,0,746,0
23.903534173965454,195303,3954564,3959400,3957040,25543,0,746,0
23.9190731048584,195303,3954564,3959400,3957040,25543,0,746,0
23.93467116355896,195303,3954564,3959400,3957040,25543,0,746,0
23.950432062149048,195303,3954564,3959400,3957040,25543,0,746,0
23.96603298187256,195303,3954564,3959400,3957040,25543,0,746,0
23.98167109489441,195303,3954564,3959400,3957040,25543,0,746,0
23.997392177581787,195303,3954564,3959400,3957040,25543,0,746,0
24.012988090515137,195303,3954564,3959400,3957040,25543,0,746,0
24.02868103981018,195303,3954564,3959400,3957040,25543,0,746,0
24.044384002685547,195303,3954564,3959400,3957040,25543,0,746,0
24.060010194778442,195303,3954564,3959400,3957040,25543,0,746,0
24.075534105300903,195303,3954564,3959400,3957040,25543,0,746,0
24.091060161590576,195303,3954564,3959400,3957040,25543,0,746,0
24.106805086135864,195303,3954564,3959400,3957040,25543,0,746,0
24.122335195541382,195303,3954564,3959400,3957040,25543,0,746,0
24.137761116027832,195303,3954564,3959400,3957040,25543,0,746,0
24.153146028518677,195303,3954564,3959400,3957040,25543,0,746,0
24.168745040893555,195303,3954564,3959400,3957040,25543,0,746,0
24.18403697013855,195303,3954564,3959400,3957040,25543,0,746,0
24.199740171432495,195303,3954564,3959400,3957040,25543,0,746,0
24.214953184127808,195303,3954564,3959400,3957040,25543,0,746,0
24.230404138565063,195303,3954564,3959400,3957040,25543,0,746,0
24.245975971221924,195303,3954564,3959400,3957040,25543,0,746,0
24.261785984039307,195303,3954564,3959400,3957040,25543,0,746,0
24.27703619003296,195303,3954564,3959400,3957040,25543,0,746,0
24.29269814491272,195303,3954564,3959400,3957040,25543,0,746,0
24.308354139328003,195303,3954564,3959400,3957040,25543,0,746,0
24.324021100997925,195303,3954564,3959400,3957040,25543,0,746,0
24.33987307548523,195303,3954564,3959400,3957040,25543,0,746,0
24.355549097061157,195303,3954564,3959400,3957040,25543,0,746,0
24.371289014816284,195303,3954564,3959400,3957040,25543,0,746,0
24.38698410987854,195303,3954564,3959400,3957040,25543,0,746,0
24.40289807319641,195303,3954564,3959400,3957040,25543,0,746,0
24.418682098388672,195303,3954564,3959400,3957040,25543,0,746,0
24.434421062469482,195303,3954564,3959400,3957040,25543,0,746,0
24.450000047683716,195303,3954564,3959400,3957040,25543,0,746,0
24.46593403816223,195303,3954564,3959400,3957040,25543,0,746,0
24.481621026992798,195303,3954564,3959400,3957040,25543,0,746,0
24.49716019630432,195303,3954564,3959400,3957040,25543,0,746,0
24.513137102127075,195303,3954564,3959400,3957040,25543,0,746,0
24.529008150100708,195303,3954564,3959400,3957040,25543,0,746,0
24.544775009155273,195303,3954564,3959400,3957040,25543,0,746,0
24.560429096221924,195303,3954564,3959400,3957040,25543,0,746,0
24.576009035110474,195303,3954564,3959400,3957040,25543,0,746,0
24.591615200042725,195303,3954564,3959400,3957040,25543,0,746,0
24.607096195220947,195303,3954564,3959400,3957040,25543,0,746,0
24.622806072235107,195303,3954564,3959400,3957040,25543,0,746,0
24.63835597038269,195303,3684228,3500648,3686704,25543,0,737,0
24.654378175735474,195303,3172228,3177064,3174704,25543,0,730,0
24.670037984848022,195303,3172228,3177064,3174704,25543,0,730,0
24.685842990875244,195303,3172228,3177064,3174704,25543,0,730,0
24.701497077941895,195303,3172228,3177064,3174704,25543,0,730,0
24.71713900566101,195303,3172228,3177064,3174704,25543,0,730,0
24.733010053634644,195303,3172228,3177064,3174704,25543,0,730,0
24.748859167099,195303,3172228,3177064,3174704,25543,0,730,0
24.764661073684692,195303,3172228,3177064,3174704,25543,0,730,0
24.78012704849243,195303,3172228,3177064,3174704,25543,0,730,0
24.79582905769348,195303,3172228,3177064,3174704,25543,0,730,0
24.81148099899292,195303,3172228,3177064,3174704,25543,0,730,0
24.827011108398438,195303,3172228,3177064,3174704,25543,0,730,0
24.842182159423828,195303,3172228,3177064,3174704,25543,0,730,0
24.857925176620483,195303,3172228,3177064,3174704,25543,0,730,0
24.873793125152588,195303,3172228,3177064,3174704,25543,0,730,0
24.889649152755737,195303,3172228,3177064,3174704,25543,0,730,0
24.905086040496826,195303,3172228,3177064,3174704,25543,0,730,0
24.920736074447632,195303,3172228,3177064,3174704,25543,0,730,0
24.93646502494812,195303,3172228,3177064,3174704,25543,0,730,0
24.952041149139404,195303,3172228,3177064,3174704,25543,0,730,0
24.967831134796143,195303,3172228,3177064,3174704,25543,0,730,0
24.983705043792725,195303,3172228,3177064,3174704,25543,0,730,0
24.99937605857849,195303,3172228,3177064,3174704,25543,0,730,0
25.015122175216675,195303,3172228,3177064,3174704,25543,0,730,0
25.030625104904175,195303,3172228,3177064,3174704,25543,0,730,0
25.046488046646118,195303,3172228,3177064,3174704,25543,0,730,0
25.06197214126587,195303,3172228,3177064,3174704,25543,0,730,0
25.077656984329224,195303,3172228,3177064,3174704,25543,0,730,0
25.09306502342224,195303,3172228,3177064,3174704,25543,0,730,0
25.109040021896362,195303,3172228,3177064,3174704,25543,0,730,0
25.124863147735596,195303,3172228,3177064,3174704,25543,0,730,0
25.140536069869995,195303,3172228,3177064,3174704,25543,0,730,0
25.15601110458374,195303,3172228,3177064,3174704,25543,0,730,0
25.171666145324707,195303,3172228,3177064,3174704,25543,0,730,0
25.18703818321228,195303,3172228,3177064,3174704,25543,0,730,0
25.202677965164185,195303,3172228,3177064,3174704,25543,0,730,0
25.218022108078003,195303,3172228,3177064,3174704,25543,0,730,0
25.23366618156433,195303,3172228,3177064,3174704,25543,0,730,0
25.248982191085815,195303,3172228,3177064,3174704,25543,0,730,0
25.26458501815796,195303,3172228,3177064,3174704,25543,0,730,0
25.28011202812195,195303,3172228,3177064,3174704,25543,0,730,0
25.295765161514282,195303,3172228,3177064,3174704,25543,0,730,0
25.311307191848755,195303,3172228,3177064,3174704,25543,0,730,0
25.32690405845642,195303,3172228,3177064,3174704,25543,0,730,0
25.342761039733887,195303,3172228,3177064,3174704,25543,0,730,0
25.35867714881897,195303,3172228,3177064,3174704,25543,0,730,0
25.374091148376465,195303,3172228,3177064,3174704,25543,0,730,0
25.389554977416992,195303,3172228,3177064,3174704,25543,0,730,0
25.405001163482666,195303,3172228,3177064,3174704,25543,0,730,0
25.42047119140625,195303,3172228,3177064,3174704,25543,0,730,0
25.436031103134155,195303,3172228,3177064,3174704,25543,0,730,0
25.45157217979431,195303,3172228,3177064,3174704,25543,0,730,0
25.466963052749634,195303,3172228,3177064,3174704,25543,0,730,0
25.48252511024475,195303,3172228,3177064,3174704,25543,0,730,0
25.498030185699463,195303,3172228,3177064,3174704,25543,0,730,0
25.513771057128906,195303,3172228,3177064,3174704,25543,0,730,0
25.529505014419556,195303,3172228,3177064,3174704,25543,0,730,0
25.54553198814392,195303,3172228,3177064,3174704,25543,0,730,0
25.561233043670654,195303,3172228,3177064,3174704,25543,0,730,0
25.57691717147827,195303,3172228,3177064,3174704,25543,0,730,0
25.59253215789795,195303,3172228,3177064,3174704,25543,0,730,0
25.607988119125366,195303,3172228,3177064,3174704,25543,0,730,0
25.62354803085327,195303,3172228,3177064,3174704,25543,0,730,0
25.639007091522217,195303,3172228,3177064,3174704,25543,0,730,0
25.65454602241516,195303,3172228,3177064,3174704,25543,0,730,0
25.670210123062134,195303,3172228,3177064,3174704,25543,0,730,0
25.686532974243164,195303,3172228,3177064,3174704,25543,0,730,0
25.7029070854187,195303,3172228,3177064,3174704,25543,0,730,0
25.719375133514404,195303,3172228,3177064,3174704,25543,0,730,0
25.735718965530396,195303,3172228,3177064,3174704,25543,0,730,0
25.75208806991577,195303,3172228,3177064,3174704,25543,0,730,0
25.768418073654175,195303,3172228,3177064,3174704,25543,0,730,0
25.784375190734863,195303,3172228,3177064,3174704,25543,0,730,0
25.799877166748047,195303,3172228,3177064,3174704,25543,0,730,0
25.81540298461914,195303,3172228,3177064,3174704,25543,0,730,0
25.831003189086914,195303,3172228,3177064,3174704,25543,0,730,0
25.846538066864014,195303,3172228,3177064,3174704,25543,0,730,0
25.86200213432312,195303,3172228,3177064,3174704,25543,0,730,0
25.877612113952637,195303,3172228,3177064,3174704,25543,0,730,0
25.893099069595337,195303,3172228,3177064,3174704,25543,0,730,0
25.908810138702393,195303,3172228,3177064,3174704,25543,0,730,0
25.924337148666382,195303,3172228,3177064,3174704,25543,0,730,0
25.93995714187622,195303,3172228,3177064,3174704,25543,0,730,0
25.95547318458557,195303,3172228,3177064,3174704,25543,0,730,0
25.97097611427307,195303,3172228,3177064,3174704,25543,0,730,0
25.98673105239868,195303,3172228,3177064,3174704,25543,0,730,0
26.00210213661194,195303,3172228,3177064,3174704,25543,0,730,0
26.017651081085205,195303,3172228,3177064,3174704,25543,0,730,0
26.0330810546875,195303,3172228,3177064,3174704,25543,0,730,0
26.048848152160645,195303,3172228,3177064,3174704,25543,0,730,0
26.064637184143066,195303,3172228,3177064,3174704,25543,0,730,0
26.07998299598694,195303,3172228,3177064,3174704,25543,0,730,0
26.095600128173828,195303,3172228,3177064,3174704,25543,0,730,0
26.11097812652588,195303,3172228,3177064,3174704,25543,0,730,0
26.12660312652588,195303,3172228,3177064,3174704,25543,0,730,0
26.142003059387207,195303,3172228,3177064,3174704,25543,0,730,0
26.157737016677856,195303,3172228,3177064,3174704,25543,0,730,0
26.17377519607544,195303,3172228,3177064,3174704,25543,0,730,0
26.18966317176819,195303,3172228,3177064,3174704,25543,0,730,0
26.205350160598755,195303,3172228,3177064,3174704,25543,0,730,0
26.22091007232666,195303,3172228,3177064,3174704,25543,0,730,0
26.23651909828186,195303,3172228,3177064,3174704,25543,0,730,0
26.25243616104126,195303,3172228,3177064,3174704,25543,0,730,0
26.267997980117798,195303,3172228,3177064,3174704,25543,0,730,0
26.28387713432312,195303,3172228,3177064,3174704,25543,0,730,0
26.299492120742798,195303,3172228,3177064,3174704,25543,0,730,0
26.315673112869263,195303,3172228,3177064,3174704,25543,0,730,0
26.331483125686646,195303,3172228,3177064,3174704,25543,0,730,0
26.34707808494568,195303,3172228,3177064,3174704,25543,0,730,0
26.36288619041443,195303,3172228,3177064,3174704,25543,0,730,0
26.378897190093994,195303,3172228,3177064,3174704,25543,0,730,0
26.394922018051147,195303,3172228,3177064,3174704,25543,0,730,0
26.41102409362793,195303,3172228,3177064,3174704,25543,0,730,0
26.427019119262695,195303,3172228,3177064,3174704,25543,0,730,0
26.44306516647339,195303,3172228,3177064,3174704,25543,0,730,0
26.458943128585815,195303,3176324,3183208,3178800,25545,0,731,0
26.475008010864258,195303,3184516,3191400,3186992,25549,0,731,0
26.491003036499023,195303,3192708,3197544,3195184,25553,0,731,0
26.507026195526123,195303,3192708,3197544,3195184,25553,0,731,0
26.522914171218872,195303,3192708,3197544,3195184,25553,0,731,0
26.53887915611267,195303,3192708,3197544,3195184,25553,0,731,0
26.554761171340942,195303,3192708,3197544,3195184,25553,0,731,0
26.57059407234192,195303,3192708,3197544,3195184,25553,0,731,0
26.58661413192749,195303,3192708,3197544,3195184,25553,0,731,0
26.60281801223755,195303,3192708,3197544,3195184,25553,0,731,0
26.61862015724182,195303,3192708,3197544,3195184,25553,0,731,0
26.634486198425293,195303,3192708,3197544,3195184,25553,0,731,0
26.65044903755188,195303,3192708,3197544,3195184,25553,0,731,0
26.66633915901184,195303,3192708,3197544,3195184,25553,0,731,0
26.6822509765625,195303,3192708,3197544,3195184,25553,0,731,0
26.698342084884644,195303,2496388,2501224,2498864,25553,0,717,0
26.714097023010254,195303,2496388,2501224,2498864,25553,0,717,0
26.729950189590454,195303,2496388,2501224,2498864,25553,0,717,0
26.745896100997925,195303,2496388,2501224,2498864,25553,0,717,0
26.761754035949707,195303,2496388,2501224,2498864,25553,0,717,0
26.777480125427246,195303,2496388,2501224,2498864,25553,0,717,0
26.793514013290405,195303,2496388,2501224,2498864,25553,0,717,0
26.80965518951416,195303,2496388,2501224,2498864,25553,0,717,0
26.82550311088562,195303,2496388,2501224,2498864,25553,0,717,0
26.841384172439575,195303,2496388,2501224,2498864,25553,0,717,0
26.857110023498535,195303,2496388,2501224,2498864,25553,0,717,0
26.872902154922485,195303,2496388,2501224,2498864,25553,0,717,0
26.88866400718689,195303,2496388,2501224,2498864,25553,0,717,0
26.904523134231567,195303,2496388,2501224,2498864,25553,0,717,0
26.92042303085327,195303,2496388,2501224,2498864,25553,0,717,0
26.936057090759277,195303,2496388,2501224,2498864,25553,0,717,0
26.951967000961304,195303,2496388,2501224,2498864,25553,0,717,0
26.967750072479248,195303,2496388,2501224,2498864,25553,0,717,0
26.983464002609253,195303,2496388,2501224,2498864,25553,0,717,0
26.999274015426636,195303,2496388,2501224,2498864,25553,0,717,0
27.015285968780518,195303,2496388,2501224,2498864,25553,0,717,0
27.0312922000885,195303,2496388,2501224,2498864,25553,0,717,0
27.047142028808594,195303,2496388,2501224,2498864,25553,0,717,0
27.062961101531982,195303,2496388,2501224,2498864,25553,0,717,0
27.07886505126953,195303,2496388,2501224,2498864,25553,0,717,0
27.094967126846313,195303,2496388,2501224,2498864,25553,0,717,0
27.1110200881958,195303,2496388,2501224,2498864,25553,0,717,0
27.12675404548645,195303,2496388,2501224,2498864,25553,0,717,0
27.14267611503601,195303,2496388,2501224,2498864,25553,0,717,0
27.158688068389893,195303,2496388,2501224,2498864,25553,0,717,0
27.174671173095703,195303,2496388,2501224,2498864,25553,0,717,0
27.190385103225708,195303,2496388,2501224,2498864,25553,0,717,0
27.20622205734253,195303,2496388,2501224,2498864,25553,0,717,0
27.22241997718811,195303,2496388,2501224,2498864,25553,0,717,0
27.238463163375854,195303,2496388,2501224,2498864,25553,0,717,0
27.254281997680664,195303,2496388,2501224,2498864,25553,0,717,0
27.270095109939575,195303,2496388,2501224,2498864,25553,0,717,0
27.286596059799194,195303,2496388,2501224,2498864,25553,0,717,0
27.30271005630493,195303,2496388,2501224,2498864,25553,0,717,0
27.318722009658813,195303,2496388,2501224,2498864,25553,0,717,0
27.334593057632446,195303,2496388,2501224,2498864,25553,0,717,0
27.35047197341919,195303,2496388,2501224,2498864,25553,0,717,0
27.366204977035522,195303,2496388,2501224,2498864,25553,0,717,0
27.38199520111084,195303,2496388,2501224,2498864,25553,0,717,0
27.39775013923645,195303,2496388,2501224,2498864,25553,0,717,0
27.413791179656982,195303,2496388,2501224,2498864,25553,0,717,0
27.43002700805664,195303,2496388,2501224,2498864,25553,0,717,0
27.445873022079468,195303,2496388,2501224,2498864,25553,0,717,0
27.461852073669434,195303,2496388,2501224,2498864,25553,0,717,0
27.477728128433228,195303,2496388,2501224,2498864,25553,0,717,0
27.493686199188232,195303,2496388,2501224,2498864,25553,0,717,0
27.50945019721985,195303,2496388,2501224,2498864,25553,0,717,0
27.525382041931152,195303,2496388,2501224,2498864,25553,0,717,0
27.541110038757324,195303,2496388,2501224,2498864,25553,0,717,0
27.55696201324463,195303,2496388,2501224,2498864,25553,0,717,0
27.572856187820435,195303,2496388,2501224,2498864,25553,0,717,0
27.588834047317505,195303,2496388,2501224,2498864,25553,0,717,0
27.604770183563232,195303,2496388,2501224,2498864,25553,0,717,0
27.620745182037354,195303,2496388,2501224,2498864,25553,0,717,0
27.63701105117798,195303,2496388,2501224,2498864,25553,0,717,0
27.652980089187622,195303,2496388,2501224,2498864,25553,0,717,0
27.66899013519287,195303,2496388,2501224,2498864,25553,0,717,0
27.68500518798828,195303,2496388,2501224,2498864,25553,0,717,0
27.700980186462402,195303,2496388,2501224,2498864,25553,0,717,0
27.716881036758423,195303,2496388,2501224,2498864,25553,0,717,0
27.732943058013916,195303,2496388,2501224,2498864,25553,0,717,0
27.748939037322998,195303,2496388,2501224,2498864,25553,0,717,0
27.76494812965393,195303,2496388,2501224,2498864,25553,0,717,0
27.780758142471313,195303,2496388,2501224,2498864,25553,0,717,0
27.79671812057495,195303,2496388,2501224,2498864,25553,0,717,0
27.81251096725464,195303,2496388,2501224,2498864,25553,0,717,0
27.828538179397583,195303,2496388,2501224,2498864,25553,0,717,0
27.844727993011475,195303,2496388,2501224,2498864,25553,0,717,0
27.860647201538086,195303,2496388,2501224,2498864,25553,0,717,0
27.87651801109314,195303,2496388,2501224,2498864,25553,0,717,0
27.892466068267822,195303,2496388,2501224,2498864,25553,0,717,0
27.90834903717041,195303,2496388,2501224,2498864,25553,0,717,0
27.9241840839386,195303,2496388,2501224,2498864,25553,0,717,0
27.94003415107727,195303,2496388,2501224,2498864,25553,0,717,0
27.95578098297119,195303,2496388,2501224,2498864,25553,0,717,0
27.971585035324097,195303,2496388,2501224,2498864,25553,0,717,0
27.9874529838562,195303,2496388,2501224,2498864,25553,0,717,0
28.00329303741455,195303,2496388,2501224,2498864,25553,0,717,0
28.0191011428833,195303,2496388,2501224,2498864,25553,0,717,0
28.035078048706055,195303,2496388,2501224,2498864,25553,0,717,0
28.050958156585693,195303,2496388,2501224,2498864,25553,0,717,0
28.066946983337402,195303,2496388,2501224,2498864,25553,0,717,0
28.082890033721924,195303,2496388,2501224,2498864,25553,0,717,0
28.098850965499878,195303,2496388,2501224,2498864,25553,0,717,0
28.11478900909424,195303,2496388,2501224,2498864,25553,0,717,0
28.13084602355957,195303,2496388,2501224,2498864,25553,0,717,0
28.146671056747437,195303,2496388,2501224,2498864,25553,0,717,0
28.162618160247803,195303,2496388,2501224,2498864,25553,0,717,0
28.178609132766724,195303,2496388,2501224,2498864,25553,0,717,0
28.194327116012573,195303,2496388,2501224,2498864,25553,0,717,0
28.210082054138184,195303,2496388,2501224,2498864,25553,0,717,0
28.22591519355774,195303,2496388,2501224,2498864,25553,0,717,0
28.241793155670166,195303,2496388,2501224,2498864,25553,0,717,0
28.258229970932007,195303,2496388,2501224,2498864,25553,0,717,0
28.274276971817017,195303,2496388,2501224,2498864,25553,0,717,0
28.28999900817871,195303,2496388,2501224,2498864,25553,0,717,0
28.305927991867065,195303,2496388,2501224,2498864,25553,0,717,0
28.32195019721985,195303,2496388,2501224,2498864,25553,0,717,0
28.337984085083008,195303,2496388,2501224,2498864,25553,0,717,0
28.353726148605347,195303,2496388,2501224,2498864,25553,0,717,0
28.36928415298462,195303,2496388,2501224,2498864,25553,0,717,0
28.38490915298462,195303,2496388,2501224,2498864,25553,0,717,0
28.400503158569336,195303,2496388,2501224,2498864,25553,0,717,0
28.416105031967163,195303,2496388,2501224,2498864,25553,0,717,0
28.431936979293823,195303,2496388,2501224,2498864,25553,0,717,0
28.447740077972412,195303,2496388,2501224,2498864,25553,0,717,0
28.46346616744995,195303,2496388,2501224,2498864,25553,0,717,0
28.479411125183105,195303,2496388,2501224,2498864,25553,0,717,0
28.495387077331543,195303,2496388,2501224,2498864,25553,0,717,0
28.51115608215332,195303,2496388,2501224,2498864,25553,0,717,0
28.526993989944458,195303,2496388,2501224,2498864,25553,0,717,0
28.543001174926758,195303,2496388,2501224,2498864,25553,0,717,0
28.55894708633423,195303,2496388,2501224,2498864,25553,0,717,0
28.57477903366089,195303,2496388,2501224,2498864,25553,0,717,0
28.590677976608276,195303,2496388,2501224,2498864,25553,0,717,0
28.60654902458191,195303,2496388,2501224,2498864,25553,0,717,0
28.62236499786377,195303,2496388,2501224,2498864,25553,0,717,0
28.63820505142212,195303,2496388,2501224,2498864,25553,0,717,0
28.654012203216553,195303,2496388,2501224,2498864,25553,0,717,0
28.669599056243896,195303,2496388,2501224,2498864,25553,0,717,0
28.68545413017273,195303,2496388,2501224,2498864,25553,0,717,0
28.701364040374756,195303,2496388,2501224,2498864,25553,0,717,0
28.717262983322144,195303,2496388,2501224,2498864,25553,0,717,0
28.733107089996338,195303,2496388,2333288,2498864,25553,0,714,0
28.749173164367676,195303,2215812,2220648,2218288,25554,0,711,0
28.76506209373474,195303,2215812,2220648,2218288,25554,0,711,0
28.781073093414307,195303,2215812,2220648,2218288,25554,0,711,0
28.796948194503784,195303,2215812,2220648,2218288,25554,0,711,0
28.812995195388794,195303,2215812,2220648,2218288,25554,0,711,0
28.829020023345947,195303,2215812,2220648,2218288,25554,0,711,0
28.845023155212402,195303,2215812,2220648,2218288,25554,0,711,0
28.860990047454834,195303,2215812,2220648,2218288,25554,0,711,0
28.87712812423706,195303,2215812,2220648,2218288,25554,0,711,0
28.892807006835938,195303,2215812,2220648,2218288,25554,0,711,0
28.908612966537476,195303,2215812,2220648,2218288,25554,0,711,0
28.92448115348816,195303,2215812,2220648,2218288,25554,0,711,0
28.940191984176636,195303,2215812,2220648,2218288,25554,0,711,0
28.956006050109863,195303,2215812,2220648,2218288,25554,0,711,0
28.971755981445312,195303,2215812,2220648,2218288,25554,0,711,0
28.987552165985107,195303,2215812,2220648,2218288,25554,0,711,0
29.003666162490845,195303,2219908,2224744,2222384,25555,0,711,0
29.019451141357422,195303,2228100,2232936,2230576,25559,0,712,0
29.0353741645813,195303,2236292,2241128,2238768,25564,0,712,0
29.05142903327942,195303,2244484,2249320,2246960,25568,0,712,0
29.067491054534912,195303,2252676,2257512,2255152,25572,0,712,0
29.083765983581543,195303,2260868,2265704,2263344,25576,0,712,0
29.099833011627197,195303,2269060,2273896,2271536,25580,0,712,0
29.115859031677246,195303,2277252,2282088,2279728,25584,0,712,0
29.131750106811523,195303,2285444,2290280,2287920,25588,0,712,0
29.147746086120605,195303,2293636,2298472,2296112,25592,0,713,0
29.163689136505127,195303,2301828,2306664,2304304,25596,0,713,0
29.179737091064453,195303,2310020,2314856,2312496,25600,0,713,0
29.19555401802063,195303,2318212,2323048,2320688,25604,0,713,0
29.211169004440308,195303,2326404,2331240,2328880,25608,0,714,0
29.22670817375183,195303,2334596,2339432,2337072,25612,0,714,0
29.24303913116455,195303,2342788,2347624,2345264,25616,0,714,0
29.259098052978516,195303,2350980,2355816,2353456,25620,0,714,0
29.27505898475647,195303,2359172,2364008,2361648,25624,0,714,0
29.291109085083008,195303,2367364,2372200,2369840,25628,0,714,0
29.307263135910034,195303,2375556,2380392,2378032,25632,0,714,0
29.3232581615448,195303,2383748,2388584,2386224,25636,0,714,0
29.33904218673706,195303,2391940,2396776,2394416,25640,0,715,0
29.354871034622192,195303,2400132,2404968,2402608,25644,0,715,0
29.370882034301758,195303,2408324,2413160,2410800,25648,0,715,0
29.386904001235962,195303,2416516,2423400,2418992,25652,0,715,0
29.402980089187622,195303,2424708,2431592,2427184,25656,0,716,0
29.418923139572144,195303,2432900,2439784,2435376,25660,0,716,0
29.43485713005066,195303,2441092,2447976,2443568,25664,0,716,0
29.45089817047119,195303,2449284,2456168,2451760,25668,0,716,0
29.467019081115723,195303,2457476,2464360,2459952,25672,0,716,0
29.483121156692505,195303,2465668,2472552,2468144,25676,0,716,0
29.499420166015625,195303,2473860,2480744,2476336,25680,0,716,0
29.515695095062256,195303,2484100,2488936,2486576,25684,0,716,0
29.531949043273926,195303,2492292,2497128,2494768,25688,0,717,0
29.54797601699829,195303,2500484,2505320,2502960,25692,0,717,0
29.5640971660614,195303,2508676,2513512,2511152,25696,0,717,0
29.57992911338806,195303,2516868,2521704,2519344,25700,0,717,0
29.596024990081787,195303,2525060,2529896,2527536,25704,0,718,0
29.61206817626953,195303,2533252,2538088,2535728,25708,0,718,0
29.627953052520752,195303,2541444,2546280,2543920,25712,0,718,0
29.64358401298523,195303,2549636,2554472,2552112,25716,0,718,0
29.65918517112732,195303,2557828,2562664,2560304,25720,0,718,0
29.675247192382812,195303,2566020,2570856,2568496,25724,0,718,0
29.691344022750854,195303,2574212,2579048,2576688,25728,0,718,0
29.707494974136353,195303,2582404,2587240,2584880,25732,0,718,0
29.72366499900818,195303,2590596,2595432,2593072,25736,0,719,0
29.739606142044067,195303,2598788,2603624,2601264,25741,0,719,0
29.755860090255737,195303,2606980,2611816,2609456,25745,0,719,0
29.771979093551636,195303,2615172,2620008,2617648,25749,0,719,0
29.787886142730713,195303,2623364,2628200,2625840,25753,0,720,0
29.803758144378662,195303,2631556,2636392,2634032,25757,0,720,0
29.819732189178467,195303,2639748,2644584,2642224,25761,0,720,0
29.83562397956848,195303,2647940,2652776,2650416,25765,0,720,0
29.851449012756348,195303,2656132,2660968,2658608,25769,0,720,0
29.867261171340942,195303,2664324,2669160,2666800,25773,0,720,0
29.883361101150513,195303,2672516,2677352,2674992,25777,0,720,0
29.89923405647278,195303,2680708,2685544,2683184,25781,0,720,0
29.915412187576294,195303,2688900,2693736,2691376,25785,0,721,0
29.931344032287598,195303,2697092,2701928,2699568,25789,0,721,0
29.947237968444824,195303,2705284,2710120,2707760,25793,0,721,0
29.963088989257812,195303,2713476,2718312,2715952,25797,0,721,0
29.97902202606201,195303,2721668,2726504,2724144,25801,0,722,0
29.99498701095581,195303,2729860,2734696,2732336,25805,0,722,0
30.010995149612427,195303,2738052,2742888,2740528,25809,0,722,0
30.02683997154236,195303,2746244,2751080,2748720,25813,0,722,0
30.042808055877686,195303,2754436,2759272,2756912,25817,0,722,0
30.05866503715515,195303,2762628,2767464,2765104,25821,0,722,0
30.07469415664673,195303,2770820,2775656,2773296,25825,0,722,0
30.090737104415894,195303,2779012,2783848,2781488,25829,0,722,0
30.10677409172058,195303,2787204,2792040,2789680,25833,0,723,0
30.122825145721436,195303,2795396,2800232,2797872,25837,0,723,0
30.138941049575806,195303,2803588,2810472,2806064,25841,0,723,0
30.15506911277771,195303,2811780,2818664,2814256,25845,0,723,0
30.170862197875977,195303,2819972,2826856,2822448,25849,0,724,0
30.18696904182434,195303,2828164,2835048,2830640,25853,0,724,0
30.2036190032959,195303,2838404,2843240,2840880,25857,0,724,0
30.21980905532837,195303,2846596,2851432,2849072,25861,0,724,0
30.2359139919281,195303,2854788,2859624,2857264,25865,0,724,0
30.25184416770935,195303,2862980,2867816,2865456,25869,0,724,0
30.267824172973633,195303,2871172,2876008,2873648,25873,0,724,0
30.283812046051025,195303,2879364,2884200,2881840,25877,0,724,0
30.299861192703247,195303,2887556,2892392,2890032,25882,0,725,0
30.31582808494568,195303,2895748,2900584,2898224,25886,0,725,0
30.331817150115967,195303,2903940,2908776,2906416,25890,0,725,0
30.347952127456665,195303,2910084,2914920,2912560,25893,0,725,0
30.363960027694702,195303,2910084,2914920,2912560,25893,0,725,0
30.37984800338745,195303,2910084,2914920,2912560,25893,0,725,0
30.39580798149109,195303,2910084,2914920,2912560,25893,0,725,0
30.411697149276733,195303,2910084,2914920,2912560,25893,0,725,0
30.42746901512146,195303,2910084,2914920,2912560,25893,0,725,0
30.4432270526886,195303,2910084,2914920,2912560,25893,0,725,0
30.45904302597046,195303,2910084,2914920,2912560,25893,0,725,0
30.474985122680664,195303,2910084,2914920,2912560,25893,0,725,0
30.49090313911438,195303,2910084,2914920,2912560,25893,0,725,0
30.50659704208374,195303,2910084,2914920,2912560,25893,0,725,0
30.52206015586853,195303,2910084,2914920,2912560,25893,0,725,0
30.53802514076233,195303,2910084,2914920,2912560,25893,0,725,0
30.553824186325073,195303,2910084,2914920,2912560,25893,0,725,0
30.569557189941406,195303,2910084,2914920,2912560,25893,0,725,0
30.585069179534912,195303,2910084,2914920,2912560,25893,0,725,0
30.600788116455078,195303,2910084,2914920,2912560,25893,0,725,0
30.61648917198181,195303,2910084,2914920,2912560,25893,0,725,0
30.632050037384033,195303,2910084,2914920,2912560,25893,0,725,0
30.647736072540283,195303,2910084,2914920,2912560,25893,0,725,0
30.663137197494507,195303,2910084,2914920,2912560,25893,0,725,0
30.678868055343628,195303,2910084,2914920,2912560,25893,0,725,0
30.69469714164734,195303,2910084,2914920,2912560,25893,0,725,0
30.7101411819458,195303,2910084,2914920,2912560,25893,0,725,0
30.72589612007141,195303,2910084,2914920,2912560,25893,0,725,0
30.741531133651733,195303,2910084,2914920,2912560,25893,0,725,0
30.757735013961792,195303,2910084,2914920,2912560,25893,0,725,0
30.77349019050598,195303,2910084,2914920,2912560,25893,0,725,0
30.789030075073242,195303,2529156,2533992,2531632,25893,0,718,0
30.804996967315674,195303,2529156,2533992,2531632,25893,0,718,0
30.82073402404785,195303,2529156,2533992,2531632,25893,0,718,0
30.836140155792236,195303,2529156,2533992,2531632,25893,0,718,0
30.852065086364746,195303,2529156,2533992,2531632,25893,0,718,0
30.867704153060913,195303,2529156,2533992,2531632,25893,0,718,0
30.88303804397583,195303,2529156,2533992,2531632,25893,0,718,0
30.898550987243652,195303,2529156,2533992,2531632,25893,0,718,0
30.913990020751953,195303,2529156,2533992,2531632,25893,0,718,0
30.929716110229492,195303,2529156,2533992,2531632,25893,0,718,0
30.945099115371704,195303,2529156,2533992,2531632,25893,0,718,0
30.960743188858032,195303,2529156,2533992,2531632,25893,0,718,0
30.976036071777344,195303,2529156,2533992,2531632,25893,0,718,0
30.991145133972168,195303,2529156,2533992,2531632,25893,0,718,0
31.00651502609253,195303,2529156,2533992,2531632,25893,0,718,0
31.02190113067627,195303,2529156,2533992,2531632,25893,0,718,0
31.03747010231018,195303,2529156,2533992,2531632,25893,0,718,0
31.052987098693848,195303,2529156,2533992,2531632,25893,0,718,0
31.06849217414856,195303,2529156,2533992,2531632,25893,0,718,0
31.08403706550598,195303,2529156,2533992,2531632,25893,0,718,0
31.099497079849243,195303,2529156,2533992,2531632,25893,0,718,0
31.114967107772827,195303,2529156,2533992,2531632,25893,0,718,0
31.13089919090271,195303,2529156,2533992,2531632,25893,0,718,0
31.147091150283813,195303,2529156,2533992,2531632,25893,0,718,0
31.1631121635437,195303,2529156,2533992,2531632,25893,0,718,0
31.179253101348877,195303,2529156,2533992,2531632,25893,0,718,0
31.195059061050415,195303,2529156,2533992,2531632,25893,0,718,0
31.210726976394653,195303,2529156,2533992,2531632,25893,0,718,0
31.226428985595703,195303,2529156,2533992,2531632,25893,0,718,0
31.242063999176025,195303,2529156,2533992,2531632,25893,0,718,0
31.257761001586914,195303,2529156,2533992,2531632,25893,0,718,0
31.273380041122437,195303,2529156,2533992,2531632,25893,0,718,0
31.28898811340332,195303,2529156,2533992,2531632,25893,0,718,0
31.30464506149292,195303,2529156,2533992,2531632,25893,0,718,0
31.32014513015747,195303,2529156,2533992,2531632,25893,0,718,0
31.335926055908203,195303,2529156,2533992,2531632,25893,0,718,0
31.351524114608765,195303,2529156,2533992,2531632,25893,0,718,0
31.36733317375183,195303,2529156,2533992,2531632,25893,0,718,0
31.383063077926636,195303,2529156,2533992,2531632,25893,0,718,0
31.39876914024353,195303,2529156,2533992,2531632,25893,0,718,0
31.414396047592163,195303,2529156,2533992,2531632,25893,0,718,0
31.42996597290039,195303,2529156,2533992,2531632,25893,0,718,0
31.445399045944214,195303,2529156,2533992,2531632,25893,0,718,0
31.46104407310486,195303,2529156,2533992,2531632,25893,0,718,0
31.476667165756226,195303,2529156,2533992,2531632,25893,0,718,0
31.49210214614868,195303,2529156,2533992,2531632,25893,0,718,0
31.50793218612671,195303,2529156,2533992,2531632,25893,0,718,0
31.523535013198853,195303,2529156,2533992,2531632,25893,0,718,0
31.538865089416504,195303,2529156,2533992,2531632,25893,0,718,0
31.553991079330444,195303,2529156,2533992,2531632,25893,0,718,0
31.569692134857178,195303,2529156,2533992,2531632,25893,0,718,0
31.58542013168335,195303,2529220,2533992,2531696,25894,0,718,0
31.601049184799194,195303,2529220,2533992,2531696,25894,0,718,0
31.616737127304077,195303,2529220,2533992,2531696,25894,0,718,0
31.632070064544678,195303,2529220,2533992,2531696,25894,0,718,0
31.647464990615845,195303,2529220,2533992,2531696,25894,0,718,0
31.663029193878174,195303,2529220,2533992,2531696,25894,0,718,0
31.678744077682495,195303,2529220,2533992,2531696,25894,0,718,0
31.694542169570923,195303,2529220,2533992,2531696,25894,0,718,0
31.71018099784851,195303,2529220,2533992,2531696,25894,0,718,0
31.725522994995117,195303,2529220,2533992,2531696,25894,0,718,0
31.7410671710968,195303,2529220,2533992,2531696,25894,0,718,0
31.756715059280396,195303,2529220,2533992,2531696,25894,0,718,0
31.772068977355957,195303,2529220,2533992,2531696,25894,0,718,0
31.78768515586853,195303,2529220,2533992,2531696,25894,0,718,0
31.80309820175171,195303,2529220,2533992,2531696,25894,0,718,0
31.82413101196289,195303,2529220,2533992,2531696,25894,0,718,0
31.8400399684906,195303,2529220,2533992,2531696,25894,0,718,0
31.85566806793213,195303,2529220,2533992,2531696,25894,0,718,0
31.870990991592407,195303,2529220,2533992,2531696,25894,0,718,0
31.886527061462402,195303,2529220,2533992,2531696,25894,0,718,0
31.90203309059143,195303,2529220,2533992,2531696,25894,0,718,0
31.91770601272583,195303,2529220,2533992,2531696,25894,0,718,0
31.93343710899353,195303,2529220,2533992,2531696,25894,0,718,0
31.948934078216553,195303,2529220,2533992,2531696,25894,0,718,0
31.964547157287598,195303,2529220,2533992,2531696,25894,0,718,0
31.98001003265381,195303,2529220,2533992,2531696,25894,0,718,0
31.99567198753357,195303,2529220,2533992,2531696,25894,0,718,0
32.01110219955444,195303,2529220,2533992,2531696,25894,0,718,0
32.026615142822266,195303,2529220,2533992,2531696,25894,0,718,0
32.04213213920593,195303,2529220,2533992,2531696,25894,0,718,0
32.05768918991089,195303,2529220,2533992,2531696,25894,0,718,0
32.073084115982056,195303,2529220,2533992,2531696,25894,0,718,0
32.08875608444214,195303,2529220,2533992,2531696,25894,0,718,0
32.10440015792847,195303,2529220,2533992,2531696,25894,0,718,0
32.1200270652771,195303,2529220,2533992,2531696,25894,0,718,0
32.13547205924988,195303,2529220,2533992,2531696,25894,0,718,0
32.15128803253174,195303,2529220,2533992,2531696,25894,0,718,0
32.1670401096344,195303,2529220,2533992,2531696,25894,0,718,0
32.182576179504395,195303,2529220,2533992,2531696,25894,0,718,0
32.19800400733948,195303,2529220,2533992,2531696,25894,0,718,0
32.21353602409363,195303,2529220,2533992,2531696,25894,0,718,0
32.22901201248169,195303,2529220,2533992,2531696,25894,0,718,0
32.244386196136475,195303,2529220,2533992,2531696,25894,0,718,0
32.25983119010925,195303,2529220,2533992,2531696,25894,0,718,0
32.27503204345703,195303,2529220,2533992,2531696,25894,0,718,0
32.29045009613037,195303,2529220,2533992,2531696,25894,0,718,0
32.30579710006714,195303,2529220,2533992,2531696,25894,0,718,0
32.32106804847717,195303,2529220,2533992,2531696,25894,0,718,0
32.33686017990112,195303,2529220,2533992,2531696,25894,0,718,0
32.35247802734375,195303,2529220,2533992,2531696,25894,0,718,0
32.36806917190552,195303,2529220,2533992,2531696,25894,0,718,0
32.38378620147705,195303,2529220,2533992,2531696,25894,0,718,0
32.39953303337097,195303,2529220,2533992,2531696,25894,0,718,0
32.415656089782715,195303,2529220,2533992,2531696,25894,0,718,0
32.43151807785034,195303,2529220,2533992,2531696,25894,0,718,0
32.44704604148865,195303,2529220,2533992,2531696,25894,0,718,0
32.46268701553345,195303,2529220,2533992,2531696,25894,0,718,0
32.47787404060364,195303,2529220,2533992,2531696,25894,0,718,0
32.49303913116455,195303,2529220,2533992,2531696,25894,0,718,0
32.508615016937256,195303,2529220,2533992,2531696,25894,0,718,0
32.52403497695923,195303,2529220,2533992,2531696,25894,0,718,0
32.53978204727173,195303,2529220,2533992,2531696,25894,0,718,0
32.5554141998291,195303,2529220,2533992,2531696,25894,0,718,0
32.57106113433838,195303,2529220,2533992,2531696,25894,0,718,0
32.586775064468384,195303,2529220,2533992,2531696,25894,0,718,0
32.60216999053955,195303,2529220,2533992,2531696,25894,0,718,0
32.617980003356934,195303,2529220,2533992,2531696,25894,0,718,0
32.633761167526245,195303,2529220,2533992,2531696,25894,0,718,0
32.64945912361145,195303,2529220,2533992,2531696,25894,0,718,0
32.66498804092407,195303,2529220,2533992,2531696,25894,0,718,0
32.68068313598633,195303,2529220,2533992,2531696,25894,0,718,0
32.69608211517334,195303,2529220,2533992,2531696,25894,0,718,0
32.71165704727173,195303,2529220,2533992,2531696,25894,0,718,0
32.727097034454346,195303,2529220,2533992,2531696,25894,0,718,0
32.742696046829224,195303,2529220,2533992,2531696,25894,0,718,0
32.75819206237793,195303,2529220,2533992,2531696,25894,0,718,0
32.77395701408386,195303,2529220,2533992,2531696,25894,0,718,0
32.78973603248596,195303,2529220,2533992,2531696,25894,0,718,0
32.80513906478882,195303,2529220,2533992,2531696,25894,0,718,0
32.82093405723572,195303,2529220,2533992,2531696,25894,0,718,0
32.83691215515137,195303,2111428,2116200,2113904,25894,0,709,0
32.852758169174194,195303,2111428,2116200,2113904,25894,0,709,0
32.86843419075012,195303,2111428,2116200,2113904,25894,0,709,0
32.88403105735779,195303,2111428,2116200,2113904,25894,0,709,0
32.899658203125,195303,2111428,2116200,2113904,25894,0,709,0
32.91513204574585,195303,2111428,2116200,2113904,25894,0,709,0
32.930970191955566,195303,2111428,2116200,2113904,25894,0,709,0
32.94655704498291,195303,2111428,2116200,2113904,25894,0,709,0
32.96210503578186,195303,2111428,2116200,2113904,25894,0,709,0
32.977632999420166,195303,2111428,2116200,2113904,25894,0,709,0
32.99306011199951,195303,2111428,2116200,2113904,25894,0,709,0
33.00873017311096,195303,2111428,2116200,2113904,25894,0,709,0
33.02441716194153,195303,2111428,2116200,2113904,25894,0,709,0
33.04039812088013,195303,2111428,2116200,2113904,25894,0,709,0
33.05601906776428,195303,2111428,2116200,2113904,25894,0,709,0
33.07171607017517,195303,2111428,2116200,2113904,25894,0,709,0
33.08705997467041,195303,2111428,2116200,2113904,25894,0,709,0
33.10265898704529,195303,2111428,2116200,2113904,25894,0,709,0
33.1180260181427,195303,2111428,2116200,2113904,25894,0,709,0
33.13374710083008,195303,2111428,2116200,2113904,25894,0,709,0
33.14942216873169,195303,2111428,2116200,2113904,25894,0,709,0
33.16501998901367,195303,2111428,2116200,2113904,25894,0,709,0
33.18049097061157,195303,2111428,2116200,2113904,25894,0,709,0
33.19603514671326,195303,2111428,2116200,2113904,25894,0,709,0
33.21163296699524,195303,2111428,2116200,2113904,25894,0,709,0
33.22705101966858,195303,2111428,2116200,2113904,25894,0,709,0
33.24271607398987,195303,2111428,2116200,2113904,25894,0,709,0
33.258005142211914,195303,2111428,2116200,2113904,25894,0,709,0
33.27365016937256,195303,2111428,2116200,2113904,25894,0,709,0
33.28909397125244,195303,2111428,2116200,2113904,25894,0,709,0
33.30479717254639,195303,2111428,2116200,2113904,25894,0,709,0
33.32048797607422,195303,2111428,2116200,2113904,25894,0,709,0
33.33618903160095,195303,2111428,2116200,2113904,25894,0,709,0
33.3519721031189,195303,2111428,2116200,2113904,25894,0,709,0
33.3674750328064,195303,2111428,2116200,2113904,25894,0,709,0
33.38299608230591,195303,2111428,2116200,2113904,25894,0,709,0
33.398550033569336,195303,2111428,2116200,2113904,25894,0,709,0
33.414085149765015,195303,2111428,2116200,2113904,25894,0,709,0
33.42983412742615,195303,2111428,2116200,2113904,25894,0,709,0
33.44546699523926,195303,2111428,2116200,2113904,25894,0,709,0
33.46151614189148,195303,2111428,2116200,2113904,25894,0,709,0
33.47714900970459,195303,2111428,2116200,2113904,25894,0,709,0
33.49274396896362,195303,2111428,2116200,2113904,25894,0,709,0
33.50817608833313,195303,2111428,2116200,2113904,25894,0,709,0
33.52384114265442,195303,2111428,2116200,2113904,25894,0,709,0
33.53949308395386,195303,2111428,2116200,2113904,25894,0,709,0
33.55506610870361,195303,2111428,2116200,2113904,25894,0,709,0
33.570587158203125,195303,2111428,2116200,2113904,25894,0,709,0
33.58607506752014,195303,2111428,2116200,2113904,25894,0,709,0
33.60188007354736,195303,2111428,2116200,2113904,25894,0,709,0
33.61751103401184,195303,2111428,2116200,2113904,25894,0,709,0
33.6330029964447,195303,2111428,2116200,2113904,25894,0,709,0
33.6485390663147,195303,2111428,2116200,2113904,25894,0,709,0
33.66407608985901,195303,2111428,2116200,2113904,25894,0,709,0
33.6796760559082,195303,2111428,2116200,2113904,25894,0,709,0
33.69505214691162,195303,2111428,2116200,2113904,25894,0,709,0
33.7107629776001,195303,2111428,2116200,2113904,25894,0,709,0
33.72648906707764,195303,2111428,2116200,2113904,25894,0,709,0
33.742133140563965,195303,2111428,2116200,2113904,25894,0,709,0
33.757721185684204,195303,2111428,2116200,2113904,25894,0,709,0
33.7731499671936,195303,2111428,2116200,2113904,25894,0,709,0
33.788654088974,195303,2111428,2116200,2113904,25894,0,709,0
33.80402612686157,195303,2111428,2116200,2113904,25894,0,709,0
33.81978416442871,195303,2111428,2116200,2113904,25894,0,709,0
33.83542609214783,195303,2111428,2116200,2113904,25894,0,709,0
33.85101509094238,195303,2111428,2116200,2113904,25894,0,709,0
33.86704611778259,195303,2111428,2116200,2113904,25894,0,709,0
33.882709980010986,195303,2111428,2116200,2113904,25894,0,709,0
33.89807915687561,195303,2111428,2116200,2113904,25894,0,709,0
33.913469076156616,195303,2111428,2116200,2113904,25894,0,709,0
33.9290611743927,195303,2111428,2116200,2113904,25894,0,709,0
33.94444918632507,195303,2111428,2116200,2113904,25894,0,709,0
33.95991015434265,195303,2111428,2116200,2113904,25894,0,709,0
33.97558403015137,195303,2111428,2116200,2113904,25894,0,709,0
33.99112796783447,195303,2111428,2116200,2113904,25894,0,709,0
34.00679898262024,195303,2111428,2116200,2113904,25894,0,709,0
34.02239918708801,195303,2111428,2116200,2113904,25894,0,709,0
34.03786516189575,195303,2111428,2116200,2113904,25894,0,709,0
34.05334997177124,195303,2111428,2116200,2113904,25894,0,709,0
34.06895899772644,195303,2111428,2116200,2113904,25894,0,709,0
34.08498001098633,195303,2111428,2116200,2113904,25894,0,709,0
34.10095500946045,195303,2111428,2116200,2113904,25894,0,709,0
34.11650013923645,195303,2111428,2116200,2113904,25894,0,709,0
34.132002115249634,195303,2111428,2116200,2113904,25894,0,709,0
34.14765119552612,195303,2111428,2116200,2113904,25894,0,709,0
34.16304302215576,195303,2111428,2116200,2113904,25894,0,709,0
34.17850303649902,195303,2111428,2116200,2113904,25894,0,709,0
34.19403409957886,195303,2111428,2116200,2113904,25894,0,709,0
34.2096049785614,195303,2111428,2116200,2113904,25894,0,709,0
34.225136041641235,195303,2111428,2116200,2113904,25894,0,709,0
34.2408390045166,195303,2111428,2116200,2113904,25894,0,709,0
34.256412982940674,195303,2111428,2116200,2113904,25894,0,709,0
34.27203297615051,195303,2111428,2116200,2113904,25894,0,709,0
34.2877631187439,195303,2111428,2116200,2113904,25894,0,709,0
34.30344319343567,195303,2111428,2116200,2113904,25894,0,709,0
34.319035053253174,195303,2111428,2116200,2113904,25894,0,709,0
34.33466911315918,195303,2111428,2116200,2113904,25894,0,709,0
34.35011911392212,195303,2111428,2116200,2113904,25894,0,709,0
34.36571907997131,195303,2111428,2116200,2113904,25894,0,709,0
34.38104701042175,195303,2111428,2116200,2113904,25894,0,709,0
34.39653301239014,195303,2111428,2116200,2113904,25894,0,709,0
34.4121310710907,195303,2111428,2116200,2113904,25894,0,709,0
34.427648067474365,195303,2111428,2116200,2113904,25894,0,709,0
34.44300818443298,195303,2111428,2116200,2113904,25894,0,709,0
34.45873713493347,195303,2111428,2116200,2113904,25894,0,709,0
34.47404098510742,195303,2111428,2116200,2113904,25894,0,709,0
34.48999619483948,195303,2111428,2116200,2113904,25894,0,709,0
34.50598907470703,195303,2111428,2116200,2113904,25894,0,709,0
34.521867990493774,195303,2111428,2116200,2113904,25894,0,709,0
34.537724018096924,195303,2111428,2116200,2113904,25894,0,709,0
34.55350208282471,195303,2111428,2116200,2113904,25894,0,709,0
34.569303035736084,195303,2111428,2116200,2113904,25894,0,709,0
34.58511018753052,195303,2111428,2116200,2113904,25894,0,709,0
34.60083603858948,195303,2111428,2116200,2113904,25894,0,709,0
34.616652965545654,195303,2111428,2116200,2113904,25894,0,709,0
34.63258409500122,195303,2111428,2116200,2113904,25894,0,709,0
34.64853501319885,195303,2111428,2116200,2113904,25894,0,709,0
34.66434907913208,195303,2111428,2116200,2113904,25894,0,709,0
34.6801381111145,195303,2111428,2116200,2113904,25894,0,709,0
34.69632911682129,195303,2111428,2116200,2113904,25894,0,709,0
34.71238899230957,195303,2111428,2116200,2113904,25894,0,709,0
34.72833204269409,195303,2111428,2116200,2113904,25894,0,709,0
34.744033098220825,195303,2111428,2116200,2113904,25894,0,709,0
34.75994801521301,195303,2111428,2116200,2113904,25894,0,709,0
34.77574110031128,195303,2111428,2116200,2113904,25894,0,709,0
34.79174518585205,195303,2111428,2116200,2113904,25894,0,709,0
34.807695150375366,195303,2111428,2116200,2113904,25894,0,709,0
34.82368803024292,195303,2111428,2116200,2113904,25894,0,709,0
34.83970308303833,195303,2111428,2116200,2113904,25894,0,709,0
34.85564613342285,195303,2111428,2116200,2113904,25894,0,709,0
34.871509075164795,195303,2111428,2116200,2113904,25894,0,709,0
34.88741111755371,195303,1701828,1706600,1704304,25894,0,701,0
34.90378999710083,195303,1701828,1706600,1704304,25894,0,701,0
34.919785022735596,195303,1701828,1706600,1704304,25894,0,701,0
34.935667991638184,195303,1701828,1706600,1704304,25894,0,701,0
34.95121097564697,195303,1701828,1706600,1704304,25894,0,701,0
34.96704411506653,195303,1701828,1706600,1704304,25894,0,701,0
34.98280215263367,195303,1701828,1706600,1704304,25894,0,701,0
34.99879598617554,195303,1701828,1706600,1704304,25894,0,701,0
35.014628171920776,195303,1701828,1706600,1704304,25894,0,701,0
35.030357122421265,195303,1701828,1706600,1704304,25894,0,701,0
35.046141147613525,195303,1701828,1706600,1704304,25894,0,701,0
35.0620391368866,195303,1701828,1706600,1704304,25894,0,701,0
35.07829999923706,195303,1701828,1706600,1704304,25894,0,701,0
35.09414219856262,195303,1701828,1706600,1704304,25894,0,701,0
35.11005616188049,195303,1701828,1706600,1704304,25894,0,701,0
35.12607216835022,195303,1701828,1706600,1704304,25894,0,701,0
35.14204502105713,195303,1701828,1706600,1704304,25894,0,701,0
35.1579110622406,195303,1701828,1706600,1704304,25894,0,701,0
35.17375612258911,195303,1701828,1706600,1704304,25894,0,701,0
35.18975901603699,195303,1701828,1706600,1704304,25894,0,701,0
35.2056770324707,195303,1710020,1714792,1712496,25898,0,701,0
35.221518993377686,195303,1718212,1722984,1720688,25902,0,701,0
35.23751616477966,195303,1726404,1731176,1728880,25906,0,701,0
35.253662109375,195303,1728452,1733224,1730928,25907,0,701,0
35.26969909667969,195303,1728452,1733224,1730928,25907,0,701,0
35.28550720214844,195303,1728452,1733224,1730928,25907,0,701,0
35.30151009559631,195303,1728452,1733224,1730928,25907,0,701,0
35.317527055740356,195303,1728452,1733224,1730928,25907,0,701,0
35.33349108695984,195303,1728452,1733224,1730928,25907,0,701,0
35.34935212135315,195303,1728452,1733224,1730928,25907,0,701,0
35.36510515213013,195303,1728452,1733224,1730928,25907,0,701,0
35.38104319572449,195303,1728452,1733224,1730928,25907,0,701,0
35.3969030380249,195303,1728452,1733224,1730928,25907,0,701,0
35.41296601295471,195303,1728452,1733224,1730928,25907,0,701,0
35.429004192352295,195303,1728452,1733224,1730928,25907,0,701,0
35.44501304626465,195303,1728452,1733224,1730928,25907,0,701,0
35.4611120223999,195303,1728452,1733224,1730928,25907,0,701,0
35.47728204727173,195303,1728452,1733224,1730928,25907,0,701,0
35.492985010147095,195303,1728452,1733224,1730928,25907,0,701,0
35.50894808769226,195303,1728452,1733224,1730928,25907,0,701,0
35.52502417564392,195303,1728452,1733224,1730928,25907,0,701,0
35.54133915901184,195303,1728452,1733224,1730928,25907,0,701,0
35.55732011795044,195303,1728452,1733224,1730928,25907,0,701,0
35.573261976242065,195303,1728452,1733224,1730928,25907,0,701,0
35.58904314041138,195303,1728452,1733224,1730928,25907,0,701,0
35.60492515563965,195303,1728452,1733224,1730928,25907,0,701,0
35.620808124542236,195303,1728452,1733224,1730928,25907,0,701,0
35.636460065841675,195303,1728452,1733224,1730928,25907,0,701,0
35.6523540019989,195303,1728452,1733224,1730928,25907,0,701,0
35.66802501678467,195303,1728452,1733224,1730928,25907,0,701,0
35.68392515182495,195303,1728452,1733224,1730928,25907,0,701,0
35.699836015701294,195303,1728452,1733224,1730928,25907,0,701,0
35.71589207649231,195303,1728452,1733224,1730928,25907,0,701,0
35.73182511329651,195303,1728452,1733224,1730928,25907,0,701,0
35.74805998802185,195303,1728452,1733224,1730928,25907,0,701,0
35.76406908035278,195303,1728452,1733224,1730928,25907,0,701,0
35.779781103134155,195303,1728452,1733224,1730928,25907,0,701,0
35.79568314552307,195303,1728452,1733224,1730928,25907,0,701,0
35.8117561340332,195303,1728452,1733224,1730928,25907,0,701,0
35.827651023864746,195303,1728452,1733224,1730928,25907,0,701,0
35.84349703788757,195303,1728452,1733224,1730928,25907,0,701,0
35.859464168548584,195303,1728452,1733224,1730928,25907,0,701,0
35.875264167785645,195303,1728452,1733224,1730928,25907,0,701,0
35.89110207557678,195303,1728452,1733224,1730928,25907,0,701,0
35.90688514709473,195303,1728452,1733224,1730928,25907,0,701,0
35.923004150390625,195303,1728452,1733224,1730928,25907,0,701,0
35.93879413604736,195303,1728452,1733224,1730928,25907,0,701,0
35.95504903793335,195303,1728452,1733224,1730928,25907,0,701,0
35.97077202796936,195303,1728452,1733224,1730928,25907,0,701,0
35.98665499687195,195303,1728452,1733224,1730928,25907,0,701,0
36.002362966537476,195303,1728452,1733224,1730928,25907,0,701,0
36.018301010131836,195303,1728452,1733224,1730928,25907,0,701,0
36.03408908843994,195303,1728452,1733224,1730928,25907,0,701,0
36.050410985946655,195303,1728452,1733224,1730928,25907,0,701,0
36.06635904312134,195303,1728452,1733224,1730928,25907,0,701,0
36.082316160202026,195303,1728452,1733224,1730928,25907,0,701,0
36.09839606285095,195303,1728452,1733224,1730928,25907,0,701,0
36.11431813240051,195303,1728452,1733224,1730928,25907,0,701,0
36.13039016723633,195303,1728452,1733224,1730928,25907,0,701,0
36.146061182022095,195303,1728452,1733224,1730928,25907,0,701,0
36.162250995635986,195303,1728452,1733224,1730928,25907,0,701,0
36.17801308631897,195303,1728452,1733224,1730928,25907,0,701,0
36.193804025650024,195303,1728452,1733224,1730928,25907,0,701,0
36.209357023239136,195303,1728452,1733224,1730928,25907,0,701,0
36.2252721786499,195303,1728452,1733224,1730928,25907,0,701,0
36.241142988204956,195303,1728452,1733224,1730928,25907,0,701,0
36.25705599784851,195303,1728452,1733224,1730928,25907,0,701,0
36.27276802062988,195303,1728452,1733224,1730928,25907,0,701,0
36.28835916519165,195303,1728452,1733224,1730928,25907,0,701,0
36.303919076919556,195303,1728452,1733224,1730928,25907,0,701,0
36.319900035858154,195303,1728452,1733224,1730928,25907,0,701,0
36.33591318130493,195303,1734596,1739368,1737072,25910,0,702,0
36.35162615776062,195303,1742788,1747560,1745264,25914,0,702,0
36.367268085479736,195303,1750980,1755752,1753456,25918,0,702,0
36.382954120635986,195303,1759172,1763944,1761648,25922,0,702,0
36.398601055145264,195303,1767364,1772136,1769840,25926,0,702,0
36.41460299491882,195303,1775556,1780328,1778032,25930,0,702,0
36.4306321144104,195303,1783748,1788520,1786224,25934,0,702,0
36.446820974349976,195303,1791940,1796712,1794416,25938,0,702,0
36.46281814575195,195303,1800132,1806952,1802608,25942,0,703,0
36.47874212265015,195303,1808324,1815144,1810800,25946,0,703,0
36.49466013908386,195303,1816516,1823336,1818992,25950,0,703,0
36.51060104370117,195303,1824708,1831528,1827184,25954,0,703,0
36.52676796913147,195303,1832900,1839720,1835376,25958,0,704,0
36.542685985565186,195303,1841092,1847912,1843568,25962,0,704,0
36.55854511260986,195303,1849284,1856104,1851760,25966,0,704,0
36.57485914230347,195303,1859524,1864296,1862000,25970,0,704,0
36.59091806411743,195303,1867716,1872488,1870192,25974,0,704,0
36.60687208175659,195303,1875908,1880680,1878384,25978,0,704,0
36.6228551864624,195303,1884100,1888872,1886576,25982,0,704,0
36.63904619216919,195303,1892292,1897064,1894768,25986,0,704,0
36.65496206283569,195303,1900484,1905256,1902960,25990,0,705,0
36.67076396942139,195303,1908676,1913448,1911152,25994,0,705,0
36.68685817718506,195303,1916868,1921640,1919344,25999,0,705,0
36.70276212692261,195303,1925060,1929832,1927536,26003,0,705,0
36.71888709068298,195303,1933252,1938024,1935728,26007,0,706,0
36.73472499847412,195303,1941444,1946216,1943920,26011,0,706,0
36.7506320476532,195303,1949636,1954408,1952112,26015,0,706,0
36.7667281627655,195303,1957828,1962600,1960304,26019,0,706,0
36.782798051834106,195303,1966020,1970792,1968496,26023,0,706,0
36.798739194869995,195303,1974212,1978984,1976688,26027,0,706,0
36.81438899040222,195303,1982404,1987176,1984880,26031,0,706,0
36.83035111427307,195303,1990596,1995368,1993072,26035,0,706,0
36.846341133117676,195303,1998788,2003560,2001264,26039,0,707,0
36.86233305931091,195303,2006980,2011752,2009456,26043,0,707,0
36.878239154815674,195303,2015172,2019944,2017648,26047,0,707,0
36.8941011428833,195303,2023364,2030184,2025840,26051,0,707,0
36.909980058670044,195303,2031556,2038376,2034032,26055,0,708,0
36.9260470867157,195303,2023364,2030184,2025840,26059,0,707,0
36.942007064819336,195303,2031556,2038376,2034032,26063,0,708,0
36.957672119140625,195303,2039748,2046568,2042224,26067,0,708,0
36.97331404685974,195303,2047940,2054760,2050416,26071,0,708,0
36.989299058914185,195303,2056132,2062952,2058608,26075,0,708,0
37.005391120910645,195303,2064324,2071144,2066800,26079,0,708,0
37.02193212509155,195303,2072516,2079336,2074992,26083,0,708,0
37.037899017333984,195303,2080708,2087528,2083184,26087,0,708,0
37.05393099784851,195303,2088900,2095720,2091376,26091,0,708,0
37.06991410255432,195303,2099140,2103912,2101616,26095,0,709,0
37.08599019050598,195303,2107332,2112104,2109808,26099,0,709,0
37.10194110870361,195303,2115524,2120296,2118000,26103,0,709,0
37.11785817146301,195303,2123716,2128488,2126192,26107,0,709,0
37.13379907608032,195303,2131908,2136680,2134384,26111,0,710,0
37.149940967559814,195303,2140100,2144872,2142576,26115,0,710,0
37.16580104827881,195303,2148292,2153064,2150768,26119,0,710,0
37.181689977645874,195303,2156484,2161256,2158960,26124,0,710,0
37.197779178619385,195303,2164676,2169448,2167152,26128,0,710,0
37.21380615234375,195303,2172868,2177640,2175344,26132,0,710,0
37.22975516319275,195303,2181060,2185832,2183536,26136,0,710,0
37.2460150718689,195303,2189252,2194024,2191728,26140,0,710,0
37.26198220252991,195303,2197444,2202216,2199920,26144,0,711,0
37.27795100212097,195303,2205636,2210408,2208112,26148,0,711,0
37.2938129901886,195303,2213828,2218600,2216304,26152,0,711,0
37.30974817276001,195303,2222020,2226792,2224496,26156,0,711,0
37.325775146484375,195303,2230212,2234984,2232688,26160,0,712,0
37.341675996780396,195303,2238404,2243176,2240880,26164,0,712,0
37.357586145401,195303,2246596,2251368,2249072,26168,0,712,0
37.373697996139526,195303,2254788,2259560,2257264,26172,0,712,0
37.3896541595459,195303,2262980,2267752,2265456,26176,0,712,0
37.405553102493286,195303,2271172,2275944,2273648,26180,0,712,0
37.4217050075531,195303,2279364,2284136,2281840,26184,0,712,0
37.437682151794434,195303,2287556,2292328,2290032,26188,0,712,0
37.453603982925415,195303,2295748,2300520,2298224,26192,0,713,0
37.46928405761719,195303,2303940,2308712,2306416,26196,0,713,0
37.485244035720825,195303,2312132,2316904,2314608,26200,0,713,0
37.501116037368774,195303,2320324,2325096,2322800,26204,0,713,0
37.51705718040466,195303,2328516,2333288,2330992,26208,0,714,0
37.53306603431702,195303,2336708,2343528,2339184,26212,0,714,0
37.54908299446106,195303,2344900,2351720,2347376,26216,0,714,0
37.565062046051025,195303,2353092,2359912,2355568,26220,0,714,0
37.581019163131714,195303,2361284,2368104,2363760,26224,0,714,0
37.59672713279724,195303,2369476,2376296,2371952,26228,0,714,0
37.61243510246277,195303,2377668,2384488,2380144,26232,0,714,0
37.62849807739258,195303,2385860,2392680,2388336,26236,0,714,0
37.64465403556824,195303,2396100,2400872,2398576,26240,0,715,0
37.66069316864014,195303,2404292,2409064,2406768,26244,0,715,0
37.676656007766724,195303,2412484,2417256,2414960,26248,0,715,0
37.69253706932068,195303,2420676,2425448,2423152,26252,0,715,0
37.70845413208008,195303,2428868,2433640,2431344,26256,0,716,0
37.7243971824646,195303,2437060,2441832,2439536,26260,0,716,0
37.7403290271759,195303,2445252,2450024,2447728,26264,0,716,0
37.75639510154724,195303,2453444,2458216,2455920,26268,0,716,0
37.7724289894104,195303,2461636,2466408,2464112,26272,0,716,0
37.78831100463867,195303,2469828,2474600,2472304,26277,0,716,0
37.80395698547363,195303,2478020,2482792,2480496,26281,0,716,0
37.81999111175537,195303,2486212,2490984,2488688,26285,0,716,0
37.83604097366333,195303,2494404,2499176,2496880,26289,0,717,0
37.852055072784424,195303,2502596,2507368,2505072,26293,0,717,0
37.86800408363342,195303,2510788,2515560,2513264,26297,0,717,0
37.884114027023315,195303,2518980,2523752,2521456,26301,0,717,0
37.899991035461426,195303,2525124,2529896,2527600,26304,0,718,0
37.91569399833679,195303,2533316,2538088,2535792,26308,0,718,0
37.93148708343506,195303,2541508,2546280,2543984,26312,0,718,0
37.947503089904785,195303,2549700,2554472,2552176,26316,0,718,0
37.96365809440613,195303,2557892,2562664,2560368,26320,0,718,0
37.97950506210327,195303,2566084,2570856,2568560,26324,0,718,0
37.99582505226135,195303,2574276,2579048,2576752,26328,0,718,0
38.01205015182495,195303,2582468,2587240,2584944,26332,0,718,0
38.028115034103394,195303,2590660,2595432,2593136,26336,0,719,0
38.04420018196106,195303,2598852,2603624,2601328,26340,0,719,0
38.0603141784668,195303,2607044,2611816,2609520,26344,0,719,0
38.0759961605072,195303,2615236,2622056,2617712,26348,0,719,0
38.091647148132324,195303,2623428,2630248,2625904,26352,0,720,0
38.10770797729492,195303,2631620,2638440,2634096,26356,0,720,0
38.123937129974365,195303,2641860,2646632,2644336,26360,0,720,0
38.14006519317627,195303,2650052,2654824,2652528,26364,0,720,0
38.15604019165039,195303,2658244,2663016,2660720,26368,0,720,0
38.17207407951355,195303,2666436,2671208,2668912,26372,0,720,0
38.18803405761719,195303,2674628,2679400,2677104,26376,0,720,0
38.20407819747925,195303,2682820,2687592,2685296,26381,0,720,0
38.22005915641785,195303,2691012,2695784,2693488,26384,0,721,0
38.23607397079468,195303,2699204,2703976,2701680,26389,0,721,0
38.252153158187866,195303,2707396,2712168,2709872,26393,0,721,0
38.268452167510986,195303,2715588,2720360,2718064,26397,0,721,0
38.284393072128296,195303,2723780,2728552,2726256,26401,0,722,0
38.300350189208984,195303,2731972,2736744,2734448,26405,0,722,0
38.31621217727661,195303,2740164,2744936,2742640,26409,0,722,0
38.33213400840759,195303,2748356,2753128,2750832,26413,0,722,0
38.348159074783325,195303,2756548,2761320,2759024,26417,0,722,0
38.36418700218201,195303,2764740,2769512,2767216,26421,0,722,0
38.38013815879822,195303,2772932,2777704,2775408,26425,0,722,0
38.396058082580566,195303,2781124,2787944,2783600,26429,0,723,0
38.412050008773804,195303,2789316,2794088,2791792,26433,0,723,0
38.428004026412964,195303,2797508,2804328,2799984,26437,0,723,0
38.444053173065186,195303,2805700,2812520,2808176,26441,0,723,0
38.46000099182129,195303,2813892,2820712,2816368,26445,0,724,0
38.47580313682556,195303,2822084,2828904,2824560,26449,0,724,0
38.49175405502319,195303,2832324,2837096,2834800,26453,0,724,0
38.50766706466675,195303,2836420,2841192,2838896,26456,0,724,0
38.52379298210144,195303,2836420,2841192,2838896,26456,0,724,0
38.539674043655396,195303,2836420,2841192,2838896,26456,0,724,0
38.55553913116455,195303,2836420,2841192,2838896,26456,0,724,0
38.57158899307251,195303,2836420,2841192,2838896,26456,0,724,0
38.58745813369751,195303,2836420,2841192,2838896,26456,0,724,0
38.60321807861328,195303,2836420,2841192,2838896,26456,0,724,0
38.619070053100586,195303,2836420,2841192,2838896,26456,0,724,0
38.634857177734375,195303,2836420,2841192,2838896,26456,0,724,0
38.65107798576355,195303,2836420,2841192,2838896,26456,0,724,0
38.66692304611206,195303,2836420,2841192,2838896,26456,0,724,0
38.68266415596008,195303,2836420,2841192,2838896,26456,0,724,0
38.69804811477661,195303,2836420,2841192,2838896,26456,0,724,0
38.71347618103027,195303,2836420,2841192,2838896,26456,0,724,0
38.72901511192322,195303,2836420,2841192,2838896,26456,0,724,0
38.74466300010681,195303,2836420,2841192,2838896,26456,0,724,0
38.76006197929382,195303,2836420,2841192,2838896,26456,0,724,0
38.77565813064575,195303,2836420,2841192,2838896,26456,0,724,0
38.791160106658936,195303,2836420,2841192,2838896,26456,0,724,0
38.806694984436035,195303,2836420,2841192,2838896,26456,0,724,0
38.82205319404602,195303,2836420,2841192,2838896,26456,0,724,0
38.83763408660889,195303,2836420,2841192,2838896,26456,0,724,0
38.85303711891174,195303,2836420,2841192,2838896,26456,0,724,0
38.86901307106018,195303,2836420,2841192,2838896,26456,0,724,0
38.884886026382446,195303,2836420,2841192,2838896,26456,0,724,0
38.900551080703735,195303,2836420,2841192,2838896,26456,0,724,0
38.916038036346436,195303,2836420,2841192,2838896,26456,0,724,0
38.93171715736389,195303,2836420,2841192,2838896,26456,0,724,0
38.9471321105957,195303,2836420,2841192,2838896,26456,0,724,0
38.96565914154053,195303,2836420,2841192,2838896,26456,0,724,0
38.98138904571533,195303,2836420,2841192,2838896,26456,0,724,0
38.997056007385254,195303,2836420,2841192,2838896,26456,0,724,0
39.012699127197266,195303,2836420,2841192,2838896,26456,0,724,0
39.02813696861267,195303,2836420,2841192,2838896,26456,0,724,0
39.04367518424988,195303,2836420,2841192,2838896,26456,0,724,0
39.05941820144653,195303,2836420,2841192,2838896,26456,0,724,0
39.07507610321045,195303,2836420,2841192,2838896,26456,0,724,0
39.09085011482239,195303,2836420,2841192,2838896,26456,0,724,0
39.106505155563354,195303,2836420,2841192,2838896,26456,0,724,0
39.12208914756775,195303,2836420,2841192,2838896,26456,0,724,0
39.13757109642029,195303,2836420,2841192,2838896,26456,0,724,0
39.15308117866516,195303,2836420,2841192,2838896,26456,0,724,0
39.16863012313843,195303,2836420,2841192,2838896,26456,0,724,0
39.18402910232544,195303,2836420,2841192,2838896,26456,0,724,0
39.19981408119202,195303,2836420,2841192,2838896,26456,0,724,0
39.215381145477295,195303,2836420,2841192,2838896,26456,0,724,0
39.23099708557129,195303,2836420,2841192,2838896,26456,0,724,0
39.24667811393738,195303,2836420,2841192,2838896,26456,0,724,0
39.26202702522278,195303,2836420,2841192,2838896,26456,0,724,0
39.27770113945007,195303,2836420,2841192,2838896,26456,0,724,0
39.29371905326843,195303,2836420,2841192,2838896,26456,0,724,0
39.30937314033508,195303,2836420,2841192,2838896,26456,0,724,0
39.32513213157654,195303,2836420,2841192,2838896,26456,0,724,0
39.34083700180054,195303,2836420,2841192,2838896,26456,0,724,0
39.35601806640625,195303,2836420,2841192,2838896,26456,0,724,0
39.371926069259644,195303,2836420,2841192,2838896,26456,0,724,0
39.387516021728516,195303,2836420,2841192,2838896,26456,0,724,0
39.40310096740723,195303,2836420,2841192,2838896,26456,0,724,0
39.418840169906616,195303,2836420,2841192,2838896,26456,0,724,0
39.434159994125366,195303,2836420,2841192,2838896,26456,0,724,0
39.44958209991455,195303,2836420,2841192,2838896,26456,0,724,0
39.465059995651245,195303,2836420,2841192,2838896,26456,0,724,0
39.48079705238342,195303,2836420,2841192,2838896,26456,0,724,0
39.496554136276245,195303,2836420,2841192,2838896,26456,0,724,0
39.5121750831604,195303,2836420,2841192,2838896,26456,0,724,0
39.52794814109802,195303,2836420,2841192,2838896,26456,0,724,0
39.54341006278992,195303,2836420,2841192,2838896,26456,0,724,0
39.55889916419983,195303,2443204,2447976,2445680,26456,0,716,0
39.57470202445984,195303,2443204,2447976,2445680,26456,0,716,0
39.59043216705322,195303,2443204,2447976,2445680,26456,0,716,0
39.60603404045105,195303,2443204,2447976,2445680,26456,0,716,0
39.621809005737305,195303,2443204,2447976,2445680,26456,0,716,0
39.63746500015259,195303,2443204,2447976,2445680,26456,0,716,0
39.65304708480835,195303,2443204,2447976,2445680,26456,0,716,0
39.66861701011658,195303,2443204,2447976,2445680,26456,0,716,0
39.68406319618225,195303,2443204,2447976,2445680,26456,0,716,0
39.70014309883118,195303,2443204,2447976,2445680,26456,0,716,0
39.715901136398315,195303,2443204,2447976,2445680,26456,0,716,0
39.73154902458191,195303,2443204,2447976,2445680,26456,0,716,0
39.747066020965576,195303,2443204,2447976,2445680,26456,0,716,0
39.76275300979614,195303,2443204,2447976,2445680,26456,0,716,0
39.77841520309448,195303,2443204,2447976,2445680,26456,0,716,0
39.79406213760376,195303,2443204,2447976,2445680,26456,0,716,0
39.809619188308716,195303,2443204,2447976,2445680,26456,0,716,0
39.82508707046509,195303,2443204,2447976,2445680,26456,0,716,0
39.84065818786621,195303,2443204,2447976,2445680,26456,0,716,0
39.855995178222656,195303,2443204,2447976,2445680,26456,0,716,0
39.87179207801819,195303,2443204,2447976,2445680,26456,0,716,0
39.88708710670471,195303,2443204,2447976,2445680,26456,0,716,0
39.90309715270996,195303,2443204,2447976,2445680,26456,0,716,0
39.918960094451904,195303,2443204,2447976,2445680,26456,0,716,0
39.93704915046692,195303,2443204,2447976,2445680,26456,0,716,0
39.95281004905701,195303,2443204,2447976,2445680,26456,0,716,0
39.96812105178833,195303,2443204,2447976,2445680,26456,0,716,0
39.98370003700256,195303,2443204,2447976,2445680,26456,0,716,0
39.99935507774353,195303,2443204,2447976,2445680,26456,0,716,0
40.015093088150024,195303,2443204,2447976,2445680,26456,0,716,0
40.030914068222046,195303,2443204,2447976,2445680,26456,0,716,0
40.04829812049866,195303,2443204,2447976,2445680,26456,0,716,0
40.06531119346619,195303,2443204,2447976,2445680,26456,0,716,0
40.08269214630127,195303,2443204,2447976,2445680,26456,0,716,0
40.099321126937866,195303,2443204,2447976,2445680,26456,0,716,0
40.11551117897034,195303,2443204,2447976,2445680,26456,0,716,0
40.13113713264465,195303,2443204,2447976,2445680,26456,0,716,0
40.1468780040741,195303,2443204,2447976,2445680,26456,0,716,0
40.16267919540405,195303,2443204,2447976,2445680,26456,0,716,0
40.178107023239136,195303,2443204,2447976,2445680,26456,0,716,0
40.193544149398804,195303,2443204,2447976,2445680,26456,0,716,0
40.20903396606445,195303,2443204,2447976,2445680,26456,0,716,0
40.22477912902832,195303,2443204,2447976,2445680,26456,0,716,0
40.24010109901428,195303,2443204,2447976,2445680,26456,0,716,0
40.25594615936279,195303,2443204,2447976,2445680,26456,0,716,0
40.271748065948486,195303,2443204,2447976,2445680,26456,0,716,0
40.2871470451355,195303,2443204,2447976,2445680,26456,0,716,0
40.30289697647095,195303,2443204,2447976,2445680,26456,0,716,0
40.31912016868591,195303,2443204,2447976,2445680,26456,0,716,0
40.33479714393616,195303,2443204,2447976,2445680,26456,0,716,0
40.35008907318115,195303,2443204,2447976,2445680,26456,0,716,0
40.36572313308716,195303,2443204,2447976,2445680,26456,0,716,0
40.381463050842285,195303,2443204,2447976,2445680,26456,0,716,0
40.39705419540405,195303,2443204,2447976,2445680,26456,0,716,0
40.41274404525757,195303,2443204,2447976,2445680,26456,0,716,0
40.428383111953735,195303,2443204,2447976,2445680,26456,0,716,0
40.4439811706543,195303,2443204,2447976,2445680,26456,0,716,0
40.45968508720398,195303,2443204,2447976,2445680,26456,0,716,0
40.4751341342926,195303,2443204,2447976,2445680,26456,0,716,0
40.490825176239014,195303,2443204,2447976,2445680,26456,0,716,0
40.50654697418213,195303,2443204,2447976,2445680,26456,0,716,0
40.52263307571411,195303,2443204,2447976,2445680,26456,0,716,0
40.53810501098633,195303,2443204,2447976,2445680,26456,0,716,0
40.553481101989746,195303,2443204,2447976,2445680,26456,0,716,0
40.568926095962524,195303,2443204,2447976,2445680,26456,0,716,0
40.58459210395813,195303,2443204,2447976,2445680,26456,0,716,0
40.600093126297,195303,2443204,2447976,2445680,26456,0,716,0
40.61589217185974,195303,2443204,2447976,2445680,26456,0,716,0
40.63143706321716,195303,2443204,2447976,2445680,26456,0,716,0
40.64711403846741,195303,2443204,2447976,2445680,26456,0,716,0
40.662923097610474,195303,2443204,2447976,2445680,26456,0,716,0
40.67865800857544,195303,2443204,2447976,2445680,26456,0,716,0
40.694178104400635,195303,2443204,2447976,2445680,26456,0,716,0
40.709917068481445,195303,2443204,2447976,2445680,26456,0,716,0
40.7256920337677,195303,2443204,2447976,2445680,26456,0,716,0
40.7418110370636,195303,2443204,2447976,2445680,26456,0,716,0
40.75753307342529,195303,2443204,2447976,2445680,26456,0,716,0
40.77306604385376,195303,2443204,2447976,2445680,26456,0,716,0
40.78863596916199,195303,2443204,2447976,2445680,26456,0,716,0
40.80404019355774,195303,2443204,2447976,2445680,26456,0,716,0
40.819693088531494,195303,2443204,2447976,2445680,26456,0,716,0
40.83511304855347,195303,2443204,2447976,2445680,26456,0,716,0
40.85086417198181,195303,2443204,2447976,2445680,26456,0,716,0
40.86612319946289,195303,2443204,2447976,2445680,26456,0,716,0
40.8814811706543,195303,2443204,2447976,2445680,26456,0,716,0
40.897040128707886,195303,2443204,2447976,2445680,26456,0,716,0
40.91265797615051,195303,2443204,2447976,2445680,26456,0,716,0
40.92802309989929,195303,2443204,2447976,2445680,26456,0,716,0
40.94376802444458,195303,2443204,2447976,2445680,26456,0,716,0
40.95901703834534,195303,2443204,2447976,2445680,26456,0,716,0
40.97466707229614,195303,2443204,2447976,2445680,26456,0,716,0
40.99012017250061,195303,2443204,2447976,2445680,26456,0,716,0
41.005871057510376,195303,2443204,2447976,2445680,26456,0,716,0
41.02169704437256,195303,2443204,2447976,2445680,26456,0,716,0
41.037227153778076,195303,2443204,2447976,2445680,26456,0,716,0
41.05281901359558,195303,2443204,2447976,2445680,26456,0,716,0
41.06839609146118,195303,2443204,2447976,2445680,26456,0,716,0
41.083991050720215,195303,2443204,2447976,2445680,26456,0,716,0
41.099589109420776,195303,2443204,2447976,2445680,26456,0,716,0
41.1151909828186,195303,2443204,2447976,2445680,26456,0,716,0
41.13067412376404,195303,2443204,2447976,2445680,26456,0,716,0
41.14674496650696,195303,2443204,2447976,2445680,26456,0,716,0
41.16253709793091,195303,2443204,2447976,2445680,26456,0,716,0
41.178062200546265,195303,2443204,2447976,2445680,26456,0,716,0
41.193520069122314,195303,2443204,2447976,2445680,26456,0,716,0
41.208866119384766,195303,2443204,2447976,2445680,26456,0,716,0
41.22408103942871,195303,2443204,2447976,2445680,26456,0,716,0
41.23980498313904,195303,2443204,2447976,2445680,26456,0,716,0
41.25541710853577,195303,2443204,2447976,2445680,26456,0,716,0
41.27107620239258,195303,2443204,2447976,2445680,26456,0,716,0
41.286837100982666,195303,2443204,2447976,2445680,26456,0,716,0
41.302546977996826,195303,2443204,2447976,2445680,26456,0,716,0
41.31810116767883,195303,2443204,2447976,2445680,26456,0,716,0
41.33379006385803,195303,2443204,2447976,2445680,26456,0,716,0
41.34978199005127,195303,2443204,2447976,2445680,26456,0,716,0
41.36573815345764,195303,2443204,2447976,2445680,26456,0,716,0
41.381195068359375,195303,2443204,2447976,2445680,26456,0,716,0
41.39690613746643,195303,2443204,2447976,2445680,26456,0,716,0
41.412734031677246,195303,2443204,2447976,2445680,26456,0,716,0
41.428237199783325,195303,2443204,2447976,2445680,26456,0,716,0
41.4440860748291,195303,2443204,2447976,2445680,26456,0,716,0
41.45989799499512,195303,2443204,2447976,2445680,26456,0,716,0
41.475545167922974,195303,2443204,2447976,2445680,26456,0,716,0
41.491127014160156,195303,2443204,2447976,2445680,26456,0,716,0
41.50668215751648,195303,2443204,2447976,2445680,26456,0,716,0
41.52245616912842,195303,2443204,2447976,2445680,26456,0,716,0
41.538050174713135,195303,2443204,2447976,2445680,26456,0,716,0
41.5539391040802,195303,2443204,2447976,2445680,26456,0,716,0
41.57010102272034,195303,2443204,2447976,2445680,26456,0,716,0
41.58585810661316,195303,2443204,2447976,2445680,26456,0,716,0
41.60144114494324,195303,2031556,2036328,2034032,26456,0,708,0
41.617154121398926,195303,2031556,2036328,2034032,26456,0,708,0
41.632893085479736,195303,2031556,2036328,2034032,26456,0,708,0
41.648730993270874,195303,2031556,2036328,2034032,26456,0,708,0
41.66463017463684,195303,2031556,2036328,2034032,26456,0,708,0
41.68015217781067,195303,2031556,2036328,2034032,26456,0,708,0
41.69597315788269,195303,2031556,2036328,2034032,26456,0,708,0
41.711836099624634,195303,2031556,2036328,2034032,26456,0,708,0
41.72744417190552,195303,2031556,2036328,2034032,26456,0,708,0
41.742964029312134,195303,2031556,2036328,2034032,26456,0,708,0
41.75871014595032,195303,2031556,2036328,2034032,26456,0,708,0
41.77450609207153,195303,2031556,2036328,2034032,26456,0,708,0
41.790083169937134,195303,2031556,2036328,2034032,26456,0,708,0
41.80583119392395,195303,2031556,2036328,2034032,26456,0,708,0
41.82139706611633,195303,2031556,2036328,2034032,26456,0,708,0
41.837093114852905,195303,2031556,2036328,2034032,26456,0,708,0
41.85269212722778,195303,2031556,2036328,2034032,26456,0,708,0
41.86814308166504,195303,2031556,2036328,2034032,26456,0,708,0
41.883809089660645,195303,2031556,2036328,2034032,26456,0,708,0
41.899518966674805,195303,2031556,2036328,2034032,26456,0,708,0
41.91511106491089,195303,2031556,2036328,2034032,26456,0,708,0
41.93076300621033,195303,2031556,2036328,2034032,26456,0,708,0
41.94619011878967,195303,2031556,2036328,2034032,26456,0,708,0
41.96203017234802,195303,2031556,2036328,2034032,26456,0,708,0
41.97748899459839,195303,2031556,2036328,2034032,26456,0,708,0
41.99309802055359,195303,2031556,2036328,2034032,26456,0,708,0
42.00864315032959,195303,2031556,2036328,2034032,26456,0,708,0
42.024028062820435,195303,2031556,2036328,2034032,26456,0,708,0
42.039446115493774,195303,2031556,2036328,2034032,26456,0,708,0
42.05502915382385,195303,2031556,2036328,2034032,26456,0,708,0
42.07055115699768,195303,2031556,2036328,2034032,26456,0,708,0
42.086081981658936,195303,2031556,2036328,2034032,26456,0,708,0
42.101436138153076,195303,2031556,2036328,2034032,26456,0,708,0
42.11687111854553,195303,2031556,2036328,2034032,26456,0,708,0
42.13212013244629,195303,2031556,2036328,2034032,26456,0,708,0
42.147834062576294,195303,2031556,2036328,2034032,26456,0,708,0
42.163594007492065,195303,2031556,2036328,2034032,26456,0,708,0
42.17892599105835,195303,2031556,2036328,2034032,26456,0,708,0
42.19419503211975,195303,2031556,2036328,2034032,26456,0,708,0
42.20974516868591,195303,2031612,2036328,2034088,26470,0,708,0
42.22545409202576,195303,2031612,2036328,2034088,26470,0,708,0
42.24095916748047,195303,2031612,2036328,2034088,26470,0,708,0
42.256834983825684,195303,2031612,2036328,2034088,26470,0,708,0
42.27252912521362,195303,2031612,2036328,2034088,26470,0,708,0
42.28809404373169,195303,2031612,2036328,2034088,26470,0,708,0
42.30353307723999,195303,2031612,2036328,2034088,26470,0,708,0
42.31909513473511,195303,2031612,2036328,2034088,26470,0,708,0
42.334840059280396,195303,2031612,2036328,2034088,26470,0,708,0
42.35009813308716,195303,2031612,2036328,2034088,26470,0,708,0
42.3659131526947,195303,2031612,2036328,2034088,26470,0,708,0
42.381548166275024,195303,2031612,2036328,2034088,26470,0,708,0
42.397125005722046,195303,2031612,2036328,2034088,26470,0,708,0
42.41284108161926,195303,2031612,2036328,2034088,26470,0,708,0
42.42815017700195,195303,2031612,2036328,2034088,26470,0,708,0
42.443742990493774,195303,2031612,2036328,2034088,26470,0,708,0
42.45904207229614,195303,2031612,2036328,2034088,26470,0,708,0
42.4747040271759,195303,2031612,2036328,2034088,26470,0,708,0
42.490087032318115,195303,2031612,2036328,2034088,26470,0,708,0
42.505765199661255,195303,2031612,2036328,2034088,26470,0,708,0
42.52154517173767,195303,2031612,2036328,2034088,26470,0,708,0
42.53706908226013,195303,2031612,2036328,2034088,26470,0,708,0
42.552929162979126,195303,2031612,2036328,2034088,26470,0,708,0
42.56864809989929,195303,2031612,2036328,2034088,26470,0,708,0
42.58418917655945,195303,2031612,2036328,2034088,26470,0,708,0
42.600237131118774,195303,2031612,2036328,2034088,26470,0,708,0
42.61608600616455,195303,2031612,2036328,2034088,26470,0,708,0
42.631747007369995,195303,2031612,2036328,2034088,26470,0,708,0
42.647372007369995,195303,2031612,2036328,2034088,26470,0,708,0
42.66326403617859,195303,2031612,2036328,2034088,26470,0,708,0
42.67915105819702,195303,2031612,2036328,2034088,26470,0,708,0
42.69498300552368,195303,2031612,2036328,2034088,26470,0,708,0
42.7109739780426,195303,2031612,2036328,2034088,26470,0,708,0
42.7267701625824,195303,2031612,2036328,2034088,26470,0,708,0
42.74269700050354,195303,2031612,2036328,2034088,26470,0,708,0
42.75841498374939,195303,2031612,2036328,2034088,26470,0,708,0
42.77427697181702,195303,2031612,2036328,2034088,26470,0,708,0
42.79002404212952,195303,2031612,2036328,2034088,26470,0,708,0
42.80590605735779,195303,2031612,2036328,2034088,26470,0,708,0
42.822012186050415,195303,2031612,2036328,2034088,26470,0,708,0
42.83789420127869,195303,2031612,2036328,2034088,26470,0,708,0
42.85650610923767,195303,2031612,2036328,2034088,26470,0,708,0
42.87244915962219,195303,2031612,2036328,2034088,26470,0,708,0
42.88848519325256,195303,2031612,2036328,2034088,26470,0,708,0
42.9044291973114,195303,2031612,2036328,2034088,26470,0,708,0
42.92033100128174,195303,2031612,2036328,2034088,26470,0,708,0
42.93614196777344,195303,2031612,2036328,2034088,26470,0,708,0
42.952033042907715,195303,2031612,2036328,2034088,26470,0,708,0
42.96804618835449,195303,2031612,2036328,2034088,26470,0,708,0
42.98399615287781,195303,2031612,2036328,2034088,26470,0,708,0
42.999786138534546,195303,2031612,2036328,2034088,26470,0,708,0
43.01602911949158,195303,2031612,2036328,2034088,26470,0,708,0
43.03196907043457,195303,2031612,2036328,2034088,26470,0,708,0
43.048381090164185,195303,2031612,2036328,2034088,26470,0,708,0
43.06411600112915,195303,2031612,2036328,2034088,26470,0,708,0
43.08007001876831,195303,2031612,2036328,2034088,26470,0,708,0
43.09595203399658,195303,2031612,2036328,2034088,26470,0,708,0
43.11193013191223,195303,2031616,2036328,2034092,26471,0,708,0
43.12781810760498,195303,2031616,2036328,2034092,26471,0,708,0
43.14376711845398,195303,2031616,2036328,2034092,26471,0,708,0
43.15969800949097,195303,2031616,2036328,2034092,26471,0,708,0
43.17546319961548,195303,2031616,2036328,2034092,26471,0,708,0
43.19145202636719,195303,2031616,2036328,2034092,26471,0,708,0
43.20727300643921,195303,2031616,2036328,2034092,26471,0,708,0
43.22333002090454,195303,2031616,2036328,2034092,26471,0,708,0
43.2391619682312,195303,2031616,2036328,2034092,26471,0,708,0
43.25504803657532,195303,2031616,2036328,2034092,26471,0,708,0
43.270960092544556,195303,2031616,2036328,2034092,26471,0,708,0
43.28688311576843,195303,2031616,2036328,2034092,26471,0,708,0
43.30279898643494,195303,2031616,2036328,2034092,26471,0,708,0
43.31871700286865,195303,2031616,2036328,2034092,26471,0,708,0
43.334678173065186,195303,2031616,2036328,2034092,26471,0,708,0
43.35069012641907,195303,2037760,2042532,2040236,26473,0,708,0
43.36662197113037,195303,2045952,2050724,2048428,26477,0,708,0
43.38264608383179,195303,2054144,2058916,2056620,26481,0,708,0
43.3990421295166,195303,2058240,2063012,2060716,26484,0,708,0
43.41506314277649,195303,2060288,2065060,2062764,26485,0,708,0
43.431342124938965,195303,2060288,2065060,2062764,26485,0,708,0
43.447275161743164,195303,2060288,2065060,2062764,26485,0,708,0
43.463173151016235,195303,2060288,2065060,2062764,26485,0,708,0
43.479066133499146,195303,2060288,2065060,2062764,26485,0,708,0
43.49505019187927,195303,2060288,2065060,2062764,26485,0,708,0
43.511006116867065,195303,2060288,2065060,2062764,26485,0,708,0
43.526867151260376,195303,2060288,2065060,2062764,26485,0,708,0
43.54266810417175,195303,2060288,2065060,2062764,26485,0,708,0
43.5585401058197,195303,2060288,2065060,2062764,26485,0,708,0
43.57447099685669,195303,2060288,2065060,2062764,26485,0,708,0
43.5903480052948,195303,2060288,2065060,2062764,26485,0,708,0
43.60602402687073,195303,2060288,2065060,2062764,26485,0,708,0
43.621599197387695,195303,1650688,1655460,1653164,26485,0,700,0
43.63726496696472,195303,1650688,1655460,1653164,26485,0,700,0
43.65358901023865,195303,1650688,1655460,1653164,26485,0,700,0
43.66952109336853,195303,1650688,1655460,1653164,26485,0,700,0
43.68542504310608,195303,1650688,1655460,1653164,26485,0,700,0
43.70132803916931,195303,1650688,1655460,1653164,26485,0,700,0
43.71717715263367,195303,1650688,1655460,1653164,26485,0,700,0
43.73302698135376,195303,1650688,1655460,1653164,26485,0,700,0
43.7489709854126,195303,1650688,1655460,1653164,26485,0,700,0
43.76480007171631,195303,1650688,1655460,1653164,26485,0,700,0
43.780882120132446,195303,1650688,1655460,1653164,26485,0,700,0
43.79691004753113,195303,1650688,1655460,1653164,26485,0,700,0
43.81286597251892,195303,1650688,1655460,1653164,26485,0,700,0
43.83166813850403,195303,1650688,1655460,1653164,26485,0,700,0
43.84753203392029,195303,1650688,1655460,1653164,26485,0,700,0
43.86349105834961,195303,1650688,1655460,1653164,26485,0,700,0
43.8793580532074,195303,1650688,1655460,1653164,26485,0,700,0
43.89508819580078,195303,1650688,1655460,1653164,26485,0,700,0
43.911031007766724,195303,1650688,1655460,1653164,26485,0,700,0
43.926897048950195,195303,1650688,1655460,1653164,26485,0,700,0
43.942766189575195,195303,1650688,1655460,1653164,26485,0,700,0
43.95861315727234,195303,1650688,1655460,1653164,26485,0,700,0
43.974470138549805,195303,1650688,1655460,1653164,26485,0,700,0
43.990323066711426,195303,1650688,1655460,1653164,26485,0,700,0
44.00651812553406,195303,1650688,1655460,1653164,26485,0,700,0
44.022377014160156,195303,1650688,1655460,1653164,26485,0,700,0
44.0381121635437,195303,1650688,1655460,1653164,26485,0,700,0
44.05406713485718,195303,1650688,1655460,1653164,26485,0,700,0
44.070306062698364,195303,1650688,1655460,1653164,26485,0,700,0
44.08614897727966,195303,1650688,1655460,1653164,26485,0,700,0
44.10216999053955,195303,1650688,1655460,1653164,26485,0,700,0
44.11810612678528,195303,1650688,1655460,1653164,26485,0,700,0
44.134073972702026,195303,1650688,1655460,1653164,26485,0,700,0
44.149962186813354,195303,1650688,1655460,1653164,26485,0,700,0
44.16583514213562,195303,1650688,1655460,1653164,26485,0,700,0
44.18187499046326,195303,1650688,1655460,1653164,26485,0,700,0
44.197861194610596,195303,1650688,1655460,1653164,26485,0,700,0
44.21390104293823,195303,1650688,1655460,1653164,26485,0,700,0
44.22968411445618,195303,1650688,1655460,1653164,26485,0,700,0
44.24548316001892,195303,1650688,1655460,1653164,26485,0,700,0
44.26102018356323,195303,1650688,1655460,1653164,26485,0,700,0
44.27711319923401,195303,1650688,1655460,1653164,26485,0,700,0
44.29307413101196,195303,1650688,1655460,1653164,26485,0,700,0
44.30904197692871,195303,1650688,1655460,1653164,26485,0,700,0
44.3249831199646,195303,1650688,1655460,1653164,26485,0,700,0
44.341010093688965,195303,1650688,1655460,1653164,26485,0,700,0
44.35698914527893,195303,1650688,1655460,1653164,26485,0,700,0
44.37295198440552,195303,1650688,1655460,1653164,26485,0,700,0
44.38890218734741,195303,1650688,1655460,1653164,26485,0,700,0
44.405001163482666,195303,1650688,1655460,1653164,26485,0,700,0
44.42115116119385,195303,1650688,1655460,1653164,26485,0,700,0
44.43709111213684,195303,1650688,1655460,1653164,26485,0,700,0
44.45300602912903,195303,1650688,1655460,1653164,26485,0,700,0
44.46899104118347,195303,1650688,1655460,1653164,26485,0,700,0
44.485382080078125,195303,1650688,1655460,1653164,26485,0,700,0
44.501397132873535,195303,1652736,1659556,1655212,26486,0,700,0
44.5174241065979,195303,1660928,1667748,1663404,26490,0,700,0
44.533478021621704,195303,1671168,1675940,1673644,26494,0,700,0
44.54948711395264,195303,1679360,1684132,1681836,26498,0,700,0
44.56564903259277,195303,1687552,1692324,1690028,26502,0,700,0
44.581735134124756,195303,1695744,1700516,1698220,26506,0,700,0
44.59787702560425,195303,1703936,1708708,1706412,26510,0,701,0
44.61401915550232,195303,1712128,1716900,1714604,26515,0,701,0
44.63001012802124,195303,1720320,1725092,1722796,26519,0,701,0
44.64593505859375,195303,1728512,1733284,1730988,26523,0,701,0
44.661914110183716,195303,1736704,1741476,1739180,26527,0,702,0
44.67759108543396,195303,1744896,1749668,1747372,26531,0,702,0
44.69393801689148,195303,1753088,1757860,1755564,26535,0,702,0
44.709994077682495,195303,1761280,1766052,1763756,26539,0,702,0
44.72602701187134,195303,1769472,1774244,1771948,26543,0,702,0
44.741974115371704,195303,1777664,1782436,1780140,26547,0,702,0
44.75800919532776,195303,1785856,1790628,1788332,26551,0,702,0
44.77386116981506,195303,1794048,1798820,1796524,26555,0,702,0
44.78975701332092,195303,1802240,1807012,1804716,26558,0,703,0
44.80601119995117,195303,1810432,1815204,1812908,26562,0,703,0
44.82193112373352,195303,1818624,1823396,1821100,26566,0,703,0
44.838019132614136,195303,1826816,1831588,1829292,26570,0,703,0
44.85413599014282,195303,1835008,1839780,1837484,26574,0,704,0
44.87003207206726,195303,1843200,1847972,1845676,26579,0,704,0
44.88607406616211,195303,1851392,1856164,1853868,26583,0,704,0
44.90245604515076,195303,1859584,1864356,1862060,26587,0,704,0
44.91855502128601,195303,1867776,1872548,1870252,26591,0,704,0
44.93474817276001,195303,1875968,1880740,1878444,26595,0,704,0
44.95062708854675,195303,1884160,1888932,1886636,26599,0,704,0
44.96670198440552,195303,1892352,1897124,1894828,26603,0,704,0
44.982640981674194,195303,1900544,1905316,1903020,26607,0,705,0
44.99849510192871,195303,1908736,1913508,1911212,26611,0,705,0
45.014484167099,195303,1916928,1921700,1919404,26615,0,705,0
45.03044319152832,195303,1925120,1929892,1927596,26619,0,705,0
45.046470165252686,195303,1933312,1938084,1935788,26623,0,706,0
45.06248497962952,195303,1941504,1946276,1943980,26627,0,706,0
45.07855010032654,195303,1949696,1954468,1952172,26631,0,706,0
45.094630002975464,195303,1957888,1962660,1960364,26635,0,706,0
45.11093711853027,195303,1966080,1970852,1968556,26639,0,706,0
45.12693119049072,195303,1974272,1979044,1976748,26643,0,706,0
45.143068075180054,195303,1982464,1987236,1984940,26647,0,706,0
45.158902168273926,195303,1990656,1995428,1993132,26651,0,706,0
45.17489218711853,195303,1998848,2003620,2001324,26655,0,707,0
45.19100308418274,195303,2007040,2011812,2009516,26659,0,707,0
45.20691108703613,195303,2015232,2020004,2017708,26663,0,707,0
45.2228729724884,195303,2023424,2028196,2025900,26667,0,707,0
45.238707065582275,195303,2031616,2036388,2034092,26671,0,708,0
45.25454497337341,195303,2039808,2044580,2042284,26675,0,708,0
45.27047920227051,195303,2048000,2052772,2050476,26679,0,708,0
45.28641414642334,195303,2056192,2060964,2058668,26683,0,708,0
45.30230903625488,195303,2064384,2069156,2066860,26687,0,708,0
45.31865215301514,195303,2072576,2077348,2075052,26691,0,708,0
45.33488202095032,195303,2080768,2085540,2083244,26695,0,708,0
45.350985050201416,195303,2088960,2093732,2091436,26699,0,708,0
45.36689019203186,195303,2097152,2101924,2099628,26703,0,709,0
45.3827760219574,195303,2105344,2110116,2107820,26707,0,709,0
45.39878606796265,195303,2113536,2118308,2116012,26711,0,709,0
45.41470217704773,195303,2121728,2126500,2124204,26715,0,709,0
45.43074011802673,195303,2129920,2134692,2132396,26719,0,710,0
45.446820974349976,195303,2138112,2142884,2140588,26723,0,710,0
45.462836027145386,195303,2146304,2151076,2148780,26727,0,710,0
45.47892713546753,195303,2154496,2159268,2156972,26731,0,710,0
45.49483609199524,195303,2162688,2167460,2165164,26735,0,710,0
45.51124119758606,195303,2170880,2175652,2173356,26739,0,710,0
45.52736210823059,195303,2179072,2183844,2181548,26743,0,710,0
45.54337501525879,195303,2187264,2192036,2189740,26747,0,710,0
45.55917501449585,195303,2195456,2200228,2197932,26751,0,711,0
45.575016021728516,195303,2203648,2208420,2206124,26755,0,711,0
45.59109306335449,195303,2211840,2216612,2214316,26759,0,711,0
45.6070921421051,195303,2220032,2224804,2222508,26763,0,711,0
45.62301707267761,195303,2211840,2216612,2214316,26767,0,711,0
45.638978004455566,195303,2220032,2224804,2222508,26771,0,711,0
45.65489196777344,195303,2228224,2232996,2230700,26775,0,712,0
45.67082715034485,195303,2236416,2241188,2238892,26779,0,712,0
45.686763048172,195303,2244608,2249380,2247084,26783,0,712,0
45.70281720161438,195303,2252800,2257572,2255276,26787,0,712,0
45.71897101402283,195303,2260992,2267812,2263468,26791,0,712,0
45.73499011993408,195303,2269184,2276004,2271660,26795,0,712,0
45.750970125198364,195303,2277376,2284196,2279852,26799,0,712,0
45.76702904701233,195303,2285568,2292388,2288044,26803,0,712,0
45.784332036972046,195303,2293760,2298532,2296236,26807,0,713,0
45.80031704902649,195303,2301952,2308772,2304428,26811,0,713,0
45.816394090652466,195303,2310144,2316964,2312620,26815,0,713,0
45.8323700428009,195303,2318336,2325156,2320812,26819,0,713,0
45.848376989364624,195303,2328576,2333348,2331052,26823,0,714,0
45.86448097229004,195303,2336768,2341540,2339244,26827,0,714,0
45.880415201187134,195303,2344960,2349732,2347436,26831,0,714,0
45.89643597602844,195303,2353152,2357924,2355628,26835,0,714,0
45.912376165390015,195303,2361344,2366116,2363820,26839,0,714,0
45.92841100692749,195303,2369536,2374308,2372012,26843,0,714,0
45.944459199905396,195303,2377728,2382500,2380204,26847,0,714,0
45.96009612083435,195303,2385920,2390692,2388396,26851,0,714,0
45.97611403465271,195303,2394112,2398884,2396588,26855,0,715,0
45.992104053497314,195303,2402304,2407076,2404780,26859,0,715,0
46.00805711746216,195303,2410496,2415268,2412972,26863,0,715,0
46.02405309677124,195303,2418688,2423460,2421164,26867,0,715,0
46.04005408287048,195303,2426880,2431652,2429356,26872,0,716,0
46.05610108375549,195303,2435072,2439844,2437548,26876,0,716,0
46.071999073028564,195303,2443264,2448036,2445740,26880,0,716,0
46.08798003196716,195303,2451456,2456228,2453932,26884,0,716,0
46.10380411148071,195303,2459648,2464420,2462124,26888,0,716,0
46.11974215507507,195303,2467840,2472612,2470316,26892,0,716,0
46.13603210449219,195303,2476032,2480804,2478508,26896,0,716,0
46.152029037475586,195303,2484224,2488996,2486700,26900,0,716,0
46.16797709465027,195303,2492416,2497188,2494892,26904,0,717,0
46.18395709991455,195303,2500608,2505380,2503084,26908,0,717,0
46.199931144714355,195303,2508800,2513572,2511276,26912,0,717,0
46.21595215797424,195303,2516992,2521764,2519468,26916,0,717,0
46.23227620124817,195303,2525184,2529956,2527660,26920,0,718,0
46.24813508987427,195303,2533376,2538148,2535852,26924,0,718,0
46.26418709754944,195303,2541568,2546340,2544044,26928,0,718,0
46.280194997787476,195303,2549760,2554532,2552236,26932,0,718,0
46.296123027801514,195303,2557952,2562724,2560428,26936,0,718,0
46.312159061431885,195303,2566144,2570916,2568620,26940,0,718,0
46.328102111816406,195303,2574336,2581156,2576812,26944,0,718,0
46.3443500995636,195303,2582528,2589348,2585004,26948,0,718,0
46.36046600341797,195303,2590720,2597540,2593196,26952,0,719,0
46.376527070999146,195303,2598912,2605732,2601388,26956,0,719,0
46.392518043518066,195303,2607104,2613924,2609580,26960,0,719,0
46.40860104560852,195303,2615296,2622116,2617772,26964,0,719,0
46.42464518547058,195303,2623488,2630308,2625964,26968,0,720,0
46.44060516357422,195303,2631680,2638500,2634156,26972,0,720,0
46.45650506019592,195303,2641920,2646692,2644396,26976,0,720,0
46.47252416610718,195303,2650112,2654884,2652588,26980,0,720,0
46.48859119415283,195303,2658304,2663076,2660780,26984,0,720,0
46.50459098815918,195303,2666496,2671268,2668972,26988,0,720,0
46.52058815956116,195303,2674688,2679460,2677164,26992,0,720,0
46.53675198554993,195303,2682880,2687652,2685356,26996,0,720,0
46.552762031555176,195303,2691072,2695844,2693548,27000,0,721,0
46.56887698173523,195303,2699264,2704036,2701740,27004,0,721,0
46.584922075271606,195303,2707456,2712228,2709932,27008,0,721,0
46.60097813606262,195303,2715648,2720420,2718124,27012,0,721,0
46.616695165634155,195303,2723840,2728612,2726316,27017,0,722,0
46.63250112533569,195303,2732032,2736804,2734508,27021,0,722,0
46.64848518371582,195303,2740224,2744996,2742700,27025,0,722,0
46.66451597213745,195303,2748416,2753188,2750892,27029,0,722,0
46.68046712875366,195303,2750464,2755236,2752940,27030,0,722,0
46.696412086486816,195303,2750464,2755236,2752940,27030,0,722,0
46.712284088134766,195303,2750464,2755236,2752940,27030,0,722,0
46.728145122528076,195303,2750464,2755236,2752940,27030,0,722,0
46.74428200721741,195303,2750464,2755236,2752940,27030,0,722,0
46.760398149490356,195303,2750464,2755236,2752940,27030,0,722,0
46.77676796913147,195303,2750464,2755236,2752940,27030,0,722,0
46.7927360534668,195303,2750464,2755236,2752940,27030,0,722,0
46.8086371421814,195303,2750464,2755236,2752940,27030,0,722,0
46.82425618171692,195303,2750464,2755236,2752940,27030,0,722,0
46.83998703956604,195303,2750464,2755236,2752940,27030,0,722,0
46.85568904876709,195303,2750464,2755236,2752940,27030,0,722,0
46.87166905403137,195303,2750464,2755236,2752940,27030,0,722,0
46.88709115982056,195303,2750464,2755236,2752940,27030,0,722,0
46.902894020080566,195303,2750464,2755236,2752940,27030,0,722,0
46.918663024902344,195303,2750464,2755236,2752940,27030,0,722,0
46.93412804603577,195303,2750464,2755236,2752940,27030,0,722,0
46.949939012527466,195303,2750464,2755236,2752940,27030,0,722,0
46.96579098701477,195303,2750464,2755236,2752940,27030,0,722,0
46.98187208175659,195303,2750464,2755236,2752940,27030,0,722,0
46.997626066207886,195303,2750464,2755236,2752940,27030,0,722,0
47.013084173202515,195303,2750464,2755236,2752940,27030,0,722,0
47.02865409851074,195303,2750464,2755236,2752940,27030,0,722,0
47.04405498504639,195303,2750464,2755236,2752940,27030,0,722,0
47.0595760345459,195303,2750464,2755236,2752940,27030,0,722,0
47.075181007385254,195303,2750464,2755236,2752940,27030,0,722,0
47.09077215194702,195303,2750464,2755236,2752940,27030,0,722,0
47.106178998947144,195303,2750464,2755236,2752940,27030,0,722,0
47.12188100814819,195303,2750464,2755236,2752940,27030,0,722,0
47.13743615150452,195303,2750464,2755236,2752940,27030,0,722,0
47.15304112434387,195303,2750464,2755236,2752940,27030,0,722,0
47.16890811920166,195303,2750464,2755236,2752940,27030,0,722,0
47.18462610244751,195303,2750464,2755236,2752940,27030,0,722,0
47.200093030929565,195303,2750464,2755236,2752940,27030,0,722,0
47.21567416191101,195303,2750464,2755236,2752940,27030,0,722,0
47.231014013290405,195303,2750464,2755236,2752940,27030,0,722,0
47.24635410308838,195303,2750464,2755236,2752940,27030,0,722,0
47.26183104515076,195303,2750464,2755236,2752940,27030,0,722,0
47.27724599838257,195303,2750464,2755236,2752940,27030,0,722,0
47.293128967285156,195303,2750464,2755236,2752940,27030,0,722,0
47.30888104438782,195303,2750464,2755236,2752940,27030,0,722,0
47.32459306716919,195303,2750464,2755236,2752940,27030,0,722,0
47.34008598327637,195303,2750464,2755236,2752940,27030,0,722,0
47.355877161026,195303,2750464,2755236,2752940,27030,0,722,0
47.371549129486084,195303,2750464,2755236,2752940,27030,0,722,0
47.38770413398743,195303,2750464,2755236,2752940,27030,0,722,0
47.40353608131409,195303,2750464,2755236,2752940,27030,0,722,0
47.41904306411743,195303,2750464,2755236,2752940,27030,0,722,0
47.4349000453949,195303,2750464,2755236,2752940,27030,0,722,0
47.45066714286804,195303,2750464,2755236,2752940,27030,0,722,0
47.46617007255554,195303,2750464,2755236,2752940,27030,0,722,0
47.48190999031067,195303,2750464,2755236,2752940,27030,0,722,0
47.49777603149414,195303,2750464,2755236,2752940,27030,0,722,0
47.513468980789185,195303,2750464,2755236,2752940,27030,0,722,0
47.52911019325256,195303,2750464,2755236,2752940,27030,0,722,0
47.54487609863281,195303,2750464,2755236,2752940,27030,0,722,0
47.56067609786987,195303,2750464,2755236,2752940,27030,0,722,0
47.57622408866882,195303,2750464,2755236,2752940,27030,0,722,0
47.592708110809326,195303,2750464,2755236,2752940,27030,0,722,0
47.608644008636475,195303,2750464,2755236,2752940,27030,0,722,0
47.624075174331665,195303,2750464,2755236,2752940,27030,0,722,0
47.639899015426636,195303,2750464,2755236,2752940,27030,0,722,0
47.65564703941345,195303,2750464,2755236,2752940,27030,0,722,0
47.67119598388672,195303,2750464,2755236,2752940,27030,0,722,0
47.68699097633362,195303,2750464,2755236,2752940,27030,0,722,0
47.702593088150024,195303,2750464,2755236,2752940,27030,0,722,0
47.720869064331055,195303,2750464,2755236,2752940,27030,0,722,0
47.73667311668396,195303,2750464,2755236,2752940,27030,0,722,0
47.75216603279114,195303,2750464,2755236,2752940,27030,0,722,0
47.767728090286255,195303,2750464,2755236,2752940,27030,0,722,0
47.78316807746887,195303,2750464,2755236,2752940,27030,0,722,0
47.799044132232666,195303,2750464,2755236,2752940,27030,0,722,0
47.8148250579834,195303,2750464,2755236,2752940,27030,0,722,0
47.83047819137573,195303,2750464,2755236,2752940,27030,0,722,0
47.846060037612915,195303,2750464,2755236,2752940,27030,0,722,0
47.86182713508606,195303,2750464,2755236,2752940,27030,0,722,0
47.87740111351013,195303,2750464,2755236,2752940,27030,0,722,0
47.89311408996582,195303,2750464,2755236,2752940,27030,0,722,0
47.90901303291321,195303,2750464,2755236,2752940,27030,0,722,0
47.92473316192627,195303,2750464,2755236,2752940,27030,0,722,0
47.9401581287384,195303,2750464,2755236,2752940,27030,0,722,0
47.9559051990509,195303,2750464,2755236,2752940,27030,0,722,0
47.97160005569458,195303,2750464,2755236,2752940,27030,0,722,0
47.98713207244873,195303,2750464,2755236,2752940,27030,0,722,0
48.00297713279724,195303,2750464,2755236,2752940,27030,0,722,0
48.01871299743652,195303,2750464,2755236,2752940,27030,0,722,0
48.0342071056366,195303,2750464,2755236,2752940,27030,0,722,0
48.04999399185181,195303,2750464,2755236,2752940,27030,0,722,0
48.065781116485596,195303,2750464,2755236,2752940,27030,0,722,0
48.081417083740234,195303,2750464,2755236,2752940,27030,0,722,0
48.0970242023468,195303,2750464,2755236,2752940,27030,0,722,0
48.11279511451721,195303,2750464,2755236,2752940,27030,0,722,0
48.12824106216431,195303,2750464,2755236,2752940,27030,0,722,0
48.14374804496765,195303,2750464,2755236,2752940,27030,0,722,0
48.15922498703003,195303,2750464,2755236,2752940,27030,0,722,0
48.1749951839447,195303,2750464,2755236,2752940,27030,0,722,0
48.19072604179382,195303,2750464,2755236,2752940,27030,0,722,0
48.20649814605713,195303,2750464,2755236,2752940,27030,0,722,0
48.22220206260681,195303,2750464,2755236,2752940,27030,0,722,0
48.23793911933899,195303,2750464,2755236,2752940,27030,0,722,0
48.25353813171387,195303,2750464,2755236,2752940,27030,0,722,0
48.26911497116089,195303,2750464,2755236,2752940,27030,0,722,0
48.28476810455322,195303,2750464,2755236,2752940,27030,0,722,0
48.30048704147339,195303,2750464,2755236,2752940,27030,0,722,0
48.31609916687012,195303,2750464,2755236,2752940,27030,0,722,0
48.331804037094116,195303,2750464,2755236,2752940,27030,0,722,0
48.34755301475525,195303,2750464,2755236,2752940,27030,0,722,0
48.36310911178589,195303,2750464,2755236,2752940,27030,0,722,0
48.378857135772705,195303,2750464,2755236,2752940,27030,0,722,0
48.39446020126343,195303,2750464,2755236,2752940,27030,0,722,0
48.410163164138794,195303,2750464,2755236,2752940,27030,0,722,0
48.42616605758667,195303,2750464,2755236,2752940,27030,0,722,0
48.442023038864136,195303,2750464,2755236,2752940,27030,0,722,0
48.45773696899414,195303,2371584,2376356,2374060,27030,0,714,0
48.4732620716095,195303,2371584,2376356,2374060,27030,0,714,0
48.48893117904663,195303,2371584,2376356,2374060,27030,0,714,0
48.50445199012756,195303,2371584,2376356,2374060,27030,0,714,0
48.52014899253845,195303,2371584,2376356,2374060,27030,0,714,0
48.535911083221436,195303,2371584,2376356,2374060,27030,0,714,0
48.55158996582031,195303,2371584,2376356,2374060,27030,0,714,0
48.56701612472534,195303,2371584,2376356,2374060,27030,0,714,0
48.58271312713623,195303,2371584,2376356,2374060,27030,0,714,0
48.59813618659973,195303,2371584,2376356,2374060,27030,0,714,0
48.61384201049805,195303,2371584,2376356,2374060,27030,0,714,0
48.629096031188965,195303,2371584,2376356,2374060,27030,0,714,0
48.645102977752686,195303,2371584,2376356,2374060,27030,0,714,0
48.66081500053406,195303,2371584,2376356,2374060,27030,0,714,0
48.6761679649353,195303,2371584,2376356,2374060,27030,0,714,0
48.69206619262695,195303,2371584,2376356,2374060,27030,0,714,0
48.70767617225647,195303,2371584,2376356,2374060,27030,0,714,0
48.72307896614075,195303,2371584,2376356,2374060,27030,0,714,0
48.73865604400635,195303,2371584,2376356,2374060,27030,0,714,0
48.754048109054565,195303,2371584,2376356,2374060,27030,0,714,0
48.76954507827759,195303,2371584,2376356,2374060,27030,0,714,0
48.78509497642517,195303,2371584,2376356,2374060,27030,0,714,0
48.80103015899658,195303,2371584,2376356,2374060,27030,0,714,0
48.8173041343689,195303,2371584,2376356,2374060,27030,0,714,0
48.833203077316284,195303,2371584,2376356,2374060,27030,0,714,0
48.84971904754639,195303,2371584,2376356,2374060,27030,0,714,0
48.86607217788696,195303,2371584,2376356,2374060,27030,0,714,0
48.88219618797302,195303,2371584,2376356,2374060,27030,0,714,0
48.898176193237305,195303,2371584,2376356,2374060,27030,0,714,0
48.91435098648071,195303,2371584,2376356,2374060,27030,0,714,0
48.93019700050354,195303,2371584,2376356,2374060,27030,0,714,0
48.94606113433838,195303,2371584,2376356,2374060,27030,0,714,0
48.96198916435242,195303,2371584,2376356,2374060,27030,0,714,0
48.97790598869324,195303,2371584,2376356,2374060,27030,0,714,0
48.993627071380615,195303,2371584,2376356,2374060,27030,0,714,0
49.00925612449646,195303,2371584,2376356,2374060,27030,0,714,0
49.02511119842529,195303,2371584,2376356,2374060,27030,0,714,0
49.0409209728241,195303,2371584,2376356,2374060,27030,0,714,0
49.057053089141846,195303,2371584,2376356,2374060,27030,0,714,0
49.072803020477295,195303,2371584,2376356,2374060,27030,0,714,0
49.088484048843384,195303,2371584,2376356,2374060,27030,0,714,0
49.104544162750244,195303,2371584,2376356,2374060,27030,0,714,0
49.12008714675903,195303,2371584,2376356,2374060,27030,0,714,0
49.13584017753601,195303,2371584,2376356,2374060,27030,0,714,0
49.151504039764404,195303,2371584,2376356,2374060,27030,0,714,0
49.1671040058136,195303,2371584,2376356,2374060,27030,0,714,0
49.18278908729553,195303,2371584,2376356,2374060,27030,0,714,0
49.19826602935791,195303,2371584,2376356,2374060,27030,0,714,0
49.214115142822266,195303,2371584,2376356,2374060,27030,0,714,0
49.23022103309631,195303,2371584,2376356,2374060,27030,0,714,0
49.246169090270996,195303,2371584,2376356,2374060,27030,0,714,0
49.26218008995056,195303,2371584,2376356,2374060,27030,0,714,0
49.27826404571533,195303,2371584,2376356,2374060,27030,0,714,0
49.294429063797,195303,2371584,2376356,2374060,27030,0,714,0
49.31046414375305,195303,2371584,2376356,2374060,27030,0,714,0
49.3265061378479,195303,2371584,2376356,2374060,27030,0,714,0
49.34275197982788,195303,2371584,2376356,2374060,27030,0,714,0
49.35886311531067,195303,2371584,2376356,2374060,27030,0,714,0
49.37502908706665,195303,2371584,2376356,2374060,27030,0,714,0
49.391043186187744,195303,2371584,2376356,2374060,27030,0,714,0
49.407185077667236,195303,2371584,2376356,2374060,27030,0,714,0
49.423048973083496,195303,2371584,2376356,2374060,27030,0,714,0
49.4387321472168,195303,2371584,2376356,2374060,27030,0,714,0
49.45411205291748,195303,2371584,2376356,2374060,27030,0,714,0
49.46984100341797,195303,2371584,2376356,2374060,27030,0,714,0
49.48579716682434,195303,2371584,2376356,2374060,27030,0,714,0
49.50151801109314,195303,2371584,2376356,2374060,27030,0,714,0
49.51715111732483,195303,2371584,2376356,2374060,27030,0,714,0
49.53285598754883,195303,2371584,2376356,2374060,27030,0,714,0
49.54889702796936,195303,2371584,2376356,2374060,27030,0,714,0
49.56547403335571,195303,2371584,2376356,2374060,27030,0,714,0
49.58180499076843,195303,2371584,2376356,2374060,27030,0,714,0
49.597835063934326,195303,2371584,2376356,2374060,27030,0,714,0
49.61378812789917,195303,2371584,2376356,2374060,27030,0,714,0
49.62911605834961,195303,2371584,2376356,2374060,27030,0,714,0
49.64497208595276,195303,2371584,2376356,2374060,27030,0,714,0
49.660706996917725,195303,2371584,2376356,2374060,27030,0,714,0
49.67681908607483,195303,2371584,2376356,2374060,27030,0,714,0
49.6925151348114,195303,2371584,2376356,2374060,27030,0,714,0
49.70822501182556,195303,2371584,2376356,2374060,27030,0,714,0
49.724085092544556,195303,2371584,2376356,2374060,27030,0,714,0
49.739973068237305,195303,2371584,2376356,2374060,27030,0,714,0
49.755765199661255,195303,2371584,2376356,2374060,27030,0,714,0
49.77122902870178,195303,2371584,2376356,2374060,27030,0,714,0
49.78699803352356,195303,2371584,2376356,2374060,27030,0,714,0
49.80271100997925,195303,2371584,2376356,2374060,27030,0,714,0
49.81845307350159,195303,2371584,2376356,2374060,27030,0,714,0
49.834105014801025,195303,2371584,2376356,2374060,27030,0,714,0
49.84989905357361,195303,2371584,2376356,2374060,27030,0,714,0
49.865668058395386,195303,2371584,2376356,2374060,27030,0,714,0
49.88170909881592,195303,2371584,2376356,2374060,27030,0,714,0
49.89752411842346,195303,2371584,2376356,2374060,27030,0,714,0
49.91311502456665,195303,2371584,2376356,2374060,27030,0,714,0
49.928719997406006,195303,2371584,2376356,2374060,27030,0,714,0
49.944693088531494,195303,2371584,2376356,2374060,27030,0,714,0
49.96072196960449,195303,2371584,2376356,2374060,27030,0,714,0
49.97671413421631,195303,2371584,2376356,2374060,27030,0,714,0
49.992621183395386,195303,2371736,2376484,2374212,27068,0,714,0
50.008355140686035,195303,0,0,0,27183,0,0,0
50.02282118797302,195303,0,0,0,27183,0,0,0
50.03719711303711,195303,0,0,0,27183,0,0,0
