elapsed_s,pid,uss,rss,pss,min_flt,maj_flt,oom,oomadj
1.2401468753814697,183126,13472,15116,14306,1223,0,666,0
1.2657229900360107,183126,15272,17896,16642,1521,0,666,0
1.2901928424835205,183126,17056,19660,18418,1735,0,666,0
1.3208868503570557,183126,48152,53272,50622,4009,0,667,0
1.3439550399780273,183126,59768,64652,62238,6784,0,667,0
1.3644239902496338,183126,63748,68428,66218,7198,0,668,0
1.3937439918518066,183126,65856,70492,68326,7304,0,668,0
1.419785976409912,183126,65984,70620,68454,7336,0,668,0
1.4497418403625488,183126,68032,72792,70502,7337,0,668,0
1.4838099479675293,183126,71972,76724,74442,7826,0,668,0
1.5086250305175781,183126,72060,76724,74530,7848,0,668,0
1.5427360534667969,183126,72060,76724,74530,7848,0,668,0
1.5683200359344482,183126,74108,78868,76578,7850,0,668,0
1.6019220352172852,183126,65496,70280,67966,7850,0,668,0
1.6388249397277832,183126,65496,70280,67966,7850,0,668,0
1.674617052078247,183126,66172,70920,68642,8019,0,668,0
1.7059860229492188,183126,66372,71048,68842,8069,0,668,0
1.7316648960113525,183126,66020,70676,68490,8156,0,668,0
1.748460054397583,183126,66188,70932,68658,8198,0,668,0
1.7637929916381836,183126,66188,70932,68658,8198,0,668,0
1.7803149223327637,183126,66188,70932,68658,8198,0,668,0
1.7969958782196045,183126,66188,70932,68658,8198,0,668,0
1.8136439323425293,183126,66344,71060,68814,8236,0,668,0
1.82948899269104,183126,66740,71444,69210,8336,0,668,0
1.8448338508605957,183126,66764,71444,69234,8342,0,668,0
1.8600590229034424,183126,66764,71444,69234,8342,0,668,0
1.8754420280456543,183126,66764,71444,69234,8342,0,668,0
1.8909878730773926,183126,66764,71444,69234,8342,0,668,0
1.9062728881835938,183126,66764,71444,69234,8342,0,668,0
1.9223170280456543,183126,66764,71444,69234,8342,0,668,0
1.9375569820404053,183126,66764,71444,69234,8342,0,668,0
1.9529058933258057,183126,66764,71444,69234,8342,0,668,0
1.9682390689849854,183126,66764,71444,69234,8342,0,668,0
1.9833519458770752,183126,66764,71444,69234,8342,0,668,0
1.9984660148620605,183126,66764,71444,69234,8342,0,668,0
2.0135369300842285,183126,66764,71444,69234,8342,0,668,0
2.0287699699401855,183126,66764,71444,69234,8342,0,668,0
2.0439789295196533,183126,66764,71444,69234,8342,0,668,0
2.059100866317749,183126,66764,71444,69234,8342,0,668,0
2.074288845062256,183126,66764,71444,69234,8342,0,668,0
2.089449882507324,183126,66764,71444,69234,8342,0,668,0
2.1051130294799805,183126,68812,73572,71282,8343,0,668,0
2.1203999519348145,183126,68812,73572,71282,8343,0,668,0
2.135457992553711,183126,68812,73572,71282,8343,0,668,0
2.1505649089813232,183126,68812,73572,71282,8343,0,668,0
2.1655678749084473,183126,68812,73572,71282,8343,0,668,0
2.18074893951416,183126,68812,73572,71282,8343,0,668,0
2.195812940597534,183126,68812,73572,71282,8343,0,668,0
2.210944890975952,183126,68812,73572,71282,8343,0,668,0
2.2260570526123047,183126,68812,73572,71282,8343,0,668,0
2.241118907928467,183126,76580,81332,79050,8752,0,668,0
2.2570929527282715,183126,74924,79680,77394,8753,0,668,0
2.2723019123077393,183126,74924,79680,77394,8753,0,668,0
2.287235975265503,183126,79020,83780,81490,8754,0,668,0
2.3024098873138428,183126,79020,83780,81490,8755,0,668,0
2.3174099922180176,183126,79020,83780,81490,8755,0,668,0
2.332105875015259,183126,81068,85828,83538,8756,0,668,0
2.3469860553741455,183126,81068,85828,83538,8756,0,668,0
2.361711025238037,183126,81068,85828,83538,8756,0,668,0
2.3766348361968994,183126,81068,85828,83538,8756,0,668,0
2.3933820724487305,183126,81068,85828,83538,8756,0,668,0
2.408107042312622,183126,81068,85828,83538,8756,0,668,0
2.4228968620300293,183126,81068,85828,83538,8756,0,668,0
2.4374630451202393,183126,81068,85828,83538,8756,0,668,0
2.452103853225708,183126,81068,85828,83538,8756,0,668,0
2.467005968093872,183126,81068,85828,83538,8756,0,668,0
2.4819629192352295,183126,81068,85828,83538,8756,0,668,0
2.496608018875122,183126,81068,85828,83538,8756,0,668,0
2.511385917663574,183126,81068,85828,83538,8756,0,668,0
2.52608585357666,183126,81068,85828,83538,8756,0,668,0
2.540987014770508,183126,83116,87876,85586,8757,0,668,0
2.5556700229644775,183126,83116,87876,85586,8757,0,668,0
2.5704028606414795,183126,83116,87876,85586,8757,0,668,0
2.585235834121704,183126,83116,87876,85586,8757,0,668,0
2.5999178886413574,183126,83116,87876,85586,8757,0,668,0
2.614604949951172,183126,83116,87876,85586,8757,0,668,0
2.6296608448028564,183126,83116,87876,85586,8757,0,668,0
2.6444900035858154,183126,83116,87876,85586,8757,0,668,0
2.6594128608703613,183126,83116,87876,85586,8757,0,668,0
2.6742429733276367,183126,85164,89924,87634,8758,0,668,0
2.689116954803467,183126,85164,89924,87634,8758,0,668,0
2.704206943511963,183126,85164,89924,87634,8758,0,668,0
2.7193610668182373,183126,85164,89924,87634,8758,0,668,0
2.7342820167541504,183126,85164,89924,87634,8758,0,668,0
2.748962879180908,183126,85164,89924,87634,8758,0,668,0
2.7634780406951904,183126,85164,89924,87634,8758,0,668,0
2.7782578468322754,183126,85164,89924,87634,8758,0,668,0
2.793299913406372,183126,85164,89924,87634,8758,0,668,0
2.8080780506134033,183126,85164,89924,87634,8758,0,668,0
2.822844982147217,183126,85164,89924,87634,8758,0,668,0
2.837345838546753,183126,85164,89924,87634,8758,0,668,0
2.8522398471832275,183126,85164,89924,87634,8758,0,668,0
2.8669538497924805,183126,85164,89924,87634,8758,0,668,0
2.881805896759033,183126,85164,89924,87634,8758,0,668,0
2.896703004837036,183126,85164,89924,87634,8758,0,668,0
2.9114930629730225,183126,85164,89924,87634,8758,0,668,0
2.9263598918914795,183126,85164,89924,87634,8758,0,668,0
2.9411098957061768,183126,85164,89924,87634,8758,0,668,0
2.955749034881592,183126,85164,89924,87634,8758,0,668,0
2.9704630374908447,183126,87212,91972,89682,8759,0,668,0
2.9853289127349854,183126,87212,91972,89682,8759,0,668,0
3.0002288818359375,183126,87212,91972,89682,8759,0,668,0
3.014941930770874,183126,87212,91972,89682,8759,0,668,0
3.0296590328216553,183126,87212,91972,89682,8759,0,668,0
3.0446019172668457,183126,87212,91972,89682,8759,0,668,0
3.0594189167022705,183126,87212,91972,89682,8759,0,668,0
3.074260950088501,183126,87212,91972,89682,8759,0,668,0
3.0889508724212646,183126,89260,94020,91730,8760,0,668,0
3.1039528846740723,183126,89260,94020,91730,8760,0,668,0
3.118914842605591,183126,89260,94020,91730,8760,0,668,0
3.133791923522949,183126,89260,94020,91730,8760,0,668,0
3.1485729217529297,183126,89260,94020,91730,8760,0,668,0
3.1630868911743164,183126,89260,94020,91730,8760,0,668,0
3.177639961242676,183126,89260,94020,91730,8760,0,668,0
3.1922478675842285,183126,89260,94020,91730,8760,0,668,0
3.2068538665771484,183126,89260,94020,91730,8760,0,668,0
3.221626043319702,183126,89260,94020,91730,8760,0,668,0
3.2364399433135986,183126,89260,94020,91730,8760,0,668,0
3.251270055770874,183126,89260,94020,91730,8760,0,668,0
3.2659339904785156,183126,89260,94020,91730,8760,0,668,0
3.280712842941284,183126,89260,94020,91730,8760,0,668,0
3.295469045639038,183126,89260,94020,91730,8760,0,668,0
3.3103010654449463,183126,89260,94020,91730,8760,0,668,0
3.325047016143799,183126,89260,94020,91730,8760,0,668,0
3.340198040008545,183126,89260,94020,91730,8760,0,668,0
3.3550970554351807,183126,89260,94020,91730,8760,0,668,0
3.3703348636627197,183126,89260,94020,91730,8760,0,668,0
3.3851518630981445,183126,89260,94020,91730,8760,0,668,0
3.399833917617798,183126,91308,96068,93778,8761,0,668,0
3.414639949798584,183126,91308,96068,93778,8761,0,668,0
3.4294278621673584,183126,91308,96068,93778,8761,0,668,0
3.444283962249756,183126,91308,96068,93778,8761,0,668,0
3.459113836288452,183126,91308,96068,93778,8761,0,668,0
3.4738259315490723,183126,91308,96068,93778,8761,0,668,0
3.4886510372161865,183126,91308,96068,93778,8761,0,668,0
3.5034170150756836,183126,91308,96068,93778,8761,0,668,0
3.518218994140625,183126,91308,96068,93778,8761,0,668,0
3.5330560207366943,183126,93356,98116,95826,8762,0,668,0
3.5478579998016357,183126,93356,98116,95826,8762,0,668,0
3.563062906265259,183126,93356,98116,95826,8762,0,668,0
3.5779709815979004,183126,93356,98116,95826,8762,0,668,0
3.5927369594573975,183126,93356,98116,95826,8762,0,668,0
3.6074109077453613,183126,93356,98116,95826,8762,0,668,0
3.6222689151763916,183126,93356,98116,95826,8762,0,668,0
3.6370339393615723,183126,93356,98116,95826,8762,0,668,0
3.6519038677215576,183126,93356,98116,95826,8762,0,668,0
3.666811943054199,183126,93356,98116,95826,8762,0,668,0
3.6816999912261963,183126,93356,98116,95826,8762,0,668,0
3.6963908672332764,183126,93356,98116,95826,8762,0,668,0
3.7110278606414795,183126,93356,98116,95826,8762,0,668,0
3.7260730266571045,183126,93356,98116,95826,8762,0,668,0
3.7408900260925293,183126,93356,98116,95826,8762,0,668,0
3.7558579444885254,183126,93356,98116,95826,8762,0,668,0
3.770941972732544,183126,93356,98116,95826,8762,0,668,0
3.7858328819274902,183126,93356,98116,95826,8762,0,668,0
3.8004939556121826,183126,93356,98116,95826,8762,0,668,0
3.815297842025757,183126,93356,98116,95826,8762,0,668,0
3.8300929069519043,183126,95404,100164,97874,8763,0,668,0
3.844996929168701,183126,95404,100164,97874,8763,0,668,0
3.8598179817199707,183126,95404,100164,97874,8763,0,668,0
3.874685049057007,183126,95404,100164,97874,8763,0,668,0
3.8894410133361816,183126,95404,100164,97874,8763,0,668,0
3.90437388420105,183126,95404,100164,97874,8763,0,668,0
3.9194259643554688,183126,95404,100164,97874,8763,0,668,0
3.9342880249023438,183126,95404,100164,97874,8763,0,668,0
3.9490840435028076,183126,95404,100164,97874,8763,0,668,0
3.9639768600463867,183126,95404,100164,97874,8763,0,668,0
3.979045867919922,183126,95404,100164,97874,8763,0,668,0
3.993994951248169,183126,95404,100164,97874,8763,0,668,0
4.008777856826782,183126,95404,100164,97874,8763,0,668,0
4.023671865463257,183126,95404,100164,97874,8763,0,668,0
4.038390874862671,183126,95404,100164,97874,8763,0,668,0
4.053231954574585,183126,95404,100164,97874,8763,0,668,0
4.068114995956421,183126,95404,100164,97874,8763,0,668,0
4.082990884780884,183126,95404,100164,97874,8763,0,668,0
4.09785795211792,183126,95404,100164,97874,8763,0,668,0
4.112598896026611,183126,95404,100164,97874,8763,0,668,0
4.127542018890381,183126,95404,100164,97874,8763,0,668,0
4.142397880554199,183126,95404,100164,97874,8763,0,668,0
4.156930923461914,183126,95404,100164,97874,8763,0,668,0
4.17195200920105,183126,95404,100164,97874,8763,0,668,0
4.187128067016602,183126,95404,100164,97874,8763,0,668,0
4.201770067214966,183126,95404,100164,97874,8763,0,668,0
4.2164390087127686,183126,95404,100164,97874,8763,0,668,0
4.231374025344849,183126,95404,100164,97874,8763,0,668,0
4.246222972869873,183126,95404,100164,97874,8763,0,668,0
4.26108193397522,183126,95404,100164,97874,8763,0,668,0
4.27587103843689,183126,97452,102212,99922,8764,0,668,0
4.290842056274414,183126,97452,102212,99922,8764,0,668,0
4.30567193031311,183126,97452,102212,99922,8764,0,668,0
4.3204920291900635,183126,97452,102212,99922,8764,0,668,0
4.338886976242065,183126,97452,102212,99922,8764,0,668,0
4.353682041168213,183126,97452,102212,99922,8764,0,668,0
4.368427991867065,183126,97452,102212,99922,8764,0,668,0
4.383453845977783,183126,99500,104260,101970,8765,0,668,0
4.39843487739563,183126,99500,104260,101970,8765,0,668,0
4.413388967514038,183126,99500,104260,101970,8765,0,668,0
4.428225040435791,183126,99500,104260,101970,8765,0,668,0
4.443002939224243,183126,99500,104260,101970,8765,0,668,0
4.457766056060791,183126,99500,104260,101970,8765,0,668,0
4.47261905670166,183126,99500,104260,101970,8765,0,668,0
4.48737096786499,183126,99500,104260,101970,8765,0,668,0
4.502246856689453,183126,99500,104260,101970,8765,0,668,0
4.516852855682373,183126,99500,104260,101970,8765,0,668,0
4.531812906265259,183126,99500,104260,101970,8765,0,668,0
4.546638011932373,183126,99500,104260,101970,8765,0,668,0
4.561396837234497,183126,99500,104260,101970,8765,0,668,0
4.575944900512695,183126,99500,104260,101970,8765,0,668,0
4.590412855148315,183126,99500,104260,101970,8765,0,668,0
4.6053149700164795,183126,99500,104260,101970,8765,0,668,0
4.619916915893555,183126,99500,104260,101970,8765,0,668,0
4.634661912918091,183126,99500,104260,101970,8765,0,668,0
4.649404048919678,183126,99500,104260,101970,8765,0,668,0
4.664154052734375,183126,99500,104260,101970,8765,0,668,0
4.678860902786255,183126,99500,104260,101970,8765,0,668,0
4.693784952163696,183126,101548,106308,104018,8766,0,668,0
4.708699941635132,183126,101548,106308,104018,8766,0,668,0
4.7235188484191895,183126,101548,106308,104018,8766,0,668,0
4.73835301399231,183126,101548,106308,104018,8766,0,668,0
4.753170013427734,183126,101548,106308,104018,8766,0,668,0
4.768235921859741,183126,101548,106308,104018,8766,0,668,0
4.783233880996704,183126,101548,106308,104018,8766,0,668,0
4.797905921936035,183126,101548,106308,104018,8766,0,668,0
4.8126609325408936,183126,101548,106308,104018,8766,0,668,0
4.827440977096558,183126,103596,108356,106066,8767,0,668,0
4.84247088432312,183126,103596,108356,106066,8767,0,668,0
4.8572609424591064,183126,103596,108356,106066,8767,0,668,0
4.871746063232422,183126,103596,108356,106066,8767,0,668,0
4.886464834213257,183126,103596,108356,106066,8767,0,668,0
4.901293039321899,183126,107692,112452,110162,8769,0,668,0
4.916308879852295,183126,107692,112452,110162,8769,0,668,0
4.931056976318359,183126,107692,112452,110162,8769,0,668,0
4.945914030075073,183126,107692,112452,110162,8769,0,668,0
4.9607460498809814,183126,107692,112452,110162,8769,0,668,0
4.975535869598389,183126,107692,112452,110162,8769,0,668,0
4.990294933319092,183126,107692,112452,110162,8769,0,668,0
5.005046844482422,183126,107692,112452,110162,8769,0,668,0
5.0199620723724365,183126,107692,112452,110162,8769,0,668,0
5.034960031509399,183126,107692,112452,110162,8769,0,668,0
5.049771070480347,183126,107692,112452,110162,8769,0,668,0
5.064482927322388,183126,107692,112452,110162,8769,0,668,0
5.079297065734863,183126,107692,112452,110162,8769,0,668,0
5.0940330028533936,183126,107692,112452,110162,8769,0,668,0
5.108813047409058,183126,107692,112452,110162,8769,0,668,0
5.1235339641571045,183126,107692,112452,110162,8769,0,668,0
5.138365983963013,183126,107692,112452,110162,8769,0,668,0
5.153112888336182,183126,107692,112452,110162,8769,0,668,0
5.167911052703857,183126,107692,112452,110162,8769,0,668,0
5.182591915130615,183126,107692,112452,110162,8769,0,668,0
5.197396993637085,183126,107692,112452,110162,8769,0,668,0
5.2125139236450195,183126,107692,112452,110162,8769,0,668,0
5.227378845214844,183126,107692,114500,110162,8769,0,668,0
5.242050886154175,183126,109740,114500,112210,8770,0,668,0
5.256917953491211,183126,109740,114500,112210,8770,0,668,0
5.2715840339660645,183126,109740,114500,112210,8770,0,668,0
5.286422967910767,183126,109740,114500,112210,8770,0,668,0
5.301334857940674,183126,109740,114500,112210,8770,0,668,0
5.31882905960083,183126,111788,116548,114258,8771,0,668,0
5.33378791809082,183126,111788,116548,114258,8771,0,668,0
5.3488218784332275,183126,111788,116548,114258,8771,0,668,0
5.363497972488403,183126,111788,116548,114258,8771,0,668,0
5.378296852111816,183126,111788,116548,114258,8771,0,668,0
5.393303871154785,183126,111788,116548,114258,8771,0,668,0
5.4079909324646,183126,111788,116548,114258,8771,0,668,0
5.423819065093994,183126,111788,116548,114258,8771,0,668,0
5.439801931381226,183126,111788,116548,114258,8771,0,668,0
5.455426931381226,183126,111788,116548,114258,8771,0,668,0
5.471380949020386,183126,111788,116548,114258,8771,0,668,0
5.487036943435669,183126,111788,116548,114258,8771,0,668,0
5.502573013305664,183126,111788,116548,114258,8771,0,668,0
5.5180299282073975,183126,111788,116548,114258,8771,0,668,0
5.532904863357544,183126,111788,116548,114258,8771,0,668,0
5.54781699180603,183126,111788,116548,114258,8771,0,668,0
5.562666893005371,183126,111788,116548,114258,8771,0,668,0
5.577396869659424,183126,111788,116548,114258,8771,0,668,0
5.592112064361572,183126,111788,116548,114258,8771,0,668,0
5.607005834579468,183126,111788,116548,114258,8771,0,668,0
5.6219658851623535,183126,111788,116548,114258,8771,0,668,0
5.6371870040893555,183126,111788,116548,114258,8771,0,668,0
5.65126895904541,183126,111788,116548,114258,8771,0,668,0
5.666125059127808,183126,113836,118596,116306,8771,0,668,0
5.681069850921631,183126,113836,118596,116306,8772,0,668,0
5.696074962615967,183126,113836,118596,116306,8772,0,668,0
5.710880994796753,183126,113836,118596,116306,8772,0,668,0
5.725625038146973,183126,113836,118596,116306,8772,0,668,0
5.740432024002075,183126,113836,118596,116306,8772,0,668,0
5.755274057388306,183126,115884,120644,118354,8773,0,668,0
5.770235061645508,183126,115884,120644,118354,8773,0,668,0
5.785057067871094,183126,115884,120644,118354,8773,0,668,0
5.799867868423462,183126,115884,120644,118354,8773,0,668,0
5.814502000808716,183126,115884,120644,118354,8773,0,668,0
5.829301834106445,183126,115884,120644,118354,8773,0,668,0
5.844483852386475,183126,115884,120644,118354,8773,0,668,0
5.859516859054565,183126,115884,120644,118354,8773,0,668,0
5.8743369579315186,183126,115884,120644,118354,8773,0,668,0
5.889243841171265,183126,115884,120644,118354,8773,0,668,0
5.904067039489746,183126,115884,120644,118354,8773,0,668,0
5.91899299621582,183126,115884,120644,118354,8773,0,668,0
5.93435001373291,183126,115884,120644,118354,8773,0,668,0
5.949279069900513,183126,115884,120644,118354,8773,0,668,0
5.964040040969849,183126,115884,120644,118354,8773,0,668,0
5.978790998458862,183126,115884,120644,118354,8773,0,668,0
5.993671894073486,183126,115884,120644,118354,8773,0,668,0
6.008517026901245,183126,115884,120644,118354,8773,0,668,0
6.023329973220825,183126,115884,120644,118354,8773,0,668,0
6.038105010986328,183126,115884,120644,118354,8773,0,668,0
6.053290843963623,183126,115884,120644,118354,8773,0,668,0
6.068325996398926,183126,115884,120644,118354,8773,0,668,0
6.083034038543701,183126,115884,120644,118354,8773,0,668,0
6.097718000411987,183126,115884,120644,118354,8773,0,668,0
6.112576007843018,183126,117932,122692,120402,8774,0,668,0
6.127510070800781,183126,117932,122692,120402,8774,0,668,0
6.142345905303955,183126,117932,122692,120402,8774,0,668,0
6.157229900360107,183126,117932,122692,120402,8774,0,668,0
6.172224998474121,183126,117932,122692,120402,8774,0,668,0
6.1870200634002686,183126,119980,124740,122450,8775,0,668,0
6.201931953430176,183126,119980,124740,122450,8775,0,668,0
6.2168028354644775,183126,119980,124740,122450,8775,0,668,0
6.231482028961182,183126,119980,124740,122450,8775,0,668,0
6.246350049972534,183126,119980,124740,122450,8775,0,668,0
6.2614240646362305,183126,119980,124740,122450,8775,0,668,0
6.276362895965576,183126,119980,124740,122450,8775,0,668,0
6.291296005249023,183126,119980,124740,122450,8775,0,668,0
6.306107997894287,183126,119980,124740,122450,8775,0,668,0
6.320950031280518,183126,119980,124740,122450,8775,0,668,0
6.335700035095215,183126,119980,124740,122450,8775,0,668,0
6.350532054901123,183126,119980,124740,122450,8775,0,668,0
6.365424871444702,183126,119980,124740,122450,8775,0,668,0
6.380498886108398,183126,119980,124740,122450,8775,0,668,0
6.395447015762329,183126,119980,124740,122450,8775,0,668,0
6.410285949707031,183126,119980,124740,122450,8775,0,668,0
6.424932956695557,183126,119980,124740,122450,8775,0,668,0
6.439794063568115,183126,119980,124740,122450,8775,0,668,0
6.454737901687622,183126,119980,124740,122450,8775,0,668,0
6.469576835632324,183126,119980,124740,122450,8775,0,668,0
6.484462022781372,183126,119980,124740,122450,8775,0,668,0
6.499373912811279,183126,119980,124740,122450,8775,0,668,0
6.531954050064087,183126,119980,124740,122450,8775,0,668,0
6.559319019317627,183126,122028,126788,124498,8776,0,668,0
6.597107887268066,183126,122028,126788,124498,8776,0,668,0
6.613057851791382,183126,122028,126788,124498,8776,0,668,0
6.628062963485718,183126,122028,126788,124498,8776,0,668,0
6.643059968948364,183126,122028,126788,124498,8776,0,668,0
6.658159971237183,183126,124076,128836,126546,8777,0,668,0
6.673187971115112,183126,124076,128836,126546,8777,0,668,0
6.688118934631348,183126,124076,128836,126546,8777,0,668,0
6.7029688358306885,183126,124076,128836,126546,8777,0,668,0
6.717875003814697,183126,124076,128836,126546,8777,0,668,0
6.732656002044678,183126,124076,128836,126546,8777,0,668,0
6.7476160526275635,183126,124076,128836,126546,8777,0,668,0
6.762430906295776,183126,124076,128836,126546,8777,0,668,0
6.77749490737915,183126,124076,128836,126546,8777,0,668,0
6.792474031448364,183126,124076,128836,126546,8777,0,668,0
6.807390928268433,183126,124076,128836,126546,8777,0,668,0
6.822382926940918,183126,124076,128836,126546,8777,0,668,0
6.8372509479522705,183126,124076,128836,126546,8777,0,668,0
6.852148056030273,183126,124076,128836,126546,8777,0,668,0
6.867056846618652,183126,124076,128836,126546,8777,0,668,0
6.882061004638672,183126,124076,128836,126546,8777,0,668,0
6.897275924682617,183126,124076,128836,126546,8777,0,668,0
6.912073850631714,183126,124076,128836,126546,8777,0,668,0
6.926884889602661,183126,124076,128836,126546,8777,0,668,0
6.941742897033691,183126,124076,128836,126546,8777,0,668,0
6.9565770626068115,183126,124076,128836,126546,8777,0,668,0
6.9713828563690186,183126,124076,128836,126546,8777,0,668,0
6.98636794090271,183126,124076,128836,126546,8777,0,668,0
7.001314878463745,183126,124076,128836,126546,8777,0,668,0
7.0161049365997314,183126,124076,128836,126546,8777,0,668,0
7.031004905700684,183126,126124,130884,128594,8777,0,669,0
7.046011924743652,183126,126124,130884,128594,8778,0,669,0
7.060937881469727,183126,126124,130884,128594,8778,0,669,0
7.07580304145813,183126,126124,130884,128594,8778,0,669,0
7.090889930725098,183126,126124,130884,128594,8778,0,669,0
7.105823040008545,183126,126124,130884,128594,8778,0,669,0
7.120795965194702,183126,126124,130884,128594,8778,0,669,0
7.135648965835571,183126,126124,130884,128594,8778,0,669,0
7.150421857833862,183126,126124,130884,128594,8778,0,669,0
7.165202856063843,183126,126124,130884,128594,8778,0,669,0
7.180078983306885,183126,126124,130884,128594,8778,0,669,0
7.195019006729126,183126,126124,130884,128594,8778,0,669,0
7.209851980209351,183126,126124,130884,128594,8778,0,669,0
7.224644899368286,183126,126124,130884,128594,8778,0,669,0
7.239378929138184,183126,126124,130884,128594,8778,0,669,0
7.254657030105591,183126,126124,130884,128594,8778,0,669,0
7.269484996795654,183126,126124,130884,128594,8778,0,669,0
7.284404993057251,183126,126124,130884,128594,8778,0,669,0
7.299547910690308,183126,126124,130884,128594,8778,0,669,0
7.314493894577026,183126,126124,130884,128594,8778,0,669,0
7.329448938369751,183126,126468,131140,128938,8819,0,669,0
7.3444600105285645,183126,127392,132036,129862,9095,0,669,0
7.3596649169921875,183126,162208,169016,164678,9128,0,670,0
7.375468969345093,183126,188832,193592,191302,9146,0,670,0
7.39112401008606,183126,195924,200784,198394,9150,0,670,0
7.406554937362671,183126,206164,210924,208634,9155,0,670,0
7.421884059906006,183126,212308,219116,214778,9158,0,670,0
7.437234878540039,183126,222548,229356,225018,9163,0,671,0
7.452620983123779,183126,240980,245740,243450,9172,0,671,0
7.468122959136963,183126,240980,245740,243450,9172,0,671,0
7.484070062637329,183126,308564,323564,311034,9203,0,672,0
7.500786066055298,183126,392532,397292,395002,9246,0,674,0
7.518327951431274,183126,392532,399340,395002,9246,0,674,0
7.5347959995269775,183126,410964,415724,413434,9255,0,674,0
7.550325870513916,183126,410964,415724,413434,9255,0,674,0
7.565518856048584,183126,410964,415724,413434,9255,0,674,0
7.580446004867554,183126,410964,415724,413434,9255,0,674,0
7.595361948013306,183126,415060,421868,417530,9256,0,674,0
7.610637903213501,183126,417108,421868,419578,9258,0,674,0
7.625553846359253,183126,417108,421868,419578,9258,0,674,0
7.6404969692230225,183126,419488,424300,421958,9843,0,674,0
7.656024932861328,183126,425588,430316,428058,11369,0,675,0
7.6722869873046875,183126,425572,423804,428042,11835,0,674,0
7.687541961669922,183126,423056,429864,425526,11837,0,675,0
7.70293402671814,183126,431248,436008,433718,11841,0,675,0
7.718488931655884,183126,431248,436008,433718,11841,0,675,0
7.734019041061401,183126,433296,438056,435766,11842,0,675,0
7.749346017837524,183126,441488,446248,443958,11845,0,675,0
7.765049934387207,183126,449680,454440,452150,11849,0,675,0
7.780515909194946,183126,453776,458536,456246,11852,0,676,0
7.795915842056274,183126,453776,458536,456246,11852,0,676,0
7.811121940612793,183126,453776,458536,456246,11852,0,676,0
7.825931072235107,183126,453776,458536,456246,11852,0,676,0
7.84077000617981,183126,453776,458536,456246,11852,0,676,0
7.855466842651367,183126,453776,458536,456246,11852,0,676,0
7.870285987854004,183126,453776,458536,456246,11852,0,676,0
7.885097980499268,183126,453776,458536,456246,11852,0,676,0
7.900377035140991,183126,453776,458536,456246,11852,0,676,0
7.915524005889893,183126,453776,458536,456246,11852,0,676,0
7.930745840072632,183126,453776,458536,456246,11852,0,676,0
7.945927858352661,183126,453776,458536,456246,11852,0,676,0
7.961206912994385,183126,453776,458536,456246,11852,0,676,0
7.976278066635132,183126,453776,458536,456246,11852,0,676,0
7.991299867630005,183126,455824,460584,458294,11853,0,676,0
8.00650405883789,183126,457872,462632,460342,11854,0,676,0
8.021682024002075,183126,457872,462632,460342,11854,0,676,0
8.036859035491943,183126,460096,464836,462566,11894,0,676,0
8.052001953125,183126,462144,466904,464614,11900,0,676,0
8.067278861999512,183126,462144,466904,464614,11900,0,676,0
8.082398891448975,183126,462316,467032,464786,11943,0,676,0
8.097640991210938,183126,462316,467032,464786,11943,0,676,0
8.112634897232056,183126,462316,467032,464786,11943,0,676,0
8.200155019760132,183126,462112,466872,464582,11943,0,676,0
8.21566104888916,183126,462112,466872,464582,11943,0,676,0
8.233659982681274,183126,462112,466872,464582,11943,0,676,0
8.248759984970093,183126,462112,466872,464582,11943,0,676,0
8.26415205001831,183126,462176,466872,464646,11959,0,676,0
8.279523849487305,183126,462176,466872,464646,11959,0,676,0
8.294847965240479,183126,462176,466872,464646,11959,0,676,0
8.310243844985962,183126,464224,468984,466694,11960,0,676,0
8.325839042663574,183126,464224,468984,466694,11960,0,676,0
8.34163784980774,183126,464224,468984,466694,11960,0,676,0
8.357177972793579,183126,464224,468984,466694,11960,0,676,0
8.372593879699707,183126,464224,468984,466694,11960,0,676,0
8.387943029403687,183126,464224,468984,466694,11960,0,676,0
8.403471946716309,183126,464288,468984,466758,11960,0,676,0
8.418855905532837,183126,464288,468984,466758,11976,0,676,0
8.441812992095947,183126,464288,468984,466758,11976,0,676,0
8.471976041793823,183126,464288,468984,466758,11976,0,676,0
8.495223999023438,183126,464288,468984,466758,11976,0,676,0
8.519540071487427,183126,464288,468984,466758,11976,0,676,0
8.535197973251343,183126,464288,468984,466758,11976,0,676,0
8.55133605003357,183126,464288,468984,466758,11976,0,676,0
8.566956996917725,183126,464288,468984,466758,11976,0,676,0
8.582291841506958,183126,464288,468984,466758,11976,0,676,0
8.597573041915894,183126,464288,468984,466758,11976,0,676,0
8.612657070159912,183126,464288,468984,466758,11976,0,676,0
8.627932071685791,183126,464288,468984,466758,11976,0,676,0
8.643410921096802,183126,464288,468984,466758,11976,0,676,0
8.663907051086426,183126,464288,468984,466758,11976,0,676,0
8.690598964691162,183126,464288,468984,466758,11976,0,676,0
8.716310024261475,183126,464288,468984,466758,11976,0,676,0
8.740642070770264,183126,464288,468984,466758,11976,0,676,0
8.774152040481567,183126,464288,468984,466758,11976,0,676,0
8.805322885513306,183126,464288,468984,466758,11976,0,676,0
8.829205989837646,183126,464288,468984,466758,11976,0,676,0
8.860363960266113,183126,464288,468984,466758,11976,0,676,0
8.885560035705566,183126,464288,468984,466758,11976,0,676,0
8.908277988433838,183126,464288,468984,466758,11976,0,676,0
8.926429033279419,183126,464288,468984,466758,11976,0,676,0
8.941622972488403,183126,464288,468984,466758,11976,0,676,0
8.956995010375977,183126,464288,468984,466758,11976,0,676,0
8.972436904907227,183126,470432,475192,472902,11979,0,676,0
8.987853050231934,183126,470432,475192,472902,11979,0,676,0
9.002923965454102,183126,472480,477240,474950,11980,0,676,0
9.018271923065186,183126,472480,477240,474950,11980,0,676,0
9.03343391418457,183126,472480,477240,474950,11980,0,676,0
9.048490047454834,183126,472480,477240,474950,11980,0,676,0
9.063771963119507,183126,472480,477240,474950,11980,0,676,0
9.079223871231079,183126,472480,477240,474950,11980,0,676,0
9.094588041305542,183126,472480,477240,474950,11980,0,676,0
9.109860897064209,183126,472480,477240,474950,11980,0,676,0
9.125205039978027,183126,472480,477240,474950,11980,0,676,0
9.140537977218628,183126,472544,477240,475014,11996,0,676,0
9.155863046646118,183126,472616,477368,475086,12014,0,676,0
9.171551942825317,183126,472680,477368,475150,12030,0,676,0
9.186974048614502,183126,472680,477368,475150,12030,0,676,0
9.205195903778076,183126,472680,477368,475150,12030,0,676,0
9.220617055892944,183126,472684,477368,475154,12031,0,676,0
9.236003875732422,183126,472684,477368,475154,12031,0,676,0
9.251437902450562,183126,472684,477368,475154,12031,0,676,0
9.266499996185303,183126,472684,477368,475154,12031,0,676,0
9.281839847564697,183126,472684,477368,475154,12031,0,676,0
9.297117948532104,183126,472684,477368,475154,12031,0,676,0
9.312509059906006,183126,472684,477368,475154,12031,0,676,0
9.327749967575073,183126,472684,477368,475154,12031,0,676,0
9.342977046966553,183126,472748,477496,475218,12047,0,676,0
9.35834288597107,183126,472748,477496,475218,12047,0,676,0
9.373501062393188,183126,472748,477496,475218,12047,0,676,0
9.38874888420105,183126,472748,477496,475218,12047,0,676,0
9.403903007507324,183126,472748,477496,475218,12047,0,676,0
9.418976068496704,183126,472748,477496,475218,12047,0,676,0
9.434299945831299,183126,472748,477496,475218,12047,0,676,0
9.449504852294922,183126,472748,477496,475218,12047,0,676,0
9.464532852172852,183126,472748,477496,475218,12047,0,676,0
9.479855060577393,183126,472748,477496,475218,12047,0,676,0
9.495115995407104,183126,472748,477496,475218,12047,0,676,0
9.510557889938354,183126,472748,477496,475218,12047,0,676,0
9.5258309841156,183126,472748,477496,475218,12047,0,676,0
9.541229009628296,183126,472748,477496,475218,12047,0,676,0
9.556684970855713,183126,472748,477496,475218,12047,0,676,0
9.572083950042725,183126,474796,479556,477266,12047,0,676,0
9.587507009506226,183126,478892,483652,481362,12050,0,676,0
9.602864027023315,183126,478892,483652,481362,12050,0,676,0
9.618253946304321,183126,480940,485700,483410,12051,0,676,0
9.633749961853027,183126,480940,485700,483410,12051,0,676,0
9.64945101737976,183126,480940,485700,483410,12051,0,676,0
9.66488790512085,183126,480940,485700,483410,12051,0,676,0
9.6802818775177,183126,480940,485700,483410,12051,0,676,0
9.69552206993103,183126,480940,485700,483410,12051,0,676,0
9.710904836654663,183126,480940,485700,483410,12051,0,676,0
9.726395845413208,183126,480940,485700,483410,12051,0,676,0
9.741798877716064,183126,480940,485700,483410,12051,0,676,0
9.757279872894287,183126,480940,485700,483410,12051,0,676,0
9.772525072097778,183126,480940,485700,483410,12051,0,676,0
9.787895917892456,183126,480940,485700,483410,12051,0,676,0
9.803117990493774,183126,480940,485700,483410,12051,0,676,0
9.818258047103882,183126,480940,485700,483410,12051,0,676,0
9.833436965942383,183126,480940,485700,483410,12051,0,676,0
9.848696947097778,183126,480940,485700,483410,12051,0,676,0
9.863777875900269,183126,480940,485700,483410,12051,0,676,0
9.878857851028442,183126,480940,485700,483410,12051,0,676,0
9.894062995910645,183126,480940,485700,483410,12051,0,676,0
9.909551858901978,183126,480940,485700,483410,12051,0,676,0
9.925112962722778,183126,480940,485700,483410,12051,0,676,0
9.940340042114258,183126,482988,487748,485458,12052,0,676,0
9.955615043640137,183126,482988,487748,485458,12052,0,676,0
9.970842838287354,183126,482988,487748,485458,12052,0,676,0
9.986377000808716,183126,482988,487748,485458,12052,0,676,0
10.001996994018555,183126,482988,487748,485458,12052,0,676,0
10.017446994781494,183126,482988,487748,485458,12052,0,676,0
10.03290605545044,183126,482988,487748,485458,12052,0,676,0
10.048455953598022,183126,482988,487748,485458,12052,0,676,0
10.063926935195923,183126,485036,489796,487506,12053,0,676,0
10.079330921173096,183126,427692,434500,430162,12053,0,675,0
10.09481406211853,183126,429740,434500,432210,12054,0,675,0
10.110261917114258,183126,431788,436548,434258,12055,0,675,0
10.125638008117676,183126,431788,436548,434258,12055,0,675,0
10.141234874725342,183126,433836,438596,436306,12056,0,675,0
10.156662940979004,183126,433836,438596,436306,12056,0,675,0
10.174882888793945,183126,433836,438596,436306,12056,0,675,0
10.190163850784302,183126,433836,438596,436306,12056,0,675,0
10.205813884735107,183126,433836,438596,436306,12056,0,675,0
10.221276044845581,183126,433836,438596,436306,12056,0,675,0
10.23655891418457,183126,435884,440644,438354,12057,0,675,0
10.252003908157349,183126,442028,446788,444498,12060,0,675,0
10.267598867416382,183126,442028,446788,444498,12060,0,675,0
10.28296685218811,183126,444076,448836,446546,12061,0,675,0
10.298218011856079,183126,444076,448836,446546,12061,0,675,0
10.313469886779785,183126,446124,450884,448594,12062,0,675,0
10.328505039215088,183126,446124,450884,448594,12062,0,675,0
10.34370493888855,183126,446188,450884,448658,12078,0,675,0
10.358821868896484,183126,446188,450884,448658,12078,0,675,0
10.374001026153564,183126,446188,450884,448658,12078,0,675,0
10.389529943466187,183126,446188,450884,448658,12078,0,675,0
10.405231952667236,183126,446252,451012,448722,12094,0,675,0
10.421228885650635,183126,446252,451012,448722,12094,0,675,0
10.43691897392273,183126,446252,451012,448722,12094,0,675,0
10.452641010284424,183126,446252,451012,448722,12094,0,675,0
10.468320846557617,183126,446252,451012,448722,12094,0,675,0
10.483959913253784,183126,446252,451012,448722,12094,0,675,0
10.499577045440674,183126,446252,451012,448722,12094,0,675,0
10.51537299156189,183126,446252,451012,448722,12094,0,675,0
10.530638933181763,183126,446252,451012,448722,12094,0,675,0
10.54620099067688,183126,446252,451012,448722,12094,0,675,0
10.561418056488037,183126,446252,451012,448722,12094,0,675,0
10.576603889465332,183126,446252,453060,448722,12094,0,675,0
10.591706991195679,183126,448300,453060,450770,12095,0,675,0
10.606714010238647,183126,448300,453060,450770,12095,0,675,0
10.622005939483643,183126,448300,453060,450770,12095,0,675,0
10.637346982955933,183126,450348,455108,452818,12096,0,675,0
10.652776002883911,183126,450348,455108,452818,12096,0,675,0
10.668097972869873,183126,450348,455108,452818,12096,0,675,0
10.683479070663452,183126,458540,463300,461010,12100,0,676,0
10.698904991149902,183126,458540,463300,461010,12100,0,676,0
10.714272022247314,183126,458540,463300,461010,12100,0,676,0
10.72956895828247,183126,458540,463300,461010,12100,0,676,0
10.744945049285889,183126,458540,463300,461010,12100,0,676,0
10.760324954986572,183126,458540,463300,461010,12100,0,676,0
10.775761842727661,183126,458540,463300,461010,12100,0,676,0
10.791168928146362,183126,458540,463300,461010,12100,0,676,0
10.806495904922485,183126,458540,463300,461010,12100,0,676,0
10.821851968765259,183126,460588,465348,463058,12101,0,676,0
10.837636947631836,183126,460588,465348,463058,12101,0,676,0
10.85312294960022,183126,460588,465348,463058,12101,0,676,0
10.868492841720581,183126,460588,465348,463058,12101,0,676,0
10.883960962295532,183126,460588,465348,463058,12101,0,676,0
10.899363040924072,183126,460588,465348,463058,12101,0,676,0
10.91460394859314,183126,460588,465348,463058,12101,0,676,0
10.929957866668701,183126,460588,465348,463058,12101,0,676,0
10.945207834243774,183126,460588,465348,463058,12101,0,676,0
10.960522890090942,183126,460588,467396,463058,12101,0,676,0
10.975926876068115,183126,462636,467396,465106,12102,0,676,0
10.99125599861145,183126,462636,467396,465106,12102,0,676,0
11.006564855575562,183126,462636,467396,465106,12102,0,676,0
11.022026062011719,183126,462636,467396,465106,12102,0,676,0
11.037435054779053,183126,462636,467396,465106,12102,0,676,0
11.05288290977478,183126,466732,471492,469202,12104,0,676,0
11.068424940109253,183126,466732,471492,469202,12104,0,676,0
11.083832025527954,183126,468780,473540,471250,12105,0,676,0
11.099153995513916,183126,468780,473540,471250,12105,0,676,0
11.1146559715271,183126,470828,475588,473298,12106,0,676,0
11.13002896308899,183126,470828,475588,473298,12106,0,676,0
11.147238969802856,183126,470828,475588,473298,12106,0,676,0
11.162600994110107,183126,470828,475588,473298,12106,0,676,0
11.177896976470947,183126,470828,475588,473298,12106,0,676,0
11.193474054336548,183126,470832,475588,473302,12107,0,676,0
11.209230899810791,183126,470832,475588,473302,12107,0,676,0
11.22500205039978,183126,470832,475588,473302,12107,0,676,0
11.240603923797607,183126,470832,475588,473302,12107,0,676,0
11.256250858306885,183126,470832,475588,473302,12107,0,676,0
11.27196192741394,183126,470832,475588,473302,12107,0,676,0
11.287544965744019,183126,470832,475588,473302,12107,0,676,0
11.303112030029297,183126,470832,475588,473302,12107,0,676,0
11.318928003311157,183126,470832,475588,473302,12107,0,676,0
11.334697008132935,183126,470832,475588,473302,12107,0,676,0
11.350412845611572,183126,470832,475588,473302,12107,0,676,0
11.366206884384155,183126,470832,475588,473302,12107,0,676,0
11.382031917572021,183126,470832,475588,473302,12107,0,676,0
11.397819995880127,183126,470832,475588,473302,12107,0,676,0
11.413504838943481,183126,470832,475588,473302,12107,0,676,0
11.429288864135742,183126,470832,475588,473302,12107,0,676,0
11.444910049438477,183126,470832,475588,473302,12107,0,676,0
11.460989952087402,183126,470832,475588,473302,12107,0,676,0
11.476836919784546,183126,470832,475588,473302,12107,0,676,0
11.49266004562378,183126,470832,475588,473302,12107,0,676,0
11.508806943893433,183126,472880,477640,475350,12108,0,676,0
11.5244140625,183126,472880,477640,475350,12108,0,676,0
11.539728879928589,183126,474928,479688,477398,12109,0,676,0
11.555256843566895,183126,474928,479688,477398,12109,0,676,0
11.57055401802063,183126,476976,481736,479446,12110,0,676,0
11.585924863815308,183126,476976,481736,479446,12110,0,676,0
11.601297855377197,183126,476976,481736,479446,12110,0,676,0
11.6165030002594,183126,476976,481736,479446,12110,0,676,0
11.631491899490356,183126,479024,483784,481494,12111,0,676,0
11.646601915359497,183126,479024,483784,481494,12111,0,676,0
11.66219687461853,183126,479024,483784,481494,12111,0,676,0
11.677701950073242,183126,481072,485832,483542,12112,0,676,0
11.693076848983765,183126,481072,485832,483542,12112,0,676,0
11.708513975143433,183126,481072,485832,483542,12112,0,676,0
11.723829984664917,183126,481072,485832,483542,12112,0,676,0
11.739107847213745,183126,483120,487880,485590,12113,0,676,0
11.75462293624878,183126,483120,487880,485590,12113,0,676,0
11.769921064376831,183126,483120,487880,485590,12113,0,676,0
11.785462856292725,183126,485168,489928,487638,12114,0,676,0
11.801001071929932,183126,485168,489928,487638,12114,0,676,0
11.816489934921265,183126,487216,491976,489686,12115,0,676,0
11.831855058670044,183126,487216,491976,489686,12115,0,676,0
11.847256898880005,183126,487384,492104,489854,12157,0,676,0
11.862482070922852,183126,487384,492104,489854,12157,0,676,0
11.878223896026611,183126,487384,492104,489854,12157,0,676,0
11.893522024154663,183126,487384,492104,489854,12157,0,676,0
11.90881085395813,183126,491480,496240,493950,12159,0,676,0
11.92448091506958,183126,491480,496240,493950,12159,0,676,0
11.940047979354858,183126,491572,496240,494042,12182,0,676,0
11.955551862716675,183126,491572,496240,494042,12182,0,676,0
11.971030950546265,183126,491572,496240,494042,12182,0,676,0
11.986463069915771,183126,491572,496240,494042,12182,0,676,0
12.001955032348633,183126,491572,496104,494042,12182,0,676,0
12.017350912094116,183126,491344,496104,493814,12182,0,676,0
12.03260588645935,183126,491344,496104,493814,12182,0,676,0
12.04791784286499,183126,493392,498152,495862,12183,0,676,0
12.063259840011597,183126,497488,502248,499958,12185,0,676,0
12.078942060470581,183126,497488,502248,499958,12185,0,676,0
12.094506025314331,183126,499536,506344,502006,12186,0,676,0
12.110002040863037,183126,505680,510440,508150,12189,0,676,0
12.126024007797241,183126,505680,506344,508150,12189,0,676,0
12.14150094985962,183126,493392,498152,495862,12189,0,676,0
12.156965970993042,183126,493392,498152,495862,12189,0,676,0
12.172484874725342,183126,493392,498152,495862,12189,0,676,0
12.187886953353882,183126,493392,498152,495862,12189,0,676,0
12.20328402519226,183126,495440,500200,497910,12190,0,676,0
12.218754053115845,183126,497488,502248,499958,12191,0,676,0
12.234088897705078,183126,497488,502248,499958,12191,0,676,0
12.249655961990356,183126,501584,508392,504054,12192,0,676,0
12.265269994735718,183126,503632,508392,506102,12194,0,676,0
12.28053092956543,183126,503632,508392,506102,12194,0,676,0
12.29624891281128,183126,503632,508392,506102,12194,0,676,0
12.311975002288818,183126,503632,508392,506102,12194,0,676,0
12.327540874481201,183126,503632,508392,506102,12194,0,676,0
12.342920064926147,183126,503632,508392,506102,12194,0,676,0
12.358434915542603,183126,503632,508392,506102,12194,0,676,0
12.373739004135132,183126,503632,508392,506102,12194,0,676,0
12.388783931732178,183126,503632,508392,506102,12194,0,676,0
12.403928995132446,183126,503632,508392,506102,12194,0,676,0
12.419760942459106,183126,503632,508392,506102,12194,0,676,0
12.435271978378296,183126,503632,508392,506102,12194,0,676,0
12.450568914413452,183126,503632,508392,506102,12194,0,676,0
12.465966939926147,183126,503632,508392,506102,12194,0,676,0
12.481438875198364,183126,503632,508392,506102,12194,0,676,0
12.497155904769897,183126,503632,510440,506102,12194,0,676,0
12.512671947479248,183126,505680,510440,508150,12195,0,676,0
12.528158903121948,183126,505680,510440,508150,12195,0,676,0
12.543516874313354,183126,505680,510440,508150,12195,0,676,0
12.558779001235962,183126,505680,510440,508150,12195,0,676,0
12.574218988418579,183126,505680,510440,508150,12195,0,676,0
12.58955693244934,183126,505680,510440,508150,12195,0,676,0
12.60489296913147,183126,505680,510440,508150,12195,0,676,0
12.62044906616211,183126,505680,510440,508150,12195,0,676,0
12.635885953903198,183126,505680,510440,508150,12195,0,676,0
12.651283025741577,183126,509776,514536,512246,12197,0,676,0
12.666741847991943,183126,513872,518632,516342,12198,0,676,0
12.682220935821533,183126,515920,522728,518390,12200,0,676,0
12.697535037994385,183126,517968,522728,520438,12201,0,676,0
12.712915897369385,183126,517968,522728,520438,12201,0,676,0
12.728081941604614,183126,517968,522728,520438,12201,0,676,0
12.74329400062561,183126,517968,522728,520438,12201,0,676,0
12.75844407081604,183126,517968,522728,520438,12201,0,676,0
12.773680925369263,183126,517968,522728,520438,12201,0,676,0
12.788959980010986,183126,517968,522728,520438,12201,0,676,0
12.804283857345581,183126,517968,522728,520438,12201,0,676,0
12.819448947906494,183126,517968,522728,520438,12201,0,676,0
12.83450984954834,183126,517968,522728,520438,12201,0,676,0
12.849719047546387,183126,517968,522728,520438,12201,0,676,0
12.864786863327026,183126,517968,522728,520438,12201,0,676,0
12.879931926727295,183126,517968,522728,520438,12201,0,676,0
12.89505386352539,183126,517968,522728,520438,12201,0,676,0
12.910707950592041,183126,517968,522728,520438,12201,0,676,0
12.925927877426147,183126,517968,522728,520438,12201,0,676,0
12.941212892532349,183126,517968,522728,520438,12201,0,676,0
12.956747055053711,183126,517968,522728,520438,12201,0,676,0
12.972378015518188,183126,517968,522728,520438,12201,0,676,0
12.98756194114685,183126,517968,522728,520438,12201,0,676,0
13.002636909484863,183126,517968,522728,520438,12201,0,676,0
13.017657995223999,183126,517968,522728,520438,12201,0,676,0
13.032593011856079,183126,517968,522728,520438,12201,0,676,0
13.047555923461914,183126,517968,522728,520438,12201,0,676,0
13.062610864639282,183126,517968,522728,520438,12201,0,676,0
13.07768201828003,183126,517968,522728,520438,12201,0,676,0
13.095541000366211,183126,517968,522728,520438,12201,0,676,0
13.110599040985107,183126,517968,522728,520438,12201,0,676,0
13.126176834106445,183126,517968,522728,520438,12201,0,676,0
13.14155101776123,183126,517968,522728,520438,12201,0,676,0
13.156532049179077,183126,517968,522728,520438,12201,0,676,0
13.171625852584839,183126,517968,522728,520438,12201,0,676,0
13.186632871627808,183126,517968,522728,520438,12201,0,676,0
13.201628923416138,183126,517968,522728,520438,12201,0,676,0
13.216611862182617,183126,517968,522728,520438,12201,0,676,0
13.231658935546875,183126,517968,522728,520438,12201,0,676,0
13.246599912643433,183126,517968,522728,520438,12201,0,676,0
13.261648893356323,183126,517968,522728,520438,12201,0,676,0
13.27659797668457,183126,517968,522728,520438,12201,0,676,0
13.291600942611694,183126,517968,522728,520438,12201,0,676,0
13.306614875793457,183126,517968,522728,520438,12201,0,676,0
13.321626901626587,183126,517968,522728,520438,12201,0,676,0
13.33722186088562,183126,517968,522728,520438,12201,0,676,0
13.352365970611572,183126,517968,522728,520438,12201,0,676,0
13.367451906204224,183126,517968,522728,520438,12201,0,676,0
13.382659912109375,183126,517968,522728,520438,12201,0,676,0
13.397664070129395,183126,517968,522728,520438,12201,0,676,0
13.412598848342896,183126,517968,522728,520438,12201,0,676,0
13.427636861801147,183126,517968,522728,520438,12201,0,676,0
13.442708015441895,183126,517968,522728,520438,12201,0,676,0
13.457622051239014,183126,517968,522728,520438,12201,0,676,0
13.472633838653564,183126,517968,522728,520438,12201,0,676,0
13.487645864486694,183126,517968,522728,520438,12201,0,676,0
13.502631902694702,183126,517968,522728,520438,12201,0,676,0
13.517642974853516,183126,517968,522728,520438,12201,0,676,0
13.532880067825317,183126,517968,522728,520438,12201,0,676,0
13.548239946365356,183126,517968,522728,520438,12201,0,676,0
13.563426971435547,183126,517968,522728,520438,12201,0,676,0
13.578614950180054,183126,517968,522728,520438,12201,0,676,0
13.593633890151978,183126,517968,522728,520438,12201,0,676,0
13.608675003051758,183126,517968,522728,520438,12201,0,676,0
13.623625040054321,183126,517968,522728,520438,12201,0,676,0
13.638614892959595,183126,517968,522728,520438,12201,0,676,0
13.653612852096558,183126,517968,522728,520438,12201,0,676,0
13.669628858566284,183126,517968,522728,520438,12201,0,676,0
13.684623003005981,183126,517968,522728,520438,12201,0,676,0
13.699728965759277,183126,517968,522728,520438,12201,0,676,0
13.715070009231567,183126,517968,522728,520438,12201,0,676,0
13.730072021484375,183126,517968,522728,520438,12201,0,676,0
13.745292901992798,183126,517968,522728,520438,12201,0,676,0
13.760488033294678,183126,517968,522728,520438,12201,0,676,0
13.77554202079773,183126,517968,522728,520438,12201,0,676,0
13.790606021881104,183126,517968,522728,520438,12201,0,676,0
13.80557894706726,183126,517968,522728,520438,12201,0,676,0
13.82058596611023,183126,517968,522728,520438,12201,0,676,0
13.83555006980896,183126,517968,522728,520438,12201,0,676,0
13.850488901138306,183126,517968,522728,520438,12201,0,676,0
13.865463972091675,183126,517968,522728,520438,12201,0,676,0
13.880575895309448,183126,517968,522728,520438,12201,0,676,0
13.895591020584106,183126,517968,522728,520438,12201,0,676,0
13.910575866699219,183126,517968,522728,520438,12201,0,676,0
13.925570011138916,183126,517968,522728,520438,12201,0,676,0
13.940583944320679,183126,517968,522728,520438,12201,0,676,0
13.95600700378418,183126,517968,522728,520438,12201,0,676,0
13.971503019332886,183126,517968,522728,520438,12201,0,676,0
13.986563920974731,183126,517968,522728,520438,12201,0,676,0
14.001603841781616,183126,517968,522728,520438,12201,0,676,0
14.017618894577026,183126,517968,522728,520438,12201,0,676,0
14.032652854919434,183126,517968,522728,520438,12201,0,676,0
14.047488927841187,183126,517968,522728,520438,12201,0,676,0
14.062453985214233,183126,517968,522728,520438,12201,0,676,0
14.08024001121521,183126,517968,522728,520438,12201,0,676,0
14.095358848571777,183126,517968,522728,520438,12201,0,676,0
14.110456943511963,183126,517968,522728,520438,12201,0,676,0
14.125534057617188,183126,517968,522728,520438,12201,0,676,0
14.140601873397827,183126,517968,522728,520438,12201,0,676,0
14.15609884262085,183126,517968,522728,520438,12201,0,676,0
14.17154598236084,183126,526160,530920,528630,12204,0,677,0
14.186908960342407,183126,532304,537064,534774,12208,0,677,0
14.202200889587402,183126,540496,545256,542966,12212,0,677,0
14.217633962631226,183126,548688,553448,551158,12216,0,677,0
14.23299789428711,183126,556880,561640,559350,12220,0,678,0
14.24852204322815,183126,565072,569832,567542,12224,0,678,0
14.263958930969238,183126,573264,578024,575734,12227,0,678,0
14.279473066329956,183126,581456,586216,583926,12231,0,678,0
14.294816017150879,183126,587600,594408,590070,12235,0,678,0
14.30997085571289,183126,595792,600552,598262,12239,0,678,0
14.32503604888916,183126,603984,608744,606454,12243,0,678,0
14.340399026870728,183126,612176,616936,614646,12247,0,678,0
14.3556489944458,183126,620368,625128,622838,12251,0,679,0
14.371438980102539,183126,628560,633320,631030,12255,0,679,0
14.386985063552856,183126,636752,641512,639222,12259,0,679,0
14.402513980865479,183126,644944,649704,647414,12263,0,679,0
14.417896032333374,183126,653136,657896,655606,12266,0,680,0
14.433236837387085,183126,659280,666088,661750,12270,0,680,0
14.448624849319458,183126,667472,674280,669942,12274,0,680,0
14.464187860488892,183126,675664,680424,678134,12278,0,680,0
14.479544878005981,183126,683856,688616,686326,12282,0,680,0
14.494897842407227,183126,692048,696808,694518,12286,0,680,0
14.509976863861084,183126,700240,705000,702710,12290,0,680,0
14.525416851043701,183126,708432,713192,710902,12294,0,680,0
14.54091501235962,183126,716624,721384,719094,12298,0,681,0
14.556444883346558,183126,724816,729576,727286,12301,0,681,0
14.57234787940979,183126,730960,737768,733430,12305,0,681,0
14.587820053100586,183126,739152,745960,741622,12309,0,681,0
14.603271007537842,183126,747344,752104,749814,12313,0,681,0
14.618762969970703,183126,755536,760296,758006,12317,0,682,0
14.634240865707397,183126,763728,768488,766198,12321,0,682,0
14.64960789680481,183126,771920,776680,774390,12325,0,682,0
14.665056943893433,183126,780112,784872,782582,12329,0,682,0
14.680608987808228,183126,788304,793064,790774,12333,0,682,0
14.696116924285889,183126,796496,801256,798966,12337,0,682,0
14.711654901504517,183126,804688,809448,807158,12340,0,682,0
14.726940870285034,183126,810832,817640,813302,12344,0,682,0
14.742486000061035,183126,819024,823784,821494,12348,0,683,0
14.75784707069397,183126,827216,831976,829686,12352,0,683,0
14.77336597442627,183126,835408,840168,837878,12356,0,683,0
14.789162874221802,183126,843600,848360,846070,12360,0,683,0
14.804641962051392,183126,851792,856552,854262,12364,0,684,0
14.82027292251587,183126,859984,864744,862454,12368,0,684,0
14.835782051086426,183126,868176,872936,870646,12371,0,684,0
14.851220846176147,183126,876368,881128,878838,12375,0,684,0
14.866714000701904,183126,882512,889320,884982,12379,0,684,0
14.882179021835327,183126,890704,897512,893174,12383,0,684,0
14.897873878479004,183126,898896,903656,901366,12387,0,684,0
14.913233041763306,183126,907088,911848,909558,12391,0,684,0
14.928591966629028,183126,915280,920040,917750,12395,0,685,0
14.944087982177734,183126,923472,928232,925942,12399,0,685,0
14.959622859954834,183126,931664,936424,934134,12403,0,685,0
14.97507905960083,183126,939856,944616,942326,12406,0,685,0
14.990601062774658,183126,946000,952808,948470,12410,0,686,0
15.006108045578003,183126,954192,958952,956662,12414,0,686,0
15.021812915802002,183126,960336,965096,962806,12417,0,686,0
15.037389039993286,183126,968528,973288,970998,12421,0,686,0
15.053103923797607,183126,976720,981480,979190,12424,0,686,0
15.068634033203125,183126,984912,989672,987382,12428,0,686,0
15.084156036376953,183126,991056,997864,993526,12432,0,686,0
15.09964895248413,183126,999248,1006056,1001718,12436,0,686,0
15.115270853042603,183126,1007440,1012200,1009910,12440,0,686,0
15.130658864974976,183126,1015632,1020392,1018102,12444,0,687,0
15.146069049835205,183126,1023824,1028584,1026294,12448,0,687,0
15.161566972732544,183126,1032016,1036776,1034486,12452,0,687,0
15.17692494392395,183126,1040208,1044968,1042678,12456,0,687,0
15.19240689277649,183126,1048400,1053160,1050870,12460,0,688,0
15.207866907119751,183126,1056592,1061352,1059062,12463,0,688,0
15.223249912261963,183126,1062736,1069544,1065206,12467,0,688,0
15.23838996887207,183126,1070928,1077736,1073398,12471,0,688,0
15.253509998321533,183126,1079120,1083880,1081590,12475,0,688,0
15.268877029418945,183126,1087312,1092072,1089782,12479,0,688,0
15.284272909164429,183126,1095504,1100264,1097974,12483,0,688,0
15.299613952636719,183126,1103696,1108456,1106166,12487,0,688,0
15.31483507156372,183126,1111888,1116648,1114358,12491,0,689,0
15.330114841461182,183126,1120080,1124840,1122550,12495,0,689,0
15.345455884933472,183126,1128272,1133032,1130742,12498,0,689,0
15.360883951187134,183126,1136464,1141224,1138934,12502,0,689,0
15.376401901245117,183126,1142608,1149416,1145078,12506,0,690,0
15.391626834869385,183126,1150800,1157608,1153270,12510,0,690,0
15.40696096420288,183126,1158992,1165800,1161462,12514,0,690,0
15.42251706123352,183126,1167184,1171944,1169654,12518,0,690,0
15.43790888786316,183126,1175376,1180136,1177846,12522,0,690,0
15.453338861465454,183126,1183568,1188328,1186038,12526,0,690,0
15.46857500076294,183126,1191760,1196520,1194230,12530,0,690,0
15.483945846557617,183126,1199952,1204712,1202422,12534,0,690,0
15.499449014663696,183126,1208144,1212904,1210614,12538,0,690,0
15.515038967132568,183126,1216336,1221096,1218806,12542,0,691,0
15.530411958694458,183126,1224528,1229288,1226998,12545,0,691,0
15.545798063278198,183126,1230672,1237480,1233142,12549,0,691,0
15.56107497215271,183126,1238864,1245672,1241334,12553,0,691,0
15.576541900634766,183126,1247056,1251816,1249526,12557,0,692,0
15.591871976852417,183126,1255248,1260008,1257718,12561,0,692,0
15.607329845428467,183126,1263440,1268200,1265910,12565,0,692,0
15.622745990753174,183126,1271632,1276392,1274102,12569,0,692,0
15.638277053833008,183126,1279824,1284584,1282294,12573,0,692,0
15.653620958328247,183126,1288016,1292776,1290486,12577,0,692,0
15.668967962265015,183126,1296208,1300968,1298678,12581,0,692,0
15.684387922286987,183126,1304400,1309160,1306870,12584,0,692,0
15.699795007705688,183126,1310544,1317352,1313014,12588,0,693,0
15.71527099609375,183126,1318736,1323496,1321206,12592,0,693,0
15.730694055557251,183126,1326928,1331688,1329398,12596,0,693,0
15.746022939682007,183126,1335120,1339880,1337590,12600,0,693,0
15.76155400276184,183126,1343312,1348072,1345782,12604,0,694,0
15.776877880096436,183126,1351504,1356264,1353974,12608,0,694,0
15.79236888885498,183126,1359696,1364456,1362166,12612,0,694,0
15.807812929153442,183126,1367888,1372648,1370358,12616,0,694,0
15.823516845703125,183126,1376080,1380840,1378550,12619,0,694,0
15.838958024978638,183126,1384272,1389032,1386742,12623,0,694,0
15.854430913925171,183126,1390416,1397224,1392886,12627,0,694,0
15.869755029678345,183126,1398608,1405416,1401078,12631,0,694,0
15.885259866714478,183126,1406800,1411560,1409270,12635,0,695,0
15.900853872299194,183126,1414992,1419752,1417462,12639,0,695,0
15.91618800163269,183126,1423184,1427944,1425654,12643,0,695,0
15.931546926498413,183126,1431376,1436136,1433846,12647,0,695,0
15.94687294960022,183126,1439568,1444328,1442038,12651,0,696,0
15.962208032608032,183126,1447760,1452520,1450230,12655,0,696,0
15.977568864822388,183126,1449808,1454568,1452278,12656,0,696,0
15.992899894714355,183126,1449808,1454568,1452278,12656,0,696,0
16.008949041366577,183126,1455952,1460712,1458422,12659,0,696,0
16.024311065673828,183126,1464144,1468904,1466614,12663,0,696,0
16.0400710105896,183126,1472336,1477096,1474806,12667,0,696,0
16.05543303489685,183126,1480528,1485288,1482998,12671,0,696,0
16.07071089744568,183126,1488720,1493480,1491190,12675,0,696,0
16.086081981658936,183126,1496912,1501672,1499382,12679,0,696,0
16.101470947265625,183126,1505104,1509864,1507574,12683,0,697,0
16.116888999938965,183126,1513296,1518056,1515766,12687,0,697,0
16.132288932800293,183126,1521488,1526248,1523958,12690,0,697,0
16.1477370262146,183126,1527632,1534440,1530102,12694,0,697,0
16.16307306289673,183126,1535824,1542632,1538294,12698,0,698,0
16.17855405807495,183126,1544016,1548776,1546486,12702,0,698,0
16.19382905960083,183126,1552208,1556968,1554678,12706,0,698,0
16.20918107032776,183126,1560400,1565160,1562870,12710,0,698,0
16.22457003593445,183126,1568592,1573352,1571062,12714,0,698,0
16.24004888534546,183126,1576784,1581544,1579254,12718,0,698,0
16.255665063858032,183126,1584976,1589736,1587446,12721,0,698,0
16.270956993103027,183126,1593168,1597928,1595638,12725,0,698,0
16.286356925964355,183126,1599312,1606120,1601782,12729,0,698,0
16.3016619682312,183126,1607504,1612264,1609974,12733,0,699,0
16.316998958587646,183126,1613648,1618408,1616118,12736,0,699,0
16.332413911819458,183126,1621880,1626640,1624350,12749,0,699,0
16.34764289855957,183126,1628024,1634832,1630494,12753,0,699,0
16.362998962402344,183126,1636216,1643024,1638686,12757,0,700,0
16.378371953964233,183126,1644408,1649168,1646878,12761,0,700,0
16.39377999305725,183126,1652600,1657360,1655070,12765,0,700,0
16.409064054489136,183126,1660792,1665552,1663262,12769,0,700,0
16.42442798614502,183126,1668984,1673744,1671454,12773,0,700,0
16.439846992492676,183126,1677176,1681936,1679646,12777,0,700,0
16.455200910568237,183126,1685368,1690128,1687838,12781,0,700,0
16.470521926879883,183126,1693560,1698320,1696030,12785,0,700,0
16.485987901687622,183126,1701752,1706512,1704222,12789,0,701,0
16.50141406059265,183126,1709944,1714704,1712414,12793,0,701,0
16.516934871673584,183126,1718136,1722896,1720606,12796,0,701,0
16.53236985206604,183126,1726328,1731088,1728798,12800,0,701,0
16.547919034957886,183126,1732472,1739280,1734942,12804,0,702,0
16.563359022140503,183126,1740664,1747472,1743134,12808,0,702,0
16.578812837600708,183126,1748856,1753616,1751326,12812,0,702,0
16.594159841537476,183126,1757048,1761808,1759518,12816,0,702,0
16.60952591896057,183126,1765240,1770000,1767710,12820,0,702,0
16.6248939037323,183126,1773432,1778192,1775902,12824,0,702,0
16.640424966812134,183126,1781624,1786384,1784094,12828,0,702,0
16.65584397315979,183126,1789816,1794576,1792286,12832,0,702,0
16.671284914016724,183126,1798008,1802768,1800478,12836,0,702,0
16.686739921569824,183126,1806200,1810960,1808670,12840,0,703,0
16.702091932296753,183126,1814392,1819152,1816862,12843,0,703,0
16.71740198135376,183126,1820536,1827344,1823006,12847,0,703,0
16.732828855514526,183126,1828728,1835536,1831198,12851,0,703,0
16.74839997291565,183126,1834872,1839632,1837342,12854,0,704,0
16.764051914215088,183126,1843064,1847824,1845534,12858,0,704,0
16.7794828414917,183126,1851256,1856016,1853726,12862,0,704,0
16.7948579788208,183126,1859448,1864208,1861918,12866,0,704,0
16.81019401550293,183126,1867640,1872400,1870110,12870,0,704,0
16.82559895515442,183126,1875832,1880592,1878302,12874,0,704,0
16.84098196029663,183126,1884024,1888784,1886494,12877,0,704,0
16.85640597343445,183126,1892216,1896976,1894686,12881,0,704,0
16.87173891067505,183126,1898360,1905168,1900830,12885,0,705,0
16.887194871902466,183126,1906552,1913360,1909022,12889,0,705,0
16.9025719165802,183126,1914744,1919504,1917214,12893,0,705,0
16.918004035949707,183126,1922936,1927696,1925406,12897,0,705,0
16.933459043502808,183126,1931128,1935888,1933598,12901,0,706,0
16.948986053466797,183126,1939320,1944080,1941790,12905,0,706,0
16.964514017105103,183126,1947512,1952272,1949982,12909,0,706,0
16.98111605644226,183126,1955704,1960464,1958174,12913,0,706,0
16.9965980052948,183126,1963896,1968656,1966366,12917,0,706,0
17.011898040771484,183126,1972088,1976848,1974558,12921,0,706,0
17.027370929718018,183126,1980280,1985040,1982750,12925,0,706,0
17.042691946029663,183126,1988472,1993232,1990942,12929,0,706,0
17.058013916015625,183126,1994616,2001424,1997086,12932,0,707,0
17.07355499267578,183126,2002812,2007572,2005282,12937,0,707,0
17.08892583847046,183126,2011004,2015764,2013474,12941,0,707,0
17.10430598258972,183126,2019196,2023956,2021666,12945,0,707,0
17.11979603767395,183126,2027388,2032148,2029858,12949,0,707,0
17.13531804084778,183126,2035580,2040340,2038050,12952,0,708,0
17.15059995651245,183126,2041724,2048532,2044194,12956,0,708,0
17.166055917739868,183126,2049916,2056724,2052386,12960,0,708,0
17.18152403831482,183126,2058108,2062868,2060578,12964,0,708,0
17.196856021881104,183126,2066300,2071060,2068770,12968,0,708,0
17.212188005447388,183126,2074492,2079252,2076962,12972,0,708,0
17.2275550365448,183126,2082684,2087444,2085154,12976,0,708,0
17.243186950683594,183126,2090876,2095636,2093346,12980,0,708,0
17.258569955825806,183126,2099068,2103828,2101538,12984,0,709,0
17.27399206161499,183126,2107260,2112020,2109730,12988,0,709,0
17.289633989334106,183126,2115452,2120212,2117922,12991,0,709,0
17.30501103401184,183126,2123644,2128404,2126114,12995,0,709,0
17.32045292854309,183126,2129788,2136596,2132258,12999,0,710,0
17.335916996002197,183126,2137980,2142740,2140450,13003,0,710,0
17.351250886917114,183126,2146172,2150932,2148642,13007,0,710,0
17.36661696434021,183126,2154364,2159124,2156834,13011,0,710,0
17.3819899559021,183126,2162556,2167316,2165026,13015,0,710,0
17.39733099937439,183126,2170748,2175508,2173218,13019,0,710,0
17.41254687309265,183126,2178940,2183700,2181410,13023,0,710,0
17.42793583869934,183126,2187132,2191892,2189602,13027,0,710,0
17.443452835083008,183126,2195324,2200084,2197794,13031,0,711,0
17.458902835845947,183126,2203516,2208276,2205986,13035,0,711,0
17.474432945251465,183126,2211708,2216468,2214178,13039,0,711,0
17.490299940109253,183126,2219900,2224660,2222370,13042,0,711,0
17.505763053894043,183126,2228092,2232852,2230562,13046,0,712,0
17.521178007125854,183126,2234236,2241044,2236706,13050,0,712,0
17.53661799430847,183126,2242428,2247188,2244898,13054,0,712,0
17.55196785926819,183126,2250620,2255380,2253090,13058,0,712,0
17.567363023757935,183126,2258812,2263572,2261282,13062,0,712,0
17.582793951034546,183126,2267004,2271764,2269474,13066,0,712,0
17.59828805923462,183126,2275196,2279956,2277666,13070,0,712,0
17.613522052764893,183126,2283388,2288148,2285858,13074,0,712,0
17.629013061523438,183126,2291580,2296340,2294050,13078,0,713,0
17.644518852233887,183126,2299772,2304532,2302242,13082,0,713,0
17.659852981567383,183126,2307964,2312724,2310434,13086,0,713,0
17.675524950027466,183126,2314108,2320916,2316578,13089,0,713,0
17.690889835357666,183126,2322300,2327060,2324770,13093,0,713,0
17.706570863723755,183126,2330492,2335252,2332962,13097,0,714,0
17.722012996673584,183126,2338684,2343444,2341154,13101,0,714,0
17.737503051757812,183126,2346876,2351636,2349346,13105,0,714,0
17.752847909927368,183126,2355068,2359828,2357538,13109,0,714,0
17.7682888507843,183126,2363260,2368020,2365730,13112,0,714,0
17.783568859100342,183126,2371452,2376212,2373922,13116,0,714,0
17.7990620136261,183126,2377596,2384404,2380066,13120,0,714,0
17.81446886062622,183126,2385788,2392596,2388258,13124,0,714,0
17.829906940460205,183126,2393980,2398740,2396450,13128,0,715,0
17.84534192085266,183126,2402172,2406932,2404642,13132,0,715,0
17.8606379032135,183126,2410364,2415124,2412834,13136,0,715,0
17.875941038131714,183126,2418556,2423316,2421026,13140,0,715,0
17.891397953033447,183126,2426748,2431508,2429218,13144,0,716,0
17.907091856002808,183126,2434940,2439700,2437410,13148,0,716,0
17.92286205291748,183126,2443132,2447892,2445602,13152,0,716,0
17.938472032546997,183126,2451324,2456084,2453794,13156,0,716,0
17.955333948135376,183126,2459516,2464276,2461986,13160,0,716,0
17.970799922943115,183126,2467708,2472468,2470178,13164,0,716,0
17.986093997955322,183126,2475900,2480660,2478370,13168,0,716,0
18.001603841781616,183126,2482044,2486804,2484514,13171,0,716,0
18.017335891723633,183126,2486140,2490900,2488610,13173,0,716,0
18.0328528881073,183126,2492284,2497044,2494754,13176,0,717,0
18.048295974731445,183126,2500476,2505236,2502946,13180,0,717,0
18.063572883605957,183126,2508668,2513428,2511138,13184,0,717,0
18.078975915908813,183126,2516860,2521620,2519330,13188,0,717,0
18.094435930252075,183126,2525052,2529812,2527522,13192,0,718,0
18.110082864761353,183126,2533244,2538004,2535714,13195,0,718,0
18.125516891479492,183126,2541436,2546196,2543906,13199,0,718,0
18.140928030014038,183126,2547580,2554388,2550050,13203,0,718,0
18.15640091896057,183126,2555772,2562580,2558242,13207,0,718,0
18.171660900115967,183126,2563964,2568724,2566434,13211,0,718,0
18.18707585334778,183126,2572156,2576916,2574626,13215,0,718,0
18.202504873275757,183126,2580348,2585108,2582818,13219,0,718,0
18.21793794631958,183126,2586492,2591252,2588962,13222,0,719,0
18.23337483406067,183126,2590588,2595348,2593058,13224,0,719,0
18.248836994171143,183126,2598780,2603540,2601250,13228,0,719,0
18.264373064041138,183126,2606972,2611732,2609442,13232,0,719,0
18.279769897460938,183126,2613116,2619924,2615586,13235,0,719,0
18.29527497291565,183126,2621308,2628116,2623778,13239,0,720,0
18.310751914978027,183126,2629500,2634260,2631970,13243,0,720,0
18.32620406150818,183126,2637692,2642452,2640162,13247,0,720,0
18.341670036315918,183126,2645884,2650644,2648354,13251,0,720,0
18.3572359085083,183126,2649980,2654740,2652450,13253,0,720,0
18.372524976730347,183126,2658172,2662932,2660642,13257,0,720,0
18.38795804977417,183126,2666364,2671124,2668834,13261,0,720,0
18.403400897979736,183126,2674556,2679316,2677026,13265,0,720,0
18.418954849243164,183126,2682748,2687508,2685218,13269,0,720,0
18.4344220161438,183126,2690940,2695700,2693410,13273,0,721,0
18.449867010116577,183126,2699132,2703892,2701602,13277,0,721,0
18.46533489227295,183126,2707324,2712084,2709794,13281,0,721,0
18.4806809425354,183126,2715516,2720276,2717986,13284,0,721,0
18.495967864990234,183126,2721660,2728468,2724130,13288,0,722,0
18.51131796836853,183126,2729852,2736660,2732322,13292,0,722,0
18.525896072387695,183126,2738044,2742804,2740514,13296,0,722,0
18.54143190383911,183126,2746236,2750996,2748706,13300,0,722,0
18.55703592300415,183126,2754428,2759188,2756898,13304,0,722,0
18.57241201400757,183126,2762620,2767380,2765090,13308,0,722,0
18.58782386779785,183126,2770812,2775572,2773282,13312,0,722,0
18.60338306427002,183126,2779004,2783764,2781474,13316,0,722,0
18.618830919265747,183126,2787196,2791956,2789666,13319,0,723,0
18.63416600227356,183126,2795388,2800148,2797858,13323,0,723,0
18.649574995040894,183126,2801532,2808340,2804002,13327,0,723,0
18.66506290435791,183126,2809724,2816532,2812194,13331,0,723,0
18.68093204498291,183126,2817916,2824724,2820386,13335,0,724,0
18.696415901184082,183126,2826108,2830868,2828578,13339,0,724,0
18.711889028549194,183126,2834300,2839060,2836770,13343,0,724,0
18.72726798057556,183126,2842492,2847252,2844962,13347,0,724,0
18.742851972579956,183126,2850684,2855444,2853154,13351,0,724,0
18.758327960968018,183126,2858876,2863636,2861346,13355,0,724,0
18.77386498451233,183126,2867068,2871828,2869538,13359,0,724,0
18.789379835128784,183126,2875260,2880020,2877730,13363,0,724,0
18.80495285987854,183126,2883452,2888212,2885922,13367,0,725,0
18.820395946502686,183126,2891644,2896404,2894114,13371,0,725,0
18.83590602874756,183126,2899836,2904596,2902306,13374,0,725,0
18.851372003555298,183126,2908028,2912788,2910498,13378,0,725,0
18.866864919662476,183126,2914172,2920980,2916642,13382,0,726,0
18.882186889648438,183126,2922364,2929172,2924834,13386,0,726,0
18.89776301383972,183126,2930556,2935316,2933026,13390,0,726,0
18.913511991500854,183126,2938748,2943508,2941218,13394,0,726,0
18.928837060928345,183126,2946940,2951700,2949410,13398,0,726,0
18.944041967391968,183126,2955132,2959892,2957602,13402,0,726,0
18.959507942199707,183126,2963324,2968084,2965794,13406,0,726,0
18.975013971328735,183126,2971516,2976276,2973986,13410,0,726,0
18.990327835083008,183126,2979708,2984468,2982178,13414,0,727,0
19.005861043930054,183126,2987900,2992660,2990370,13418,0,727,0
19.021554946899414,183126,2996092,3000852,2998562,13421,0,727,0
19.03707003593445,183126,3004284,3009044,3006754,13425,0,727,0
19.052538871765137,183126,3010428,3017236,3012898,13429,0,728,0
19.06782293319702,183126,3018620,3025428,3021090,13433,0,728,0
19.08331298828125,183126,3026812,3031572,3029282,13437,0,728,0
19.098788022994995,183126,3035004,3039764,3037474,13441,0,728,0
19.114332914352417,183126,3043196,3047956,3045666,13445,0,728,0
19.12975788116455,183126,3051388,3056148,3053858,13449,0,728,0
19.14502787590027,183126,3059580,3064340,3062050,13453,0,728,0
19.16099786758423,183126,3067772,3072532,3070242,13457,0,728,0
19.176562070846558,183126,3073916,3078676,3076386,13460,0,728,0
19.192044973373413,183126,3082108,3086868,3084578,13464,0,729,0
19.207581996917725,183126,3090300,3095060,3092770,13468,0,729,0
19.223026990890503,183126,3098492,3103252,3100962,13472,0,729,0
19.23861002922058,183126,3106684,3111444,3109154,13476,0,729,0
19.253986835479736,183126,3114876,3119636,3117346,13479,0,730,0
19.26933789253235,183126,3123068,3127828,3125538,13483,0,730,0
19.284729957580566,183126,3129212,3136020,3131682,13487,0,730,0
19.300344944000244,183126,3137404,3144212,3139874,13491,0,730,0
19.31600785255432,183126,3145596,3152404,3148066,13495,0,730,0
19.331552982330322,183126,3153788,3158548,3156258,13499,0,730,0
19.346914052963257,183126,3161980,3166740,3164450,13503,0,730,0
19.362154006958008,183126,3170172,3174932,3172642,13507,0,730,0
19.377763032913208,183126,3178364,3183124,3180834,13510,0,731,0
19.392992973327637,183126,3184508,3191316,3186978,13514,0,731,0
19.408244848251343,183126,3192700,3199508,3195170,13518,0,731,0
19.423497915267944,183126,3200892,3207700,3203362,13522,0,731,0
19.438962936401367,183126,3209084,3213844,3211554,13526,0,731,0
19.45452094078064,183126,3217276,3222036,3219746,13530,0,732,0
19.4698588848114,183126,3225468,3230228,3227938,13534,0,732,0
19.485410928726196,183126,3233660,3238420,3236130,13538,0,732,0
19.500958919525146,183126,3241852,3246612,3244322,13542,0,732,0
19.516232013702393,183126,3250044,3254804,3252514,13546,0,732,0
19.53147006034851,183126,3258236,3262996,3260706,13550,0,732,0
19.546962022781372,183126,3266428,3271188,3268898,13553,0,732,0
19.562371015548706,183126,3266428,3271188,3268898,13554,0,732,0
19.577741861343384,183126,3268476,3275284,3270946,13555,0,732,0
19.59296989440918,183126,3276668,3283476,3279138,13559,0,733,0
19.60857605934143,183126,3284860,3289620,3287330,13563,0,733,0
19.62416696548462,183126,3293052,3297812,3295522,13567,0,733,0
19.63966703414917,183126,3301244,3306004,3303714,13571,0,733,0
19.65525794029236,183126,3309436,3314196,3311906,13575,0,734,0
19.670779943466187,183126,3317628,3322388,3320098,13579,0,734,0
19.68614888191223,183126,3325820,3330580,3328290,13583,0,734,0
19.70140504837036,183126,3334012,3338772,3336482,13587,0,734,0
19.716646909713745,183126,3342204,3346964,3344674,13590,0,734,0
19.732257843017578,183126,3348348,3355156,3350818,13594,0,734,0
19.747565984725952,183126,3356540,3361300,3359010,13598,0,734,0
19.763118028640747,183126,3364732,3369492,3367202,13602,0,734,0
19.778496980667114,183126,3372924,3377684,3375394,13606,0,734,0
19.794116973876953,183126,3381116,3385876,3383586,13610,0,735,0
19.80959987640381,183126,3389308,3394068,3391778,13614,0,735,0
19.8250789642334,183126,3397500,3402260,3399970,13618,0,735,0
19.8406879901886,183126,3402672,3407764,3405142,13849,0,735,0
19.85640287399292,183126,3407780,3412756,3410250,15156,0,736,0
19.871767044067383,183126,3413192,3418260,3415662,16471,0,736,0
19.8873028755188,183126,3421028,3426068,3423498,18423,0,736,0
19.91097092628479,183126,3426172,3430932,3428642,19718,0,736,0
19.92659902572632,183126,3430268,3435028,3432738,20788,0,736,0
19.942555904388428,183126,3434788,3439764,3437258,21857,0,736,0
19.958518028259277,183126,3440032,3445012,3442502,23161,0,736,0
19.97461700439453,183126,3445144,3450132,3447614,24433,0,736,0
19.99110698699951,183126,3450556,3455508,3453026,25783,0,736,0
20.007066011428833,183126,3455712,3460756,3458182,27072,0,736,0
20.023053884506226,183126,3461024,3466004,3463494,28446,0,736,0
20.039116859436035,183126,3466544,3471508,3469014,29763,0,736,0
20.055307865142822,183126,3471880,3476884,3474350,31098,0,737,0
20.07158088684082,183126,3474612,3479572,3477082,31771,0,737,0
20.088237047195435,183126,3479832,3484820,3482302,33084,0,737,0
20.10430598258972,183126,3485396,3490324,3487866,34464,0,737,0
20.12042498588562,183126,3490740,3495700,3493210,35792,0,737,0
20.13635802268982,183126,3496092,3501076,3498562,37172,0,737,0
20.152708053588867,183126,3501804,3506708,3504274,38545,0,737,0
20.169291019439697,183126,3507264,3512212,3509734,39901,0,738,0
20.18585205078125,183126,3512836,3517844,3515306,41287,0,738,0
20.20294499397278,183126,3518332,3523092,3520802,42730,0,738,0
20.219761848449707,183126,3520728,3525780,3523198,42805,0,738,0
20.236674070358276,183126,3522428,3529236,3524898,43317,0,738,0
20.25336003303528,183126,3528572,3533332,3531042,43320,0,738,0
20.270383834838867,183126,3534716,3539476,3537186,43323,0,738,0
20.287170886993408,183126,3540860,3545620,3543330,43326,0,738,0
20.303981065750122,183126,3544956,3549716,3547426,43726,0,738,0
20.32086491584778,183126,3549816,3554836,3552286,44909,0,738,0
20.337573051452637,183126,3555196,3559956,3557666,46345,0,738,0
20.354667901992798,183126,3561340,3566100,3563810,46402,0,738,0
20.37190890312195,183126,3567484,3572244,3569954,46404,0,738,0
20.38896894454956,183126,3571580,3576340,3574050,46407,0,739,0
20.406578063964844,183126,3577724,3582484,3580194,46409,0,739,0
20.423898935317993,183126,3583868,3588628,3586338,46412,0,739,0
20.440988063812256,183126,3587964,3594772,3590434,46415,0,739,0
20.458405017852783,183126,3594108,3598868,3596578,46418,0,739,0
20.475523948669434,183126,3600252,3605012,3602722,46421,0,739,0
20.492512941360474,183126,3606396,3611156,3608866,46424,0,740,0
20.509608030319214,183126,3612540,3617300,3615010,46426,0,740,0
20.52655291557312,183126,3616636,3621396,3619106,46429,0,740,0
20.543669939041138,183126,3620732,3625492,3623202,46431,0,740,0
20.560641050338745,183126,3626876,3631636,3629346,46434,0,740,0
20.5778329372406,183126,3630972,3637780,3633442,46436,0,740,0
20.594758987426758,183126,3637116,3641876,3639586,46439,0,740,0
20.612382888793945,183126,3643260,3648020,3645730,46441,0,740,0
20.629586935043335,183126,3647356,3652116,3649826,46444,0,740,0
20.646679878234863,183126,3653500,3658260,3655970,46957,0,740,0
20.663550853729248,183126,3657596,3662356,3660066,47471,0,740,0
20.68087601661682,183126,3663740,3668500,3666210,47474,0,740,0
20.697980880737305,183126,3667836,3674644,3670306,47476,0,741,0
20.71527886390686,183126,3673980,3678740,3676450,47479,0,741,0
20.732501983642578,183126,3680124,3684884,3682594,47482,0,741,0
20.749592065811157,183126,3684220,3688980,3686690,47484,0,741,0
20.766783952713013,183126,3690364,3695124,3692834,47486,0,741,0
20.78389596939087,183126,3694460,3701268,3696930,47489,0,741,0
20.80099391937256,183126,3700604,3705364,3703074,47492,0,741,0
20.81851100921631,183126,3706748,3711508,3709218,47495,0,742,0
20.83567500114441,183126,3710844,3715604,3713314,47497,0,742,0
20.852817058563232,183126,3716988,3721748,3719458,47499,0,742,0
20.870020866394043,183126,3721084,3727892,3723554,47502,0,742,0
20.88707184791565,183126,3727228,3731988,3729698,47505,0,742,0
20.904114961624146,183126,3733372,3738132,3735842,47507,0,742,0
20.921159982681274,183126,3736788,3741844,3739258,48193,0,742,0
20.93818497657776,183126,3741496,3746324,3743966,49369,0,742,0
20.95541000366211,183126,3747708,3752468,3750178,50581,0,742,0
20.972442865371704,183126,3751804,3756564,3754274,50583,0,742,0
20.989902019500732,183126,3756200,3761172,3758670,51096,0,742,0
21.007113933563232,183126,3762044,3766804,3764514,51610,0,742,0
21.02448797225952,183126,3766612,3773548,3769082,52183,0,743,0
21.042075872421265,183126,3773612,3778580,3776082,52778,0,743,0
21.059571027755737,183126,3778428,3785236,3780898,53151,0,743,0
21.077112913131714,183126,3783628,3788692,3786098,53240,0,743,0
21.09482192993164,183126,3787644,3792660,3790114,53732,0,743,0
21.112414836883545,183126,3792764,3797524,3795234,55136,0,743,0
21.12996006011963,183126,3798304,3803284,3800774,55876,0,743,0
21.14759397506714,183126,3803568,3808404,3806038,57251,0,744,0
21.165093898773193,183126,3809148,3815956,3811618,58276,0,744,0
21.182963848114014,183126,3814680,3819668,3817150,58934,0,744,0
21.20067000389099,183126,3820064,3825044,3822534,60325,0,744,0
21.218250036239624,183126,3825532,3830420,3828002,61745,0,744,0
21.2358980178833,183126,3831532,3836436,3834002,63143,0,744,0
21.253553867340088,183126,3837820,3842580,3840290,63911,0,744,0
21.2713840007782,183126,3843184,3848212,3845654,63998,0,744,0
21.28896999359131,183126,3848060,3852820,3850530,64816,0,744,0
21.306782960891724,183126,3852908,3857940,3855378,65962,0,744,0
21.324568033218384,183126,3858312,3863316,3860782,67437,0,744,0
21.342462062835693,183126,3864444,3869204,3866914,68797,0,744,0
21.360257863998413,183126,3870264,3875348,3872734,70236,0,745,0
21.37807583808899,183126,3874868,3879828,3877338,71061,0,745,0
21.39605188369751,183126,3880228,3885204,3882698,72212,0,745,0
21.413713932037354,183126,3885928,3890964,3888398,73643,0,745,0
21.431901931762695,183126,3892028,3897108,3894498,75179,0,745,0
21.449960947036743,183126,3899260,3904020,3901730,76708,0,746,0
21.468080043792725,183126,3903008,3907988,3905478,77375,0,746,0
21.48603391647339,183126,3908448,3913492,3910918,78764,0,746,0
21.50417399406433,183126,3914280,3919252,3916750,80235,0,746,0
21.522624969482422,183126,3920476,3925524,3922946,81778,0,746,0
21.541007041931152,183126,3927932,3932692,3930402,82861,0,746,0
21.559512853622437,183126,3932028,3936788,3934498,83184,0,746,0
21.57822299003601,183126,3938172,3942932,3940642,83378,0,746,0
21.59691286087036,183126,3944316,3951124,3946786,83381,0,746,0
21.615336894989014,183126,3950460,3957268,3952930,83384,0,746,0
21.634055852890015,183126,3956604,3963412,3959074,83387,0,746,0
21.652880907058716,183126,3962748,3969556,3965218,83390,0,747,0
21.67177700996399,183126,3968892,3973652,3971362,83393,0,747,0
21.690420866012573,183126,3975036,3981844,3977506,83396,0,747,0
21.709084033966064,183126,3981180,3985940,3983650,83398,0,747,0
21.72763991355896,183126,3987324,3992084,3989794,83401,0,747,0
21.7465078830719,183126,3993468,3998228,3995938,83405,0,747,0
21.76508092880249,183126,3997564,4002324,4000034,83407,0,748,0
21.783535957336426,183126,4001660,4006420,4004130,83409,0,748,0
21.80163884162903,183126,4003708,4010516,4006178,83410,0,748,0
21.82050085067749,183126,4009852,4016660,4012322,83413,0,748,0
21.839452981948853,183126,4013948,4018708,4016418,83415,0,748,0
21.858052968978882,183126,4015996,4020756,4018466,83416,0,748,0
21.87663698196411,183126,4018044,4024852,4020514,83417,0,748,0
21.8953058719635,183126,4024188,4030996,4026658,83420,0,748,0
21.9143009185791,183126,4030332,4035092,4032802,83423,0,748,0
21.933156967163086,183126,4036476,4041236,4038946,83426,0,748,0
21.951968908309937,183126,4040572,4045332,4043042,83428,0,748,0
21.9707670211792,183126,4044668,4051476,4047138,83430,0,748,0
21.9895658493042,183126,4050812,4057620,4053282,83433,0,748,0
22.008280038833618,183126,4056956,4061716,4059426,83435,0,748,0
22.02692484855652,183126,4061052,4067860,4063522,83438,0,749,0
22.045572996139526,183126,4067196,4071956,4069666,83441,0,749,0
22.0646710395813,183126,4073340,4078100,4075810,83444,0,749,0
22.082993984222412,183126,4079484,4084244,4081954,83447,0,749,0
22.101605892181396,183126,4083580,4090388,4086050,83449,0,749,0
22.120280981063843,183126,4089724,4094484,4092194,83452,0,749,0
22.138861894607544,183126,4093820,4100628,4096290,83454,0,750,0
22.157086849212646,183126,4099964,4106772,4102434,83457,0,750,0
22.175822019577026,183126,4106108,4112916,4108578,83460,0,750,0
22.194432973861694,183126,4112252,4119060,4114722,83463,0,750,0
22.213188886642456,183126,4118396,4123156,4120866,83466,0,750,0
22.23184299468994,183126,4122492,4129300,4124962,83468,0,750,0
22.2502658367157,183126,4128636,4135444,4131106,83471,0,750,0
22.269224882125854,183126,4132732,4139540,4135202,83473,0,750,0
22.288064002990723,183126,4138440,4144276,4140910,84347,0,750,0
22.306522846221924,183126,4144368,4149780,4146838,85319,0,750,0
22.325114965438843,183126,4149256,4155412,4151726,86547,0,750,0
22.343626976013184,183126,4155424,4161556,4157894,88083,0,750,0
22.36210298538208,183126,4161760,4167700,4164230,89664,0,751,0
22.380857944488525,183126,4167036,4174356,4169506,90989,0,751,0
22.399595975875854,183126,4173692,4178580,4176162,91669,0,751,0
22.418555974960327,183126,4178344,4184596,4180814,92787,0,751,0
22.437422037124634,183126,4184500,4190612,4186970,94328,0,751,0
22.456085920333862,183126,4190840,4196884,4193310,95912,0,751,0
22.474870920181274,183126,4196512,4202900,4198982,97332,0,752,0
22.493905067443848,183126,4203080,4209172,4205550,98971,0,752,0
22.51298689842224,183126,4209596,4215700,4212066,100601,0,752,0
22.53196406364441,183126,4216400,4222228,4218870,102241,0,752,0
22.550927877426147,183126,4222660,4228500,4225130,103805,0,752,0
22.57011389732361,183126,4229048,4235156,4231518,105453,0,752,0
22.589359998703003,183126,4235640,4241812,4238110,107046,0,752,0
22.608579874038696,183126,4242204,4248212,4244674,108689,0,752,0
22.62783694267273,183126,4248872,4254740,4251342,110355,0,752,0
22.647119998931885,183126,4255512,4261524,4257982,112015,0,752,0
22.666767835617065,183126,4261920,4268180,4264390,113669,0,753,0
22.686248064041138,183126,4267900,4274708,4270370,114199,0,753,0
22.7062029838562,183126,4274044,4280852,4276514,114202,0,753,0
22.72600483894348,183126,4282236,4289044,4284706,114206,0,753,0
22.74542498588562,183126,4290428,4297236,4292898,114210,0,754,0
22.76502299308777,183126,4298620,4305428,4301090,114214,0,754,0
22.784880876541138,183126,4306812,4311572,4309282,114218,0,754,0
22.804388999938965,183126,4315004,4319764,4317474,114221,0,754,0
22.824445962905884,183126,4321148,4327956,4323618,114225,0,754,0
22.84377694129944,183126,4329340,4336148,4331810,114229,0,754,0
22.863561868667603,183126,4337524,4344340,4340002,114233,0,754,0
22.883293867111206,183126,4347772,4352532,4350242,114237,0,754,0
22.902997970581055,183126,4353912,4360724,4356386,114241,0,754,0
22.922788858413696,183126,4364156,4368916,4366626,114245,0,755,0
22.942270040512085,183126,4370296,4377108,4372770,114249,0,755,0
22.96209192276001,183126,4378492,4385300,4380962,114253,0,755,0
22.982009887695312,183126,4381944,4389396,4385058,114255,0,755,0
23.00184988975525,183126,4388732,4395540,4391202,114260,0,756,0
23.021606922149658,183126,4396924,4403732,4399394,114264,0,756,0
23.041363954544067,183126,4405116,4411924,4407586,114268,0,756,0
23.06102705001831,183126,4413308,4420116,4415778,114272,0,756,0
23.08080005645752,183126,4417404,4422164,4419874,114274,0,756,0
23.100762844085693,183126,4421500,4427540,4423970,115176,0,756,0
23.12050700187683,183126,4427492,4433428,4429962,116654,0,756,0
23.140275955200195,183126,4433788,4439828,4436258,118236,0,756,0
23.15998888015747,183126,4440420,4446484,4442890,119906,0,756,0
23.179553985595703,183126,4446216,4452372,4448686,121374,0,756,0
23.199331998825073,183126,4452764,4458900,4455234,122978,0,756,0
23.218926906585693,183126,4459592,4465556,4462062,124677,0,757,0
23.23890495300293,183126,4466012,4471956,4468482,126273,0,757,0
23.25892186164856,183126,4472752,4478996,4475222,128008,0,757,0
23.279034852981567,183126,4479848,4485780,4482318,129686,0,757,0
23.299254894256592,183126,4486656,4492564,4489126,131385,0,757,0
23.319577932357788,183126,4493412,4499476,4495882,133128,0,758,0
23.33978295326233,183126,4500340,4506260,4502810,134813,0,758,0
23.35992693901062,183126,4507080,4512276,4509550,136493,0,758,0
23.38064193725586,183126,4507516,4512276,4509986,136802,0,758,0
23.40111994743347,183126,4507380,4512276,4509986,136802,0,758,0
23.421819925308228,183126,4507356,4512276,4509986,136802,0,758,0
23.442750930786133,183126,4507460,4512276,4509986,136802,0,758,0
23.46405792236328,183126,4507512,4512276,4509986,136802,0,758,0
23.485400915145874,183126,4510620,4516628,4513090,137375,0,758,0
23.505924940109253,183126,4517588,4523668,4520058,139121,0,758,0
23.526546955108643,183126,4524424,4530708,4526894,140879,0,758,0
23.546967029571533,183126,4531560,4537620,4534030,142608,0,758,0
23.567527055740356,183126,4538472,4544660,4540942,144387,0,758,0
23.5883150100708,183126,4545580,4551700,4548050,146118,0,758,0
23.608659029006958,183126,4550480,4555284,4552994,147554,0,758,0
23.629767894744873,183126,4550516,4555284,4552994,147554,0,758,0
23.651310920715332,183126,4550524,4555284,4552994,147554,0,758,0
23.672477960586548,183126,4549648,4555668,4552994,147554,0,758,0
23.693832874298096,183126,4556632,4562708,4559102,148890,0,759,0
23.71436595916748,183126,4563568,4569748,4566038,150626,0,759,0
23.73487687110901,183126,4570824,4576916,4573294,152430,0,759,0
23.755971908569336,183126,4577772,4583956,4580242,154210,0,759,0
23.776883840560913,183126,4585676,4591892,4588146,156207,0,760,0
23.800500869750977,183126,4592780,4599060,4595250,157915,0,760,0
23.821581840515137,183126,4595580,4600340,4598050,158818,0,760,0
23.84327793121338,183126,4595452,4600340,4598050,158818,0,760,0
23.865078926086426,183126,4598484,4604692,4600954,159352,0,760,0
23.88627600669861,183126,4605644,4611860,4608114,161140,0,760,0
23.907256841659546,183126,4613008,4618900,4615478,162909,0,760,0
23.928303956985474,183126,4620156,4626324,4622626,164701,0,760,0
23.9499568939209,183126,4627588,4633492,4630058,166519,0,760,0
23.971526861190796,183126,4634820,4640916,4637290,168369,0,760,0
23.993382930755615,183126,4642684,4647444,4645154,170082,0,760,0
24.01484489440918,183126,4650852,4657684,4653346,170086,0,761,0
24.03641390800476,183126,4659068,4663828,4661538,170090,0,761,0
24.058050870895386,183126,4661116,4665876,4663586,170603,0,761,0
24.079434871673584,183126,4667260,4674068,4669730,170605,0,761,0
24.101346015930176,183126,4672908,4678164,4675378,170702,0,761,0
24.12297797203064,183126,4679036,4685076,4681506,172213,0,761,0
24.144886016845703,183126,4684536,4689172,4687006,173903,0,761,0
24.16688895225525,183126,4684536,4689172,4687006,173903,0,761,0
24.188578844070435,183126,4684536,4689172,4687006,173903,0,761,0
24.21037983894348,183126,4684536,4689172,4687006,173903,0,761,0
24.23207998275757,183126,4684536,4689172,4687006,173903,0,761,0
24.25391387939453,183126,4684536,4689172,4687006,173903,0,761,0
24.27499485015869,183126,4684536,4689172,4687006,173903,0,761,0
24.29660987854004,183126,4684536,4689172,4687006,173903,0,761,0
24.31810998916626,183126,4684536,4689172,4687006,173903,0,761,0
24.33925485610962,183126,4684536,4689172,4687006,173903,0,761,0
24.360496997833252,183126,4684536,4689172,4687006,173903,0,761,0
24.38224196434021,183126,4684536,4689172,4687006,173903,0,761,0
24.40351891517639,183126,4684536,4689172,4687006,173903,0,761,0
24.425262928009033,183126,4684536,4689172,4687006,173903,0,761,0
24.446667909622192,183126,4684536,4689172,4687006,173903,0,761,0
24.467702865600586,183126,4684536,4689172,4687006,173903,0,761,0
24.48876190185547,183126,4684536,4689172,4687006,173903,0,761,0
24.510742902755737,183126,4684536,4689172,4687006,173903,0,761,0
24.53211283683777,183126,4684536,4689172,4687006,173903,0,761,0
24.55425190925598,183126,4684536,4689172,4687006,173903,0,761,0
24.57567596435547,183126,4684536,4689172,4687006,173903,0,761,0
24.596991062164307,183126,4684536,4689172,4687006,173903,0,761,0
24.618809938430786,183126,4684536,4689172,4687006,173903,0,761,0
24.640661001205444,183126,4684536,4689172,4687006,173903,0,761,0
24.662633895874023,183126,4684536,4689172,4687006,173903,0,761,0
24.683971881866455,183126,4684536,4689172,4687006,173903,0,761,0
24.705420970916748,183126,4684536,4689172,4687006,173903,0,761,0
24.727236032485962,183126,4684536,4689172,4687006,173903,0,761,0
24.749057054519653,183126,4684536,4689172,4687006,173903,0,761,0
24.773135900497437,183126,4684536,4689172,4687006,173903,0,761,0
24.794743061065674,183126,4684536,4689172,4687006,173903,0,761,0
24.816722869873047,183126,4684536,4689172,4687006,173903,0,761,0
24.838043928146362,183126,4684536,4689172,4687006,173903,0,761,0
24.859652996063232,183126,4684536,4689172,4687006,173903,0,761,0
24.881374835968018,183126,4684536,4689172,4687006,173903,0,761,0
24.902729988098145,183126,4684536,4689172,4687006,173903,0,761,0
24.924449920654297,183126,4684536,4689172,4687006,173903,0,761,0
24.945740938186646,183126,4684536,4689172,4687006,173903,0,761,0
24.967421054840088,183126,4684536,4689172,4687006,173903,0,761,0
24.989425897598267,183126,4684536,4689172,4687006,173903,0,761,0
25.01153588294983,183126,4684536,4689172,4687006,173903,0,761,0
25.033501863479614,183126,4684536,4689172,4687006,173903,0,761,0
25.055309057235718,183126,4684536,4689172,4687006,173903,0,761,0
25.076740026474,183126,4684536,4689172,4687006,173903,0,761,0
25.09842586517334,183126,4684536,4689172,4687006,173903,0,761,0
25.120115041732788,183126,4684536,4689172,4687006,173903,0,761,0
25.141340970993042,183126,4684536,4689172,4687006,173903,0,761,0
25.16270899772644,183126,4684536,4689172,4687006,173903,0,761,0
25.18391704559326,183126,4684536,4689172,4687006,173903,0,761,0
25.205716848373413,183126,4684536,4689172,4687006,173903,0,761,0
25.227411031723022,183126,4684536,4689172,4687006,173903,0,761,0
25.248544931411743,183126,4684536,4689172,4687006,173903,0,761,0
25.27024006843567,183126,4684536,4689172,4687006,173903,0,761,0
25.29169201850891,183126,4684536,4689172,4687006,173903,0,761,0
25.313436031341553,183126,4684536,4689172,4687006,173903,0,761,0
25.335022926330566,183126,4684536,4689172,4687006,173903,0,761,0
25.356682062149048,183126,4684536,4689172,4687006,173903,0,761,0
25.37842583656311,183126,4684536,4689172,4687006,173903,0,761,0
25.400471925735474,183126,4684536,4689172,4687006,173903,0,761,0
25.422298908233643,183126,4684536,4689172,4687006,173903,0,761,0
25.44372797012329,183126,4684536,4689172,4687006,173903,0,761,0
25.465433835983276,183126,4684536,4689172,4687006,173903,0,761,0
25.486701011657715,183126,4684536,4689172,4687006,173903,0,761,0
25.508306980133057,183126,4684536,4689172,4687006,173903,0,761,0
25.529885053634644,183126,4684536,4689172,4687006,173903,0,761,0
25.550814867019653,183126,4684536,4689172,4687006,173903,0,761,0
25.572470903396606,183126,4684536,4689172,4687006,173903,0,761,0
25.59435796737671,183126,4684536,4689172,4687006,173903,0,761,0
25.61578392982483,183126,4684536,4689172,4687006,173903,0,761,0
25.637480974197388,183126,4684536,4689172,4687006,173903,0,761,0
25.658581972122192,183126,4684536,4689172,4687006,173903,0,761,0
25.68031597137451,183126,4684536,4689172,4687006,173903,0,761,0
25.70145606994629,183126,4684536,4689172,4687006,173903,0,761,0
25.722771883010864,183126,4684536,4689172,4687006,173903,0,761,0
25.746579885482788,183126,4684536,4689172,4687006,173903,0,761,0
25.768311023712158,183126,4684536,4689172,4687006,173903,0,761,0
25.78949785232544,183126,4684536,4689172,4687006,173903,0,761,0
25.811410903930664,183126,4684536,4689172,4687006,173903,0,761,0
25.83272695541382,183126,4684536,4689172,4687006,173903,0,761,0
25.854275941848755,183126,4684536,4689172,4687006,173903,0,761,0
25.875717878341675,183126,4684536,4689172,4687006,173903,0,761,0
25.89742398262024,183126,4684536,4689172,4687006,173903,0,761,0
25.91871190071106,183126,4684536,4689172,4687006,173903,0,761,0
25.939997911453247,183126,4684536,4689172,4687006,173903,0,761,0
25.961691856384277,183126,4684536,4689172,4687006,173903,0,761,0
25.982733964920044,183126,4684536,4689172,4687006,173903,0,761,0
26.00445795059204,183126,4684536,4689172,4687006,173903,0,761,0
26.026728868484497,183126,4684536,4689172,4687006,173903,0,761,0
26.048497915267944,183126,4684536,4689172,4687006,173903,0,761,0
26.070327043533325,183126,4684536,4689172,4687006,173903,0,761,0
26.092341899871826,183126,4684536,4689172,4687006,173903,0,761,0
26.113926887512207,183126,4684536,4689172,4687006,173903,0,761,0
26.135710954666138,183126,4684536,4689172,4687006,173903,0,761,0
26.157620906829834,183126,4684536,4689172,4687006,173903,0,761,0
26.179627895355225,183126,4684536,4689172,4687006,173903,0,761,0
26.20152187347412,183126,4682488,4558224,4684958,173903,0,758,0
26.223597049713135,183126,3951352,3956112,3953822,173903,0,746,0
26.244634866714478,183126,3951352,3956112,3953822,173903,0,746,0
26.265301942825317,183126,3951352,3956112,3953822,173903,0,746,0
26.285778999328613,183126,3951352,3956112,3953822,173903,0,746,0
26.306387901306152,183126,3951352,3956112,3953822,173903,0,746,0
26.326876878738403,183126,3951352,3956112,3953822,173903,0,746,0
26.34751796722412,183126,3951352,3956112,3953822,173903,0,746,0
26.36786389350891,183126,3951352,3956112,3953822,173903,0,746,0
26.38840389251709,183126,3951352,3956112,3953822,173903,0,746,0
26.40882897377014,183126,3951352,3956112,3953822,173903,0,746,0
26.429553031921387,183126,3951352,3956112,3953822,173903,0,746,0
26.45025086402893,183126,3951352,3956112,3953822,173903,0,746,0
26.470619916915894,183126,3951352,3956112,3953822,173903,0,746,0
26.490931034088135,183126,3951352,3956112,3953822,173903,0,746,0
26.51137900352478,183126,3951352,3956112,3953822,173903,0,746,0
26.531741857528687,183126,3951352,3956112,3953822,173903,0,746,0
26.552559852600098,183126,3951352,3956112,3953822,173903,0,746,0
26.573338985443115,183126,3951352,3956112,3953822,173903,0,746,0
26.593733072280884,183126,3951352,3956112,3953822,173903,0,746,0
26.61432385444641,183126,3951352,3956112,3953822,173903,0,746,0
26.63480806350708,183126,3951352,3956112,3953822,173903,0,746,0
26.655747890472412,183126,3951352,3956112,3953822,173903,0,746,0
26.67645502090454,183126,3951352,3956112,3953822,173903,0,746,0
26.697370052337646,183126,3951352,3956112,3953822,173903,0,746,0
26.720365047454834,183126,3951352,3956112,3953822,173903,0,746,0
26.740723848342896,183126,3951352,3956112,3953822,173903,0,746,0
26.76129388809204,183126,3951352,3956112,3953822,173903,0,746,0
26.78172206878662,183126,3951352,3956112,3953822,173903,0,746,0
26.802510023117065,183126,3951352,3956112,3953822,173903,0,746,0
26.823320865631104,183126,3951352,3956112,3953822,173903,0,746,0
26.843997955322266,183126,3951352,3956112,3953822,173903,0,746,0
26.864722967147827,183126,3951352,3956112,3953822,173903,0,746,0
26.88499903678894,183126,3951352,3956112,3953822,173903,0,746,0
26.904896020889282,183126,3951352,3956112,3953822,173903,0,746,0
26.92561101913452,183126,3951352,3956112,3953822,173903,0,746,0
26.945940017700195,183126,3951352,3956112,3953822,173903,0,746,0
26.966277837753296,183126,3951352,3956112,3953822,173903,0,746,0
26.986718893051147,183126,3951352,3956112,3953822,173903,0,746,0
27.007247924804688,183126,3951352,3956112,3953822,173903,0,746,0
27.02773094177246,183126,3951352,3956112,3953822,173903,0,746,0
27.04769802093506,183126,3951352,3956112,3953822,173903,0,746,0
27.06867790222168,183126,3951352,3956112,3953822,173903,0,746,0
27.088748931884766,183126,3951352,3956112,3953822,173903,0,746,0
27.109282970428467,183126,3951352,3956112,3953822,173903,0,746,0
27.129711866378784,183126,3951352,3956112,3953822,173903,0,746,0
27.14974284172058,183126,3951352,3956112,3953822,173903,0,746,0
27.17036199569702,183126,3951352,3956112,3953822,173903,0,746,0
27.191274881362915,183126,3951352,3956112,3953822,173903,0,746,0
27.21165895462036,183126,3951352,3956112,3953822,173903,0,746,0
27.23226499557495,183126,3951352,3956112,3953822,173903,0,746,0
27.25255584716797,183126,3951352,3956112,3953822,173903,0,746,0
27.27354383468628,183126,3951352,3956112,3953822,173903,0,746,0
27.294425010681152,183126,3951352,3956112,3953822,173903,0,746,0
27.31493306159973,183126,3951352,3956112,3953822,173903,0,746,0
27.335751056671143,183126,3951352,3956112,3953822,173903,0,746,0
27.356663942337036,183126,3951352,3956112,3953822,173903,0,746,0
27.37738800048828,183126,3951352,3956112,3953822,173903,0,746,0
27.397943019866943,183126,3951352,3956112,3953822,173903,0,746,0
27.418704986572266,183126,3951352,3956112,3953822,173903,0,746,0
27.439324855804443,183126,3951352,3956112,3953822,173903,0,746,0
27.460278034210205,183126,3951352,3956112,3953822,173903,0,746,0
27.481086015701294,183126,3951352,3956112,3953822,173903,0,746,0
27.501776933670044,183126,3951352,3956112,3953822,173903,0,746,0
27.522215843200684,183126,3951352,3956112,3953822,173903,0,746,0
27.542752981185913,183126,3951352,3956112,3953822,173903,0,746,0
27.56351399421692,183126,3951352,3956112,3953822,173903,0,746,0
27.583809852600098,183126,3951352,3956112,3953822,173903,0,746,0
27.604011058807373,183126,3951352,3956112,3953822,173903,0,746,0
27.624670028686523,183126,3951352,3956112,3953822,173903,0,746,0
27.645253896713257,183126,3951352,3956112,3953822,173903,0,746,0
27.665714025497437,183126,3951352,3956112,3953822,173903,0,746,0
27.68660593032837,183126,3951352,3956112,3953822,173903,0,746,0
27.707238912582397,183126,3951352,3956112,3953822,173903,0,746,0
27.727723836898804,183126,3951352,3956112,3953822,173903,0,746,0
27.748247861862183,183126,3951352,3956112,3953822,173903,0,746,0
27.768385887145996,183126,3951352,3956112,3953822,173903,0,746,0
27.78878903388977,183126,3951352,3956112,3953822,173903,0,746,0
27.809069871902466,183126,3951352,3956112,3953822,173903,0,746,0
27.829638957977295,183126,3951352,3956112,3953822,173903,0,746,0
27.849745988845825,183126,3951352,3956112,3953822,173903,0,746,0
27.86969304084778,183126,3951352,3956112,3953822,173903,0,746,0
27.89047884941101,183126,3951352,3956112,3953822,173903,0,746,0
27.91072702407837,183126,3951352,3956112,3953822,173903,0,746,0
27.930935859680176,183126,3951352,3956112,3953822,173903,0,746,0
27.951228857040405,183126,3951352,3956112,3953822,173903,0,746,0
27.972431898117065,183126,3951352,3956112,3953822,173903,0,746,0
27.992795944213867,183126,3951352,3956112,3953822,173903,0,746,0
28.01299285888672,183126,3951352,3956112,3953822,173903,0,746,0
28.033571004867554,183126,3951352,3956112,3953822,173903,0,746,0
28.05380606651306,183126,3951352,3956112,3953822,173903,0,746,0
28.07437300682068,183126,3951352,3956112,3953822,173903,0,746,0
28.095255851745605,183126,3951352,3956112,3953822,173903,0,746,0
28.11606788635254,183126,3951352,3956112,3953822,173903,0,746,0
28.136770009994507,183126,3951352,3956112,3953822,173903,0,746,0
28.157317876815796,183126,3951352,3956112,3953822,173903,0,746,0
28.177670001983643,183126,3951352,3956112,3953822,173903,0,746,0
28.198279857635498,183126,3951352,3956112,3953822,173903,0,746,0
28.218693017959595,183126,3951352,3956112,3953822,173903,0,746,0
28.23915696144104,183126,3951352,3956112,3953822,173903,0,746,0
28.259678840637207,183126,3732216,3720592,3734686,173903,0,742,0
28.279088973999023,183126,3169016,3173776,3171486,173903,0,730,0
28.298377990722656,183126,3169016,3173776,3171486,173903,0,730,0
28.317725896835327,183126,3169016,3173776,3171486,173903,0,730,0
28.336421966552734,183126,3169016,3173776,3171486,173903,0,730,0
28.355360984802246,183126,3169016,3173776,3171486,173903,0,730,0
28.373775959014893,183126,3169016,3173776,3171486,173903,0,730,0
28.39266586303711,183126,3169016,3173776,3171486,173903,0,730,0
28.411200046539307,183126,3169016,3173776,3171486,173903,0,730,0
28.430234909057617,183126,3169016,3173776,3171486,173903,0,730,0
28.44920301437378,183126,3169016,3173776,3171486,173903,0,730,0
28.468252897262573,183126,3169016,3173776,3171486,173903,0,730,0
28.486955881118774,183126,3169016,3173776,3171486,173903,0,730,0
28.50620198249817,183126,3169016,3173776,3171486,173903,0,730,0
28.525691032409668,183126,3169016,3173776,3171486,173903,0,730,0
28.544627904891968,183126,3179256,3184016,3181726,173907,0,731,0
28.563683032989502,183126,3189496,3194256,3191966,173912,0,731,0
28.58275604248047,183126,3193592,3198352,3196062,173915,0,731,0
28.60167694091797,183126,3193592,3198352,3196062,173915,0,731,0
28.620676040649414,183126,3193592,3198352,3196062,173915,0,731,0
28.639546871185303,183126,3193592,3198352,3196062,173915,0,731,0
28.65861988067627,183126,3193592,3198352,3196062,173915,0,731,0
28.677371978759766,183126,3193592,3198352,3196062,173915,0,731,0
28.69639801979065,183126,3193592,3198352,3196062,173915,0,731,0
28.715839862823486,183126,3193592,3198352,3196062,173915,0,731,0
28.734797954559326,183126,3193592,3198352,3196062,173915,0,731,0
28.753877878189087,183126,3193592,3198352,3196062,173915,0,731,0
28.7728328704834,183126,3193592,3198352,3196062,173915,0,731,0
28.791799068450928,183126,3193592,3198352,3196062,173915,0,731,0
28.810593843460083,183126,3193592,3198352,3196062,173915,0,731,0
28.82958698272705,183126,3193592,3198352,3196062,173915,0,731,0
28.848521947860718,183126,3193592,3198352,3196062,173915,0,731,0
28.86728286743164,183126,3193592,3198352,3196062,173915,0,731,0
28.886234998703003,183126,3193592,3198352,3196062,173915,0,731,0
28.905292987823486,183126,3193592,3198352,3196062,173915,0,731,0
28.92449402809143,183126,3193592,3198352,3196062,173915,0,731,0
28.943592071533203,183126,3193592,3198352,3196062,173915,0,731,0
28.962512016296387,183126,3193592,3198352,3196062,173915,0,731,0
28.981457948684692,183126,3193592,3198352,3196062,173915,0,731,0
29.00062894821167,183126,3193592,3198352,3196062,173915,0,731,0
29.0196430683136,183126,3193592,3198352,3196062,173915,0,731,0
29.038522005081177,183126,3193592,3198352,3196062,173915,0,731,0
29.057440042495728,183126,3193592,3198352,3196062,173915,0,731,0
29.076459884643555,183126,3193592,3198352,3196062,173915,0,731,0
29.095561981201172,183126,3193592,3198352,3196062,173915,0,731,0
29.114500999450684,183126,3193592,3198352,3196062,173915,0,731,0
29.133561849594116,183126,3193592,3198352,3196062,173915,0,731,0
29.152724981307983,183126,3193592,3198352,3196062,173915,0,731,0
29.171547889709473,183126,3193592,3198352,3196062,173915,0,731,0
29.190589904785156,183126,3193592,3198352,3196062,173915,0,731,0
29.209661960601807,183126,3193592,3198352,3196062,173915,0,731,0
29.228697061538696,183126,3193592,3198352,3196062,173915,0,731,0
29.247607946395874,183126,3193592,3198352,3196062,173915,0,731,0
29.26634693145752,183126,3193592,3198352,3196062,173915,0,731,0
29.285172939300537,183126,3193592,3198352,3196062,173915,0,731,0
29.30425500869751,183126,3193592,3198352,3196062,173915,0,731,0
29.323335886001587,183126,3193592,3198352,3196062,173915,0,731,0
29.34262704849243,183126,3193592,3198352,3196062,173915,0,731,0
29.361698865890503,183126,3193592,3198352,3196062,173915,0,731,0
29.38067603111267,183126,3193592,3198352,3196062,173915,0,731,0
29.39961004257202,183126,3193592,3198352,3196062,173915,0,731,0
29.418477058410645,183126,3193592,3198352,3196062,173915,0,731,0
29.43754291534424,183126,3193592,3198352,3196062,173915,0,731,0
29.45658802986145,183126,3193592,3198352,3196062,173915,0,731,0
29.475539922714233,183126,3193592,3198352,3196062,173915,0,731,0
29.494399070739746,183126,3193592,3198352,3196062,173915,0,731,0
29.513041973114014,183126,3193592,3198352,3196062,173915,0,731,0
29.531797885894775,183126,3193592,3198352,3196062,173915,0,731,0
29.55058193206787,183126,3193592,3198352,3196062,173915,0,731,0
29.569397926330566,183126,3193592,3198352,3196062,173915,0,731,0
29.588058948516846,183126,3193592,3198352,3196062,173915,0,731,0
29.60679602622986,183126,3193592,3198352,3196062,173915,0,731,0
29.626461029052734,183126,3193592,3198352,3196062,173915,0,731,0
29.645097017288208,183126,3193592,3198352,3196062,173915,0,731,0
29.663667917251587,183126,3193592,3198352,3196062,173915,0,731,0
29.682379007339478,183126,3193592,3198352,3196062,173915,0,731,0
29.70108199119568,183126,3193592,3198352,3196062,173915,0,731,0
29.719840049743652,183126,3193592,3198352,3196062,173915,0,731,0
29.738411903381348,183126,3193592,3198352,3196062,173915,0,731,0
29.756937980651855,183126,3193592,3198352,3196062,173915,0,731,0
29.776149034500122,183126,3193592,3198352,3196062,173915,0,731,0
29.795289993286133,183126,3193592,3198352,3196062,173915,0,731,0
29.814388036727905,183126,3193592,3198352,3196062,173915,0,731,0
29.833312034606934,183126,3193592,3198352,3196062,173915,0,731,0
29.852391004562378,183126,3193592,3198352,3196062,173915,0,731,0
29.871444940567017,183126,3193592,3198352,3196062,173915,0,731,0
29.890475034713745,183126,3193592,3198352,3196062,173915,0,731,0
29.90960192680359,183126,3193592,3198352,3196062,173915,0,731,0
29.92883586883545,183126,3193592,3198352,3196062,173915,0,731,0
29.94792103767395,183126,3193592,3198352,3196062,173915,0,731,0
29.96735191345215,183126,3193592,3198352,3196062,173915,0,731,0
29.986454010009766,183126,3193592,3198352,3196062,173915,0,731,0
30.005615949630737,183126,3193592,3198352,3196062,173915,0,731,0
30.024595975875854,183126,3193592,3198352,3196062,173915,0,731,0
30.043583869934082,183126,3193592,3198352,3196062,173915,0,731,0
30.06269884109497,183126,3193592,3198352,3196062,173915,0,731,0
30.081707000732422,183126,3193592,3198352,3196062,173915,0,731,0
30.100579023361206,183126,3193592,3198352,3196062,173915,0,731,0
30.119704961776733,183126,3193592,3198352,3196062,173915,0,731,0
30.138542890548706,183126,3193592,3198352,3196062,173915,0,731,0
30.157506942749023,183126,3193592,3198352,3196062,173915,0,731,0
30.176594972610474,183126,3193592,3198352,3196062,173915,0,731,0
30.195683002471924,183126,3193592,3198352,3196062,173915,0,731,0
30.214663982391357,183126,3193592,3198352,3196062,173915,0,731,0
30.23365592956543,183126,3193592,3198352,3196062,173915,0,731,0
30.252513885498047,183126,3193592,3198352,3196062,173915,0,731,0
30.271463871002197,183126,3193592,3198352,3196062,173915,0,731,0
30.29055690765381,183126,3193592,3198352,3196062,173915,0,731,0
30.309396028518677,183126,2980600,2971024,2983070,173915,0,726,0
30.327473878860474,183126,2677496,2551184,2679966,173915,0,718,0
30.345074892044067,183126,2548472,2553232,2550942,173916,0,718,0
30.362545013427734,183126,2548472,2553232,2550942,173916,0,718,0
30.380323886871338,183126,2548472,2553232,2550942,173916,0,718,0
30.397795915603638,183126,2548472,2553232,2550942,173916,0,718,0
30.415241956710815,183126,2548472,2553232,2550942,173916,0,718,0
30.4326388835907,183126,2548472,2553232,2550942,173916,0,718,0
30.449975967407227,183126,2548472,2553232,2550942,173916,0,718,0
30.467498064041138,183126,2548472,2553232,2550942,173916,0,718,0
30.48486590385437,183126,2548472,2553232,2550942,173916,0,718,0
30.50223994255066,183126,2548472,2553232,2550942,173916,0,718,0
30.519569873809814,183126,2548472,2553232,2550942,173916,0,718,0
30.536953926086426,183126,2548472,2553232,2550942,173916,0,718,0
30.554383993148804,183126,2548472,2553232,2550942,173916,0,718,0
30.57164192199707,183126,2548472,2553232,2550942,173916,0,718,0
30.589112043380737,183126,2548472,2553232,2550942,173916,0,718,0
30.608814001083374,183126,2548472,2553232,2550942,173916,0,718,0
30.626265048980713,183126,2548472,2553232,2550942,173916,0,718,0
30.6436710357666,183126,2548472,2553232,2550942,173916,0,718,0
30.66095995903015,183126,2548472,2553232,2550942,173916,0,718,0
30.678401947021484,183126,2548472,2553232,2550942,173916,0,718,0
30.695780038833618,183126,2548472,2553232,2550942,173916,0,718,0
30.713255882263184,183126,2548472,2553232,2550942,173916,0,718,0
30.73097801208496,183126,2548472,2553232,2550942,173916,0,718,0
30.748618841171265,183126,2548472,2553232,2550942,173916,0,718,0
30.766233921051025,183126,2548472,2553232,2550942,173916,0,718,0
30.78380799293518,183126,2548472,2553232,2550942,173916,0,718,0
30.80151391029358,183126,2548472,2553232,2550942,173916,0,718,0
30.81942105293274,183126,2548472,2553232,2550942,173916,0,718,0
30.83721899986267,183126,2548472,2553232,2550942,173916,0,718,0
30.854991912841797,183126,2548472,2553232,2550942,173916,0,718,0
30.872737884521484,183126,2548472,2553232,2550942,173916,0,718,0
30.890480041503906,183126,2548472,2553232,2550942,173916,0,718,0
30.90827202796936,183126,2548472,2553232,2550942,173916,0,718,0
30.925852060317993,183126,2548472,2553232,2550942,173916,0,718,0
30.94346594810486,183126,2548472,2553232,2550942,173916,0,718,0
30.96131706237793,183126,2548472,2553232,2550942,173916,0,718,0
30.978904962539673,183126,2548472,2553232,2550942,173916,0,718,0
30.996556997299194,183126,2548472,2553232,2550942,173916,0,718,0
31.014293909072876,183126,2548472,2553232,2550942,173916,0,718,0
31.03180193901062,183126,2548472,2553232,2550942,173916,0,718,0
31.04946804046631,183126,2548472,2553232,2550942,173916,0,718,0
31.067065954208374,183126,2548472,2553232,2550942,173916,0,718,0
31.08453893661499,183126,2548472,2553232,2550942,173916,0,718,0
31.10203194618225,183126,2548472,2553232,2550942,173916,0,718,0
31.119611978530884,183126,2548472,2553232,2550942,173916,0,718,0
31.137292861938477,183126,2548472,2553232,2550942,173916,0,718,0
31.15489387512207,183126,2548472,2553232,2550942,173916,0,718,0
31.172438859939575,183126,2548472,2553232,2550942,173916,0,718,0
31.189995050430298,183126,2548472,2553232,2550942,173916,0,718,0
31.207568883895874,183126,2548472,2553232,2550942,173916,0,718,0
31.225549936294556,183126,2548472,2553232,2550942,173916,0,718,0
31.24307894706726,183126,2548472,2553232,2550942,173916,0,718,0
31.260519981384277,183126,2548472,2553232,2550942,173916,0,718,0
31.27792191505432,183126,2548472,2553232,2550942,173916,0,718,0
31.29549789428711,183126,2548472,2553232,2550942,173916,0,718,0
31.313184022903442,183126,2548472,2553232,2550942,173916,0,718,0
31.330545902252197,183126,2548472,2553232,2550942,173916,0,718,0
31.34791898727417,183126,2548472,2553232,2550942,173916,0,718,0
31.365378856658936,183126,2548472,2553232,2550942,173916,0,718,0
31.38291096687317,183126,2548472,2553232,2550942,173916,0,718,0
31.4005708694458,183126,2548472,2553232,2550942,173916,0,718,0
31.418256044387817,183126,2548472,2553232,2550942,173916,0,718,0
31.43602204322815,183126,2548472,2553232,2550942,173916,0,718,0
31.453414916992188,183126,2548472,2553232,2550942,173916,0,718,0
31.470916986465454,183126,2548472,2553232,2550942,173916,0,718,0
31.488525867462158,183126,2548472,2553232,2550942,173916,0,718,0
31.506088972091675,183126,2548472,2553232,2550942,173916,0,718,0
31.52365493774414,183126,2548472,2553232,2550942,173916,0,718,0
31.541189908981323,183126,2548472,2553232,2550942,173916,0,718,0
31.558888912200928,183126,2548472,2553232,2550942,173916,0,718,0
31.576388835906982,183126,2548472,2553232,2550942,173916,0,718,0
31.593787908554077,183126,2548472,2553232,2550942,173916,0,718,0
31.61104702949524,183126,2548472,2553232,2550942,173916,0,718,0
31.628825902938843,183126,2548472,2553232,2550942,173916,0,718,0
31.64655590057373,183126,2548472,2553232,2550942,173916,0,718,0
31.664291858673096,183126,2548472,2553232,2550942,173916,0,718,0
31.682038068771362,183126,2548472,2553232,2550942,173916,0,718,0
31.699640035629272,183126,2548472,2553232,2550942,173916,0,718,0
31.71731686592102,183126,2548472,2553232,2550942,173916,0,718,0
31.734803915023804,183126,2548472,2553232,2550942,173916,0,718,0
31.752186059951782,183126,2548472,2553232,2550942,173916,0,718,0
31.769744873046875,183126,2550520,2555280,2552990,173916,0,718,0
31.787337064743042,183126,2558712,2563472,2561182,173920,0,718,0
31.805007934570312,183126,2568952,2573712,2571422,173925,0,718,0
31.822595834732056,183126,2577144,2581904,2579614,173929,0,718,0
31.840545892715454,183126,2587384,2592144,2589854,173934,0,719,0
31.858348846435547,183126,2595576,2600336,2598046,173938,0,719,0
31.87597393989563,183126,2605816,2610576,2608286,173943,0,719,0
31.89355492591858,183126,2614008,2618768,2616478,173947,0,719,0
31.91118288040161,183126,2624248,2629008,2626718,173952,0,720,0
31.92876386642456,183126,2632440,2637200,2634910,173956,0,720,0
31.946411848068237,183126,2642680,2647440,2645150,173961,0,720,0
31.964016914367676,183126,2650872,2655632,2653342,173965,0,720,0
31.981541872024536,183126,2659064,2663824,2661534,173969,0,720,0
31.99923086166382,183126,2667256,2672016,2669726,173973,0,720,0
32.016886949539185,183126,2677496,2682256,2679966,173978,0,720,0
32.03453087806702,183126,2685688,2690448,2688158,173982,0,721,0
32.05247688293457,183126,2695928,2700688,2698398,173987,0,721,0
32.070345878601074,183126,2704120,2708880,2706590,173991,0,721,0
32.08797788619995,183126,2714360,2719120,2716830,173996,0,721,0
32.10552191734314,183126,2720504,2725264,2722974,173999,0,722,0
32.12309288978577,183126,2728696,2735504,2731166,174004,0,722,0
32.14055585861206,183126,2738936,2743696,2741406,174008,0,722,0
32.15841007232666,183126,2747128,2753936,2749598,174013,0,722,0
32.176034927368164,183126,2757368,2762128,2759838,174017,0,722,0
32.19377589225769,183126,2765560,2772368,2768030,174022,0,722,0
32.21138787269592,183126,2775800,2780560,2778270,174026,0,722,0
32.22908687591553,183126,2783992,2790800,2786462,174031,0,723,0
32.24678587913513,183126,2794232,2798992,2796702,174035,0,723,0
32.26495385169983,183126,2802424,2809232,2804894,174040,0,723,0
32.28254985809326,183126,2812664,2817424,2815134,174044,0,723,0
32.30012392997742,183126,2820856,2827664,2823326,174049,0,724,0
32.317914962768555,183126,2831096,2835856,2833566,174053,0,724,0
32.33557605743408,183126,2839288,2846096,2841758,174058,0,724,0
32.35330390930176,183126,2816760,2821520,2819230,174062,0,724,0
32.37063503265381,183126,2827000,2831760,2829470,174066,0,724,0
32.38801884651184,183126,2835192,2839952,2837662,174070,0,724,0
32.40549683570862,183126,2845432,2850192,2847902,174075,0,724,0
32.423003911972046,183126,2845432,2850192,2847902,174076,0,724,0
32.44038701057434,183126,2845432,2850192,2847902,174076,0,724,0
32.45764493942261,183126,2845432,2850192,2847902,174076,0,724,0
32.47550392150879,183126,2845432,2850192,2847902,174076,0,724,0
32.49289584159851,183126,2845432,2850192,2847902,174076,0,724,0
32.51039099693298,183126,2845432,2850192,2847902,174076,0,724,0
32.52766394615173,183126,2845432,2850192,2847902,174076,0,724,0
32.545510053634644,183126,2845432,2850192,2847902,174076,0,724,0
32.562783002853394,183126,2845432,2850192,2847902,174076,0,724,0
32.57987999916077,183126,2845432,2850192,2847902,174076,0,724,0
32.59734392166138,183126,2845432,2850192,2847902,174076,0,724,0
32.61463689804077,183126,2845432,2850192,2847902,174076,0,724,0
32.6316659450531,183126,2845432,2850192,2847902,174076,0,724,0
32.64883089065552,183126,2845432,2850192,2847902,174076,0,724,0
32.66633605957031,183126,2845432,2850192,2847902,174076,0,724,0
32.68411588668823,183126,2845432,2850192,2847902,174076,0,724,0
32.70147895812988,183126,2845432,2850192,2847902,174076,0,724,0
32.718849897384644,183126,2845432,2850192,2847902,174076,0,724,0
32.735816955566406,183126,2845432,2850192,2847902,174076,0,724,0
32.75301194190979,183126,2845432,2850192,2847902,174076,0,724,0
32.770431995391846,183126,2845432,2850192,2847902,174076,0,724,0
32.78766489028931,183126,2845432,2850192,2847902,174076,0,724,0
32.80475306510925,183126,2845432,2850192,2847902,174076,0,724,0
32.82216787338257,183126,2845432,2850192,2847902,174076,0,724,0
32.83952498435974,183126,2845432,2850192,2847902,174076,0,724,0
32.856751918792725,183126,2845432,2850192,2847902,174076,0,724,0
32.874162912368774,183126,2845432,2850192,2847902,174076,0,724,0
32.89174795150757,183126,2845432,2850192,2847902,174076,0,724,0
32.90927600860596,183126,2845432,2850192,2847902,174076,0,724,0
32.92656683921814,183126,2845432,2850192,2847902,174076,0,724,0
32.94378304481506,183126,2845432,2850192,2847902,174076,0,724,0
32.96118998527527,183126,2845432,2850192,2847902,174076,0,724,0
32.97860097885132,183126,2845432,2850192,2847902,174076,0,724,0
32.995805978775024,183126,2845432,2850192,2847902,174076,0,724,0
33.0131618976593,183126,2845432,2850192,2847902,174076,0,724,0
33.03057599067688,183126,2845432,2850192,2847902,174076,0,724,0
33.04770493507385,183126,2845432,2850192,2847902,174076,0,724,0
33.06481194496155,183126,2845432,2850192,2847902,174076,0,724,0
33.08229398727417,183126,2845432,2850192,2847902,174076,0,724,0
33.10002684593201,183126,2845432,2850192,2847902,174076,0,724,0
33.11765694618225,183126,2845432,2850192,2847902,174076,0,724,0
33.134745836257935,183126,2845432,2850192,2847902,174076,0,724,0
33.15199089050293,183126,2845432,2850192,2847902,174076,0,724,0
33.16938900947571,183126,2845432,2850192,2847902,174076,0,724,0
33.1866819858551,183126,2845432,2850192,2847902,174076,0,724,0
33.203815937042236,183126,2845432,2850192,2847902,174076,0,724,0
33.22135591506958,183126,2845432,2850192,2847902,174076,0,724,0
33.23868203163147,183126,2845432,2850192,2847902,174076,0,724,0
33.25576090812683,183126,2845432,2850192,2847902,174076,0,724,0
33.27317786216736,183126,2845432,2850192,2847902,174076,0,724,0
33.29044985771179,183126,2845432,2850192,2847902,174076,0,724,0
33.307745933532715,183126,2845432,2850192,2847902,174076,0,724,0
33.324779987335205,183126,2845432,2850192,2847902,174076,0,724,0
33.341796875,183126,2845432,2850192,2847902,174076,0,724,0
33.35929584503174,183126,2845432,2850192,2847902,174076,0,724,0
33.37668800354004,183126,2845432,2850192,2847902,174076,0,724,0
33.39399290084839,183126,2845432,2850192,2847902,174076,0,724,0
33.41139793395996,183126,2845432,2850192,2847902,174076,0,724,0
33.428667068481445,183126,2845432,2850192,2847902,174076,0,724,0
33.4458429813385,183126,2845432,2850192,2847902,174076,0,724,0
33.46324801445007,183126,2845432,2850192,2847902,174076,0,724,0
33.48053193092346,183126,2845432,2850192,2847902,174076,0,724,0
33.49773597717285,183126,2845432,2850192,2847902,174076,0,724,0
33.51568794250488,183126,2845432,2850192,2847902,174076,0,724,0
33.532896995544434,183126,2845432,2850192,2847902,174076,0,724,0
33.55033302307129,183126,2845432,2850192,2847902,174076,0,724,0
33.56766104698181,183126,2845432,2850192,2847902,174076,0,724,0
33.584872007369995,183126,2845432,2850192,2847902,174076,0,724,0
33.60232496261597,183126,2845432,2850192,2847902,174076,0,724,0
33.619653940200806,183126,2845432,2850192,2847902,174076,0,724,0
33.63674306869507,183126,2845432,2850192,2847902,174076,0,724,0
33.653926849365234,183126,2845432,2850192,2847902,174076,0,724,0
33.67136001586914,183126,2845432,2850192,2847902,174076,0,724,0
33.688644886016846,183126,2845432,2850192,2847902,174076,0,724,0
33.70579385757446,183126,2845432,2850192,2847902,174076,0,724,0
33.723592042922974,183126,2845432,2850192,2847902,174076,0,724,0
33.7406849861145,183126,2845432,2850192,2847902,174076,0,724,0
33.75778102874756,183126,2845432,2850192,2847902,174076,0,724,0
33.77520298957825,183126,2845432,2850192,2847902,174076,0,724,0
33.79265785217285,183126,2845432,2850192,2847902,174076,0,724,0
33.809844970703125,183126,2845432,2850192,2847902,174076,0,724,0
33.82729506492615,183126,2845432,2850192,2847902,174076,0,724,0
33.844645977020264,183126,2845432,2850192,2847902,174076,0,724,0
33.86173486709595,183126,2845432,2850192,2847902,174076,0,724,0
33.87884306907654,183126,2845432,2850192,2847902,174076,0,724,0
33.89618706703186,183126,2845432,2850192,2847902,174076,0,724,0
33.9137020111084,183126,2845432,2850192,2847902,174076,0,724,0
33.931477069854736,183126,2845432,2850192,2847902,174076,0,724,0
33.94870901107788,183126,2845432,2850192,2847902,174076,0,724,0
33.9662139415741,183126,2845432,2850192,2847902,174076,0,724,0
33.98356604576111,183126,2845432,2850192,2847902,174076,0,724,0
34.000715017318726,183126,2845432,2850192,2847902,174076,0,724,0
34.01840686798096,183126,2845432,2850192,2847902,174076,0,724,0
34.035693883895874,183126,2845432,2850192,2847902,174076,0,724,0
34.05290484428406,183126,2845432,2850192,2847902,174076,0,724,0
34.07018494606018,183126,2845432,2850192,2847902,174076,0,724,0
34.087607860565186,183126,2845432,2850192,2847902,174076,0,724,0
34.10484290122986,183126,2845432,2850192,2847902,174076,0,724,0
34.122339963912964,183126,2845432,2850192,2847902,174076,0,724,0
34.13969302177429,183126,2845432,2850192,2847902,174076,0,724,0
34.156906843185425,183126,2845432,2850192,2847902,174076,0,724,0
34.17435097694397,183126,2845432,2850192,2847902,174076,0,724,0
34.191704988479614,183126,2845432,2850192,2847902,174076,0,724,0
34.20888805389404,183126,2845432,2850192,2847902,174076,0,724,0
34.226279973983765,183126,2845432,2850192,2847902,174076,0,724,0
34.24364686012268,183126,2845432,2850192,2847902,174076,0,724,0
34.26077699661255,183126,2845432,2850192,2847902,174076,0,724,0
34.27785396575928,183126,2845432,2850192,2847902,174076,0,724,0
34.295166015625,183126,2845432,2850192,2847902,174076,0,724,0
34.312432050704956,183126,2845432,2850192,2847902,174076,0,724,0
34.32968997955322,183126,2845432,2850192,2847902,174076,0,724,0
34.34740090370178,183126,2845432,2850192,2847902,174076,0,724,0
34.36469602584839,183126,2845432,2850192,2847902,174076,0,724,0
34.381813049316406,183126,2845432,2850192,2847902,174076,0,724,0
34.399203062057495,183126,2845432,2850192,2847902,174076,0,724,0
34.416626930236816,183126,2845432,2850192,2847902,174076,0,724,0
34.43385601043701,183126,2845432,2850192,2847902,174076,0,724,0
34.451053857803345,183126,2845432,2850192,2847902,174076,0,724,0
34.46844792366028,183126,2462456,2467216,2464926,174076,0,716,0
34.486554861068726,183126,2462456,2467216,2464926,174076,0,716,0
34.503636837005615,183126,2462456,2467216,2464926,174076,0,716,0
34.52072501182556,183126,2462456,2467216,2464926,174076,0,716,0
34.53769588470459,183126,2462456,2467216,2464926,174076,0,716,0
34.5550000667572,183126,2462456,2467216,2464926,174076,0,716,0
34.57223892211914,183126,2462456,2467216,2464926,174076,0,716,0
34.589475870132446,183126,2462456,2467216,2464926,174076,0,716,0
34.60668897628784,183126,2462456,2467216,2464926,174076,0,716,0
34.62370800971985,183126,2462456,2467216,2464926,174076,0,716,0
34.640785932540894,183126,2462456,2467216,2464926,174076,0,716,0
34.65775489807129,183126,2462456,2467216,2464926,174076,0,716,0
34.6746928691864,183126,2462456,2467216,2464926,174076,0,716,0
34.6916708946228,183126,2462456,2467216,2464926,174076,0,716,0
34.70870494842529,183126,2462456,2467216,2464926,174076,0,716,0
34.72573399543762,183126,2462456,2467216,2464926,174076,0,716,0
34.74272084236145,183126,2462456,2467216,2464926,174076,0,716,0
34.75975704193115,183126,2462456,2467216,2464926,174076,0,716,0
34.77680492401123,183126,2462456,2467216,2464926,174076,0,716,0
34.79387307167053,183126,2462456,2467216,2464926,174076,0,716,0
34.81073188781738,183126,2462456,2467216,2464926,174076,0,716,0
34.82776093482971,183126,2462456,2467216,2464926,174076,0,716,0
34.84474492073059,183126,2462456,2467216,2464926,174076,0,716,0
34.861737966537476,183126,2462456,2467216,2464926,174076,0,716,0
34.878753900527954,183126,2462456,2467216,2464926,174076,0,716,0
34.89577293395996,183126,2462456,2467216,2464926,174076,0,716,0
34.91274690628052,183126,2462456,2467216,2464926,174076,0,716,0
34.92980098724365,183126,2462456,2467216,2464926,174076,0,716,0
34.94686484336853,183126,2462456,2467216,2464926,174076,0,716,0
34.964020013809204,183126,2462456,2467216,2464926,174076,0,716,0
34.98141002655029,183126,2462456,2467216,2464926,174076,0,716,0
34.998584032058716,183126,2462456,2467216,2464926,174076,0,716,0
35.015766859054565,183126,2462456,2467216,2464926,174076,0,716,0
35.03272485733032,183126,2462456,2467216,2464926,174076,0,716,0
35.04981303215027,183126,2462456,2467216,2464926,174076,0,716,0
35.06688690185547,183126,2462456,2467216,2464926,174076,0,716,0
35.083839893341064,183126,2462456,2467216,2464926,174076,0,716,0
35.101239919662476,183126,2462456,2467216,2464926,174076,0,716,0
35.11839985847473,183126,2462456,2467216,2464926,174076,0,716,0
35.13559889793396,183126,2462456,2467216,2464926,174076,0,716,0
35.152719020843506,183126,2462456,2467216,2464926,174076,0,716,0
35.170193910598755,183126,2462456,2467216,2464926,174076,0,716,0
35.1875,183126,2462456,2467216,2464926,174076,0,716,0
35.20467686653137,183126,2462456,2467216,2464926,174076,0,716,0
35.221725940704346,183126,2462456,2467216,2464926,174076,0,716,0
35.23873496055603,183126,2462456,2467216,2464926,174076,0,716,0
35.255735874176025,183126,2462456,2467216,2464926,174076,0,716,0
35.272778034210205,183126,2462456,2467216,2464926,174076,0,716,0
35.289756059646606,183126,2462456,2467216,2464926,174076,0,716,0
35.30680704116821,183126,2462456,2467216,2464926,174076,0,716,0
35.32374095916748,183126,2462456,2467216,2464926,174076,0,716,0
35.34074401855469,183126,2462456,2467216,2464926,174076,0,716,0
35.357709884643555,183126,2462456,2467216,2464926,174076,0,716,0
35.37522506713867,183126,2462456,2467216,2464926,174076,0,716,0
35.39257788658142,183126,2462456,2467216,2464926,174076,0,716,0
35.409667015075684,183126,2462456,2467216,2464926,174076,0,716,0
35.426708936691284,183126,2462456,2467216,2464926,174076,0,716,0
35.443771839141846,183126,2462456,2467216,2464926,174076,0,716,0
35.46098303794861,183126,2462456,2467216,2464926,174076,0,716,0
35.477822065353394,183126,2462456,2467216,2464926,174076,0,716,0
35.494855880737305,183126,2462456,2467216,2464926,174076,0,716,0
35.51183795928955,183126,2462456,2467216,2464926,174076,0,716,0
35.52874684333801,183126,2462456,2467216,2464926,174076,0,716,0
35.54574704170227,183126,2462456,2467216,2464926,174076,0,716,0
35.562761068344116,183126,2462456,2467216,2464926,174076,0,716,0
35.57978296279907,183126,2462456,2467216,2464926,174076,0,716,0
35.5968759059906,183126,2462456,2467216,2464926,174076,0,716,0
35.61382699012756,183126,2462456,2467216,2464926,174076,0,716,0
35.63077092170715,183126,2462456,2467216,2464926,174076,0,716,0
35.64775800704956,183126,2462456,2467216,2464926,174076,0,716,0
35.66521692276001,183126,2462456,2467216,2464926,174076,0,716,0
35.68252992630005,183126,2462456,2467216,2464926,174076,0,716,0
35.69970202445984,183126,2462456,2467216,2464926,174076,0,716,0
35.71670198440552,183126,2462456,2467216,2464926,174076,0,716,0
35.733684062957764,183126,2462456,2467216,2464926,174076,0,716,0
35.75071907043457,183126,2462456,2467216,2464926,174076,0,716,0
35.76771306991577,183126,2462456,2467216,2464926,174076,0,716,0
35.7847158908844,183126,2462456,2467216,2464926,174076,0,716,0
35.80178785324097,183126,2462456,2467216,2464926,174076,0,716,0
35.818912982940674,183126,2462456,2467216,2464926,174076,0,716,0
35.83620500564575,183126,2462456,2467216,2464926,174076,0,716,0
35.8532350063324,183126,2462456,2467216,2464926,174076,0,716,0
35.87030291557312,183126,2462456,2467216,2464926,174076,0,716,0
35.88757801055908,183126,2462456,2467216,2464926,174076,0,716,0
35.90468883514404,183126,2462456,2467216,2464926,174076,0,716,0
35.92085599899292,183126,2462456,2467216,2464926,174076,0,716,0
35.93771290779114,183126,2462456,2467216,2464926,174076,0,716,0
35.954712867736816,183126,2462456,2467216,2464926,174076,0,716,0
35.97190499305725,183126,2462456,2467216,2464926,174076,0,716,0
35.988759994506836,183126,2462456,2467216,2464926,174076,0,716,0
36.00572085380554,183126,2462456,2467216,2464926,174076,0,716,0
36.022727966308594,183126,2462456,2467216,2464926,174076,0,716,0
36.03979706764221,183126,2462456,2467216,2464926,174076,0,716,0
36.05685591697693,183126,2462456,2467216,2464926,174076,0,716,0
36.07438802719116,183126,2462456,2467216,2464926,174076,0,716,0
36.09146595001221,183126,2462456,2467216,2464926,174076,0,716,0
36.10865497589111,183126,2462456,2467216,2464926,174076,0,716,0
36.12571692466736,183126,2462456,2467216,2464926,174076,0,716,0
36.14266395568848,183126,2462456,2467216,2464926,174076,0,716,0
36.15973091125488,183126,2462456,2467216,2464926,174076,0,716,0
36.17677688598633,183126,2462456,2467216,2464926,174076,0,716,0
36.193739891052246,183126,2462456,2467216,2464926,174076,0,716,0
36.211052894592285,183126,2462456,2467216,2464926,174076,0,716,0
36.228338956832886,183126,2462456,2467216,2464926,174076,0,716,0
36.245595932006836,183126,2462456,2467216,2464926,174076,0,716,0
36.26267385482788,183126,2462456,2467216,2464926,174076,0,716,0
36.27968192100525,183126,2462456,2467216,2464926,174076,0,716,0
36.29670596122742,183126,2462456,2467216,2464926,174076,0,716,0
36.31375503540039,183126,2462456,2467216,2464926,174076,0,716,0
36.33078098297119,183126,2462456,2467216,2464926,174076,0,716,0
36.34786891937256,183126,2462456,2467216,2464926,174076,0,716,0
36.36475896835327,183126,2462456,2467216,2464926,174076,0,716,0
36.38176488876343,183126,2462456,2467216,2464926,174076,0,716,0
36.39897799491882,183126,2462456,2467216,2464926,174076,0,716,0
36.416358947753906,183126,2462456,2467216,2464926,174076,0,716,0
36.43373203277588,183126,2462456,2467216,2464926,174076,0,716,0
36.450767040252686,183126,2462456,2467216,2464926,174076,0,716,0
36.467751026153564,183126,2462456,2467216,2464926,174076,0,716,0
36.484978914260864,183126,2462456,2467216,2464926,174076,0,716,0
36.50193190574646,183126,2462456,2467216,2464926,174076,0,716,0
36.518980979919434,183126,2046712,2051472,2049182,174076,0,708,0
36.53625297546387,183126,2046712,2051472,2049182,174076,0,708,0
36.553186893463135,183126,2046712,2051472,2049182,174076,0,708,0
36.570420026779175,183126,2046712,2051472,2049182,174076,0,708,0
36.587363958358765,183126,2046712,2051472,2049182,174076,0,708,0
36.604315996170044,183126,2046712,2051472,2049182,174076,0,708,0
36.621258020401,183126,2046712,2051472,2049182,174076,0,708,0
36.638327836990356,183126,2046712,2051472,2049182,174076,0,708,0
36.655405044555664,183126,2046712,2051472,2049182,174076,0,708,0
36.672435998916626,183126,2046712,2051472,2049182,174076,0,708,0
36.68956184387207,183126,2046712,2051472,2049182,174076,0,708,0
36.70648694038391,183126,2046712,2051472,2049182,174076,0,708,0
36.72351384162903,183126,2046712,2051472,2049182,174076,0,708,0
36.74059987068176,183126,2046712,2051472,2049182,174076,0,708,0
36.7575900554657,183126,2046712,2051472,2049182,174076,0,708,0
36.774550914764404,183126,2046712,2051472,2049182,174076,0,708,0
36.79163599014282,183126,2046712,2051472,2049182,174076,0,708,0
36.80855703353882,183126,2046712,2051472,2049182,174076,0,708,0
36.82558298110962,183126,2046712,2051472,2049182,174076,0,708,0
36.84266400337219,183126,2046712,2051472,2049182,174076,0,708,0
36.859442949295044,183126,2046712,2051472,2049182,174076,0,708,0
36.87627696990967,183126,2046712,2051472,2049182,174076,0,708,0
36.89325499534607,183126,2046712,2051472,2049182,174076,0,708,0
36.91007399559021,183126,2046712,2051472,2049182,174076,0,708,0
36.92719006538391,183126,2046712,2051472,2049182,174076,0,708,0
36.944047927856445,183126,2046712,2051472,2049182,174076,0,708,0
36.961063861846924,183126,2046712,2051472,2049182,174076,0,708,0
36.97819399833679,183126,2046712,2051472,2049182,174076,0,708,0
36.99555993080139,183126,2046712,2051472,2049182,174076,0,708,0
37.01262402534485,183126,2046712,2051472,2049182,174076,0,708,0
37.029552936553955,183126,2046712,2051472,2049182,174076,0,708,0
37.04684901237488,183126,2046712,2051472,2049182,174076,0,708,0
37.06375288963318,183126,2046712,2051472,2049182,174076,0,708,0
37.080662965774536,183126,2046712,2051472,2049182,174076,0,708,0
37.097557067871094,183126,2046712,2051472,2049182,174076,0,708,0
37.114563941955566,183126,2046712,2051472,2049182,174076,0,708,0
37.131558895111084,183126,2046712,2051472,2049182,174076,0,708,0
37.14855194091797,183126,2046712,2051472,2049182,174076,0,708,0
37.16555905342102,183126,2046712,2051472,2049182,174076,0,708,0
37.182570934295654,183126,2046712,2051472,2049182,174076,0,708,0
37.19969892501831,183126,2046712,2051472,2049182,174076,0,708,0
37.216618061065674,183126,2046712,2051472,2049182,174076,0,708,0
37.233644008636475,183126,2046712,2051472,2049182,174076,0,708,0
37.250730991363525,183126,2054904,2059664,2057374,174079,0,708,0
37.26789402961731,183126,2063096,2067856,2065566,174084,0,708,0
37.28466606140137,183126,2073336,2078096,2075806,174088,0,708,0
37.30178499221802,183126,2073336,2078096,2075806,174089,0,708,0
37.318686962127686,183126,2073336,2078096,2075806,174089,0,708,0
37.33564496040344,183126,2073336,2078096,2075806,174089,0,708,0
37.35250496864319,183126,2073336,2078096,2075806,174089,0,708,0
37.3694748878479,183126,2073336,2078096,2075806,174089,0,708,0
37.3862829208374,183126,2073336,2078096,2075806,174089,0,708,0
37.40424704551697,183126,2073336,2078096,2075806,174089,0,708,0
37.42124795913696,183126,2073336,2078096,2075806,174089,0,708,0
37.437968015670776,183126,2073336,2078096,2075806,174089,0,708,0
37.45526385307312,183126,2073336,2078096,2075806,174089,0,708,0
37.47240591049194,183126,2073336,2078096,2075806,174089,0,708,0
37.489120960235596,183126,2073336,2078096,2075806,174089,0,708,0
37.506288051605225,183126,2073336,2078096,2075806,174089,0,708,0
37.5232629776001,183126,2073336,2078096,2075806,174089,0,708,0
37.54019498825073,183126,2073336,2078096,2075806,174089,0,708,0
37.55729603767395,183126,2073336,2078096,2075806,174089,0,708,0
37.57419490814209,183126,2073336,2078096,2075806,174089,0,708,0
37.59127593040466,183126,2073336,2078096,2075806,174089,0,708,0
37.608319997787476,183126,2073336,2078096,2075806,174089,0,708,0
37.62549304962158,183126,2073336,2078096,2075806,174089,0,708,0
37.64238500595093,183126,2073336,2078096,2075806,174089,0,708,0
37.659409046173096,183126,2073336,2078096,2075806,174089,0,708,0
37.67648506164551,183126,2073336,2078096,2075806,174089,0,708,0
37.69335603713989,183126,2073336,2078096,2075806,174089,0,708,0
37.71040391921997,183126,2073336,2078096,2075806,174089,0,708,0
37.72736096382141,183126,2073336,2078096,2075806,174089,0,708,0
37.74428105354309,183126,2073336,2078096,2075806,174089,0,708,0
37.7610969543457,183126,2073336,2078096,2075806,174089,0,708,0
37.77792191505432,183126,2073336,2078096,2075806,174089,0,708,0
37.79484295845032,183126,2073336,2078096,2075806,174089,0,708,0
37.81154799461365,183126,2073336,2078096,2075806,174089,0,708,0
37.82836699485779,183126,2073336,2078096,2075806,174089,0,708,0
37.84512400627136,183126,2073336,2078096,2075806,174089,0,708,0
37.861932039260864,183126,2073336,2078096,2075806,174089,0,708,0
37.87910294532776,183126,2073336,2078096,2075806,174089,0,708,0
37.896281003952026,183126,2073336,2078096,2075806,174089,0,708,0
37.913158893585205,183126,2073336,2078096,2075806,174089,0,708,0
37.93031597137451,183126,2073336,2078096,2075806,174089,0,708,0
37.947381019592285,183126,2073336,2078096,2075806,174089,0,708,0
37.964531898498535,183126,2073336,2078096,2075806,174089,0,708,0
37.981513023376465,183126,2073336,2078096,2075806,174089,0,708,0
37.99847888946533,183126,2073336,2078096,2075806,174089,0,708,0
38.015573024749756,183126,2073336,2078096,2075806,174089,0,708,0
38.03257894515991,183126,2073336,2078096,2075806,174089,0,708,0
38.04955196380615,183126,2073336,2078096,2075806,174089,0,708,0
38.06650900840759,183126,2073336,2078096,2075806,174089,0,708,0
38.08355498313904,183126,2073336,2078096,2075806,174089,0,708,0
38.10072088241577,183126,2073336,2078096,2075806,174089,0,708,0
38.11755394935608,183126,2073336,2078096,2075806,174089,0,708,0
38.134479999542236,183126,2073336,2078096,2075806,174089,0,708,0
38.15130305290222,183126,2073336,2078096,2075806,174089,0,708,0
38.16801595687866,183126,2073336,2078096,2075806,174089,0,708,0
38.18521189689636,183126,2073336,2078096,2075806,174089,0,708,0
38.201984882354736,183126,2073336,2078096,2075806,174089,0,708,0
38.219022035598755,183126,2073336,2078096,2075806,174089,0,708,0
38.235702991485596,183126,2073336,2078096,2075806,174089,0,708,0
38.25244688987732,183126,2073336,2078096,2075806,174089,0,708,0
38.269458055496216,183126,2073336,2078096,2075806,174089,0,708,0
38.286696910858154,183126,2073336,2078096,2075806,174089,0,708,0
38.30363583564758,183126,2073336,2078096,2075806,174089,0,708,0
38.320647954940796,183126,2073336,2078096,2075806,174089,0,708,0
38.33757996559143,183126,2073336,2078096,2075806,174089,0,708,0
38.35452699661255,183126,2073336,2078096,2075806,174089,0,708,0
38.371556997299194,183126,2073336,2078096,2075806,174089,0,708,0
38.38894605636597,183126,2073336,2078096,2075806,174089,0,708,0
38.40595602989197,183126,2073336,2078096,2075806,174089,0,708,0
38.42294406890869,183126,2073336,2078096,2075806,174089,0,708,0
38.44005084037781,183126,2073336,2078096,2075806,174089,0,708,0
38.456992864608765,183126,2073336,2078096,2075806,174089,0,708,0
38.473949909210205,183126,2073336,2078096,2075806,174089,0,708,0
38.49095892906189,183126,2073336,2078096,2075806,174089,0,708,0
38.50799298286438,183126,2073336,2078096,2075806,174089,0,708,0
38.52504801750183,183126,2073336,2078096,2075806,174089,0,708,0
38.54199004173279,183126,2073336,2078096,2075806,174089,0,708,0
38.55897784233093,183126,2048760,2053520,2051230,174089,0,708,0
38.57569599151611,183126,1790712,1795472,1793182,174089,0,702,0
38.59245800971985,183126,1790712,1795472,1793182,174090,0,702,0
38.60921287536621,183126,1790712,1795472,1793182,174090,0,702,0
38.625848054885864,183126,1792760,1797520,1795230,174090,0,702,0
38.642595052719116,183126,1800952,1805712,1803422,174095,0,703,0
38.659409046173096,183126,1809144,1813904,1811614,174099,0,703,0
38.67616295814514,183126,1819384,1824144,1821854,174103,0,703,0
38.69298505783081,183126,1827576,1832336,1830046,174107,0,703,0
38.70982789993286,183126,1835768,1840528,1838238,174112,0,704,0
38.72661805152893,183126,1843960,1850768,1846430,174116,0,704,0
38.74348187446594,183126,1854200,1858960,1856670,174120,0,704,0
38.76034998893738,183126,1862392,1867152,1864862,174125,0,704,0
38.77721905708313,183126,1870584,1875344,1873054,174129,0,704,0
38.7938928604126,183126,1880824,1885584,1883294,174133,0,704,0
38.810811042785645,183126,1889016,1893776,1891486,174137,0,704,0
38.827592849731445,183126,1897208,1901968,1899678,174142,0,705,0
38.84454298019409,183126,1905400,1912208,1907870,174146,0,705,0
38.86134886741638,183126,1915640,1920400,1918110,174150,0,705,0
38.87830591201782,183126,1923832,1928592,1926302,174154,0,705,0
38.89507293701172,183126,1932024,1936784,1934494,174159,0,706,0
38.91193389892578,183126,1940216,1947024,1942686,174163,0,706,0
38.928972005844116,183126,1950456,1955216,1952926,174167,0,706,0
38.94558596611023,183126,1958648,1963408,1961118,174172,0,706,0
38.962398052215576,183126,1966840,1971600,1969310,174176,0,706,0
38.97919797897339,183126,1977080,1981840,1979550,174180,0,706,0
38.995681047439575,183126,1985272,1990032,1987742,174184,0,706,0
39.012356996536255,183126,1993464,1998224,1995934,174189,0,706,0
39.02919101715088,183126,2001656,2008464,2004126,174193,0,707,0
39.046046018600464,183126,2011896,2016656,2014366,174197,0,707,0
39.06261587142944,183126,2020088,2024848,2022558,174201,0,707,0
39.079527854919434,183126,2028280,2033040,2030750,174206,0,708,0
39.09628105163574,183126,2036472,2043280,2038942,174210,0,708,0
39.11330699920654,183126,2046712,2051472,2049182,174214,0,708,0
39.13057899475098,183126,2054904,2059664,2057374,174219,0,708,0
39.14728093147278,183126,2063096,2067856,2065566,174223,0,708,0
39.163970947265625,183126,2071288,2078096,2073758,174227,0,708,0
39.1806800365448,183126,2081528,2086288,2083998,174231,0,708,0
39.197486877441406,183126,2089720,2094480,2092190,174236,0,708,0
39.21433186531067,183126,2097912,2104720,2100382,174240,0,709,0
39.231263875961304,183126,2108152,2112912,2110622,174244,0,709,0
39.24824285507202,183126,2116344,2121104,2118814,174249,0,709,0
39.26495599746704,183126,2124536,2129296,2127006,174253,0,709,0
39.28167486190796,183126,2132728,2139536,2135198,174257,0,710,0
39.29828405380249,183126,2142968,2147728,2145438,174261,0,710,0
39.3150908946991,183126,2151160,2155920,2153630,174266,0,710,0
39.33196496963501,183126,2159352,2166160,2161822,174270,0,710,0
39.35062599182129,183126,2169592,2174352,2172062,174275,0,710,0
39.36745285987854,183126,2177784,2184592,2180254,174279,0,710,0
39.384279012680054,183126,2188024,2192784,2190494,174283,0,710,0
39.40095591545105,183126,2196216,2200976,2198686,174287,0,711,0
39.41756892204285,183126,2204408,2209168,2206878,174292,0,711,0
39.43431997299194,183126,2214648,2219408,2217118,174296,0,711,0
39.451236963272095,183126,2222840,2227600,2225310,174300,0,711,0
39.46820592880249,183126,2231032,2235792,2233502,174305,0,712,0
39.485092878341675,183126,2239224,2246032,2241694,174309,0,712,0
39.50193190574646,183126,2249464,2254224,2251934,174313,0,712,0
39.51861095428467,183126,2257656,2262416,2260126,174317,0,712,0
39.53536891937256,183126,2265848,2270608,2268318,174322,0,712,0
39.55227494239807,183126,2276088,2280848,2278558,174326,0,712,0
39.5691020488739,183126,2284280,2289040,2286750,174330,0,712,0
39.58603501319885,183126,2292472,2297232,2294942,174335,0,713,0
39.602813959121704,183126,2300664,2305424,2303134,174339,0,713,0
39.61958599090576,183126,2310904,2315664,2313374,174343,0,713,0
39.63654589653015,183126,2319096,2323856,2321566,174347,0,713,0
39.65338897705078,183126,2327288,2332048,2329758,174352,0,714,0
39.67041802406311,183126,2335480,2342288,2337950,174356,0,714,0
39.68727993965149,183126,2345720,2350480,2348190,174360,0,714,0
39.704248905181885,183126,2353912,2358672,2356382,174365,0,714,0
39.72096490859985,183126,2362104,2368912,2364574,174369,0,714,0
39.737767934799194,183126,2372344,2377104,2374814,174373,0,714,0
39.755187034606934,183126,2380536,2385296,2383006,174378,0,714,0
39.771684885025024,183126,2388728,2393488,2391198,174382,0,714,0
39.78837490081787,183126,2398968,2403728,2401438,174386,0,715,0
39.8052978515625,183126,2407160,2411920,2409630,174390,0,715,0
39.82193088531494,183126,2415352,2420112,2417822,174395,0,715,0
39.83851504325867,183126,2423544,2430352,2426014,174399,0,716,0
39.85537385940552,183126,2433784,2438544,2436254,174403,0,716,0
39.872313022613525,183126,2441976,2446736,2444446,174408,0,716,0
39.88904690742493,183126,2450168,2456976,2452638,174412,0,716,0
39.90565085411072,183126,2460408,2465168,2462878,174416,0,716,0
39.92251801490784,183126,2468600,2473360,2471070,174421,0,716,0
39.93936085700989,183126,2476792,2481552,2479262,174425,0,716,0
39.95602989196777,183126,2487032,2491792,2489502,174429,0,716,0
39.97309494018555,183126,2495224,2499984,2497694,174433,0,717,0
39.98992896080017,183126,2503416,2508176,2505886,174438,0,717,0
40.00646901130676,183126,2511608,2518416,2514078,174442,0,717,0
40.0230188369751,183126,2521848,2526608,2524318,174446,0,718,0
40.03967595100403,183126,2530040,2534800,2532510,174450,0,718,0
40.056445837020874,183126,2538232,2542992,2540702,174455,0,718,0
40.07334089279175,183126,2548472,2553232,2550942,174459,0,718,0
40.09005403518677,183126,2556664,2561424,2559134,174463,0,718,0
40.10691595077515,183126,2564856,2569616,2567326,174468,0,718,0
40.12387490272522,183126,2575096,2579856,2577566,174472,0,718,0
40.140514850616455,183126,2583288,2588048,2585758,174476,0,718,0
40.15747404098511,183126,2591480,2596240,2593950,174481,0,719,0
40.17465400695801,183126,2599672,2606480,2602142,174485,0,719,0
40.19134998321533,183126,2609912,2614672,2612382,174489,0,719,0
40.20840096473694,183126,2618104,2622864,2620574,174493,0,719,0
40.22539186477661,183126,2626296,2631056,2628766,174498,0,720,0
40.242249965667725,183126,2634488,2641296,2636958,174502,0,720,0
40.259252071380615,183126,2644728,2649488,2647198,174506,0,720,0
40.27620887756348,183126,2652920,2657680,2655390,174511,0,720,0
40.29323601722717,183126,2661112,2665872,2663582,174515,0,720,0
40.310250997543335,183126,2671352,2676112,2673822,174519,0,720,0
40.327451944351196,183126,2679544,2684304,2682014,174523,0,720,0
40.34420895576477,183126,2687736,2692496,2690206,174528,0,721,0
40.36090302467346,183126,2695928,2702736,2698398,174532,0,721,0
40.37824606895447,183126,2706168,2710928,2708638,174536,0,721,0
40.395084857940674,183126,2714360,2719120,2716830,174541,0,721,0
40.41164994239807,183126,2722552,2727312,2725022,174545,0,722,0
40.42831206321716,183126,2732792,2737552,2735262,174549,0,722,0
40.445054054260254,183126,2740984,2745744,2743454,174553,0,722,0
40.46168398857117,183126,2749176,2753936,2751646,174558,0,722,0
40.47839403152466,183126,2757368,2764176,2759838,174562,0,722,0
40.4950590133667,183126,2767608,2772368,2770078,174566,0,722,0
40.51206684112549,183126,2775800,2780560,2778270,174570,0,722,0
40.528995990753174,183126,2779896,2784656,2782366,174573,0,722,0
40.54591488838196,183126,2779896,2784656,2782366,174573,0,722,0
40.562917947769165,183126,2779896,2784656,2782366,174573,0,722,0
40.57986402511597,183126,2779896,2784656,2782366,174573,0,722,0
40.596816062927246,183126,2779896,2784656,2782366,174573,0,722,0
40.61368203163147,183126,2542328,2547088,2544798,174573,0,718,0
40.63043189048767,183126,2542328,2547088,2544798,174573,0,718,0
40.64731693267822,183126,2542328,2547088,2544798,174573,0,718,0
40.66427493095398,183126,2542328,2547088,2544798,174573,0,718,0
40.68084502220154,183126,2542328,2547088,2544798,174573,0,718,0
40.69751787185669,183126,2542328,2547088,2544798,174573,0,718,0
40.71424698829651,183126,2542328,2547088,2544798,174573,0,718,0
40.730782985687256,183126,2542328,2547088,2544798,174573,0,718,0
40.747381925582886,183126,2542328,2547088,2544798,174573,0,718,0
40.76372694969177,183126,2542328,2547088,2544798,174573,0,718,0
40.78007483482361,183126,2542328,2547088,2544798,174573,0,718,0
40.79679989814758,183126,2542328,2547088,2544798,174573,0,718,0
40.81354093551636,183126,2542328,2547088,2544798,174573,0,718,0
40.830283880233765,183126,2542328,2547088,2544798,174573,0,718,0
40.846725940704346,183126,2542328,2547088,2544798,174573,0,718,0
40.86334586143494,183126,2542328,2547088,2544798,174573,0,718,0
40.88022184371948,183126,2542328,2547088,2544798,174573,0,718,0
40.89668798446655,183126,2542328,2547088,2544798,174573,0,718,0
40.913471937179565,183126,2542328,2547088,2544798,174573,0,718,0
40.9298620223999,183126,2542328,2547088,2544798,174573,0,718,0
40.94638705253601,183126,2542328,2547088,2544798,174573,0,718,0
40.962774991989136,183126,2542328,2547088,2544798,174573,0,718,0
40.97950005531311,183126,2542328,2547088,2544798,174573,0,718,0
40.996543884277344,183126,2542328,2547088,2544798,174573,0,718,0
41.01323890686035,183126,2542328,2547088,2544798,174573,0,718,0
41.02979898452759,183126,2542328,2547088,2544798,174573,0,718,0
41.046581983566284,183126,2542328,2547088,2544798,174573,0,718,0
41.063271045684814,183126,2542328,2547088,2544798,174573,0,718,0
41.07968497276306,183126,2542328,2547088,2544798,174573,0,718,0
41.096230030059814,183126,2542328,2547088,2544798,174573,0,718,0
41.1126868724823,183126,2542328,2547088,2544798,174573,0,718,0
41.12933707237244,183126,2542328,2547088,2544798,174573,0,718,0
41.145750999450684,183126,2542328,2547088,2544798,174573,0,718,0
41.16256403923035,183126,2542328,2547088,2544798,174573,0,718,0
41.17901086807251,183126,2542328,2547088,2544798,174573,0,718,0
41.19568490982056,183126,2542328,2547088,2544798,174573,0,718,0
41.212615966796875,183126,2542328,2547088,2544798,174573,0,718,0
41.22920894622803,183126,2542328,2547088,2544798,174573,0,718,0
41.24567985534668,183126,2542328,2547088,2544798,174573,0,718,0
41.26227903366089,183126,2542328,2547088,2544798,174573,0,718,0
41.27867388725281,183126,2542328,2547088,2544798,174573,0,718,0
41.29603290557861,183126,2542328,2547088,2544798,174573,0,718,0
41.31266903877258,183126,2542328,2547088,2544798,174573,0,718,0
41.328912019729614,183126,2542328,2547088,2544798,174573,0,718,0
41.345463037490845,183126,2542328,2547088,2544798,174573,0,718,0
41.36176800727844,183126,2542328,2547088,2544798,174573,0,718,0
41.37824296951294,183126,2542328,2547088,2544798,174573,0,718,0
41.39479684829712,183126,2542328,2547088,2544798,174573,0,718,0
41.41169285774231,183126,2542328,2547088,2544798,174573,0,718,0
41.428356885910034,183126,2542328,2547088,2544798,174573,0,718,0
41.444684982299805,183126,2542328,2547088,2544798,174573,0,718,0
41.46146202087402,183126,2542328,2547088,2544798,174573,0,718,0
41.478229999542236,183126,2542328,2547088,2544798,174573,0,718,0
41.494786977767944,183126,2542328,2547088,2544798,174573,0,718,0
41.51164388656616,183126,2542328,2547088,2544798,174573,0,718,0
41.52830791473389,183126,2542328,2547088,2544798,174573,0,718,0
41.544731855392456,183126,2542328,2547088,2544798,174573,0,718,0
41.56127095222473,183126,2542328,2547088,2544798,174573,0,718,0
41.57779097557068,183126,2542328,2547088,2544798,174573,0,718,0
41.59476184844971,183126,2542328,2547088,2544798,174573,0,718,0
41.611562967300415,183126,2542328,2547088,2544798,174573,0,718,0
41.62856101989746,183126,2542328,2547088,2544798,174573,0,718,0
41.64537692070007,183126,2542328,2547088,2544798,174573,0,718,0
41.66172385215759,183126,2542328,2547088,2544798,174573,0,718,0
41.678462982177734,183126,2542328,2547088,2544798,174573,0,718,0
41.694786071777344,183126,2542328,2547088,2544798,174573,0,718,0
41.7114520072937,183126,2542328,2547088,2544798,174573,0,718,0
41.72775602340698,183126,2542328,2547088,2544798,174573,0,718,0
41.74452805519104,183126,2542328,2547088,2544798,174573,0,718,0
41.76121687889099,183126,2542328,2547088,2544798,174573,0,718,0
41.777698040008545,183126,2542328,2547088,2544798,174573,0,718,0
41.79440784454346,183126,2542328,2547088,2544798,174573,0,718,0
41.810757875442505,183126,2542328,2547088,2544798,174573,0,718,0
41.82777500152588,183126,2542328,2547088,2544798,174573,0,718,0
41.84423089027405,183126,2542328,2547088,2544798,174573,0,718,0
41.86074995994568,183126,2542328,2547088,2544798,174573,0,718,0
41.87730383872986,183126,2542328,2547088,2544798,174573,0,718,0
41.89377784729004,183126,2542328,2547088,2544798,174573,0,718,0
41.910253047943115,183126,2542328,2547088,2544798,174573,0,718,0
41.92682886123657,183126,2542328,2547088,2544798,174573,0,718,0
41.9434449672699,183126,2542328,2547088,2544798,174573,0,718,0
41.95973992347717,183126,2542328,2547088,2544798,174573,0,718,0
41.97629404067993,183126,2542328,2547088,2544798,174573,0,718,0
41.992722034454346,183126,2542328,2547088,2544798,174573,0,718,0
42.00936198234558,183126,2542328,2547088,2544798,174573,0,718,0
42.02572798728943,183126,2542328,2547088,2544798,174573,0,718,0
42.04264497756958,183126,2542328,2547088,2544798,174573,0,718,0
42.059239864349365,183126,2542328,2547088,2544798,174573,0,718,0
42.07570791244507,183126,2542328,2547088,2544798,174573,0,718,0
42.09245991706848,183126,2542328,2547088,2544798,174573,0,718,0
42.1090350151062,183126,2542392,2547220,2544862,174574,0,718,0
42.125690937042236,183126,2542392,2547220,2544862,174574,0,718,0
42.142317056655884,183126,2542392,2547220,2544862,174574,0,718,0
42.158791065216064,183126,2542392,2547220,2544862,174574,0,718,0
42.17534589767456,183126,2542392,2547220,2544862,174574,0,718,0
42.191689014434814,183126,2542392,2547220,2544862,174574,0,718,0
42.207958936691284,183126,2542392,2547220,2544862,174574,0,718,0
42.22442984580994,183126,2542392,2547220,2544862,174574,0,718,0
42.240813970565796,183126,2542392,2547220,2544862,174574,0,718,0
42.25742292404175,183126,2542392,2547220,2544862,174574,0,718,0
42.274734020233154,183126,2542392,2547220,2544862,174574,0,718,0
42.29144096374512,183126,2542392,2547220,2544862,174574,0,718,0
42.30780601501465,183126,2542392,2547220,2544862,174574,0,718,0
42.32440400123596,183126,2542392,2547220,2544862,174574,0,718,0
42.34072399139404,183126,2542392,2547220,2544862,174574,0,718,0
42.35773587226868,183126,2542392,2547220,2544862,174574,0,718,0
42.37452292442322,183126,2542392,2547220,2544862,174574,0,718,0
42.39083790779114,183126,2542392,2547220,2544862,174574,0,718,0
42.40757489204407,183126,2542392,2547220,2544862,174574,0,718,0
42.424341917037964,183126,2542392,2547220,2544862,174574,0,718,0
42.44078803062439,183126,2542392,2547220,2544862,174574,0,718,0
42.45768690109253,183126,2542392,2547220,2544862,174574,0,718,0
42.4743709564209,183126,2542392,2547220,2544862,174574,0,718,0
42.49074387550354,183126,2542392,2547220,2544862,174574,0,718,0
42.50750803947449,183126,2542392,2547220,2544862,174574,0,718,0
42.524221897125244,183126,2542392,2547220,2544862,174574,0,718,0
42.540700912475586,183126,2542392,2547220,2544862,174574,0,718,0
42.55739784240723,183126,2542392,2547220,2544862,174574,0,718,0
42.57379388809204,183126,2542392,2547220,2544862,174574,0,718,0
42.590492963790894,183126,2542392,2547220,2544862,174574,0,718,0
42.60703706741333,183126,2542392,2547220,2544862,174574,0,718,0
42.623668909072876,183126,2542392,2547220,2544862,174574,0,718,0
42.640323877334595,183126,2542392,2547220,2544862,174574,0,718,0
42.656800985336304,183126,2128696,2133524,2131166,174574,0,710,0
42.673441886901855,183126,2128696,2133524,2131166,174574,0,710,0
42.68969392776489,183126,2128696,2133524,2131166,174574,0,710,0
42.70628595352173,183126,2128696,2133524,2131166,174574,0,710,0
42.722606897354126,183126,2128696,2133524,2131166,174574,0,710,0
42.73869490623474,183126,2128696,2133524,2131166,174574,0,710,0
42.7547550201416,183126,2128696,2133524,2131166,174574,0,710,0
42.77108597755432,183126,2128696,2133524,2131166,174574,0,710,0
42.78753185272217,183126,2128756,2133524,2131226,174589,0,710,0
42.80394792556763,183126,2128756,2133524,2131226,174589,0,710,0
42.820520877838135,183126,2128756,2133524,2131226,174589,0,710,0
42.83689594268799,183126,2128756,2133524,2131226,174589,0,710,0
42.85340690612793,183126,2128756,2133524,2131226,174589,0,710,0
42.87168598175049,183126,2128756,2133524,2131226,174589,0,710,0
42.888766050338745,183126,2128756,2133524,2131226,174589,0,710,0
42.90550899505615,183126,2128756,2133524,2131226,174589,0,710,0
42.92163896560669,183126,2128756,2133524,2131226,174589,0,710,0
42.937793016433716,183126,2128756,2133524,2131226,174589,0,710,0
42.953917026519775,183126,2128756,2133524,2131226,174589,0,710,0
42.970274925231934,183126,2128756,2133524,2131226,174589,0,710,0
42.986570835113525,183126,2128756,2133524,2131226,174589,0,710,0
43.00270891189575,183126,2128756,2133524,2131226,174589,0,710,0
43.01923584938049,183126,2128756,2133524,2131226,174589,0,710,0
43.03568506240845,183126,2128756,2133524,2131226,174589,0,710,0
43.0517840385437,183126,2128756,2133524,2131226,174589,0,710,0
43.06787991523743,183126,2128756,2133524,2131226,174589,0,710,0
43.08450484275818,183126,2128756,2133524,2131226,174589,0,710,0
43.10072898864746,183126,2128756,2133524,2131226,174589,0,710,0
43.11675691604614,183126,2128756,2133524,2131226,174589,0,710,0
43.13287901878357,183126,2128756,2133524,2131226,174589,0,710,0
43.14928698539734,183126,2128756,2133524,2131226,174589,0,710,0
43.16560983657837,183126,2128756,2133524,2131226,174589,0,710,0
43.18167495727539,183126,2128756,2133524,2131226,174589,0,710,0
43.197721004486084,183126,2128756,2133524,2131226,174589,0,710,0
43.21375393867493,183126,2128756,2133524,2131226,174589,0,710,0
43.23021483421326,183126,2128756,2133524,2131226,174589,0,710,0
43.246427059173584,183126,2128756,2133524,2131226,174589,0,710,0
43.26268291473389,183126,2128756,2133524,2131226,174589,0,710,0
43.27791500091553,183126,2128756,2133524,2131226,174589,0,710,0
43.294482946395874,183126,2128756,2133524,2131226,174589,0,710,0
43.310678005218506,183126,2128756,2133524,2131226,174589,0,710,0
43.32668995857239,183126,2128756,2133524,2131226,174589,0,710,0
43.34320688247681,183126,2128756,2133524,2131226,174589,0,710,0
43.35947799682617,183126,2128756,2133524,2131226,174589,0,710,0
43.375712871551514,183126,2128756,2133524,2131226,174589,0,710,0
43.39179706573486,183126,2128756,2133524,2131226,174589,0,710,0
43.40804100036621,183126,2128756,2133524,2131226,174589,0,710,0
43.42454791069031,183126,2128756,2133524,2131226,174589,0,710,0
43.440911054611206,183126,2128756,2133524,2131226,174589,0,710,0
43.45766592025757,183126,2128756,2133524,2131226,174589,0,710,0
43.47372603416443,183126,2128756,2133524,2131226,174589,0,710,0
43.48980784416199,183126,2128756,2133524,2131226,174589,0,710,0
43.50599694252014,183126,2128764,2133524,2131234,174591,0,710,0
43.52265286445618,183126,2128764,2133524,2131234,174591,0,710,0
43.53904104232788,183126,2128764,2133524,2131234,174591,0,710,0
43.55567383766174,183126,2128764,2133524,2131234,174591,0,710,0
43.57179498672485,183126,2128764,2133524,2131234,174591,0,710,0
43.587749004364014,183126,2128764,2133524,2131234,174591,0,710,0
43.60370993614197,183126,2128764,2133524,2131234,174591,0,710,0
43.61990404129028,183126,2128764,2133524,2131234,174591,0,710,0
43.635830879211426,183126,2128764,2133524,2131234,174591,0,710,0
43.6525239944458,183126,2128764,2133524,2131234,174591,0,710,0
43.66866588592529,183126,2128764,2133524,2131234,174591,0,710,0
43.68468999862671,183126,2128764,2133524,2131234,174591,0,710,0
43.7014639377594,183126,2128764,2133524,2131234,174591,0,710,0
43.7177529335022,183126,2128764,2133524,2131234,174591,0,710,0
43.73379683494568,183126,2128764,2133524,2131234,174591,0,710,0
43.74980092048645,183126,2128764,2133524,2131234,174591,0,710,0
43.76589488983154,183126,2128764,2133524,2131234,174591,0,710,0
43.782378911972046,183126,2128764,2133524,2131234,174591,0,710,0
43.79871106147766,183126,2128764,2133524,2131234,174591,0,710,0
43.81507086753845,183126,2128764,2133524,2131234,174591,0,710,0
43.83141493797302,183126,2128764,2133524,2131234,174591,0,710,0
43.84772300720215,183126,2128764,2133524,2131234,174591,0,710,0
43.86405801773071,183126,2128764,2133524,2131234,174591,0,710,0
43.87994885444641,183126,2128764,2133524,2131234,174591,0,710,0
43.89592003822327,183126,2128764,2133524,2131234,174591,0,710,0
43.91257691383362,183126,2128764,2133524,2131234,174591,0,710,0
43.92871284484863,183126,2128764,2133524,2131234,174591,0,710,0
43.94476103782654,183126,2128764,2133524,2131234,174591,0,710,0
43.961036920547485,183126,2128764,2133524,2131234,174591,0,710,0
43.977678060531616,183126,2128764,2133524,2131234,174591,0,710,0
43.99369406700134,183126,2128764,2133524,2131234,174591,0,710,0
44.01052784919739,183126,2128764,2133524,2131234,174591,0,710,0
44.0266969203949,183126,2128764,2133524,2131234,174591,0,710,0
44.042906045913696,183126,2128764,2133524,2131234,174591,0,710,0
44.059305906295776,183126,2128764,2133524,2131234,174591,0,710,0
44.075737953186035,183126,2128764,2133524,2131234,174591,0,710,0
44.09174084663391,183126,2128764,2133524,2131234,174591,0,710,0
44.10845994949341,183126,2128764,2133524,2131234,174591,0,710,0
44.12470483779907,183126,2128764,2133524,2131234,174591,0,710,0
44.140848875045776,183126,2128764,2133524,2131234,174591,0,710,0
44.15704584121704,183126,2128764,2133524,2131234,174591,0,710,0
44.173362016677856,183126,2128764,2133524,2131234,174591,0,710,0
44.18931293487549,183126,2128764,2133524,2131234,174591,0,710,0
44.20567297935486,183126,2128764,2133524,2131234,174591,0,710,0
44.22197103500366,183126,2128764,2133524,2131234,174591,0,710,0
44.238560914993286,183126,2128764,2133524,2131234,174591,0,710,0
44.25471901893616,183126,2128764,2133524,2131234,174591,0,710,0
44.270933866500854,183126,2128764,2133524,2131234,174591,0,710,0
44.28753089904785,183126,2128764,2133524,2131234,174591,0,710,0
44.303390979766846,183126,2128764,2133524,2131234,174591,0,710,0
44.31969094276428,183126,2128764,2133524,2131234,174591,0,710,0
44.33592486381531,183126,2128764,2133524,2131234,174591,0,710,0
44.352473974227905,183126,2128764,2133524,2131234,174591,0,710,0
44.36874198913574,183126,2128764,2133524,2131234,174591,0,710,0
44.38480305671692,183126,2128764,2133524,2131234,174591,0,710,0
44.40109086036682,183126,2128764,2133524,2131234,174591,0,710,0
44.417685985565186,183126,2128764,2133524,2131234,174591,0,710,0
44.43383193016052,183126,2128764,2133524,2131234,174591,0,710,0
44.45057797431946,183126,2128764,2133524,2131234,174591,0,710,0
44.467020988464355,183126,2128764,2133524,2131234,174591,0,710,0
44.48278188705444,183126,2128764,2133524,2131234,174591,0,710,0
44.498955965042114,183126,2128764,2133524,2131234,174591,0,710,0
44.514816999435425,183126,2128764,2133524,2131234,174591,0,710,0
44.53101396560669,183126,2128764,2133524,2131234,174591,0,710,0
44.54670596122742,183126,2128764,2133524,2131234,174591,0,710,0
44.56276988983154,183126,2128764,2133524,2131234,174591,0,710,0
44.579033851623535,183126,2128764,2133524,2131234,174591,0,710,0
44.595041036605835,183126,2128764,2133524,2131234,174591,0,710,0
44.61130404472351,183126,2128764,2133524,2131234,174591,0,710,0
44.62772583961487,183126,2128764,2133524,2131234,174591,0,710,0
44.644014835357666,183126,2128764,2133524,2131234,174591,0,710,0
44.66088104248047,183126,2128764,2133524,2131234,174591,0,710,0
44.67824697494507,183126,2128764,2133524,2131234,174591,0,710,0
44.69532895088196,183126,2128764,2133524,2131234,174591,0,710,0
44.712214946746826,183126,1723260,1728088,1725730,174591,0,701,0
44.729166984558105,183126,1723260,1728088,1725730,174591,0,701,0
44.746062994003296,183126,1723260,1728088,1725730,174591,0,701,0
44.7631049156189,183126,1723260,1728088,1725730,174591,0,701,0
44.780030965805054,183126,1723260,1728088,1725730,174591,0,701,0
44.79698896408081,183126,1723260,1728088,1725730,174591,0,701,0
44.81374788284302,183126,1723260,1728088,1725730,174591,0,701,0
44.830628871917725,183126,1723260,1728088,1725730,174591,0,701,0
44.84764885902405,183126,1723260,1728088,1725730,174591,0,701,0
44.86455297470093,183126,1723260,1728088,1725730,174591,0,701,0
44.88129901885986,183126,1723260,1728088,1725730,174591,0,701,0
44.89829206466675,183126,1723260,1728088,1725730,174591,0,701,0
44.91505002975464,183126,1723260,1728088,1725730,174591,0,701,0
44.931787967681885,183126,1723260,1728088,1725730,174591,0,701,0
44.94862103462219,183126,1723260,1728088,1725730,174591,0,701,0
44.965461015701294,183126,1723260,1728088,1725730,174591,0,701,0
44.982215881347656,183126,1723260,1728088,1725730,174591,0,701,0
44.99890184402466,183126,1723260,1728088,1725730,174591,0,701,0
45.015575885772705,183126,1723260,1728088,1725730,174591,0,701,0
45.03255605697632,183126,1723260,1728088,1725730,174591,0,701,0
45.049330949783325,183126,1723260,1728088,1725730,174591,0,701,0
45.06616497039795,183126,1723260,1728088,1725730,174591,0,701,0
45.08308792114258,183126,1723260,1728088,1725730,174591,0,701,0
45.10004901885986,183126,1723260,1728088,1725730,174591,0,701,0
45.1170129776001,183126,1723260,1728088,1725730,174591,0,701,0
45.13375401496887,183126,1723260,1728088,1725730,174591,0,701,0
45.15069890022278,183126,1723260,1728088,1725730,174591,0,701,0
45.167685985565186,183126,1723260,1728088,1725730,174591,0,701,0
45.18470597267151,183126,1723260,1728088,1725730,174591,0,701,0
45.20207691192627,183126,1723260,1728088,1725730,174591,0,701,0
45.21887397766113,183126,1723260,1728088,1725730,174591,0,701,0
45.235671043395996,183126,1723260,1728088,1725730,174591,0,701,0
45.252464056015015,183126,1723260,1728088,1725730,174591,0,701,0
45.26915097236633,183126,1723260,1728088,1725730,174591,0,701,0
45.28585386276245,183126,1723260,1728088,1725730,174591,0,701,0
45.30266499519348,183126,1723260,1728088,1725730,174591,0,701,0
45.31927490234375,183126,1723260,1728088,1725730,174591,0,701,0
45.335938930511475,183126,1723260,1728088,1725730,174591,0,701,0
45.35272789001465,183126,1723260,1728088,1725730,174591,0,701,0
45.36945104598999,183126,1723260,1728088,1725730,174591,0,701,0
45.38625502586365,183126,1723260,1728088,1725730,174591,0,701,0
45.40278387069702,183126,1723260,1728088,1725730,174591,0,701,0
45.419326066970825,183126,1723260,1728088,1725730,174591,0,701,0
45.43599796295166,183126,1731452,1736280,1733922,174594,0,701,0
45.45272088050842,183126,1739644,1744472,1742114,174599,0,702,0
45.46951603889465,183126,1747836,1752664,1750306,174603,0,702,0
45.48641896247864,183126,1756028,1760856,1758498,174607,0,702,0
45.50320100784302,183126,1762172,1767000,1764642,174610,0,702,0
45.51988506317139,183126,1762172,1767000,1764642,174610,0,702,0
45.53644299507141,183126,1762172,1767000,1764642,174610,0,702,0
45.553240060806274,183126,1762172,1767000,1764642,174610,0,702,0
45.570252895355225,183126,1762172,1767000,1764642,174610,0,702,0
45.58702993392944,183126,1762172,1767000,1764642,174610,0,702,0
45.60378098487854,183126,1762172,1767000,1764642,174610,0,702,0
45.62054204940796,183126,1762172,1767000,1764642,174610,0,702,0
45.63715386390686,183126,1762172,1767000,1764642,174610,0,702,0
45.65387201309204,183126,1762172,1767000,1764642,174610,0,702,0
45.670650005340576,183126,1762172,1767000,1764642,174610,0,702,0
45.68742394447327,183126,1762172,1767000,1764642,174610,0,702,0
45.70411705970764,183126,1762172,1767000,1764642,174610,0,702,0
45.72078490257263,183126,1762172,1767000,1764642,174610,0,702,0
45.73756384849548,183126,1762172,1767000,1764642,174610,0,702,0
45.75436091423035,183126,1762172,1767000,1764642,174610,0,702,0
45.77098083496094,183126,1762172,1767000,1764642,174610,0,702,0
45.7882239818573,183126,1762172,1767000,1764642,174610,0,702,0
45.80497598648071,183126,1762172,1767000,1764642,174610,0,702,0
45.82172989845276,183126,1762172,1767000,1764642,174610,0,702,0
45.83853507041931,183126,1762172,1767000,1764642,174610,0,702,0
45.855278968811035,183126,1762172,1767000,1764642,174610,0,702,0
45.871978998184204,183126,1762172,1767000,1764642,174610,0,702,0
45.888855934143066,183126,1762172,1767000,1764642,174610,0,702,0
45.905601978302,183126,1762172,1767000,1764642,174610,0,702,0
45.92232799530029,183126,1762172,1767000,1764642,174610,0,702,0
45.93929386138916,183126,1762172,1767000,1764642,174610,0,702,0
45.95609402656555,183126,1762172,1767000,1764642,174610,0,702,0
45.97280406951904,183126,1762172,1767000,1764642,174610,0,702,0
45.9896080493927,183126,1762172,1767000,1764642,174610,0,702,0
46.00653290748596,183126,1762172,1767000,1764642,174610,0,702,0
46.023200035095215,183126,1762172,1767000,1764642,174610,0,702,0
46.039448976516724,183126,1762172,1767000,1764642,174610,0,702,0
46.05590605735779,183126,1762172,1767000,1764642,174610,0,702,0
46.072624921798706,183126,1762172,1767000,1764642,174610,0,702,0
46.0892379283905,183126,1762172,1767000,1764642,174610,0,702,0
46.10598301887512,183126,1762172,1767000,1764642,174610,0,702,0
46.123120069503784,183126,1762172,1767000,1764642,174610,0,702,0
46.14004993438721,183126,1762172,1767000,1764642,174610,0,702,0
46.1569390296936,183126,1762172,1767000,1764642,174610,0,702,0
46.17363095283508,183126,1762172,1767000,1764642,174610,0,702,0
46.19027304649353,183126,1762172,1767000,1764642,174610,0,702,0
46.2070369720459,183126,1762172,1767000,1764642,174610,0,702,0
46.2238609790802,183126,1762172,1767000,1764642,174610,0,702,0
46.2405788898468,183126,1762172,1767000,1764642,174610,0,702,0
46.25736689567566,183126,1762172,1767000,1764642,174610,0,702,0
46.27411699295044,183126,1762172,1767000,1764642,174610,0,702,0
46.2910258769989,183126,1762172,1767000,1764642,174610,0,702,0
46.30804991722107,183126,1762172,1767000,1764642,174610,0,702,0
46.32501292228699,183126,1762172,1767000,1764642,174610,0,702,0
46.34173393249512,183126,1762172,1767000,1764642,174610,0,702,0
46.35847187042236,183126,1762172,1767000,1764642,174610,0,702,0
46.375370025634766,183126,1762172,1767000,1764642,174610,0,702,0
46.39203095436096,183126,1762172,1767000,1764642,174610,0,702,0
46.409106969833374,183126,1762172,1767000,1764642,174610,0,702,0
46.425946950912476,183126,1762172,1767000,1764642,174610,0,702,0
46.44279885292053,183126,1762172,1767000,1764642,174610,0,702,0
46.4595890045166,183126,1762172,1767000,1764642,174610,0,702,0
46.47642207145691,183126,1762172,1767000,1764642,174610,0,702,0
46.49303698539734,183126,1762172,1767000,1764642,174610,0,702,0
46.509881019592285,183126,1762172,1767000,1764642,174610,0,702,0
46.52676796913147,183126,1762172,1767000,1764642,174610,0,702,0
46.54369807243347,183126,1762172,1767000,1764642,174610,0,702,0
46.56042504310608,183126,1762172,1767000,1764642,174610,0,702,0
46.57720994949341,183126,1762172,1767000,1764642,174610,0,702,0
46.59418296813965,183126,1762172,1767000,1764642,174610,0,702,0
46.61122989654541,183126,1762172,1767000,1764642,174610,0,702,0
46.62802696228027,183126,1762172,1767000,1764642,174610,0,702,0
46.644784927368164,183126,1762172,1767000,1764642,174610,0,702,0
46.661460876464844,183126,1762172,1767000,1764642,174610,0,702,0
46.67811584472656,183126,1762172,1767000,1764642,174610,0,702,0
46.694880962371826,183126,1762172,1767000,1764642,174610,0,702,0
46.71127486228943,183126,1762172,1767000,1764642,174610,0,702,0
46.728107929229736,183126,1762172,1767000,1764642,174610,0,702,0
46.74485993385315,183126,1762172,1767000,1764642,174610,0,702,0
46.761746883392334,183126,1659772,1664600,1662242,174610,0,700,0
46.7784628868103,183126,1665916,1670744,1668386,174612,0,700,0
46.79541087150574,183126,1674108,1678936,1676578,174616,0,700,0
46.81261992454529,183126,1682300,1687128,1684770,174620,0,700,0
46.82949686050415,183126,1690492,1695320,1692962,174624,0,700,0
46.84632086753845,183126,1698684,1703512,1701154,174628,0,700,0
46.86323690414429,183126,1706876,1711704,1709346,174632,0,701,0
46.879886865615845,183126,1715068,1719896,1717538,174636,0,701,0
46.89649987220764,183126,1723260,1728088,1725730,174640,0,701,0
46.9131019115448,183126,1731452,1736280,1733922,174644,0,701,0
46.9300320148468,183126,1739644,1744472,1742114,174648,0,702,0
46.94671893119812,183126,1747836,1752664,1750306,174652,0,702,0
46.96330690383911,183126,1756028,1760856,1758498,174656,0,702,0
46.979970932006836,183126,1764220,1769048,1766690,174660,0,702,0
46.99644589424133,183126,1772412,1777240,1774882,174664,0,702,0
47.012934923172,183126,1780604,1785432,1783074,174668,0,702,0
47.03021502494812,183126,1788796,1793624,1791266,174672,0,702,0
47.04692888259888,183126,1796988,1801816,1799458,174676,0,702,0
47.063570976257324,183126,1805180,1810008,1807650,174680,0,703,0
47.08020997047424,183126,1813372,1818200,1815842,174684,0,703,0
47.09681296348572,183126,1821564,1826392,1824034,174688,0,703,0
47.113412857055664,183126,1827708,1834584,1830178,174692,0,703,0
47.13028407096863,183126,1835900,1842776,1838370,174696,0,704,0
47.146831035614014,183126,1844092,1850968,1846562,174700,0,704,0
47.16355299949646,183126,1852284,1859160,1854754,174704,0,704,0
47.180049896240234,183126,1860476,1867352,1862946,174708,0,704,0
47.1967658996582,183126,1868668,1873496,1871138,174712,0,704,0
47.21330904960632,183126,1876860,1881688,1879330,174716,0,704,0
47.229820013046265,183126,1885052,1889880,1887522,174720,0,704,0
47.24631404876709,183126,1893244,1898072,1895714,174724,0,704,0
47.262810945510864,183126,1901436,1906264,1903906,174728,0,705,0
47.279393911361694,183126,1909628,1914456,1912098,174732,0,705,0
47.295892000198364,183126,1917820,1922648,1920290,174736,0,705,0
47.31241583824158,183126,1926012,1930840,1928482,174740,0,705,0
47.328964948654175,183126,1934204,1939032,1936674,174744,0,706,0
47.34555983543396,183126,1942396,1947224,1944866,174748,0,706,0
47.362091064453125,183126,1950588,1955416,1953058,174752,0,706,0
47.378844022750854,183126,1958780,1963608,1961250,174756,0,706,0
47.3956298828125,183126,1966972,1971800,1969442,174760,0,706,0
47.41255593299866,183126,1975164,1979992,1977634,174764,0,706,0
47.429259061813354,183126,1983356,1988184,1985826,174768,0,706,0
47.44644093513489,183126,1991548,1996376,1994018,174772,0,706,0
47.46344995498657,183126,1999740,2004568,2002210,174776,0,707,0
47.48031997680664,183126,2007932,2012760,2010402,174780,0,707,0
47.4972460269928,183126,2016124,2020952,2018594,174784,0,707,0
47.513826847076416,183126,2024316,2029144,2026786,174788,0,707,0
47.53067994117737,183126,2032508,2037336,2034978,174792,0,708,0
47.547576904296875,183126,2040700,2045528,2043170,174796,0,708,0
47.56446385383606,183126,2048892,2053720,2051362,174800,0,708,0
47.581472873687744,183126,2057084,2061912,2059554,174804,0,708,0
47.59805393218994,183126,2065276,2070104,2067746,174808,0,708,0
47.61475586891174,183126,2073468,2078296,2075938,174812,0,708,0
47.63152503967285,183126,2081660,2086488,2084130,174816,0,708,0
47.64829206466675,183126,2089852,2094680,2092322,174820,0,708,0
47.66489291191101,183126,2098044,2102872,2100514,174824,0,709,0
47.681735038757324,183126,2106236,2111064,2108706,174828,0,709,0
47.69838500022888,183126,2114428,2119256,2116898,174832,0,709,0
47.714832067489624,183126,2122620,2127448,2125090,174836,0,709,0
47.731579065322876,183126,2130812,2135640,2133282,174840,0,710,0
47.74796485900879,183126,2139004,2143832,2141474,174844,0,710,0
47.7646758556366,183126,2147196,2152024,2149666,174848,0,710,0
47.78124284744263,183126,2155388,2160216,2157858,174851,0,710,0
47.79794096946716,183126,2163580,2168408,2166050,174855,0,710,0
47.81464385986328,183126,2171772,2176600,2174242,174859,0,710,0
47.83138084411621,183126,2179964,2184792,2182434,174863,0,710,0
47.848307847976685,183126,2188156,2192984,2190626,174867,0,710,0
47.86542201042175,183126,2196348,2201176,2198818,174871,0,711,0
47.882062911987305,183126,2204540,2209368,2207010,174875,0,711,0
47.89865803718567,183126,2212732,2217560,2215202,174879,0,711,0
47.91526389122009,183126,2220924,2225752,2223394,174883,0,711,0
47.932108879089355,183126,2229116,2233944,2231586,174887,0,712,0
47.948736906051636,183126,2237308,2242136,2239778,174891,0,712,0
47.965306997299194,183126,2245500,2250328,2247970,174895,0,712,0
47.982069969177246,183126,2253692,2258520,2256162,174899,0,712,0
47.998565912246704,183126,2261884,2266712,2264354,174903,0,712,0
48.01506590843201,183126,2270076,2274904,2272546,174907,0,712,0
48.032026052474976,183126,2278268,2283096,2280738,174911,0,712,0
48.04888892173767,183126,2286460,2291288,2288930,174915,0,712,0
48.065528869628906,183126,2294652,2299480,2297122,174919,0,713,0
48.082279920578,183126,2302844,2307672,2305314,174923,0,713,0
48.09906601905823,183126,2311036,2315864,2313506,174927,0,713,0
48.11628985404968,183126,2319228,2324056,2321698,174931,0,713,0
48.133216857910156,183126,2327420,2332248,2329890,174935,0,714,0
48.14979696273804,183126,2335612,2340440,2338082,174939,0,714,0
48.166703939437866,183126,2343804,2348632,2346274,174943,0,714,0
48.18335294723511,183126,2351996,2356824,2354466,174947,0,714,0
48.20004487037659,183126,2360188,2365016,2362658,174951,0,714,0
48.21660304069519,183126,2368380,2373208,2370850,174955,0,714,0
48.23350405693054,183126,2376572,2381400,2379042,174959,0,714,0
48.25015187263489,183126,2384764,2389592,2387234,174963,0,714,0
48.26706600189209,183126,2392956,2397784,2395426,174967,0,715,0
48.283939838409424,183126,2401148,2405976,2403618,174971,0,715,0
48.30064392089844,183126,2409340,2414168,2411810,174975,0,715,0
48.317501068115234,183126,2417532,2422360,2420002,174979,0,715,0
48.33403491973877,183126,2425724,2430552,2428194,174983,0,716,0
48.350605964660645,183126,2433916,2438744,2436386,174987,0,716,0
48.3673939704895,183126,2442108,2446936,2444578,174991,0,716,0
48.38410806655884,183126,2450300,2455128,2452770,174995,0,716,0
48.400716066360474,183126,2458492,2463320,2460962,174999,0,716,0
48.41723394393921,183126,2466684,2471512,2469154,175003,0,716,0
48.4341139793396,183126,2474876,2479704,2477346,175007,0,716,0
48.450758934020996,183126,2483068,2487896,2485538,175011,0,716,0
48.46751093864441,183126,2491260,2496088,2493730,175015,0,717,0
48.48457384109497,183126,2497404,2504280,2499874,175019,0,717,0
48.50171184539795,183126,2505596,2510424,2508066,175022,0,717,0
48.51865887641907,183126,2513788,2518616,2516258,175026,0,717,0
48.535167932510376,183126,2521980,2526808,2524450,175030,0,718,0
48.55158996582031,183126,2530172,2535000,2532642,175034,0,718,0
48.568233013153076,183126,2538364,2543192,2540834,175038,0,718,0
48.58477187156677,183126,2546556,2551384,2549026,175042,0,718,0
48.60123801231384,183126,2554748,2559576,2557218,175046,0,718,0
48.61826801300049,183126,2562940,2567768,2565410,175050,0,718,0
48.63532304763794,183126,2571132,2575960,2573602,175054,0,718,0
48.652302980422974,183126,2579324,2584152,2581794,175058,0,718,0
48.66926598548889,183126,2587516,2592344,2589986,175062,0,719,0
48.686168909072876,183126,2595708,2600536,2598178,175066,0,719,0
48.70301604270935,183126,2603900,2608728,2606370,175070,0,719,0
48.71988105773926,183126,2612092,2616920,2614562,175074,0,719,0
48.736769914627075,183126,2620284,2625112,2622754,175078,0,720,0
48.75375485420227,183126,2628476,2633304,2630946,175082,0,720,0
48.77067995071411,183126,2636668,2641496,2639138,175086,0,720,0
48.78787684440613,183126,2644860,2649688,2647330,175090,0,720,0
48.804826974868774,183126,2651004,2657880,2653474,175094,0,720,0
48.82176995277405,183126,2659196,2666072,2661666,175098,0,720,0
48.838598012924194,183126,2667388,2674264,2669858,175102,0,720,0
48.855538845062256,183126,2675580,2682456,2678050,175106,0,720,0
48.87224793434143,183126,2683772,2690648,2686242,175110,0,721,0
48.88897204399109,183126,2691964,2698840,2694434,175114,0,721,0
48.90627098083496,183126,2700156,2704984,2702626,175118,0,721,0
48.92325687408447,183126,2700156,2704984,2702626,175118,0,721,0
48.94010090827942,183126,2700156,2704984,2702626,175118,0,721,0
48.95720386505127,183126,2700156,2704984,2702626,175118,0,721,0
48.97409105300903,183126,2700156,2704984,2702626,175118,0,721,0
48.99121403694153,183126,2700156,2704984,2702626,175118,0,721,0
49.00835394859314,183126,2700156,2704984,2702626,175118,0,721,0
49.02555799484253,183126,2700156,2704984,2702626,175118,0,721,0
49.04266595840454,183126,2700156,2704984,2702626,175118,0,721,0
49.058717012405396,183126,2700156,2704984,2702626,175118,0,721,0
49.074913024902344,183126,2700156,2704984,2702626,175118,0,721,0
49.09160900115967,183126,2700156,2704984,2702626,175118,0,721,0
49.10773301124573,183126,2700156,2704984,2702626,175118,0,721,0
49.123865842819214,183126,2700156,2704984,2702626,175118,0,721,0
49.13987898826599,183126,2700156,2704984,2702626,175118,0,721,0
49.15573787689209,183126,2700156,2704984,2702626,175118,0,721,0
49.1716148853302,183126,2700156,2704984,2702626,175118,0,721,0
49.1877179145813,183126,2700156,2704984,2702626,175118,0,721,0
49.20374298095703,183126,2700156,2704984,2702626,175118,0,721,0
49.219578981399536,183126,2700156,2704984,2702626,175118,0,721,0
49.235496044158936,183126,2700156,2704984,2702626,175118,0,721,0
49.25142002105713,183126,2700156,2704984,2702626,175118,0,721,0
49.26761484146118,183126,2700156,2704984,2702626,175118,0,721,0
49.28353190422058,183126,2700156,2704984,2702626,175118,0,721,0
49.29940891265869,183126,2700156,2704984,2702626,175118,0,721,0
49.315505027770996,183126,2333564,2338392,2336034,175118,0,714,0
49.331531047821045,183126,2333564,2338392,2336034,175118,0,714,0
49.3475239276886,183126,2333564,2338392,2336034,175118,0,714,0
49.36329889297485,183126,2333564,2338392,2336034,175118,0,714,0
49.37877798080444,183126,2333564,2338392,2336034,175118,0,714,0
49.394794940948486,183126,2333564,2338392,2336034,175118,0,714,0
49.41074204444885,183126,2333564,2338392,2336034,175118,0,714,0
49.4267418384552,183126,2333564,2338392,2336034,175118,0,714,0
49.442574977874756,183126,2333564,2338392,2336034,175118,0,714,0
49.458655834198,183126,2333564,2338392,2336034,175118,0,714,0
49.47467589378357,183126,2333564,2338392,2336034,175118,0,714,0
49.49052286148071,183126,2333564,2338392,2336034,175118,0,714,0
49.50667595863342,183126,2333564,2338392,2336034,175118,0,714,0
49.52266502380371,183126,2333564,2338392,2336034,175118,0,714,0
49.53852295875549,183126,2333564,2338392,2336034,175118,0,714,0
49.55453300476074,183126,2333564,2338392,2336034,175118,0,714,0
49.570883989334106,183126,2333564,2338392,2336034,175118,0,714,0
49.586742877960205,183126,2333564,2338392,2336034,175118,0,714,0
49.60260486602783,183126,2333564,2338392,2336034,175118,0,714,0
49.61864399909973,183126,2333564,2338392,2336034,175118,0,714,0
49.634605884552,183126,2333564,2338392,2336034,175118,0,714,0
49.650550842285156,183126,2333564,2338392,2336034,175118,0,714,0
49.666019916534424,183126,2333564,2338392,2336034,175118,0,714,0
49.681710958480835,183126,2333564,2338392,2336034,175118,0,714,0
49.697694063186646,183126,2333564,2338392,2336034,175118,0,714,0
49.71356797218323,183126,2333564,2338392,2336034,175118,0,714,0
49.72962784767151,183126,2333564,2338392,2336034,175118,0,714,0
49.7455780506134,183126,2333564,2338392,2336034,175118,0,714,0
49.76154899597168,183126,2333564,2338392,2336034,175118,0,714,0
49.77763104438782,183126,2333564,2338392,2336034,175118,0,714,0
49.793630838394165,183126,2333564,2338392,2336034,175118,0,714,0
49.809643030166626,183126,2333564,2338392,2336034,175118,0,714,0
49.825603008270264,183126,2333564,2338392,2336034,175118,0,714,0
49.84145498275757,183126,2333564,2338392,2336034,175118,0,714,0
49.85730695724487,183126,2333564,2338392,2336034,175118,0,714,0
49.87308406829834,183126,2333564,2338392,2336034,175118,0,714,0
49.8887939453125,183126,2333564,2338392,2336034,175118,0,714,0
49.904605865478516,183126,2333564,2338392,2336034,175118,0,714,0
49.92057991027832,183126,2333564,2338392,2336034,175118,0,714,0
49.936739921569824,183126,2333564,2338392,2336034,175118,0,714,0
49.952669858932495,183126,2333564,2338392,2336034,175118,0,714,0
49.96870493888855,183126,2333564,2338392,2336034,175118,0,714,0
49.984715938568115,183126,2333564,2338392,2336034,175118,0,714,0
50.000730991363525,183126,2333564,2338392,2336034,175118,0,714,0
50.01671385765076,183126,2333564,2338392,2336034,175118,0,714,0
50.03272604942322,183126,2333564,2338392,2336034,175118,0,714,0
50.049602031707764,183126,2333564,2338392,2336034,175118,0,714,0
50.06562685966492,183126,2333564,2338392,2336034,175118,0,714,0
50.08162498474121,183126,2333564,2338392,2336034,175118,0,714,0
50.09756398200989,183126,2333564,2338392,2336034,175118,0,714,0
50.113473892211914,183126,2333564,2338392,2336034,175118,0,714,0
50.12940192222595,183126,2333564,2338392,2336034,175118,0,714,0
50.14563202857971,183126,2333564,2338392,2336034,175118,0,714,0
50.16154885292053,183126,2333564,2338392,2336034,175118,0,714,0
50.177451848983765,183126,2333564,2338392,2336034,175118,0,714,0
50.19333505630493,183126,2333564,2338392,2336034,175118,0,714,0
50.209338903427124,183126,2333564,2338392,2336034,175118,0,714,0
50.22525691986084,183126,2333564,2338392,2336034,175118,0,714,0
50.24127507209778,183126,2333564,2338392,2336034,175118,0,714,0
50.25729489326477,183126,2333564,2338392,2336034,175118,0,714,0
50.273382902145386,183126,2333564,2338392,2336034,175118,0,714,0
50.289326906204224,183126,2333564,2338392,2336034,175118,0,714,0
50.305335998535156,183126,2333564,2338392,2336034,175118,0,714,0
50.321287870407104,183126,2333564,2338392,2336034,175118,0,714,0
50.33734583854675,183126,2333564,2338392,2336034,175118,0,714,0
50.35361194610596,183126,2333564,2338392,2336034,175118,0,714,0
50.369616985321045,183126,2333564,2338392,2336034,175118,0,714,0
50.38551306724548,183126,2333564,2338392,2336034,175118,0,714,0
50.4012508392334,183126,2333564,2338392,2336034,175118,0,714,0
50.41729402542114,183126,2333564,2338392,2336034,175118,0,714,0
50.43325996398926,183126,2333564,2338392,2336034,175118,0,714,0
50.44927906990051,183126,2333564,2338392,2336034,175118,0,714,0
50.46526002883911,183126,2333564,2338392,2336034,175118,0,714,0
50.48087286949158,183126,2333564,2338392,2336034,175118,0,714,0
50.4967520236969,183126,2333564,2338392,2336034,175118,0,714,0
50.51272702217102,183126,2333564,2338392,2336034,175118,0,714,0
50.528615951538086,183126,2333564,2338392,2336034,175118,0,714,0
50.5446560382843,183126,2333564,2338392,2336034,175118,0,714,0
50.56072998046875,183126,2333564,2338392,2336034,175118,0,714,0
50.57674503326416,183126,2333564,2338392,2336034,175118,0,714,0
50.59266495704651,183126,2333564,2338392,2336034,175118,0,714,0
50.60870885848999,183126,2333564,2338392,2336034,175118,0,714,0
50.62470483779907,183126,2333564,2338392,2336034,175118,0,714,0
50.640743017196655,183126,2333564,2338392,2336034,175118,0,714,0
50.65669393539429,183126,2333564,2338392,2336034,175118,0,714,0
50.672642946243286,183126,2333564,2338392,2336034,175118,0,714,0
50.688472032547,183126,2333564,2338392,2336034,175118,0,714,0
50.70451903343201,183126,2333564,2338392,2336034,175118,0,714,0
50.720463037490845,183126,2333564,2338392,2336034,175118,0,714,0
50.73640704154968,183126,2333564,2338392,2336034,175118,0,714,0
50.752326011657715,183126,2333564,2338392,2336034,175118,0,714,0
50.76830792427063,183126,2333564,2338392,2336034,175118,0,714,0
50.7840850353241,183126,2333564,2338392,2336034,175118,0,714,0
50.799696922302246,183126,2333564,2338392,2336034,175118,0,714,0
50.815696001052856,183126,2333564,2338392,2336034,175118,0,714,0
50.83159899711609,183126,2333564,2338392,2336034,175118,0,714,0
50.847529888153076,183126,2333564,2338392,2336034,175118,0,714,0
50.86356592178345,183126,2333564,2338392,2336034,175118,0,714,0
50.87960600852966,183126,2333564,2338392,2336034,175118,0,714,0
50.89549684524536,183126,2333564,2338392,2336034,175118,0,714,0
50.9114830493927,183126,2333564,2338392,2336034,175118,0,714,0
50.927382946014404,183126,2333564,2338392,2336034,175118,0,714,0
50.94333600997925,183126,2333564,2338392,2336034,175118,0,714,0
50.959250926971436,183126,2333564,2338392,2336034,175118,0,714,0
50.97528600692749,183126,2333564,2338392,2336034,175118,0,714,0
50.99132585525513,183126,2333564,2338392,2336034,175118,0,714,0
51.007264852523804,183126,2333564,2338392,2336034,175118,0,714,0
51.02592897415161,183126,2333564,2338392,2336034,175118,0,714,0
51.04176688194275,183126,2333564,2338392,2336034,175118,0,714,0
51.057798862457275,183126,2333564,2338392,2336034,175118,0,714,0
51.07396984100342,183126,2333564,2338392,2336034,175118,0,714,0
51.090306997299194,183126,2333564,2338392,2336034,175118,0,714,0
51.10642600059509,183126,2333564,2338392,2336034,175118,0,714,0
51.12275290489197,183126,2333564,2338392,2336034,175118,0,714,0
51.139312982559204,183126,2333564,2338392,2336034,175118,0,714,0
51.15554189682007,183126,2333564,2338392,2336034,175118,0,714,0
51.171709060668945,183126,2333564,2338392,2336034,175118,0,714,0
51.18825888633728,183126,2333564,2338392,2336034,175118,0,714,0
51.20449495315552,183126,2333564,2338392,2336034,175118,0,714,0
51.220531940460205,183126,2333564,2338392,2336034,175118,0,714,0
51.23662304878235,183126,2333564,2338392,2336034,175118,0,714,0
51.252585887908936,183126,2333564,2338392,2336034,175118,0,714,0
51.268425941467285,183126,2333564,2338392,2336034,175118,0,714,0
51.28411293029785,183126,2333564,2338392,2336034,175118,0,714,0
51.29985189437866,183126,2333564,2338392,2336034,175118,0,714,0
51.31555891036987,183126,2333564,2338392,2336034,175118,0,714,0
51.331382036209106,183126,2333564,2338392,2336034,175118,0,714,0
51.346911907196045,183126,2333564,2338392,2336034,175118,0,714,0
51.36245894432068,183126,2136956,2051672,2139426,175118,0,708,0
51.37805795669556,183126,1915772,1920600,1918242,175118,0,705,0
51.393664836883545,183126,1915772,1920600,1918242,175118,0,705,0
51.40902900695801,183126,1915772,1920600,1918242,175118,0,705,0
51.4242730140686,183126,1915772,1920600,1918242,175118,0,705,0
51.43957591056824,183126,1915772,1920600,1918242,175118,0,705,0
51.454866886138916,183126,1915772,1920600,1918242,175118,0,705,0
51.470030069351196,183126,1915772,1920600,1918242,175118,0,705,0
51.48550200462341,183126,1915772,1920600,1918242,175118,0,705,0
51.50103187561035,183126,1915772,1920600,1918242,175118,0,705,0
51.516669034957886,183126,1915772,1920600,1918242,175118,0,705,0
51.53238105773926,183126,1915772,1920600,1918242,175118,0,705,0
51.548367977142334,183126,1915772,1920600,1918242,175118,0,705,0
51.5641348361969,183126,1915772,1920600,1918242,175118,0,705,0
51.57998085021973,183126,1915772,1920600,1918242,175118,0,705,0
51.59565091133118,183126,1915772,1920600,1918242,175118,0,705,0
51.61162805557251,183126,1915772,1920600,1918242,175118,0,705,0
51.627580881118774,183126,1915772,1920600,1918242,175118,0,705,0
51.64339590072632,183126,1915772,1920600,1918242,175118,0,705,0
51.659747838974,183126,1915772,1920600,1918242,175118,0,705,0
51.67554306983948,183126,1915772,1920600,1918242,175118,0,705,0
51.691805839538574,183126,1915820,1920600,1918290,175130,0,705,0
51.70804405212402,183126,1915820,1920600,1918290,175130,0,705,0
51.72403407096863,183126,1915820,1920600,1918290,175130,0,705,0
51.73999094963074,183126,1915820,1920600,1918290,175130,0,705,0
51.75602388381958,183126,1915868,1920600,1918338,175142,0,705,0
51.77198791503906,183126,1915868,1920600,1918338,175142,0,705,0
51.78820085525513,183126,1915868,1920600,1918338,175142,0,705,0
51.80480194091797,183126,1915868,1920600,1918338,175142,0,705,0
51.82057189941406,183126,1915868,1920600,1918338,175142,0,705,0
51.83637189865112,183126,1915868,1920600,1918338,175142,0,705,0
51.85183095932007,183126,1915868,1920600,1918338,175142,0,705,0
51.867533922195435,183126,1915868,1920600,1918338,175142,0,705,0
51.88294196128845,183126,1915868,1920600,1918338,175142,0,705,0
51.89866495132446,183126,1915868,1920600,1918338,175142,0,705,0
51.91427302360535,183126,1915868,1920600,1918338,175142,0,705,0
51.929713010787964,183126,1915868,1920600,1918338,175142,0,705,0
51.945261001586914,183126,1915868,1920600,1918338,175142,0,705,0
51.960736989974976,183126,1915868,1920600,1918338,175142,0,705,0
51.97625494003296,183126,1915868,1920600,1918338,175142,0,705,0
51.99188995361328,183126,1915868,1920600,1918338,175142,0,705,0
52.00781798362732,183126,1915868,1920600,1918338,175142,0,705,0
52.02360796928406,183126,1915868,1920600,1918338,175142,0,705,0
52.03944706916809,183126,1915868,1920600,1918338,175142,0,705,0
52.054911851882935,183126,1915868,1920600,1918338,175142,0,705,0
52.070677042007446,183126,1915868,1920600,1918338,175142,0,705,0
52.08636403083801,183126,1915868,1920600,1918338,175142,0,705,0
52.10175395011902,183126,1915868,1920600,1918338,175142,0,705,0
52.11745095252991,183126,1915868,1920600,1918338,175142,0,705,0
52.13323783874512,183126,1915868,1920600,1918338,175142,0,705,0
52.149040937423706,183126,1915868,1920600,1918338,175142,0,705,0
52.16498589515686,183126,1915868,1920600,1918338,175142,0,705,0
52.180752992630005,183126,1915868,1920600,1918338,175142,0,705,0
52.19636297225952,183126,0,0,0,175298,0,0,0
52.21067404747009,183126,0,0,0,175298,0,0,0
52.22551083564758,183126,0,0,0,175298,0,0,0
