elapsed_s,pid,uss,rss,pss,min_flt,maj_flt,oom,oomadj
1.3264491558074951,204726,456,592,564,272,0,666,0
1.3478641510009766,204726,2496,2692,2624,397,0,666,0
1.368406057357788,204726,3616,3860,3744,446,0,666,0
1.3916690349578857,204726,6472,7092,6816,653,0,666,0
1.4327621459960938,204726,11456,12240,11872,1001,0,666,0
1.4484221935272217,204726,13796,15744,14784,1266,0,666,0
1.4632270336151123,204726,14840,17456,16212,1472,0,666,0
1.477924108505249,204726,15868,18504,17236,1533,0,666,0
1.4928100109100342,204726,17216,19872,18580,1749,0,666,0
1.5078380107879639,204726,43080,49592,45556,3657,0,667,0
1.5226690769195557,204726,53532,58400,56008,5189,0,667,0
1.5383901596069336,204726,60728,65552,63204,7037,0,668,0
1.5534601211547852,204726,69224,74072,71700,7663,0,668,0
1.5697331428527832,204726,71984,76724,74460,7842,0,668,0
1.584907054901123,204726,74032,78804,76508,7844,0,668,0
1.5997281074523926,204726,74156,78804,76632,7875,0,668,0
1.6147301197052002,204726,74488,79188,76964,7957,0,668,0
1.630061149597168,204726,74772,79444,77248,8029,0,668,0
1.6452651023864746,204726,66220,70992,68696,8029,0,668,0
1.66031813621521,204726,66220,70992,68696,8029,0,668,0
1.6754350662231445,204726,66220,70992,68696,8029,0,668,0
1.6906721591949463,204726,66220,70992,68696,8029,0,668,0
1.7056970596313477,204726,66220,70992,68696,8029,0,668,0
1.7207481861114502,204726,66524,71248,69000,8105,0,668,0
1.7358980178833008,204726,66792,71504,69268,8172,0,668,0
1.7511770725250244,204726,66792,71504,69268,8172,0,668,0
1.766404151916504,204726,66792,71504,69268,8172,0,668,0
1.7816710472106934,204726,66792,71504,69268,8172,0,668,0
1.7967860698699951,204726,66792,71504,69268,8172,0,668,0
1.8118641376495361,204726,66792,71504,69268,8172,0,668,0
1.826963186264038,204726,66792,71504,69268,8172,0,668,0
1.8422541618347168,204726,66792,71504,69268,8172,0,668,0
1.8573760986328125,204726,66792,71504,69268,8172,0,668,0
1.872514009475708,204726,66792,71504,69268,8172,0,668,0
1.8877050876617432,204726,66792,71504,69268,8172,0,668,0
1.9034221172332764,204726,66792,71504,69268,8172,0,668,0
1.9186789989471436,204726,66792,71504,69268,8172,0,668,0
1.933912992477417,204726,66792,71504,69268,8172,0,668,0
1.9493319988250732,204726,66792,71504,69268,8172,0,668,0
1.964440107345581,204726,66792,71504,69268,8172,0,668,0
1.9796910285949707,204726,66792,71504,69268,8172,0,668,0
1.9949421882629395,204726,66792,71504,69268,8172,0,668,0
2.01021409034729,204726,66792,71504,69268,8172,0,668,0
2.0254101753234863,204726,66792,71504,69268,8172,0,668,0
2.040764093399048,204726,66792,71504,69268,8172,0,668,0
2.0558841228485107,204726,66792,71504,69268,8172,0,668,0
2.0711820125579834,204726,66792,71504,69268,8172,0,668,0
2.0863800048828125,204726,66792,71504,69268,8172,0,668,0
2.101572036743164,204726,66792,71504,69268,8172,0,668,0
2.116617202758789,204726,66792,71504,69268,8172,0,668,0
2.1315581798553467,204726,66792,71504,69268,8172,0,668,0
2.1464061737060547,204726,66792,71504,69268,8172,0,668,0
2.16123104095459,204726,68840,73612,71316,8173,0,668,0
2.1759650707244873,204726,68840,73612,71316,8173,0,668,0
2.191115140914917,204726,68840,73612,71316,8173,0,668,0
2.206073045730591,204726,68840,73612,71316,8173,0,668,0
2.2210161685943604,204726,68840,73612,71316,8173,0,668,0
2.235971212387085,204726,68840,73612,71316,8173,0,668,0
2.2508962154388428,204726,68840,73612,71316,8173,0,668,0
2.2657291889190674,204726,68840,73612,71316,8173,0,668,0
2.280565023422241,204726,76608,81376,79084,8582,0,668,0
2.2959210872650146,204726,76608,81376,79084,8582,0,668,0
2.311101198196411,204726,74908,79672,77384,8584,0,668,0
2.3265790939331055,204726,76956,81728,79432,8585,0,668,0
2.341625213623047,204726,79004,83776,81480,8586,0,668,0
2.356863021850586,204726,79004,83776,81480,8586,0,668,0
2.371772050857544,204726,79004,83776,81480,8586,0,668,0
2.386465072631836,204726,81052,85824,83528,8587,0,668,0
2.401611089706421,204726,81052,85824,83528,8587,0,668,0
2.4163901805877686,204726,81052,85824,83528,8587,0,668,0
2.4312829971313477,204726,81052,85824,83528,8587,0,668,0
2.446118116378784,204726,81052,85824,83528,8587,0,668,0
2.4609100818634033,204726,81052,85824,83528,8587,0,668,0
2.475752115249634,204726,81052,85824,83528,8587,0,668,0
2.490687131881714,204726,81052,85824,83528,8587,0,668,0
2.505770206451416,204726,81052,85824,83528,8587,0,668,0
2.5206360816955566,204726,81052,85824,83528,8587,0,668,0
2.5359110832214355,204726,81052,85824,83528,8587,0,668,0
2.550809144973755,204726,81052,85824,83528,8587,0,668,0
2.565678119659424,204726,81052,85824,83528,8587,0,668,0
2.580395221710205,204726,81052,85824,83528,8587,0,668,0
2.595241069793701,204726,83100,87872,85576,8588,0,668,0
2.6104860305786133,204726,83100,87872,85576,8588,0,668,0
2.6253440380096436,204726,83100,87872,85576,8588,0,668,0
2.6402430534362793,204726,83100,87872,85576,8588,0,668,0
2.6551640033721924,204726,83100,87872,85576,8588,0,668,0
2.670058012008667,204726,83100,87872,85576,8588,0,668,0
2.684967041015625,204726,83100,87872,85576,8588,0,668,0
2.6998422145843506,204726,83100,87872,85576,8588,0,668,0
2.7146661281585693,204726,85148,89920,87624,8589,0,668,0
2.7294530868530273,204726,85148,89920,87624,8589,0,668,0
2.744328022003174,204726,85148,89920,87624,8589,0,668,0
2.7592592239379883,204726,85148,89920,87624,8589,0,668,0
2.7741940021514893,204726,85148,89920,87624,8589,0,668,0
2.7892510890960693,204726,85148,89920,87624,8589,0,668,0
2.804201126098633,204726,85148,89920,87624,8589,0,668,0
2.8193140029907227,204726,85148,89920,87624,8589,0,668,0
2.834132194519043,204726,85148,89920,87624,8589,0,668,0
2.8488950729370117,204726,85148,89920,87624,8589,0,668,0
2.864013195037842,204726,85148,89920,87624,8589,0,668,0
2.879276990890503,204726,85148,89920,87624,8589,0,668,0
2.8942670822143555,204726,85148,89920,87624,8589,0,668,0
2.909250020980835,204726,85148,89920,87624,8589,0,668,0
2.9242241382598877,204726,85148,89920,87624,8589,0,668,0
2.9392812252044678,204726,85148,89920,87624,8589,0,668,0
2.954294204711914,204726,85148,89920,87624,8589,0,668,0
2.9692251682281494,204726,85148,89920,87624,8589,0,668,0
2.9841151237487793,204726,85148,89920,87624,8589,0,668,0
2.9989640712738037,204726,85148,89920,87624,8589,0,668,0
3.0139851570129395,204726,85148,89920,87624,8589,0,668,0
3.028995990753174,204726,87196,91968,89672,8590,0,668,0
3.0441441535949707,204726,87196,91968,89672,8590,0,668,0
3.0590062141418457,204726,87196,91968,89672,8590,0,668,0
3.074003219604492,204726,87196,91968,89672,8590,0,668,0
3.088992118835449,204726,87196,91968,89672,8590,0,668,0
3.1039350032806396,204726,87196,91968,89672,8590,0,668,0
3.118894100189209,204726,87196,91968,89672,8590,0,668,0
3.1337552070617676,204726,87196,91968,89672,8590,0,668,0
3.148963212966919,204726,89244,94016,91720,8591,0,668,0
3.163961172103882,204726,89244,94016,91720,8591,0,668,0
3.1789212226867676,204726,89244,94016,91720,8591,0,668,0
3.1937670707702637,204726,89244,94016,91720,8591,0,668,0
3.208621025085449,204726,89244,94016,91720,8591,0,668,0
3.2235770225524902,204726,89244,94016,91720,8591,0,668,0
3.238363027572632,204726,89244,94016,91720,8591,0,668,0
3.2531630992889404,204726,89244,94016,91720,8591,0,668,0
3.2679970264434814,204726,89244,94016,91720,8591,0,668,0
3.2828001976013184,204726,89244,94016,91720,8591,0,668,0
3.2975900173187256,204726,89244,94016,91720,8591,0,668,0
3.3123881816864014,204726,89244,94016,91720,8591,0,668,0
3.327430009841919,204726,89244,94016,91720,8591,0,668,0
3.3423311710357666,204726,89244,94016,91720,8591,0,668,0
3.357248067855835,204726,89244,94016,91720,8591,0,668,0
3.372145175933838,204726,89244,94016,91720,8591,0,668,0
3.386920213699341,204726,89244,94016,91720,8591,0,668,0
3.4016430377960205,204726,89244,94016,91720,8591,0,668,0
3.4165821075439453,204726,89244,94016,91720,8591,0,668,0
3.431680202484131,204726,91292,96064,93768,8592,0,668,0
3.4464921951293945,204726,91292,96064,93768,8592,0,668,0
3.4613311290740967,204726,91292,96064,93768,8592,0,668,0
3.476155996322632,204726,91292,96064,93768,8592,0,668,0
3.490981101989746,204726,91292,96064,93768,8592,0,668,0
3.5058341026306152,204726,91292,96064,93768,8592,0,668,0
3.520724058151245,204726,91292,96064,93768,8592,0,668,0
3.535572052001953,204726,91292,96064,93768,8592,0,668,0
3.550370216369629,204726,93340,98112,95816,8593,0,668,0
3.5654702186584473,204726,93340,98112,95816,8593,0,668,0
3.5803470611572266,204726,93340,98112,95816,8593,0,668,0
3.5951731204986572,204726,93340,98112,95816,8593,0,668,0
3.610342025756836,204726,93340,98112,95816,8593,0,668,0
3.6252851486206055,204726,93340,98112,95816,8593,0,668,0
3.640090227127075,204726,93340,98112,95816,8593,0,668,0
3.6549460887908936,204726,93340,98112,95816,8593,0,668,0
3.669734001159668,204726,93340,98112,95816,8593,0,668,0
3.684497117996216,204726,93340,98112,95816,8593,0,668,0
3.69932222366333,204726,93340,98112,95816,8593,0,668,0
3.714189052581787,204726,93340,98112,95816,8593,0,668,0
3.7289130687713623,204726,93340,98112,95816,8593,0,668,0
3.7436811923980713,204726,93340,98112,95816,8593,0,668,0
3.7585561275482178,204726,93340,98112,95816,8593,0,668,0
3.773404121398926,204726,93340,98112,95816,8593,0,668,0
3.7883691787719727,204726,93340,98112,95816,8593,0,668,0
3.803187131881714,204726,93340,98112,95816,8593,0,668,0
3.8181121349334717,204726,93340,98112,95816,8593,0,668,0
3.8330140113830566,204726,93340,98112,95816,8593,0,668,0
3.8503201007843018,204726,95388,100160,97864,8594,0,668,0
3.865267038345337,204726,95388,100160,97864,8594,0,668,0
3.880171060562134,204726,95388,100160,97864,8594,0,668,0
3.894975185394287,204726,95388,100160,97864,8594,0,668,0
3.909811019897461,204726,95388,100160,97864,8594,0,668,0
3.9246912002563477,204726,95388,100160,97864,8594,0,668,0
3.9395251274108887,204726,95388,100160,97864,8594,0,668,0
3.954318046569824,204726,95388,100160,97864,8594,0,668,0
3.96894907951355,204726,95388,100160,97864,8594,0,668,0
3.9842522144317627,204726,95388,100160,97864,8594,0,668,0
3.9992880821228027,204726,95388,100160,97864,8594,0,668,0
4.014239072799683,204726,95388,100160,97864,8594,0,668,0
4.02919602394104,204726,95388,100160,97864,8594,0,668,0
4.044144153594971,204726,95388,100160,97864,8594,0,668,0
4.058941125869751,204726,95388,100160,97864,8594,0,668,0
4.0736939907073975,204726,95388,100160,97864,8594,0,668,0
4.088572025299072,204726,95388,100160,97864,8594,0,668,0
4.103313207626343,204726,95388,100160,97864,8594,0,668,0
4.118112087249756,204726,95388,100160,97864,8594,0,668,0
4.132980108261108,204726,95388,100160,97864,8594,0,668,0
4.147812128067017,204726,95388,100160,97864,8594,0,668,0
4.162653207778931,204726,95388,100160,97864,8594,0,668,0
4.177353143692017,204726,95388,100160,97864,8594,0,668,0
4.192378044128418,204726,95388,100160,97864,8594,0,668,0
4.207243204116821,204726,95388,100160,97864,8594,0,668,0
4.222130060195923,204726,95388,100160,97864,8594,0,668,0
4.236910104751587,204726,95388,100160,97864,8594,0,668,0
4.251813173294067,204726,95388,100160,97864,8594,0,668,0
4.266642093658447,204726,97436,102208,99912,8595,0,668,0
4.281430006027222,204726,97436,102208,99912,8595,0,668,0
4.2963621616363525,204726,97436,102208,99912,8595,0,668,0
4.311220169067383,204726,97436,102208,99912,8595,0,668,0
4.325992107391357,204726,97436,102208,99912,8595,0,668,0
4.340869188308716,204726,97436,102208,99912,8595,0,668,0
4.355699062347412,204726,97436,102208,99912,8595,0,668,0
4.370544195175171,204726,97436,102208,99912,8595,0,668,0
4.385534048080444,204726,97436,102208,99912,8595,0,668,0
4.400684118270874,204726,99484,104256,101960,8596,0,668,0
4.41574501991272,204726,99484,104256,101960,8596,0,668,0
4.430613994598389,204726,99484,104256,101960,8596,0,668,0
4.445562124252319,204726,99484,104256,101960,8596,0,668,0
4.460405111312866,204726,99484,104256,101960,8596,0,668,0
4.475328207015991,204726,99484,104256,101960,8596,0,668,0
4.4902729988098145,204726,99484,104256,101960,8596,0,668,0
4.505152225494385,204726,99484,104256,101960,8596,0,668,0
4.519890069961548,204726,99484,104256,101960,8596,0,668,0
4.534706115722656,204726,99484,104256,101960,8596,0,668,0
4.5496861934661865,204726,99484,104256,101960,8596,0,668,0
4.564330101013184,204726,99484,104256,101960,8596,0,668,0
4.579170227050781,204726,99484,104256,101960,8596,0,668,0
4.5939741134643555,204726,99484,104256,101960,8596,0,668,0
4.609269142150879,204726,99484,104256,101960,8596,0,668,0
4.624251127243042,204726,99484,104256,101960,8596,0,668,0
4.639228105545044,204726,99484,104256,101960,8596,0,668,0
4.6541430950164795,204726,99484,104256,101960,8596,0,668,0
4.669105052947998,204726,99484,104256,101960,8596,0,668,0
4.68398904800415,204726,99484,104256,101960,8596,0,668,0
4.698747158050537,204726,101532,106304,104008,8597,0,668,0
4.713623046875,204726,101532,106304,104008,8597,0,668,0
4.728531122207642,204726,101532,106304,104008,8597,0,668,0
4.7433249950408936,204726,101532,106304,104008,8597,0,668,0
4.758225202560425,204726,101532,106304,104008,8597,0,668,0
4.773230075836182,204726,101532,106304,104008,8597,0,668,0
4.78804612159729,204726,101532,106304,104008,8597,0,668,0
4.80286717414856,204726,101532,106304,104008,8597,0,668,0
4.820211172103882,204726,103580,108352,106056,8598,0,668,0
4.835170030593872,204726,103580,108352,106056,8598,0,668,0
4.849960088729858,204726,103580,108352,106056,8598,0,668,0
4.865008115768433,204726,103580,108352,106056,8598,0,668,0
4.879839181900024,204726,103580,108352,106056,8598,0,668,0
4.894702196121216,204726,103580,108352,106056,8598,0,668,0
4.909388065338135,204726,107676,112448,110152,8600,0,668,0
4.924365043640137,204726,107676,112448,110152,8600,0,668,0
4.939165115356445,204726,107676,112448,110152,8600,0,668,0
4.954148054122925,204726,107676,112448,110152,8600,0,668,0
4.968997001647949,204726,107676,112448,110152,8600,0,668,0
4.983902215957642,204726,107676,112448,110152,8600,0,668,0
4.99871301651001,204726,107676,112448,110152,8600,0,668,0
5.013588190078735,204726,107676,112448,110152,8600,0,668,0
5.028443098068237,204726,107676,112448,110152,8600,0,668,0
5.043251037597656,204726,107676,112448,110152,8600,0,668,0
5.058180093765259,204726,107676,112448,110152,8600,0,668,0
5.072983026504517,204726,107676,112448,110152,8600,0,668,0
5.087750196456909,204726,107676,112448,110152,8600,0,668,0
5.1025731563568115,204726,107676,112448,110152,8600,0,668,0
5.117559194564819,204726,107676,112448,110152,8600,0,668,0
5.132374048233032,204726,107676,112448,110152,8600,0,668,0
5.14715313911438,204726,107676,112448,110152,8600,0,668,0
5.161957025527954,204726,107676,112448,110152,8600,0,668,0
5.1769490242004395,204726,107676,112448,110152,8600,0,668,0
5.1920740604400635,204726,107676,112448,110152,8600,0,668,0
5.206840991973877,204726,107676,112448,110152,8600,0,668,0
5.221675157546997,204726,109724,114496,112200,8601,0,668,0
5.237054109573364,204726,109724,114496,112200,8601,0,668,0
5.252087116241455,204726,109724,114496,112200,8601,0,668,0
5.26698112487793,204726,109724,114496,112200,8601,0,668,0
5.281995058059692,204726,109724,114496,112200,8601,0,668,0
5.296988010406494,204726,111772,116544,114248,8602,0,668,0
5.31212306022644,204726,111772,116544,114248,8602,0,668,0
5.326993227005005,204726,111772,116544,114248,8602,0,668,0
5.341944217681885,204726,111772,116544,114248,8602,0,668,0
5.357182025909424,204726,111772,116544,114248,8602,0,668,0
5.372255086898804,204726,111772,116544,114248,8602,0,668,0
5.3871800899505615,204726,111772,116544,114248,8602,0,668,0
5.402208089828491,204726,111772,116544,114248,8602,0,668,0
5.417068004608154,204726,111772,116544,114248,8602,0,668,0
5.4319281578063965,204726,111772,116544,114248,8602,0,668,0
5.447189092636108,204726,111772,116544,114248,8602,0,668,0
5.4621851444244385,204726,111772,116544,114248,8602,0,668,0
5.477144002914429,204726,111772,116544,114248,8602,0,668,0
5.492002010345459,204726,111772,116544,114248,8602,0,668,0
5.506901025772095,204726,111772,116544,114248,8602,0,668,0
5.521836042404175,204726,111772,116544,114248,8602,0,668,0
5.536781072616577,204726,111772,116544,114248,8602,0,668,0
5.5516321659088135,204726,111772,116544,114248,8602,0,668,0
5.566418170928955,204726,111772,116544,114248,8602,0,668,0
5.5814430713653564,204726,111772,116544,114248,8602,0,668,0
5.596326112747192,204726,111772,116544,114248,8602,0,668,0
5.611213207244873,204726,111772,116544,114248,8602,0,668,0
5.6261889934539795,204726,113820,118592,116296,8602,0,668,0
5.641053199768066,204726,113820,118592,116296,8603,0,668,0
5.656170129776001,204726,113820,118592,116296,8603,0,668,0
5.670932054519653,204726,113820,118592,116296,8603,0,668,0
5.685817003250122,204726,113820,118592,116296,8603,0,668,0
5.700587034225464,204726,115868,120640,118344,8604,0,668,0
5.7153801918029785,204726,115868,120640,118344,8604,0,668,0
5.730301141738892,204726,115868,120640,118344,8604,0,668,0
5.745208024978638,204726,115868,120640,118344,8604,0,668,0
5.760134220123291,204726,115868,120640,118344,8604,0,668,0
5.775114059448242,204726,115868,120640,118344,8604,0,668,0
5.7903971672058105,204726,115868,120640,118344,8604,0,668,0
5.805317163467407,204726,115868,120640,118344,8604,0,668,0
5.820179224014282,204726,115868,120640,118344,8604,0,668,0
5.835159063339233,204726,115868,120640,118344,8604,0,668,0
5.850370168685913,204726,115868,120640,118344,8604,0,668,0
5.865267038345337,204726,115868,120640,118344,8604,0,668,0
5.880120038986206,204726,115868,120640,118344,8604,0,668,0
5.895051002502441,204726,115868,120640,118344,8604,0,668,0
5.909924030303955,204726,115868,120640,118344,8604,0,668,0
5.924814224243164,204726,115868,120640,118344,8604,0,668,0
5.939617156982422,204726,115868,120640,118344,8604,0,668,0
5.954614162445068,204726,115868,120640,118344,8604,0,668,0
5.969376087188721,204726,115868,120640,118344,8604,0,668,0
5.98431921005249,204726,115868,120640,118344,8604,0,668,0
5.999182224273682,204726,115868,120640,118344,8604,0,668,0
6.014142036437988,204726,115868,120640,118344,8604,0,668,0
6.028971195220947,204726,115868,120640,118344,8604,0,668,0
6.04386305809021,204726,117916,122688,120392,8605,0,668,0
6.058884143829346,204726,117916,122688,120392,8605,0,668,0
6.07382607460022,204726,117916,122688,120392,8605,0,668,0
6.088749170303345,204726,117916,122688,120392,8605,0,668,0
6.103597164154053,204726,117916,122688,120392,8605,0,668,0
6.118454217910767,204726,119964,124736,122440,8606,0,668,0
6.133374214172363,204726,119964,124736,122440,8606,0,668,0
6.1483070850372314,204726,119964,124736,122440,8606,0,668,0
6.163305997848511,204726,119964,124736,122440,8606,0,668,0
6.178215026855469,204726,119964,124736,122440,8606,0,668,0
6.193273067474365,204726,119964,124736,122440,8606,0,668,0
6.208188056945801,204726,119964,124736,122440,8606,0,668,0
6.223167181015015,204726,119964,124736,122440,8606,0,668,0
6.237947225570679,204726,119964,124736,122440,8606,0,668,0
6.252748012542725,204726,119964,124736,122440,8606,0,668,0
6.267674207687378,204726,119964,124736,122440,8606,0,668,0
6.282565116882324,204726,119964,124736,122440,8606,0,668,0
6.2972471714019775,204726,119964,124736,122440,8606,0,668,0
6.311884164810181,204726,119964,124736,122440,8606,0,668,0
6.326758146286011,204726,119964,124736,122440,8606,0,668,0
6.341569185256958,204726,119964,124736,122440,8606,0,668,0
6.356248140335083,204726,119964,124736,122440,8606,0,668,0
6.371146202087402,204726,119964,124736,122440,8606,0,668,0
6.38580322265625,204726,119964,124736,122440,8606,0,668,0
6.400514125823975,204726,119964,124736,122440,8606,0,668,0
6.415173053741455,204726,119964,124736,122440,8606,0,668,0
6.429992198944092,204726,119964,124736,122440,8606,0,668,0
6.444928169250488,204726,119964,124736,122440,8606,0,668,0
6.459820032119751,204726,119964,124736,122440,8606,0,668,0
6.4747490882873535,204726,122012,126784,124488,8607,0,668,0
6.489917993545532,204726,122012,126784,124488,8607,0,668,0
6.505159139633179,204726,122012,126784,124488,8607,0,668,0
6.5231101512908936,204726,122012,126784,124488,8607,0,668,0
6.551301002502441,204726,122012,126784,124488,8607,0,668,0
6.577491044998169,204726,124060,128832,126536,8608,0,668,0
6.604357004165649,204726,124060,128832,126536,8608,0,668,0
6.637928009033203,204726,124060,128832,126536,8608,0,668,0
6.6687140464782715,204726,124060,128832,126536,8608,0,668,0
6.686986207962036,204726,124060,128832,126536,8608,0,668,0
6.702832221984863,204726,124060,128832,126536,8608,0,668,0
6.718540191650391,204726,124060,128832,126536,8608,0,668,0
6.734081029891968,204726,124060,128832,126536,8608,0,668,0
6.749587059020996,204726,124060,128832,126536,8608,0,668,0
6.765871047973633,204726,124060,128832,126536,8608,0,668,0
6.781609058380127,204726,124060,128832,126536,8608,0,668,0
6.796948194503784,204726,124060,128832,126536,8608,0,668,0
6.8125810623168945,204726,124060,128832,126536,8608,0,668,0
6.828169107437134,204726,124060,128832,126536,8608,0,668,0
6.844523191452026,204726,124060,128832,126536,8608,0,668,0
6.860595226287842,204726,124060,128832,126536,8608,0,668,0
6.876104116439819,204726,124060,128832,126536,8608,0,668,0
6.891512155532837,204726,124060,128832,126536,8608,0,668,0
6.907257080078125,204726,124060,128832,126536,8608,0,668,0
6.922731161117554,204726,124060,128832,126536,8608,0,668,0
6.938759088516235,204726,124060,128832,126536,8608,0,668,0
6.954690217971802,204726,124060,128832,126536,8608,0,668,0
6.9705650806427,204726,124060,128832,126536,8608,0,668,0
6.985941171646118,204726,126108,130880,128584,8609,0,669,0
7.001791000366211,204726,126108,130880,128584,8609,0,669,0
7.0178821086883545,204726,126108,130880,128584,8609,0,669,0
7.033630132675171,204726,126108,130880,128584,8609,0,669,0
7.049461126327515,204726,126108,130880,128584,8609,0,669,0
7.065396070480347,204726,126108,130880,128584,8609,0,669,0
7.0815269947052,204726,126108,130880,128584,8609,0,669,0
7.0976340770721436,204726,126108,130880,128584,8609,0,669,0
7.11342716217041,204726,126108,130880,128584,8609,0,669,0
7.129225015640259,204726,126108,130880,128584,8609,0,669,0
7.145527124404907,204726,126108,130880,128584,8609,0,669,0
7.161379098892212,204726,126108,130880,128584,8609,0,669,0
7.177081108093262,204726,126108,130880,128584,8609,0,669,0
7.192633152008057,204726,126108,130880,128584,8609,0,669,0
7.208094120025635,204726,126108,130880,128584,8609,0,669,0
7.223833084106445,204726,126108,130880,128584,8609,0,669,0
7.23832106590271,204726,126108,130880,128584,8609,0,669,0
7.253198146820068,204726,126108,130880,128584,8609,0,669,0
7.268001079559326,204726,126108,130880,128584,8609,0,669,0
7.282879114151001,204726,127376,132032,129852,8926,0,669,0
7.298370122909546,204726,149904,156724,152380,8947,0,669,0
7.314387083053589,204726,184720,189492,187196,8975,0,670,0
7.330013990402222,204726,194960,199732,197436,8980,0,670,0
7.34528112411499,204726,200016,206836,202492,8983,0,670,0
7.36073112487793,204726,210256,215028,212732,8988,0,670,0
7.375882148742676,204726,220496,225268,222972,8993,0,670,0
7.39106822013855,204726,232784,237556,235260,8998,0,671,0
7.406320095062256,204726,240976,245748,243452,9003,0,671,0
7.422476053237915,204726,247120,260084,249596,9004,0,671,0
7.438284158706665,204726,363856,378868,366332,9060,0,674,0
7.454955101013184,204726,392528,397300,395004,9077,0,674,0
7.47151517868042,204726,408912,413684,411388,9085,0,674,0
7.486711025238037,204726,410960,415732,413436,9086,0,674,0
7.501662015914917,204726,410960,415732,413436,9086,0,674,0
7.516772031784058,204726,410960,415732,413436,9086,0,674,0
7.531780004501343,204726,413008,417780,415484,9087,0,674,0
7.546873092651367,204726,417104,421876,419580,9089,0,674,0
7.562108993530273,204726,417104,421876,419580,9089,0,674,0
7.5773420333862305,204726,417448,422644,419924,9175,0,674,0
7.592491149902344,204726,423752,428788,426228,10678,0,675,0
7.608826160430908,204726,428648,433420,431124,11464,0,675,0
7.624346017837524,204726,423024,427796,425500,11466,0,675,0
7.639538049697876,204726,431216,435988,433692,11470,0,675,0
7.655111074447632,204726,431216,435988,433692,11470,0,675,0
7.670497179031372,204726,433264,438036,435740,11470,0,675,0
7.685755014419556,204726,439408,444180,441884,11474,0,675,0
7.701139211654663,204726,447600,452372,450076,11478,0,675,0
7.716530084609985,204726,453744,458516,456220,11481,0,676,0
7.7326741218566895,204726,453744,458516,456220,11481,0,676,0
7.747932195663452,204726,453744,458516,456220,11481,0,676,0
7.762909173965454,204726,453744,458516,456220,11481,0,676,0
7.777798175811768,204726,453744,458516,456220,11481,0,676,0
7.792675018310547,204726,453744,458516,456220,11481,0,676,0
7.80742621421814,204726,453744,458516,456220,11481,0,676,0
7.822322130203247,204726,453744,458516,456220,11481,0,676,0
7.8375420570373535,204726,453744,458516,456220,11481,0,676,0
7.85266900062561,204726,453744,458516,456220,11481,0,676,0
7.867799997329712,204726,453744,458516,456220,11481,0,676,0
7.883148193359375,204726,453744,458516,456220,11481,0,676,0
7.898392200469971,204726,453744,458516,456220,11481,0,676,0
7.913395166397095,204726,453744,458516,456220,11481,0,676,0
7.928539991378784,204726,455792,460564,458268,11482,0,676,0
7.944247007369995,204726,457840,462612,460316,11483,0,676,0
7.9597251415252686,204726,457840,462612,460316,11483,0,676,0
7.974860191345215,204726,460056,464828,462532,11526,0,676,0
7.990079164505005,204726,462124,466896,464600,11532,0,676,0
8.00536322593689,204726,462124,466896,464600,11532,0,676,0
8.02040410041809,204726,462304,467024,464780,11577,0,676,0
8.03591012954712,204726,462304,467024,464780,11577,0,676,0
8.050998210906982,204726,462304,467024,464780,11577,0,676,0
8.065934181213379,204726,462304,467024,464780,11577,0,676,0
8.081066131591797,204726,462104,466876,464580,11577,0,676,0
8.096079111099243,204726,462104,466876,464580,11577,0,676,0
8.11103105545044,204726,462104,466876,464580,11577,0,676,0
8.126062154769897,204726,462104,466876,464580,11577,0,676,0
8.14142918586731,204726,462104,466876,464580,11577,0,676,0
8.15636420249939,204726,462104,466876,464580,11577,0,676,0
8.17145299911499,204726,462104,466876,464580,11577,0,676,0
8.18633508682251,204726,462104,466876,464580,11577,0,676,0
8.20144510269165,204726,462168,466876,464644,11593,0,676,0
8.216495990753174,204726,462168,466876,464644,11593,0,676,0
8.231484174728394,204726,462168,466876,464644,11593,0,676,0
8.246737003326416,204726,464216,468988,466692,11594,0,676,0
8.262001991271973,204726,464216,468988,466692,11594,0,676,0
8.277314186096191,204726,464216,468988,466692,11594,0,676,0
8.292518138885498,204726,464216,468988,466692,11594,0,676,0
8.307651996612549,204726,464216,468988,466692,11594,0,676,0
8.322761058807373,204726,464216,468988,466692,11594,0,676,0
8.338122129440308,204726,464216,468988,466692,11594,0,676,0
8.353851079940796,204726,464280,468988,466756,11610,0,676,0
8.372388124465942,204726,464280,468988,466756,11610,0,676,0
8.398884057998657,204726,464280,468988,466756,11610,0,676,0
8.424507141113281,204726,464280,468988,466756,11610,0,676,0
8.456492185592651,204726,464280,468988,466756,11610,0,676,0
8.48042917251587,204726,464280,468988,466756,11610,0,676,0
8.510987043380737,204726,464280,468988,466756,11610,0,676,0
8.549089193344116,204726,464280,468988,466756,11610,0,676,0
8.580588102340698,204726,464280,468988,466756,11610,0,676,0
8.608464002609253,204726,464280,468988,466756,11610,0,676,0
8.636001110076904,204726,464280,468988,466756,11610,0,676,0
8.66224718093872,204726,464280,468988,466756,11610,0,676,0
8.687378168106079,204726,464280,468988,466756,11610,0,676,0
8.73112416267395,204726,464280,468988,466756,11610,0,676,0
8.760099172592163,204726,464280,468988,466756,11610,0,676,0
8.7850182056427,204726,464280,468988,466756,11610,0,676,0
8.80135703086853,204726,464280,468988,466756,11610,0,676,0
8.817905187606812,204726,464280,468988,466756,11610,0,676,0
8.834209203720093,204726,464280,468988,466756,11610,0,676,0
8.849868059158325,204726,464280,468988,466756,11610,0,676,0
8.865279197692871,204726,464280,468988,466756,11610,0,676,0
8.880495071411133,204726,464280,468988,466756,11610,0,676,0
8.895530223846436,204726,464280,468988,466756,11610,0,676,0
8.910690069198608,204726,464280,468988,466756,11610,0,676,0
8.927297115325928,204726,464280,468988,466756,11610,0,676,0
8.95116901397705,204726,464280,468988,466756,11610,0,676,0
8.974274158477783,204726,464280,468988,466756,11610,0,676,0
8.998130083084106,204726,464280,468988,466756,11610,0,676,0
9.02184510231018,204726,464280,468988,466756,11610,0,676,0
9.050863027572632,204726,464280,468988,466756,11610,0,676,0
9.094449043273926,204726,464280,468988,466756,11610,0,676,0
9.131018161773682,204726,464280,468988,466756,11610,0,676,0
9.160567045211792,204726,464280,468988,466756,11610,0,676,0
9.186256170272827,204726,464280,468988,466756,11610,0,676,0
9.202461004257202,204726,464280,468988,466756,11610,0,676,0
9.218430042266846,204726,464280,468988,466756,11610,0,676,0
9.234384059906006,204726,464280,468988,466756,11610,0,676,0
9.2500741481781,204726,464280,471100,466756,11610,0,676,0
9.265691995620728,204726,470424,475196,472900,11613,0,676,0
9.281988143920898,204726,470424,477244,472900,11613,0,676,0
9.297875165939331,204726,472520,477244,474996,11626,0,676,0
9.314552068710327,204726,472520,477244,474996,11626,0,676,0
9.330860137939453,204726,472520,477244,474996,11626,0,676,0
9.346936225891113,204726,472520,477244,474996,11626,0,676,0
9.363237142562866,204726,472520,477244,474996,11626,0,676,0
9.379199028015137,204726,472520,477244,474996,11626,0,676,0
9.395567178726196,204726,472520,477244,474996,11626,0,676,0
9.411643028259277,204726,472520,477244,474996,11626,0,676,0
9.427585124969482,204726,472584,477244,475060,11642,0,676,0
9.443885087966919,204726,472720,477372,475196,11660,0,676,0
9.460307121276855,204726,472724,477372,475200,11677,0,676,0
9.476760149002075,204726,472724,477372,475200,11677,0,676,0
9.492891073226929,204726,472724,477372,475200,11677,0,676,0
9.508864164352417,204726,472724,477372,475200,11677,0,676,0
9.525265216827393,204726,472728,477500,475204,11678,0,676,0
9.541320085525513,204726,472728,477500,475204,11678,0,676,0
9.557075023651123,204726,472728,477500,475204,11678,0,676,0
9.572885036468506,204726,472728,477500,475204,11678,0,676,0
9.588418006896973,204726,472732,477500,475208,11679,0,676,0
9.604480028152466,204726,472732,477500,475208,11679,0,676,0
9.620575189590454,204726,472732,477500,475208,11679,0,676,0
9.636378049850464,204726,472796,477500,475272,11695,0,676,0
9.652326107025146,204726,472796,477500,475272,11695,0,676,0
9.668317079544067,204726,472796,477500,475272,11695,0,676,0
9.684264183044434,204726,472796,477500,475272,11695,0,676,0
9.70018219947815,204726,472796,477500,475272,11695,0,676,0
9.715736150741577,204726,472796,477500,475272,11695,0,676,0
9.731736183166504,204726,472796,477500,475272,11695,0,676,0
9.747992038726807,204726,472796,477500,475272,11695,0,676,0
9.764331102371216,204726,472796,477500,475272,11695,0,676,0
9.780291080474854,204726,474844,479616,477320,11696,0,676,0
9.796656131744385,204726,474848,479616,477324,11697,0,676,0
9.813351154327393,204726,474848,479616,477324,11697,0,676,0
9.829776048660278,204726,474848,479616,477324,11697,0,676,0
9.845916032791138,204726,474848,479616,477324,11697,0,676,0
9.861507177352905,204726,474848,479616,477324,11697,0,676,0
9.877954006195068,204726,478944,483716,481420,11699,0,676,0
9.894176006317139,204726,478944,483716,481420,11699,0,676,0
9.910368204116821,204726,478944,483716,481420,11699,0,676,0
9.92664122581482,204726,489184,493956,491660,11704,0,676,0
9.942755222320557,204726,489184,493956,491660,11704,0,676,0
9.958473205566406,204726,489184,493956,491660,11704,0,676,0
9.97471809387207,204726,489184,493956,491660,11704,0,676,0
9.991276025772095,204726,489184,493956,491660,11704,0,676,0
10.00739312171936,204726,489184,493956,491660,11704,0,676,0
10.023810148239136,204726,427744,432516,430220,11704,0,675,0
10.040139198303223,204726,427744,432516,430220,11704,0,675,0
10.056334018707275,204726,427744,432516,430220,11704,0,675,0
10.07253122329712,204726,427744,432516,430220,11704,0,675,0
10.088743209838867,204726,427744,432516,430220,11704,0,675,0
10.104826211929321,204726,427744,432516,430220,11704,0,675,0
10.120984077453613,204726,427744,432516,430220,11704,0,675,0
10.137413024902344,204726,427744,432516,430220,11704,0,675,0
10.153455018997192,204726,427744,432516,430220,11704,0,675,0
10.169403076171875,204726,427744,432516,430220,11704,0,675,0
10.18534803390503,204726,427744,432516,430220,11704,0,675,0
10.201532125473022,204726,427744,432516,430220,11704,0,675,0
10.217254161834717,204726,427744,432516,430220,11704,0,675,0
10.232928991317749,204726,427744,432516,430220,11704,0,675,0
10.24862003326416,204726,427744,432516,430220,11704,0,675,0
10.264310121536255,204726,427744,432516,430220,11704,0,675,0
10.279867172241211,204726,427744,432516,430220,11704,0,675,0
10.295561075210571,204726,427744,432516,430220,11704,0,675,0
10.312157154083252,204726,427744,432516,430220,11704,0,675,0
10.328275203704834,204726,427744,432516,430220,11704,0,675,0
10.344394207000732,204726,427744,432516,430220,11704,0,675,0
10.361021041870117,204726,427744,432516,430220,11704,0,675,0
10.377190113067627,204726,427744,432516,430220,11704,0,675,0
10.393299102783203,204726,431840,436612,434316,11706,0,675,0
10.409322023391724,204726,433888,438660,436364,11707,0,675,0
10.425485134124756,204726,435936,440708,438412,11708,0,675,0
10.441670179367065,204726,435936,440708,438412,11708,0,675,0
10.457983016967773,204726,435936,440708,438412,11708,0,675,0
10.47415804862976,204726,435936,440708,438412,11708,0,675,0
10.490325212478638,204726,435936,440708,438412,11708,0,675,0
10.506178140640259,204726,435936,440708,438412,11708,0,675,0
10.522364139556885,204726,435936,440708,438412,11708,0,675,0
10.538499116897583,204726,435936,440708,438412,11708,0,675,0
10.554366111755371,204726,435936,440708,438412,11708,0,675,0
10.57076621055603,204726,437984,442756,440460,11709,0,675,0
10.586987018585205,204726,444128,448900,446604,11712,0,675,0
10.60316014289856,204726,446176,450948,448652,11713,0,675,0
10.61965012550354,204726,446176,450948,448652,11713,0,675,0
10.635816097259521,204726,446176,450948,448652,11713,0,675,0
10.65498399734497,204726,446176,450948,448652,11713,0,675,0
10.671208143234253,204726,446240,450948,448716,11729,0,675,0
10.68764615058899,204726,446240,450948,448716,11729,0,675,0
10.703944206237793,204726,446240,450948,448716,11729,0,675,0
10.721788167953491,204726,446240,450948,448716,11729,0,675,0
10.738445043563843,204726,446240,451076,448716,11729,0,675,0
10.755174160003662,204726,446304,451076,448780,11745,0,675,0
10.771757125854492,204726,446304,451076,448780,11745,0,675,0
10.788424015045166,204726,446304,451076,448780,11745,0,675,0
10.80492115020752,204726,446304,451076,448780,11745,0,675,0
10.821059226989746,204726,446304,451076,448780,11745,0,675,0
10.838665008544922,204726,446304,451076,448780,11745,0,675,0
10.855897188186646,204726,446304,451076,448780,11745,0,675,0
10.872761011123657,204726,446304,451076,448780,11745,0,675,0
10.889361143112183,204726,446304,451076,448780,11745,0,675,0
10.905540227890015,204726,446304,451076,448780,11745,0,675,0
10.92197299003601,204726,450400,455172,452876,11747,0,675,0
10.938384056091309,204726,450400,455172,452876,11747,0,675,0
10.954752206802368,204726,450400,455172,452876,11747,0,675,0
10.970957040786743,204726,452448,457220,454924,11748,0,675,0
10.987162113189697,204726,452448,457220,454924,11748,0,675,0
11.003818035125732,204726,452448,457220,454924,11748,0,675,0
11.020198106765747,204726,452448,457220,454924,11748,0,675,0
11.036066055297852,204726,452448,457220,454924,11748,0,675,0
11.051939010620117,204726,452448,457220,454924,11748,0,675,0
11.067306995391846,204726,452448,457220,454924,11748,0,675,0
11.082598209381104,204726,452448,457220,454924,11748,0,675,0
11.098166227340698,204726,452448,457220,454924,11748,0,675,0
11.113673210144043,204726,452448,457220,454924,11748,0,675,0
11.129577159881592,204726,452448,457220,454924,11748,0,675,0
11.144515037536621,204726,452448,457220,454924,11748,0,675,0
11.159536123275757,204726,452448,457220,454924,11748,0,675,0
11.175073146820068,204726,452448,457220,454924,11748,0,675,0
11.190076112747192,204726,452448,457220,454924,11748,0,675,0
11.204982995986938,204726,452448,457220,454924,11748,0,675,0
11.219998121261597,204726,452448,457220,454924,11748,0,675,0
11.23554801940918,204726,452448,457220,454924,11748,0,675,0
11.251214027404785,204726,452448,457220,454924,11748,0,675,0
11.267150163650513,204726,452448,457220,454924,11748,0,675,0
11.282938003540039,204726,452448,457220,454924,11748,0,675,0
11.29866099357605,204726,452448,457220,454924,11748,0,675,0
11.314494132995605,204726,452448,457220,454924,11748,0,675,0
11.330229997634888,204726,452448,457220,454924,11748,0,675,0
11.345664024353027,204726,452448,457220,454924,11748,0,675,0
11.361178159713745,204726,452448,457220,454924,11748,0,675,0
11.376952171325684,204726,452448,457220,454924,11748,0,675,0
11.392526149749756,204726,452448,457220,454924,11748,0,675,0
11.408019065856934,204726,460640,465412,463116,11752,0,676,0
11.423532009124756,204726,460640,465412,463116,11752,0,676,0
11.439146041870117,204726,460640,465412,463116,11752,0,676,0
11.454540014266968,204726,460640,465412,463116,11752,0,676,0
11.469865083694458,204726,460640,465412,463116,11752,0,676,0
11.485498189926147,204726,460640,465412,463116,11752,0,676,0
11.501015186309814,204726,460640,465412,463116,11752,0,676,0
11.51645803451538,204726,460640,465412,463116,11752,0,676,0
11.531890153884888,204726,460640,465412,463116,11752,0,676,0
11.54731011390686,204726,460640,465412,463116,11752,0,676,0
11.5626962184906,204726,460640,465412,463116,11752,0,676,0
11.578159093856812,204726,460640,465412,463116,11752,0,676,0
11.593544006347656,204726,460640,465412,463116,11752,0,676,0
11.608939170837402,204726,460640,465412,463116,11752,0,676,0
11.62444806098938,204726,460640,465412,463116,11752,0,676,0
11.640132188796997,204726,460640,465412,463116,11752,0,676,0
11.655360221862793,204726,460640,465412,463116,11752,0,676,0
11.671946048736572,204726,460640,465412,463116,11752,0,676,0
11.687408208847046,204726,460640,465412,463116,11752,0,676,0
11.703235149383545,204726,460640,465412,463116,11752,0,676,0
11.719925165176392,204726,460640,465412,463116,11752,0,676,0
11.736676216125488,204726,460640,465412,463116,11752,0,676,0
11.752824068069458,204726,460640,465412,463116,11752,0,676,0
11.768978118896484,204726,460640,465412,463116,11752,0,676,0
11.785392045974731,204726,460640,465412,463116,11752,0,676,0
11.801861047744751,204726,460640,465412,463116,11752,0,676,0
11.818397998809814,204726,460640,465412,463116,11752,0,676,0
11.834994077682495,204726,460640,465412,463116,11752,0,676,0
11.851555109024048,204726,460640,465412,463116,11752,0,676,0
11.867624044418335,204726,460640,465412,463116,11752,0,676,0
11.882812023162842,204726,460640,465412,463116,11752,0,676,0
11.89841604232788,204726,460640,465412,463116,11752,0,676,0
11.913870096206665,204726,460640,465412,463116,11752,0,676,0
11.929336071014404,204726,462688,467460,465164,11753,0,676,0
11.944677114486694,204726,462688,467460,465164,11753,0,676,0
11.960004091262817,204726,462688,467460,465164,11753,0,676,0
11.975464105606079,204726,462688,467460,465164,11753,0,676,0
11.99067211151123,204726,462688,467460,465164,11753,0,676,0
12.00590205192566,204726,462688,467460,465164,11753,0,676,0
12.021283149719238,204726,462688,467460,465164,11753,0,676,0
12.03639817237854,204726,462688,467460,465164,11753,0,676,0
12.051634073257446,204726,462688,467460,465164,11753,0,676,0
12.066955089569092,204726,462688,467460,465164,11753,0,676,0
12.08231806755066,204726,462688,467460,465164,11753,0,676,0
12.097517013549805,204726,462688,467460,465164,11753,0,676,0
12.112865209579468,204726,466784,471556,469260,11755,0,676,0
12.128152132034302,204726,466784,471556,469260,11755,0,676,0
12.143532037734985,204726,466784,471556,469260,11755,0,676,0
12.158826112747192,204726,466784,471556,469260,11755,0,676,0
12.174201011657715,204726,466784,471556,469260,11755,0,676,0
12.189434051513672,204726,466784,471556,469260,11755,0,676,0
12.204613208770752,204726,466784,471556,469260,11755,0,676,0
12.219767093658447,204726,468832,473604,471308,11756,0,676,0
12.234907150268555,204726,468832,473604,471308,11756,0,676,0
12.250178098678589,204726,468832,473604,471308,11756,0,676,0
12.265397071838379,204726,470880,475652,473356,11757,0,676,0
12.280542135238647,204726,472928,477700,475404,11758,0,676,0
12.295841217041016,204726,474976,479748,477452,11759,0,676,0
12.311166048049927,204726,474976,479748,477452,11759,0,676,0
12.326510190963745,204726,474976,479748,477452,11759,0,676,0
12.341761112213135,204726,474976,479748,477452,11759,0,676,0
12.356948137283325,204726,474976,479748,477452,11759,0,676,0
12.372258186340332,204726,474976,479748,477452,11759,0,676,0
12.38742709159851,204726,474976,479748,477452,11759,0,676,0
12.402553081512451,204726,474976,479748,477452,11759,0,676,0
12.41768217086792,204726,474976,479748,477452,11759,0,676,0
12.432903051376343,204726,477024,481796,479500,11760,0,676,0
12.44807505607605,204726,477024,481796,479500,11760,0,676,0
12.463344097137451,204726,477024,481796,479500,11760,0,676,0
12.478624105453491,204726,477024,481796,479500,11760,0,676,0
12.493762016296387,204726,479072,483844,481548,11761,0,676,0
12.509312152862549,204726,479072,483844,481548,11761,0,676,0
12.525479078292847,204726,479072,483844,481548,11761,0,676,0
12.540987014770508,204726,479072,483844,481548,11761,0,676,0
12.556441068649292,204726,479072,483844,481548,11761,0,676,0
12.571973085403442,204726,481120,485892,483596,11762,0,676,0
12.58755612373352,204726,483168,487940,485644,11763,0,676,0
12.604387998580933,204726,483168,487940,485644,11763,0,676,0
12.620464086532593,204726,483168,487940,485644,11763,0,676,0
12.636571168899536,204726,485216,489988,487692,11764,0,676,0
12.652598142623901,204726,485216,489988,487692,11764,0,676,0
12.668492078781128,204726,485216,489988,487692,11764,0,676,0
12.684620141983032,204726,485216,489988,487692,11764,0,676,0
12.700573205947876,204726,487264,492036,489740,11765,0,676,0
12.716512203216553,204726,487264,492036,489740,11765,0,676,0
12.732515096664429,204726,487264,492036,489740,11765,0,676,0
12.748707056045532,204726,487264,492036,489740,11765,0,676,0
12.764615058898926,204726,487264,492036,489740,11765,0,676,0
12.78052020072937,204726,487264,492036,489740,11765,0,676,0
12.796430110931396,204726,489312,494084,491788,11766,0,676,0
12.812432050704956,204726,491360,496132,493836,11767,0,676,0
12.828306198120117,204726,493408,498180,495884,11768,0,676,0
12.844441175460815,204726,499552,504324,502028,11771,0,676,0
12.860895156860352,204726,499552,504324,502028,11771,0,676,0
12.876913070678711,204726,501600,506372,504076,11772,0,676,0
12.893424034118652,204726,501600,506372,504076,11772,0,676,0
12.909226179122925,204726,501600,506372,504076,11772,0,676,0
12.925137042999268,204726,503648,508420,506124,11773,0,676,0
12.94152307510376,204726,505696,510468,508172,11774,0,676,0
12.958408117294312,204726,505696,510468,508172,11774,0,676,0
12.975569009780884,204726,505696,510468,508172,11774,0,676,0
12.993399143218994,204726,505696,510468,508172,11774,0,676,0
13.010151147842407,204726,505696,510468,508172,11774,0,676,0
13.026078224182129,204726,505856,510596,508332,11814,0,676,0
13.041779041290283,204726,505860,510596,508336,11815,0,676,0
13.057553052902222,204726,505860,510596,508336,11815,0,676,0
13.073080062866211,204726,505860,510596,508336,11815,0,676,0
13.088762998580933,204726,509956,514728,512432,11817,0,676,0
13.104674100875854,204726,509956,514728,512432,11817,0,676,0
13.1203031539917,204726,509956,514728,512432,11817,0,676,0
13.136356115341187,204726,509780,514592,512256,11817,0,676,0
13.152053117752075,204726,509952,514720,512428,11860,0,676,0
13.168419122695923,204726,509952,514720,512428,11860,0,676,0
13.184526205062866,204726,509952,514720,512428,11860,0,676,0
13.200736045837402,204726,509952,514720,512428,11860,0,676,0
13.217193126678467,204726,509952,514720,512428,11860,0,676,0
13.233270168304443,204726,509952,514720,512428,11860,0,676,0
13.249335050582886,204726,509952,514720,512428,11860,0,676,0
13.265602111816406,204726,509828,514720,512304,11860,0,676,0
13.282034158706665,204726,509828,514720,512304,11860,0,676,0
13.298112154006958,204726,509828,514720,512304,11860,0,676,0
13.314590215682983,204726,509828,514720,512304,11860,0,676,0
13.33061408996582,204726,509828,514720,512304,11860,0,676,0
13.346777200698853,204726,513924,518696,516400,11862,0,676,0
13.362955093383789,204726,513924,518696,516400,11862,0,676,0
13.378514051437378,204726,515972,520744,518448,11863,0,676,0
13.39407205581665,204726,518020,522792,520496,11864,0,676,0
13.410192012786865,204726,518020,522792,520496,11864,0,676,0
13.426192045211792,204726,518020,522792,520496,11864,0,676,0
13.442283153533936,204726,518020,522792,520496,11864,0,676,0
13.458198070526123,204726,518020,522792,520496,11864,0,676,0
13.473886013031006,204726,518020,522792,520496,11864,0,676,0
13.489673137664795,204726,518020,522792,520496,11864,0,676,0
13.5054349899292,204726,518020,522792,520496,11864,0,676,0
13.521145105361938,204726,518020,522792,520496,11864,0,676,0
13.536704063415527,204726,518020,522792,520496,11864,0,676,0
13.55240511894226,204726,518020,522792,520496,11864,0,676,0
13.568795204162598,204726,518020,522792,520496,11864,0,676,0
13.584673166275024,204726,518020,522792,520496,11864,0,676,0
13.600494146347046,204726,518020,522792,520496,11864,0,676,0
13.616408109664917,204726,518020,522792,520496,11864,0,676,0
13.632289171218872,204726,518020,522792,520496,11864,0,676,0
13.647822141647339,204726,518020,522792,520496,11864,0,676,0
13.663325071334839,204726,518020,522792,520496,11864,0,676,0
13.679074048995972,204726,518020,522792,520496,11864,0,676,0
13.694784164428711,204726,518020,522792,520496,11864,0,676,0
13.710105180740356,204726,518020,522792,520496,11864,0,676,0
13.726036071777344,204726,518020,522792,520496,11864,0,676,0
13.741821050643921,204726,518020,522792,520496,11864,0,676,0
13.758244037628174,204726,518020,524840,520496,11864,0,677,0
13.774219036102295,204726,520068,524840,522544,11865,0,677,0
13.789544105529785,204726,520068,524840,522544,11865,0,677,0
13.804494142532349,204726,520068,524840,522544,11865,0,677,0
13.819130182266235,204726,520068,524840,522544,11865,0,677,0
13.83398699760437,204726,520068,524840,522544,11865,0,677,0
13.849000215530396,204726,520068,524840,522544,11865,0,677,0
13.863978147506714,204726,520068,524840,522544,11865,0,677,0
13.879004001617432,204726,520068,524840,522544,11865,0,677,0
13.894030094146729,204726,520068,524840,522544,11865,0,677,0
13.90884804725647,204726,520068,524840,522544,11865,0,677,0
13.92351508140564,204726,520068,524840,522544,11865,0,677,0
13.938534021377563,204726,520068,524840,522544,11865,0,677,0
13.953613996505737,204726,520068,524840,522544,11865,0,677,0
13.968443155288696,204726,520068,524840,522544,11865,0,677,0
13.983463048934937,204726,520068,524840,522544,11865,0,677,0
13.998409032821655,204726,520068,524840,522544,11865,0,677,0
14.013493061065674,204726,520068,524840,522544,11865,0,677,0
14.02846908569336,204726,520068,524840,522544,11865,0,677,0
14.043489217758179,204726,520068,524840,522544,11865,0,677,0
14.058560132980347,204726,520068,524840,522544,11865,0,677,0
14.073637008666992,204726,520068,524840,522544,11865,0,677,0
14.088611125946045,204726,520068,524840,522544,11865,0,677,0
14.103504180908203,204726,520068,524840,522544,11865,0,677,0
14.118468046188354,204726,511876,516648,514352,11865,0,676,0
14.133599996566772,204726,511876,516648,514352,11865,0,676,0
14.148494005203247,204726,511876,516648,514352,11865,0,676,0
14.16358208656311,204726,511876,516648,514352,11865,0,676,0
14.178469181060791,204726,511876,516648,514352,11865,0,676,0
14.193464040756226,204726,511876,516648,514352,11865,0,676,0
14.20845913887024,204726,511876,516648,514352,11865,0,676,0
14.223039150238037,204726,511876,516648,514352,11865,0,676,0
14.238133192062378,204726,511876,516648,514352,11865,0,676,0
14.252900123596191,204726,511876,516648,514352,11865,0,676,0
14.267535209655762,204726,511876,516648,514352,11865,0,676,0
14.282510042190552,204726,511876,516648,514352,11865,0,676,0
14.29748010635376,204726,511876,516648,514352,11865,0,676,0
14.312487125396729,204726,511876,516648,514352,11865,0,676,0
14.327486991882324,204726,513924,518696,516400,11866,0,676,0
14.342924118041992,204726,520068,526888,522544,11869,0,677,0
14.35847806930542,204726,528260,533032,530736,11873,0,677,0
14.374011993408203,204726,536452,541224,538928,11877,0,677,0
14.389779090881348,204726,544644,549416,547120,11881,0,677,0
14.405399084091187,204726,550788,557608,553264,11884,0,678,0
14.421001195907593,204726,558980,563752,561456,11888,0,678,0
14.436593055725098,204726,567172,571944,569648,11892,0,678,0
14.45248818397522,204726,575364,580136,577840,11896,0,678,0
14.468096017837524,204726,581508,588328,583984,11899,0,678,0
14.483827114105225,204726,589700,594472,592176,11903,0,678,0
14.499571084976196,204726,597892,602664,600368,11907,0,678,0
14.51526403427124,204726,606084,610856,608560,11911,0,678,0
14.530847072601318,204726,612228,617000,614704,11914,0,678,0
14.546995162963867,204726,620420,625192,622896,11918,0,679,0
14.562733173370361,204726,628612,633384,631088,11922,0,679,0
14.578530073165894,204726,636804,641576,639280,11925,0,679,0
14.59457015991211,204726,642948,649768,645424,11929,0,679,0
14.610477209091187,204726,651140,655912,653616,11933,0,680,0
14.626291036605835,204726,659332,664104,661808,11937,0,680,0
14.642219066619873,204726,667524,672296,670000,11941,0,680,0
14.657927989959717,204726,673668,680488,676144,11944,0,680,0
14.673481225967407,204726,681860,686632,684336,11948,0,680,0
14.689174175262451,204726,690052,694824,692528,11952,0,680,0
14.704729080200195,204726,698244,703016,700720,11955,0,680,0
14.720347166061401,204726,704388,711208,706864,11959,0,680,0
14.735929012298584,204726,712580,717352,715056,11963,0,680,0
14.751708030700684,204726,720772,725544,723248,11967,0,681,0
14.767356157302856,204726,728964,733736,731440,11970,0,681,0
14.783236026763916,204726,735108,739880,737584,11974,0,681,0
14.798978090286255,204726,743300,748072,745776,11978,0,681,0
14.814654111862183,204726,751492,756264,753968,11982,0,682,0
14.830469131469727,204726,759684,764456,762160,11985,0,682,0
14.846319198608398,204726,765828,770600,768304,11989,0,682,0
14.862139225006104,204726,774020,778792,776496,11993,0,682,0
14.877857208251953,204726,782212,786984,784688,11997,0,682,0
14.893754005432129,204726,790404,795176,792880,12000,0,682,0
14.909662008285522,204726,796548,801320,799024,12004,0,682,0
14.9255051612854,204726,804740,809512,807216,12008,0,682,0
14.941055059432983,204726,812932,817704,815408,12012,0,682,0
14.956945180892944,204726,821124,825896,823600,12015,0,683,0
14.972775220870972,204726,827268,832040,829744,12019,0,683,0
14.988588094711304,204726,835460,840232,837936,12023,0,683,0
15.004443168640137,204726,843652,848424,846128,12027,0,683,0
15.020358085632324,204726,851844,856616,854320,12030,0,684,0
15.03620719909668,204726,857988,864808,860464,12034,0,684,0
15.051745176315308,204726,866180,870952,868656,12038,0,684,0
15.06734299659729,204726,874372,879144,876848,12042,0,684,0
15.083294153213501,204726,882564,887336,885040,12045,0,684,0
15.099019050598145,204726,888708,895528,891184,12049,0,684,0
15.114650011062622,204726,896900,901672,899376,12053,0,684,0
15.130374193191528,204726,905092,909864,907568,12057,0,684,0
15.146100997924805,204726,913284,918056,915760,12060,0,685,0
15.161879062652588,204726,919428,926248,921904,12064,0,685,0
15.177880048751831,204726,927620,932392,930096,12068,0,685,0
15.193517208099365,204726,935812,940584,938288,12072,0,685,0
15.209614038467407,204726,944004,948776,946480,12075,0,685,0
15.225556135177612,204726,950148,956968,952624,12079,0,686,0
15.241270065307617,204726,958340,963112,960816,12083,0,686,0
15.256842136383057,204726,966532,971304,969008,12087,0,686,0
15.272322177886963,204726,974724,979496,977200,12090,0,686,0
15.287857055664062,204726,980868,987688,983344,12094,0,686,0
15.30359411239624,204726,989060,993832,991536,12098,0,686,0
15.319436073303223,204726,997252,1002024,999728,12102,0,686,0
15.33527421951294,204726,1005444,1010216,1007920,12105,0,686,0
15.351160049438477,204726,1011588,1018408,1014064,12109,0,687,0
15.366911172866821,204726,1019780,1024552,1022256,12113,0,687,0
15.382652044296265,204726,1027972,1032744,1030448,12117,0,687,0
15.39846920967102,204726,1036164,1040936,1038640,12120,0,687,0
15.414220094680786,204726,1042308,1049128,1044784,12124,0,688,0
15.430320024490356,204726,1050500,1055272,1052976,12128,0,688,0
15.44617509841919,204726,1058692,1063464,1061168,12132,0,688,0
15.462115049362183,204726,1066884,1071656,1069360,12136,0,688,0
15.477640151977539,204726,1073028,1079848,1075504,12139,0,688,0
15.492980003356934,204726,1081220,1085992,1083696,12143,0,688,0
15.509299039840698,204726,1089412,1096232,1091888,12147,0,688,0
15.526135206222534,204726,1097604,1102376,1100080,12151,0,688,0
15.541880130767822,204726,1105796,1110568,1108272,12155,0,688,0
15.557679176330566,204726,1113988,1118760,1116464,12158,0,689,0
15.573475122451782,204726,1120132,1126952,1122608,12162,0,689,0
15.589492082595825,204726,1128324,1133096,1130800,12166,0,689,0
15.605077028274536,204726,1136516,1141288,1138992,12170,0,689,0
15.621127128601074,204726,1144708,1149480,1147184,12173,0,690,0
15.637075185775757,204726,1150852,1155624,1153328,12177,0,690,0
15.652859210968018,204726,1159044,1163816,1161520,12181,0,690,0
15.668721199035645,204726,1167236,1172008,1169712,12185,0,690,0
15.684269189834595,204726,1175428,1180200,1177904,12188,0,690,0
15.7001211643219,204726,1181572,1188392,1184048,12192,0,690,0
15.715993165969849,204726,1189764,1194536,1192240,12196,0,690,0
15.731858015060425,204726,1197956,1202728,1200432,12200,0,690,0
15.747979164123535,204726,1206148,1210920,1208624,12204,0,690,0
15.763694047927856,204726,1212292,1219112,1214768,12207,0,691,0
15.77950406074524,204726,1220484,1225256,1222960,12211,0,691,0
15.795533180236816,204726,1226628,1231400,1229104,12213,0,691,0
15.81153917312622,204726,1232772,1237544,1235248,12217,0,691,0
15.827455997467041,204726,1240964,1245736,1243440,12221,0,692,0
15.843820095062256,204726,1249156,1253928,1251632,12225,0,692,0
15.85971999168396,204726,1257348,1262120,1259824,12228,0,692,0
15.875266075134277,204726,1263492,1270312,1265968,12232,0,692,0
15.890863180160522,204726,1271684,1276456,1274160,12236,0,692,0
15.90640902519226,204726,1279876,1284648,1282352,12240,0,692,0
15.921962022781372,204726,1288068,1292840,1290544,12244,0,692,0
15.93746018409729,204726,1294212,1301032,1296688,12247,0,692,0
15.953315019607544,204726,1302404,1307176,1304880,12251,0,692,0
15.9689781665802,204726,1310596,1315368,1313072,12255,0,693,0
15.984579086303711,204726,1318788,1323560,1321264,12259,0,693,0
16.000444173812866,204726,1324932,1331752,1327408,12262,0,693,0
16.01628303527832,204726,1333124,1337896,1335600,12266,0,693,0
16.031753063201904,204726,1341316,1346088,1343792,12270,0,694,0
16.04768705368042,204726,1349508,1354280,1351984,12274,0,694,0
16.063512086868286,204726,1357700,1362472,1360176,12277,0,694,0
16.078992128372192,204726,1363844,1368616,1366320,12281,0,694,0
16.09464406967163,204726,1372036,1376808,1374512,12285,0,694,0
16.110246181488037,204726,1378180,1382952,1380656,12288,0,694,0
16.12590217590332,204726,1386372,1391144,1388848,12292,0,694,0
16.141557216644287,204726,1394564,1399336,1397040,12296,0,694,0
16.157020092010498,204726,1400708,1407528,1403184,12299,0,694,0
16.172574996948242,204726,1408900,1413672,1411376,12303,0,695,0
16.187997102737427,204726,1417092,1421864,1419568,12307,0,695,0
16.20359706878662,204726,1423236,1430056,1425712,12310,0,695,0
16.219305992126465,204726,1431428,1436200,1433904,12314,0,695,0
16.235002994537354,204726,1439620,1444392,1442096,12318,0,696,0
16.251107215881348,204726,1447812,1452584,1450288,12321,0,696,0
16.266812086105347,204726,1453956,1460776,1456432,12325,0,696,0
16.282838106155396,204726,1462148,1466920,1464624,12329,0,696,0
16.29870319366455,204726,1470340,1475112,1472816,12333,0,696,0
16.31439709663391,204726,1478532,1483304,1481008,12337,0,696,0
16.330384016036987,204726,1484676,1491496,1487152,12340,0,696,0
16.34622311592102,204726,1492868,1497640,1495344,12344,0,696,0
16.362033128738403,204726,1501060,1505832,1503536,12348,0,696,0
16.37795400619507,204726,1509252,1514024,1511728,12352,0,697,0
16.393702030181885,204726,1515396,1522216,1517872,12355,0,697,0
16.409287214279175,204726,1523588,1528360,1526064,12359,0,697,0
16.425077199935913,204726,1531780,1536552,1534256,12363,0,697,0
16.441184043884277,204726,1539972,1544744,1542448,12367,0,698,0
16.45700716972351,204726,1546116,1552936,1548592,12370,0,698,0
16.472870111465454,204726,1556356,1561128,1558832,12375,0,698,0
16.491530179977417,204726,1564548,1569320,1567024,12379,0,698,0
16.507113218307495,204726,1570692,1577512,1573168,12382,0,698,0
16.522644996643066,204726,1578884,1583656,1581360,12386,0,698,0
16.53833818435669,204726,1587076,1591848,1589552,12390,0,698,0
16.554051160812378,204726,1595268,1600040,1597744,12394,0,698,0
16.56969904899597,204726,1603460,1608232,1605936,12397,0,699,0
16.585249185562134,204726,1609604,1614376,1612080,12401,0,699,0
16.60089921951294,204726,1617796,1622568,1620272,12405,0,699,0
16.616586208343506,204726,1625988,1630760,1628464,12409,0,699,0
16.632304191589355,204726,1634180,1638952,1636656,12412,0,699,0
16.647911071777344,204726,1640324,1645096,1642800,12416,0,700,0
16.663689136505127,204726,1648516,1653288,1650992,12420,0,700,0
16.67983913421631,204726,1656708,1661480,1659184,12424,0,700,0
16.69556713104248,204726,1664900,1669672,1667376,12427,0,700,0
16.711393117904663,204726,1671044,1675816,1673520,12431,0,700,0
16.726986169815063,204726,1679236,1684008,1681712,12435,0,700,0
16.742897033691406,204726,1687428,1692200,1689904,12439,0,700,0
16.75863218307495,204726,1695620,1700392,1698096,12443,0,700,0
16.774155139923096,204726,1701764,1708584,1704240,12446,0,701,0
16.789968013763428,204726,1709956,1714728,1712432,12450,0,701,0
16.80587410926819,204726,1718148,1722920,1720624,12454,0,701,0
16.821548223495483,204726,1726340,1731112,1728816,12458,0,701,0
16.83745312690735,204726,1734532,1739304,1737008,12461,0,702,0
16.85324716567993,204726,1740676,1745448,1743152,12465,0,702,0
16.869248151779175,204726,1748868,1753640,1751344,12469,0,702,0
16.8854341506958,204726,1757060,1761832,1759536,12473,0,702,0
16.901318073272705,204726,1765252,1770024,1767728,12476,0,702,0
16.916925191879272,204726,1771396,1778216,1773872,12480,0,702,0
16.93254804611206,204726,1779588,1784360,1782064,12484,0,702,0
16.94819211959839,204726,1787780,1792552,1790256,12488,0,702,0
16.963783025741577,204726,1795972,1800744,1798448,12492,0,702,0
16.979473114013672,204726,1802116,1808936,1804592,12495,0,703,0
16.995211124420166,204726,1810308,1815080,1812784,12499,0,703,0
17.0108962059021,204726,1818500,1823272,1820976,12503,0,703,0
17.02664804458618,204726,1826692,1831464,1829168,12507,0,703,0
17.042418003082275,204726,1834884,1839656,1837360,12510,0,704,0
17.058237075805664,204726,1841028,1845800,1843504,12514,0,704,0
17.07395911216736,204726,1849220,1853992,1851696,12518,0,704,0
17.090306997299194,204726,1857412,1862184,1859888,12522,0,704,0
17.106173992156982,204726,1865604,1870376,1868080,12526,0,704,0
17.121875047683716,204726,1871748,1878568,1874224,12529,0,704,0
17.13758420944214,204726,1879940,1884712,1882416,12533,0,704,0
17.153311014175415,204726,1888132,1892904,1890608,12537,0,704,0
17.16899800300598,204726,1896324,1901096,1898800,12540,0,704,0
17.18470811843872,204726,1902468,1909288,1904944,12544,0,705,0
17.20115613937378,204726,1910660,1915432,1913136,12548,0,705,0
17.216976165771484,204726,1918852,1923624,1921328,12552,0,705,0
17.23287606239319,204726,1924996,1931816,1927472,12555,0,705,0
17.248757123947144,204726,1933188,1937960,1935664,12559,0,706,0
17.264830112457275,204726,1941380,1946152,1943856,12563,0,706,0
17.280569076538086,204726,1949572,1954344,1952048,12567,0,706,0
17.296342134475708,204726,1955716,1962536,1958192,12570,0,706,0
17.31238603591919,204726,1963908,1968680,1966384,12574,0,706,0
17.328135013580322,204726,1972100,1976872,1974576,12578,0,706,0
17.344105005264282,204726,1980292,1985064,1982768,12582,0,706,0
17.359867095947266,204726,1988484,1993256,1990960,12585,0,706,0
17.375611066818237,204726,1994628,2001448,1997104,12589,0,707,0
17.39149808883667,204726,2002820,2007592,2005296,12593,0,707,0
17.40705919265747,204726,2011012,2015784,2013488,12597,0,707,0
17.42271399497986,204726,2019204,2023976,2021680,12601,0,707,0
17.43846106529236,204726,2025348,2032168,2027824,12604,0,707,0
17.45396900177002,204726,2033540,2038312,2036016,12608,0,708,0
17.47041606903076,204726,2041732,2046504,2044208,12612,0,708,0
17.486452102661133,204726,2045868,2050600,2048344,12624,0,708,0
17.50212001800537,204726,2054060,2058832,2056536,12628,0,708,0
17.517450094223022,204726,2062252,2067024,2064728,12632,0,708,0
17.53294014930725,204726,2070444,2075216,2072920,12635,0,708,0
17.548688173294067,204726,2076588,2083408,2079064,12639,0,708,0
17.56432819366455,204726,2084780,2089552,2087256,12643,0,708,0
17.580079078674316,204726,2092972,2097744,2095448,12647,0,708,0
17.5957190990448,204726,2101164,2105936,2103640,12650,0,709,0
17.6112060546875,204726,2107308,2114128,2109784,12654,0,709,0
17.62712812423706,204726,2115500,2120272,2117976,12658,0,709,0
17.64306902885437,204726,2123692,2128464,2126168,12662,0,709,0
17.65875220298767,204726,2131884,2136656,2134360,12666,0,710,0
17.674602031707764,204726,2138028,2144848,2140504,12669,0,710,0
17.690572023391724,204726,2146220,2150992,2148696,12673,0,710,0
17.706840991973877,204726,2154412,2159184,2156888,12677,0,710,0
17.722994089126587,204726,2162604,2167376,2165080,12680,0,710,0
17.738770008087158,204726,2168748,2175568,2171224,12684,0,710,0
17.754621028900146,204726,2176940,2181712,2179416,12688,0,710,0
17.77057409286499,204726,2185132,2189904,2187608,12692,0,710,0
17.786297082901,204726,2191280,2196052,2193756,12696,0,710,0
17.801971197128296,204726,2199472,2204244,2201948,12700,0,711,0
17.817949056625366,204726,2207664,2212436,2210140,12704,0,711,0
17.833867073059082,204726,2213808,2218580,2216284,12706,0,711,0
17.849992036819458,204726,2219952,2226772,2222428,12710,0,711,0
17.86600399017334,204726,2228144,2232916,2230620,12714,0,712,0
17.8819100856781,204726,2236336,2241108,2238812,12718,0,712,0
17.897770166397095,204726,2244528,2249300,2247004,12722,0,712,0
17.913432121276855,204726,2250672,2257492,2253148,12725,0,712,0
17.929468154907227,204726,2258864,2263636,2261340,12729,0,712,0
17.945555210113525,204726,2267056,2271828,2269532,12733,0,712,0
17.961541175842285,204726,2275248,2280020,2277724,12737,0,712,0
17.977452039718628,204726,2283440,2288212,2285916,12740,0,712,0
17.993324995040894,204726,2289584,2294356,2292060,12744,0,712,0
18.00933814048767,204726,2297776,2302548,2300252,12748,0,713,0
18.025233030319214,204726,2305968,2310740,2308444,12752,0,713,0
18.04086399078369,204726,2314160,2318932,2316636,12755,0,713,0
18.05653715133667,204726,2320304,2327124,2322780,12759,0,713,0
18.072346210479736,204726,2328496,2333268,2330972,12763,0,714,0
18.08828115463257,204726,2336688,2341460,2339164,12767,0,714,0
18.103949069976807,204726,2344880,2349652,2347356,12771,0,714,0
18.119834184646606,204726,2353072,2357844,2355548,12774,0,714,0
18.136016130447388,204726,2359216,2363988,2361692,12778,0,714,0
18.151859998703003,204726,2367408,2372180,2369884,12782,0,714,0
18.168084144592285,204726,2371504,2376276,2373980,12784,0,714,0
18.184341192245483,204726,2375600,2380372,2378076,12786,0,714,0
18.19943618774414,204726,2383792,2388564,2386268,12790,0,714,0
18.214834213256836,204726,2389936,2396756,2392412,12793,0,715,0
18.230282068252563,204726,2398128,2404948,2400604,12797,0,715,0
18.245686054229736,204726,2406320,2411092,2408796,12801,0,715,0
18.26101016998291,204726,2414512,2419284,2416988,12805,0,715,0
18.276458024978638,204726,2422704,2427476,2425180,12809,0,716,0
18.291807174682617,204726,2430896,2435668,2433372,12813,0,716,0
18.307270050048828,204726,2439088,2443860,2441564,12817,0,716,0
18.32270312309265,204726,2447280,2452052,2449756,12821,0,716,0
18.33843207359314,204726,2455472,2460244,2457948,12825,0,716,0
18.35407018661499,204726,2461616,2468436,2464092,12828,0,716,0
18.36959719657898,204726,2469808,2476628,2472284,12832,0,716,0
18.385251998901367,204726,2478000,2482772,2480476,12836,0,716,0
18.400787115097046,204726,2486192,2490964,2488668,12840,0,716,0
18.41632103919983,204726,2494384,2499156,2496860,12844,0,717,0
18.431933164596558,204726,2502576,2507348,2505052,12848,0,717,0
18.44744110107422,204726,2510768,2515540,2513244,12852,0,717,0
18.462899208068848,204726,2518960,2523732,2521436,12856,0,717,0
18.478408098220825,204726,2527152,2531924,2529628,12860,0,718,0
18.493893146514893,204726,2535344,2540116,2537820,12863,0,718,0
18.509506225585938,204726,2539440,2544212,2541916,12866,0,718,0
18.525007009506226,204726,2547632,2552404,2550108,12869,0,718,0
18.54084014892578,204726,2555824,2560596,2558300,12873,0,718,0
18.556496143341064,204726,2561968,2568788,2564444,12877,0,718,0
18.571932077407837,204726,2570160,2574932,2572636,12881,0,718,0
18.587423086166382,204726,2578352,2583124,2580828,12885,0,718,0
18.602874040603638,204726,2586544,2591316,2589020,12889,0,719,0
18.618351221084595,204726,2594736,2599508,2597212,12893,0,719,0
18.634014129638672,204726,2602928,2607700,2605404,12897,0,719,0
18.649546146392822,204726,2611120,2615892,2613596,12901,0,719,0
18.66506814956665,204726,2619312,2624084,2621788,12905,0,720,0
18.680551052093506,204726,2627504,2632276,2629980,12908,0,720,0
18.69612216949463,204726,2635696,2640468,2638172,12912,0,720,0
18.711726188659668,204726,2641840,2648660,2644316,12916,0,720,0
18.727213144302368,204726,2650032,2656852,2652508,12920,0,720,0
18.74276304244995,204726,2658224,2662996,2660700,12924,0,720,0
18.758480072021484,204726,2666416,2671188,2668892,12928,0,720,0
18.773866176605225,204726,2674608,2679380,2677084,12932,0,720,0
18.789425134658813,204726,2682800,2687572,2685276,12936,0,720,0
18.804810047149658,204726,2690992,2695764,2693468,12940,0,721,0
18.820361137390137,204726,2699184,2703956,2701660,12944,0,721,0
18.835741996765137,204726,2707376,2712148,2709852,12947,0,721,0
18.851304054260254,204726,2715568,2720340,2718044,12951,0,721,0
18.866844177246094,204726,2721712,2728532,2724188,12955,0,722,0
18.882381200790405,204726,2729904,2736724,2732380,12959,0,722,0
18.897821187973022,204726,2740144,2744916,2742620,12964,0,722,0
18.913384199142456,204726,2748336,2753108,2750812,12968,0,722,0
18.928868055343628,204726,2756528,2761300,2759004,12972,0,722,0
18.944350004196167,204726,2764720,2769492,2767196,12976,0,722,0
18.959909200668335,204726,2772912,2777684,2775388,12980,0,722,0
18.975438117980957,204726,2781104,2785876,2783580,12984,0,722,0
18.991059064865112,204726,2789296,2794068,2791772,12988,0,723,0
19.00667715072632,204726,2797488,2802260,2799964,12992,0,723,0
19.022192001342773,204726,2805680,2810452,2808156,12995,0,723,0
19.037666082382202,204726,2811824,2818644,2814300,12999,0,723,0
19.05307912826538,204726,2820016,2826836,2822492,13003,0,724,0
19.068664073944092,204726,2828208,2832980,2830684,13007,0,724,0
19.08405113220215,204726,2836400,2841172,2838876,13011,0,724,0
19.099711179733276,204726,2844592,2849364,2847068,13015,0,724,0
19.11520004272461,204726,2852784,2857556,2855260,13019,0,724,0
19.130506992340088,204726,2860976,2865748,2863452,13023,0,724,0
19.145743131637573,204726,2869168,2873940,2871644,13027,0,724,0
19.160986185073853,204726,2877360,2882132,2879836,13031,0,724,0
19.176793098449707,204726,2885552,2890324,2888028,13034,0,725,0
19.19239902496338,204726,2893744,2898516,2896220,13038,0,725,0
19.208055019378662,204726,2899888,2906708,2902364,13042,0,725,0
19.223556995391846,204726,2908080,2914900,2910556,13046,0,725,0
19.23919415473938,204726,2916272,2921044,2918748,13050,0,726,0
19.254685163497925,204726,2924464,2929236,2926940,13054,0,726,0
19.27018904685974,204726,2932656,2937428,2935132,13058,0,726,0
19.28567409515381,204726,2940848,2945620,2943324,13062,0,726,0
19.30129909515381,204726,2949040,2953812,2951516,13066,0,726,0
19.31674599647522,204726,2955184,2959956,2957660,13069,0,726,0
19.332293033599854,204726,2963376,2968148,2965852,13073,0,726,0
19.347795009613037,204726,2971568,2976340,2974044,13077,0,726,0
19.36315417289734,204726,2979760,2984532,2982236,13081,0,727,0
19.37847113609314,204726,2987952,2992724,2990428,13085,0,727,0
19.393692016601562,204726,2996144,3000916,2998620,13089,0,727,0
19.411185026168823,204726,3004336,3009108,3006812,13093,0,727,0
19.42658305168152,204726,3012528,3017300,3015004,13097,0,728,0
19.44214105606079,204726,3020720,3025492,3023196,13101,0,728,0
19.457564115524292,204726,3028912,3033684,3031388,13105,0,728,0
19.473161220550537,204726,3037104,3041876,3039580,13108,0,728,0
19.488604068756104,204726,3045296,3050068,3047772,13112,0,728,0
19.504237174987793,204726,3051440,3058260,3053916,13116,0,728,0
19.51974320411682,204726,3059632,3064404,3062108,13120,0,728,0
19.53531002998352,204726,3067824,3072596,3070300,13124,0,728,0
19.550796031951904,204726,3076016,3080788,3078492,13127,0,728,0
19.56630516052246,204726,3084208,3088980,3086684,13131,0,729,0
19.582099199295044,204726,3090352,3097172,3092828,13135,0,729,0
19.59746813774109,204726,3098544,3105364,3101020,13139,0,729,0
19.61299419403076,204726,3106736,3111508,3109212,13143,0,729,0
19.628420114517212,204726,3114928,3119700,3117404,13147,0,730,0
19.64366102218628,204726,3123120,3127892,3125596,13151,0,730,0
19.658979177474976,204726,3131312,3136084,3133788,13155,0,730,0
19.67435121536255,204726,3139504,3144276,3141980,13159,0,730,0
19.68975305557251,204726,3147696,3152468,3150172,13163,0,730,0
19.705064058303833,204726,3155888,3160660,3158364,13166,0,730,0
19.720426082611084,204726,3164080,3168852,3166556,13170,0,730,0
19.735788106918335,204726,3170224,3177044,3172700,13174,0,730,0
19.75118112564087,204726,3178416,3183188,3180892,13178,0,731,0
19.766473054885864,204726,3182512,3187284,3184988,13180,0,731,0
19.781843185424805,204726,3188656,3193428,3191132,13183,0,731,0
19.797449111938477,204726,3196848,3201620,3199324,13187,0,731,0
19.81295609474182,204726,3205040,3209812,3207516,13191,0,731,0
19.828487157821655,204726,3213232,3218004,3215708,13195,0,732,0
19.844133138656616,204726,3221424,3226196,3223900,13199,0,732,0
19.859639167785645,204726,3229616,3234388,3232092,13203,0,732,0
19.87523603439331,204726,3237808,3242580,3240284,13206,0,732,0
19.89078116416931,204726,3243952,3250772,3246428,13210,0,732,0
19.9065260887146,204726,3252144,3256916,3254620,13214,0,732,0
19.92226004600525,204726,3256240,3261012,3258716,13216,0,732,0
19.9377281665802,204726,3256240,3261012,3258716,13216,0,732,0
19.95325207710266,204726,3262384,3269204,3264860,13219,0,732,0
19.96878409385681,204726,3270576,3277396,3273052,13223,0,732,0
19.98441505432129,204726,3278768,3285588,3281244,13227,0,733,0
19.99998116493225,204726,3286960,3291732,3289436,13231,0,733,0
20.015709161758423,204726,3295152,3299924,3297628,13235,0,733,0
20.031383991241455,204726,3303344,3308116,3305820,13239,0,733,0
20.046842098236084,204726,3311536,3316308,3314012,13243,0,734,0
20.062425136566162,204726,3319728,3324500,3322204,13247,0,734,0
20.077927112579346,204726,3327920,3332692,3330396,13251,0,734,0
20.093509197235107,204726,3336112,3340884,3338588,13255,0,734,0
20.10913109779358,204726,3344304,3349076,3346780,13258,0,734,0
20.124868154525757,204726,3352496,3357268,3354972,13262,0,734,0
20.140555143356323,204726,3358640,3365460,3361116,13266,0,734,0
20.15608811378479,204726,3366832,3371604,3369308,13270,0,734,0
20.171553134918213,204726,3375024,3379796,3377500,13274,0,735,0
20.186923027038574,204726,3383216,3387988,3385692,13278,0,735,0
20.202298164367676,204726,3391408,3396180,3393884,13282,0,735,0
20.21794819831848,204726,3399600,3404372,3402076,13286,0,735,0
20.233540058135986,204726,3407792,3412564,3410268,13290,0,736,0
20.24915099143982,204726,3415984,3420756,3418460,13293,0,736,0
20.264721155166626,204726,3422128,3426900,3424604,13297,0,736,0
20.280153036117554,204726,3430320,3435092,3432796,13301,0,736,0
20.295518159866333,204726,3438512,3443284,3440988,13305,0,736,0
20.310928106307983,204726,3446704,3451476,3449180,13309,0,736,0
20.32645606994629,204726,3454896,3459668,3457372,13313,0,736,0
20.34191608428955,204726,3463088,3467860,3465564,13317,0,736,0
20.357445001602173,204726,3471280,3476052,3473756,13320,0,736,0
20.372904062271118,204726,3477424,3484244,3479900,13324,0,737,0
20.388450145721436,204726,3485616,3492436,3488092,13328,0,737,0
20.403916120529175,204726,3493808,3498580,3496284,13332,0,737,0
20.41952919960022,204726,3502000,3506772,3504476,13336,0,737,0
20.43521022796631,204726,3510192,3514964,3512668,13340,0,738,0
20.450767040252686,204726,3518384,3523156,3520860,13344,0,738,0
20.466361045837402,204726,3526576,3531348,3529052,13348,0,738,0
20.481877088546753,204726,3534768,3539540,3537244,13352,0,738,0
20.497469186782837,204726,3542960,3547732,3545436,13356,0,738,0
20.512972116470337,204726,3551152,3555924,3553628,13360,0,738,0
20.528681993484497,204726,3559344,3564116,3561820,13363,0,738,0
20.544376134872437,204726,3565488,3572308,3567964,13367,0,738,0
20.55990719795227,204726,3573680,3580500,3576156,13371,0,739,0
20.57548713684082,204726,3581872,3586644,3584348,13375,0,739,0
20.590955018997192,204726,3590064,3594836,3592540,13379,0,739,0
20.606465101242065,204726,3598256,3603028,3600732,13383,0,739,0
20.62221121788025,204726,3606448,3611220,3608924,13387,0,740,0
20.637712001800537,204726,3614640,3619412,3617116,13391,0,740,0
20.6533420085907,204726,3622832,3627604,3625308,13395,0,740,0
20.668925046920776,204726,3631024,3635796,3633500,13399,0,740,0
20.68445611000061,204726,3639216,3643988,3641692,13402,0,740,0
20.69995903968811,204726,3645360,3652180,3647836,13406,0,740,0
20.715498208999634,204726,3653552,3660372,3656028,13410,0,740,0
20.730982065200806,204726,3661744,3668564,3664220,13414,0,740,0
20.746538162231445,204726,3669936,3674708,3672412,13418,0,741,0
20.761844158172607,204726,3678128,3682900,3680604,13422,0,741,0
20.777168035507202,204726,3686320,3691092,3688796,13426,0,741,0
20.792569160461426,204726,3694512,3699284,3696988,13430,0,741,0
20.807865142822266,204726,3702704,3707476,3705180,13434,0,742,0
20.823320150375366,204726,3710896,3715668,3713372,13438,0,742,0
20.839015007019043,204726,3719088,3723860,3721564,13441,0,742,0
20.854572057724,204726,3725232,3732052,3727708,13445,0,742,0
20.87014412879944,204726,3733424,3740244,3735900,13449,0,742,0
20.885821104049683,204726,3741616,3746388,3744092,13453,0,742,0
20.901361227035522,204726,3749808,3754580,3752284,13457,0,742,0
20.91682004928589,204726,3760048,3764820,3762524,13462,0,742,0
20.932374000549316,204726,3768240,3773012,3770716,13466,0,743,0
20.948007106781006,204726,3776432,3781204,3778908,13470,0,743,0
20.963546991348267,204726,3784624,3789396,3787100,13474,0,743,0
20.97936701774597,204726,3792816,3797588,3795292,13478,0,743,0
20.9949951171875,204726,3801008,3805780,3803484,13481,0,744,0
21.0104820728302,204726,3807152,3813972,3809628,13485,0,744,0
21.025995016098022,204726,3815344,3822164,3817820,13489,0,744,0
21.04200315475464,204726,3823536,3828308,3826012,13493,0,744,0
21.05754804611206,204726,3831728,3836500,3834204,13497,0,744,0
21.073156118392944,204726,3839920,3844692,3842396,13501,0,744,0
21.088678121566772,204726,3848112,3852884,3850588,13505,0,744,0
21.10428500175476,204726,3856304,3861076,3858780,13509,0,744,0
21.119949102401733,204726,3864496,3869268,3866972,13513,0,744,0
21.135658025741577,204726,3872688,3877460,3875164,13517,0,745,0
21.151161193847656,204726,3880880,3885652,3883356,13520,0,745,0
21.166714191436768,204726,3887024,3893844,3889500,13524,0,745,0
21.182321071624756,204726,3895216,3902036,3897692,13528,0,745,0
21.197805166244507,204726,3903408,3908180,3905884,13532,0,746,0
21.21347212791443,204726,3911600,3916372,3914076,13536,0,746,0
21.22919511795044,204726,3919792,3924564,3922268,13540,0,746,0
21.245182991027832,204726,3927984,3932756,3930460,13544,0,746,0
21.260569095611572,204726,3936176,3940948,3938652,13548,0,746,0
21.276138067245483,204726,3944368,3949140,3946844,13552,0,746,0
21.291544198989868,204726,3952560,3957332,3955036,13556,0,746,0
21.30707812309265,204726,3960752,3965524,3963228,13559,0,746,0
21.322684049606323,204726,3966896,3973716,3969372,13563,0,747,0
21.338208198547363,204726,3977136,3981908,3979612,13568,0,747,0
21.35646414756775,204726,3985328,3990100,3987804,13572,0,747,0
21.37184500694275,204726,3993520,3998292,3995996,13576,0,747,0
21.38717818260193,204726,4001712,4006484,4004188,13580,0,748,0
21.40252709388733,204726,4007856,4014676,4010332,13583,0,748,0
21.417887210845947,204726,4016048,4022868,4018524,13587,0,748,0
21.433425188064575,204726,4024240,4031060,4026716,13591,0,748,0
21.44898819923401,204726,4032432,4037204,4034908,13595,0,748,0
21.464747190475464,204726,4040624,4045396,4043100,13599,0,748,0
21.48025918006897,204726,4048816,4053588,4051292,13603,0,748,0
21.49565100669861,204726,4057008,4061780,4059484,13607,0,748,0
21.51101303100586,204726,4065200,4069972,4067676,13611,0,749,0
21.526490211486816,204726,4073392,4078164,4075868,13615,0,749,0
21.542004108428955,204726,4081584,4086356,4084060,13619,0,749,0
21.557701110839844,204726,4087728,4094548,4090204,13622,0,749,0
21.573715209960938,204726,4095920,4102740,4098396,13626,0,750,0
21.589245080947876,204726,4104112,4108884,4106588,13630,0,750,0
21.604806184768677,204726,4112304,4117076,4114780,13634,0,750,0
21.62040615081787,204726,4120496,4125268,4122972,13638,0,750,0
21.635974168777466,204726,4128688,4133460,4131164,13642,0,750,0
21.651546001434326,204726,4136880,4141652,4139356,13646,0,750,0
21.66747808456421,204726,4145072,4149844,4147548,13650,0,750,0
21.683186054229736,204726,4153264,4158036,4155740,13654,0,750,0
21.698570013046265,204726,4161456,4166228,4163932,13657,0,751,0
21.714365005493164,204726,4169648,4174420,4172124,13661,0,751,0
21.729939222335815,204726,4175792,4182612,4178268,13665,0,751,0
21.745506048202515,204726,4183984,4188756,4186460,13669,0,751,0
21.76129412651062,204726,4192176,4196948,4194652,13673,0,751,0
21.776890993118286,204726,4200368,4205140,4202844,13677,0,752,0
21.79244303703308,204726,4208560,4213332,4211036,13681,0,752,0
21.807889223098755,204726,4216752,4221524,4219228,13685,0,752,0
21.82345414161682,204726,4224944,4229716,4227420,13689,0,752,0
21.8389310836792,204726,4233136,4237908,4235612,13692,0,752,0
21.85436511039734,204726,4241328,4246100,4243804,13696,0,752,0
21.870260000228882,204726,4247472,4254292,4249948,13700,0,752,0
21.88585901260376,204726,4255664,4262484,4258140,13704,0,752,0
21.90145707130432,204726,4263856,4268628,4266332,13708,0,753,0
21.916959047317505,204726,4272048,4276820,4274524,13712,0,753,0
21.932489156723022,204726,4280240,4285012,4282716,13716,0,753,0
21.947991132736206,204726,4288432,4293204,4290908,13720,0,753,0
21.963510990142822,204726,4296624,4301396,4299100,13723,0,754,0
21.979167222976685,204726,4302768,4309588,4305244,13727,0,754,0
21.994729042053223,204726,4310960,4317780,4313436,13731,0,754,0
22.010274171829224,204726,4319152,4323924,4321628,13735,0,754,0
22.02573299407959,204726,4327344,4332116,4329820,13739,0,754,0
22.04117512702942,204726,4335536,4340308,4338012,13743,0,754,0
22.056591033935547,204726,4343728,4348500,4346204,13747,0,754,0
22.071985006332397,204726,4351920,4356692,4354396,13751,0,754,0
22.087783098220825,204726,4360112,4364884,4362588,13755,0,755,0
22.10337805747986,204726,4368304,4373076,4370780,13759,0,755,0
22.118961095809937,204726,4376496,4381268,4378972,13762,0,755,0
22.13469409942627,204726,4382640,4389460,4385116,13766,0,755,0
22.15020203590393,204726,4390832,4395604,4393308,13770,0,756,0
22.165794134140015,204726,4401072,4405844,4403548,13774,0,756,0
22.181466102600098,204726,4405168,4409940,4407644,13777,0,756,0
22.19690704345703,204726,4413360,4418132,4415836,13781,0,756,0
22.21243906021118,204726,4417456,4422228,4419932,13783,0,756,0
22.227866172790527,204726,4421552,4426324,4424028,13784,0,756,0
22.243383169174194,204726,4425648,4430420,4428124,13786,0,756,0
22.258886098861694,204726,4427696,4432468,4430172,13788,0,756,0
22.274513006210327,204726,4431792,4436564,4434268,13790,0,756,0
22.29047203063965,204726,4439984,4444756,4442460,13794,0,756,0
22.306206226348877,204726,4448176,4452948,4450652,13798,0,756,0
22.322206020355225,204726,4454320,4461140,4456796,13801,0,757,0
22.33761501312256,204726,4462512,4469332,4464988,13805,0,757,0
22.352976083755493,204726,4470704,4475476,4473180,13809,0,757,0
22.36851716041565,204726,4478896,4483668,4481372,13813,0,757,0
22.38409399986267,204726,4487088,4491860,4489564,13817,0,757,0
22.399577140808105,204726,4495280,4500052,4497756,13821,0,758,0
22.4150550365448,204726,4503472,4508244,4505948,13825,0,758,0
22.43048620223999,204726,4511664,4516436,4514140,13828,0,758,0
22.446027040481567,204726,4517808,4524628,4520284,13832,0,758,0
22.461520195007324,204726,4526000,4532820,4528476,13836,0,758,0
22.477131128311157,204726,4534192,4538964,4536668,13840,0,758,0
22.492693185806274,204726,4542384,4547156,4544860,13844,0,758,0
22.508427143096924,204726,4548528,4553300,4551004,13847,0,758,0
22.52402114868164,204726,4554672,4559444,4557148,13850,0,759,0
22.53954005241394,204726,4562864,4567636,4565340,13854,0,759,0
22.55492615699768,204726,4571056,4575828,4573532,13857,0,759,0
22.570290088653564,204726,4577200,4584020,4579676,13861,0,759,0
22.585652112960815,204726,4585392,4592212,4587868,13865,0,760,0
22.600999116897583,204726,4593584,4600404,4596060,13869,0,760,0
22.616382122039795,204726,4601776,4606548,4604252,13873,0,760,0
22.631729125976562,204726,4609968,4614740,4612444,13877,0,760,0
22.64695715904236,204726,4618160,4622932,4620636,13881,0,760,0
22.662461042404175,204726,4626352,4631124,4628828,13885,0,760,0
22.677853107452393,204726,4634544,4639316,4637020,13889,0,760,0
22.693193197250366,204726,4642736,4647508,4645212,13892,0,760,0
22.708901166915894,204726,4648880,4655700,4651356,13896,0,760,0
22.724470138549805,204726,4657072,4663892,4659548,13900,0,761,0
22.74005103111267,204726,4665264,4670036,4667740,13904,0,761,0
22.755547046661377,204726,4671440,4676564,4673916,15440,0,761,0
22.777212142944336,204726,4676832,4681940,4679308,16749,0,761,0
22.79287314414978,204726,4681880,4686932,4684356,18012,0,761,0
22.808690071105957,204726,4687276,4692436,4689752,19362,0,762,0
22.824509143829346,204726,4691888,4696660,4694364,20560,0,762,0
22.840489149093628,204726,4693936,4698964,4696412,21072,0,762,0
22.856582164764404,204726,4696376,4701140,4698852,21682,0,762,0
22.87246799468994,204726,4696376,4701140,4698852,21682,0,762,0
22.88831615447998,204726,4696376,4701140,4698852,21682,0,762,0
22.904166221618652,204726,4696376,4701140,4698852,21682,0,762,0
22.92038917541504,204726,4696376,4701140,4698852,21682,0,762,0
22.936278104782104,204726,4696376,4701140,4698852,21682,0,762,0
22.952131032943726,204726,4696376,4701140,4698852,21682,0,762,0
22.968167066574097,204726,4696376,4701140,4698852,21682,0,762,0
22.984089136123657,204726,4696376,4701140,4698852,21682,0,762,0
22.99994206428528,204726,4696376,4701140,4698852,21682,0,762,0
23.015666007995605,204726,4696376,4701140,4698852,21682,0,762,0
23.03148603439331,204726,4696376,4701140,4698852,21682,0,762,0
23.047258138656616,204726,4696376,4701140,4698852,21682,0,762,0
23.06316304206848,204726,4696376,4701140,4698852,21682,0,762,0
23.078957080841064,204726,4696376,4701140,4698852,21682,0,762,0
23.094902992248535,204726,4696376,4701140,4698852,21682,0,762,0
23.110740184783936,204726,4696376,4701140,4698852,21682,0,762,0
23.126602172851562,204726,4696376,4701140,4698852,21682,0,762,0
23.142433166503906,204726,4696376,4701140,4698852,21682,0,762,0
23.157682180404663,204726,4696376,4701140,4698852,21682,0,762,0
23.173227071762085,204726,4696376,4701140,4698852,21682,0,762,0
23.18893814086914,204726,4696376,4701140,4698852,21682,0,762,0
23.20447015762329,204726,4696376,4701140,4698852,21682,0,762,0
23.220094203948975,204726,4696376,4701140,4698852,21682,0,762,0
23.235531091690063,204726,4696376,4701140,4698852,21682,0,762,0
23.25112009048462,204726,4696376,4701140,4698852,21682,0,762,0
23.266518115997314,204726,4696376,4701140,4698852,21682,0,762,0
23.282154083251953,204726,4696376,4701140,4698852,21682,0,762,0
23.298384189605713,204726,4696376,4701140,4698852,21682,0,762,0
23.313555002212524,204726,4696376,4701140,4698852,21682,0,762,0
23.32942509651184,204726,4696376,4701140,4698852,21682,0,762,0
23.344855070114136,204726,4696376,4701140,4698852,21682,0,762,0
23.360701084136963,204726,4696376,4701140,4698852,21682,0,762,0
23.376139163970947,204726,4696376,4701140,4698852,21682,0,762,0
23.39155602455139,204726,4696376,4701140,4698852,21682,0,762,0
23.40726113319397,204726,4696376,4701140,4698852,21682,0,762,0
23.422489166259766,204726,4696376,4701140,4698852,21682,0,762,0
23.43757200241089,204726,4696376,4701140,4698852,21682,0,762,0
23.453110218048096,204726,4696376,4701140,4698852,21682,0,762,0
23.468557119369507,204726,4696376,4701140,4698852,21682,0,762,0
23.48365616798401,204726,4696376,4701140,4698852,21682,0,762,0
23.4991672039032,204726,4696376,4701140,4698852,21682,0,762,0
23.51454210281372,204726,4696376,4701140,4698852,21682,0,762,0
23.529722213745117,204726,4696376,4701140,4698852,21682,0,762,0
23.545046091079712,204726,4696376,4701140,4698852,21682,0,762,0
23.56050419807434,204726,4696376,4701140,4698852,21682,0,762,0
23.575961112976074,204726,4696376,4701140,4698852,21682,0,762,0
23.59151315689087,204726,4696376,4701140,4698852,21682,0,762,0
23.607255220413208,204726,4696376,4701140,4698852,21682,0,762,0
23.6229350566864,204726,4696376,4701140,4698852,21682,0,762,0
23.638508081436157,204726,4696376,4701140,4698852,21682,0,762,0
23.65402913093567,204726,4696376,4701140,4698852,21682,0,762,0
23.66954517364502,204726,4696376,4701140,4698852,21682,0,762,0
23.685127019882202,204726,4696376,4701140,4698852,21682,0,762,0
23.700529098510742,204726,4696376,4701140,4698852,21682,0,762,0
23.716127157211304,204726,4696376,4701140,4698852,21682,0,762,0
23.73190402984619,204726,4696376,4701140,4698852,21682,0,762,0
23.747623205184937,204726,4696376,4701140,4698852,21682,0,762,0
23.763174057006836,204726,4696376,4701140,4698852,21682,0,762,0
23.778592109680176,204726,4696376,4701140,4698852,21682,0,762,0
23.794106006622314,204726,4696376,4701140,4698852,21682,0,762,0
23.8095920085907,204726,4696376,4701140,4698852,21682,0,762,0
23.825115203857422,204726,4696376,4701140,4698852,21682,0,762,0
23.84061622619629,204726,4696376,4701140,4698852,21682,0,762,0
23.85610604286194,204726,4696376,4701140,4698852,21682,0,762,0
23.871512174606323,204726,4696376,4701140,4698852,21682,0,762,0
23.88699221611023,204726,4696376,4701140,4698852,21682,0,762,0
23.902513027191162,204726,4696376,4701140,4698852,21682,0,762,0
23.918098211288452,204726,4696376,4701140,4698852,21682,0,762,0
23.93362021446228,204726,4696376,4701140,4698852,21682,0,762,0
23.94960904121399,204726,4696376,4701140,4698852,21682,0,762,0
23.965419054031372,204726,4696376,4701140,4698852,21682,0,762,0
23.981056213378906,204726,4696376,4701140,4698852,21682,0,762,0
23.996541023254395,204726,4696376,4701140,4698852,21682,0,762,0
24.012161016464233,204726,4696376,4701140,4698852,21682,0,762,0
24.02750515937805,204726,4696376,4701140,4698852,21682,0,762,0
24.043158054351807,204726,4696376,4701140,4698852,21682,0,762,0
24.058523178100586,204726,4696376,4701140,4698852,21682,0,762,0
24.074072122573853,204726,4696376,4701140,4698852,21682,0,762,0
24.089503049850464,204726,4696376,4701140,4698852,21682,0,762,0
24.104559183120728,204726,4696376,4701140,4698852,21682,0,762,0
24.12010622024536,204726,4696376,4701140,4698852,21682,0,762,0
24.13573718070984,204726,4696376,4701140,4698852,21682,0,762,0
24.151506185531616,204726,4696376,4701140,4698852,21682,0,762,0
24.167261123657227,204726,4696376,4701140,4698852,21682,0,762,0
24.182936191558838,204726,4696376,4701140,4698852,21682,0,762,0
24.198549032211304,204726,4696376,4701140,4698852,21682,0,762,0
24.214015007019043,204726,4696376,4701140,4698852,21682,0,762,0
24.229549169540405,204726,4696376,4701140,4698852,21682,0,762,0
24.245134115219116,204726,4696376,4701140,4698852,21682,0,762,0
24.260505199432373,204726,4696376,4701140,4698852,21682,0,762,0
24.276174068450928,204726,4696376,4701140,4698852,21682,0,762,0
24.291152000427246,204726,4696376,4701140,4698852,21682,0,762,0
24.30651307106018,204726,4696376,4701140,4698852,21682,0,762,0
24.322050094604492,204726,4696376,4701140,4698852,21682,0,762,0
24.337491035461426,204726,4696376,4701140,4698852,21682,0,762,0
24.352989196777344,204726,4696376,4701140,4698852,21682,0,762,0
24.368988037109375,204726,4696376,4701140,4698852,21682,0,762,0
24.384563207626343,204726,4696376,4701140,4698852,21682,0,762,0
24.399968147277832,204726,4696376,4701140,4698852,21682,0,762,0
24.415480136871338,204726,4696376,4701140,4698852,21682,0,762,0
24.430987119674683,204726,4696376,4701140,4698852,21682,0,762,0
24.44613003730774,204726,4696376,4701140,4698852,21682,0,762,0
24.461509227752686,204726,4696376,4701140,4698852,21682,0,762,0
24.47709608078003,204726,4696376,4701140,4698852,21682,0,762,0
24.492555141448975,204726,4696376,4701140,4698852,21682,0,762,0
24.50798010826111,204726,4696376,4701140,4698852,21682,0,762,0
24.524254083633423,204726,4696376,4701140,4698852,21682,0,762,0
24.53992009162903,204726,4696376,4701140,4698852,21682,0,762,0
24.555076122283936,204726,4696376,4701140,4698852,21682,0,762,0
24.570512056350708,204726,4696376,4701140,4698852,21682,0,762,0
24.58605122566223,204726,4696376,4701140,4698852,21682,0,762,0
24.601487159729004,204726,4696376,4701140,4698852,21682,0,762,0
24.616499185562134,204726,4696376,4701140,4698852,21682,0,762,0
24.631832122802734,204726,4696376,4701140,4698852,21682,0,762,0
24.647504091262817,204726,4696376,4701140,4698852,21682,0,762,0
24.66303300857544,204726,4696376,4701140,4698852,21682,0,762,0
24.678502082824707,204726,4696376,4701140,4698852,21682,0,762,0
24.694101095199585,204726,4696376,4701140,4698852,21682,0,762,0
24.709192991256714,204726,4696376,4701140,4698852,21682,0,762,0
24.724642038345337,204726,4696376,4701140,4698852,21682,0,762,0
24.740055084228516,204726,4696376,4701140,4698852,21682,0,762,0
24.755527019500732,204726,4696376,4701140,4698852,21682,0,762,0
24.770939111709595,204726,4696376,4701140,4698852,21682,0,762,0
24.786017179489136,204726,4696376,4701140,4698852,21682,0,762,0
24.801483154296875,204726,4696376,4701140,4698852,21682,0,762,0
24.81694507598877,204726,4696376,4701140,4698852,21682,0,762,0
24.832515001296997,204726,4696376,4701140,4698852,21682,0,762,0
24.848083019256592,204726,4696376,4701140,4698852,21682,0,762,0
24.863234043121338,204726,4696376,4701140,4698852,21682,0,762,0
24.87847399711609,204726,3950904,3955676,3953380,21682,0,746,0
24.894139051437378,204726,3950904,3955676,3953380,21682,0,746,0
24.90953516960144,204726,3950904,3955676,3953380,21682,0,746,0
24.924614191055298,204726,3950904,3955676,3953380,21682,0,746,0
24.940137147903442,204726,3950904,3955676,3953380,21682,0,746,0
24.955507040023804,204726,3950904,3955676,3953380,21682,0,746,0
24.9707350730896,204726,3950904,3955676,3953380,21682,0,746,0
24.986176013946533,204726,3950904,3955676,3953380,21682,0,746,0
25.001432180404663,204726,3950904,3955676,3953380,21682,0,746,0
25.016483068466187,204726,3950904,3955676,3953380,21682,0,746,0
25.031995058059692,204726,3950904,3955676,3953380,21682,0,746,0
25.04753804206848,204726,3950904,3955676,3953380,21682,0,746,0
25.063157081604004,204726,3950904,3955676,3953380,21682,0,746,0
25.07853412628174,204726,3950904,3955676,3953380,21682,0,746,0
25.093647003173828,204726,3950904,3955676,3953380,21682,0,746,0
25.10909914970398,204726,3950904,3955676,3953380,21682,0,746,0
25.12410807609558,204726,3950904,3955676,3953380,21682,0,746,0
25.13912010192871,204726,3950904,3955676,3953380,21682,0,746,0
25.154505014419556,204726,3950904,3955676,3953380,21682,0,746,0
25.170021057128906,204726,3950904,3955676,3953380,21682,0,746,0
25.18559718132019,204726,3950904,3955676,3953380,21682,0,746,0
25.201114177703857,204726,3950904,3955676,3953380,21682,0,746,0
25.216499090194702,204726,3950904,3955676,3953380,21682,0,746,0
25.23210310935974,204726,3950904,3955676,3953380,21682,0,746,0
25.25055503845215,204726,3950904,3955676,3953380,21682,0,746,0
25.266050100326538,204726,3950904,3955676,3953380,21682,0,746,0
25.28155517578125,204726,3950904,3955676,3953380,21682,0,746,0
25.297183990478516,204726,3950904,3955676,3953380,21682,0,746,0
25.312648057937622,204726,3950904,3955676,3953380,21682,0,746,0
25.32833504676819,204726,3950904,3955676,3953380,21682,0,746,0
25.344118118286133,204726,3950904,3955676,3953380,21682,0,746,0
25.359565019607544,204726,3950904,3955676,3953380,21682,0,746,0
25.375138998031616,204726,3950904,3955676,3953380,21682,0,746,0
25.390547037124634,204726,3950904,3955676,3953380,21682,0,746,0
25.406169176101685,204726,3950904,3955676,3953380,21682,0,746,0
25.421499013900757,204726,3950904,3955676,3953380,21682,0,746,0
25.437108993530273,204726,3950904,3955676,3953380,21682,0,746,0
25.452539205551147,204726,3950904,3955676,3953380,21682,0,746,0
25.468149185180664,204726,3950904,3955676,3953380,21682,0,746,0
25.483533143997192,204726,3950904,3955676,3953380,21682,0,746,0
25.499166011810303,204726,3950904,3955676,3953380,21682,0,746,0
25.51455521583557,204726,3950904,3955676,3953380,21682,0,746,0
25.530109167099,204726,3950904,3955676,3953380,21682,0,746,0
25.545528173446655,204726,3950904,3955676,3953380,21682,0,746,0
25.56107807159424,204726,3950904,3955676,3953380,21682,0,746,0
25.57657217979431,204726,3950904,3955676,3953380,21682,0,746,0
25.592153072357178,204726,3950904,3955676,3953380,21682,0,746,0
25.607593059539795,204726,3950904,3955676,3953380,21682,0,746,0
25.62318205833435,204726,3950904,3955676,3953380,21682,0,746,0
25.638503074645996,204726,3950904,3955676,3953380,21682,0,746,0
25.653642177581787,204726,3950904,3955676,3953380,21682,0,746,0
25.66893219947815,204726,3950904,3955676,3953380,21682,0,746,0
25.68450903892517,204726,3950904,3955676,3953380,21682,0,746,0
25.6995530128479,204726,3950904,3955676,3953380,21682,0,746,0
25.714996099472046,204726,3950904,3955676,3953380,21682,0,746,0
25.730682134628296,204726,3950904,3955676,3953380,21682,0,746,0
25.74616312980652,204726,3950904,3955676,3953380,21682,0,746,0
25.76153016090393,204726,3950904,3955676,3953380,21682,0,746,0
25.777151107788086,204726,3950904,3955676,3953380,21682,0,746,0
25.792542219161987,204726,3950904,3955676,3953380,21682,0,746,0
25.808136224746704,204726,3950904,3955676,3953380,21682,0,746,0
25.823933124542236,204726,3950904,3955676,3953380,21682,0,746,0
25.839527130126953,204726,3950904,3955676,3953380,21682,0,746,0
25.855172157287598,204726,3950904,3955676,3953380,21682,0,746,0
25.870532035827637,204726,3950904,3955676,3953380,21682,0,746,0
25.886117219924927,204726,3950904,3955676,3953380,21682,0,746,0
25.90155601501465,204726,3950904,3955676,3953380,21682,0,746,0
25.917192220687866,204726,3950904,3955676,3953380,21682,0,746,0
25.93256402015686,204726,3950904,3955676,3953380,21682,0,746,0
25.94823122024536,204726,3950904,3955676,3953380,21682,0,746,0
25.963683128356934,204726,3950904,3955676,3953380,21682,0,746,0
25.979183197021484,204726,3950904,3955676,3953380,21682,0,746,0
25.99459218978882,204726,3950904,3955676,3953380,21682,0,746,0
26.010178089141846,204726,3950904,3955676,3953380,21682,0,746,0
26.0258731842041,204726,3950904,3955676,3953380,21682,0,746,0
26.04149317741394,204726,3950904,3955676,3953380,21682,0,746,0
26.05717420578003,204726,3950904,3955676,3953380,21682,0,746,0
26.072559118270874,204726,3950904,3955676,3953380,21682,0,746,0
26.08812403678894,204726,3950904,3955676,3953380,21682,0,746,0
26.103543996810913,204726,3950904,3955676,3953380,21682,0,746,0
26.11917209625244,204726,3950904,3955676,3953380,21682,0,746,0
26.134627103805542,204726,3950904,3955676,3953380,21682,0,746,0
26.150151014328003,204726,3950904,3955676,3953380,21682,0,746,0
26.16570019721985,204726,3950904,3955676,3953380,21682,0,746,0
26.181230068206787,204726,3950904,3955676,3953380,21682,0,746,0
26.196691036224365,204726,3950904,3955676,3953380,21682,0,746,0
26.212369203567505,204726,3950904,3955676,3953380,21682,0,746,0
26.227689027786255,204726,3950904,3955676,3953380,21682,0,746,0
26.24317717552185,204726,3950904,3955676,3953380,21682,0,746,0
26.258570194244385,204726,3950904,3955676,3953380,21682,0,746,0
26.273990154266357,204726,3950904,3955676,3953380,21682,0,746,0
26.28943419456482,204726,3950904,3955676,3953380,21682,0,746,0
26.30446720123291,204726,3950904,3955676,3953380,21682,0,746,0
26.319546222686768,204726,3950904,3955676,3953380,21682,0,746,0
26.334973096847534,204726,3950904,3955676,3953380,21682,0,746,0
26.35024619102478,204726,3950904,3955676,3953380,21682,0,746,0
26.36586022377014,204726,3950904,3955676,3953380,21682,0,746,0
26.381113052368164,204726,3950904,3955676,3953380,21682,0,746,0
26.396498203277588,204726,3950904,3955676,3953380,21682,0,746,0
26.411972045898438,204726,3950904,3955676,3953380,21682,0,746,0
26.427512168884277,204726,3950904,3955676,3953380,21682,0,746,0
26.442867040634155,204726,3950904,3955676,3953380,21682,0,746,0
26.45849609375,204726,3950904,3955676,3953380,21682,0,746,0
26.47410821914673,204726,3950904,3955676,3953380,21682,0,746,0
26.48952317237854,204726,3950904,3955676,3953380,21682,0,746,0
26.505136013031006,204726,3950904,3955676,3953380,21682,0,746,0
26.520613193511963,204726,3950904,3955676,3953380,21682,0,746,0
26.536229133605957,204726,3950904,3955676,3953380,21682,0,746,0
26.551597118377686,204726,3950904,3955676,3953380,21682,0,746,0
26.567129135131836,204726,3950904,3955676,3953380,21682,0,746,0
26.582523107528687,204726,3950904,3955676,3953380,21682,0,746,0
26.59811019897461,204726,3950904,3955676,3953380,21682,0,746,0
26.613529205322266,204726,3950904,3955676,3953380,21682,0,746,0
26.6290500164032,204726,3950904,3955676,3953380,21682,0,746,0
26.64457106590271,204726,3950904,3955676,3953380,21682,0,746,0
26.66016912460327,204726,3950904,3955676,3953380,21682,0,746,0
26.675950050354004,204726,3950904,3955676,3953380,21682,0,746,0
26.69149422645569,204726,3950904,3955676,3953380,21682,0,746,0
26.707158088684082,204726,3950904,3955676,3953380,21682,0,746,0
26.722599029541016,204726,3950904,3955676,3953380,21682,0,746,0
26.738171100616455,204726,3950904,3955676,3953380,21682,0,746,0
26.753526210784912,204726,3950904,3955676,3953380,21682,0,746,0
26.769058227539062,204726,3950904,3955676,3953380,21682,0,746,0
26.78453016281128,204726,3950904,3955676,3953380,21682,0,746,0
26.800143003463745,204726,3950904,3955676,3953380,21682,0,746,0
26.8155460357666,204726,3950904,3955676,3953380,21682,0,746,0
26.831151008605957,204726,3950904,3955676,3953380,21682,0,746,0
26.84653401374817,204726,3950904,3955676,3953380,21682,0,746,0
26.862523078918457,204726,3950904,3955676,3953380,21682,0,746,0
26.878141164779663,204726,3950904,3955676,3953380,21682,0,746,0
26.89352822303772,204726,3950904,3955676,3953380,21682,0,746,0
26.908942222595215,204726,3950904,3955676,3953380,21682,0,746,0
26.92438817024231,204726,3168568,3173340,3171044,21682,0,730,0
26.940125226974487,204726,3168568,3173340,3171044,21682,0,730,0
26.955541133880615,204726,3168568,3173340,3171044,21682,0,730,0
26.971177101135254,204726,3168568,3173340,3171044,21682,0,730,0
26.98655104637146,204726,3168568,3173340,3171044,21682,0,730,0
27.002171993255615,204726,3168568,3173340,3171044,21682,0,730,0
27.017552137374878,204726,3168568,3173340,3171044,21682,0,730,0
27.033061027526855,204726,3168568,3173340,3171044,21682,0,730,0
27.04837203025818,204726,3168568,3173340,3171044,21682,0,730,0
27.063932180404663,204726,3168568,3173340,3171044,21682,0,730,0
27.079544067382812,204726,3168568,3173340,3171044,21682,0,730,0
27.0950710773468,204726,3168568,3173340,3171044,21682,0,730,0
27.110532999038696,204726,3168568,3173340,3171044,21682,0,730,0
27.126084089279175,204726,3168568,3173340,3171044,21682,0,730,0
27.14166522026062,204726,3168568,3173340,3171044,21682,0,730,0
27.157194137573242,204726,3168568,3173340,3171044,21682,0,730,0
27.17279314994812,204726,3168568,3173340,3171044,21682,0,730,0
27.188730001449585,204726,3168568,3173340,3171044,21682,0,730,0
27.204207181930542,204726,3168568,3173340,3171044,21682,0,730,0
27.219812154769897,204726,3168568,3173340,3171044,21682,0,730,0
27.235368013381958,204726,3174712,3179484,3177188,21685,0,730,0
27.250943183898926,204726,3182904,3187676,3185380,21689,0,731,0
27.266632080078125,204726,3191096,3195868,3193572,21693,0,731,0
27.282621145248413,204726,3193144,3197916,3195620,21694,0,731,0
27.29835820198059,204726,3193144,3197916,3195620,21694,0,731,0
27.31389021873474,204726,3193144,3197916,3195620,21694,0,731,0
27.329418182373047,204726,3193144,3197916,3195620,21694,0,731,0
27.345049142837524,204726,3193144,3197916,3195620,21694,0,731,0
27.360698223114014,204726,3193144,3197916,3195620,21694,0,731,0
27.376399993896484,204726,3193144,3197916,3195620,21694,0,731,0
27.392184019088745,204726,3193144,3197916,3195620,21694,0,731,0
27.407689094543457,204726,3193144,3197916,3195620,21694,0,731,0
27.423296213150024,204726,3193144,3197916,3195620,21694,0,731,0
27.43889808654785,204726,3193144,3197916,3195620,21694,0,731,0
27.454403162002563,204726,3193144,3197916,3195620,21694,0,731,0
27.469902992248535,204726,3193144,3197916,3195620,21694,0,731,0
27.485451221466064,204726,3193144,3197916,3195620,21694,0,731,0
27.501084089279175,204726,3193144,3197916,3195620,21694,0,731,0
27.516581058502197,204726,3193144,3197916,3195620,21694,0,731,0
27.53191614151001,204726,3193144,3197916,3195620,21694,0,731,0
27.547293186187744,204726,3193144,3197916,3195620,21694,0,731,0
27.562775135040283,204726,3193144,3197916,3195620,21694,0,731,0
27.578550100326538,204726,3193144,3197916,3195620,21694,0,731,0
27.594439029693604,204726,3193144,3197916,3195620,21694,0,731,0
27.610305070877075,204726,3193144,3197916,3195620,21694,0,731,0
27.625941038131714,204726,3193144,3197916,3195620,21694,0,731,0
27.641677141189575,204726,3193144,3197916,3195620,21694,0,731,0
27.65739917755127,204726,3193144,3197916,3195620,21694,0,731,0
27.67319917678833,204726,3193144,3197916,3195620,21694,0,731,0
27.689470052719116,204726,3193144,3197916,3195620,21694,0,731,0
27.705310106277466,204726,3193144,3197916,3195620,21694,0,731,0
27.720948219299316,204726,3193144,3197916,3195620,21694,0,731,0
27.73666501045227,204726,3193144,3197916,3195620,21694,0,731,0
27.75233221054077,204726,3193144,3197916,3195620,21694,0,731,0
27.768184185028076,204726,3193144,3197916,3195620,21694,0,731,0
27.78397011756897,204726,3193144,3197916,3195620,21694,0,731,0
27.799833059310913,204726,3193144,3197916,3195620,21694,0,731,0
27.815492153167725,204726,3193144,3197916,3195620,21694,0,731,0
27.83123803138733,204726,3193144,3197916,3195620,21694,0,731,0
27.846856117248535,204726,3193144,3197916,3195620,21694,0,731,0
27.862629175186157,204726,3193144,3197916,3195620,21694,0,731,0
27.878437042236328,204726,3193144,3197916,3195620,21694,0,731,0
27.89434504508972,204726,3193144,3197916,3195620,21694,0,731,0
27.910441160202026,204726,3193144,3197916,3195620,21694,0,731,0
27.92621922492981,204726,3193144,3197916,3195620,21694,0,731,0
27.941943168640137,204726,3193144,3197916,3195620,21694,0,731,0
27.957571029663086,204726,3193144,3197916,3195620,21694,0,731,0
27.973271131515503,204726,3193144,3197916,3195620,21694,0,731,0
27.988993167877197,204726,3193144,3197916,3195620,21694,0,731,0
28.004837036132812,204726,3193144,3197916,3195620,21694,0,731,0
28.02036714553833,204726,3193144,3197916,3195620,21694,0,731,0
28.035887002944946,204726,3193144,3197916,3195620,21694,0,731,0
28.051411151885986,204726,3193144,3197916,3195620,21694,0,731,0
28.066991090774536,204726,3193144,3197916,3195620,21694,0,731,0
28.08252501487732,204726,3193144,3197916,3195620,21694,0,731,0
28.09801411628723,204726,3193144,3197916,3195620,21694,0,731,0
28.114111185073853,204726,3193144,3197916,3195620,21694,0,731,0
28.129685163497925,204726,3193144,3197916,3195620,21694,0,731,0
28.14526104927063,204726,3193144,3197916,3195620,21694,0,731,0
28.160868167877197,204726,3193144,3197916,3195620,21694,0,731,0
28.176483154296875,204726,3193144,3197916,3195620,21694,0,731,0
28.192009210586548,204726,3193144,3197916,3195620,21694,0,731,0
28.207571029663086,204726,3193144,3197916,3195620,21694,0,731,0
28.223186016082764,204726,3193144,3197916,3195620,21694,0,731,0
28.238789081573486,204726,3193144,3197916,3195620,21694,0,731,0
28.25432014465332,204726,3193144,3197916,3195620,21694,0,731,0
28.269840002059937,204726,3193144,3197916,3195620,21694,0,731,0
28.285463094711304,204726,3193144,3197916,3195620,21694,0,731,0
28.30127501487732,204726,3193144,3197916,3195620,21694,0,731,0
28.317273139953613,204726,3193144,3197916,3195620,21694,0,731,0
28.333097219467163,204726,3193144,3197916,3195620,21694,0,731,0
28.34881019592285,204726,3193144,3197916,3195620,21694,0,731,0
28.364667177200317,204726,3193144,3197916,3195620,21694,0,731,0
28.38046407699585,204726,3193144,3197916,3195620,21694,0,731,0
28.396270036697388,204726,3193144,3197916,3195620,21694,0,731,0
28.41187620162964,204726,3193144,3197916,3195620,21694,0,731,0
28.4275221824646,204726,3193144,3197916,3195620,21694,0,731,0
28.44326400756836,204726,3193144,3197916,3195620,21694,0,731,0
28.45901322364807,204726,3193144,3197916,3195620,21694,0,731,0
28.474801063537598,204726,3193144,3197916,3195620,21694,0,731,0
28.490483045578003,204726,3193144,3197916,3195620,21694,0,731,0
28.506237030029297,204726,3193144,3197916,3195620,21694,0,731,0
28.52232003211975,204726,3193144,3197916,3195620,21694,0,731,0
28.538199186325073,204726,3193144,3197916,3195620,21694,0,731,0
28.553917169570923,204726,3193144,3197916,3195620,21694,0,731,0
28.569545030593872,204726,3193144,3197916,3195620,21694,0,731,0
28.584978103637695,204726,3193144,3197916,3195620,21694,0,731,0
28.600414991378784,204726,3193144,3197916,3195620,21694,0,731,0
28.615796089172363,204726,3193144,3197916,3195620,21694,0,731,0
28.631484031677246,204726,3193144,3197916,3195620,21694,0,731,0
28.647386074066162,204726,3193144,3197916,3195620,21694,0,731,0
28.66311502456665,204726,3193144,3197916,3195620,21694,0,731,0
28.678847074508667,204726,3193144,3197916,3195620,21694,0,731,0
28.69459104537964,204726,3193144,3197916,3195620,21694,0,731,0
28.710357189178467,204726,3193144,3197916,3195620,21694,0,731,0
28.726307153701782,204726,3193144,3197916,3195620,21694,0,731,0
28.742196083068848,204726,3193144,3197916,3195620,21694,0,731,0
28.757933139801025,204726,3193144,3197916,3195620,21694,0,731,0
28.773487091064453,204726,3193144,3197916,3195620,21694,0,731,0
28.78889513015747,204726,3193144,3197916,3195620,21694,0,731,0
28.80434513092041,204726,3193144,3197916,3195620,21694,0,731,0
28.819748163223267,204726,3193144,3197916,3195620,21694,0,731,0
28.835047006607056,204726,3193144,3197916,3195620,21694,0,731,0
28.850428104400635,204726,3193144,3197916,3195620,21694,0,731,0
28.865732192993164,204726,3193144,3197916,3195620,21694,0,731,0
28.881434202194214,204726,3193144,3197916,3195620,21694,0,731,0
28.897131204605103,204726,3193144,3197916,3195620,21694,0,731,0
28.91272211074829,204726,3193144,3197916,3195620,21694,0,731,0
28.928514003753662,204726,3193144,3197916,3195620,21694,0,731,0
28.944377183914185,204726,3193144,3197916,3195620,21694,0,731,0
28.96022605895996,204726,3193144,3197916,3195620,21694,0,731,0
28.97594714164734,204726,2564408,2569180,2566884,21694,0,718,0
28.991741180419922,204726,2564408,2569180,2566884,21694,0,718,0
29.00745415687561,204726,2564408,2569180,2566884,21694,0,718,0
29.023192167282104,204726,2564408,2569180,2566884,21694,0,718,0
29.038825035095215,204726,2564408,2569180,2566884,21694,0,718,0
29.054436206817627,204726,2564408,2569180,2566884,21694,0,718,0
29.07011914253235,204726,2564408,2569180,2566884,21694,0,718,0
29.085798025131226,204726,2564408,2569180,2566884,21694,0,718,0
29.101471185684204,204726,2564408,2569180,2566884,21694,0,718,0
29.117159128189087,204726,2564408,2569180,2566884,21694,0,718,0
29.13292407989502,204726,2564408,2569180,2566884,21694,0,718,0
29.14920401573181,204726,2564408,2569180,2566884,21694,0,718,0
29.164889097213745,204726,2564408,2569180,2566884,21694,0,718,0
29.180519104003906,204726,2564408,2569180,2566884,21694,0,718,0
29.196335077285767,204726,2564408,2569180,2566884,21694,0,718,0
29.212237119674683,204726,2564408,2569180,2566884,21694,0,718,0
29.228222131729126,204726,2564408,2569180,2566884,21694,0,718,0
29.243937015533447,204726,2564408,2569180,2566884,21694,0,718,0
29.25978422164917,204726,2564408,2569180,2566884,21694,0,718,0
29.275466203689575,204726,2564408,2569180,2566884,21694,0,718,0
29.29115915298462,204726,2564408,2569180,2566884,21694,0,718,0
29.306949138641357,204726,2564408,2569180,2566884,21694,0,718,0
29.322596073150635,204726,2564408,2569180,2566884,21694,0,718,0
29.33836007118225,204726,2564408,2569180,2566884,21694,0,718,0
29.354393005371094,204726,2564408,2569180,2566884,21694,0,718,0
29.37025499343872,204726,2564408,2569180,2566884,21694,0,718,0
29.386171102523804,204726,2564408,2569180,2566884,21694,0,718,0
29.401899099349976,204726,2564408,2569180,2566884,21694,0,718,0
29.417670011520386,204726,2564408,2569180,2566884,21694,0,718,0
29.43347716331482,204726,2564408,2569180,2566884,21694,0,718,0
29.44929814338684,204726,2564408,2569180,2566884,21694,0,718,0
29.465078115463257,204726,2564408,2569180,2566884,21694,0,718,0
29.480821132659912,204726,2564408,2569180,2566884,21694,0,718,0
29.496498107910156,204726,2564408,2569180,2566884,21694,0,718,0
29.512258052825928,204726,2564408,2569180,2566884,21694,0,718,0
29.52798104286194,204726,2564408,2569180,2566884,21694,0,718,0
29.543817043304443,204726,2564408,2569180,2566884,21694,0,718,0
29.559705018997192,204726,2564408,2569180,2566884,21694,0,718,0
29.575802087783813,204726,2564408,2569180,2566884,21694,0,718,0
29.59150719642639,204726,2564408,2569180,2566884,21694,0,718,0
29.607328176498413,204726,2564408,2569180,2566884,21694,0,718,0
29.622969150543213,204726,2564408,2569180,2566884,21694,0,718,0
29.638824224472046,204726,2564408,2569180,2566884,21694,0,718,0
29.65448522567749,204726,2564408,2569180,2566884,21694,0,718,0
29.67024517059326,204726,2564408,2569180,2566884,21694,0,718,0
29.68614912033081,204726,2564408,2569180,2566884,21694,0,718,0
29.70188307762146,204726,2564408,2569180,2566884,21694,0,718,0
29.717583179473877,204726,2564408,2569180,2566884,21694,0,718,0
29.73336410522461,204726,2564408,2569180,2566884,21694,0,718,0
29.749134063720703,204726,2564408,2569180,2566884,21694,0,718,0
29.76486301422119,204726,2564408,2569180,2566884,21694,0,718,0
29.78078818321228,204726,2564408,2569180,2566884,21694,0,718,0
29.79652714729309,204726,2564408,2569180,2566884,21694,0,718,0
29.812297105789185,204726,2564408,2569180,2566884,21694,0,718,0
29.828088998794556,204726,2564408,2569180,2566884,21694,0,718,0
29.843935012817383,204726,2564408,2569180,2566884,21694,0,718,0
29.859496116638184,204726,2564408,2569180,2566884,21694,0,718,0
29.87529706954956,204726,2564408,2569180,2566884,21694,0,718,0
29.89095711708069,204726,2564408,2569180,2566884,21694,0,718,0
29.906692028045654,204726,2564408,2569180,2566884,21694,0,718,0
29.92247700691223,204726,2564408,2569180,2566884,21694,0,718,0
29.938235998153687,204726,2564408,2569180,2566884,21694,0,718,0
29.953891038894653,204726,2564408,2569180,2566884,21694,0,718,0
29.96954107284546,204726,2564408,2569180,2566884,21694,0,718,0
29.985294103622437,204726,2564408,2569180,2566884,21694,0,718,0
30.000960111618042,204726,2564408,2569180,2566884,21694,0,718,0
30.01668620109558,204726,2564408,2569180,2566884,21694,0,718,0
30.032379150390625,204726,2564408,2569180,2566884,21694,0,718,0
30.04818320274353,204726,2564408,2569180,2566884,21694,0,718,0
30.063841104507446,204726,2564408,2569180,2566884,21694,0,718,0
30.0794939994812,204726,2564408,2569180,2566884,21694,0,718,0
30.095086097717285,204726,2564408,2569180,2566884,21694,0,718,0
30.11309814453125,204726,2564408,2569180,2566884,21694,0,718,0
30.1286780834198,204726,2564408,2569180,2566884,21694,0,718,0
30.14443802833557,204726,2564408,2569180,2566884,21694,0,718,0
30.160239219665527,204726,2564408,2569180,2566884,21694,0,718,0
30.175783157348633,204726,2564408,2569180,2566884,21694,0,718,0
30.1913800239563,204726,2564408,2569180,2566884,21694,0,718,0
30.206969022750854,204726,2564408,2569180,2566884,21694,0,718,0
30.222556114196777,204726,2564408,2569180,2566884,21694,0,718,0
30.238243103027344,204726,2564408,2569180,2566884,21694,0,718,0
30.253863096237183,204726,2564408,2569180,2566884,21694,0,718,0
30.269522190093994,204726,2564408,2569180,2566884,21694,0,718,0
30.285157203674316,204726,2564408,2569180,2566884,21694,0,718,0
30.300655126571655,204726,2564408,2569180,2566884,21694,0,718,0
30.316193103790283,204726,2564408,2569180,2566884,21694,0,718,0
30.331765174865723,204726,2564408,2569180,2566884,21694,0,718,0
30.34745216369629,204726,2564408,2569180,2566884,21694,0,718,0
30.363401174545288,204726,2564408,2569180,2566884,21694,0,718,0
30.379276037216187,204726,2564408,2569180,2566884,21694,0,718,0
30.395007133483887,204726,2564408,2569180,2566884,21694,0,718,0
30.41071105003357,204726,2564408,2569180,2566884,21694,0,718,0
30.426048040390015,204726,2564408,2569180,2566884,21694,0,718,0
30.4414381980896,204726,2564408,2569180,2566884,21694,0,718,0
30.457190990447998,204726,2572600,2577372,2575076,21698,0,718,0
30.472877025604248,204726,2580792,2585564,2583268,21702,0,718,0
30.488524198532104,204726,2588984,2593756,2591460,21706,0,719,0
30.504139184951782,204726,2597176,2601948,2599652,21710,0,719,0
30.52000617980957,204726,2605368,2610140,2607844,21714,0,719,0
30.53562021255493,204726,2613560,2618332,2616036,21718,0,719,0
30.551223039627075,204726,2621752,2626524,2624228,21722,0,720,0
30.566946029663086,204726,2629944,2634716,2632420,21726,0,720,0
30.58278203010559,204726,2638136,2642908,2640612,21730,0,720,0
30.598363161087036,204726,2646328,2651100,2648804,21734,0,720,0
30.614058017730713,204726,2654520,2659292,2656996,21738,0,720,0
30.629582166671753,204726,2662712,2667484,2665188,21741,0,720,0
30.64521622657776,204726,2670904,2675676,2673380,21745,0,720,0
30.660909175872803,204726,2679096,2683868,2681572,21749,0,720,0
30.676504135131836,204726,2687288,2692060,2689764,21753,0,721,0
30.692146062850952,204726,2695480,2700252,2697956,21757,0,721,0
30.707828044891357,204726,2703672,2708444,2706148,21761,0,721,0
30.723552227020264,204726,2711864,2716636,2714340,21765,0,721,0
30.739153146743774,204726,2720056,2724828,2722532,21769,0,722,0
30.754759073257446,204726,2728248,2733020,2730724,21773,0,722,0
30.770498991012573,204726,2736440,2741212,2738916,21777,0,722,0
30.78636908531189,204726,2744632,2749404,2747108,21781,0,722,0
30.80235505104065,204726,2752824,2757596,2755300,21785,0,722,0
30.81853199005127,204726,2761016,2765788,2763492,21789,0,722,0
30.834288120269775,204726,2767160,2773980,2769636,21793,0,722,0
30.84982419013977,204726,2775352,2782172,2777828,21797,0,722,0
30.865477085113525,204726,2783544,2790364,2786020,21801,0,723,0
30.88125205039978,204726,2791736,2798556,2794212,21805,0,723,0
30.89689803123474,204726,2799928,2806748,2802404,21809,0,723,0
30.912482023239136,204726,2808120,2814940,2810596,21813,0,723,0
30.928080081939697,204726,2816312,2823132,2818788,21817,0,724,0
30.943719148635864,204726,2824504,2831324,2826980,21821,0,724,0
30.95930504798889,204726,2832696,2839516,2835172,21825,0,724,0
30.974952220916748,204726,2840888,2847708,2843364,21829,0,724,0
30.99048614501953,204726,2849080,2853852,2851556,21833,0,724,0
31.00617814064026,204726,2857272,2862044,2859748,21837,0,724,0
31.02190613746643,204726,2849080,2853852,2851556,21841,0,724,0
31.03773808479309,204726,2857272,2862044,2859748,21845,0,724,0
31.053385019302368,204726,2865464,2870236,2867940,21849,0,724,0
31.06916904449463,204726,2875704,2880476,2878180,21853,0,724,0
31.086395025253296,204726,2881848,2888668,2884324,21857,0,725,0
31.102065086364746,204726,2885944,2890716,2888420,21859,0,725,0
31.117631196975708,204726,2885944,2890716,2888420,21859,0,725,0
31.133162021636963,204726,2885944,2890716,2888420,21859,0,725,0
31.14878010749817,204726,2885944,2890716,2888420,21859,0,725,0
31.164385080337524,204726,2885944,2890716,2888420,21859,0,725,0
31.18038320541382,204726,2885944,2890716,2888420,21859,0,725,0
31.19589614868164,204726,2885944,2890716,2888420,21859,0,725,0
31.21144199371338,204726,2885944,2890716,2888420,21859,0,725,0
31.22714114189148,204726,2885944,2890716,2888420,21859,0,725,0
31.24272108078003,204726,2885944,2890716,2888420,21859,0,725,0
31.25832200050354,204726,2885944,2890716,2888420,21859,0,725,0
31.273685216903687,204726,2885944,2890716,2888420,21859,0,725,0
31.289167165756226,204726,2885944,2890716,2888420,21859,0,725,0
31.304664134979248,204726,2885944,2890716,2888420,21859,0,725,0
31.320152044296265,204726,2885944,2890716,2888420,21859,0,725,0
31.33570122718811,204726,2885944,2890716,2888420,21859,0,725,0
31.35127902030945,204726,2885944,2890716,2888420,21859,0,725,0
31.366552114486694,204726,2885944,2890716,2888420,21859,0,725,0
31.382153034210205,204726,2885944,2890716,2888420,21859,0,725,0
31.39754819869995,204726,2885944,2890716,2888420,21859,0,725,0
31.413031101226807,204726,2885944,2890716,2888420,21859,0,725,0
31.428526163101196,204726,2885944,2890716,2888420,21859,0,725,0
31.444409132003784,204726,2885944,2890716,2888420,21859,0,725,0
31.459938049316406,204726,2885944,2890716,2888420,21859,0,725,0
31.475473165512085,204726,2885944,2890716,2888420,21859,0,725,0
31.491064071655273,204726,2885944,2890716,2888420,21859,0,725,0
31.506554126739502,204726,2885944,2890716,2888420,21859,0,725,0
31.52216911315918,204726,2885944,2890716,2888420,21859,0,725,0
31.537609100341797,204726,2885944,2890716,2888420,21859,0,725,0
31.553197145462036,204726,2885944,2890716,2888420,21859,0,725,0
31.56868600845337,204726,2885944,2890716,2888420,21859,0,725,0
31.584196090698242,204726,2885944,2890716,2888420,21859,0,725,0
31.5997371673584,204726,2885944,2890716,2888420,21859,0,725,0
31.615170001983643,204726,2885944,2890716,2888420,21859,0,725,0
31.630566120147705,204726,2885944,2890716,2888420,21859,0,725,0
31.64617419242859,204726,2885944,2890716,2888420,21859,0,725,0
31.661556005477905,204726,2885944,2890716,2888420,21859,0,725,0
31.677122116088867,204726,2885944,2890716,2888420,21859,0,725,0
31.692540168762207,204726,2885944,2890716,2888420,21859,0,725,0
31.708129167556763,204726,2885944,2890716,2888420,21859,0,725,0
31.723549127578735,204726,2885944,2890716,2888420,21859,0,725,0
31.739135026931763,204726,2885944,2890716,2888420,21859,0,725,0
31.754539012908936,204726,2885944,2890716,2888420,21859,0,725,0
31.77012801170349,204726,2885944,2890716,2888420,21859,0,725,0
31.785661220550537,204726,2885944,2890716,2888420,21859,0,725,0
31.80119299888611,204726,2885944,2890716,2888420,21859,0,725,0
31.81665802001953,204726,2885944,2890716,2888420,21859,0,725,0
31.832158088684082,204726,2885944,2890716,2888420,21859,0,725,0
31.84761619567871,204726,2885944,2890716,2888420,21859,0,725,0
31.863063097000122,204726,2885944,2890716,2888420,21859,0,725,0
31.878557205200195,204726,2885944,2890716,2888420,21859,0,725,0
31.894161224365234,204726,2885944,2890716,2888420,21859,0,725,0
31.909634113311768,204726,2885944,2890716,2888420,21859,0,725,0
31.92509412765503,204726,2885944,2890716,2888420,21859,0,725,0
31.94055199623108,204726,2885944,2890716,2888420,21859,0,725,0
31.956080198287964,204726,2885944,2890716,2888420,21859,0,725,0
31.97142505645752,204726,2885944,2890716,2888420,21859,0,725,0
31.986629009246826,204726,2885944,2890716,2888420,21859,0,725,0
32.00211811065674,204726,2885944,2890716,2888420,21859,0,725,0
32.01753807067871,204726,2885944,2890716,2888420,21859,0,725,0
32.0330491065979,204726,2885944,2890716,2888420,21859,0,725,0
32.05159401893616,204726,2885944,2890716,2888420,21859,0,725,0
32.067533016204834,204726,2885944,2890716,2888420,21859,0,725,0
32.083102226257324,204726,2885944,2890716,2888420,21859,0,725,0
32.0985221862793,204726,2885944,2890716,2888420,21859,0,725,0
32.1139190196991,204726,2885944,2890716,2888420,21859,0,725,0
32.129656076431274,204726,2885944,2890716,2888420,21859,0,725,0
32.14518904685974,204726,2885944,2890716,2888420,21859,0,725,0
32.160964012145996,204726,2885944,2890716,2888420,21859,0,725,0
32.176369190216064,204726,2885944,2890716,2888420,21859,0,725,0
32.191652059555054,204726,2885944,2890716,2888420,21859,0,725,0
32.207290172576904,204726,2885944,2890716,2888420,21859,0,725,0
32.22261118888855,204726,2885944,2890716,2888420,21859,0,725,0
32.23794102668762,204726,2885944,2890716,2888420,21859,0,725,0
32.253515005111694,204726,2885944,2890716,2888420,21859,0,725,0
32.26914405822754,204726,2885944,2890716,2888420,21859,0,725,0
32.28453612327576,204726,2885944,2890716,2888420,21859,0,725,0
32.30017614364624,204726,2885944,2890716,2888420,21859,0,725,0
32.31556010246277,204726,2885944,2890716,2888420,21859,0,725,0
32.33116602897644,204726,2885944,2890716,2888420,21859,0,725,0
32.3464469909668,204726,2885944,2890716,2888420,21859,0,725,0
32.36199903488159,204726,2885944,2890716,2888420,21859,0,725,0
32.37759804725647,204726,2885944,2890716,2888420,21859,0,725,0
32.393110036849976,204726,2885944,2890716,2888420,21859,0,725,0
32.408650159835815,204726,2885944,2890716,2888420,21859,0,725,0
32.42398118972778,204726,2885944,2890716,2888420,21859,0,725,0
32.43918704986572,204726,2885944,2890716,2888420,21859,0,725,0
32.45455622673035,204726,2885944,2890716,2888420,21859,0,725,0
32.46980118751526,204726,2885944,2890716,2888420,21859,0,725,0
32.485594034194946,204726,2885944,2890716,2888420,21859,0,725,0
32.50103402137756,204726,2885944,2890716,2888420,21859,0,725,0
32.51663017272949,204726,2885944,2890716,2888420,21859,0,725,0
32.531726121902466,204726,2885944,2890716,2888420,21859,0,725,0
32.54708909988403,204726,2885944,2890716,2888420,21859,0,725,0
32.56265115737915,204726,2885944,2890716,2888420,21859,0,725,0
32.57796907424927,204726,2885944,2890716,2888420,21859,0,725,0
32.59349322319031,204726,2885944,2890716,2888420,21859,0,725,0
32.60899901390076,204726,2885944,2890716,2888420,21859,0,725,0
32.62410807609558,204726,2885944,2890716,2888420,21859,0,725,0
32.639506101608276,204726,2885944,2890716,2888420,21859,0,725,0
32.65512013435364,204726,2885944,2890716,2888420,21859,0,725,0
32.6705482006073,204726,2885944,2890716,2888420,21859,0,725,0
32.68610715866089,204726,2885944,2890716,2888420,21859,0,725,0
32.70148801803589,204726,2885944,2890716,2888420,21859,0,725,0
32.716989040374756,204726,2885944,2890716,2888420,21859,0,725,0
32.73248100280762,204726,2885944,2890716,2888420,21859,0,725,0
32.74791502952576,204726,2885944,2890716,2888420,21859,0,725,0
32.7635440826416,204726,2885944,2890716,2888420,21859,0,725,0
32.77907919883728,204726,2885944,2890716,2888420,21859,0,725,0
32.79453110694885,204726,2885944,2890716,2888420,21859,0,725,0
32.80998516082764,204726,2885944,2890716,2888420,21859,0,725,0
32.82554912567139,204726,2885944,2890716,2888420,21859,0,725,0
32.84056901931763,204726,2885944,2890716,2888420,21859,0,725,0
32.856181144714355,204726,2885944,2890716,2888420,21859,0,725,0
32.871697187423706,204726,2885944,2890716,2888420,21859,0,725,0
32.88696813583374,204726,2885944,2890716,2888420,21859,0,725,0
32.90281105041504,204726,2885944,2890716,2888420,21859,0,725,0
32.918132066726685,204726,2885944,2890716,2888420,21859,0,725,0
32.93350410461426,204726,2885944,2890716,2888420,21859,0,725,0
32.94898009300232,204726,2885944,2890716,2888420,21859,0,725,0
32.9643120765686,204726,2885944,2890716,2888420,21859,0,725,0
32.979515075683594,204726,2885944,2890716,2888420,21859,0,725,0
32.99514412879944,204726,2885944,2890716,2888420,21859,0,725,0
33.010239124298096,204726,2885944,2890716,2888420,21859,0,725,0
33.026124000549316,204726,2885944,2890716,2888420,21859,0,725,0
33.04152321815491,204726,2885944,2890716,2888420,21859,0,725,0
33.05671000480652,204726,2885944,2890716,2888420,21859,0,725,0
33.07227611541748,204726,2885944,2890716,2888420,21859,0,725,0
33.087562084198,204726,2885944,2890716,2888420,21859,0,725,0
33.10309910774231,204726,2885944,2890716,2888420,21859,0,725,0
33.11848020553589,204726,2885944,2890716,2888420,21859,0,725,0
33.133976221084595,204726,2523448,2528220,2525924,21859,0,718,0
33.149529218673706,204726,2523448,2528220,2525924,21859,0,718,0
33.16488814353943,204726,2523448,2528220,2525924,21859,0,718,0
33.180206060409546,204726,2523448,2528220,2525924,21859,0,718,0
33.19525504112244,204726,2523448,2528220,2525924,21859,0,718,0
33.210533142089844,204726,2523448,2528220,2525924,21859,0,718,0
33.226097106933594,204726,2523448,2528220,2525924,21859,0,718,0
33.241552114486694,204726,2523448,2528220,2525924,21859,0,718,0
33.25660800933838,204726,2523448,2528220,2525924,21859,0,718,0
33.27218699455261,204726,2523448,2528220,2525924,21859,0,718,0
33.28777313232422,204726,2523448,2528220,2525924,21859,0,718,0
33.303168058395386,204726,2523448,2528220,2525924,21859,0,718,0
33.31893014907837,204726,2523448,2528220,2525924,21859,0,718,0
33.33457112312317,204726,2523448,2528220,2525924,21859,0,718,0
33.34952211380005,204726,2523512,2528352,2525988,21860,0,718,0
33.36455321311951,204726,2523512,2528352,2525988,21860,0,718,0
33.38012719154358,204726,2523512,2528352,2525988,21860,0,718,0
33.395546197891235,204726,2523512,2528352,2525988,21860,0,718,0
33.41110706329346,204726,2523512,2528352,2525988,21860,0,718,0
33.42652916908264,204726,2523512,2528352,2525988,21860,0,718,0
33.44200420379639,204726,2523512,2528352,2525988,21860,0,718,0
33.457484006881714,204726,2523512,2528352,2525988,21860,0,718,0
33.472634077072144,204726,2523512,2528352,2525988,21860,0,718,0
33.488089084625244,204726,2523512,2528352,2525988,21860,0,718,0
33.50361514091492,204726,2523512,2528352,2525988,21860,0,718,0
33.51919221878052,204726,2523512,2528352,2525988,21860,0,718,0
33.53465914726257,204726,2523512,2528352,2525988,21860,0,718,0
33.54989504814148,204726,2523512,2528352,2525988,21860,0,718,0
33.565213203430176,204726,2523512,2528352,2525988,21860,0,718,0
33.580533027648926,204726,2523512,2528352,2525988,21860,0,718,0
33.59618616104126,204726,2523512,2528352,2525988,21860,0,718,0
33.611555099487305,204726,2523512,2528352,2525988,21860,0,718,0
33.62712621688843,204726,2523512,2528352,2525988,21860,0,718,0
33.64260411262512,204726,2523512,2528352,2525988,21860,0,718,0
33.65815711021423,204726,2523512,2528352,2525988,21860,0,718,0
33.6735200881958,204726,2523512,2528352,2525988,21860,0,718,0
33.6885130405426,204726,2523512,2528352,2525988,21860,0,718,0
33.704326152801514,204726,2523512,2528352,2525988,21860,0,718,0
33.719513177871704,204726,2523512,2528352,2525988,21860,0,718,0
33.73505210876465,204726,2523512,2528352,2525988,21860,0,718,0
33.75051808357239,204726,2523512,2528352,2525988,21860,0,718,0
33.76587700843811,204726,2523512,2528352,2525988,21860,0,718,0
33.7815420627594,204726,2523512,2528352,2525988,21860,0,718,0
33.7969491481781,204726,2523512,2528352,2525988,21860,0,718,0
33.81250810623169,204726,2523512,2528352,2525988,21860,0,718,0
33.82800912857056,204726,2523512,2528352,2525988,21860,0,718,0
33.84343719482422,204726,2523512,2528352,2525988,21860,0,718,0
33.858647108078,204726,2523512,2528352,2525988,21860,0,718,0
33.8736310005188,204726,2523512,2528352,2525988,21860,0,718,0
33.889018058776855,204726,2523512,2528352,2525988,21860,0,718,0
33.90414619445801,204726,2523512,2528352,2525988,21860,0,718,0
33.919058084487915,204726,2523512,2528352,2525988,21860,0,718,0
33.934574127197266,204726,2523512,2528352,2525988,21860,0,718,0
33.95012307167053,204726,2523512,2528352,2525988,21860,0,718,0
33.96553301811218,204726,2523512,2528352,2525988,21860,0,718,0
33.98064613342285,204726,2523512,2528352,2525988,21860,0,718,0
33.99644708633423,204726,2523512,2528352,2525988,21860,0,718,0
34.011550188064575,204726,2523512,2528352,2525988,21860,0,718,0
34.02700400352478,204726,2523512,2528352,2525988,21860,0,718,0
34.04255414009094,204726,2523512,2528352,2525988,21860,0,718,0
34.057743072509766,204726,2523512,2528352,2525988,21860,0,718,0
34.073137044906616,204726,2523512,2528352,2525988,21860,0,718,0
34.088523149490356,204726,2523512,2528352,2525988,21860,0,718,0
34.10400700569153,204726,2523512,2528352,2525988,21860,0,718,0
34.1196711063385,204726,2523512,2528352,2525988,21860,0,718,0
34.13494801521301,204726,2523512,2528352,2525988,21860,0,718,0
34.15100121498108,204726,2523512,2528352,2525988,21860,0,718,0
34.16612911224365,204726,2523512,2528352,2525988,21860,0,718,0
34.18150520324707,204726,2523512,2528352,2525988,21860,0,718,0
34.19701099395752,204726,2523512,2528352,2525988,21860,0,718,0
34.21221208572388,204726,2523512,2528352,2525988,21860,0,718,0
34.22753715515137,204726,2523512,2528352,2525988,21860,0,718,0
34.24281620979309,204726,2523512,2528352,2525988,21860,0,718,0
34.25814604759216,204726,2523512,2528352,2525988,21860,0,718,0
34.273526191711426,204726,2523512,2528352,2525988,21860,0,718,0
34.289113998413086,204726,2523512,2528352,2525988,21860,0,718,0
34.30454707145691,204726,2523512,2528352,2525988,21860,0,718,0
34.32011604309082,204726,2523512,2528352,2525988,21860,0,718,0
34.335225105285645,204726,2523512,2528352,2525988,21860,0,718,0
34.350969076156616,204726,2523512,2528352,2525988,21860,0,718,0
34.36654806137085,204726,2523512,2528352,2525988,21860,0,718,0
34.38204908370972,204726,2523512,2528352,2525988,21860,0,718,0
34.3971471786499,204726,2523512,2528352,2525988,21860,0,718,0
34.41254115104675,204726,2523512,2528352,2525988,21860,0,718,0
34.42789602279663,204726,2523512,2528352,2525988,21860,0,718,0
34.443183183670044,204726,2523512,2528352,2525988,21860,0,718,0
34.45856308937073,204726,2523512,2528352,2525988,21860,0,718,0
34.47398400306702,204726,2523512,2528352,2525988,21860,0,718,0
34.48908710479736,204726,2523512,2528352,2525988,21860,0,718,0
34.504690170288086,204726,2523512,2528352,2525988,21860,0,718,0
34.52001619338989,204726,2523512,2528352,2525988,21860,0,718,0
34.53565311431885,204726,2523512,2528352,2525988,21860,0,718,0
34.55113410949707,204726,2523512,2528352,2525988,21860,0,718,0
34.566548109054565,204726,2523512,2528352,2525988,21860,0,718,0
34.58216309547424,204726,2523512,2528352,2525988,21860,0,718,0
34.597278118133545,204726,2523512,2528352,2525988,21860,0,718,0
34.612518072128296,204726,2523512,2528352,2525988,21860,0,718,0
34.627626180648804,204726,2523512,2528352,2525988,21860,0,718,0
34.64314103126526,204726,2523512,2528352,2525988,21860,0,718,0
34.658607006073,204726,2523512,2528352,2525988,21860,0,718,0
34.67413902282715,204726,2523512,2528352,2525988,21860,0,718,0
34.68953514099121,204726,2523512,2528352,2525988,21860,0,718,0
34.704567193984985,204726,2523512,2528352,2525988,21860,0,718,0
34.72010517120361,204726,2523512,2528352,2525988,21860,0,718,0
34.735507011413574,204726,2523512,2528352,2525988,21860,0,718,0
34.75100517272949,204726,2523512,2528352,2525988,21860,0,718,0
34.766510009765625,204726,2523512,2528352,2525988,21860,0,718,0
34.78201699256897,204726,2523512,2528352,2525988,21860,0,718,0
34.79748010635376,204726,2523512,2528352,2525988,21860,0,718,0
34.81299901008606,204726,2523512,2528352,2525988,21860,0,718,0
34.82850408554077,204726,2523512,2528352,2525988,21860,0,718,0
34.84392499923706,204726,2523512,2528352,2525988,21860,0,718,0
34.859196186065674,204726,2523512,2528352,2525988,21860,0,718,0
34.874534130096436,204726,2523512,2528352,2525988,21860,0,718,0
34.89000916481018,204726,2523512,2528352,2525988,21860,0,718,0
34.9055061340332,204726,2523512,2528352,2525988,21860,0,718,0
34.92074203491211,204726,2523512,2528352,2525988,21860,0,718,0
34.93611121177673,204726,2523512,2528352,2525988,21860,0,718,0
34.951783180236816,204726,2523512,2528352,2525988,21860,0,718,0
34.97040009498596,204726,2523512,2528352,2525988,21860,0,718,0
34.98603010177612,204726,2523512,2528352,2525988,21860,0,718,0
35.00111699104309,204726,2523512,2528352,2525988,21860,0,718,0
35.01621603965759,204726,2523512,2528352,2525988,21860,0,718,0
35.03148603439331,204726,2523512,2528352,2525988,21860,0,718,0
35.04695415496826,204726,2523512,2528352,2525988,21860,0,718,0
35.06266117095947,204726,2523512,2528352,2525988,21860,0,718,0
35.078102111816406,204726,2523512,2528352,2525988,21860,0,718,0
35.093565225601196,204726,2523512,2528352,2525988,21860,0,718,0
35.108981132507324,204726,2523512,2528352,2525988,21860,0,718,0
35.12448501586914,204726,2523512,2528352,2525988,21860,0,718,0
35.1399941444397,204726,2523512,2528352,2525988,21860,0,718,0
35.155105113983154,204726,2523512,2528352,2525988,21860,0,718,0
35.17060208320618,204726,2523512,2432096,2525988,21860,0,716,0
35.18663311004639,204726,2103672,2108512,2106148,21860,0,709,0
35.202139139175415,204726,2103672,2108512,2106148,21860,0,709,0
35.217546224594116,204726,2103672,2108512,2106148,21860,0,709,0
35.2335000038147,204726,2103672,2108512,2106148,21860,0,709,0
35.249675035476685,204726,2103672,2108512,2106148,21860,0,709,0
35.265886068344116,204726,2103672,2108512,2106148,21860,0,709,0
35.28194999694824,204726,2103672,2108512,2106148,21860,0,709,0
35.29795217514038,204726,2103672,2108512,2106148,21860,0,709,0
35.31421613693237,204726,2103672,2108512,2106148,21860,0,709,0
35.33029818534851,204726,2103672,2108512,2106148,21860,0,709,0
35.34617614746094,204726,2103672,2108512,2106148,21860,0,709,0
35.36232018470764,204726,2103672,2108512,2106148,21860,0,709,0
35.378523111343384,204726,2103672,2108512,2106148,21860,0,709,0
35.395124197006226,204726,2103672,2108512,2106148,21860,0,709,0
35.411399126052856,204726,2103672,2108512,2106148,21860,0,709,0
35.42751502990723,204726,2103672,2108512,2106148,21860,0,709,0
35.44365406036377,204726,2103672,2108512,2106148,21860,0,709,0
35.459628105163574,204726,2103672,2108512,2106148,21860,0,709,0
35.47555112838745,204726,2103672,2108512,2106148,21860,0,709,0
35.49152612686157,204726,2103672,2108512,2106148,21860,0,709,0
35.50746703147888,204726,2103672,2108512,2106148,21860,0,709,0
35.52362418174744,204726,2103672,2108512,2106148,21860,0,709,0
35.53969621658325,204726,2103672,2108512,2106148,21860,0,709,0
35.55574011802673,204726,2103672,2108512,2106148,21860,0,709,0
35.57198905944824,204726,2103672,2108512,2106148,21860,0,709,0
35.58809518814087,204726,2103672,2108512,2106148,21860,0,709,0
35.60413122177124,204726,2103672,2108512,2106148,21860,0,709,0
35.62036919593811,204726,2103672,2108512,2106148,21860,0,709,0
35.63646411895752,204726,2103672,2108512,2106148,21860,0,709,0
35.65261507034302,204726,2103672,2108512,2106148,21860,0,709,0
35.66861915588379,204726,2103672,2108512,2106148,21860,0,709,0
35.684927225112915,204726,2103672,2108512,2106148,21860,0,709,0
35.70095419883728,204726,2103672,2108512,2106148,21860,0,709,0
35.71700620651245,204726,2103672,2108512,2106148,21860,0,709,0
35.73334217071533,204726,2103672,2108512,2106148,21860,0,709,0
35.74959421157837,204726,2103672,2108512,2106148,21860,0,709,0
35.76562809944153,204726,2103672,2108512,2106148,21860,0,709,0
35.78176021575928,204726,2103672,2108512,2106148,21860,0,709,0
35.79787802696228,204726,2103672,2108512,2106148,21860,0,709,0
35.81392216682434,204726,2103672,2108512,2106148,21860,0,709,0
35.830180168151855,204726,2103672,2108512,2106148,21860,0,709,0
35.84636402130127,204726,2103672,2108512,2106148,21860,0,709,0
35.86265301704407,204726,2103672,2108512,2106148,21860,0,709,0
35.8785400390625,204726,2103672,2108512,2106148,21860,0,709,0
35.89459204673767,204726,2103672,2108512,2106148,21860,0,709,0
35.910858154296875,204726,2103672,2108512,2106148,21860,0,709,0
35.92687201499939,204726,2103672,2108512,2106148,21860,0,709,0
35.94335317611694,204726,2103672,2108512,2106148,21860,0,709,0
35.95963907241821,204726,2105720,2110560,2108196,21861,0,709,0
35.97550702095032,204726,2113912,2118752,2116388,21865,0,709,0
35.991775035858154,204726,2122104,2126944,2124580,21869,0,709,0
36.007970094680786,204726,2130296,2135136,2132772,21873,0,710,0
36.024251222610474,204726,2132344,2137184,2134820,21874,0,710,0
36.040499210357666,204726,2132344,2137184,2134820,21874,0,710,0
36.05645513534546,204726,2132344,2137184,2134820,21874,0,710,0
36.07261109352112,204726,2132344,2137184,2134820,21874,0,710,0
36.088579177856445,204726,2132344,2137184,2134820,21874,0,710,0
36.10459017753601,204726,2132344,2137184,2134820,21874,0,710,0
36.120474100112915,204726,2132344,2137184,2134820,21874,0,710,0
36.136781215667725,204726,2132344,2137184,2134820,21874,0,710,0
36.152767181396484,204726,2132344,2137184,2134820,21874,0,710,0
36.16882801055908,204726,2132344,2137184,2134820,21874,0,710,0
36.18474102020264,204726,2132344,2137184,2134820,21874,0,710,0
36.200796127319336,204726,2132344,2137184,2134820,21874,0,710,0
36.21675109863281,204726,2132344,2137184,2134820,21874,0,710,0
36.23336601257324,204726,2132344,2137184,2134820,21874,0,710,0
36.249253034591675,204726,2132344,2137184,2134820,21874,0,710,0
36.26553416252136,204726,2132344,2137184,2134820,21874,0,710,0
36.28159213066101,204726,2132344,2137184,2134820,21874,0,710,0
36.29752516746521,204726,2132344,2137184,2134820,21874,0,710,0
36.31341004371643,204726,2132344,2137184,2134820,21874,0,710,0
36.329588174819946,204726,2132344,2137184,2134820,21874,0,710,0
36.34555101394653,204726,2132344,2137184,2134820,21874,0,710,0
36.36159110069275,204726,2132344,2137184,2134820,21874,0,710,0
36.37770414352417,204726,2132344,2137184,2134820,21874,0,710,0
36.39376211166382,204726,2132344,2137184,2134820,21874,0,710,0
36.40982007980347,204726,2132344,2137184,2134820,21874,0,710,0
36.42597818374634,204726,2132344,2137184,2134820,21874,0,710,0
36.44200420379639,204726,2132344,2137184,2134820,21874,0,710,0
36.457696199417114,204726,2132344,2137184,2134820,21874,0,710,0
36.47341299057007,204726,2132344,2137184,2134820,21874,0,710,0
36.489256143569946,204726,2132344,2137184,2134820,21874,0,710,0
36.50508117675781,204726,2132344,2137184,2134820,21874,0,710,0
36.52125406265259,204726,2132344,2137184,2134820,21874,0,710,0
36.537233114242554,204726,2132344,2137184,2134820,21874,0,710,0
36.55338406562805,204726,2132344,2137184,2134820,21874,0,710,0
36.56929922103882,204726,2132344,2137184,2134820,21874,0,710,0
36.5856511592865,204726,2132344,2137184,2134820,21874,0,710,0
36.60170602798462,204726,2132344,2137184,2134820,21874,0,710,0
36.617760181427,204726,2132344,2137184,2134820,21874,0,710,0
36.63409399986267,204726,2132344,2137184,2134820,21874,0,710,0
36.65045213699341,204726,2132344,2137184,2134820,21874,0,710,0
36.66673707962036,204726,2132344,2137184,2134820,21874,0,710,0
36.68285417556763,204726,2132344,2137184,2134820,21874,0,710,0
36.69918608665466,204726,2132344,2137184,2134820,21874,0,710,0
36.715333223342896,204726,2132344,2137184,2134820,21874,0,710,0
36.731640100479126,204726,2132344,2137184,2134820,21874,0,710,0
36.74750518798828,204726,2132344,2137184,2134820,21874,0,710,0
36.76355504989624,204726,2132344,2137184,2134820,21874,0,710,0
36.779747009277344,204726,2132344,2137184,2134820,21874,0,710,0
36.795703172683716,204726,2132344,2137184,2134820,21874,0,710,0
36.81164216995239,204726,2132344,2137184,2134820,21874,0,710,0
36.82785511016846,204726,2132344,2137184,2134820,21874,0,710,0
36.84378004074097,204726,2132344,2137184,2134820,21874,0,710,0
36.8600800037384,204726,2132344,2137184,2134820,21874,0,710,0
36.87620711326599,204726,2132344,2137184,2134820,21874,0,710,0
36.89253306388855,204726,2132344,2137184,2134820,21874,0,710,0
36.90888500213623,204726,2132344,2137184,2134820,21874,0,710,0
36.92484903335571,204726,2132344,2137184,2134820,21874,0,710,0
36.94122314453125,204726,2132344,2137184,2134820,21874,0,710,0
36.957192182540894,204726,2132344,2137184,2134820,21874,0,710,0
36.97347021102905,204726,2132344,2137184,2134820,21874,0,710,0
36.98951315879822,204726,2132344,2137184,2134820,21874,0,710,0
37.005428075790405,204726,2132344,2137184,2134820,21874,0,710,0
37.02137207984924,204726,2132344,2137184,2134820,21874,0,710,0
37.03728914260864,204726,2132344,2137184,2134820,21874,0,710,0
37.0532431602478,204726,2132344,2137184,2134820,21874,0,710,0
37.06950402259827,204726,2132344,2137184,2134820,21874,0,710,0
37.08547520637512,204726,2132344,2137184,2134820,21874,0,710,0
37.10154104232788,204726,2132344,2137184,2134820,21874,0,710,0
37.117751121520996,204726,2132344,2137184,2134820,21874,0,710,0
37.13394522666931,204726,2132344,2137184,2134820,21874,0,710,0
37.15015912055969,204726,2132344,2137184,2134820,21874,0,710,0
37.16624212265015,204726,2132344,2137184,2134820,21874,0,710,0
37.18259620666504,204726,2132344,2137184,2134820,21874,0,710,0
37.19866418838501,204726,2132344,2137184,2134820,21874,0,710,0
37.21506214141846,204726,2132344,2137184,2134820,21874,0,710,0
37.231619119644165,204726,1857912,1862752,1860388,21874,0,704,0
37.24780511856079,204726,1857912,1862752,1860388,21875,0,704,0
37.263668060302734,204726,1857912,1862752,1860388,21875,0,704,0
37.27966117858887,204726,1857912,1862752,1860388,21875,0,704,0
37.29581809043884,204726,1857912,1862752,1860388,21875,0,704,0
37.31200313568115,204726,1857912,1862752,1860388,21875,0,704,0
37.328328132629395,204726,1857912,1862752,1860388,21875,0,704,0
37.34472417831421,204726,1857912,1862752,1860388,21875,0,704,0
37.360655069351196,204726,1857912,1862752,1860388,21875,0,704,0
37.376771211624146,204726,1857912,1862752,1860388,21875,0,704,0
37.39282202720642,204726,1857912,1862752,1860388,21875,0,704,0
37.40868401527405,204726,1857912,1862752,1860388,21875,0,704,0
37.4247682094574,204726,1857912,1862752,1860388,21875,0,704,0
37.44072222709656,204726,1857912,1862752,1860388,21875,0,704,0
37.45658206939697,204726,1857912,1862752,1860388,21875,0,704,0
37.47252106666565,204726,1857912,1864800,1860388,21875,0,704,0
37.48870515823364,204726,1866104,1870944,1868580,21879,0,704,0
37.5048930644989,204726,1874296,1879136,1876772,21883,0,704,0
37.52107810974121,204726,1882488,1887328,1884964,21887,0,704,0
37.537172079086304,204726,1890680,1895520,1893156,21891,0,704,0
37.55345606803894,204726,1898872,1903712,1901348,21894,0,705,0
37.56954908370972,204726,1907064,1911904,1909540,21898,0,705,0
37.585795164108276,204726,1913208,1920096,1915684,21902,0,705,0
37.602108001708984,204726,1921400,1926240,1923876,21906,0,705,0
37.61842322349548,204726,1929592,1934432,1932068,21910,0,705,0
37.63452506065369,204726,1937784,1942624,1940260,21914,0,706,0
37.65073299407959,204726,1945976,1950816,1948452,21917,0,706,0
37.66689920425415,204726,1954168,1959008,1956644,21921,0,706,0
37.683083057403564,204726,1960312,1967200,1962788,21925,0,706,0
37.69918704032898,204726,1968504,1973344,1970980,21929,0,706,0
37.71515917778015,204726,1976696,1981536,1979172,21933,0,706,0
37.73121619224548,204726,1984888,1989728,1987364,21937,0,706,0
37.74759006500244,204726,1993080,1997920,1995556,21941,0,706,0
37.76365900039673,204726,2001272,2006112,2003748,21944,0,707,0
37.77975106239319,204726,2009464,2014304,2011940,21948,0,707,0
37.79582619667053,204726,2015608,2022496,2018084,21952,0,707,0
37.81208515167236,204726,2023800,2028640,2026276,21956,0,707,0
37.828678131103516,204726,2031992,2036832,2034468,21960,0,708,0
37.84528422355652,204726,2040184,2045024,2042660,21964,0,708,0
37.86189913749695,204726,2048376,2053216,2050852,21968,0,708,0
37.87834620475769,204726,2056568,2061408,2059044,21971,0,708,0
37.894904136657715,204726,2064760,2069600,2067236,21975,0,708,0
37.91154718399048,204726,2070904,2075744,2073380,21979,0,708,0
37.9280960559845,204726,2079096,2083936,2081572,21983,0,708,0
37.94478702545166,204726,2087288,2092128,2089764,21987,0,708,0
37.961212158203125,204726,2095480,2100320,2097956,21991,0,709,0
37.977673053741455,204726,2103672,2108512,2106148,21994,0,709,0
37.99418807029724,204726,2109816,2116704,2112292,21998,0,709,0
38.01066613197327,204726,2118008,2124896,2120484,22002,0,709,0
38.027422189712524,204726,2126200,2131040,2128676,22006,0,709,0
38.043952226638794,204726,2134392,2139232,2136868,22010,0,710,0
38.060551166534424,204726,2142584,2147424,2145060,22014,0,710,0
38.07728910446167,204726,2150776,2155616,2153252,22018,0,710,0
38.09410810470581,204726,2158968,2163808,2161444,22021,0,710,0
38.11054301261902,204726,2165112,2172000,2167588,22025,0,710,0
38.127185106277466,204726,2173304,2178144,2175780,22029,0,710,0
38.14376902580261,204726,2181496,2186336,2183972,22033,0,710,0
38.16045022010803,204726,2189688,2194528,2192164,22037,0,710,0
38.17713809013367,204726,2197880,2202720,2200356,22041,0,711,0
38.193843126297,204726,2206072,2210912,2208548,22044,0,711,0
38.21042609214783,204726,2214264,2219104,2216740,22048,0,711,0
38.22706913948059,204726,2220408,2227296,2222884,22052,0,711,0
38.2438440322876,204726,2228600,2233440,2231076,22056,0,712,0
38.2604341506958,204726,2236792,2241632,2239268,22060,0,712,0
38.27701020240784,204726,2244984,2249824,2247460,22064,0,712,0
38.2936692237854,204726,2253176,2258016,2255652,22067,0,712,0
38.310423135757446,204726,2259320,2266208,2261796,22071,0,712,0
38.326964139938354,204726,2267512,2272352,2269988,22075,0,712,0
38.34365200996399,204726,2275704,2280544,2278180,22079,0,712,0
38.36027002334595,204726,2283896,2288736,2286372,22083,0,712,0
38.37681317329407,204726,2292088,2296928,2294564,22087,0,713,0
38.39347314834595,204726,2300280,2305120,2302756,22090,0,713,0
38.41018009185791,204726,2308472,2313312,2310948,22094,0,713,0
38.426759004592896,204726,2314616,2321504,2317092,22098,0,713,0
38.44352412223816,204726,2322808,2327648,2325284,22102,0,713,0
38.460169076919556,204726,2331000,2335840,2333476,22106,0,714,0
38.476787090301514,204726,2339192,2344032,2341668,22110,0,714,0
38.49336004257202,204726,2347384,2352224,2349860,22114,0,714,0
38.509889125823975,204726,2353528,2358368,2356004,22116,0,714,0
38.52662801742554,204726,2361720,2366560,2364196,22120,0,714,0
38.54319715499878,204726,2367864,2374752,2370340,22124,0,714,0
38.559887170791626,204726,2376056,2380896,2378532,22128,0,714,0
38.57655906677246,204726,2384248,2389088,2386724,22132,0,714,0
38.59316420555115,204726,2392440,2397280,2394916,22136,0,715,0
38.60980010032654,204726,2400632,2405472,2403108,22140,0,715,0
38.626466035842896,204726,2408824,2413664,2411300,22143,0,715,0
38.642971992492676,204726,2414968,2421856,2417444,22147,0,715,0
38.65959811210632,204726,2423160,2428000,2425636,22151,0,716,0
38.676244020462036,204726,2431352,2436192,2433828,22155,0,716,0
38.692758083343506,204726,2439544,2444384,2442020,22159,0,716,0
38.7093231678009,204726,2447736,2452576,2450212,22163,0,716,0
38.726208209991455,204726,2455928,2460768,2458404,22166,0,716,0
38.74271607398987,204726,2464120,2468960,2466596,22170,0,716,0
38.75955009460449,204726,2470264,2477152,2472740,22174,0,716,0
38.77615308761597,204726,2478456,2483296,2480932,22178,0,716,0
38.79278612136841,204726,2486648,2491488,2489124,22182,0,716,0
38.80936908721924,204726,2494840,2499680,2497316,22186,0,717,0
38.826075077056885,204726,2503032,2507872,2505508,22190,0,717,0
38.842658042907715,204726,2511224,2516064,2513700,22193,0,717,0
38.85950016975403,204726,2519416,2524256,2521892,22197,0,717,0
38.87615609169006,204726,2525560,2532448,2528036,22201,0,718,0
38.89276599884033,204726,2533752,2538592,2536228,22205,0,718,0
38.90941905975342,204726,2541944,2546784,2544420,22209,0,718,0
38.92639422416687,204726,2550136,2554976,2552612,22213,0,718,0
38.94296622276306,204726,2558328,2563168,2560804,22217,0,718,0
38.95982813835144,204726,2566520,2571360,2568996,22221,0,718,0
38.9765841960907,204726,2574712,2579552,2577188,22224,0,718,0
38.99316620826721,204726,2580856,2587744,2583332,22228,0,718,0
39.0097451210022,204726,2589048,2593888,2591524,22232,0,719,0
39.02645707130432,204726,2597240,2602080,2599716,22236,0,719,0
39.04301619529724,204726,2605432,2610272,2607908,22240,0,719,0
39.05970001220703,204726,2613624,2618464,2616100,22244,0,719,0
39.07634711265564,204726,2621816,2626656,2624292,22247,0,720,0
39.09303307533264,204726,2630008,2634848,2632484,22251,0,720,0
39.10977005958557,204726,2636152,2643040,2638628,22255,0,720,0
39.12644410133362,204726,2644344,2651232,2646820,22259,0,720,0
39.143393993377686,204726,2652536,2657376,2655012,22263,0,720,0
39.15996313095093,204726,2660728,2665568,2663204,22267,0,720,0
39.17656922340393,204726,2668920,2673760,2671396,22271,0,720,0
39.19310522079468,204726,2677112,2681952,2679588,22275,0,720,0
39.20980715751648,204726,2685304,2690144,2687780,22278,0,721,0
39.22641921043396,204726,2691448,2698336,2693924,22282,0,721,0
39.242932081222534,204726,2699640,2704480,2702116,22286,0,721,0
39.259610176086426,204726,2707832,2712672,2710308,22290,0,721,0
39.27620220184326,204726,2685304,2690144,2687780,22294,0,721,0
39.29293513298035,204726,2693496,2698336,2695972,22298,0,721,0
39.30958104133606,204726,2701688,2706528,2704164,22301,0,721,0
39.32615804672241,204726,2707832,2714720,2710308,22305,0,721,0
39.34333920478821,204726,2716024,2722912,2718500,22309,0,722,0
39.360209226608276,204726,2724216,2729056,2726692,22313,0,722,0
39.376848220825195,204726,2732408,2737248,2734884,22317,0,722,0
39.39338707923889,204726,2740600,2745440,2743076,22321,0,722,0
39.40996217727661,204726,2748792,2753632,2751268,22325,0,722,0
39.426642179489136,204726,2756984,2761824,2759460,22328,0,722,0
39.443150997161865,204726,2763128,2770016,2765604,22332,0,722,0
39.45970010757446,204726,2771320,2778208,2773796,22336,0,722,0
39.476495027542114,204726,2779512,2784352,2781988,22340,0,722,0
39.49303221702576,204726,2787704,2792544,2790180,22344,0,723,0
39.50967717170715,204726,2795896,2800736,2798372,22348,0,723,0
39.526355028152466,204726,2802040,2806880,2804516,22351,0,723,0
39.543493032455444,204726,2802040,2806880,2804516,22351,0,723,0
39.560949087142944,204726,2802040,2806880,2804516,22351,0,723,0
39.57822608947754,204726,2802040,2806880,2804516,22351,0,723,0
39.59521007537842,204726,2802040,2806880,2804516,22351,0,723,0
39.612346172332764,204726,2802040,2806880,2804516,22351,0,723,0
39.629475116729736,204726,2802040,2806880,2804516,22351,0,723,0
39.64647722244263,204726,2802040,2806880,2804516,22351,0,723,0
39.663573026657104,204726,2802040,2806880,2804516,22351,0,723,0
39.679479122161865,204726,2802040,2806880,2804516,22351,0,723,0
39.69516706466675,204726,2802040,2806880,2804516,22351,0,723,0
39.71060299873352,204726,2802040,2806880,2804516,22351,0,723,0
39.72617220878601,204726,2802040,2806880,2804516,22351,0,723,0
39.741613149642944,204726,2802040,2806880,2804516,22351,0,723,0
39.75759506225586,204726,2802040,2806880,2804516,22351,0,723,0
39.77321410179138,204726,2802040,2806880,2804516,22351,0,723,0
39.788610219955444,204726,2802040,2806880,2804516,22351,0,723,0
39.804065227508545,204726,2802040,2806880,2804516,22351,0,723,0
39.819632053375244,204726,2802040,2806880,2804516,22351,0,723,0
39.83816599845886,204726,2802040,2806880,2804516,22351,0,723,0
39.85371518135071,204726,2802040,2806880,2804516,22351,0,723,0
39.869150161743164,204726,2802040,2806880,2804516,22351,0,723,0
39.884608030319214,204726,2802040,2806880,2804516,22351,0,723,0
39.900137186050415,204726,2802040,2806880,2804516,22351,0,723,0
39.91560912132263,204726,2802040,2806880,2804516,22351,0,723,0
39.93106508255005,204726,2802040,2806880,2804516,22351,0,723,0
39.94655513763428,204726,2802040,2806880,2804516,22351,0,723,0
39.962499141693115,204726,2802040,2806880,2804516,22351,0,723,0
39.97816300392151,204726,2802040,2806880,2804516,22351,0,723,0
39.993648052215576,204726,2802040,2806880,2804516,22351,0,723,0
40.00950217247009,204726,2802040,2806880,2804516,22351,0,723,0
40.025158166885376,204726,2802040,2806880,2804516,22351,0,723,0
40.040895223617554,204726,2802040,2806880,2804516,22351,0,723,0
40.05656313896179,204726,2802040,2806880,2804516,22351,0,723,0
40.072149991989136,204726,2802040,2806880,2804516,22351,0,723,0
40.087669134140015,204726,2802040,2806880,2804516,22351,0,723,0
40.10322308540344,204726,2802040,2806880,2804516,22351,0,723,0
40.11895203590393,204726,2802040,2806880,2804516,22351,0,723,0
40.13472008705139,204726,2802040,2806880,2804516,22351,0,723,0
40.1502799987793,204726,2802040,2806880,2804516,22351,0,723,0
40.16615104675293,204726,2802040,2806880,2804516,22351,0,723,0
40.18216514587402,204726,2802040,2806880,2804516,22351,0,723,0
40.197904109954834,204726,2802040,2806880,2804516,22351,0,723,0
40.21359705924988,204726,2802040,2806880,2804516,22351,0,723,0
40.22914099693298,204726,2802040,2806880,2804516,22351,0,723,0
40.244760036468506,204726,2802040,2806880,2804516,22351,0,723,0
40.260534048080444,204726,2802040,2806880,2804516,22351,0,723,0
40.27613806724548,204726,2802040,2806880,2804516,22351,0,723,0
40.29176115989685,204726,2802040,2806880,2804516,22351,0,723,0
40.30741214752197,204726,2802040,2806880,2804516,22351,0,723,0
40.323113203048706,204726,2802040,2806880,2804516,22351,0,723,0
40.33864712715149,204726,2802040,2806880,2804516,22351,0,723,0
40.35431218147278,204726,2802040,2806880,2804516,22351,0,723,0
40.37003517150879,204726,2802040,2806880,2804516,22351,0,723,0
40.38617205619812,204726,2802040,2806880,2804516,22351,0,723,0
40.401960134506226,204726,2802040,2806880,2804516,22351,0,723,0
40.417625188827515,204726,2802040,2806880,2804516,22351,0,723,0
40.433202028274536,204726,2802040,2806880,2804516,22351,0,723,0
40.448928117752075,204726,2802040,2806880,2804516,22351,0,723,0
40.46462607383728,204726,2802040,2806880,2804516,22351,0,723,0
40.48045206069946,204726,2802040,2806880,2804516,22351,0,723,0
40.49598217010498,204726,2802040,2806880,2804516,22351,0,723,0
40.51164507865906,204726,2802040,2806880,2804516,22351,0,723,0
40.52720904350281,204726,2802040,2806880,2804516,22351,0,723,0
40.542922019958496,204726,2802040,2806880,2804516,22351,0,723,0
40.55859899520874,204726,2802040,2806880,2804516,22351,0,723,0
40.574162006378174,204726,2802040,2806880,2804516,22351,0,723,0
40.590211153030396,204726,2802040,2806880,2804516,22351,0,723,0
40.60610008239746,204726,2802040,2806880,2804516,22351,0,723,0
40.62181305885315,204726,2802040,2806880,2804516,22351,0,723,0
40.637535095214844,204726,2802040,2806880,2804516,22351,0,723,0
40.65316414833069,204726,2802040,2806880,2804516,22351,0,723,0
40.66860604286194,204726,2802040,2806880,2804516,22351,0,723,0
40.684184074401855,204726,2802040,2806880,2804516,22351,0,723,0
40.69981908798218,204726,2802040,2806880,2804516,22351,0,723,0
40.715620040893555,204726,2802040,2806880,2804516,22351,0,723,0
40.73114013671875,204726,2802040,2806880,2804516,22351,0,723,0
40.746626138687134,204726,2802040,2806880,2804516,22351,0,723,0
40.762070178985596,204726,2802040,2806880,2804516,22351,0,723,0
40.77764320373535,204726,2802040,2806880,2804516,22351,0,723,0
40.79346013069153,204726,2802040,2806880,2804516,22351,0,723,0
40.809139013290405,204726,2802040,2806880,2804516,22351,0,723,0
40.82455921173096,204726,2802040,2806880,2804516,22351,0,723,0
40.84016799926758,204726,2802040,2806880,2804516,22351,0,723,0
40.85599422454834,204726,2802040,2806880,2804516,22351,0,723,0
40.87166404724121,204726,2802040,2806880,2804516,22351,0,723,0
40.887240171432495,204726,2802040,2806880,2804516,22351,0,723,0
40.902974128723145,204726,2802040,2806880,2804516,22351,0,723,0
40.918599128723145,204726,2802040,2806880,2804516,22351,0,723,0
40.93417310714722,204726,2802040,2806880,2804516,22351,0,723,0
40.94963216781616,204726,2802040,2806880,2804516,22351,0,723,0
40.9652202129364,204726,2802040,2806880,2804516,22351,0,723,0
40.98099708557129,204726,2802040,2806880,2804516,22351,0,723,0
40.99657607078552,204726,2802040,2806880,2804516,22351,0,723,0
41.01261806488037,204726,2802040,2806880,2804516,22351,0,723,0
41.02801203727722,204726,2802040,2806880,2804516,22351,0,723,0
41.04357409477234,204726,2802040,2806880,2804516,22351,0,723,0
41.059159994125366,204726,2802040,2806880,2804516,22351,0,723,0
41.07463502883911,204726,2802040,2806880,2804516,22351,0,723,0
41.0903000831604,204726,2802040,2806880,2804516,22351,0,723,0
41.10608720779419,204726,2802040,2806880,2804516,22351,0,723,0
41.12190818786621,204726,2802040,2806880,2804516,22351,0,723,0
41.13712811470032,204726,2802040,2806880,2804516,22351,0,723,0
41.152568101882935,204726,2802040,2806880,2804516,22351,0,723,0
41.168071031570435,204726,2802040,2806880,2804516,22351,0,723,0
41.18320918083191,204726,2802040,2806880,2804516,22351,0,723,0
41.198620080947876,204726,2802040,2806880,2804516,22351,0,723,0
41.214619159698486,204726,2802040,2806880,2804516,22351,0,723,0
41.23013401031494,204726,2802040,2806880,2804516,22351,0,723,0
41.24520802497864,204726,2802040,2806880,2804516,22351,0,723,0
41.260656118392944,204726,2802040,2806880,2804516,22351,0,723,0
41.27626299858093,204726,2802040,2806880,2804516,22351,0,723,0
41.291542053222656,204726,2802040,2806880,2804516,22351,0,723,0
41.307146072387695,204726,2802040,2806880,2804516,22351,0,723,0
41.322519063949585,204726,2802040,2806880,2804516,22351,0,723,0
41.338115215301514,204726,2802040,2806880,2804516,22351,0,723,0
41.3536012172699,204726,2802040,2806880,2804516,22351,0,723,0
41.369219064712524,204726,2802040,2806880,2804516,22351,0,723,0
41.38461899757385,204726,2802040,2806880,2804516,22351,0,723,0
41.40033316612244,204726,2802040,2806880,2804516,22351,0,723,0
41.41565203666687,204726,2802040,2806880,2804516,22351,0,723,0
41.43160104751587,204726,2802040,2806880,2804516,22351,0,723,0
41.44725513458252,204726,2802040,2806880,2804516,22351,0,723,0
41.462624073028564,204726,2802040,2806880,2804516,22351,0,723,0
41.478249073028564,204726,2802040,2806880,2804516,22351,0,723,0
41.494073152542114,204726,2802040,2806880,2804516,22351,0,723,0
41.50963306427002,204726,2802040,2806880,2804516,22351,0,723,0
41.52530312538147,204726,2802040,2806880,2804516,22351,0,723,0
41.540937185287476,204726,2802040,2806880,2804516,22351,0,723,0
41.55658721923828,204726,2802040,2806880,2804516,22351,0,723,0
41.572049140930176,204726,2613624,2466912,2616100,22351,0,716,0
41.58806800842285,204726,2425208,2430048,2427684,22351,0,716,0
41.603697061538696,204726,2425208,2430048,2427684,22351,0,716,0
41.61963200569153,204726,2425208,2430048,2427684,22351,0,716,0
41.63562607765198,204726,2425208,2430048,2427684,22351,0,716,0
41.65150499343872,204726,2425208,2430048,2427684,22351,0,716,0
41.66716003417969,204726,2425208,2430048,2427684,22351,0,716,0
41.68263912200928,204726,2425208,2430048,2427684,22351,0,716,0
41.6983540058136,204726,2425208,2430048,2427684,22351,0,716,0
41.71532201766968,204726,2425208,2430048,2427684,22351,0,716,0
41.73149800300598,204726,2425208,2430048,2427684,22351,0,716,0
41.747167110443115,204726,2425208,2430048,2427684,22351,0,716,0
41.76278614997864,204726,2425208,2430048,2427684,22351,0,716,0
41.77882218360901,204726,2425208,2430048,2427684,22351,0,716,0
41.79453802108765,204726,2425208,2430048,2427684,22351,0,716,0
41.81005907058716,204726,2425208,2430048,2427684,22351,0,716,0
41.825642108917236,204726,2425208,2430048,2427684,22351,0,716,0
41.84159803390503,204726,2425208,2430048,2427684,22351,0,716,0
41.857604026794434,204726,2425208,2430048,2427684,22351,0,716,0
41.87305021286011,204726,2425208,2430048,2427684,22351,0,716,0
41.888559103012085,204726,2425208,2430048,2427684,22351,0,716,0
41.90414905548096,204726,2425208,2430048,2427684,22351,0,716,0
41.91963315010071,204726,2425208,2430048,2427684,22351,0,716,0
41.935134172439575,204726,2425208,2430048,2427684,22351,0,716,0
41.950234174728394,204726,2425208,2430048,2427684,22351,0,716,0
41.96562314033508,204726,2425208,2430048,2427684,22351,0,716,0
41.98110914230347,204726,2425208,2430048,2427684,22351,0,716,0
41.996464014053345,204726,2425208,2430048,2427684,22351,0,716,0
42.01177215576172,204726,2425208,2430048,2427684,22351,0,716,0
42.02754306793213,204726,2425208,2430048,2427684,22351,0,716,0
42.04301619529724,204726,2425208,2430048,2427684,22351,0,716,0
42.05856204032898,204726,2425208,2430048,2427684,22351,0,716,0
42.074000120162964,204726,2425208,2430048,2427684,22351,0,716,0
42.08956718444824,204726,2425208,2430048,2427684,22351,0,716,0
42.1049861907959,204726,2425208,2430048,2427684,22351,0,716,0
42.12040305137634,204726,2425208,2430048,2427684,22351,0,716,0
42.13610911369324,204726,2425208,2430048,2427684,22351,0,716,0
42.15157222747803,204726,2425208,2430048,2427684,22351,0,716,0
42.1671781539917,204726,2425208,2430048,2427684,22351,0,716,0
42.18245720863342,204726,2425208,2430048,2427684,22351,0,716,0
42.197768211364746,204726,2425208,2430048,2427684,22351,0,716,0
42.213521003723145,204726,2425208,2430048,2427684,22351,0,716,0
42.22901701927185,204726,2425208,2430048,2427684,22351,0,716,0
42.24449014663696,204726,2425208,2430048,2427684,22351,0,716,0
42.26051211357117,204726,2425208,2430048,2427684,22351,0,716,0
42.27578020095825,204726,2425208,2430048,2427684,22351,0,716,0
42.2911422252655,204726,2425208,2430048,2427684,22351,0,716,0
42.306570053100586,204726,2425208,2430048,2427684,22351,0,716,0
42.321996212005615,204726,2425208,2430048,2427684,22351,0,716,0
42.33762717247009,204726,2425208,2430048,2427684,22351,0,716,0
42.35320210456848,204726,2425208,2430048,2427684,22351,0,716,0
42.369829177856445,204726,2425208,2430048,2427684,22351,0,716,0
42.38592219352722,204726,2425208,2430048,2427684,22351,0,716,0
42.40248513221741,204726,2425208,2430048,2427684,22351,0,716,0
42.41865921020508,204726,2425208,2430048,2427684,22351,0,716,0
42.43451404571533,204726,2425208,2430048,2427684,22351,0,716,0
42.45017218589783,204726,2425208,2430048,2427684,22351,0,716,0
42.46593904495239,204726,2425208,2430048,2427684,22351,0,716,0
42.48156499862671,204726,2425208,2430048,2427684,22351,0,716,0
42.49716520309448,204726,2425208,2430048,2427684,22351,0,716,0
42.513710021972656,204726,2425208,2430048,2427684,22351,0,716,0
42.52960014343262,204726,2425208,2430048,2427684,22351,0,716,0
42.54556608200073,204726,2425208,2430048,2427684,22351,0,716,0
42.56117916107178,204726,2425208,2430048,2427684,22351,0,716,0
42.57679319381714,204726,2425208,2430048,2427684,22351,0,716,0
42.592305183410645,204726,2425208,2430048,2427684,22351,0,716,0
42.60795211791992,204726,2425208,2430048,2427684,22351,0,716,0
42.62353205680847,204726,2425208,2430048,2427684,22351,0,716,0
42.63897109031677,204726,2425208,2430048,2427684,22351,0,716,0
42.65457820892334,204726,2425208,2430048,2427684,22351,0,716,0
42.67016816139221,204726,2425208,2430048,2427684,22351,0,716,0
42.68562722206116,204726,2425208,2430048,2427684,22351,0,716,0
42.70114803314209,204726,2425208,2430048,2427684,22351,0,716,0
42.716631174087524,204726,2425208,2430048,2427684,22351,0,716,0
42.73164105415344,204726,2425208,2430048,2427684,22351,0,716,0
42.74695920944214,204726,2425208,2430048,2427684,22351,0,716,0
42.76260018348694,204726,2425208,2430048,2427684,22351,0,716,0
42.777937173843384,204726,2425208,2430048,2427684,22351,0,716,0
42.79326605796814,204726,2425208,2430048,2427684,22351,0,716,0
42.80869913101196,204726,2425208,2430048,2427684,22351,0,716,0
42.82414221763611,204726,2425208,2430048,2427684,22351,0,716,0
42.83952808380127,204726,2425208,2430048,2427684,22351,0,716,0
42.855146169662476,204726,2425208,2430048,2427684,22351,0,716,0
42.87054920196533,204726,2425208,2430048,2427684,22351,0,716,0
42.88610911369324,204726,2425208,2430048,2427684,22351,0,716,0
42.901554107666016,204726,2425208,2430048,2427684,22351,0,716,0
42.91731810569763,204726,2425268,2430048,2427744,22366,0,716,0
42.93325400352478,204726,2425268,2430048,2427744,22366,0,716,0
42.948888063430786,204726,2425268,2430048,2427744,22366,0,716,0
42.96416616439819,204726,2425268,2430048,2427744,22366,0,716,0
42.979572057724,204726,2425268,2430048,2427744,22366,0,716,0
42.994662046432495,204726,2425268,2430048,2427744,22366,0,716,0
43.01014709472656,204726,2425268,2430048,2427744,22366,0,716,0
43.025588035583496,204726,2425268,2430048,2427744,22366,0,716,0
43.04093909263611,204726,2425268,2430048,2427744,22366,0,716,0
43.05657720565796,204726,2425268,2430048,2427744,22366,0,716,0
43.07211208343506,204726,2425268,2430048,2427744,22366,0,716,0
43.08747100830078,204726,2425268,2430048,2427744,22366,0,716,0
43.10298705101013,204726,2425268,2430048,2427744,22366,0,716,0
43.11814212799072,204726,2425268,2430048,2427744,22366,0,716,0
43.13352012634277,204726,2425268,2430048,2427744,22366,0,716,0
43.14891505241394,204726,2425268,2430048,2427744,22366,0,716,0
43.16424822807312,204726,2425268,2430048,2427744,22366,0,716,0
43.1799590587616,204726,2425268,2430048,2427744,22366,0,716,0
43.195271015167236,204726,2425268,2430048,2427744,22366,0,716,0
43.210530042648315,204726,2425268,2430048,2427744,22366,0,716,0
43.22594118118286,204726,2425268,2430048,2427744,22366,0,716,0
43.24155306816101,204726,2425268,2430048,2427744,22366,0,716,0
43.25704312324524,204726,2425268,2430048,2427744,22366,0,716,0
43.27261710166931,204726,2425268,2430048,2427744,22366,0,716,0
43.288193225860596,204726,2425268,2430048,2427744,22366,0,716,0
43.30359220504761,204726,2425268,2430048,2427744,22366,0,716,0
43.31862807273865,204726,2425268,2430048,2427744,22366,0,716,0
43.33415508270264,204726,2425268,2430048,2427744,22366,0,716,0
43.349589109420776,204726,2425268,2430048,2427744,22366,0,716,0
43.365220069885254,204726,2425268,2430048,2427744,22366,0,716,0
43.38062119483948,204726,2425268,2430048,2427744,22366,0,716,0
43.39622402191162,204726,2425268,2430048,2427744,22366,0,716,0
43.41159915924072,204726,2425268,2430048,2427744,22366,0,716,0
43.426719188690186,204726,2425268,2430048,2427744,22366,0,716,0
43.442238092422485,204726,2425268,2430048,2427744,22366,0,716,0
43.45759105682373,204726,2425268,2430048,2427744,22366,0,716,0
43.47311615943909,204726,2425268,2430048,2427744,22366,0,716,0
43.4882230758667,204726,2425268,2430048,2427744,22366,0,716,0
43.50394105911255,204726,2425268,2430048,2427744,22366,0,716,0
43.51915502548218,204726,2425268,2430048,2427744,22366,0,716,0
43.534576177597046,204726,2425268,2430048,2427744,22366,0,716,0
43.550132036209106,204726,2425268,2430048,2427744,22366,0,716,0
43.56524300575256,204726,2425268,2430048,2427744,22366,0,716,0
43.580703020095825,204726,2425268,2430048,2427744,22366,0,716,0
43.59619116783142,204726,2425268,2430048,2427744,22366,0,716,0
43.61154508590698,204726,2425268,2430048,2427744,22366,0,716,0
43.6271550655365,204726,2009524,2014364,2012000,22366,0,707,0
43.64259719848633,204726,2009524,2014364,2012000,22366,0,707,0
43.657846212387085,204726,2009524,2014364,2012000,22366,0,707,0
43.67397499084473,204726,2009524,2014364,2012000,22366,0,707,0
43.690134048461914,204726,2009524,2014364,2012000,22366,0,707,0
43.70665907859802,204726,2009524,2014364,2012000,22366,0,707,0
43.7233350276947,204726,2009524,2014364,2012000,22366,0,707,0
43.73970603942871,204726,2009524,2014364,2012000,22366,0,707,0
43.75597810745239,204726,2009524,2014364,2012000,22366,0,707,0
43.77196717262268,204726,2009524,2014364,2012000,22366,0,707,0
43.78798818588257,204726,2009524,2014364,2012000,22366,0,707,0
43.80410099029541,204726,2009524,2014364,2012000,22366,0,707,0
43.82020616531372,204726,2009524,2014364,2012000,22366,0,707,0
43.836353063583374,204726,2009524,2014364,2012000,22366,0,707,0
43.85248422622681,204726,2009524,2014364,2012000,22366,0,707,0
43.868545055389404,204726,2009524,2014364,2012000,22366,0,707,0
43.88453412055969,204726,2009524,2014364,2012000,22366,0,707,0
43.9007351398468,204726,2009524,2014364,2012000,22366,0,707,0
43.9169921875,204726,2009524,2014364,2012000,22366,0,707,0
43.9330620765686,204726,2009524,2014364,2012000,22366,0,707,0
43.94900417327881,204726,2009524,2014364,2012000,22366,0,707,0
43.96485900878906,204726,2009524,2014364,2012000,22366,0,707,0
43.98079013824463,204726,2009524,2014364,2012000,22366,0,707,0
43.9966721534729,204726,2009524,2014364,2012000,22366,0,707,0
44.01256608963013,204726,2009524,2014364,2012000,22366,0,707,0
44.02840304374695,204726,2009524,2014364,2012000,22366,0,707,0
44.04419207572937,204726,2009524,2014364,2012000,22366,0,707,0
44.06001806259155,204726,2009524,2014364,2012000,22366,0,707,0
44.07599401473999,204726,2009524,2014364,2012000,22366,0,707,0
44.091922998428345,204726,2009532,2014364,2012008,22368,0,707,0
44.10786414146423,204726,2009532,2014364,2012008,22368,0,707,0
44.123881101608276,204726,2009532,2014364,2012008,22368,0,707,0
44.139708042144775,204726,2009532,2014364,2012008,22368,0,707,0
44.15581512451172,204726,2009532,2014364,2012008,22368,0,707,0
44.1716890335083,204726,2009532,2014364,2012008,22368,0,707,0
44.18760800361633,204726,2009532,2014364,2012008,22368,0,707,0
44.203543186187744,204726,2009532,2014364,2012008,22368,0,707,0
44.219428062438965,204726,2009532,2014364,2012008,22368,0,707,0
44.23533821105957,204726,2009532,2014364,2012008,22368,0,707,0
44.251629114151,204726,2009532,2014364,2012008,22368,0,707,0
44.267587184906006,204726,2009532,2014364,2012008,22368,0,707,0
44.2840530872345,204726,2009532,2014364,2012008,22368,0,707,0
44.299925088882446,204726,2009532,2014364,2012008,22368,0,707,0
44.3159601688385,204726,2009532,2014364,2012008,22368,0,707,0
44.33195114135742,204726,2009532,2014364,2012008,22368,0,707,0
44.3481011390686,204726,2009532,2014364,2012008,22368,0,707,0
44.36410117149353,204726,2009532,2014364,2012008,22368,0,707,0
44.38006019592285,204726,2009532,2014364,2012008,22368,0,707,0
44.396215200424194,204726,2009532,2014364,2012008,22368,0,707,0
44.41243004798889,204726,2009532,2014364,2012008,22368,0,707,0
44.42855906486511,204726,2011580,2016420,2014056,22368,0,707,0
44.444499015808105,204726,2019772,2024612,2022248,22372,0,707,0
44.4606990814209,204726,2025916,2032804,2028392,22376,0,707,0
44.476914167404175,204726,2034108,2038948,2036584,22380,0,708,0
44.49326705932617,204726,2040252,2045092,2042728,22383,0,708,0
44.50959801673889,204726,2040252,2045092,2042728,22383,0,708,0
44.52592921257019,204726,2040252,2045092,2042728,22383,0,708,0
44.541988134384155,204726,2040252,2045092,2042728,22383,0,708,0
44.55828404426575,204726,2040252,2045092,2042728,22383,0,708,0
44.574509143829346,204726,2040252,2045092,2042728,22383,0,708,0
44.59063220024109,204726,2040252,2045092,2042728,22383,0,708,0
44.60684609413147,204726,2040252,2045092,2042728,22383,0,708,0
44.62293815612793,204726,2040252,2045092,2042728,22383,0,708,0
44.639074087142944,204726,2040252,2045092,2042728,22383,0,708,0
44.65522599220276,204726,2040252,2045092,2042728,22383,0,708,0
44.67147421836853,204726,2040252,2045092,2042728,22383,0,708,0
44.68770217895508,204726,2040252,2045092,2042728,22383,0,708,0
44.70675611495972,204726,2040252,2045092,2042728,22383,0,708,0
44.723013162612915,204726,2040252,2045092,2042728,22383,0,708,0
44.739097118377686,204726,2040252,2045092,2042728,22383,0,708,0
44.75564122200012,204726,2040252,2045092,2042728,22383,0,708,0
44.77170705795288,204726,2040252,2045092,2042728,22383,0,708,0
44.78777503967285,204726,2040252,2045092,2042728,22383,0,708,0
44.80390000343323,204726,2040252,2045092,2042728,22383,0,708,0
44.8199200630188,204726,2040252,2045092,2042728,22383,0,708,0
44.83578705787659,204726,2040252,2045092,2042728,22383,0,708,0
44.85164213180542,204726,2040252,2045092,2042728,22383,0,708,0
44.86733603477478,204726,2040252,2045092,2042728,22383,0,708,0
44.8833281993866,204726,2040252,2045092,2042728,22383,0,708,0
44.899559020996094,204726,2040252,2045092,2042728,22383,0,708,0
44.915834188461304,204726,2040252,2045092,2042728,22383,0,708,0
44.931968212127686,204726,2040252,2045092,2042728,22383,0,708,0
44.948217153549194,204726,2040252,2045092,2042728,22383,0,708,0
44.96433210372925,204726,2040252,2045092,2042728,22383,0,708,0
44.98047399520874,204726,2040252,2045092,2042728,22383,0,708,0
44.996419191360474,204726,2040252,2045092,2042728,22383,0,708,0
45.01255822181702,204726,2040252,2045092,2042728,22383,0,708,0
45.02889108657837,204726,2040252,2045092,2042728,22383,0,708,0
45.044894218444824,204726,2040252,2045092,2042728,22383,0,708,0
45.061108112335205,204726,2040252,2045092,2042728,22383,0,708,0
45.077407121658325,204726,2040252,2045092,2042728,22383,0,708,0
45.09371900558472,204726,2040252,2045092,2042728,22383,0,708,0
45.11009621620178,204726,2040252,2045092,2042728,22383,0,708,0
45.12580609321594,204726,2040252,2045092,2042728,22383,0,708,0
45.14187502861023,204726,2040252,2045092,2042728,22383,0,708,0
45.15810799598694,204726,2040252,2045092,2042728,22383,0,708,0
45.17463517189026,204726,2040252,2045092,2042728,22383,0,708,0
45.19045114517212,204726,2040252,2045092,2042728,22383,0,708,0
45.206661224365234,204726,2040252,2045092,2042728,22383,0,708,0
45.2228000164032,204726,2040252,2045092,2042728,22383,0,708,0
45.23869705200195,204726,2040252,2045092,2042728,22383,0,708,0
45.25491404533386,204726,2040252,2045092,2042728,22383,0,708,0
45.27116322517395,204726,2040252,2045092,2042728,22383,0,708,0
45.287440061569214,204726,2040252,2045092,2042728,22383,0,708,0
45.3034930229187,204726,2040252,2045092,2042728,22383,0,708,0
45.31971716880798,204726,2040252,2045092,2042728,22383,0,708,0
45.33585500717163,204726,2040252,2045092,2042728,22383,0,708,0
45.35205817222595,204726,2040252,2045092,2042728,22383,0,708,0
45.36829614639282,204726,2040252,2045092,2042728,22383,0,708,0
45.38444709777832,204726,2040252,2045092,2042728,22383,0,708,0
45.40051507949829,204726,2040252,2045092,2042728,22383,0,708,0
45.416496992111206,204726,2040252,2045092,2042728,22383,0,708,0
45.432512044906616,204726,2040252,2045092,2042728,22383,0,708,0
45.44864821434021,204726,2040252,2045092,2042728,22383,0,708,0
45.46493315696716,204726,2040252,2045092,2042728,22383,0,708,0
45.481181144714355,204726,2040252,2045092,2042728,22383,0,708,0
45.49723219871521,204726,2040252,2045092,2042728,22383,0,708,0
45.513373136520386,204726,2040252,2045092,2042728,22383,0,708,0
45.52968502044678,204726,2040252,2045092,2042728,22383,0,708,0
45.545762062072754,204726,2040252,2045092,2042728,22383,0,708,0
45.5617790222168,204726,2040252,2045092,2042728,22383,0,708,0
45.57808709144592,204726,2040252,2045092,2042728,22383,0,708,0
45.59426999092102,204726,2040252,2045092,2042728,22383,0,708,0
45.61043620109558,204726,2040252,2045092,2042728,22383,0,708,0
45.62668204307556,204726,2040252,2045092,2042728,22383,0,708,0
45.642696142196655,204726,2040252,2045092,2042728,22383,0,708,0
45.65886116027832,204726,2040252,2045092,2042728,22383,0,708,0
45.67512321472168,204726,1757628,1762468,1760104,22383,0,702,0
45.69125699996948,204726,1759676,1764516,1762152,22384,0,702,0
45.707190990448,204726,1759676,1764516,1762152,22384,0,702,0
45.72326302528381,204726,1759676,1764516,1762152,22384,0,702,0
45.739307165145874,204726,1759676,1764516,1762152,22384,0,702,0
45.75546216964722,204726,1759676,1764516,1762152,22384,0,702,0
45.771507024765015,204726,1759676,1764516,1762152,22384,0,702,0
45.787572145462036,204726,1759676,1764516,1762152,22384,0,702,0
45.804094076156616,204726,1759676,1764516,1762152,22384,0,702,0
45.82039403915405,204726,1759676,1764516,1762152,22384,0,702,0
45.83653712272644,204726,1759676,1764516,1762152,22384,0,702,0
45.85280799865723,204726,1759676,1764516,1762152,22384,0,702,0
45.868781089782715,204726,1759676,1764516,1762152,22384,0,702,0
45.884966135025024,204726,1759676,1764516,1762152,22384,0,702,0
45.901416063308716,204726,1759676,1764516,1762152,22384,0,702,0
45.917476177215576,204726,1767868,1772708,1770344,22387,0,702,0
45.933611154556274,204726,1774012,1780900,1776488,22391,0,702,0
45.94972109794617,204726,1782204,1787044,1784680,22395,0,702,0
45.96580410003662,204726,1790396,1795236,1792872,22399,0,702,0
45.98186016082764,204726,1798588,1803428,1801064,22403,0,703,0
45.997881174087524,204726,1806780,1811620,1809256,22407,0,703,0
46.01425313949585,204726,1814972,1819812,1817448,22410,0,703,0
46.03043818473816,204726,1823164,1828004,1825640,22414,0,703,0
46.046507120132446,204726,1829308,1836196,1831784,22418,0,703,0
46.06250214576721,204726,1837500,1844388,1839976,22422,0,704,0
46.07861614227295,204726,1845692,1850532,1848168,22426,0,704,0
46.09470820426941,204726,1853884,1858724,1856360,22430,0,704,0
46.1108341217041,204726,1862076,1866916,1864552,22434,0,704,0
46.12721610069275,204726,1870268,1875108,1872744,22438,0,704,0
46.14334511756897,204726,1878460,1883300,1880936,22441,0,704,0
46.1594340801239,204726,1884604,1891492,1887080,22445,0,704,0
46.17549419403076,204726,1892796,1897636,1895272,22449,0,704,0
46.191474199295044,204726,1900988,1905828,1903464,22453,0,705,0
46.207850217819214,204726,1909180,1914020,1911656,22457,0,705,0
46.22429704666138,204726,1917372,1922212,1919848,22461,0,705,0
46.24048709869385,204726,1925564,1930404,1928040,22465,0,705,0
46.25656819343567,204726,1933756,1938596,1936232,22468,0,706,0
46.272625207901,204726,1941948,1946788,1944424,22472,0,706,0
46.288796186447144,204726,1948092,1954980,1950568,22476,0,706,0
46.304872035980225,204726,1956284,1961124,1958760,22480,0,706,0
46.32089710235596,204726,1964476,1969316,1966952,22484,0,706,0
46.3373281955719,204726,1972668,1977508,1975144,22488,0,706,0
46.35349202156067,204726,1980860,1985700,1983336,22492,0,706,0
46.36984300613403,204726,1989052,1993892,1991528,22495,0,706,0
46.38624620437622,204726,1995196,2002084,1997672,22499,0,707,0
46.40251708030701,204726,2003388,2008228,2005864,22503,0,707,0
46.4191210269928,204726,2011580,2016420,2014056,22507,0,707,0
46.43533420562744,204726,2019772,2024612,2022248,22511,0,707,0
46.45138120651245,204726,2027964,2032804,2030440,22515,0,707,0
46.467637062072754,204726,2036156,2040996,2038632,22519,0,708,0
46.48387598991394,204726,2044348,2049188,2046824,22522,0,708,0
46.50014114379883,204726,2050492,2057380,2052968,22526,0,708,0
46.516446113586426,204726,2058684,2063524,2061160,22530,0,708,0
46.53283500671387,204726,2066876,2071716,2069352,22534,0,708,0
46.54894709587097,204726,2075068,2079908,2077544,22538,0,708,0
46.565248012542725,204726,2083260,2088100,2085736,22542,0,708,0
46.58140206336975,204726,2091452,2096292,2093928,22545,0,708,0
46.59767508506775,204726,2097596,2104484,2100072,22549,0,709,0
46.614243030548096,204726,2105788,2110628,2108264,22553,0,709,0
46.63066220283508,204726,2113980,2118820,2116456,22557,0,709,0
46.64715504646301,204726,2122172,2127012,2124648,22561,0,709,0
46.66336417198181,204726,2130364,2135204,2132840,22565,0,710,0
46.67963719367981,204726,2138556,2143396,2141032,22569,0,710,0
46.69579005241394,204726,2146748,2151588,2149224,22572,0,710,0
46.71209406852722,204726,2154940,2159780,2157416,22576,0,710,0
46.728511095047,204726,2161084,2167972,2163560,22580,0,710,0
46.7446551322937,204726,2169276,2174116,2171752,22584,0,710,0
46.76113820075989,204726,2177468,2182308,2179944,22588,0,710,0
46.77753520011902,204726,2185660,2190500,2188136,22592,0,710,0
46.79355502128601,204726,2193852,2198692,2196328,22596,0,711,0
46.8095440864563,204726,2202044,2206884,2204520,22599,0,711,0
46.825892210006714,204726,2210236,2215076,2212712,22603,0,711,0
46.841979026794434,204726,2216380,2223268,2218856,22607,0,711,0
46.85812020301819,204726,2224572,2229412,2227048,22611,0,711,0
46.8744170665741,204726,2232764,2237604,2235240,22615,0,712,0
46.89048218727112,204726,2240956,2245796,2243432,22619,0,712,0
46.90666317939758,204726,2249148,2253988,2251624,22623,0,712,0
46.92266821861267,204726,2257340,2262180,2259816,22626,0,712,0
46.938547134399414,204726,2265532,2270372,2268008,22630,0,712,0
46.954878091812134,204726,2273724,2278564,2276200,22634,0,712,0
46.971193075180054,204726,2279868,2286756,2282344,22638,0,712,0
46.98745799064636,204726,2288060,2292900,2290536,22642,0,712,0
47.00369715690613,204726,2296252,2301092,2298728,22646,0,713,0
47.019832134246826,204726,2304444,2309284,2306920,22650,0,713,0
47.036182165145874,204726,2312636,2317476,2315112,22653,0,713,0
47.052452087402344,204726,2320828,2325668,2323304,22657,0,713,0
47.06875514984131,204726,2329020,2333860,2331496,22661,0,714,0
47.08475303649902,204726,2337212,2342052,2339688,22665,0,714,0
47.10065722465515,204726,2345404,2350244,2347880,22669,0,714,0
47.11654615402222,204726,2353596,2358436,2356072,22673,0,714,0
47.13233709335327,204726,2361788,2366628,2364264,22677,0,714,0
47.147913217544556,204726,2367932,2374820,2370408,22681,0,714,0
47.163472175598145,204726,2376124,2383012,2378600,22685,0,714,0
47.17909002304077,204726,2384316,2391204,2386792,22689,0,714,0
47.194698095321655,204726,2392508,2399396,2394984,22693,0,715,0
47.21015501022339,204726,2400700,2407588,2403176,22697,0,715,0
47.22587513923645,204726,2408892,2415780,2411368,22701,0,715,0
47.242128133773804,204726,2417084,2423972,2419560,22705,0,715,0
47.25827121734619,204726,2425276,2432164,2427752,22709,0,716,0
47.2743980884552,204726,2433468,2440356,2435944,22713,0,716,0
47.29039001464844,204726,2441660,2448548,2444136,22717,0,716,0
47.306363105773926,204726,2451900,2456740,2454376,22721,0,716,0
47.32256507873535,204726,2460092,2464932,2462568,22725,0,716,0
47.338661193847656,204726,2468284,2473124,2470760,22729,0,716,0
47.35450601577759,204726,2476476,2481316,2478952,22733,0,716,0
47.3703989982605,204726,2484668,2489508,2487144,22737,0,716,0
47.38608407974243,204726,2492860,2497700,2495336,22741,0,717,0
47.40197420120239,204726,2501052,2505892,2503528,22745,0,717,0
47.41754722595215,204726,2509244,2514084,2511720,22749,0,717,0
47.433446168899536,204726,2517436,2522276,2519912,22753,0,717,0
47.44956016540527,204726,2525628,2530468,2528104,22757,0,718,0
47.46526503562927,204726,2533820,2538660,2536296,22762,0,718,0
47.48263907432556,204726,2542012,2546852,2544488,22766,0,718,0
47.498412132263184,204726,2550204,2555044,2552680,22770,0,718,0
47.51431322097778,204726,2558396,2563236,2560872,22774,0,718,0
47.53015422821045,204726,2566588,2571428,2569064,22778,0,718,0
47.54597020149231,204726,2574780,2579620,2577256,22782,0,718,0
47.561986207962036,204726,2582972,2587812,2585448,22786,0,718,0
47.57794713973999,204726,2591164,2596004,2593640,22790,0,719,0
47.59376502037048,204726,2599356,2604196,2601832,22794,0,719,0
47.61114001274109,204726,2607548,2612388,2610024,22798,0,719,0
47.626962184906006,204726,2615740,2620580,2618216,22802,0,719,0
47.64292001724243,204726,2623932,2628772,2626408,22806,0,720,0
47.65900421142578,204726,2632124,2636964,2634600,22810,0,720,0
47.67512917518616,204726,2640316,2645156,2642792,22814,0,720,0
47.69109106063843,204726,2648508,2653348,2650984,22818,0,720,0
47.70696210861206,204726,2656700,2661540,2659176,22822,0,720,0
47.72291922569275,204726,2648508,2653348,2650984,22826,0,720,0
47.738853216171265,204726,2656700,2661540,2659176,22830,0,720,0
47.75479817390442,204726,2664892,2669732,2667368,22834,0,720,0
47.77063822746277,204726,2673084,2677924,2675560,22838,0,720,0
47.7865571975708,204726,2681276,2686116,2683752,22842,0,720,0
47.80243921279907,204726,2689468,2694308,2691944,22846,0,721,0
47.81813621520996,204726,2697660,2702500,2700136,22850,0,721,0
47.83413004875183,204726,2705852,2710692,2708328,22854,0,721,0
47.84994316101074,204726,2714044,2718884,2716520,22858,0,721,0
47.86640501022339,204726,2722236,2727076,2724712,22862,0,722,0
47.882493019104004,204726,2724284,2729124,2726760,22863,0,722,0
47.89836621284485,204726,2724284,2729124,2726760,22863,0,722,0
47.91395711898804,204726,2724284,2729124,2726760,22863,0,722,0
47.929835081100464,204726,2724284,2729124,2726760,22863,0,722,0
47.94552302360535,204726,2724284,2729124,2726760,22863,0,722,0
47.96133804321289,204726,2724284,2729124,2726760,22863,0,722,0
47.9771990776062,204726,2724284,2729124,2726760,22863,0,722,0
47.99309015274048,204726,2724284,2729124,2726760,22863,0,722,0
48.008838176727295,204726,2724284,2729124,2726760,22863,0,722,0
48.02458620071411,204726,2724284,2729124,2726760,22863,0,722,0
48.04019522666931,204726,2724284,2729124,2726760,22863,0,722,0
48.05567908287048,204726,2724284,2729124,2726760,22863,0,722,0
48.071245193481445,204726,2724284,2729124,2726760,22863,0,722,0
48.08718204498291,204726,2724284,2729124,2726760,22863,0,722,0
48.10261106491089,204726,2724284,2729124,2726760,22863,0,722,0
48.11821913719177,204726,2724284,2729124,2726760,22863,0,722,0
48.13373112678528,204726,2724284,2729124,2726760,22863,0,722,0
48.149219036102295,204726,2724284,2729124,2726760,22863,0,722,0
48.16460609436035,204726,2724284,2729124,2726760,22863,0,722,0
48.18020820617676,204726,2724284,2729124,2726760,22863,0,722,0
48.19549107551575,204726,2724284,2729124,2726760,22863,0,722,0
48.2111542224884,204726,2724284,2729124,2726760,22863,0,722,0
48.22659420967102,204726,2724284,2729124,2726760,22863,0,722,0
48.2420392036438,204726,2724284,2729124,2726760,22863,0,722,0
48.25755310058594,204726,2724284,2729124,2726760,22863,0,722,0
48.27315616607666,204726,2724284,2729124,2726760,22863,0,722,0
48.288220167160034,204726,2724284,2729124,2726760,22863,0,722,0
48.30355715751648,204726,2724284,2729124,2726760,22863,0,722,0
48.319175004959106,204726,2724284,2729124,2726760,22863,0,722,0
48.334612131118774,204726,2724284,2729124,2726760,22863,0,722,0
48.35015416145325,204726,2724284,2729124,2726760,22863,0,722,0
48.36561107635498,204726,2724284,2729124,2726760,22863,0,722,0
48.381166219711304,204726,2724284,2729124,2726760,22863,0,722,0
48.396735191345215,204726,2724284,2729124,2726760,22863,0,722,0
48.4124960899353,204726,2724284,2729124,2726760,22863,0,722,0
48.428078174591064,204726,2724284,2729124,2726760,22863,0,722,0
48.4439160823822,204726,2724284,2729124,2726760,22863,0,722,0
48.45963215827942,204726,2724284,2729124,2726760,22863,0,722,0
48.475192070007324,204726,2724284,2729124,2726760,22863,0,722,0
48.490987062454224,204726,2724284,2729124,2726760,22863,0,722,0
48.50659513473511,204726,2724284,2729124,2726760,22863,0,722,0
48.52225112915039,204726,2724284,2729124,2726760,22863,0,722,0
48.53770303726196,204726,2724284,2729124,2726760,22863,0,722,0
48.55322003364563,204726,2724284,2729124,2726760,22863,0,722,0
48.56862020492554,204726,2724284,2729124,2726760,22863,0,722,0
48.58643102645874,204726,2724284,2729124,2726760,22863,0,722,0
48.60207915306091,204726,2724284,2729124,2726760,22863,0,722,0
48.61760210990906,204726,2724284,2729124,2726760,22863,0,722,0
48.63314509391785,204726,2724284,2729124,2726760,22863,0,722,0
48.64861822128296,204726,2724284,2729124,2726760,22863,0,722,0
48.66418814659119,204726,2724284,2729124,2726760,22863,0,722,0
48.67963719367981,204726,2724284,2729124,2726760,22863,0,722,0
48.69523310661316,204726,2724284,2729124,2726760,22863,0,722,0
48.710973024368286,204726,2724284,2729124,2726760,22863,0,722,0
48.72654104232788,204726,2724284,2729124,2726760,22863,0,722,0
48.742173194885254,204726,2724284,2729124,2726760,22863,0,722,0
48.75762605667114,204726,2724284,2729124,2726760,22863,0,722,0
48.77318215370178,204726,2724284,2729124,2726760,22863,0,722,0
48.78874921798706,204726,2724284,2729124,2726760,22863,0,722,0
48.8042471408844,204726,2724284,2729124,2726760,22863,0,722,0
48.81961107254028,204726,2724284,2729124,2726760,22863,0,722,0
48.835204124450684,204726,2724284,2729124,2726760,22863,0,722,0
48.85058903694153,204726,2724284,2729124,2726760,22863,0,722,0
48.86619210243225,204726,2724284,2729124,2726760,22863,0,722,0
48.88154411315918,204726,2724284,2729124,2726760,22863,0,722,0
48.89695119857788,204726,2724284,2729124,2726760,22863,0,722,0
48.912689208984375,204726,2724284,2729124,2726760,22863,0,722,0
48.92817711830139,204726,2724284,2729124,2726760,22863,0,722,0
48.94366502761841,204726,2724284,2729124,2726760,22863,0,722,0
48.95921516418457,204726,2724284,2729124,2726760,22863,0,722,0
48.97462606430054,204726,2724284,2729124,2726760,22863,0,722,0
48.99026107788086,204726,2724284,2729124,2726760,22863,0,722,0
49.005794048309326,204726,2724284,2729124,2726760,22863,0,722,0
49.02122712135315,204726,2724284,2729124,2726760,22863,0,722,0
49.03663206100464,204726,2724284,2729124,2726760,22863,0,722,0
49.05213809013367,204726,2724284,2729124,2726760,22863,0,722,0
49.06768321990967,204726,2724284,2729124,2726760,22863,0,722,0
49.08318614959717,204726,2724284,2729124,2726760,22863,0,722,0
49.09873104095459,204726,2724284,2729124,2726760,22863,0,722,0
49.114684104919434,204726,2724284,2729124,2726760,22863,0,722,0
49.13048505783081,204726,2724284,2729124,2726760,22863,0,722,0
49.14560914039612,204726,2724284,2729124,2726760,22863,0,722,0
49.161256074905396,204726,2724284,2729124,2726760,22863,0,722,0
49.17662715911865,204726,2724284,2729124,2726760,22863,0,722,0
49.19220018386841,204726,2724284,2729124,2726760,22863,0,722,0
49.207717180252075,204726,2724284,2729124,2726760,22863,0,722,0
49.22318410873413,204726,2724284,2729124,2726760,22863,0,722,0
49.23865604400635,204726,2724284,2729124,2726760,22863,0,722,0
49.254268169403076,204726,2724284,2729124,2726760,22863,0,722,0
49.269726037979126,204726,2724284,2729124,2726760,22863,0,722,0
49.28521203994751,204726,2724284,2729124,2726760,22863,0,722,0
49.30068111419678,204726,2724284,2729124,2726760,22863,0,722,0
49.31621313095093,204726,2724284,2729124,2726760,22863,0,722,0
49.332107067108154,204726,2724284,2729124,2726760,22863,0,722,0
49.3476300239563,204726,2724284,2729124,2726760,22863,0,722,0
49.36323118209839,204726,2724284,2729124,2726760,22863,0,722,0
49.37859916687012,204726,2724284,2729124,2726760,22863,0,722,0
49.39414310455322,204726,2724284,2729124,2726760,22863,0,722,0
49.409619092941284,204726,2724284,2729124,2726760,22863,0,722,0
49.425188064575195,204726,2724284,2729124,2726760,22863,0,722,0
49.44062399864197,204726,2724284,2729124,2726760,22863,0,722,0
49.456181049346924,204726,2724284,2729124,2726760,22863,0,722,0
49.471583127975464,204726,2724284,2729124,2726760,22863,0,722,0
49.487213134765625,204726,2724284,2729124,2726760,22863,0,722,0
49.50255799293518,204726,2724284,2729124,2726760,22863,0,722,0
49.518179178237915,204726,2724284,2729124,2726760,22863,0,722,0
49.53415322303772,204726,2724284,2729124,2726760,22863,0,722,0
49.54973006248474,204726,2724284,2729124,2726760,22863,0,722,0
49.56553912162781,204726,2724284,2729124,2726760,22863,0,722,0
49.58099913597107,204726,2724284,2729124,2726760,22863,0,722,0
49.59617900848389,204726,2724284,2729124,2726760,22863,0,722,0
49.61156105995178,204726,2724284,2729124,2726760,22863,0,722,0
49.627193212509155,204726,2724284,2729124,2726760,22863,0,722,0
49.642985105514526,204726,2724284,2729124,2726760,22863,0,722,0
49.65865707397461,204726,2724284,2729124,2726760,22863,0,722,0
49.673917055130005,204726,2724284,2729124,2726760,22863,0,722,0
49.68963313102722,204726,2724284,2729124,2726760,22863,0,722,0
49.7052001953125,204726,2724284,2729124,2726760,22863,0,722,0
49.72084617614746,204726,2724284,2729124,2726760,22863,0,722,0
49.73616600036621,204726,2724284,2729124,2726760,22863,0,722,0
49.75163912773132,204726,2724284,2729124,2726760,22863,0,722,0
49.7671902179718,204726,2724284,2729124,2726760,22863,0,722,0
49.78265309333801,204726,2724284,2729124,2726760,22863,0,722,0
49.798219203948975,204726,2724284,2729124,2726760,22863,0,722,0
49.81364917755127,204726,2724284,2729124,2726760,22863,0,722,0
49.82917022705078,204726,2724284,2729124,2726760,22863,0,722,0
49.844648122787476,204726,2724284,2729124,2726760,22863,0,722,0
49.860069036483765,204726,2724284,2729124,2726760,22863,0,722,0
49.875609159469604,204726,2724284,2729124,2726760,22863,0,722,0
49.891180992126465,204726,2724284,2610340,2726760,22863,0,719,0
49.90683913230896,204726,2355644,2360484,2358120,22863,0,714,0
49.9226770401001,204726,2355644,2360484,2358120,22863,0,714,0
49.938234090805054,204726,2355644,2360484,2358120,22863,0,714,0
49.953697204589844,204726,2355644,2360484,2358120,22863,0,714,0
49.96914601325989,204726,2355644,2360484,2358120,22863,0,714,0
49.984318017959595,204726,2355644,2360484,2358120,22863,0,714,0
49.99962902069092,204726,2355644,2360484,2358120,22863,0,714,0
50.01515221595764,204726,2355644,2360484,2358120,22863,0,714,0
50.030877113342285,204726,2355644,2360484,2358120,22863,0,714,0
50.04700016975403,204726,2355644,2360484,2358120,22863,0,714,0
50.06281900405884,204726,2355644,2360484,2358120,22863,0,714,0
50.07865619659424,204726,2355644,2360484,2358120,22863,0,714,0
50.094436168670654,204726,2355644,2360484,2358120,22863,0,714,0
50.11044001579285,204726,2355644,2360484,2358120,22863,0,714,0
50.12653207778931,204726,2355644,2360484,2358120,22863,0,714,0
50.142577171325684,204726,2355644,2360484,2358120,22863,0,714,0
50.15850901603699,204726,2355644,2360484,2358120,22863,0,714,0
50.17452311515808,204726,2355644,2360484,2358120,22863,0,714,0
50.19031310081482,204726,2355644,2360484,2358120,22863,0,714,0
50.20619201660156,204726,2355644,2360484,2358120,22863,0,714,0
50.22218608856201,204726,2355644,2360484,2358120,22863,0,714,0
50.23782014846802,204726,2355644,2360484,2358120,22863,0,714,0
50.25342416763306,204726,2355644,2360484,2358120,22863,0,714,0
50.2688422203064,204726,2355644,2360484,2358120,22863,0,714,0
50.28431701660156,204726,2355644,2360484,2358120,22863,0,714,0
50.29969620704651,204726,2355644,2360484,2358120,22863,0,714,0
50.31507611274719,204726,2355644,2360484,2358120,22863,0,714,0
50.33047819137573,204726,2355644,2360484,2358120,22863,0,714,0
50.345914125442505,204726,2355644,2360484,2358120,22863,0,714,0
50.361682176589966,204726,2355644,2360484,2358120,22863,0,714,0
50.37727999687195,204726,2355644,2360484,2358120,22863,0,714,0
50.392691135406494,204726,2355644,2360484,2358120,22863,0,714,0
50.40815806388855,204726,2355644,2360484,2358120,22863,0,714,0
50.423739194869995,204726,2355644,2360484,2358120,22863,0,714,0
50.43923616409302,204726,2355644,2360484,2358120,22863,0,714,0
50.454883098602295,204726,2355644,2360484,2358120,22863,0,714,0
50.470499992370605,204726,2355644,2360484,2358120,22863,0,714,0
50.48611903190613,204726,2355644,2360484,2358120,22863,0,714,0
50.501633167266846,204726,2355644,2360484,2358120,22863,0,714,0
50.517245054244995,204726,2355644,2360484,2358120,22863,0,714,0
50.53320503234863,204726,2355644,2360484,2358120,22863,0,714,0
50.5524001121521,204726,2355644,2360484,2358120,22863,0,714,0
50.56839203834534,204726,2355644,2360484,2358120,22863,0,714,0
50.58428716659546,204726,2355644,2360484,2358120,22863,0,714,0
50.60025906562805,204726,2355644,2360484,2358120,22863,0,714,0
50.61614012718201,204726,2355644,2360484,2358120,22863,0,714,0
50.63199520111084,204726,2355644,2360484,2358120,22863,0,714,0
50.6478910446167,204726,2355644,2360484,2358120,22863,0,714,0
50.66363215446472,204726,2355644,2360484,2358120,22863,0,714,0
50.67954206466675,204726,2355644,2360484,2358120,22863,0,714,0
50.69543218612671,204726,2355644,2360484,2358120,22863,0,714,0
50.71115517616272,204726,2355644,2360484,2358120,22863,0,714,0
50.72694516181946,204726,2355644,2360484,2358120,22863,0,714,0
50.74236822128296,204726,2355644,2360484,2358120,22863,0,714,0
50.757883071899414,204726,2355644,2360484,2358120,22863,0,714,0
50.77334117889404,204726,2355644,2360484,2358120,22863,0,714,0
50.789053201675415,204726,2355644,2360484,2358120,22863,0,714,0
50.80471920967102,204726,2355644,2360484,2358120,22863,0,714,0
50.82022404670715,204726,2355644,2360484,2358120,22863,0,714,0
50.835551023483276,204726,2355644,2360484,2358120,22863,0,714,0
50.851186990737915,204726,2355644,2360484,2358120,22863,0,714,0
50.867133140563965,204726,2355644,2360484,2358120,22863,0,714,0
50.88924503326416,204726,2355644,2360484,2358120,22863,0,714,0
50.90630912780762,204726,2355644,2360484,2358120,22863,0,714,0
50.92213702201843,204726,2355644,2360484,2358120,22863,0,714,0
50.93761420249939,204726,2355644,2360484,2358120,22863,0,714,0
50.953240156173706,204726,2355644,2360484,2358120,22863,0,714,0
50.968581199645996,204726,2355644,2360484,2358120,22863,0,714,0
50.98414611816406,204726,2355644,2360484,2358120,22863,0,714,0
50.99957203865051,204726,2355644,2360484,2358120,22863,0,714,0
51.01510715484619,204726,2355644,2360484,2358120,22863,0,714,0
51.03055810928345,204726,2355644,2360484,2358120,22863,0,714,0
51.0461950302124,204726,2355644,2360484,2358120,22863,0,714,0
51.06162405014038,204726,2355644,2360484,2358120,22863,0,714,0
51.07717299461365,204726,2355644,2360484,2358120,22863,0,714,0
51.09265422821045,204726,2355644,2360484,2358120,22863,0,714,0
51.10824108123779,204726,2355644,2360484,2358120,22863,0,714,0
51.1236891746521,204726,2355644,2360484,2358120,22863,0,714,0
51.13918614387512,204726,2355644,2360484,2358120,22863,0,714,0
51.15462112426758,204726,2355644,2360484,2358120,22863,0,714,0
51.169724225997925,204726,2355644,2360484,2358120,22863,0,714,0
51.18515706062317,204726,2355644,2360484,2358120,22863,0,714,0
51.201131105422974,204726,2355644,2360484,2358120,22863,0,714,0
51.21622920036316,204726,2355644,2360484,2358120,22863,0,714,0
51.23155403137207,204726,2355644,2360484,2358120,22863,0,714,0
51.247146129608154,204726,2355644,2360484,2358120,22863,0,714,0
51.26392221450806,204726,2355644,2360484,2358120,22863,0,714,0
51.28088116645813,204726,2355644,2360484,2358120,22863,0,714,0
51.29661822319031,204726,2355644,2360484,2358120,22863,0,714,0
51.31224703788757,204726,2355644,2360612,2358120,22863,0,714,0
51.32873010635376,204726,0,0,0,23015,0,0,0
51.344157218933105,204726,0,0,0,23015,0,0,0
51.35835409164429,204726,0,0,0,23015,0,0,0
