elapsed_s,pid,uss,rss,pss,min_flt,maj_flt,oom,oomadj
1.141516923904419,229885,432,508,540,271,0,666,0
1.1642038822174072,229885,5032,5296,5244,534,0,666,0
1.2017529010772705,229885,10700,11436,11112,952,0,666,0
1.222904920578003,229885,12116,12876,12560,1060,0,666,0
1.2501380443572998,229885,12408,13140,12860,1103,0,666,0
1.2769310474395752,229885,13988,16016,15050,1294,0,666,0
1.2953760623931885,229885,13988,16016,15050,1295,0,666,0
1.3276219367980957,229885,15180,17728,16544,1518,0,666,0
1.3791840076446533,229885,16328,18960,17688,1658,0,666,0
1.4144508838653564,229885,16772,19380,18132,1705,0,666,0
1.4382569789886475,229885,17608,20260,18968,1796,0,666,0
1.4648020267486572,229885,40464,45244,42876,3589,0,667,0
1.4869019985198975,229885,40464,45244,42876,3589,0,667,0
1.5137970447540283,229885,52024,56764,54468,4791,0,667,0
1.5470659732818604,229885,58600,63292,61044,6420,0,667,0
1.5694210529327393,229885,63640,68336,66084,7205,0,668,0
1.5997660160064697,229885,65976,70648,68420,7324,0,668,0
1.6197600364685059,229885,69720,74356,72164,7766,0,668,0
1.6438980102539062,229885,74260,78964,76704,7881,0,668,0
1.6590049266815186,229885,74464,79348,76908,7926,0,668,0
1.6741418838500977,229885,75004,79604,77448,8067,0,668,0
1.689159870147705,229885,75208,79860,77652,8118,0,668,0
1.703981876373291,229885,66408,71112,68852,8118,0,668,0
1.7187678813934326,229885,66408,71112,68852,8118,0,668,0
1.7335500717163086,229885,66408,71112,68852,8118,0,668,0
1.7482490539550781,229885,66408,71112,68852,8118,0,668,0
1.7630949020385742,229885,66732,71368,69176,8199,0,668,0
1.77833890914917,229885,66972,71624,69416,8259,0,668,0
1.7932279109954834,229885,66972,71624,69416,8259,0,668,0
1.80814790725708,229885,66972,71624,69416,8259,0,668,0
1.8231768608093262,229885,66972,71624,69416,8259,0,668,0
1.8381319046020508,229885,66972,71624,69416,8259,0,668,0
1.8531010150909424,229885,66972,71624,69416,8259,0,668,0
1.8681869506835938,229885,66972,71624,69416,8259,0,668,0
1.8834729194641113,229885,66972,71624,69416,8259,0,668,0
1.8985190391540527,229885,66972,71624,69416,8259,0,668,0
1.9134528636932373,229885,66972,71624,69416,8259,0,668,0
1.9283459186553955,229885,66972,71624,69416,8259,0,668,0
1.9432668685913086,229885,66972,71624,69416,8259,0,668,0
1.9581360816955566,229885,66972,71624,69416,8259,0,668,0
1.9730899333953857,229885,66972,71624,69416,8259,0,668,0
1.988111972808838,229885,66972,71624,69416,8259,0,668,0
2.0030479431152344,229885,66972,71624,69416,8259,0,668,0
2.018096923828125,229885,69020,73724,71464,8260,0,668,0
2.0331549644470215,229885,69020,73724,71464,8260,0,668,0
2.0481128692626953,229885,69020,73724,71464,8260,0,668,0
2.063077926635742,229885,69020,73724,71464,8260,0,668,0
2.0779929161071777,229885,69020,73724,71464,8260,0,668,0
2.093134880065918,229885,69020,73724,71464,8260,0,668,0
2.108069896697998,229885,69020,73724,71464,8260,0,668,0
2.1230618953704834,229885,69020,73724,71464,8260,0,668,0
2.1379380226135254,229885,69020,73724,71464,8260,0,668,0
2.1534268856048584,229885,76808,81508,79252,8674,0,668,0
2.16890287399292,229885,75048,79748,77492,8675,0,668,0
2.183922052383423,229885,77096,81800,79540,8676,0,668,0
2.199064016342163,229885,79144,83848,81588,8677,0,668,0
2.2142910957336426,229885,79144,83848,81588,8677,0,668,0
2.2294819355010986,229885,79144,83848,81588,8677,0,668,0
2.244454860687256,229885,81192,85896,83636,8678,0,668,0
2.2593438625335693,229885,81192,85896,83636,8678,0,668,0
2.2740678787231445,229885,81192,85896,83636,8678,0,668,0
2.289108991622925,229885,81192,85896,83636,8678,0,668,0
2.304210901260376,229885,81192,85896,83636,8678,0,668,0
2.319333076477051,229885,81192,85896,83636,8678,0,668,0
2.3340699672698975,229885,81192,85896,83636,8678,0,668,0
2.34906005859375,229885,81192,85896,83636,8678,0,668,0
2.3640029430389404,229885,81192,85896,83636,8678,0,668,0
2.378995895385742,229885,81192,85896,83636,8678,0,668,0
2.393841028213501,229885,81192,85896,83636,8678,0,668,0
2.408669948577881,229885,81192,85896,83636,8678,0,668,0
2.423434019088745,229885,81192,85896,83636,8678,0,668,0
2.4399938583374023,229885,81192,85896,83636,8678,0,668,0
2.4550399780273438,229885,81192,85896,83636,8678,0,668,0
2.4701480865478516,229885,83240,87944,85684,8679,0,668,0
2.485369920730591,229885,83240,87944,85684,8679,0,668,0
2.500204086303711,229885,83240,87944,85684,8679,0,668,0
2.515209913253784,229885,83240,87944,85684,8679,0,668,0
2.5302069187164307,229885,83240,87944,85684,8679,0,668,0
2.545408010482788,229885,83240,87944,85684,8679,0,668,0
2.5604259967803955,229885,83240,87944,85684,8679,0,668,0
2.5753989219665527,229885,83240,87944,85684,8679,0,668,0
2.590522050857544,229885,85288,89992,87732,8680,0,668,0
2.6056759357452393,229885,85288,89992,87732,8680,0,668,0
2.6207258701324463,229885,85288,89992,87732,8680,0,668,0
2.6358110904693604,229885,85288,89992,87732,8680,0,668,0
2.650899887084961,229885,85288,89992,87732,8680,0,668,0
2.6659228801727295,229885,85288,89992,87732,8680,0,668,0
2.6810970306396484,229885,85288,89992,87732,8680,0,668,0
2.6961309909820557,229885,85288,89992,87732,8680,0,668,0
2.711137056350708,229885,85288,89992,87732,8680,0,668,0
2.7264649868011475,229885,85288,89992,87732,8680,0,668,0
2.741658926010132,229885,85288,89992,87732,8680,0,668,0
2.756779909133911,229885,85288,89992,87732,8680,0,668,0
2.771743059158325,229885,85288,89992,87732,8680,0,668,0
2.7868380546569824,229885,85288,89992,87732,8680,0,668,0
2.80195689201355,229885,85288,89992,87732,8680,0,668,0
2.816962957382202,229885,85288,89992,87732,8680,0,668,0
2.832124948501587,229885,85288,89992,87732,8680,0,668,0
2.8470559120178223,229885,85288,89992,87732,8680,0,668,0
2.86216402053833,229885,85288,89992,87732,8680,0,668,0
2.877126932144165,229885,87336,92040,89780,8681,0,668,0
2.892235040664673,229885,87336,92040,89780,8681,0,668,0
2.907336950302124,229885,87336,92040,89780,8681,0,668,0
2.9227840900421143,229885,87336,92040,89780,8681,0,668,0
2.937964916229248,229885,87336,92040,89780,8681,0,668,0
2.953011989593506,229885,87336,92040,89780,8681,0,668,0
2.9680418968200684,229885,87336,92040,89780,8681,0,668,0
2.983064889907837,229885,87336,92040,89780,8681,0,668,0
2.9981179237365723,229885,89384,94088,91828,8682,0,668,0
3.0131659507751465,229885,89384,94088,91828,8682,0,668,0
3.028316020965576,229885,89384,94088,91828,8682,0,668,0
3.0432419776916504,229885,89384,94088,91828,8682,0,668,0
3.058237075805664,229885,89384,94088,91828,8682,0,668,0
3.0730950832366943,229885,89384,94088,91828,8682,0,668,0
3.087965965270996,229885,89384,94088,91828,8682,0,668,0
3.10263991355896,229885,89384,94088,91828,8682,0,668,0
3.1175758838653564,229885,89384,94088,91828,8682,0,668,0
3.1322579383850098,229885,89384,94088,91828,8682,0,668,0
3.147067070007324,229885,89384,94088,91828,8682,0,668,0
3.1620209217071533,229885,89384,94088,91828,8682,0,668,0
3.17691707611084,229885,89384,94088,91828,8682,0,668,0
3.1916868686676025,229885,89384,94088,91828,8682,0,668,0
3.2068119049072266,229885,89384,94088,91828,8682,0,668,0
3.2217750549316406,229885,89384,94088,91828,8682,0,668,0
3.2367238998413086,229885,89384,94088,91828,8682,0,668,0
3.251749038696289,229885,89384,94088,91828,8682,0,668,0
3.266525983810425,229885,89384,94088,91828,8682,0,668,0
3.2814738750457764,229885,89384,94088,91828,8682,0,668,0
3.2964329719543457,229885,91432,96136,93876,8683,0,668,0
3.3113510608673096,229885,91432,96136,93876,8683,0,668,0
3.326387882232666,229885,91432,96136,93876,8683,0,668,0
3.34163498878479,229885,91432,96136,93876,8683,0,668,0
3.356616973876953,229885,91432,96136,93876,8683,0,668,0
3.371722936630249,229885,91432,96136,93876,8683,0,668,0
3.3864290714263916,229885,91432,96136,93876,8683,0,668,0
3.4011459350585938,229885,91432,96136,93876,8683,0,668,0
3.4162559509277344,229885,93480,98184,95924,8684,0,668,0
3.431360960006714,229885,93480,98184,95924,8684,0,668,0
3.4462029933929443,229885,93480,98184,95924,8684,0,668,0
3.4612178802490234,229885,93480,98184,95924,8684,0,668,0
3.476130962371826,229885,93480,98184,95924,8684,0,668,0
3.491107940673828,229885,93480,98184,95924,8684,0,668,0
3.5061469078063965,229885,93480,98184,95924,8684,0,668,0
3.5211238861083984,229885,93480,98184,95924,8684,0,668,0
3.5360710620880127,229885,93480,98184,95924,8684,0,668,0
3.5511529445648193,229885,93480,98184,95924,8684,0,668,0
3.5662338733673096,229885,93480,98184,95924,8684,0,668,0
3.581151008605957,229885,93480,98184,95924,8684,0,668,0
3.5960700511932373,229885,93480,98184,95924,8684,0,668,0
3.61100697517395,229885,93480,98184,95924,8684,0,668,0
3.625959873199463,229885,93480,98184,95924,8684,0,668,0
3.640749931335449,229885,93480,98184,95924,8684,0,668,0
3.6556780338287354,229885,93480,98184,95924,8684,0,668,0
3.6705589294433594,229885,93480,98184,95924,8684,0,668,0
3.685499906539917,229885,93480,98184,95924,8684,0,668,0
3.700265884399414,229885,93480,98184,95924,8684,0,668,0
3.7151129245758057,229885,95528,100232,97972,8685,0,668,0
3.7302560806274414,229885,95528,100232,97972,8685,0,668,0
3.745177984237671,229885,95528,100232,97972,8685,0,668,0
3.760560989379883,229885,95528,100232,97972,8685,0,668,0
3.775527000427246,229885,95528,100232,97972,8685,0,668,0
3.7903430461883545,229885,95528,100232,97972,8685,0,668,0
3.8053228855133057,229885,95528,100232,97972,8685,0,668,0
3.820103883743286,229885,95528,100232,97972,8685,0,668,0
3.835114002227783,229885,95528,100232,97972,8685,0,668,0
3.8501088619232178,229885,95528,100232,97972,8685,0,668,0
3.865097999572754,229885,95528,100232,97972,8685,0,668,0
3.880064010620117,229885,95528,100232,97972,8685,0,668,0
3.8951079845428467,229885,95528,100232,97972,8685,0,668,0
3.9101150035858154,229885,95528,100232,97972,8685,0,668,0
3.9249770641326904,229885,95528,100232,97972,8685,0,668,0
3.939802885055542,229885,95528,100232,97972,8685,0,668,0
3.9547479152679443,229885,95528,100232,97972,8685,0,668,0
3.9700119495391846,229885,95528,100232,97972,8685,0,668,0
3.984963893890381,229885,95528,100232,97972,8685,0,668,0
3.9997379779815674,229885,95528,100232,97972,8685,0,668,0
4.014729976654053,229885,95528,100232,97972,8685,0,668,0
4.0297229290008545,229885,95528,100232,97972,8685,0,668,0
4.044723033905029,229885,95528,100232,97972,8685,0,668,0
4.059652090072632,229885,95528,100232,97972,8685,0,668,0
4.074702978134155,229885,95528,100232,97972,8685,0,668,0
4.089542865753174,229885,95528,100232,97972,8685,0,668,0
4.104491949081421,229885,95528,100232,97972,8685,0,668,0
4.119462013244629,229885,95528,100232,97972,8685,0,668,0
4.134373903274536,229885,97576,102280,100020,8686,0,668,0
4.149399042129517,229885,97576,102280,100020,8686,0,668,0
4.164421081542969,229885,97576,102280,100020,8686,0,668,0
4.1796979904174805,229885,97576,102280,100020,8686,0,668,0
4.194638967514038,229885,97576,102280,100020,8686,0,668,0
4.209580898284912,229885,97576,102280,100020,8686,0,668,0
4.224576950073242,229885,97576,102280,100020,8686,0,668,0
4.239477872848511,229885,97576,102280,100020,8686,0,668,0
4.2544310092926025,229885,99624,104328,102068,8687,0,668,0
4.269430875778198,229885,99624,104328,102068,8687,0,668,0
4.284266948699951,229885,99624,104328,102068,8687,0,668,0
4.299118995666504,229885,99624,104328,102068,8687,0,668,0
4.313955068588257,229885,99624,104328,102068,8687,0,668,0
4.328958034515381,229885,99624,104328,102068,8687,0,668,0
4.343869924545288,229885,99624,104328,102068,8687,0,668,0
4.358741998672485,229885,99624,104328,102068,8687,0,668,0
4.37385892868042,229885,99624,104328,102068,8687,0,668,0
4.389086961746216,229885,99624,104328,102068,8687,0,668,0
4.40415096282959,229885,99624,104328,102068,8687,0,668,0
4.4191060066223145,229885,99624,104328,102068,8687,0,668,0
4.434081077575684,229885,99624,104328,102068,8687,0,668,0
4.4491260051727295,229885,99624,104328,102068,8687,0,668,0
4.46412205696106,229885,99624,104328,102068,8687,0,668,0
4.479055881500244,229885,99624,104328,102068,8687,0,668,0
4.493942975997925,229885,99624,104328,102068,8687,0,668,0
4.508975982666016,229885,99624,104328,102068,8687,0,668,0
4.523838996887207,229885,99624,104328,102068,8687,0,668,0
4.538735866546631,229885,101672,106376,104116,8688,0,668,0
4.553876876831055,229885,101672,106376,104116,8688,0,668,0
4.568933963775635,229885,101672,106376,104116,8688,0,668,0
4.584169864654541,229885,101672,106376,104116,8688,0,668,0
4.599087953567505,229885,101672,106376,104116,8688,0,668,0
4.614121913909912,229885,101672,106376,104116,8688,0,668,0
4.629124879837036,229885,101672,106376,104116,8688,0,668,0
4.644084930419922,229885,101672,106376,104116,8688,0,668,0
4.659050941467285,229885,103720,108424,106164,8689,0,668,0
4.674144983291626,229885,103720,108424,106164,8689,0,668,0
4.689231872558594,229885,103720,108424,106164,8689,0,668,0
4.704118013381958,229885,103720,108424,106164,8689,0,668,0
4.718982934951782,229885,103720,108424,106164,8689,0,668,0
4.734112024307251,229885,103720,108424,106164,8689,0,668,0
4.749021053314209,229885,107816,112520,110260,8691,0,668,0
4.764026880264282,229885,107816,112520,110260,8691,0,668,0
4.778907060623169,229885,107816,112520,110260,8691,0,668,0
4.793725967407227,229885,107816,112520,110260,8691,0,668,0
4.808784008026123,229885,107816,112520,110260,8691,0,668,0
4.823767900466919,229885,107816,112520,110260,8691,0,668,0
4.838720083236694,229885,107816,112520,110260,8691,0,668,0
4.853766918182373,229885,107816,112520,110260,8691,0,668,0
4.868659019470215,229885,107816,112520,110260,8691,0,668,0
4.883476972579956,229885,107816,112520,110260,8691,0,668,0
4.8984150886535645,229885,107816,112520,110260,8691,0,668,0
4.913367986679077,229885,107816,112520,110260,8691,0,668,0
4.928117036819458,229885,107816,112520,110260,8691,0,668,0
4.942934036254883,229885,107816,112520,110260,8691,0,668,0
4.957939863204956,229885,107816,112520,110260,8691,0,668,0
4.972883939743042,229885,107816,112520,110260,8691,0,668,0
4.987792015075684,229885,107816,112520,110260,8691,0,668,0
5.003107070922852,229885,107816,112520,110260,8691,0,668,0
5.018049955368042,229885,107816,112520,110260,8691,0,668,0
5.032976865768433,229885,107816,112520,110260,8691,0,668,0
5.047976970672607,229885,107816,112520,110260,8691,0,668,0
5.063020944595337,229885,107816,112520,110260,8691,0,668,0
5.0779619216918945,229885,109864,114568,112308,8692,0,668,0
5.093008995056152,229885,109864,114568,112308,8692,0,668,0
5.108108997344971,229885,109864,114568,112308,8692,0,668,0
5.123089075088501,229885,109864,114568,112308,8692,0,668,0
5.138073921203613,229885,109864,114568,112308,8692,0,668,0
5.153124094009399,229885,109864,114568,112308,8692,0,668,0
5.168148994445801,229885,111912,116616,114356,8693,0,668,0
5.183158874511719,229885,111912,116616,114356,8693,0,668,0
5.198087930679321,229885,111912,116616,114356,8693,0,668,0
5.213128089904785,229885,111912,116616,114356,8693,0,668,0
5.228101968765259,229885,111912,116616,114356,8693,0,668,0
5.242985963821411,229885,111912,116616,114356,8693,0,668,0
5.257792949676514,229885,111912,116616,114356,8693,0,668,0
5.2726709842681885,229885,111912,116616,114356,8693,0,668,0
5.287568092346191,229885,111912,116616,114356,8693,0,668,0
5.302546977996826,229885,111912,116616,114356,8693,0,668,0
5.317426919937134,229885,111912,116616,114356,8693,0,668,0
5.332412958145142,229885,111912,116616,114356,8693,0,668,0
5.347352981567383,229885,111912,116616,114356,8693,0,668,0
5.3627119064331055,229885,111912,116616,114356,8693,0,668,0
5.377564907073975,229885,111912,116616,114356,8693,0,668,0
5.392404079437256,229885,111912,116616,114356,8693,0,668,0
5.407280921936035,229885,111912,116616,114356,8693,0,668,0
5.4221720695495605,229885,111912,116616,114356,8693,0,668,0
5.436943054199219,229885,111912,116616,114356,8693,0,668,0
5.451634883880615,229885,111912,116616,114356,8693,0,668,0
5.466471910476685,229885,111912,116616,114356,8693,0,668,0
5.481404066085815,229885,111912,116616,114356,8693,0,668,0
5.496110916137695,229885,111912,116616,114356,8693,0,668,0
5.510900020599365,229885,113960,118664,116404,8694,0,668,0
5.526120901107788,229885,113960,118664,116404,8694,0,668,0
5.541145086288452,229885,113960,118664,116404,8694,0,668,0
5.556120872497559,229885,113960,118664,116404,8694,0,668,0
5.571197032928467,229885,113960,118664,116404,8694,0,668,0
5.5862040519714355,229885,116008,120712,118452,8695,0,668,0
5.601124048233032,229885,116008,120712,118452,8695,0,668,0
5.61601996421814,229885,116008,120712,118452,8695,0,668,0
5.630985975265503,229885,116008,120712,118452,8695,0,668,0
5.645956039428711,229885,116008,120712,118452,8695,0,668,0
5.660798072814941,229885,116008,120712,118452,8695,0,668,0
5.675770998001099,229885,116008,120712,118452,8695,0,668,0
5.690664052963257,229885,116008,120712,118452,8695,0,668,0
5.705575942993164,229885,116008,120712,118452,8695,0,668,0
5.720552921295166,229885,116008,120712,118452,8695,0,668,0
5.735547065734863,229885,116008,120712,118452,8695,0,668,0
5.750454902648926,229885,116008,120712,118452,8695,0,668,0
5.7654900550842285,229885,116008,120712,118452,8695,0,668,0
5.780493974685669,229885,116008,120712,118452,8695,0,668,0
5.795424938201904,229885,116008,120712,118452,8695,0,668,0
5.810375928878784,229885,116008,120712,118452,8695,0,668,0
5.825339078903198,229885,116008,120712,118452,8695,0,668,0
5.840569972991943,229885,116008,120712,118452,8695,0,668,0
5.855620861053467,229885,116008,120712,118452,8695,0,668,0
5.870596885681152,229885,116008,120712,118452,8695,0,668,0
5.8856470584869385,229885,116008,120712,118452,8695,0,668,0
5.9006829261779785,229885,116008,122760,118452,8695,0,668,0
5.915632963180542,229885,118056,122760,120500,8696,0,668,0
5.930666923522949,229885,118056,122760,120500,8696,0,668,0
5.945728063583374,229885,118056,122760,120500,8696,0,668,0
5.960694074630737,229885,118056,122760,120500,8696,0,668,0
5.9756669998168945,229885,118056,122760,120500,8696,0,668,0
5.990647077560425,229885,120104,124808,122548,8697,0,668,0
6.005899906158447,229885,120104,124808,122548,8697,0,668,0
6.020762920379639,229885,120104,124808,122548,8697,0,668,0
6.03588604927063,229885,120104,124808,122548,8697,0,668,0
6.050955057144165,229885,120104,124808,122548,8697,0,668,0
6.066009044647217,229885,120104,124808,122548,8697,0,668,0
6.080940008163452,229885,120104,124808,122548,8697,0,668,0
6.095929861068726,229885,120104,124808,122548,8697,0,668,0
6.110852956771851,229885,120104,124808,122548,8697,0,668,0
6.125979900360107,229885,120104,124808,122548,8697,0,668,0
6.140903949737549,229885,120104,124808,122548,8697,0,668,0
6.155745983123779,229885,120104,124808,122548,8697,0,668,0
6.1705849170684814,229885,120104,124808,122548,8697,0,668,0
6.185390949249268,229885,120104,124808,122548,8697,0,668,0
6.200371026992798,229885,120104,124808,122548,8697,0,668,0
6.215367078781128,229885,120104,124808,122548,8697,0,668,0
6.2301318645477295,229885,120104,124808,122548,8697,0,668,0
6.245038032531738,229885,120104,124808,122548,8697,0,668,0
6.2601869106292725,229885,120104,124808,122548,8697,0,668,0
6.275132894515991,229885,120104,124808,122548,8697,0,668,0
6.289989948272705,229885,120104,124808,122548,8697,0,668,0
6.3048460483551025,229885,120104,124808,122548,8697,0,668,0
6.319788932800293,229885,120104,124808,122548,8697,0,668,0
6.335063934326172,229885,122152,126856,124596,8698,0,668,0
6.350136995315552,229885,122152,126856,124596,8698,0,668,0
6.3651158809661865,229885,122152,126856,124596,8698,0,668,0
6.380066871643066,229885,122152,126856,124596,8698,0,668,0
6.395068883895874,229885,122152,126856,124596,8698,0,668,0
6.410023927688599,229885,124200,128904,126644,8699,0,668,0
6.425127983093262,229885,124200,128904,126644,8699,0,668,0
6.440094947814941,229885,124200,128904,126644,8699,0,668,0
6.455087900161743,229885,124200,128904,126644,8699,0,668,0
6.470073938369751,229885,124200,128904,126644,8699,0,668,0
6.485090017318726,229885,124200,128904,126644,8699,0,668,0
6.500076055526733,229885,124200,128904,126644,8699,0,668,0
6.514967918395996,229885,124200,128904,126644,8699,0,668,0
6.530054092407227,229885,124200,128904,126644,8699,0,668,0
6.545012950897217,229885,124200,128904,126644,8699,0,668,0
6.560106039047241,229885,124200,128904,126644,8699,0,668,0
6.575061082839966,229885,124200,128904,126644,8699,0,668,0
6.590009927749634,229885,124200,128904,126644,8699,0,668,0
6.605046033859253,229885,124200,128904,126644,8699,0,668,0
6.619982957839966,229885,124200,128904,126644,8699,0,668,0
6.634860992431641,229885,124200,128904,126644,8699,0,668,0
6.649810075759888,229885,124200,128904,126644,8699,0,668,0
6.665057897567749,229885,124200,128904,126644,8699,0,668,0
6.680011034011841,229885,124200,128904,126644,8699,0,668,0
6.695096015930176,229885,124200,128904,126644,8699,0,668,0
6.710072040557861,229885,124200,128904,126644,8699,0,668,0
6.725099086761475,229885,124200,128904,126644,8699,0,668,0
6.739988088607788,229885,124200,128904,126644,8699,0,668,0
6.754966974258423,229885,126248,130952,128692,8700,0,669,0
6.770087003707886,229885,126248,130952,128692,8700,0,669,0
6.785089015960693,229885,126248,130952,128692,8700,0,669,0
6.800141096115112,229885,126248,130952,128692,8700,0,669,0
6.8151140213012695,229885,126248,130952,128692,8700,0,669,0
6.830120086669922,229885,126248,130952,128692,8700,0,669,0
6.845016956329346,229885,126248,130952,128692,8700,0,669,0
6.860032081604004,229885,126248,130952,128692,8700,0,669,0
6.8753509521484375,229885,126248,130952,128692,8700,0,669,0
6.890337944030762,229885,126248,130952,128692,8700,0,669,0
6.905384063720703,229885,126248,130952,128692,8700,0,669,0
6.920118093490601,229885,126248,130952,128692,8700,0,669,0
6.93507194519043,229885,126248,130952,128692,8700,0,669,0
6.950044870376587,229885,126248,130952,128692,8700,0,669,0
6.965015888214111,229885,126248,130952,128692,8700,0,669,0
6.9799580574035645,229885,126248,130952,128692,8700,0,669,0
6.995014905929565,229885,126248,130952,128692,8700,0,669,0
7.010825872421265,229885,126248,130952,128692,8700,0,669,0
7.034862041473389,229885,126592,131208,129036,8786,0,669,0
7.090889930725098,229885,127132,131720,129576,8921,0,669,0
7.119091987609863,229885,127512,132104,129956,9016,0,669,0
7.149353981018066,229885,165204,169908,167648,9051,0,670,0
7.169404983520508,229885,189780,194484,192224,9067,0,670,0
7.185298919677734,229885,195924,202676,198368,9071,0,670,0
7.201117992401123,229885,206164,210868,208608,9076,0,670,0
7.216763019561768,229885,214356,219060,216800,9080,0,670,0
7.232342958450317,229885,224596,231348,227040,9085,0,671,0
7.24809193611145,229885,240980,245684,243424,9093,0,671,0
7.264627933502197,229885,240980,245684,243424,9093,0,671,0
7.280569076538086,229885,333140,346036,335584,9135,0,673,0
7.297571897506714,229885,392532,397236,394976,9167,0,674,0
7.31709098815918,229885,406868,411572,409312,9174,0,674,0
7.3335230350494385,229885,410964,415668,413408,9176,0,674,0
7.350084066390991,229885,410964,415668,413408,9176,0,674,0
7.3660759925842285,229885,410964,415668,413408,9176,0,674,0
7.381799936294556,229885,410964,415668,413408,9176,0,674,0
7.397630929946899,229885,417108,421812,419552,9179,0,674,0
7.41389799118042,229885,417108,421812,419552,9179,0,674,0
7.429728984832764,229885,417448,422068,419892,9264,0,674,0
7.445844888687134,229885,423240,428084,425684,10708,0,675,0
7.463089942932129,229885,429740,434444,432184,11826,0,675,0
7.479533910751343,229885,431788,438540,434232,11827,0,675,0
7.495920896530151,229885,442028,446732,444472,11832,0,675,0
7.512813091278076,229885,444076,448780,446520,11833,0,675,0
7.529419898986816,229885,433616,440368,436060,11833,0,675,0
7.545741081237793,229885,441808,446512,444252,11837,0,675,0
7.562098979949951,229885,450000,454704,452444,11841,0,675,0
7.578723907470703,229885,456144,460848,458588,11844,0,676,0
7.595232009887695,229885,456144,460848,458588,11844,0,676,0
7.611521005630493,229885,456144,460848,458588,11844,0,676,0
7.627139091491699,229885,456144,460848,458588,11844,0,676,0
7.643002986907959,229885,456144,460848,458588,11844,0,676,0
7.658612966537476,229885,456144,460848,458588,11844,0,676,0
7.674339056015015,229885,456144,460848,458588,11844,0,676,0
7.690321922302246,229885,456144,460848,458588,11844,0,676,0
7.706525087356567,229885,456144,460848,458588,11844,0,676,0
7.722917079925537,229885,456144,460848,458588,11844,0,676,0
7.739178895950317,229885,456144,460848,458588,11844,0,676,0
7.755346059799194,229885,456144,460848,458588,11844,0,676,0
7.7713658809661865,229885,456144,460848,458588,11844,0,676,0
7.787599086761475,229885,456144,462896,458588,11844,0,676,0
7.803852081298828,229885,460240,464944,462684,11846,0,676,0
7.81975793838501,229885,460240,464944,462684,11846,0,676,0
7.835723876953125,229885,462288,466992,464732,11846,0,676,0
7.852067947387695,229885,462456,467120,464900,11889,0,676,0
7.867804050445557,229885,464504,469208,466948,11890,0,676,0
7.8835389614105225,229885,464504,469336,466948,11890,0,676,0
7.898783922195435,229885,464668,469336,467112,11931,0,676,0
7.914370059967041,229885,464668,469336,467112,11931,0,676,0
7.929476022720337,229885,464668,469336,467112,11931,0,676,0
7.944427013397217,229885,464668,469336,467112,11931,0,676,0
7.959341049194336,229885,464296,469000,466740,11931,0,676,0
7.974284887313843,229885,464296,469000,466740,11931,0,676,0
7.989301919937134,229885,464296,469000,466740,11931,0,676,0
8.00425386428833,229885,464296,469000,466740,11931,0,676,0
8.01926302909851,229885,464296,469000,466740,11931,0,676,0
8.034255981445312,229885,464296,469000,466740,11931,0,676,0
8.049241065979004,229885,464296,469000,466740,11931,0,676,0
8.065394878387451,229885,464360,469000,466804,11947,0,676,0
8.081492900848389,229885,464360,469000,466804,11947,0,676,0
8.098034858703613,229885,464360,469000,466804,11947,0,676,0
8.11463189125061,229885,466408,471112,468852,11948,0,676,0
8.130658864974976,229885,466408,471112,468852,11948,0,676,0
8.146076917648315,229885,466408,471112,468852,11948,0,676,0
8.162463903427124,229885,466408,471112,468852,11948,0,676,0
8.179198980331421,229885,466408,471112,468852,11948,0,676,0
8.195024967193604,229885,466408,471112,468852,11948,0,676,0
8.210577011108398,229885,466408,471112,468852,11948,0,676,0
8.226918935775757,229885,466472,471112,468916,11964,0,676,0
8.243543863296509,229885,466472,471112,468916,11964,0,676,0
8.268054962158203,229885,466472,471112,468916,11964,0,676,0
8.292399883270264,229885,466472,471112,468916,11964,0,676,0
8.313812017440796,229885,466472,471112,468916,11964,0,676,0
8.338464975357056,229885,466472,471112,468916,11964,0,676,0
8.370660066604614,229885,466472,471112,468916,11964,0,676,0
8.399867057800293,229885,466472,471112,468916,11964,0,676,0
8.431101083755493,229885,466472,471112,468916,11964,0,676,0
8.454422950744629,229885,466472,471112,468916,11964,0,676,0
8.477931022644043,229885,466472,471112,468916,11964,0,676,0
8.501360893249512,229885,466472,471112,468916,11964,0,676,0
8.527406930923462,229885,466472,471112,468916,11964,0,676,0
8.565541982650757,229885,466472,471112,468916,11964,0,676,0
8.588352918624878,229885,466472,471112,468916,11964,0,676,0
8.61548900604248,229885,466472,471112,468916,11964,0,676,0
8.640606880187988,229885,466472,471112,468916,11964,0,676,0
8.665629863739014,229885,466472,471112,468916,11964,0,676,0
8.688549995422363,229885,466472,471112,468916,11964,0,676,0
8.710185050964355,229885,466472,471112,468916,11964,0,676,0
8.727632999420166,229885,466472,471112,468916,11964,0,676,0
8.744216918945312,229885,466472,471112,468916,11964,0,676,0
8.759857892990112,229885,466472,471112,468916,11964,0,676,0
8.775426864624023,229885,466472,471112,468916,11964,0,676,0
8.790915966033936,229885,466472,471112,468916,11964,0,676,0
8.806312084197998,229885,466472,471112,468916,11964,0,676,0
8.821799039840698,229885,466472,471112,468916,11964,0,676,0
8.839403867721558,229885,466472,471112,468916,11964,0,676,0
8.869032859802246,229885,466472,471112,468916,11964,0,676,0
8.898576021194458,229885,466472,471112,468916,11964,0,676,0
8.926722049713135,229885,466472,471112,468916,11964,0,676,0
8.955028057098389,229885,466472,471112,468916,11964,0,676,0
8.986087083816528,229885,466472,471112,468916,11964,0,676,0
9.013354063034058,229885,466472,471112,468916,11964,0,676,0
9.04941987991333,229885,466472,471112,468916,11964,0,676,0
9.076287031173706,229885,466472,471112,468916,11964,0,676,0
9.100308895111084,229885,466472,471112,468916,11964,0,676,0
9.131705045700073,229885,466472,471112,468916,11964,0,676,0
9.147207975387573,229885,466472,471112,468916,11964,0,676,0
9.16299295425415,229885,466472,471112,468916,11964,0,676,0
9.17875599861145,229885,466472,471112,468916,11964,0,676,0
9.194469928741455,229885,466472,471112,468916,11964,0,676,0
9.210246086120605,229885,466472,471112,468916,11964,0,676,0
9.22595500946045,229885,466472,471112,468916,11964,0,676,0
9.241563081741333,229885,466472,471112,468916,11964,0,676,0
9.257714986801147,229885,466472,471112,468916,11964,0,676,0
9.273680925369263,229885,466472,471112,468916,11964,0,676,0
9.289161920547485,229885,468520,473224,470964,11965,0,676,0
9.304526090621948,229885,474664,479368,477108,11968,0,676,0
9.320074081420898,229885,474664,479368,477108,11968,0,676,0
9.33526086807251,229885,474664,479368,477108,11968,0,676,0
9.350854873657227,229885,474664,479368,477108,11968,0,676,0
9.3660569190979,229885,474664,479368,477108,11968,0,676,0
9.381282091140747,229885,474664,479368,477108,11968,0,676,0
9.396882057189941,229885,474664,479368,477108,11968,0,676,0
9.412280082702637,229885,474664,479368,477108,11968,0,676,0
9.427583932876587,229885,474664,479368,477108,11968,0,676,0
9.443114042282104,229885,474664,479368,477108,11968,0,676,0
9.45851993560791,229885,474664,479368,477108,11968,0,676,0
9.473986864089966,229885,474792,479496,477236,12000,0,676,0
9.489285945892334,229885,474856,479496,477300,12016,0,676,0
9.504673957824707,229885,474860,479496,477304,12017,0,676,0
9.520117044448853,229885,474860,479496,477304,12017,0,676,0
9.53566288948059,229885,474860,479496,477304,12017,0,676,0
9.55124807357788,229885,474860,479496,477304,12017,0,676,0
9.566900968551636,229885,474860,479496,477304,12017,0,676,0
9.582546949386597,229885,474860,479496,477304,12017,0,676,0
9.598098993301392,229885,474860,479496,477304,12017,0,676,0
9.613528966903687,229885,474860,479496,477304,12017,0,676,0
9.629008054733276,229885,474860,479496,477304,12017,0,676,0
9.644331932067871,229885,474860,479496,477304,12017,0,676,0
9.659672975540161,229885,474924,479624,477368,12033,0,676,0
9.67511796951294,229885,474924,479624,477368,12033,0,676,0
9.690440893173218,229885,474928,479624,477372,12034,0,676,0
9.705766916275024,229885,474928,479624,477372,12034,0,676,0
9.721190929412842,229885,474928,479624,477372,12034,0,676,0
9.736409902572632,229885,474928,479624,477372,12034,0,676,0
9.751779079437256,229885,474928,479624,477372,12034,0,676,0
9.767168998718262,229885,474928,479624,477372,12034,0,676,0
9.782176971435547,229885,474928,479624,477372,12034,0,676,0
9.79723596572876,229885,474928,479624,477372,12034,0,676,0
9.812598943710327,229885,474928,479624,477372,12034,0,676,0
9.827916860580444,229885,474928,479624,477372,12034,0,676,0
9.843545913696289,229885,474928,479624,477372,12034,0,676,0
9.858974933624268,229885,474928,479624,477372,12034,0,676,0
9.874454975128174,229885,417584,412048,420028,12034,0,674,0
9.889954090118408,229885,409392,414096,411836,12035,0,674,0
9.90575909614563,229885,415536,420240,417980,12038,0,674,0
9.920958995819092,229885,415536,420240,417980,12038,0,674,0
9.936007976531982,229885,417584,422288,420028,12039,0,674,0
9.95111894607544,229885,425776,430480,428220,12043,0,675,0
9.966714859008789,229885,425776,430480,428220,12043,0,675,0
9.982047080993652,229885,425776,430480,428220,12043,0,675,0
9.997156858444214,229885,425776,430480,428220,12043,0,675,0
10.012609958648682,229885,425776,430480,428220,12043,0,675,0
10.028007984161377,229885,425776,430480,428220,12043,0,675,0
10.043369054794312,229885,425776,430480,428220,12043,0,675,0
10.058779001235962,229885,425776,430480,428220,12043,0,675,0
10.074173927307129,229885,425776,430480,428220,12043,0,675,0
10.089262008666992,229885,425776,430480,428220,12043,0,675,0
10.104412078857422,229885,425776,430480,428220,12043,0,675,0
10.119606971740723,229885,425776,430480,428220,12043,0,675,0
10.134779930114746,229885,425776,430480,428220,12043,0,675,0
10.150007009506226,229885,425776,430480,428220,12043,0,675,0
10.165255069732666,229885,425776,430480,428220,12043,0,675,0
10.180737972259521,229885,425776,430480,428220,12043,0,675,0
10.1960289478302,229885,425776,430480,428220,12043,0,675,0
10.211276054382324,229885,425776,430480,428220,12043,0,675,0
10.229212999343872,229885,425776,430480,428220,12043,0,675,0
10.2445809841156,229885,425776,430480,428220,12043,0,675,0
10.259732007980347,229885,427824,432528,430268,12044,0,675,0
10.27510690689087,229885,427824,432528,430268,12044,0,675,0
10.290450096130371,229885,427824,432528,430268,12044,0,675,0
10.305739879608154,229885,427824,432528,430268,12044,0,675,0
10.321055889129639,229885,427824,432528,430268,12044,0,675,0
10.336307048797607,229885,427824,432528,430268,12044,0,675,0
10.351722955703735,229885,429872,434576,432316,12045,0,675,0
10.367027997970581,229885,429872,434576,432316,12045,0,675,0
10.382211923599243,229885,429872,434576,432316,12045,0,675,0
10.3973228931427,229885,431920,436624,434364,12046,0,675,0
10.412932872772217,229885,433968,438672,436412,12047,0,675,0
10.428364038467407,229885,436016,440720,438460,12048,0,675,0
10.444078922271729,229885,436016,440720,438460,12048,0,675,0
10.459590911865234,229885,438064,442768,440508,12049,0,675,0
10.475087881088257,229885,438064,442768,440508,12049,0,675,0
10.490418910980225,229885,438064,442768,440508,12049,0,675,0
10.50593090057373,229885,438064,442768,440508,12049,0,675,0
10.521339893341064,229885,438064,442768,440508,12049,0,675,0
10.536700963973999,229885,438064,442768,440508,12049,0,675,0
10.552053928375244,229885,438064,444816,440508,12049,0,675,0
10.567559957504272,229885,444208,448912,446652,12052,0,675,0
10.583204984664917,229885,444208,448912,446652,12052,0,675,0
10.598712921142578,229885,446256,450960,448700,12053,0,675,0
10.61411190032959,229885,446256,450960,448700,12053,0,675,0
10.62973690032959,229885,448304,453008,450748,12054,0,675,0
10.645287990570068,229885,448304,453008,450748,12054,0,675,0
10.660708904266357,229885,448368,453008,450812,12070,0,675,0
10.676167011260986,229885,448368,453008,450812,12070,0,675,0
10.691708087921143,229885,448368,453008,450812,12070,0,675,0
10.707637071609497,229885,448368,453008,450812,12070,0,675,0
10.723219871520996,229885,448368,453008,450812,12070,0,675,0
10.738643884658813,229885,448368,453008,450812,12070,0,675,0
10.754266023635864,229885,448432,453136,450876,12086,0,675,0
10.769881010055542,229885,448432,453136,450876,12086,0,675,0
10.785176992416382,229885,448432,453136,450876,12086,0,675,0
10.800579071044922,229885,448432,453136,450876,12086,0,675,0
10.8158540725708,229885,448432,453136,450876,12086,0,675,0
10.831233978271484,229885,448432,453136,450876,12086,0,675,0
10.846948862075806,229885,450480,455184,452924,12087,0,675,0
10.862240076065063,229885,450480,455184,452924,12087,0,675,0
10.877620935440063,229885,450480,455184,452924,12087,0,675,0
10.893002986907959,229885,454576,459280,457020,12089,0,676,0
10.908283948898315,229885,454576,459280,457020,12089,0,676,0
10.923472881317139,229885,454576,459280,457020,12089,0,676,0
10.938498973846436,229885,454576,459280,457020,12089,0,676,0
10.954020977020264,229885,454576,459280,457020,12089,0,676,0
10.969304084777832,229885,454576,459280,457020,12089,0,676,0
10.984762907028198,229885,454576,459280,457020,12089,0,676,0
11.000252962112427,229885,462768,467472,465212,12093,0,676,0
11.0156729221344,229885,462768,467472,465212,12093,0,676,0
11.03079605102539,229885,462768,467472,465212,12093,0,676,0
11.046119928359985,229885,462768,467472,465212,12093,0,676,0
11.061573028564453,229885,462768,467472,465212,12093,0,676,0
11.076886892318726,229885,462768,467472,465212,12093,0,676,0
11.092328071594238,229885,462768,467472,465212,12093,0,676,0
11.10790205001831,229885,464816,469520,467260,12094,0,676,0
11.123363018035889,229885,464816,469520,467260,12094,0,676,0
11.138911008834839,229885,464816,469520,467260,12094,0,676,0
11.154354095458984,229885,464816,469520,467260,12094,0,676,0
11.169918060302734,229885,464816,469520,467260,12094,0,676,0
11.185268878936768,229885,464816,469520,467260,12094,0,676,0
11.203804969787598,229885,464816,469520,467260,12094,0,676,0
11.219233989715576,229885,464816,469520,467260,12094,0,676,0
11.234766006469727,229885,464816,469520,467260,12094,0,676,0
11.250427007675171,229885,464816,469520,467260,12094,0,676,0
11.2659170627594,229885,464816,469520,467260,12094,0,676,0
11.28134799003601,229885,468912,473616,471356,12096,0,676,0
11.29695987701416,229885,468912,473616,471356,12096,0,676,0
11.312474966049194,229885,468912,473616,471356,12096,0,676,0
11.327820062637329,229885,468912,473616,471356,12096,0,676,0
11.343263864517212,229885,468912,473616,471356,12096,0,676,0
11.358629941940308,229885,468912,473616,471356,12096,0,676,0
11.374080896377563,229885,468912,473616,471356,12096,0,676,0
11.38955807685852,229885,468912,473616,471356,12096,0,676,0
11.40498399734497,229885,468912,473616,471356,12096,0,676,0
11.420435905456543,229885,470960,477712,473404,12097,0,676,0
11.43600606918335,229885,473008,477712,475452,12098,0,676,0
11.451858043670654,229885,473008,477712,475452,12098,0,676,0
11.46734094619751,229885,473008,477712,475452,12098,0,676,0
11.482801914215088,229885,473008,477712,475452,12098,0,676,0
11.498264074325562,229885,473008,477712,475452,12098,0,676,0
11.51372504234314,229885,473008,477712,475452,12098,0,676,0
11.529250860214233,229885,473008,477712,475452,12098,0,676,0
11.544704914093018,229885,473008,477712,475452,12098,0,676,0
11.560204029083252,229885,473008,477712,475452,12098,0,676,0
11.576086044311523,229885,473008,477712,475452,12098,0,676,0
11.591707944869995,229885,473008,477712,475452,12098,0,676,0
11.60693097114563,229885,473008,477712,475452,12098,0,676,0
11.622370958328247,229885,473008,479760,475452,12098,0,676,0
11.63791298866272,229885,477104,481808,479548,12100,0,676,0
11.653320074081421,229885,477104,481808,479548,12100,0,676,0
11.668956995010376,229885,477104,481808,479548,12100,0,676,0
11.684449911117554,229885,477104,481808,479548,12100,0,676,0
11.69973087310791,229885,479152,483856,481596,12101,0,676,0
11.715177059173584,229885,479152,483856,481596,12101,0,676,0
11.73055386543274,229885,479152,483856,481596,12101,0,676,0
11.745843887329102,229885,481200,485904,483644,12102,0,676,0
11.761234045028687,229885,481200,485904,483644,12102,0,676,0
11.77656102180481,229885,481200,485904,483644,12102,0,676,0
11.79184103012085,229885,481200,485904,483644,12102,0,676,0
11.807178020477295,229885,483248,487952,485692,12103,0,676,0
11.822723865509033,229885,483248,487952,485692,12103,0,676,0
11.83807897567749,229885,483248,487952,485692,12103,0,676,0
11.85334300994873,229885,483248,487952,485692,12103,0,676,0
11.86885690689087,229885,483248,487952,485692,12103,0,676,0
11.884221076965332,229885,483424,488080,485868,12147,0,676,0
11.89949107170105,229885,483424,488080,485868,12147,0,676,0
11.914781093597412,229885,483424,488080,485868,12147,0,676,0
11.930139064788818,229885,475232,479936,477676,12148,0,676,0
11.945558071136475,229885,475232,479936,477676,12148,0,676,0
11.960946083068848,229885,479328,484032,481772,12150,0,676,0
11.976253032684326,229885,479408,484032,481852,12170,0,676,0
11.991659879684448,229885,479408,484032,481852,12170,0,676,0
12.007037878036499,229885,479408,484032,481852,12170,0,676,0
12.022294998168945,229885,481456,486160,483900,12171,0,676,0
12.037613868713379,229885,481456,486160,483900,12171,0,676,0
12.052985906600952,229885,481208,486032,483652,12171,0,676,0
12.068417072296143,229885,481208,486032,483652,12171,0,676,0
12.084171056747437,229885,481208,486032,483652,12171,0,676,0
12.099586963653564,229885,481208,486032,483652,12171,0,676,0
12.1149160861969,229885,481208,486032,483652,12171,0,676,0
12.130215883255005,229885,481208,486032,483652,12171,0,676,0
12.145294904708862,229885,481208,486032,483652,12171,0,676,0
12.16066288948059,229885,483256,487960,485700,12172,0,676,0
12.178524017333984,229885,487352,492056,489796,12174,0,676,0
12.194036960601807,229885,487352,492056,489796,12174,0,676,0
12.209270000457764,229885,487352,492056,489796,12174,0,676,0
12.22481107711792,229885,487352,492056,489796,12174,0,676,0
12.240200996398926,229885,487352,492056,489796,12174,0,676,0
12.255236864089966,229885,487352,492056,489796,12174,0,676,0
12.270349979400635,229885,487352,492056,489796,12174,0,676,0
12.28606390953064,229885,487352,492056,489796,12174,0,676,0
12.301584959030151,229885,487352,492056,489796,12174,0,676,0
12.317053079605103,229885,491448,496152,493892,12176,0,676,0
12.332588911056519,229885,495544,500248,497988,12178,0,676,0
12.34826397895813,229885,499640,504344,502084,12180,0,676,0
12.363955974578857,229885,499640,504344,502084,12180,0,676,0
12.379563093185425,229885,499640,504344,502084,12180,0,676,0
12.39528489112854,229885,499640,504344,502084,12180,0,676,0
12.410758972167969,229885,499640,504344,502084,12180,0,676,0
12.426368951797485,229885,499640,504344,502084,12180,0,676,0
12.441958904266357,229885,499640,504344,502084,12180,0,676,0
12.457345008850098,229885,501688,506392,504132,12181,0,676,0
12.47284197807312,229885,501688,506392,504132,12181,0,676,0
12.488528966903687,229885,503736,508440,506180,12182,0,676,0
12.504152059555054,229885,503736,508440,506180,12182,0,676,0
12.519598007202148,229885,503736,508440,506180,12182,0,676,0
12.535163879394531,229885,505784,510488,508228,12183,0,676,0
12.550559997558594,229885,505784,510488,508228,12183,0,676,0
12.566091060638428,229885,505784,510488,508228,12183,0,676,0
12.58153486251831,229885,505784,510488,508228,12183,0,676,0
12.5969979763031,229885,505784,510488,508228,12183,0,676,0
12.612441062927246,229885,505784,510488,508228,12183,0,676,0
12.627762079238892,229885,505784,510488,508228,12183,0,676,0
12.643138885498047,229885,507832,512536,510276,12184,0,676,0
12.658468961715698,229885,507832,512536,510276,12184,0,676,0
12.673696994781494,229885,507832,512536,510276,12184,0,676,0
12.689004898071289,229885,507832,512536,510276,12184,0,676,0
12.7047438621521,229885,507832,512536,510276,12184,0,676,0
12.720292091369629,229885,507832,512536,510276,12184,0,676,0
12.735574007034302,229885,507832,512536,510276,12184,0,676,0
12.750717878341675,229885,507832,512536,510276,12184,0,676,0
12.766121864318848,229885,507832,512536,510276,12184,0,676,0
12.781305074691772,229885,507832,512536,510276,12184,0,676,0
12.796748876571655,229885,507832,512536,510276,12184,0,676,0
12.81218695640564,229885,507832,512536,510276,12184,0,676,0
12.827486991882324,229885,507832,512536,510276,12184,0,676,0
12.843132019042969,229885,507832,512536,510276,12184,0,676,0
12.85854697227478,229885,509880,514584,512324,12185,0,676,0
12.873791933059692,229885,511928,516632,514372,12186,0,676,0
12.889250993728638,229885,511928,516632,514372,12186,0,676,0
12.905142068862915,229885,511928,516632,514372,12186,0,676,0
12.920448064804077,229885,511928,516632,514372,12186,0,676,0
12.935574054718018,229885,511928,516632,514372,12186,0,676,0
12.950692892074585,229885,511928,516632,514372,12186,0,676,0
12.96571397781372,229885,513976,518680,516420,12187,0,676,0
12.981064081192017,229885,513976,518680,516420,12187,0,676,0
12.99638295173645,229885,513976,518680,516420,12187,0,676,0
13.011434078216553,229885,513976,518680,516420,12187,0,676,0
13.02642297744751,229885,513976,518680,516420,12187,0,676,0
13.041514873504639,229885,513976,518680,516420,12187,0,676,0
13.057024955749512,229885,513976,518680,516420,12187,0,676,0
13.072582006454468,229885,513976,518680,516420,12187,0,676,0
13.088095903396606,229885,513976,518680,516420,12187,0,676,0
13.103250980377197,229885,513976,518680,516420,12187,0,676,0
13.118766069412231,229885,513976,518680,516420,12187,0,676,0
13.134038925170898,229885,513976,518680,516420,12187,0,676,0
13.151828050613403,229885,513976,518680,516420,12187,0,676,0
13.167136907577515,229885,513976,518680,516420,12187,0,676,0
13.182230949401855,229885,513976,518680,516420,12187,0,676,0
13.197335958480835,229885,513976,518680,516420,12187,0,676,0
13.212370872497559,229885,513976,518680,516420,12187,0,676,0
13.227382898330688,229885,513976,518680,516420,12187,0,676,0
13.242271900177002,229885,513976,518680,516420,12187,0,676,0
13.257778882980347,229885,513976,518680,516420,12187,0,676,0
13.273022890090942,229885,513976,518680,516420,12187,0,676,0
13.288228034973145,229885,513976,518680,516420,12187,0,676,0
13.303283929824829,229885,513976,518680,516420,12187,0,676,0
13.31826400756836,229885,513976,518680,516420,12187,0,676,0
13.333309888839722,229885,513976,518680,516420,12187,0,676,0
13.348505020141602,229885,513976,518680,516420,12187,0,676,0
13.363450050354004,229885,513976,518680,516420,12187,0,676,0
13.378761053085327,229885,513976,518680,516420,12187,0,676,0
13.394015073776245,229885,513976,518680,516420,12187,0,676,0
13.409206867218018,229885,513976,518680,516420,12187,0,676,0
13.426760911941528,229885,513976,518680,516420,12187,0,676,0
13.463515996932983,229885,513976,518680,516420,12187,0,676,0
13.485137939453125,229885,513976,518680,516420,12187,0,676,0
13.5054190158844,229885,513976,518680,516420,12187,0,676,0
13.521157026290894,229885,513976,518680,516420,12187,0,676,0
13.536525011062622,229885,513976,518680,516420,12187,0,676,0
13.55197787284851,229885,513976,518680,516420,12187,0,676,0
13.567235946655273,229885,513976,518680,516420,12187,0,676,0
13.582413911819458,229885,513976,518680,516420,12187,0,676,0
13.597785949707031,229885,513976,518680,516420,12187,0,676,0
13.612927913665771,229885,513976,518680,516420,12187,0,676,0
13.62817096710205,229885,513976,518680,516420,12187,0,676,0
13.643285036087036,229885,513976,518680,516420,12187,0,676,0
13.658607006072998,229885,513976,518680,516420,12187,0,676,0
13.679301977157593,229885,513976,518680,516420,12187,0,676,0
13.694364070892334,229885,513976,518680,516420,12187,0,676,0
13.709553956985474,229885,513976,518680,516420,12187,0,676,0
13.72464394569397,229885,513976,518680,516420,12187,0,676,0
13.739813089370728,229885,513976,518680,516420,12187,0,676,0
13.754983901977539,229885,513976,518680,516420,12187,0,676,0
13.77018404006958,229885,513976,518680,516420,12187,0,676,0
13.785249948501587,229885,513976,518680,516420,12187,0,676,0
13.800275087356567,229885,513976,518680,516420,12187,0,676,0
13.815293073654175,229885,513976,518680,516420,12187,0,676,0
13.83030104637146,229885,513976,518680,516420,12187,0,676,0
13.84531307220459,229885,513976,518680,516420,12187,0,676,0
13.860327959060669,229885,513976,518680,516420,12187,0,676,0
13.875454902648926,229885,513976,518680,516420,12187,0,676,0
13.890626907348633,229885,513976,518680,516420,12187,0,676,0
13.905761957168579,229885,513976,518680,516420,12187,0,676,0
13.920811891555786,229885,513976,518680,516420,12187,0,676,0
13.93600606918335,229885,513976,518680,516420,12187,0,676,0
13.951174020767212,229885,513976,518680,516420,12187,0,676,0
13.966279983520508,229885,513976,518680,516420,12187,0,676,0
13.981308937072754,229885,513976,518680,516420,12187,0,676,0
13.99675989151001,229885,513976,518680,516420,12187,0,676,0
14.012053966522217,229885,513976,518680,516420,12187,0,676,0
14.027108907699585,229885,513976,518680,516420,12187,0,676,0
14.042191982269287,229885,513976,518680,516420,12187,0,676,0
14.057277917861938,229885,513976,518680,516420,12187,0,676,0
14.072298049926758,229885,513976,518680,516420,12187,0,676,0
14.087313890457153,229885,513976,518680,516420,12187,0,676,0
14.10229206085205,229885,513976,518680,516420,12187,0,676,0
14.117449045181274,229885,513976,518680,516420,12187,0,676,0
14.13287091255188,229885,513976,518680,516420,12187,0,676,0
14.148238897323608,229885,513976,518680,516420,12187,0,676,0
14.163297891616821,229885,513976,518680,516420,12187,0,676,0
14.178293943405151,229885,513976,518680,516420,12187,0,676,0
14.193312883377075,229885,513976,518680,516420,12187,0,676,0
14.208276987075806,229885,513976,518680,516420,12187,0,676,0
14.22331190109253,229885,513976,518680,516420,12187,0,676,0
14.238348007202148,229885,513976,518680,516420,12187,0,676,0
14.253287076950073,229885,513976,518680,516420,12187,0,676,0
14.268435001373291,229885,513976,518680,516420,12187,0,676,0
14.283798933029175,229885,513976,518680,516420,12187,0,676,0
14.299000978469849,229885,513976,518680,516420,12187,0,676,0
14.314148902893066,229885,513976,518680,516420,12187,0,676,0
14.329318046569824,229885,513976,518680,516420,12187,0,676,0
14.344290018081665,229885,513976,518680,516420,12187,0,676,0
14.35928988456726,229885,513976,518680,516420,12187,0,676,0
14.374921083450317,229885,513976,518680,516420,12187,0,676,0
14.390212059020996,229885,520120,524824,522564,12190,0,677,0
14.405672073364258,229885,528312,533016,530756,12194,0,677,0
14.42110800743103,229885,536504,541208,538948,12198,0,677,0
14.436590909957886,229885,544696,549400,547140,12201,0,677,0
14.452007055282593,229885,550840,557592,553284,12205,0,678,0
14.467298984527588,229885,559032,565784,561476,12209,0,678,0
14.48313307762146,229885,567224,571928,569668,12213,0,678,0
14.498609066009521,229885,575416,580120,577860,12217,0,678,0
14.514081001281738,229885,583608,588312,586052,12221,0,678,0
14.529561996459961,229885,591800,596504,594244,12225,0,678,0
14.54474401473999,229885,599992,604696,602436,12229,0,678,0
14.560122013092041,229885,608184,612888,610628,12233,0,678,0
14.57572603225708,229885,616376,621080,618820,12236,0,678,0
14.591099977493286,229885,624568,629272,627012,12240,0,679,0
14.606435060501099,229885,630712,637464,633156,12244,0,679,0
14.62167501449585,229885,638904,645656,641348,12248,0,679,0
14.637037992477417,229885,647096,651800,649540,12252,0,679,0
14.652239084243774,229885,655288,659992,657732,12256,0,680,0
14.667532920837402,229885,663480,668184,665924,12260,0,680,0
14.682934999465942,229885,671672,676376,674116,12264,0,680,0
14.698184967041016,229885,679864,684568,682308,12268,0,680,0
14.713468074798584,229885,688056,692760,690500,12272,0,680,0
14.728731870651245,229885,696248,700952,698692,12275,0,680,0
14.744073867797852,229885,704440,709144,706884,12279,0,680,0
14.75938105583191,229885,710584,717336,713028,12283,0,680,0
14.774635076522827,229885,718776,723480,721220,12287,0,681,0
14.790297031402588,229885,726968,731672,729412,12291,0,681,0
14.80575704574585,229885,735160,739864,737604,12295,0,681,0
14.821095943450928,229885,743352,748056,745796,12299,0,681,0
14.83645486831665,229885,751544,756248,753988,12303,0,682,0
14.851738929748535,229885,759736,764440,762180,12307,0,682,0
14.867058992385864,229885,767928,772632,770372,12311,0,682,0
14.882349967956543,229885,776120,780824,778564,12315,0,682,0
14.897650003433228,229885,784312,789016,786756,12318,0,682,0
14.913027048110962,229885,790456,797208,792900,12322,0,682,0
14.928194999694824,229885,798648,803352,801092,12326,0,682,0
14.943572044372559,229885,806840,811544,809284,12330,0,682,0
14.958903074264526,229885,815032,819736,817476,12334,0,683,0
14.974225044250488,229885,823224,827928,825668,12338,0,683,0
14.989768028259277,229885,831416,836120,833860,12342,0,683,0
15.005183935165405,229885,839608,844312,842052,12346,0,683,0
15.020466089248657,229885,847800,852504,850244,12350,0,684,0
15.035717010498047,229885,855992,860696,858436,12353,0,684,0
15.050966024398804,229885,864184,868888,866628,12357,0,684,0
15.066456079483032,229885,870328,877080,872772,12361,0,684,0
15.081747055053711,229885,878520,883224,880964,12365,0,684,0
15.097243070602417,229885,886712,891416,889156,12369,0,684,0
15.112550020217896,229885,894904,899608,897348,12373,0,684,0
15.127851009368896,229885,901048,905752,903492,12376,0,684,0
15.143100023269653,229885,907192,911896,909636,12379,0,684,0
15.158201932907104,229885,915384,920088,917828,12383,0,685,0
15.173590898513794,229885,923576,928280,926020,12387,0,685,0
15.1890549659729,229885,931768,936472,934212,12391,0,685,0
15.204761028289795,229885,939960,944664,942404,12395,0,685,0
15.22025203704834,229885,948152,952856,950596,12398,0,686,0
15.235673904418945,229885,954296,961048,956740,12402,0,686,0
15.251158952713013,229885,962488,969240,964932,12406,0,686,0
15.266516923904419,229885,970680,975384,973124,12410,0,686,0
15.28189992904663,229885,978872,983576,981316,12414,0,686,0
15.297290086746216,229885,987064,991768,989508,12418,0,686,0
15.31259799003601,229885,995256,999960,997700,12422,0,686,0
15.328067064285278,229885,1003448,1008152,1005892,12426,0,686,0
15.343580961227417,229885,1011640,1016344,1014084,12430,0,687,0
15.359009027481079,229885,1019832,1024536,1022276,12434,0,687,0
15.37447190284729,229885,1028024,1032728,1030468,12437,0,687,0
15.389914989471436,229885,1034168,1040920,1036612,12441,0,687,0
15.405732870101929,229885,1042360,1049112,1044804,12445,0,688,0
15.421292066574097,229885,1050552,1055256,1052996,12449,0,688,0
15.436722040176392,229885,1058744,1063448,1061188,12453,0,688,0
15.452179908752441,229885,1066936,1071640,1069380,12457,0,688,0
15.467638969421387,229885,1075128,1079832,1077572,12461,0,688,0
15.483064889907837,229885,1083320,1088024,1085764,12465,0,688,0
15.498518943786621,229885,1091512,1096216,1093956,12469,0,688,0
15.51397705078125,229885,1099704,1104408,1102148,12473,0,688,0
15.529335975646973,229885,1107896,1112600,1110340,12477,0,688,0
15.544790029525757,229885,1116088,1120792,1118532,12480,0,689,0
15.560232877731323,229885,1122232,1128984,1124676,12484,0,689,0
15.575649976730347,229885,1130424,1135128,1132868,12488,0,689,0
15.591068983078003,229885,1138616,1143320,1141060,12492,0,689,0
15.606564044952393,229885,1146808,1151512,1149252,12496,0,690,0
15.622236967086792,229885,1155000,1159704,1157444,12500,0,690,0
15.637659072875977,229885,1159136,1163840,1161580,12512,0,690,0
15.653218030929565,229885,1167328,1172032,1169772,12516,0,690,0
15.668699026107788,229885,1175520,1180224,1177964,12520,0,690,0
15.684248924255371,229885,1183712,1188416,1186156,12524,0,690,0
15.699688911437988,229885,1191904,1196608,1194348,12528,0,690,0
15.71529507637024,229885,1200096,1204800,1202540,12532,0,690,0
15.730719089508057,229885,1208288,1212992,1210732,12536,0,691,0
15.746196985244751,229885,1216480,1221184,1218924,12539,0,691,0
15.761630058288574,229885,1222624,1229376,1225068,12543,0,691,0
15.777174949645996,229885,1230816,1237568,1233260,12547,0,691,0
15.792665958404541,229885,1239008,1243712,1241452,12551,0,691,0
15.808220863342285,229885,1247200,1251904,1249644,12555,0,692,0
15.823968887329102,229885,1255392,1260096,1257836,12559,0,692,0
15.83934998512268,229885,1263584,1268288,1266028,12563,0,692,0
15.854719877243042,229885,1271776,1276480,1274220,12567,0,692,0
15.87025499343872,229885,1279968,1284672,1282412,12571,0,692,0
15.885756969451904,229885,1288160,1292864,1290604,12575,0,692,0
15.901262998580933,229885,1296352,1301056,1298796,12578,0,692,0
15.916980028152466,229885,1302496,1309248,1304940,12582,0,692,0
15.932311058044434,229885,1310688,1317440,1313132,12586,0,693,0
15.947751998901367,229885,1318880,1323584,1321324,12590,0,693,0
15.963212966918945,229885,1327072,1331776,1329516,12594,0,693,0
15.978605031967163,229885,1335264,1339968,1337708,12598,0,693,0
15.994134902954102,229885,1343456,1348160,1345900,12602,0,694,0
16.009594917297363,229885,1351648,1356352,1354092,12606,0,694,0
16.02537488937378,229885,1359840,1364544,1362284,12609,0,694,0
16.04094886779785,229885,1365984,1372736,1368428,12613,0,694,0
16.056509971618652,229885,1374176,1380928,1376620,12617,0,694,0
16.072021961212158,229885,1382368,1389120,1384812,12621,0,694,0
16.087658882141113,229885,1390560,1395264,1393004,12625,0,694,0
16.103209972381592,229885,1398752,1403456,1401196,12629,0,694,0
16.118687868118286,229885,1406944,1411648,1409388,12633,0,695,0
16.134186029434204,229885,1415136,1419840,1417580,12637,0,695,0
16.149753093719482,229885,1421280,1428032,1423724,12640,0,695,0
16.165315866470337,229885,1429472,1436224,1431916,12644,0,695,0
16.180767059326172,229885,1437664,1442368,1440108,12648,0,695,0
16.196340084075928,229885,1445856,1450560,1448300,12652,0,696,0
16.21175193786621,229885,1454048,1458752,1456492,12656,0,696,0
16.227231979370117,229885,1462240,1466944,1464684,12660,0,696,0
16.243026971817017,229885,1470432,1475136,1472876,12664,0,696,0
16.258368015289307,229885,1478624,1483328,1481068,12668,0,696,0
16.273782968521118,229885,1486816,1491520,1489260,12672,0,696,0
16.289273023605347,229885,1495008,1499712,1497452,12676,0,696,0
16.3049259185791,229885,1503200,1507904,1505644,12679,0,696,0
16.320733070373535,229885,1511392,1516096,1513836,12683,0,697,0
16.336241006851196,229885,1517536,1524288,1519980,12687,0,697,0
16.351659059524536,229885,1525728,1532480,1528172,12691,0,697,0
16.36717391014099,229885,1533920,1538624,1536364,12695,0,697,0
16.382694005966187,229885,1542112,1546816,1544556,12699,0,698,0
16.398202896118164,229885,1550304,1555008,1552748,12703,0,698,0
16.41358709335327,229885,1558496,1563200,1560940,12707,0,698,0
16.429199934005737,229885,1566688,1571392,1569132,12711,0,698,0
16.44504189491272,229885,1574880,1579584,1577324,12715,0,698,0
16.460453033447266,229885,1583072,1587776,1585516,12719,0,698,0
16.475976943969727,229885,1591264,1595968,1593708,12722,0,698,0
16.491379022598267,229885,1597408,1604160,1599852,12726,0,698,0
16.50672698020935,229885,1605600,1612352,1608044,12730,0,699,0
16.522398948669434,229885,1613792,1620544,1616236,12734,0,699,0
16.538023948669434,229885,1621984,1626688,1624428,12738,0,699,0
16.553581953048706,229885,1630176,1634880,1632620,12742,0,699,0
16.569205045700073,229885,1638368,1643072,1640812,12746,0,700,0
16.584770917892456,229885,1646560,1651264,1649004,12750,0,700,0
16.600437879562378,229885,1654752,1659456,1657196,12754,0,700,0
16.616127967834473,229885,1662944,1667648,1665388,12758,0,700,0
16.63176989555359,229885,1671136,1675840,1673580,12761,0,700,0
16.647226095199585,229885,1677280,1681984,1679724,12765,0,700,0
16.663244009017944,229885,1685472,1690176,1687916,12769,0,700,0
16.678704023361206,229885,1693664,1698368,1696108,12773,0,700,0
16.694187879562378,229885,1701856,1706560,1704300,12777,0,701,0
16.70951795578003,229885,1710048,1714752,1712492,12781,0,701,0
16.724905014038086,229885,1718240,1722944,1720684,12785,0,701,0
16.740516901016235,229885,1726432,1731136,1728876,12789,0,701,0
16.756008863449097,229885,1734624,1739328,1737068,12793,0,702,0
16.771291971206665,229885,1740768,1747520,1743212,12796,0,702,0
16.786679983139038,229885,1748960,1755712,1751404,12800,0,702,0
16.802051067352295,229885,1757152,1763904,1759596,12804,0,702,0
16.817305088043213,229885,1765344,1770048,1767788,12808,0,702,0
16.83264994621277,229885,1773536,1778240,1775980,12812,0,702,0
16.848156929016113,229885,1781728,1786432,1784172,12816,0,702,0
16.863681077957153,229885,1789920,1794624,1792364,12820,0,702,0
16.879332065582275,229885,1798112,1802816,1800556,12824,0,702,0
16.89502191543579,229885,1806304,1811008,1808748,12828,0,703,0
16.910603046417236,229885,1814496,1819200,1816940,12832,0,703,0
16.926230907440186,229885,1822688,1827392,1825132,12836,0,703,0
16.94170594215393,229885,1830880,1835584,1833324,12840,0,703,0
16.957195043563843,229885,1839072,1843776,1841516,12844,0,704,0
16.972743034362793,229885,1847264,1851968,1849708,12847,0,704,0
16.98825693130493,229885,1853408,1860160,1855852,12851,0,704,0
17.003735065460205,229885,1861600,1866304,1864044,12855,0,704,0
17.01928186416626,229885,1871840,1876544,1874284,12859,0,704,0
17.036272048950195,229885,1877984,1884736,1880428,12863,0,704,0
17.052100896835327,229885,1886176,1890880,1888620,12867,0,704,0
17.067755937576294,229885,1894368,1899072,1896812,12871,0,704,0
17.08355188369751,229885,1902560,1907264,1905004,12875,0,705,0
17.0992910861969,229885,1910752,1915456,1913196,12879,0,705,0
17.11496901512146,229885,1918944,1923648,1921388,12883,0,705,0
17.130568981170654,229885,1927136,1931840,1929580,12887,0,705,0
17.146250009536743,229885,1935328,1940032,1937772,12891,0,706,0
17.16193389892578,229885,1943520,1948224,1945964,12895,0,706,0
17.17750906944275,229885,1949664,1956416,1952108,12898,0,706,0
17.19306707382202,229885,1957856,1964608,1960300,12902,0,706,0
17.2086980342865,229885,1966048,1972800,1968492,12906,0,706,0
17.22424006462097,229885,1974240,1980992,1976684,12910,0,706,0
17.239845037460327,229885,1982432,1987136,1984876,12914,0,706,0
17.25533890724182,229885,1990624,1995328,1993068,12918,0,706,0
17.271034002304077,229885,1998816,2003520,2001260,12922,0,707,0
17.286756992340088,229885,2007008,2011712,2009452,12926,0,707,0
17.30239200592041,229885,2013152,2017856,2015596,12929,0,707,0
17.318026065826416,229885,2021344,2026048,2023788,12933,0,707,0
17.333513975143433,229885,2029536,2034240,2031980,12937,0,708,0
17.349114894866943,229885,2037728,2042432,2040172,12941,0,708,0
17.364574909210205,229885,2045920,2050624,2048364,12945,0,708,0
17.3802330493927,229885,2054112,2058816,2056556,12949,0,708,0
17.395948886871338,229885,2062304,2067008,2064748,12952,0,708,0
17.411503076553345,229885,2070496,2075200,2072940,12956,0,708,0
17.427011966705322,229885,2076640,2083392,2079084,12960,0,708,0
17.44262409210205,229885,2084832,2091584,2087276,12964,0,708,0
17.45824408531189,229885,2093024,2099776,2095468,12968,0,709,0
17.473809957504272,229885,2101216,2105920,2103660,12972,0,709,0
17.489711046218872,229885,2109408,2114112,2111852,12976,0,709,0
17.505331993103027,229885,2117600,2122304,2120044,12980,0,709,0
17.52113699913025,229885,2125792,2130496,2128236,12984,0,709,0
17.536664962768555,229885,2133984,2138688,2136428,12988,0,710,0
17.552248001098633,229885,2142176,2146880,2144620,12992,0,710,0
17.56770896911621,229885,2150368,2155072,2152812,12996,0,710,0
17.583550930023193,229885,2158560,2163264,2161004,13000,0,710,0
17.599050045013428,229885,2166752,2171456,2169196,13003,0,710,0
17.61459493637085,229885,2174944,2179648,2177388,13007,0,710,0
17.630132913589478,229885,2181088,2187840,2183532,13011,0,710,0
17.645619869232178,229885,2189280,2196032,2191724,13015,0,710,0
17.661213874816895,229885,2197472,2202176,2199916,13019,0,711,0
17.676496982574463,229885,2205664,2210368,2208108,13023,0,711,0
17.69199299812317,229885,2213856,2218560,2216300,13027,0,711,0
17.707494974136353,229885,2222048,2226752,2224492,13031,0,711,0
17.723049879074097,229885,2230240,2234944,2232684,13035,0,712,0
17.738646984100342,229885,2238432,2243136,2240876,13039,0,712,0
17.754467010498047,229885,2246624,2251328,2249068,13043,0,712,0
17.77021098136902,229885,2254816,2259520,2257260,13047,0,712,0
17.785583972930908,229885,2263008,2267712,2265452,13051,0,712,0
17.801002979278564,229885,2271200,2275904,2273644,13054,0,712,0
17.816497087478638,229885,2277344,2284096,2279788,13058,0,712,0
17.8320050239563,229885,2285540,2290240,2287984,13063,0,712,0
17.84745192527771,229885,2293732,2298436,2296176,13067,0,713,0
17.86309003829956,229885,2301924,2306628,2304368,13071,0,713,0
17.878551959991455,229885,2310116,2314820,2312560,13075,0,713,0
17.894094944000244,229885,2316260,2323012,2318704,13078,0,713,0
17.90953803062439,229885,2324452,2331204,2326896,13082,0,714,0
17.924925088882446,229885,2332644,2337348,2335088,13086,0,714,0
17.94022488594055,229885,2340836,2345540,2343280,13090,0,714,0
17.95576786994934,229885,2349028,2353732,2351472,13094,0,714,0
17.971143007278442,229885,2357220,2361924,2359664,13098,0,714,0
17.98653507232666,229885,2365412,2370116,2367856,13102,0,714,0
18.002247095108032,229885,2373604,2378308,2376048,13106,0,714,0
18.01773190498352,229885,2381796,2386500,2384240,13110,0,714,0
18.033259868621826,229885,2389988,2394692,2392432,13113,0,715,0
18.04864001274109,229885,2398180,2402884,2400624,13117,0,715,0
18.064260005950928,229885,2404324,2411076,2406768,13121,0,715,0
18.07990789413452,229885,2412516,2417220,2414960,13125,0,715,0
18.095305919647217,229885,2420708,2425412,2423152,13129,0,715,0
18.1111900806427,229885,2428900,2433604,2431344,13133,0,716,0
18.126775979995728,229885,2437092,2441796,2439536,13137,0,716,0
18.14226508140564,229885,2445284,2449988,2447728,13141,0,716,0
18.1577570438385,229885,2453476,2458180,2455920,13145,0,716,0
18.173393964767456,229885,2461668,2466372,2464112,13148,0,716,0
18.189010858535767,229885,2469860,2474564,2472304,13152,0,716,0
18.204511880874634,229885,2476004,2482756,2478448,13156,0,716,0
18.220144987106323,229885,2484196,2488900,2486640,13160,0,716,0
18.235769033432007,229885,2486244,2490948,2488688,13161,0,716,0
18.25155997276306,229885,2494436,2499140,2496880,13164,0,717,0
18.267225980758667,229885,2502628,2507332,2505072,13168,0,717,0
18.28259301185608,229885,2508772,2515524,2511216,13172,0,717,0
18.298258066177368,229885,2516964,2523716,2519408,13176,0,717,0
18.313673973083496,229885,2525156,2529860,2527600,13180,0,718,0
18.32921004295349,229885,2533348,2538052,2535792,13184,0,718,0
18.34451389312744,229885,2541540,2546244,2543984,13188,0,718,0
18.359755039215088,229885,2549732,2554436,2552176,13192,0,718,0
18.37521004676819,229885,2557924,2562628,2560368,13196,0,718,0
18.390668869018555,229885,2566116,2570820,2568560,13200,0,718,0
18.406166076660156,229885,2574308,2579012,2576752,13204,0,718,0
18.421669960021973,229885,2582500,2587204,2584944,13208,0,718,0
18.437133073806763,229885,2590692,2595396,2593136,13211,0,719,0
18.45246195793152,229885,2596836,2603588,2599280,13215,0,719,0
18.467787981033325,229885,2605028,2611780,2607472,13219,0,719,0
18.483280897140503,229885,2613220,2619972,2615664,13223,0,719,0
18.498679876327515,229885,2621412,2626116,2623856,13227,0,720,0
18.5140118598938,229885,2629604,2634308,2632048,13231,0,720,0
18.52997589111328,229885,2637796,2642500,2640240,13235,0,720,0
18.545626878738403,229885,2645988,2650692,2648432,13239,0,720,0
18.560983896255493,229885,2652132,2656836,2654576,13242,0,720,0
18.5765380859375,229885,2658276,2662980,2660720,13245,0,720,0
18.591907024383545,229885,2666468,2671172,2668912,13249,0,720,0
18.607279062271118,229885,2674660,2679364,2677104,13253,0,720,0
18.622715950012207,229885,2682852,2687556,2685296,13257,0,720,0
18.63820505142212,229885,2691044,2695748,2693488,13261,0,721,0
18.65355086326599,229885,2699236,2703940,2701680,13265,0,721,0
18.668848037719727,229885,2707428,2712132,2709872,13269,0,721,0
18.68425488471985,229885,2715620,2720324,2718064,13272,0,721,0
18.699692964553833,229885,2721764,2728516,2724208,13276,0,722,0
18.715049982070923,229885,2729956,2736708,2732400,13280,0,722,0
18.72953486442566,229885,2738148,2742852,2740592,13284,0,722,0
18.74509286880493,229885,2746340,2751044,2748784,13288,0,722,0
18.760483980178833,229885,2756580,2761284,2759024,13293,0,722,0
18.77605390548706,229885,2764772,2769476,2767216,13297,0,722,0
18.79167604446411,229885,2772964,2777668,2775408,13301,0,722,0
18.807388067245483,229885,2781156,2785860,2783600,13304,0,722,0
18.823149919509888,229885,2789348,2794052,2791792,13308,0,723,0
18.838694095611572,229885,2795492,2802244,2797936,13312,0,723,0
18.854284048080444,229885,2803684,2810436,2806128,13316,0,723,0
18.869982957839966,229885,2811876,2818628,2814320,13320,0,723,0
18.885642051696777,229885,2820068,2824772,2822512,13324,0,724,0
18.901252031326294,229885,2828260,2832964,2830704,13328,0,724,0
18.916764974594116,229885,2836452,2841156,2838896,13332,0,724,0
18.93233895301819,229885,2844644,2849348,2847088,13336,0,724,0
18.948297023773193,229885,2852836,2857540,2855280,13340,0,724,0
18.96393609046936,229885,2858980,2863684,2861424,13343,0,724,0
18.979784965515137,229885,2865124,2869828,2867568,13346,0,724,0
18.995267868041992,229885,2869220,2873924,2871664,13348,0,724,0
19.01074194908142,229885,2877412,2882116,2879856,13352,0,724,0
19.0262930393219,229885,2885604,2890308,2888048,13356,0,725,0
19.041900873184204,229885,2893796,2898500,2896240,13360,0,725,0
19.05731701850891,229885,2901988,2906692,2904432,13364,0,725,0
19.072808027267456,229885,2910180,2914884,2912624,13368,0,725,0
19.088483095169067,229885,2918372,2923076,2920816,13372,0,726,0
19.104037046432495,229885,2926564,2931268,2929008,13376,0,726,0
19.119667053222656,229885,2934756,2939460,2937200,13380,0,726,0
19.135359048843384,229885,2942948,2947652,2945392,13383,0,726,0
19.151221990585327,229885,2951140,2955844,2953584,13387,0,726,0
19.166745901107788,229885,2957284,2964036,2959728,13391,0,726,0
19.18244194984436,229885,2965476,2972228,2967920,13395,0,726,0
19.19813108444214,229885,2973668,2978372,2976112,13399,0,726,0
19.21368408203125,229885,2981860,2986564,2984304,13403,0,727,0
19.229254007339478,229885,2990052,2994756,2992496,13407,0,727,0
19.244842052459717,229885,2998244,3002948,3000688,13411,0,727,0
19.260490894317627,229885,3006436,3011140,3008880,13415,0,727,0
19.276170015335083,229885,3014628,3019332,3017072,13419,0,728,0
19.29184603691101,229885,3022820,3027524,3025264,13423,0,728,0
19.307367086410522,229885,3031012,3035716,3033456,13427,0,728,0
19.3229079246521,229885,3039204,3043908,3041648,13431,0,728,0
19.338589906692505,229885,3047396,3052100,3049840,13435,0,728,0
19.354248046875,229885,3051492,3056196,3053936,13437,0,728,0
19.369881868362427,229885,3051492,3056196,3053936,13437,0,728,0
19.38549494743347,229885,3055588,3060292,3058032,13439,0,728,0
19.401174068450928,229885,3063780,3068484,3066224,13443,0,728,0
19.416666984558105,229885,3071972,3076676,3074416,13447,0,728,0
19.432162046432495,229885,3080164,3084868,3082608,13451,0,729,0
19.447757959365845,229885,3088356,3093060,3090800,13455,0,729,0
19.46339988708496,229885,3096548,3101252,3098992,13459,0,729,0
19.478988885879517,229885,3104740,3109444,3107184,13463,0,729,0
19.494651079177856,229885,3112932,3117636,3115376,13467,0,730,0
19.510246992111206,229885,3121124,3125828,3123568,13470,0,730,0
19.525614976882935,229885,3129316,3134020,3131760,13474,0,730,0
19.541034936904907,229885,3135460,3142212,3137904,13478,0,730,0
19.556500911712646,229885,3143652,3150404,3146096,13482,0,730,0
19.572264909744263,229885,3151844,3156548,3154288,13486,0,730,0
19.587756872177124,229885,3160036,3164740,3162480,13490,0,730,0
19.60336208343506,229885,3168228,3172932,3170672,13494,0,730,0
19.61869502067566,229885,3176420,3181124,3178864,13498,0,730,0
19.634033918380737,229885,3184612,3189316,3187056,13501,0,731,0
19.6494460105896,229885,3192804,3197508,3195248,13505,0,731,0
19.664931058883667,229885,3198948,3205700,3201392,13509,0,731,0
19.68034791946411,229885,3207140,3213892,3209584,13513,0,731,0
19.695785999298096,229885,3215332,3222084,3217776,13517,0,732,0
19.711253881454468,229885,3223524,3228228,3225968,13521,0,732,0
19.726744890213013,229885,3231716,3236420,3234160,13525,0,732,0
19.742274045944214,229885,3239908,3244612,3242352,13529,0,732,0
19.757724046707153,229885,3248100,3252804,3250544,13533,0,732,0
19.77339196205139,229885,3256292,3260996,3258736,13537,0,732,0
19.78892707824707,229885,3260388,3265092,3262832,13539,0,732,0
19.804353952407837,229885,3260388,3265092,3262832,13539,0,732,0
19.819743871688843,229885,3266532,3273284,3268976,13542,0,732,0
19.835174083709717,229885,3274724,3279428,3277168,13546,0,732,0
19.850563049316406,229885,3282916,3287620,3285360,13550,0,733,0
19.865959882736206,229885,3291108,3295812,3293552,13554,0,733,0
19.88134503364563,229885,3299300,3304004,3301744,13558,0,733,0
19.896878004074097,229885,3307492,3312196,3309936,13562,0,733,0
19.912600994110107,229885,3315684,3320388,3318128,13566,0,734,0
19.92828392982483,229885,3323876,3328580,3326320,13570,0,734,0
19.944536924362183,229885,3332068,3336772,3334512,13574,0,734,0
19.960284948349,229885,3340260,3344964,3342704,13578,0,734,0
19.97626495361328,229885,3348452,3353156,3350896,13581,0,734,0
19.991770029067993,229885,3354596,3361348,3357040,13585,0,734,0
20.007690906524658,229885,3362788,3369540,3365232,13589,0,734,0
20.02328586578369,229885,3370980,3375684,3373424,13593,0,734,0
20.03896188735962,229885,3379172,3383876,3381616,13597,0,735,0
20.054674863815308,229885,3387364,3392068,3389808,13601,0,735,0
20.070108890533447,229885,3395556,3400260,3398000,13605,0,735,0
20.08558487892151,229885,3403748,3408452,3406192,13609,0,735,0
20.10098695755005,229885,3411940,3416644,3414384,13613,0,736,0
20.116451025009155,229885,3420132,3424836,3422576,13616,0,736,0
20.132057905197144,229885,3428324,3433028,3430768,13620,0,736,0
20.147484064102173,229885,3434468,3441220,3436912,13624,0,736,0
20.162991046905518,229885,3442660,3449412,3445104,13628,0,736,0
20.1784188747406,229885,3450852,3455556,3453296,13632,0,736,0
20.194236993789673,229885,3459044,3463748,3461488,13636,0,736,0
20.209743976593018,229885,3467236,3471940,3469680,13640,0,736,0
20.22524905204773,229885,3475428,3480132,3477872,13644,0,737,0
20.240673065185547,229885,3483620,3488324,3486064,13648,0,737,0
20.25617504119873,229885,3491812,3496516,3494256,13652,0,737,0
20.271676063537598,229885,3500004,3504708,3502448,13656,0,737,0
20.287112951278687,229885,3508196,3512900,3510640,13659,0,738,0
20.30252695083618,229885,3516388,3521092,3518832,13663,0,738,0
20.317951917648315,229885,3522532,3529284,3524976,13667,0,738,0
20.33355188369751,229885,3530724,3537476,3533168,13671,0,738,0
20.349077939987183,229885,3538916,3543620,3541360,13675,0,738,0
20.36459994316101,229885,3547108,3551812,3549552,13679,0,738,0
20.38016700744629,229885,3555300,3560004,3557744,13683,0,738,0
20.396121978759766,229885,3563492,3568196,3565936,13687,0,738,0
20.41180396080017,229885,3571684,3576388,3574128,13691,0,739,0
20.42772388458252,229885,3579876,3584580,3582320,13695,0,739,0
20.44332003593445,229885,3588068,3592772,3590512,13699,0,739,0
20.458942890167236,229885,3596260,3600964,3598704,13703,0,739,0
20.474541902542114,229885,3604452,3609156,3606896,13707,0,740,0
20.49024796485901,229885,3612644,3617348,3615088,13710,0,740,0
20.505780935287476,229885,3618788,3625540,3621232,13714,0,740,0
20.521497011184692,229885,3626980,3633732,3629424,13718,0,740,0
20.537095069885254,229885,3635172,3639876,3637616,13722,0,740,0
20.55268096923828,229885,3643364,3648068,3645808,13726,0,740,0
20.568270921707153,229885,3651556,3656260,3654000,13730,0,740,0
20.58394694328308,229885,3659748,3664452,3662192,13734,0,740,0
20.599623918533325,229885,3667940,3672644,3670384,13738,0,740,0
20.615740060806274,229885,3676132,3680836,3678576,13742,0,741,0
20.631475925445557,229885,3684324,3689028,3686768,13746,0,741,0
20.647212028503418,229885,3692516,3697220,3694960,13750,0,741,0
20.66292405128479,229885,3700708,3705412,3703152,13754,0,741,0
20.67836093902588,229885,3708900,3713604,3711344,13758,0,742,0
20.694061994552612,229885,3717092,3721796,3719536,13761,0,742,0
20.70973801612854,229885,3725284,3729988,3727728,13765,0,742,0
20.725446939468384,229885,3733476,3738180,3735920,13769,0,742,0
20.74096393585205,229885,3739620,3746372,3742064,13773,0,742,0
20.75664496421814,229885,3749860,3754564,3752304,13778,0,742,0
20.772279977798462,229885,3753956,3758660,3756400,13780,0,742,0
20.787975072860718,229885,3758052,3762756,3760496,13782,0,742,0
20.803663969039917,229885,3762148,3766852,3764592,13784,0,742,0
20.819670915603638,229885,3766244,3770948,3768688,13786,0,742,0
20.835651874542236,229885,3770340,3775044,3772784,13788,0,743,0
20.851274967193604,229885,3772388,3779140,3774832,13789,0,743,0
20.86694097518921,229885,3780580,3787332,3783024,13793,0,743,0
20.88260293006897,229885,3788772,3795524,3791216,13797,0,743,0
20.89824604988098,229885,3796964,3801668,3799408,13801,0,743,0
20.913940906524658,229885,3805156,3809860,3807600,13805,0,744,0
20.93003797531128,229885,3813348,3818052,3815792,13809,0,744,0
20.945668935775757,229885,3821540,3826244,3823984,13813,0,744,0
20.96134090423584,229885,3829732,3834436,3832176,13817,0,744,0
20.976985931396484,229885,3837924,3842628,3840368,13821,0,744,0
20.99263095855713,229885,3846116,3850820,3848560,13825,0,744,0
21.008358001708984,229885,3854308,3859012,3856752,13829,0,744,0
21.024250984191895,229885,3862500,3867204,3864944,13833,0,744,0
21.04017996788025,229885,3870440,3875396,3873136,13836,0,745,0
21.056315898895264,229885,3878884,3883588,3881328,13841,0,745,0
21.07250189781189,229885,3885028,3891780,3887472,13845,0,745,0
21.08827805519104,229885,3893220,3899972,3895664,13849,0,745,0
21.103955030441284,229885,3901412,3908164,3903856,13853,0,746,0
21.119559049606323,229885,3909604,3914308,3912048,13857,0,746,0
21.135366916656494,229885,3917796,3922500,3920240,13861,0,746,0
21.151015996932983,229885,3925988,3930692,3928432,13865,0,746,0
21.166651010513306,229885,3934180,3938884,3936624,13869,0,746,0
21.182246923446655,229885,3942372,3947076,3944816,13873,0,746,0
21.19805097579956,229885,3950564,3955268,3953008,13877,0,746,0
21.213605880737305,229885,3958756,3963460,3961200,13881,0,746,0
21.229532957077026,229885,3966948,3971652,3969392,13885,0,747,0
21.245330095291138,229885,3975140,3979844,3977584,13888,0,747,0
21.26092505455017,229885,3983332,3988036,3985776,13892,0,747,0
21.27662706375122,229885,3989476,3996228,3991920,13896,0,747,0
21.29236388206482,229885,3997668,4002372,4000112,13900,0,748,0
21.308032989501953,229885,4005860,4010564,4008304,13904,0,748,0
21.323617935180664,229885,4014052,4018756,4016496,13908,0,748,0
21.339277029037476,229885,4022244,4026948,4024688,13912,0,748,0
21.354757070541382,229885,4030436,4035140,4032880,13916,0,748,0
21.370541095733643,229885,4038628,4043332,4041072,13920,0,748,0
21.386218070983887,229885,4046820,4051524,4049264,13924,0,748,0
21.40170192718506,229885,4055012,4059716,4057456,13928,0,748,0
21.417255878448486,229885,4063204,4067908,4065648,13931,0,749,0
21.43322205543518,229885,4071396,4076100,4073840,13935,0,749,0
21.449071884155273,229885,4077540,4084292,4079984,13939,0,749,0
21.464672088623047,229885,4085732,4092484,4088176,13943,0,749,0
21.480280876159668,229885,4093924,4098628,4096368,13947,0,749,0
21.496011972427368,229885,4102116,4106820,4104560,13951,0,750,0
21.511679887771606,229885,4110308,4115012,4112752,13955,0,750,0
21.527236938476562,229885,4118500,4123204,4120944,13959,0,750,0
21.542973041534424,229885,4126692,4131396,4129136,13963,0,750,0
21.55851697921753,229885,4134884,4139588,4137328,13967,0,750,0
21.57430100440979,229885,4143076,4147780,4145520,13971,0,750,0
21.58996605873108,229885,4151268,4155972,4153712,13975,0,750,0
21.60556197166443,229885,4159460,4164164,4161904,13979,0,750,0
21.62113308906555,229885,4167652,4172356,4170096,13982,0,751,0
21.636798858642578,229885,4175844,4180548,4178288,13986,0,751,0
21.652745008468628,229885,4181988,4188740,4184432,13990,0,751,0
21.668323040008545,229885,4190180,4196932,4192624,13994,0,751,0
21.684114933013916,229885,4198372,4203076,4200816,13998,0,752,0
21.699635982513428,229885,4206564,4211268,4209008,14002,0,752,0
21.715296983718872,229885,4214756,4219460,4217200,14006,0,752,0
21.730840921401978,229885,4222948,4227652,4225392,14010,0,752,0
21.746574878692627,229885,4231140,4235844,4233584,14014,0,752,0
21.762131929397583,229885,4239332,4244036,4241776,14018,0,752,0
21.77776288986206,229885,4247524,4252228,4249968,14022,0,752,0
21.793515920639038,229885,4255716,4260420,4258160,14026,0,752,0
21.809069871902466,229885,4263908,4268612,4266352,14029,0,753,0
21.8249089717865,229885,4272100,4276804,4274544,14033,0,753,0
21.840662956237793,229885,4278244,4284996,4280688,14037,0,753,0
21.856719970703125,229885,4286436,4293188,4288880,14041,0,753,0
21.872298002243042,229885,4294628,4299332,4297072,14045,0,754,0
21.887780904769897,229885,4302820,4307524,4305264,14049,0,754,0
21.90352487564087,229885,4311012,4315716,4313456,14053,0,754,0
21.91906499862671,229885,4319204,4323908,4321648,14057,0,754,0
21.934478044509888,229885,4327396,4332100,4329840,14060,0,754,0
21.949843883514404,229885,4333540,4340292,4335984,14064,0,754,0
21.965210914611816,229885,4341732,4348484,4344176,14068,0,754,0
21.98086190223694,229885,4349924,4356676,4352368,14072,0,754,0
21.996278047561646,229885,4358116,4364868,4360560,14076,0,755,0
22.011910915374756,229885,4366308,4371012,4368752,14080,0,755,0
22.027577877044678,229885,4374500,4379204,4376944,14084,0,755,0
22.043253898620605,229885,4382692,4387396,4385136,14088,0,755,0
22.059279918670654,229885,4390884,4395588,4393328,14092,0,756,0
22.075079917907715,229885,4399076,4403780,4401520,14096,0,756,0
22.090694904327393,229885,4407268,4411972,4409712,14100,0,756,0
22.106199979782104,229885,4415460,4420164,4417904,14104,0,756,0
22.12159490585327,229885,4423652,4428356,4426096,14108,0,756,0
22.137285947799683,229885,4431844,4436548,4434288,14111,0,756,0
22.152894973754883,229885,4440036,4444740,4442480,14115,0,756,0
22.168665885925293,229885,4446180,4450884,4448624,14119,0,756,0
22.18433904647827,229885,4454372,4459076,4456816,14122,0,756,0
22.20017695426941,229885,4462564,4467268,4465008,14126,0,757,0
22.215784072875977,229885,4466836,4471876,4469280,14640,0,757,0
22.231777906417847,229885,4472268,4477252,4474712,15994,0,757,0
22.247682094573975,229885,4477360,4482372,4479804,17260,0,757,0
22.263565063476562,229885,4482608,4487620,4485052,18572,0,757,0
22.279948949813843,229885,4489188,4493892,4491632,19760,0,758,0
22.29596209526062,229885,4491236,4497988,4493680,19762,0,758,0
22.312265872955322,229885,4495332,4500036,4497776,20235,0,758,0
22.328487873077393,229885,4499428,4504132,4501872,21299,0,758,0
22.34456992149353,229885,4502636,4507716,4505080,22047,0,758,0
22.360853910446167,229885,4507140,4512196,4509584,23172,0,758,0
22.377042055130005,229885,4512236,4517316,4514680,24445,0,758,0
22.393157958984375,229885,4517744,4522564,4520188,25823,0,758,0
22.40963387489319,229885,4520084,4525252,4522528,26419,0,758,0
22.426017999649048,229885,4525528,4530628,4527972,27768,0,758,0
22.442291021347046,229885,4530728,4535876,4533172,29070,0,758,0
22.45854091644287,229885,4536292,4541252,4538736,30461,0,758,0
22.475382089614868,229885,4540392,4545604,4542836,31539,0,758,0
22.492074012756348,229885,4545988,4551236,4548432,32881,0,758,0
22.50858497619629,229885,4551292,4556612,4553736,34212,0,758,0
22.525125980377197,229885,4556772,4561988,4559216,35615,0,759,0
22.54160499572754,229885,4562308,4567620,4564752,36963,0,759,0
22.558281898498535,229885,4566812,4571844,4569256,38089,0,759,0
22.575161933898926,229885,4571812,4577220,4574256,39340,0,759,0
22.5917809009552,229885,4577252,4582596,4579696,40755,0,759,0
22.60857605934143,229885,4583056,4588100,4585500,42150,0,759,0
22.625806093215942,229885,4583396,4588100,4585840,42291,0,759,0
22.64334797859192,229885,4585224,4590276,4587668,42694,0,759,0
22.660590887069702,229885,4590736,4596164,4593180,44071,0,760,0
22.67753505706787,229885,4596192,4601668,4598636,45433,0,760,0
22.694839000701904,229885,4601828,4607172,4604272,46883,0,760,0
22.712061882019043,229885,4607972,4612676,4610416,48266,0,760,0
22.72925090789795,229885,4613516,4618564,4615960,49644,0,760,0
22.746299982070923,229885,4618564,4623556,4621008,50977,0,760,0
22.763524055480957,229885,4624356,4629188,4626800,52382,0,760,0
22.780960083007812,229885,4628792,4633924,4631236,53532,0,760,0
22.798249006271362,229885,4634596,4639556,4637040,54936,0,760,0
22.815736055374146,229885,4640328,4645444,4642772,56346,0,760,0
22.8330979347229,229885,4646100,4651204,4648544,57789,0,760,0
22.85064387321472,229885,4652848,4657732,4655292,59476,0,761,0
22.871171951293945,229885,4658556,4663748,4661000,60904,0,761,0
22.88923692703247,229885,4663924,4669124,4666368,62259,0,761,0
22.90706491470337,229885,4669412,4674116,4671856,63766,0,761,0
22.925069093704224,229885,4674772,4680004,4677216,64958,0,761,0
22.942955017089844,229885,4680632,4685892,4683076,66424,0,761,0
22.96100902557373,229885,4682840,4687428,4685284,67152,0,761,0
22.97899889945984,229885,4682840,4687428,4685284,67152,0,761,0
22.99675703048706,229885,4682840,4687428,4685284,67152,0,761,0
23.014688968658447,229885,4682840,4687428,4685284,67152,0,761,0
23.032306909561157,229885,4682840,4687428,4685284,67152,0,761,0
23.05012607574463,229885,4682840,4687428,4685284,67152,0,761,0
23.067960023880005,229885,4682840,4687428,4685284,67152,0,761,0
23.086086988449097,229885,4682840,4687428,4685284,67152,0,761,0
23.104289054870605,229885,4682840,4687428,4685284,67152,0,761,0
23.122289896011353,229885,4682840,4687428,4685284,67152,0,761,0
23.1402530670166,229885,4682840,4687428,4685284,67152,0,761,0
23.15813708305359,229885,4682840,4687428,4685284,67152,0,761,0
23.17577600479126,229885,4682840,4687428,4685284,67152,0,761,0
23.193527936935425,229885,4682840,4687428,4685284,67152,0,761,0
23.21125888824463,229885,4682840,4687428,4685284,67152,0,761,0
23.2290198802948,229885,4682840,4687428,4685284,67152,0,761,0
23.24648690223694,229885,4682840,4687428,4685284,67152,0,761,0
23.26422905921936,229885,4682840,4687428,4685284,67152,0,761,0
23.281841039657593,229885,4682840,4687428,4685284,67152,0,761,0
23.299360990524292,229885,4682840,4687428,4685284,67152,0,761,0
23.317034006118774,229885,4682840,4687428,4685284,67152,0,761,0
23.334483861923218,229885,4682840,4687428,4685284,67152,0,761,0
23.352333068847656,229885,4682840,4687428,4685284,67152,0,761,0
23.370070934295654,229885,4682840,4687428,4685284,67152,0,761,0
23.387891054153442,229885,4682840,4687428,4685284,67152,0,761,0
23.405438899993896,229885,4682840,4687428,4685284,67152,0,761,0
23.42321801185608,229885,4682840,4687428,4685284,67152,0,761,0
23.4407799243927,229885,4682840,4687428,4685284,67152,0,761,0
23.458343982696533,229885,4682840,4687428,4685284,67152,0,761,0
23.47603988647461,229885,4682840,4687428,4685284,67152,0,761,0
23.493829011917114,229885,4682840,4687428,4685284,67152,0,761,0
23.511385917663574,229885,4682840,4687428,4685284,67152,0,761,0
23.528990983963013,229885,4682840,4687428,4685284,67152,0,761,0
23.546186923980713,229885,4682840,4687428,4685284,67152,0,761,0
23.56343388557434,229885,4682840,4687428,4685284,67152,0,761,0
23.581106901168823,229885,4682840,4687428,4685284,67152,0,761,0
23.598532915115356,229885,4682840,4687428,4685284,67152,0,761,0
23.6161630153656,229885,4682840,4687428,4685284,67152,0,761,0
23.633387088775635,229885,4682840,4687428,4685284,67152,0,761,0
23.650656938552856,229885,4682840,4687428,4685284,67152,0,761,0
23.668070077896118,229885,4682840,4687428,4685284,67152,0,761,0
23.685322999954224,229885,4682840,4687428,4685284,67152,0,761,0
23.703361988067627,229885,4682840,4687428,4685284,67152,0,761,0
23.721309900283813,229885,4682840,4687428,4685284,67152,0,761,0
23.73889708518982,229885,4682840,4687428,4685284,67152,0,761,0
23.756330013275146,229885,4682840,4687428,4685284,67152,0,761,0
23.773608922958374,229885,4682840,4687428,4685284,67152,0,761,0
23.791321992874146,229885,4682840,4687428,4685284,67152,0,761,0
23.809005975723267,229885,4682840,4687428,4685284,67152,0,761,0
23.82651400566101,229885,4682840,4687428,4685284,67152,0,761,0
23.847087860107422,229885,4682840,4687428,4685284,67152,0,761,0
23.878782033920288,229885,4682840,4687428,4685284,67152,0,761,0
23.897361040115356,229885,4682840,4687428,4685284,67152,0,761,0
23.915042877197266,229885,4682840,4687428,4685284,67152,0,761,0
23.932600021362305,229885,4682840,4687428,4685284,67152,0,761,0
23.950317859649658,229885,4682840,4687428,4685284,67152,0,761,0
23.96802306175232,229885,4682840,4687428,4685284,67152,0,761,0
23.985465049743652,229885,4682840,4687428,4685284,67152,0,761,0
24.003077030181885,229885,4682840,4687428,4685284,67152,0,761,0
24.020452976226807,229885,4682840,4687428,4685284,67152,0,761,0
24.038338899612427,229885,4682840,4687428,4685284,67152,0,761,0
24.055980920791626,229885,4682840,4687428,4685284,67152,0,761,0
24.073412895202637,229885,4682840,4687428,4685284,67152,0,761,0
24.090982913970947,229885,4682840,4687428,4685284,67152,0,761,0
24.10894799232483,229885,4682840,4687428,4685284,67152,0,761,0
24.12642788887024,229885,4682840,4687428,4685284,67152,0,761,0
24.14456295967102,229885,4682840,4687428,4685284,67152,0,761,0
24.16236186027527,229885,4682840,4687428,4685284,67152,0,761,0
24.17992901802063,229885,4682840,4687428,4685284,67152,0,761,0
24.197378873825073,229885,4682840,4687428,4685284,67152,0,761,0
24.21512007713318,229885,4682840,4687428,4685284,67152,0,761,0
24.232645988464355,229885,4682840,4687428,4685284,67152,0,761,0
24.250181913375854,229885,4682840,4687428,4685284,67152,0,761,0
24.267948865890503,229885,4682840,4687428,4685284,67152,0,761,0
24.285454988479614,229885,4682840,4687428,4685284,67152,0,761,0
24.302937030792236,229885,4682840,4687428,4685284,67152,0,761,0
24.320395946502686,229885,4682840,4687428,4685284,67152,0,761,0
24.33804488182068,229885,4682840,4687428,4685284,67152,0,761,0
24.356273889541626,229885,4682840,4687428,4685284,67152,0,761,0
24.373600006103516,229885,4682840,4687428,4685284,67152,0,761,0
24.39107894897461,229885,4682840,4687428,4685284,67152,0,761,0
24.4083890914917,229885,4682840,4687428,4685284,67152,0,761,0
24.426126956939697,229885,4682840,4687428,4685284,67152,0,761,0
24.443971872329712,229885,4682840,4687428,4685284,67152,0,761,0
24.461402893066406,229885,4682840,4687428,4685284,67152,0,761,0
24.479233980178833,229885,4682840,4687428,4685284,67152,0,761,0
24.496667861938477,229885,4682840,4687428,4685284,67152,0,761,0
24.51435899734497,229885,4682840,4687428,4685284,67152,0,761,0
24.53202986717224,229885,4682840,4687428,4685284,67152,0,761,0
24.549068927764893,229885,4682840,4687428,4685284,67152,0,761,0
24.566807985305786,229885,4682840,4687428,4685284,67152,0,761,0
24.58413290977478,229885,4682840,4687428,4685284,67152,0,761,0
24.60144591331482,229885,4682840,4687428,4685284,67152,0,761,0
24.619292974472046,229885,4682840,4687428,4685284,67152,0,761,0
24.637073040008545,229885,4682840,4687428,4685284,67152,0,761,0
24.65495800971985,229885,4682840,4687428,4685284,67152,0,761,0
24.672393083572388,229885,4682840,4687428,4685284,67152,0,761,0
24.69029402732849,229885,4682840,4687428,4685284,67152,0,761,0
24.707655906677246,229885,4682840,4687428,4685284,67152,0,761,0
24.72508192062378,229885,4682840,4687428,4685284,67152,0,761,0
24.74248695373535,229885,4682840,4687428,4685284,67152,0,761,0
24.76034903526306,229885,4682840,4687428,4685284,67152,0,761,0
24.778267860412598,229885,4682840,4687428,4685284,67152,0,761,0
24.796021938323975,229885,4682840,4687428,4685284,67152,0,761,0
24.813706874847412,229885,4682840,4687428,4685284,67152,0,761,0
24.8313570022583,229885,4682840,4687428,4685284,67152,0,761,0
24.849035024642944,229885,4682840,4687428,4685284,67152,0,761,0
24.86643886566162,229885,4682840,4687428,4685284,67152,0,761,0
24.8839750289917,229885,4682840,4687428,4685284,67152,0,761,0
24.90109896659851,229885,4682840,4687428,4685284,67152,0,761,0
24.918474912643433,229885,4682840,4687428,4685284,67152,0,761,0
24.936030864715576,229885,4682840,4687428,4685284,67152,0,761,0
24.953334093093872,229885,4682840,4687428,4685284,67152,0,761,0
24.971113920211792,229885,4682840,4687428,4685284,67152,0,761,0
24.988677978515625,229885,3951704,3956408,3954148,67152,0,746,0
25.006356954574585,229885,3951704,3956408,3954148,67152,0,746,0
25.024126052856445,229885,3951704,3956408,3954148,67152,0,746,0
25.041409015655518,229885,3951704,3956408,3954148,67152,0,746,0
25.059058904647827,229885,3951704,3956408,3954148,67152,0,746,0
25.076897859573364,229885,3951704,3956408,3954148,67152,0,746,0
25.094342947006226,229885,3951704,3956408,3954148,67152,0,746,0
25.11188006401062,229885,3951704,3956408,3954148,67152,0,746,0
25.12938094139099,229885,3951704,3956408,3954148,67152,0,746,0
25.146878957748413,229885,3951704,3956408,3954148,67152,0,746,0
25.164324045181274,229885,3951704,3956408,3954148,67152,0,746,0
25.182074069976807,229885,3951704,3956408,3954148,67152,0,746,0
25.199414014816284,229885,3951704,3956408,3954148,67152,0,746,0
25.217153072357178,229885,3951704,3956408,3954148,67152,0,746,0
25.235002040863037,229885,3951704,3956408,3954148,67152,0,746,0
25.252492904663086,229885,3951704,3956408,3954148,67152,0,746,0
25.270201921463013,229885,3951704,3956408,3954148,67152,0,746,0
25.28754997253418,229885,3951704,3956408,3954148,67152,0,746,0
25.305012941360474,229885,3951704,3956408,3954148,67152,0,746,0
25.322519063949585,229885,3951704,3956408,3954148,67152,0,746,0
25.340111017227173,229885,3951704,3956408,3954148,67152,0,746,0
25.3573260307312,229885,3951704,3956408,3954148,67152,0,746,0
25.375252962112427,229885,3951704,3956408,3954148,67152,0,746,0
25.393198013305664,229885,3951704,3956408,3954148,67152,0,746,0
25.410871028900146,229885,3951704,3956408,3954148,67152,0,746,0
25.428272008895874,229885,3951704,3956408,3954148,67152,0,746,0
25.445945024490356,229885,3951704,3956408,3954148,67152,0,746,0
25.4636549949646,229885,3951704,3956408,3954148,67152,0,746,0
25.481276035308838,229885,3951704,3956408,3954148,67152,0,746,0
25.49899196624756,229885,3951704,3956408,3954148,67152,0,746,0
25.516445875167847,229885,3951704,3956408,3954148,67152,0,746,0
25.534026861190796,229885,3951704,3956408,3954148,67152,0,746,0
25.551353931427002,229885,3951704,3956408,3954148,67152,0,746,0
25.568707942962646,229885,3951704,3956408,3954148,67152,0,746,0
25.586190938949585,229885,3951704,3956408,3954148,67152,0,746,0
25.60365605354309,229885,3951704,3956408,3954148,67152,0,746,0
25.621016025543213,229885,3951704,3956408,3954148,67152,0,746,0
25.638442039489746,229885,3951704,3956408,3954148,67152,0,746,0
25.655642986297607,229885,3951704,3956408,3954148,67152,0,746,0
25.673068046569824,229885,3951704,3956408,3954148,67152,0,746,0
25.69037103652954,229885,3951704,3956408,3954148,67152,0,746,0
25.708276987075806,229885,3951704,3956408,3954148,67152,0,746,0
25.725477933883667,229885,3951704,3956408,3954148,67152,0,746,0
25.74336886405945,229885,3951704,3956408,3954148,67152,0,746,0
25.762104988098145,229885,3951704,3956408,3954148,67152,0,746,0
25.779846906661987,229885,3951704,3956408,3954148,67152,0,746,0
25.797448873519897,229885,3951704,3956408,3954148,67152,0,746,0
25.815335988998413,229885,3951704,3956408,3954148,67152,0,746,0
25.832995891571045,229885,3951704,3956408,3954148,67152,0,746,0
25.850422859191895,229885,3951704,3956408,3954148,67152,0,746,0
25.86795401573181,229885,3951704,3956408,3954148,67152,0,746,0
25.885427951812744,229885,3951704,3956408,3954148,67152,0,746,0
25.903080940246582,229885,3951704,3956408,3954148,67152,0,746,0
25.920396089553833,229885,3951704,3956408,3954148,67152,0,746,0
25.938031911849976,229885,3951704,3956408,3954148,67152,0,746,0
25.95569086074829,229885,3951704,3956408,3954148,67152,0,746,0
25.973380088806152,229885,3951704,3956408,3954148,67152,0,746,0
25.99103093147278,229885,3951704,3956408,3954148,67152,0,746,0
26.008682012557983,229885,3951704,3956408,3954148,67152,0,746,0
26.026293992996216,229885,3951704,3956408,3954148,67152,0,746,0
26.04401206970215,229885,3951704,3956408,3954148,67152,0,746,0
26.061331033706665,229885,3951704,3956408,3954148,67152,0,746,0
26.078934907913208,229885,3951704,3956408,3954148,67152,0,746,0
26.09637999534607,229885,3951704,3956408,3954148,67152,0,746,0
26.11407494544983,229885,3951704,3956408,3954148,67152,0,746,0
26.131378889083862,229885,3951704,3956408,3954148,67152,0,746,0
26.14859890937805,229885,3951704,3956408,3954148,67152,0,746,0
26.16613507270813,229885,3951704,3956408,3954148,67152,0,746,0
26.183631896972656,229885,3951704,3956408,3954148,67152,0,746,0
26.201196908950806,229885,3951704,3956408,3954148,67152,0,746,0
26.21912407875061,229885,3951704,3956408,3954148,67152,0,746,0
26.23667287826538,229885,3951704,3956408,3954148,67152,0,746,0
26.254114866256714,229885,3951704,3956408,3954148,67152,0,746,0
26.271724939346313,229885,3951704,3956408,3954148,67152,0,746,0
26.28936195373535,229885,3951704,3956408,3954148,67152,0,746,0
26.30704402923584,229885,3951704,3956408,3954148,67152,0,746,0
26.324356079101562,229885,3951704,3956408,3954148,67152,0,746,0
26.342015027999878,229885,3951704,3956408,3954148,67152,0,746,0
26.35936999320984,229885,3951704,3956408,3954148,67152,0,746,0
26.377038955688477,229885,3951704,3956408,3954148,67152,0,746,0
26.394439935684204,229885,3951704,3956408,3954148,67152,0,746,0
26.412127017974854,229885,3951704,3956408,3954148,67152,0,746,0
26.430059909820557,229885,3951704,3956408,3954148,67152,0,746,0
26.44738793373108,229885,3951704,3956408,3954148,67152,0,746,0
26.46518087387085,229885,3951704,3956408,3954148,67152,0,746,0
26.483083963394165,229885,3951704,3956408,3954148,67152,0,746,0
26.50041699409485,229885,3951704,3956408,3954148,67152,0,746,0
26.5179660320282,229885,3951704,3956408,3954148,67152,0,746,0
26.53546905517578,229885,3951704,3956408,3954148,67152,0,746,0
26.553175926208496,229885,3951704,3956408,3954148,67152,0,746,0
26.570957899093628,229885,3951704,3956408,3954148,67152,0,746,0
26.588342905044556,229885,3951704,3956408,3954148,67152,0,746,0
26.60613703727722,229885,3951704,3956408,3954148,67152,0,746,0
26.623477935791016,229885,3951704,3956408,3954148,67152,0,746,0
26.641395092010498,229885,3951704,3956408,3954148,67152,0,746,0
26.659149885177612,229885,3951704,3956408,3954148,67152,0,746,0
26.67651605606079,229885,3951704,3956408,3954148,67152,0,746,0
26.693975925445557,229885,3951704,3956408,3954148,67152,0,746,0
26.71134090423584,229885,3951704,3956408,3954148,67152,0,746,0
26.728682041168213,229885,3951704,3956408,3954148,67152,0,746,0
26.746320962905884,229885,3951704,3956408,3954148,67152,0,746,0
26.766685009002686,229885,3951704,3956408,3954148,67152,0,746,0
26.784036874771118,229885,3951704,3956408,3954148,67152,0,746,0
26.801487922668457,229885,3951704,3956408,3954148,67152,0,746,0
26.818916082382202,229885,3951704,3956408,3954148,67152,0,746,0
26.836366891860962,229885,3951704,3956408,3954148,67152,0,746,0
26.854347944259644,229885,3951704,3956408,3954148,67152,0,746,0
26.872017860412598,229885,3951704,3956408,3954148,67152,0,746,0
26.88944387435913,229885,3951704,3956408,3954148,67152,0,746,0
26.90704607963562,229885,3951704,3956408,3954148,67152,0,746,0
26.924445867538452,229885,3951704,3956408,3954148,67152,0,746,0
26.942105054855347,229885,3951704,3956408,3954148,67152,0,746,0
26.95933699607849,229885,3951704,3956408,3954148,67152,0,746,0
26.97719693183899,229885,3951704,3956408,3954148,67152,0,746,0
26.99479103088379,229885,3951704,3956408,3954148,67152,0,746,0
27.012311935424805,229885,3951704,3956408,3954148,67152,0,746,0
27.029964923858643,229885,3167320,3172024,3169764,67152,0,730,0
27.047664880752563,229885,3167320,3172024,3169764,67152,0,730,0
27.06532597541809,229885,3167320,3172024,3169764,67152,0,730,0
27.08301091194153,229885,3167320,3172024,3169764,67152,0,730,0
27.100533962249756,229885,3167320,3172024,3169764,67152,0,730,0
27.11817693710327,229885,3167320,3172024,3169764,67152,0,730,0
27.135504007339478,229885,3167320,3172024,3169764,67152,0,730,0
27.153064966201782,229885,3167320,3172024,3169764,67152,0,730,0
27.170337915420532,229885,3167320,3172024,3169764,67152,0,730,0
27.187933921813965,229885,3167320,3172024,3169764,67152,0,730,0
27.205359935760498,229885,3167320,3172024,3169764,67152,0,730,0
27.223047018051147,229885,3167320,3172024,3169764,67152,0,730,0
27.240855932235718,229885,3167320,3172024,3169764,67152,0,730,0
27.259167909622192,229885,3167320,3172024,3169764,67152,0,730,0
27.27735686302185,229885,3167320,3172024,3169764,67152,0,730,0
27.295356035232544,229885,3167320,3172024,3169764,67152,0,730,0
27.31367802619934,229885,3167320,3172024,3169764,67152,0,730,0
27.33201289176941,229885,3167320,3172024,3169764,67152,0,730,0
27.350393056869507,229885,3171416,3178168,3173860,67154,0,730,0
27.36847186088562,229885,3181656,3186360,3184100,67158,0,731,0
27.38640594482422,229885,3189848,3194552,3192292,67162,0,731,0
27.404342889785767,229885,3191896,3196600,3194340,67164,0,731,0
27.422744035720825,229885,3191896,3196600,3194340,67164,0,731,0
27.44078803062439,229885,3191896,3196600,3194340,67164,0,731,0
27.458786010742188,229885,3191896,3196600,3194340,67164,0,731,0
27.477614879608154,229885,3191896,3196600,3194340,67164,0,731,0
27.495630979537964,229885,3191896,3196600,3194340,67164,0,731,0
27.514173984527588,229885,3191896,3196600,3194340,67164,0,731,0
27.532482862472534,229885,3191896,3196600,3194340,67164,0,731,0
27.5504789352417,229885,3191896,3196600,3194340,67164,0,731,0
27.568624019622803,229885,3191896,3196600,3194340,67164,0,731,0
27.586570024490356,229885,3191896,3196600,3194340,67164,0,731,0
27.604552030563354,229885,3191896,3196600,3194340,67164,0,731,0
27.622509956359863,229885,3191896,3196600,3194340,67164,0,731,0
27.640758991241455,229885,3191896,3196600,3194340,67164,0,731,0
27.659043073654175,229885,3191896,3196600,3194340,67164,0,731,0
27.67746090888977,229885,3191896,3196600,3194340,67164,0,731,0
27.69574809074402,229885,3191896,3196600,3194340,67164,0,731,0
27.713901042938232,229885,3191896,3196600,3194340,67164,0,731,0
27.732372999191284,229885,3191896,3196600,3194340,67164,0,731,0
27.750799894332886,229885,3191896,3196600,3194340,67164,0,731,0
27.76910400390625,229885,3191896,3196600,3194340,67164,0,731,0
27.787396907806396,229885,3191896,3196600,3194340,67164,0,731,0
27.805509090423584,229885,3191896,3196600,3194340,67164,0,731,0
27.823363065719604,229885,3191896,3196600,3194340,67164,0,731,0
27.84170389175415,229885,3191896,3196600,3194340,67164,0,731,0
27.859868049621582,229885,3191896,3196600,3194340,67164,0,731,0
27.878253936767578,229885,3191896,3196600,3194340,67164,0,731,0
27.896472930908203,229885,3191896,3196600,3194340,67164,0,731,0
27.914803981781006,229885,3191896,3196600,3194340,67164,0,731,0
27.93294405937195,229885,3191896,3196600,3194340,67164,0,731,0
27.950779914855957,229885,3191896,3196600,3194340,67164,0,731,0
27.9689998626709,229885,3191896,3196600,3194340,67164,0,731,0
27.98730707168579,229885,3191896,3196600,3194340,67164,0,731,0
28.00558590888977,229885,3191896,3196600,3194340,67164,0,731,0
28.02379608154297,229885,3191896,3196600,3194340,67164,0,731,0
28.042237997055054,229885,3191896,3196600,3194340,67164,0,731,0
28.060585021972656,229885,3191896,3196600,3194340,67164,0,731,0
28.079056978225708,229885,3191896,3196600,3194340,67164,0,731,0
28.097270011901855,229885,3191896,3196600,3194340,67164,0,731,0
28.115583896636963,229885,3191896,3196600,3194340,67164,0,731,0
28.133981943130493,229885,3191896,3196600,3194340,67164,0,731,0
28.15234398841858,229885,3191896,3196600,3194340,67164,0,731,0
28.170610904693604,229885,3191896,3196600,3194340,67164,0,731,0
28.18866801261902,229885,3191896,3196600,3194340,67164,0,731,0
28.20708703994751,229885,3191896,3196600,3194340,67164,0,731,0
28.22542095184326,229885,3191896,3196600,3194340,67164,0,731,0
28.243551015853882,229885,3191896,3196600,3194340,67164,0,731,0
28.261740922927856,229885,3191896,3196600,3194340,67164,0,731,0
28.279635906219482,229885,3191896,3196600,3194340,67164,0,731,0
28.29816699028015,229885,3191896,3196600,3194340,67164,0,731,0
28.31653094291687,229885,3191896,3196600,3194340,67164,0,731,0
28.334469079971313,229885,3191896,3196600,3194340,67164,0,731,0
28.352808952331543,229885,3191896,3196600,3194340,67164,0,731,0
28.371131896972656,229885,3191896,3196600,3194340,67164,0,731,0
28.389493942260742,229885,3191896,3196600,3194340,67164,0,731,0
28.407708883285522,229885,3191896,3196600,3194340,67164,0,731,0
28.42550802230835,229885,3191896,3196600,3194340,67164,0,731,0
28.443331003189087,229885,3191896,3196600,3194340,67164,0,731,0
28.461190938949585,229885,3191896,3196600,3194340,67164,0,731,0
28.47902798652649,229885,3191896,3196600,3194340,67164,0,731,0
28.49733304977417,229885,3191896,3196600,3194340,67164,0,731,0
28.51542901992798,229885,3191896,3196600,3194340,67164,0,731,0
28.533248901367188,229885,3191896,3196600,3194340,67164,0,731,0
28.551356077194214,229885,3191896,3196600,3194340,67164,0,731,0
28.56937003135681,229885,3191896,3196600,3194340,67164,0,731,0
28.58755898475647,229885,3191896,3196600,3194340,67164,0,731,0
28.60575795173645,229885,3191896,3196600,3194340,67164,0,731,0
28.624011039733887,229885,3191896,3196600,3194340,67164,0,731,0
28.641958951950073,229885,3191896,3196600,3194340,67164,0,731,0
28.660120010375977,229885,3191896,3196600,3194340,67164,0,731,0
28.678372859954834,229885,3191896,3196600,3194340,67164,0,731,0
28.69660186767578,229885,3191896,3196600,3194340,67164,0,731,0
28.71513295173645,229885,3191896,3196600,3194340,67164,0,731,0
28.73355007171631,229885,3191896,3196600,3194340,67164,0,731,0
28.751760959625244,229885,3191896,3196600,3194340,67164,0,731,0
28.76974892616272,229885,3191896,3196600,3194340,67164,0,731,0
28.78790807723999,229885,3191896,3196600,3194340,67164,0,731,0
28.806232929229736,229885,3191896,3196600,3194340,67164,0,731,0
28.82440495491028,229885,3191896,3196600,3194340,67164,0,731,0
28.84281897544861,229885,3191896,3196600,3194340,67164,0,731,0
28.861171007156372,229885,3191896,3196600,3194340,67164,0,731,0
28.87911295890808,229885,3191896,3196600,3194340,67164,0,731,0
28.897316932678223,229885,3191896,3196600,3194340,67164,0,731,0
28.915446043014526,229885,3191896,3196600,3194340,67164,0,731,0
28.93350386619568,229885,3191896,3196600,3194340,67164,0,731,0
28.951732873916626,229885,3191896,3196600,3194340,67164,0,731,0
28.96997594833374,229885,3191896,3196600,3194340,67164,0,731,0
28.9879310131073,229885,3191896,3196600,3194340,67164,0,731,0
29.005733013153076,229885,3191896,3196600,3194340,67164,0,731,0
29.02432894706726,229885,3191896,3196600,3194340,67164,0,731,0
29.042418956756592,229885,3191896,3196600,3194340,67164,0,731,0
29.060325860977173,229885,3191896,3196600,3194340,67164,0,731,0
29.078679084777832,229885,2548824,2553528,2551268,67164,0,718,0
29.096911907196045,229885,2548824,2553528,2551268,67164,0,718,0
29.11514401435852,229885,2548824,2553528,2551268,67164,0,718,0
29.13302993774414,229885,2548824,2553528,2551268,67164,0,718,0
29.151134967803955,229885,2548824,2553528,2551268,67164,0,718,0
29.169151067733765,229885,2548824,2553528,2551268,67164,0,718,0
29.187303066253662,229885,2548824,2553528,2551268,67164,0,718,0
29.205381870269775,229885,2548824,2553528,2551268,67164,0,718,0
29.22357201576233,229885,2548824,2553528,2551268,67164,0,718,0
29.241486072540283,229885,2548824,2553528,2551268,67164,0,718,0
29.259764909744263,229885,2548824,2553528,2551268,67164,0,718,0
29.277922868728638,229885,2548824,2553528,2551268,67164,0,718,0
29.296032905578613,229885,2548824,2553528,2551268,67164,0,718,0
29.314199924468994,229885,2548824,2553528,2551268,67164,0,718,0
29.33221697807312,229885,2548824,2553528,2551268,67164,0,718,0
29.35064387321472,229885,2548824,2553528,2551268,67164,0,718,0
29.368929862976074,229885,2548824,2553528,2551268,67164,0,718,0
29.387042999267578,229885,2548824,2553528,2551268,67164,0,718,0
29.405073881149292,229885,2548824,2553528,2551268,67164,0,718,0
29.423078060150146,229885,2548824,2553528,2551268,67164,0,718,0
29.441091060638428,229885,2548824,2553528,2551268,67164,0,718,0
29.459233045578003,229885,2548824,2553528,2551268,67164,0,718,0
29.47727608680725,229885,2548824,2553528,2551268,67164,0,718,0
29.495388984680176,229885,2548824,2553528,2551268,67164,0,718,0
29.513434886932373,229885,2548824,2553528,2551268,67164,0,718,0
29.531662940979004,229885,2548824,2553528,2551268,67164,0,718,0
29.549761056900024,229885,2548824,2553528,2551268,67164,0,718,0
29.567792892456055,229885,2548824,2553528,2551268,67164,0,718,0
29.58586096763611,229885,2548824,2553528,2551268,67164,0,718,0
29.60375189781189,229885,2548824,2553528,2551268,67164,0,718,0
29.621628999710083,229885,2548824,2553528,2551268,67164,0,718,0
29.639575004577637,229885,2548824,2553528,2551268,67164,0,718,0
29.657900094985962,229885,2548824,2553528,2551268,67164,0,718,0
29.676100969314575,229885,2548824,2553528,2551268,67164,0,718,0
29.69443702697754,229885,2548824,2553528,2551268,67164,0,718,0
29.71245288848877,229885,2548824,2553528,2551268,67164,0,718,0
29.730740070343018,229885,2548824,2553528,2551268,67164,0,718,0
29.74910807609558,229885,2548824,2553528,2551268,67164,0,718,0
29.767137050628662,229885,2548824,2553528,2551268,67164,0,718,0
29.785058975219727,229885,2548824,2553528,2551268,67164,0,718,0
29.802927017211914,229885,2548824,2553528,2551268,67164,0,718,0
29.82078194618225,229885,2548824,2553528,2551268,67164,0,718,0
29.838629007339478,229885,2548824,2553528,2551268,67164,0,718,0
29.856788873672485,229885,2548824,2553528,2551268,67164,0,718,0
29.8747820854187,229885,2548824,2553528,2551268,67164,0,718,0
29.893064975738525,229885,2548824,2553528,2551268,67164,0,718,0
29.911433935165405,229885,2548824,2553528,2551268,67164,0,718,0
29.92970895767212,229885,2548824,2553528,2551268,67164,0,718,0
29.94792604446411,229885,2548824,2553528,2551268,67164,0,718,0
29.966212034225464,229885,2548824,2553528,2551268,67164,0,718,0
29.984643936157227,229885,2548824,2553528,2551268,67164,0,718,0
30.002819061279297,229885,2548824,2553528,2551268,67164,0,718,0
30.020655870437622,229885,2548824,2553528,2551268,67164,0,718,0
30.038562059402466,229885,2548824,2553528,2551268,67164,0,718,0
30.056351900100708,229885,2548824,2553528,2551268,67164,0,718,0
30.07429599761963,229885,2548824,2553528,2551268,67164,0,718,0
30.09250497817993,229885,2548824,2553528,2551268,67164,0,718,0
30.11052703857422,229885,2548824,2553528,2551268,67164,0,718,0
30.128684043884277,229885,2548824,2553528,2551268,67164,0,718,0
30.146591901779175,229885,2548824,2553528,2551268,67164,0,718,0
30.164452075958252,229885,2548824,2553528,2551268,67164,0,718,0
30.182569980621338,229885,2548824,2553528,2551268,67164,0,718,0
30.2009060382843,229885,2548824,2553528,2551268,67164,0,718,0
30.21912693977356,229885,2548824,2553528,2551268,67164,0,718,0
30.237287044525146,229885,2548824,2553528,2551268,67164,0,718,0
30.25522804260254,229885,2548824,2553528,2551268,67164,0,718,0
30.273436069488525,229885,2548824,2553528,2551268,67164,0,718,0
30.291608095169067,229885,2548824,2553528,2551268,67164,0,718,0
30.30976390838623,229885,2548824,2553528,2551268,67164,0,718,0
30.327733039855957,229885,2548824,2553528,2551268,67164,0,718,0
30.345948934555054,229885,2548824,2553528,2551268,67164,0,718,0
30.363770961761475,229885,2548824,2553528,2551268,67164,0,718,0
30.38206696510315,229885,2548824,2553528,2551268,67164,0,718,0
30.400537967681885,229885,2548824,2553528,2551268,67164,0,718,0
30.41843891143799,229885,2548824,2553528,2551268,67164,0,718,0
30.436389923095703,229885,2548824,2553528,2551268,67164,0,718,0
30.454524040222168,229885,2548824,2553528,2551268,67164,0,718,0
30.472378969192505,229885,2548824,2553528,2551268,67164,0,718,0
30.490369081497192,229885,2548824,2553528,2551268,67164,0,718,0
30.508554935455322,229885,2548824,2553528,2551268,67164,0,718,0
30.526740074157715,229885,2548824,2553528,2551268,67164,0,718,0
30.544663906097412,229885,2548824,2553528,2551268,67164,0,718,0
30.562576055526733,229885,2548824,2553528,2551268,67164,0,718,0
30.58049702644348,229885,2548824,2553528,2551268,67164,0,718,0
30.598653078079224,229885,2548824,2553528,2551268,67164,0,718,0
30.616595029830933,229885,2548824,2553528,2551268,67164,0,718,0
30.634587049484253,229885,2548824,2553528,2551268,67164,0,718,0
30.65297508239746,229885,2548824,2553528,2551268,67164,0,718,0
30.67026996612549,229885,2548824,2553528,2551268,67164,0,718,0
30.688262939453125,229885,2548824,2553528,2551268,67164,0,718,0
30.706265926361084,229885,2548824,2553528,2551268,67164,0,718,0
30.72423791885376,229885,2554968,2559672,2557412,67166,0,718,0
30.742093086242676,229885,2563160,2567864,2565604,67170,0,718,0
30.760070085525513,229885,2573400,2578104,2575844,67175,0,718,0
30.778071880340576,229885,2581592,2586296,2584036,67179,0,718,0
30.796222925186157,229885,2591832,2596536,2594276,67184,0,719,0
30.81436586380005,229885,2600024,2604728,2602468,67189,0,719,0
30.83222794532776,229885,2610264,2614968,2612708,67193,0,719,0
30.8501079082489,229885,2618456,2625208,2620900,67198,0,720,0
30.86815905570984,229885,2628696,2633400,2631140,67202,0,720,0
30.886242866516113,229885,2636888,2641592,2639332,67207,0,720,0
30.90408492088318,229885,2647128,2651832,2649572,67211,0,720,0
30.922065019607544,229885,2655320,2662072,2657764,67216,0,720,0
30.93997597694397,229885,2665560,2670264,2668004,67220,0,720,0
30.957926988601685,229885,2673752,2680504,2676196,67225,0,720,0
30.97575092315674,229885,2683992,2688696,2686436,67229,0,720,0
30.993610858917236,229885,2692184,2698936,2694628,67234,0,721,0
31.01207709312439,229885,2702424,2707128,2704868,67238,0,721,0
31.03008198738098,229885,2712664,2717368,2715108,67243,0,721,0
31.048022985458374,229885,2720856,2725560,2723300,67247,0,722,0
31.066075086593628,229885,2731096,2735800,2733540,67252,0,722,0
31.08404803276062,229885,2739288,2743992,2741732,67256,0,722,0
31.101907968521118,229885,2749528,2754232,2751972,67261,0,722,0
31.119845867156982,229885,2757720,2737848,2760164,67265,0,722,0
31.137681007385254,229885,2743384,2748088,2745828,67270,0,722,0
31.15558385848999,229885,2751576,2756280,2754020,67274,0,722,0
31.17378306388855,229885,2761816,2766520,2764260,67279,0,722,0
31.1915180683136,229885,2770008,2774712,2772452,67283,0,722,0
31.209578037261963,229885,2780248,2784952,2782692,67288,0,722,0
31.227427005767822,229885,2788440,2793144,2790884,67292,0,723,0
31.24523091316223,229885,2798680,2803384,2801124,67297,0,723,0
31.2632999420166,229885,2806872,2811576,2809316,67301,0,723,0
31.281272888183594,229885,2817112,2821816,2819556,67306,0,724,0
31.2991840839386,229885,2825304,2830008,2827748,67311,0,724,0
31.316972017288208,229885,2835544,2840248,2837988,67315,0,724,0
31.334959983825684,229885,2843736,2848440,2846180,67320,0,724,0
31.352778911590576,229885,2851928,2856632,2854372,67324,0,724,0
31.370737075805664,229885,2851928,2856632,2854372,67324,0,724,0
31.388431072235107,229885,2851928,2856632,2854372,67324,0,724,0
31.40633487701416,229885,2851928,2856632,2854372,67324,0,724,0
31.424468994140625,229885,2851928,2856632,2854372,67324,0,724,0
31.44232702255249,229885,2851928,2856632,2854372,67324,0,724,0
31.460113048553467,229885,2851928,2856632,2854372,67324,0,724,0
31.47791290283203,229885,2851928,2856632,2854372,67324,0,724,0
31.495718002319336,229885,2851928,2856632,2854372,67324,0,724,0
31.51332688331604,229885,2851928,2856632,2854372,67324,0,724,0
31.531105041503906,229885,2851928,2856632,2854372,67324,0,724,0
31.548675060272217,229885,2851928,2856632,2854372,67324,0,724,0
31.566359043121338,229885,2851928,2856632,2854372,67324,0,724,0
31.58412003517151,229885,2851928,2856632,2854372,67324,0,724,0
31.601458072662354,229885,2851928,2856632,2854372,67324,0,724,0
31.61928391456604,229885,2851928,2856632,2854372,67324,0,724,0
31.63734006881714,229885,2851928,2856632,2854372,67324,0,724,0
31.654985904693604,229885,2851928,2856632,2854372,67324,0,724,0
31.672390937805176,229885,2851928,2856632,2854372,67324,0,724,0
31.69002389907837,229885,2851928,2856632,2854372,67324,0,724,0
31.707447052001953,229885,2851928,2856632,2854372,67324,0,724,0
31.725185871124268,229885,2851928,2856632,2854372,67324,0,724,0
31.742491006851196,229885,2851928,2856632,2854372,67324,0,724,0
31.760308980941772,229885,2851928,2856632,2854372,67324,0,724,0
31.77791404724121,229885,2851928,2856632,2854372,67324,0,724,0
31.795883893966675,229885,2851928,2856632,2854372,67324,0,724,0
31.813329935073853,229885,2851928,2856632,2854372,67324,0,724,0
31.830955028533936,229885,2851928,2856632,2854372,67324,0,724,0
31.84901189804077,229885,2851928,2856632,2854372,67324,0,724,0
31.866415977478027,229885,2851928,2856632,2854372,67324,0,724,0
31.884028911590576,229885,2851928,2856632,2854372,67324,0,724,0
31.901478052139282,229885,2851928,2856632,2854372,67324,0,724,0
31.919257879257202,229885,2851928,2856632,2854372,67324,0,724,0
31.93682599067688,229885,2851928,2856632,2854372,67324,0,724,0
31.954323053359985,229885,2851928,2856632,2854372,67324,0,724,0
31.971937894821167,229885,2851928,2856632,2854372,67324,0,724,0
31.989393949508667,229885,2851928,2856632,2854372,67324,0,724,0
32.00702691078186,229885,2851928,2856632,2854372,67324,0,724,0
32.0243558883667,229885,2851928,2856632,2854372,67324,0,724,0
32.041807889938354,229885,2851928,2856632,2854372,67324,0,724,0
32.05935096740723,229885,2851928,2856632,2854372,67324,0,724,0
32.077040910720825,229885,2851928,2856632,2854372,67324,0,724,0
32.094563007354736,229885,2851928,2856632,2854372,67324,0,724,0
32.112236976623535,229885,2851928,2856632,2854372,67324,0,724,0
32.12996506690979,229885,2851928,2856632,2854372,67324,0,724,0
32.14744687080383,229885,2851928,2856632,2854372,67324,0,724,0
32.16531705856323,229885,2851928,2856632,2854372,67324,0,724,0
32.183053970336914,229885,2851928,2856632,2854372,67324,0,724,0
32.20106601715088,229885,2851928,2856632,2854372,67324,0,724,0
32.21868896484375,229885,2851928,2856632,2854372,67324,0,724,0
32.23638200759888,229885,2851928,2856632,2854372,67324,0,724,0
32.25440001487732,229885,2851928,2856632,2854372,67324,0,724,0
32.27209997177124,229885,2851928,2856632,2854372,67324,0,724,0
32.28955602645874,229885,2851928,2856632,2854372,67324,0,724,0
32.30737495422363,229885,2851928,2856632,2854372,67324,0,724,0
32.325011014938354,229885,2851928,2856632,2854372,67324,0,724,0
32.34246206283569,229885,2851928,2856632,2854372,67324,0,724,0
32.36017298698425,229885,2851928,2856632,2854372,67324,0,724,0
32.37790298461914,229885,2851928,2856632,2854372,67324,0,724,0
32.39541292190552,229885,2851928,2856632,2854372,67324,0,724,0
32.41303205490112,229885,2851928,2856632,2854372,67324,0,724,0
32.43072986602783,229885,2851928,2856632,2854372,67324,0,724,0
32.448359966278076,229885,2851928,2856632,2854372,67324,0,724,0
32.466058015823364,229885,2851928,2856632,2854372,67324,0,724,0
32.48438906669617,229885,2851928,2856632,2854372,67324,0,724,0
32.502098083496094,229885,2851928,2856632,2854372,67324,0,724,0
32.519387006759644,229885,2851928,2856632,2854372,67324,0,724,0
32.53705906867981,229885,2851928,2856632,2854372,67324,0,724,0
32.55480694770813,229885,2851928,2856632,2854372,67324,0,724,0
32.57234501838684,229885,2851928,2856632,2854372,67324,0,724,0
32.58991193771362,229885,2851928,2856632,2854372,67324,0,724,0
32.60897898674011,229885,2851928,2856632,2854372,67324,0,724,0
32.62646007537842,229885,2851928,2856632,2854372,67324,0,724,0
32.644165992736816,229885,2851928,2856632,2854372,67324,0,724,0
32.66181206703186,229885,2851928,2856632,2854372,67324,0,724,0
32.67996096611023,229885,2851928,2856632,2854372,67324,0,724,0
32.69736289978027,229885,2851928,2856632,2854372,67324,0,724,0
32.71506094932556,229885,2851928,2856632,2854372,67324,0,724,0
32.732475996017456,229885,2851928,2856632,2854372,67324,0,724,0
32.75017595291138,229885,2851928,2856632,2854372,67324,0,724,0
32.767791986465454,229885,2851928,2856632,2854372,67324,0,724,0
32.78544902801514,229885,2851928,2856632,2854372,67324,0,724,0
32.803104877471924,229885,2851928,2856632,2854372,67324,0,724,0
32.82093787193298,229885,2851928,2856632,2854372,67324,0,724,0
32.83839201927185,229885,2851928,2856632,2854372,67324,0,724,0
32.85611009597778,229885,2851928,2856632,2854372,67324,0,724,0
32.87366986274719,229885,2851928,2856632,2854372,67324,0,724,0
32.89136600494385,229885,2851928,2856632,2854372,67324,0,724,0
32.90903997421265,229885,2851928,2856632,2854372,67324,0,724,0
32.926913022994995,229885,2851928,2856632,2854372,67324,0,724,0
32.94435787200928,229885,2851928,2856632,2854372,67324,0,724,0
32.96202802658081,229885,2851928,2856632,2854372,67324,0,724,0
32.97943305969238,229885,2851928,2856632,2854372,67324,0,724,0
32.997047901153564,229885,2851928,2856632,2854372,67324,0,724,0
33.0145468711853,229885,2851928,2856632,2854372,67324,0,724,0
33.032278060913086,229885,2851928,2856632,2854372,67324,0,724,0
33.0497989654541,229885,2851928,2856632,2854372,67324,0,724,0
33.067368030548096,229885,2851928,2856632,2854372,67324,0,724,0
33.08539795875549,229885,2851928,2856632,2854372,67324,0,724,0
33.10325002670288,229885,2851928,2856632,2854372,67324,0,724,0
33.12095403671265,229885,2851928,2856632,2854372,67324,0,724,0
33.13836193084717,229885,2851928,2856632,2854372,67324,0,724,0
33.15602493286133,229885,2851928,2856632,2854372,67324,0,724,0
33.1736319065094,229885,2851928,2856632,2854372,67324,0,724,0
33.191298961639404,229885,2851928,2856632,2854372,67324,0,724,0
33.208945989608765,229885,2851928,2856632,2854372,67324,0,724,0
33.22644305229187,229885,2851928,2856632,2854372,67324,0,724,0
33.24399399757385,229885,2851928,2856632,2854372,67324,0,724,0
33.261411905288696,229885,2851928,2856632,2854372,67324,0,724,0
33.27905201911926,229885,2851928,2856632,2854372,67324,0,724,0
33.29649090766907,229885,2851928,2856632,2854372,67324,0,724,0
33.31422686576843,229885,2851928,2856632,2854372,67324,0,724,0
33.331928968429565,229885,2851928,2856632,2854372,67324,0,724,0
33.34934997558594,229885,2851928,2856632,2854372,67324,0,724,0
33.3669159412384,229885,2851928,2856632,2854372,67324,0,724,0
33.384336948394775,229885,2851928,2856632,2854372,67324,0,724,0
33.40194606781006,229885,2851928,2856632,2854372,67324,0,724,0
33.41935205459595,229885,2851928,2856632,2854372,67324,0,724,0
33.436851978302,229885,2468952,2473656,2471396,67324,0,716,0
33.45445799827576,229885,2468952,2473656,2471396,67324,0,716,0
33.472025871276855,229885,2468952,2473656,2471396,67324,0,716,0
33.489397048950195,229885,2468952,2473656,2471396,67324,0,716,0
33.50731706619263,229885,2468952,2473656,2471396,67324,0,716,0
33.52501702308655,229885,2468952,2473656,2471396,67324,0,716,0
33.54262709617615,229885,2468952,2473656,2471396,67324,0,716,0
33.56048107147217,229885,2468952,2473656,2471396,67324,0,716,0
33.57838988304138,229885,2468952,2473656,2471396,67324,0,716,0
33.59601807594299,229885,2468952,2473656,2471396,67324,0,716,0
33.61343693733215,229885,2468952,2473656,2471396,67324,0,716,0
33.63107895851135,229885,2468952,2473656,2471396,67324,0,716,0
33.6483519077301,229885,2468952,2473656,2471396,67324,0,716,0
33.66597294807434,229885,2468952,2473656,2471396,67324,0,716,0
33.68340492248535,229885,2468952,2473656,2471396,67324,0,716,0
33.70102095603943,229885,2468952,2473656,2471396,67324,0,716,0
33.71907591819763,229885,2468952,2473656,2471396,67324,0,716,0
33.736456871032715,229885,2468952,2473656,2471396,67324,0,716,0
33.7541069984436,229885,2468952,2473656,2471396,67324,0,716,0
33.771493911743164,229885,2468952,2473656,2471396,67324,0,716,0
33.78930997848511,229885,2468952,2473656,2471396,67324,0,716,0
33.80701994895935,229885,2468952,2473656,2471396,67324,0,716,0
33.82446503639221,229885,2468952,2473656,2471396,67324,0,716,0
33.84217190742493,229885,2468952,2473656,2471396,67324,0,716,0
33.859468936920166,229885,2468952,2473656,2471396,67324,0,716,0
33.877115964889526,229885,2468952,2473656,2471396,67324,0,716,0
33.894789934158325,229885,2468952,2473656,2471396,67324,0,716,0
33.91231107711792,229885,2468952,2473656,2471396,67324,0,716,0
33.93017888069153,229885,2468952,2473656,2471396,67324,0,716,0
33.94748091697693,229885,2468952,2473656,2471396,67324,0,716,0
33.96517896652222,229885,2468952,2473656,2471396,67324,0,716,0
33.9825119972229,229885,2468952,2473656,2471396,67324,0,716,0
34.00018787384033,229885,2468952,2473656,2471396,67324,0,716,0
34.017499923706055,229885,2468952,2473656,2471396,67324,0,716,0
34.03525900840759,229885,2468952,2473656,2471396,67324,0,716,0
34.05247902870178,229885,2468952,2473656,2471396,67324,0,716,0
34.0699360370636,229885,2468952,2473656,2471396,67324,0,716,0
34.08735394477844,229885,2468952,2473656,2471396,67324,0,716,0
34.10500907897949,229885,2468952,2473656,2471396,67324,0,716,0
34.1223669052124,229885,2468952,2473656,2471396,67324,0,716,0
34.14033007621765,229885,2468952,2473656,2471396,67324,0,716,0
34.15798306465149,229885,2468952,2473656,2471396,67324,0,716,0
34.175370931625366,229885,2468952,2473656,2471396,67324,0,716,0
34.192869901657104,229885,2468952,2473656,2471396,67324,0,716,0
34.210350036621094,229885,2468952,2473656,2471396,67324,0,716,0
34.228086948394775,229885,2468952,2473656,2471396,67324,0,716,0
34.24545502662659,229885,2468952,2473656,2471396,67324,0,716,0
34.2630500793457,229885,2468952,2473656,2471396,67324,0,716,0
34.280521869659424,229885,2468952,2473656,2471396,67324,0,716,0
34.298080921173096,229885,2468952,2473656,2471396,67324,0,716,0
34.31585097312927,229885,2468952,2473656,2471396,67324,0,716,0
34.334007024765015,229885,2468952,2473656,2471396,67324,0,716,0
34.35169506072998,229885,2468952,2473656,2471396,67324,0,716,0
34.369301080703735,229885,2468952,2473656,2471396,67324,0,716,0
34.386934995651245,229885,2468952,2473656,2471396,67324,0,716,0
34.40435004234314,229885,2468952,2473656,2471396,67324,0,716,0
34.42203998565674,229885,2468952,2473656,2471396,67324,0,716,0
34.439651012420654,229885,2468952,2473656,2471396,67324,0,716,0
34.45729994773865,229885,2468952,2473656,2471396,67324,0,716,0
34.474952936172485,229885,2468952,2473656,2471396,67324,0,716,0
34.49243187904358,229885,2468952,2473656,2471396,67324,0,716,0
34.509979009628296,229885,2468952,2473656,2471396,67324,0,716,0
34.52744102478027,229885,2468952,2473656,2471396,67324,0,716,0
34.545499086380005,229885,2468952,2473656,2471396,67324,0,716,0
34.563271045684814,229885,2468952,2473656,2471396,67324,0,716,0
34.58082103729248,229885,2468952,2473656,2471396,67324,0,716,0
34.598345041275024,229885,2468952,2473656,2471396,67324,0,716,0
34.61602592468262,229885,2468952,2473656,2471396,67324,0,716,0
34.63338494300842,229885,2468952,2473656,2471396,67324,0,716,0
34.65109586715698,229885,2468952,2473656,2471396,67324,0,716,0
34.66885590553284,229885,2468952,2473656,2471396,67324,0,716,0
34.6863489151001,229885,2468952,2473656,2471396,67324,0,716,0
34.70403790473938,229885,2468952,2473656,2471396,67324,0,716,0
34.721489906311035,229885,2468952,2473656,2471396,67324,0,716,0
34.73918390274048,229885,2468952,2473656,2471396,67324,0,716,0
34.75716686248779,229885,2468952,2473656,2471396,67324,0,716,0
34.7748589515686,229885,2468952,2473656,2471396,67324,0,716,0
34.79235506057739,229885,2468952,2473656,2471396,67324,0,716,0
34.810081005096436,229885,2468952,2473656,2471396,67324,0,716,0
34.827784061431885,229885,2468952,2473656,2471396,67324,0,716,0
34.84535098075867,229885,2468952,2473656,2471396,67324,0,716,0
34.863065004348755,229885,2468952,2473656,2471396,67324,0,716,0
34.88047409057617,229885,2468952,2473656,2471396,67324,0,716,0
34.89814901351929,229885,2468952,2473656,2471396,67324,0,716,0
34.915467977523804,229885,2468952,2473656,2471396,67324,0,716,0
34.93312907218933,229885,2468952,2473656,2471396,67324,0,716,0
34.95048403739929,229885,2468952,2473656,2471396,67324,0,716,0
34.968348026275635,229885,2468952,2473656,2471396,67324,0,716,0
34.985984086990356,229885,2468952,2473656,2471396,67324,0,716,0
35.00331401824951,229885,2468952,2473656,2471396,67324,0,716,0
35.02048587799072,229885,2468952,2473656,2471396,67324,0,716,0
35.038214921951294,229885,2468952,2473656,2471396,67324,0,716,0
35.05565094947815,229885,2468952,2473656,2471396,67324,0,716,0
35.073342084884644,229885,2468952,2473656,2471396,67324,0,716,0
35.09092092514038,229885,2468952,2473656,2471396,67324,0,716,0
35.10840201377869,229885,2468952,2473656,2471396,67324,0,716,0
35.125941038131714,229885,2468952,2473656,2471396,67324,0,716,0
35.143325090408325,229885,2468952,2473656,2471396,67324,0,716,0
35.16080403327942,229885,2468952,2473656,2471396,67324,0,716,0
35.17834997177124,229885,2468952,2473656,2471396,67324,0,716,0
35.1959810256958,229885,2468952,2473656,2471396,67324,0,716,0
35.213361978530884,229885,2468952,2473656,2471396,67324,0,716,0
35.23095893859863,229885,2468952,2473656,2471396,67324,0,716,0
35.24832105636597,229885,2468952,2473656,2471396,67324,0,716,0
35.266114950180054,229885,2468952,2473656,2471396,67324,0,716,0
35.28350305557251,229885,2468952,2473656,2471396,67324,0,716,0
35.30132603645325,229885,2468952,2473656,2471396,67324,0,716,0
35.31893706321716,229885,2468952,2473656,2471396,67324,0,716,0
35.33634805679321,229885,2468952,2473656,2471396,67324,0,716,0
35.35391402244568,229885,2468952,2473656,2471396,67324,0,716,0
35.37152695655823,229885,2468952,2473656,2471396,67324,0,716,0
35.38926696777344,229885,2468952,2473656,2471396,67324,0,716,0
35.40699505805969,229885,2468952,2473656,2471396,67324,0,716,0
35.424519062042236,229885,2468952,2473656,2471396,67324,0,716,0
35.44223999977112,229885,2468952,2473656,2471396,67324,0,716,0
35.45969295501709,229885,2468952,2473656,2471396,67324,0,716,0
35.47737193107605,229885,2063448,2068152,2065892,67324,0,708,0
35.495002031326294,229885,2063448,2068152,2065892,67324,0,708,0
35.51327109336853,229885,2063448,2068152,2065892,67324,0,708,0
35.5307719707489,229885,2063448,2068152,2065892,67324,0,708,0
35.54814291000366,229885,2063448,2068152,2065892,67324,0,708,0
35.56556487083435,229885,2063448,2068152,2065892,67324,0,708,0
35.58308696746826,229885,2063448,2068152,2065892,67324,0,708,0
35.60075902938843,229885,2063448,2068152,2065892,67324,0,708,0
35.61830496788025,229885,2063448,2068152,2065892,67324,0,708,0
35.63598394393921,229885,2063448,2068152,2065892,67324,0,708,0
35.65349006652832,229885,2063448,2068152,2065892,67324,0,708,0
35.67130398750305,229885,2063448,2068152,2065892,67324,0,708,0
35.68899607658386,229885,2063448,2068152,2065892,67324,0,708,0
35.7064950466156,229885,2063448,2068152,2065892,67324,0,708,0
35.723960876464844,229885,2063448,2068152,2065892,67324,0,708,0
35.74153208732605,229885,2063448,2068152,2065892,67324,0,708,0
35.75896501541138,229885,2063448,2068152,2065892,67324,0,708,0
35.776532888412476,229885,2063448,2068152,2065892,67324,0,708,0
35.79450488090515,229885,2063448,2068152,2065892,67324,0,708,0
35.81224799156189,229885,2063448,2068152,2065892,67324,0,708,0
35.829731941223145,229885,2063448,2068152,2065892,67324,0,708,0
35.84727191925049,229885,2063448,2068152,2065892,67324,0,708,0
35.86488699913025,229885,2063448,2068152,2065892,67324,0,708,0
35.88256287574768,229885,2063448,2068152,2065892,67324,0,708,0
35.90007305145264,229885,2063448,2068152,2065892,67324,0,708,0
35.9177930355072,229885,2063448,2068152,2065892,67324,0,708,0
35.93536901473999,229885,2063448,2068152,2065892,67324,0,708,0
35.953036069869995,229885,2063448,2068152,2065892,67324,0,708,0
35.97069001197815,229885,2063448,2068152,2065892,67324,0,708,0
35.98827886581421,229885,2063448,2068152,2065892,67324,0,708,0
36.006293058395386,229885,2063448,2068152,2065892,67324,0,708,0
36.02374887466431,229885,2063448,2068152,2065892,67324,0,708,0
36.04150390625,229885,2063448,2068152,2065892,67324,0,708,0
36.05904006958008,229885,2063448,2068152,2065892,67324,0,708,0
36.07660388946533,229885,2063448,2068152,2065892,67324,0,708,0
36.09424901008606,229885,2063448,2068152,2065892,67324,0,708,0
36.111806869506836,229885,2063448,2068152,2065892,67324,0,708,0
36.12952399253845,229885,2063448,2068152,2065892,67324,0,708,0
36.14719104766846,229885,2063448,2068152,2065892,67324,0,708,0
36.164732933044434,229885,2063448,2068152,2065892,67324,0,708,0
36.182498931884766,229885,2063448,2068152,2065892,67324,0,708,0
36.20041799545288,229885,2067544,2074296,2069988,67326,0,708,0
36.218316078186035,229885,2077784,2082488,2080228,67330,0,708,0
36.23596787452698,229885,2085976,2092728,2088420,67335,0,708,0
36.253628969192505,229885,2096216,2100920,2098660,67339,0,709,0
36.27124786376953,229885,2096216,2100920,2098660,67340,0,709,0
36.28881907463074,229885,2096216,2100920,2098660,67340,0,709,0
36.3064820766449,229885,2096216,2100920,2098660,67340,0,709,0
36.32412004470825,229885,2096216,2100920,2098660,67340,0,709,0
36.34169101715088,229885,2096216,2100920,2098660,67340,0,709,0
36.35925602912903,229885,2096216,2100920,2098660,67340,0,709,0
36.376928091049194,229885,2096216,2100920,2098660,67340,0,709,0
36.39437699317932,229885,2096216,2100920,2098660,67340,0,709,0
36.412144899368286,229885,2096216,2100920,2098660,67340,0,709,0
36.430016040802,229885,2096216,2100920,2098660,67340,0,709,0
36.44746208190918,229885,2096216,2100920,2098660,67340,0,709,0
36.465065002441406,229885,2096216,2100920,2098660,67340,0,709,0
36.48364806175232,229885,2096216,2100920,2098660,67340,0,709,0
36.501179933547974,229885,2096216,2100920,2098660,67340,0,709,0
36.51874804496765,229885,2096216,2100920,2098660,67340,0,709,0
36.536306858062744,229885,2096216,2100920,2098660,67340,0,709,0
36.55395698547363,229885,2096216,2100920,2098660,67340,0,709,0
36.57146096229553,229885,2096216,2100920,2098660,67340,0,709,0
36.5889790058136,229885,2096216,2100920,2098660,67340,0,709,0
36.60654902458191,229885,2096216,2100920,2098660,67340,0,709,0
36.624104022979736,229885,2096216,2100920,2098660,67340,0,709,0
36.64172101020813,229885,2096216,2100920,2098660,67340,0,709,0
36.659175872802734,229885,2096216,2100920,2098660,67340,0,709,0
36.67665100097656,229885,2096216,2100920,2098660,67340,0,709,0
36.69412899017334,229885,2096216,2100920,2098660,67340,0,709,0
36.71177101135254,229885,2096216,2100920,2098660,67340,0,709,0
36.72934699058533,229885,2096216,2100920,2098660,67340,0,709,0
36.74687600135803,229885,2096216,2100920,2098660,67340,0,709,0
36.764442920684814,229885,2096216,2100920,2098660,67340,0,709,0
36.781996965408325,229885,2096216,2100920,2098660,67340,0,709,0
36.799591064453125,229885,2096216,2100920,2098660,67340,0,709,0
36.81729507446289,229885,2096216,2100920,2098660,67340,0,709,0
36.83521294593811,229885,2096216,2100920,2098660,67340,0,709,0
36.85285687446594,229885,2096216,2100920,2098660,67340,0,709,0
36.870476961135864,229885,2096216,2100920,2098660,67340,0,709,0
36.88800096511841,229885,2096216,2100920,2098660,67340,0,709,0
36.90573501586914,229885,2096216,2100920,2098660,67340,0,709,0
36.92327308654785,229885,2096216,2100920,2098660,67340,0,709,0
36.94099807739258,229885,2096216,2100920,2098660,67340,0,709,0
36.95863890647888,229885,2096216,2100920,2098660,67340,0,709,0
36.976243019104004,229885,2096216,2100920,2098660,67340,0,709,0
36.993788957595825,229885,2096216,2100920,2098660,67340,0,709,0
37.011478900909424,229885,2096216,2100920,2098660,67340,0,709,0
37.029118061065674,229885,2096216,2100920,2098660,67340,0,709,0
37.047226905822754,229885,2096216,2100920,2098660,67340,0,709,0
37.06480598449707,229885,2096216,2100920,2098660,67340,0,709,0
37.082338094711304,229885,2096216,2100920,2098660,67340,0,709,0
37.0998969078064,229885,2096216,2100920,2098660,67340,0,709,0
37.1174750328064,229885,2096216,2100920,2098660,67340,0,709,0
37.13514804840088,229885,2096216,2100920,2098660,67340,0,709,0
37.152682065963745,229885,2096216,2100920,2098660,67340,0,709,0
37.17032194137573,229885,2096216,2100920,2098660,67340,0,709,0
37.187999963760376,229885,2096216,2100920,2098660,67340,0,709,0
37.205646991729736,229885,2096216,2100920,2098660,67340,0,709,0
37.22326588630676,229885,2096216,2100920,2098660,67340,0,709,0
37.24124789237976,229885,2096216,2100920,2098660,67340,0,709,0
37.25892186164856,229885,2096216,2100920,2098660,67340,0,709,0
37.27649402618408,229885,2096216,2100920,2098660,67340,0,709,0
37.29415988922119,229885,2096216,2100920,2098660,67340,0,709,0
37.311874866485596,229885,2096216,2100920,2098660,67340,0,709,0
37.32951307296753,229885,2096216,2100920,2098660,67340,0,709,0
37.34714198112488,229885,2096216,2100920,2098660,67340,0,709,0
37.364763021469116,229885,2096216,2100920,2098660,67340,0,709,0
37.38237905502319,229885,2096216,2100920,2098660,67340,0,709,0
37.400009870529175,229885,2096216,2100920,2098660,67340,0,709,0
37.41759991645813,229885,2096216,2100920,2098660,67340,0,709,0
37.435230016708374,229885,2096216,2100920,2098660,67340,0,709,0
37.453309059143066,229885,2096216,2100920,2098660,67340,0,709,0
37.471039056777954,229885,2096216,2100920,2098660,67340,0,709,0
37.488564014434814,229885,2096216,2100920,2098660,67340,0,709,0
37.50607109069824,229885,2096216,2100920,2098660,67340,0,709,0
37.52362108230591,229885,1950808,1824440,1953252,67340,0,703,0
37.541183948516846,229885,1821784,1826488,1824228,67341,0,703,0
37.558724880218506,229885,1821784,1826488,1824228,67341,0,703,0
37.57625603675842,229885,1821784,1826488,1824228,67341,0,703,0
37.59370994567871,229885,1823832,1828536,1826276,67342,0,703,0
37.611183881759644,229885,1834072,1838776,1836516,67346,0,704,0
37.62875509262085,229885,1842264,1846968,1844708,67350,0,704,0
37.64626097679138,229885,1852504,1857208,1854948,67355,0,704,0
37.663856983184814,229885,1860696,1865400,1863140,67359,0,704,0
37.68150591850281,229885,1868888,1875640,1871332,67364,0,704,0
37.698904037475586,229885,1879128,1883832,1881572,67368,0,704,0
37.7162880897522,229885,1887320,1894072,1889764,67373,0,704,0
37.733773946762085,229885,1897560,1902264,1900004,67377,0,705,0
37.75130105018616,229885,1905752,1912504,1908196,67382,0,705,0
37.768686056137085,229885,1915992,1920696,1918436,67386,0,705,0
37.78618788719177,229885,1924184,1928888,1926628,67391,0,705,0
37.80356001853943,229885,1934424,1939128,1936868,67395,0,706,0
37.82105898857117,229885,1942616,1947320,1945060,67399,0,706,0
37.838500022888184,229885,1952856,1957560,1955300,67404,0,706,0
37.85595393180847,229885,1961048,1965752,1963492,67408,0,706,0
37.87374997138977,229885,1971288,1975992,1973732,67413,0,706,0
37.89134502410889,229885,1979480,1984184,1981924,67417,0,706,0
37.90878391265869,229885,1989720,1994424,1992164,67422,0,706,0
37.926953077316284,229885,1997912,2002616,2000356,67426,0,707,0
37.94443106651306,229885,2008152,2012856,2010596,67431,0,707,0
37.96190905570984,229885,2016344,2021048,2018788,67435,0,707,0
37.979368925094604,229885,2026584,2031288,2029028,67440,0,707,0
37.997061014175415,229885,2034776,2039480,2037220,67444,0,708,0
38.01469588279724,229885,2042968,2049720,2045412,67449,0,708,0
38.0321888923645,229885,2053208,2057912,2055652,67453,0,708,0
38.049800872802734,229885,2061400,2068152,2063844,67458,0,708,0
38.06730604171753,229885,2071640,2076344,2074084,67462,0,708,0
38.08519101142883,229885,2079832,2086584,2082276,67467,0,708,0
38.102806091308594,229885,2090072,2094776,2092516,67471,0,708,0
38.12028408050537,229885,2098264,2102968,2100708,67476,0,709,0
38.13789486885071,229885,2108504,2113208,2110948,67480,0,709,0
38.15536189079285,229885,2116696,2121400,2119140,67485,0,709,0
38.17306089401245,229885,2126936,2131640,2129380,67489,0,710,0
38.19057607650757,229885,2135128,2139832,2137572,67493,0,710,0
38.20802593231201,229885,2145368,2150072,2147812,67498,0,710,0
38.225576877593994,229885,2153560,2158264,2156004,67502,0,710,0
38.24320888519287,229885,2161752,2168504,2164196,67507,0,710,0
38.260663986206055,229885,2171992,2176696,2174436,67511,0,710,0
38.278164863586426,229885,2180184,2186936,2182628,67516,0,710,0
38.29602408409119,229885,2190424,2195128,2192868,67520,0,710,0
38.313607931137085,229885,2198616,2205368,2201060,67525,0,711,0
38.331148862838745,229885,2208856,2213560,2211300,67529,0,711,0
38.34902095794678,229885,2217048,2223800,2219492,67534,0,711,0
38.36662697792053,229885,2227288,2231992,2229732,67538,0,712,0
38.384124994277954,229885,2235480,2240184,2237924,67543,0,712,0
38.40157699584961,229885,2245720,2250424,2248164,67547,0,712,0
38.41908288002014,229885,2253912,2258616,2256356,67551,0,712,0
38.43697190284729,229885,2264152,2268856,2266596,67556,0,712,0
38.454421043395996,229885,2272344,2277048,2274788,67560,0,712,0
38.471909046173096,229885,2280536,2287288,2282980,67565,0,712,0
38.48964285850525,229885,2290776,2295480,2293220,67569,0,713,0
38.50730109214783,229885,2298968,2303672,2301412,67574,0,713,0
38.52479696273804,229885,2309208,2313912,2311652,67578,0,713,0
38.54253005981445,229885,2317400,2322104,2319844,67583,0,713,0
38.56003499031067,229885,2325592,2330296,2328036,67586,0,714,0
38.57754898071289,229885,2333784,2338488,2336228,67591,0,714,0
38.59509897232056,229885,2344024,2348728,2346468,67595,0,714,0
38.61259889602661,229885,2352216,2356920,2354660,67599,0,714,0
38.630146980285645,229885,2362456,2367160,2364900,67604,0,714,0
38.64789891242981,229885,2370648,2375352,2373092,67608,0,714,0
38.665395975112915,229885,2380888,2385592,2383332,67613,0,714,0
38.682908058166504,229885,2389080,2393784,2391524,67617,0,714,0
38.70050597190857,229885,2397272,2404024,2399716,67622,0,715,0
38.71826696395874,229885,2407512,2412216,2409956,67626,0,715,0
38.735790967941284,229885,2415704,2422456,2418148,67631,0,715,0
38.75354599952698,229885,2425944,2430648,2428388,67635,0,716,0
38.771246910095215,229885,2434136,2440888,2436580,67640,0,716,0
38.7888240814209,229885,2444376,2449080,2446820,67644,0,716,0
38.8063850402832,229885,2452568,2459320,2455012,67649,0,716,0
38.823962926864624,229885,2462808,2467512,2465252,67653,0,716,0
38.84151601791382,229885,2471000,2475704,2473444,67658,0,716,0
38.858964920043945,229885,2481240,2485944,2483684,67662,0,716,0
38.876484870910645,229885,2489432,2494136,2491876,67667,0,717,0
38.89408993721008,229885,2499672,2504376,2502116,67671,0,717,0
38.91195893287659,229885,2507864,2512568,2510308,67676,0,717,0
38.92972993850708,229885,2518104,2522808,2520548,67680,0,717,0
38.9473180770874,229885,2526296,2531000,2528740,67685,0,718,0
38.964926958084106,229885,2536536,2541240,2538980,67689,0,718,0
38.98238396644592,229885,2544728,2549432,2547172,67693,0,718,0
38.999950885772705,229885,2554968,2559672,2557412,67698,0,718,0
39.017406940460205,229885,2563160,2567864,2565604,67702,0,718,0
39.03493404388428,229885,2571352,2578104,2573796,67707,0,718,0
39.05248308181763,229885,2581592,2586296,2584036,67711,0,718,0
39.070136070251465,229885,2589784,2596536,2592228,67716,0,719,0
39.087615966796875,229885,2600024,2604728,2602468,67720,0,719,0
39.10514807701111,229885,2608216,2612920,2610660,67725,0,719,0
39.12319898605347,229885,2618456,2623160,2620900,67729,0,719,0
39.14091396331787,229885,2626648,2631352,2629092,67734,0,720,0
39.15859293937683,229885,2636888,2641592,2639332,67738,0,720,0
39.17627501487732,229885,2645080,2649784,2647524,67743,0,720,0
39.19391894340515,229885,2655320,2660024,2657764,67747,0,720,0
39.211320877075195,229885,2663512,2668216,2665956,67751,0,720,0
39.22884798049927,229885,2673752,2678456,2676196,67756,0,720,0
39.24640107154846,229885,2681944,2686648,2684388,67760,0,720,0
39.26397895812988,229885,2692184,2696888,2694628,67765,0,721,0
39.281533002853394,229885,2700376,2705080,2702820,67769,0,721,0
39.29894995689392,229885,2708568,2715320,2711012,67774,0,721,0
39.316489934921265,229885,2718808,2723512,2721252,67778,0,722,0
39.33437395095825,229885,2727000,2733752,2729444,67783,0,722,0
39.35186696052551,229885,2737240,2741944,2739684,67787,0,722,0
39.3694429397583,229885,2745432,2752184,2747876,67792,0,722,0
39.386910915374756,229885,2755672,2760376,2758116,67796,0,722,0
39.404386043548584,229885,2763864,2768568,2766308,67801,0,722,0
39.42230486869812,229885,2774104,2778808,2776548,67805,0,722,0
39.43984794616699,229885,2782296,2787000,2784740,67809,0,722,0
39.4572970867157,229885,2792536,2797240,2794980,67814,0,723,0
39.47500491142273,229885,2798680,2803384,2801124,67818,0,723,0
39.49252104759216,229885,2798680,2803384,2801124,67818,0,723,0
39.509989976882935,229885,2798680,2803384,2801124,67818,0,723,0
39.52744793891907,229885,2798680,2803384,2801124,67818,0,723,0
39.545018911361694,229885,2798680,2803384,2801124,67818,0,723,0
39.56239891052246,229885,2798680,2803384,2801124,67818,0,723,0
39.57999897003174,229885,2554968,2559672,2557412,67818,0,718,0
39.59727501869202,229885,2554968,2559672,2557412,67818,0,718,0
39.6147038936615,229885,2554968,2559672,2557412,67818,0,718,0
39.63206386566162,229885,2554968,2559672,2557412,67818,0,718,0
39.64935493469238,229885,2554968,2559672,2557412,67818,0,718,0
39.66640090942383,229885,2554968,2559672,2557412,67818,0,718,0
39.68339991569519,229885,2554968,2559672,2557412,67818,0,718,0
39.70045208930969,229885,2554968,2559672,2557412,67818,0,718,0
39.717499017715454,229885,2554968,2559672,2557412,67818,0,718,0
39.73462200164795,229885,2554968,2559672,2557412,67818,0,718,0
39.75200700759888,229885,2554968,2559672,2557412,67818,0,718,0
39.76920008659363,229885,2554968,2559672,2557412,67818,0,718,0
39.78758001327515,229885,2554968,2559672,2557412,67818,0,718,0
39.807579040527344,229885,2554968,2559672,2557412,67818,0,718,0
39.827194929122925,229885,2554968,2559672,2557412,67818,0,718,0
39.84623408317566,229885,2554968,2559672,2557412,67818,0,718,0
39.86554193496704,229885,2554968,2559672,2557412,67818,0,718,0
39.88447308540344,229885,2554968,2559672,2557412,67818,0,718,0
39.90335702896118,229885,2554968,2559672,2557412,67818,0,718,0
39.92222189903259,229885,2554968,2559672,2557412,67818,0,718,0
39.94104886054993,229885,2554968,2559672,2557412,67818,0,718,0
39.96002507209778,229885,2554968,2559672,2557412,67818,0,718,0
39.97877287864685,229885,2554968,2559672,2557412,67818,0,718,0
39.99621391296387,229885,2554968,2559672,2557412,67818,0,718,0
40.01338291168213,229885,2554968,2559672,2557412,67818,0,718,0
40.030462980270386,229885,2554968,2559672,2557412,67818,0,718,0
40.04765605926514,229885,2554968,2559672,2557412,67818,0,718,0
40.064987897872925,229885,2554968,2559672,2557412,67818,0,718,0
40.08228802680969,229885,2554968,2559672,2557412,67818,0,718,0
40.09948992729187,229885,2554968,2559672,2557412,67818,0,718,0
40.116530895233154,229885,2554968,2559672,2557412,67818,0,718,0
40.1334490776062,229885,2554968,2559672,2557412,67818,0,718,0
40.15049195289612,229885,2554968,2559672,2557412,67818,0,718,0
40.167932987213135,229885,2554968,2559672,2557412,67818,0,718,0
40.1853129863739,229885,2554968,2559672,2557412,67818,0,718,0
40.20236897468567,229885,2554968,2559672,2557412,67818,0,718,0
40.21942090988159,229885,2554968,2559672,2557412,67818,0,718,0
40.23644495010376,229885,2554968,2559672,2557412,67818,0,718,0
40.25345206260681,229885,2554968,2559672,2557412,67818,0,718,0
40.270467042922974,229885,2554968,2559672,2557412,67818,0,718,0
40.28748893737793,229885,2554968,2559672,2557412,67818,0,718,0
40.304893016815186,229885,2554968,2559672,2557412,67818,0,718,0
40.32207894325256,229885,2554968,2559672,2557412,67818,0,718,0
40.33934497833252,229885,2554968,2559672,2557412,67818,0,718,0
40.35641002655029,229885,2554968,2559672,2557412,67818,0,718,0
40.37378191947937,229885,2554968,2559672,2557412,67818,0,718,0
40.391457080841064,229885,2554968,2559672,2557412,67818,0,718,0
40.40844988822937,229885,2554968,2559672,2557412,67818,0,718,0
40.42545700073242,229885,2554968,2559672,2557412,67818,0,718,0
40.442445039749146,229885,2554968,2559672,2557412,67818,0,718,0
40.45952486991882,229885,2554968,2559672,2557412,67818,0,718,0
40.47652506828308,229885,2554968,2559672,2557412,67818,0,718,0
40.49400186538696,229885,2554968,2559672,2557412,67818,0,718,0
40.51130509376526,229885,2554968,2559672,2557412,67818,0,718,0
40.528367042541504,229885,2554968,2559672,2557412,67818,0,718,0
40.545417070388794,229885,2554968,2559672,2557412,67818,0,718,0
40.56241798400879,229885,2554968,2559672,2557412,67818,0,718,0
40.57970905303955,229885,2554968,2559672,2557412,67818,0,718,0
40.59694790840149,229885,2554968,2559672,2557412,67818,0,718,0
40.61410689353943,229885,2554968,2559672,2557412,67818,0,718,0
40.63135504722595,229885,2554968,2559672,2557412,67818,0,718,0
40.64841389656067,229885,2554968,2559672,2557412,67818,0,718,0
40.665406942367554,229885,2554968,2559672,2557412,67818,0,718,0
40.68241786956787,229885,2554968,2559672,2557412,67818,0,718,0
40.69949197769165,229885,2554968,2559672,2557412,67818,0,718,0
40.7164990901947,229885,2554968,2559672,2557412,67818,0,718,0
40.73356509208679,229885,2554968,2559672,2557412,67818,0,718,0
40.750545024871826,229885,2554968,2559672,2557412,67818,0,718,0
40.76748609542847,229885,2554968,2559672,2557412,67818,0,718,0
40.784502029418945,229885,2554968,2559672,2557412,67818,0,718,0
40.80187797546387,229885,2554968,2559672,2557412,67818,0,718,0
40.81917595863342,229885,2554968,2559672,2557412,67818,0,718,0
40.836349964141846,229885,2554968,2559672,2557412,67818,0,718,0
40.85340189933777,229885,2554968,2559672,2557412,67818,0,718,0
40.870413064956665,229885,2554968,2559672,2557412,67818,0,718,0
40.88763689994812,229885,2554968,2559672,2557412,67818,0,718,0
40.904902935028076,229885,2554968,2559672,2557412,67818,0,718,0
40.92208790779114,229885,2554968,2559672,2557412,67818,0,718,0
40.93928408622742,229885,2554968,2559672,2557412,67818,0,718,0
40.956384897232056,229885,2554968,2559672,2557412,67818,0,718,0
40.97340989112854,229885,2554968,2559672,2557412,67818,0,718,0
40.99103593826294,229885,2554968,2559672,2557412,67818,0,718,0
41.008382081985474,229885,2554968,2559672,2557412,67818,0,718,0
41.02540588378906,229885,2554968,2559672,2557412,67818,0,718,0
41.04239797592163,229885,2554968,2559672,2557412,67818,0,718,0
41.05949306488037,229885,2554968,2559672,2557412,67818,0,718,0
41.076539039611816,229885,2554968,2559672,2557412,67818,0,718,0
41.093920946121216,229885,2554968,2559672,2557412,67818,0,718,0
41.11135792732239,229885,2554968,2559672,2557412,67818,0,718,0
41.12841606140137,229885,2554968,2559672,2557412,67818,0,718,0
41.14541792869568,229885,2554968,2559672,2557412,67818,0,718,0
41.162466049194336,229885,2554968,2559672,2557412,67818,0,718,0
41.179425954818726,229885,2554968,2559672,2557412,67818,0,718,0
41.19651198387146,229885,2554968,2559672,2557412,67818,0,718,0
41.21370196342468,229885,2554968,2559672,2557412,67818,0,718,0
41.23098707199097,229885,2554968,2559672,2557412,67818,0,718,0
41.24812388420105,229885,2554968,2559672,2557412,67818,0,718,0
41.26534605026245,229885,2554968,2559672,2557412,67818,0,718,0
41.28240990638733,229885,2554968,2559672,2557412,67818,0,718,0
41.299416065216064,229885,2554968,2559672,2557412,67818,0,718,0
41.31649088859558,229885,2554968,2559672,2557412,67818,0,718,0
41.333518981933594,229885,2554968,2559672,2557412,67818,0,718,0
41.35124206542969,229885,2554968,2559672,2557412,67818,0,718,0
41.36839008331299,229885,2554968,2559672,2557412,67818,0,718,0
41.38546395301819,229885,2555032,2559808,2557476,67819,0,718,0
41.40299987792969,229885,2555032,2559808,2557476,67819,0,718,0
41.42038106918335,229885,2555032,2559808,2557476,67819,0,718,0
41.437378883361816,229885,2555032,2559808,2557476,67819,0,718,0
41.454407930374146,229885,2555032,2559808,2557476,67819,0,718,0
41.47139596939087,229885,2555032,2559808,2557476,67819,0,718,0
41.48863101005554,229885,2555032,2559808,2557476,67819,0,718,0
41.50605392456055,229885,2555032,2559808,2557476,67819,0,718,0
41.52327299118042,229885,2555032,2559808,2557476,67819,0,718,0
41.540366888046265,229885,2555032,2559808,2557476,67819,0,718,0
41.557348012924194,229885,2555032,2559808,2557476,67819,0,718,0
41.57444500923157,229885,2555032,2559808,2557476,67819,0,718,0
41.59141492843628,229885,2555032,2559808,2557476,67819,0,718,0
41.608465909957886,229885,2555032,2559808,2557476,67819,0,718,0
41.62567186355591,229885,2149528,2154304,2151972,67819,0,710,0
41.64286804199219,229885,2149528,2154304,2151972,67819,0,710,0
41.65989708900452,229885,2149528,2154304,2151972,67819,0,710,0
41.67692303657532,229885,2149528,2154304,2151972,67819,0,710,0
41.69402003288269,229885,2149528,2154304,2151972,67819,0,710,0
41.711124897003174,229885,2149528,2154304,2151972,67819,0,710,0
41.72819685935974,229885,2149528,2154304,2151972,67819,0,710,0
41.745222091674805,229885,2149528,2154304,2151972,67819,0,710,0
41.76227593421936,229885,2149528,2154304,2151972,67819,0,710,0
41.7794930934906,229885,2149528,2154304,2151972,67819,0,710,0
41.79641509056091,229885,2149528,2154304,2151972,67819,0,710,0
41.81338405609131,229885,2149528,2154304,2151972,67819,0,710,0
41.83065605163574,229885,2149528,2154304,2151972,67819,0,710,0
41.84745907783508,229885,2149528,2154304,2151972,67819,0,710,0
41.86442804336548,229885,2149528,2154304,2151972,67819,0,710,0
41.88137888908386,229885,2149528,2154304,2151972,67819,0,710,0
41.89840793609619,229885,2149528,2154304,2151972,67819,0,710,0
41.9153790473938,229885,2149528,2154304,2151972,67819,0,710,0
41.9323890209198,229885,2149528,2154304,2151972,67819,0,710,0
41.949383020401,229885,2149528,2154304,2151972,67819,0,710,0
41.96634292602539,229885,2149528,2154304,2151972,67819,0,710,0
41.9833619594574,229885,2149528,2154304,2151972,67819,0,710,0
42.00036597251892,229885,2149528,2154304,2151972,67819,0,710,0
42.01738500595093,229885,2149528,2154304,2151972,67819,0,710,0
42.03458309173584,229885,2149528,2154304,2151972,67819,0,710,0
42.0513870716095,229885,2149528,2154304,2151972,67819,0,710,0
42.06833004951477,229885,2149528,2154304,2151972,67819,0,710,0
42.08538103103638,229885,2149528,2154304,2151972,67819,0,710,0
42.10243606567383,229885,2149528,2154304,2151972,67819,0,710,0
42.11939096450806,229885,2149528,2154304,2151972,67819,0,710,0
42.136369943618774,229885,2149528,2154304,2151972,67819,0,710,0
42.15336298942566,229885,2149528,2154304,2151972,67819,0,710,0
42.17037487030029,229885,2149528,2154304,2151972,67819,0,710,0
42.18734288215637,229885,2149528,2154304,2151972,67819,0,710,0
42.20433497428894,229885,2149528,2154304,2151972,67819,0,710,0
42.2212929725647,229885,2149528,2154304,2151972,67819,0,710,0
42.23850989341736,229885,2149528,2154304,2151972,67819,0,710,0
42.25547409057617,229885,2149528,2154304,2151972,67819,0,710,0
42.2723970413208,229885,2149528,2154304,2151972,67819,0,710,0
42.28928899765015,229885,2149528,2154304,2151972,67819,0,710,0
42.30630588531494,229885,2149528,2154304,2151972,67819,0,710,0
42.32351303100586,229885,2149528,2154304,2151972,67819,0,710,0
42.34048008918762,229885,2149528,2154304,2151972,67819,0,710,0
42.357385873794556,229885,2149528,2154304,2151972,67819,0,710,0
42.37431001663208,229885,2149528,2154304,2151972,67819,0,710,0
42.3912410736084,229885,2149528,2154304,2151972,67819,0,710,0
42.408124923706055,229885,2149528,2154304,2151972,67819,0,710,0
42.425172090530396,229885,2149528,2154304,2151972,67819,0,710,0
42.44229006767273,229885,2149528,2154304,2151972,67819,0,710,0
42.45936393737793,229885,2149528,2154304,2151972,67819,0,710,0
42.476365089416504,229885,2149528,2154304,2151972,67819,0,710,0
42.493282079696655,229885,2149528,2154304,2151972,67819,0,710,0
42.51019906997681,229885,2149528,2154304,2151972,67819,0,710,0
42.52710199356079,229885,2149528,2154304,2151972,67819,0,710,0
42.54423189163208,229885,2149528,2154304,2151972,67819,0,710,0
42.56113386154175,229885,2149528,2154304,2151972,67819,0,710,0
42.57817006111145,229885,2149528,2154304,2151972,67819,0,710,0
42.59538507461548,229885,2149528,2154304,2151972,67819,0,710,0
42.612338066101074,229885,2149528,2154304,2151972,67819,0,710,0
42.62934494018555,229885,2149528,2154304,2151972,67819,0,710,0
42.646399974823,229885,2149528,2154304,2151972,67819,0,710,0
42.663389921188354,229885,2149528,2154304,2151972,67819,0,710,0
42.680437088012695,229885,2149528,2154304,2151972,67819,0,710,0
42.69735789299011,229885,2149528,2154304,2151972,67819,0,710,0
42.71438407897949,229885,2149528,2154304,2151972,67819,0,710,0
42.731366872787476,229885,2149528,2154304,2151972,67819,0,710,0
42.748379945755005,229885,2149528,2154304,2151972,67819,0,710,0
42.76535987854004,229885,2149528,2154304,2151972,67819,0,710,0
42.78237009048462,229885,2149528,2154304,2151972,67819,0,710,0
42.79923605918884,229885,2149528,2154304,2151972,67819,0,710,0
42.816466093063354,229885,2149584,2154304,2152028,67819,0,710,0
42.83349108695984,229885,2149584,2154304,2152028,67833,0,710,0
42.85057592391968,229885,2149584,2154304,2152028,67833,0,710,0
42.86822700500488,229885,2149584,2154304,2152028,67833,0,710,0
42.88536095619202,229885,2149584,2154304,2152028,67833,0,710,0
42.902390003204346,229885,2149584,2154304,2152028,67833,0,710,0
42.919344902038574,229885,2149584,2154304,2152028,67833,0,710,0
42.936333894729614,229885,2149584,2154304,2152028,67833,0,710,0
42.95333194732666,229885,2149584,2154304,2152028,67833,0,710,0
42.9703049659729,229885,2149584,2154304,2152028,67833,0,710,0
42.987221002578735,229885,2149584,2154304,2152028,67833,0,710,0
43.00422406196594,229885,2149584,2154304,2152028,67833,0,710,0
43.02128887176514,229885,2149584,2154304,2152028,67833,0,710,0
43.038233041763306,229885,2149584,2154304,2152028,67833,0,710,0
43.055258989334106,229885,2149584,2154304,2152028,67833,0,710,0
43.07243204116821,229885,2149584,2154304,2152028,67833,0,710,0
43.08943200111389,229885,2149584,2154304,2152028,67833,0,710,0
43.10634088516235,229885,2149584,2154304,2152028,67833,0,710,0
43.123223066329956,229885,2149584,2154304,2152028,67833,0,710,0
43.140064001083374,229885,2149584,2154304,2152028,67833,0,710,0
43.157182931900024,229885,2149584,2154304,2152028,67833,0,710,0
43.17428994178772,229885,2149584,2154304,2152028,67833,0,710,0
43.19128489494324,229885,2149584,2154304,2152028,67833,0,710,0
43.208235025405884,229885,2149584,2154304,2152028,67833,0,710,0
43.22530794143677,229885,2149584,2154304,2152028,67833,0,710,0
43.24219608306885,229885,2149584,2154304,2152028,67833,0,710,0
43.259177923202515,229885,2149584,2154304,2152028,67833,0,710,0
43.27636790275574,229885,2149584,2154304,2152028,67833,0,710,0
43.29379606246948,229885,2149584,2154304,2152028,67833,0,710,0
43.3110089302063,229885,2149584,2154304,2152028,67833,0,710,0
43.32791209220886,229885,2149584,2154304,2152028,67833,0,710,0
43.344807863235474,229885,2149584,2154304,2152028,67833,0,710,0
43.36153793334961,229885,2149584,2154304,2152028,67833,0,710,0
43.37840700149536,229885,2149584,2154304,2152028,67833,0,710,0
43.3953640460968,229885,2149584,2154304,2152028,67833,0,710,0
43.412363052368164,229885,2149584,2154304,2152028,67833,0,710,0
43.42937207221985,229885,2149584,2154304,2152028,67833,0,710,0
43.44623303413391,229885,2149584,2154304,2152028,67833,0,710,0
43.4631929397583,229885,2149584,2154304,2152028,67833,0,710,0
43.48018193244934,229885,2149584,2154304,2152028,67833,0,710,0
43.497230052948,229885,2149584,2154304,2152028,67833,0,710,0
43.514200925827026,229885,2149584,2154304,2152028,67833,0,710,0
43.53110694885254,229885,2149584,2154304,2152028,67833,0,710,0
43.548125982284546,229885,2149584,2154304,2152028,67833,0,710,0
43.565288066864014,229885,2149584,2154304,2152028,67833,0,710,0
43.58236789703369,229885,2149584,2154304,2152028,67833,0,710,0
43.599282026290894,229885,2149584,2154304,2152028,67833,0,710,0
43.61624789237976,229885,2149584,2154304,2152028,67833,0,710,0
43.633188009262085,229885,2149584,2154304,2152028,67833,0,710,0
43.650238037109375,229885,2149584,2154304,2152028,67833,0,710,0
43.66733002662659,229885,2149584,2154304,2152028,67833,0,710,0
43.684244871139526,229885,2149584,2146168,2152028,67833,0,710,0
43.702133893966675,229885,1746128,1750904,1748572,67833,0,702,0
43.719855070114136,229885,1746128,1750904,1748572,67833,0,702,0
43.73654890060425,229885,1746196,1750904,1748640,67835,0,702,0
43.75315308570862,229885,1746196,1750904,1748640,67835,0,702,0
43.76996898651123,229885,1746196,1750904,1748640,67835,0,702,0
43.78668689727783,229885,1746196,1750904,1748640,67835,0,702,0
43.80336809158325,229885,1746196,1750904,1748640,67835,0,702,0
43.820013999938965,229885,1746196,1750904,1748640,67835,0,702,0
43.83673691749573,229885,1746196,1750904,1748640,67835,0,702,0
43.853545904159546,229885,1746196,1750904,1748640,67835,0,702,0
43.8702290058136,229885,1746196,1750904,1748640,67835,0,702,0
43.88701105117798,229885,1746196,1750904,1748640,67835,0,702,0
43.904109954833984,229885,1746196,1750904,1748640,67835,0,702,0
43.92100286483765,229885,1746196,1750904,1748640,67835,0,702,0
43.93780708312988,229885,1746196,1750904,1748640,67835,0,702,0
43.954659938812256,229885,1746196,1750904,1748640,67835,0,702,0
43.97159695625305,229885,1746196,1750904,1748640,67835,0,702,0
43.98851203918457,229885,1746196,1750904,1748640,67835,0,702,0
44.005451917648315,229885,1746196,1750904,1748640,67835,0,702,0
44.02233099937439,229885,1746196,1750904,1748640,67835,0,702,0
44.039021015167236,229885,1746196,1750904,1748640,67835,0,702,0
44.055996894836426,229885,1746196,1750904,1748640,67835,0,702,0
44.07290697097778,229885,1746196,1750904,1748640,67835,0,702,0
44.08976101875305,229885,1746196,1750904,1748640,67835,0,702,0
44.106931924819946,229885,1746196,1750904,1748640,67835,0,702,0
44.124101877212524,229885,1746196,1750904,1748640,67835,0,702,0
44.140986919403076,229885,1746196,1750904,1748640,67835,0,702,0
44.157898902893066,229885,1746196,1750904,1748640,67835,0,702,0
44.17487406730652,229885,1746196,1750904,1748640,67835,0,702,0
44.19172286987305,229885,1746196,1750904,1748640,67835,0,702,0
44.208571910858154,229885,1746196,1750904,1748640,67835,0,702,0
44.225666999816895,229885,1746196,1750904,1748640,67835,0,702,0
44.242445945739746,229885,1746196,1750904,1748640,67835,0,702,0
44.25947690010071,229885,1746196,1750904,1748640,67835,0,702,0
44.27676606178284,229885,1746196,1750904,1748640,67835,0,702,0
44.293773889541626,229885,1746196,1750904,1748640,67835,0,702,0
44.310765981674194,229885,1746196,1750904,1748640,67835,0,702,0
44.32813000679016,229885,1746196,1750904,1748640,67835,0,702,0
44.34502100944519,229885,1746196,1750904,1748640,67835,0,702,0
44.36191201210022,229885,1750292,1755004,1752736,67836,0,702,0
44.37895703315735,229885,1758484,1763196,1760928,67841,0,702,0
44.395785093307495,229885,1766676,1771388,1769120,67845,0,702,0
44.41265606880188,229885,1776916,1781628,1779360,67849,0,702,0
44.4296350479126,229885,1783060,1787772,1785504,67853,0,702,0
44.44635891914368,229885,1783060,1787772,1785504,67853,0,702,0
44.463237047195435,229885,1783060,1787772,1785504,67853,0,702,0
44.48030495643616,229885,1783060,1787772,1785504,67853,0,702,0
44.49725699424744,229885,1783060,1787772,1785504,67853,0,702,0
44.51421403884888,229885,1783060,1787772,1785504,67853,0,702,0
44.53139090538025,229885,1783060,1787772,1785504,67853,0,702,0
44.54829788208008,229885,1783060,1787772,1785504,67853,0,702,0
44.56516194343567,229885,1783060,1787772,1785504,67853,0,702,0
44.58208990097046,229885,1783060,1787772,1785504,67853,0,702,0
44.59911608695984,229885,1783060,1787772,1785504,67853,0,702,0
44.61600208282471,229885,1783060,1787772,1785504,67853,0,702,0
44.632948875427246,229885,1783060,1787772,1785504,67853,0,702,0
44.64987897872925,229885,1783060,1787772,1785504,67853,0,702,0
44.66668891906738,229885,1783060,1787772,1785504,67853,0,702,0
44.68347501754761,229885,1783060,1787772,1785504,67853,0,702,0
44.700222969055176,229885,1783060,1787772,1785504,67853,0,702,0
44.71703600883484,229885,1783060,1787772,1785504,67853,0,702,0
44.73421001434326,229885,1783060,1787772,1785504,67853,0,702,0
44.75131392478943,229885,1783060,1787772,1785504,67853,0,702,0
44.76816391944885,229885,1783060,1787772,1785504,67853,0,702,0
44.785162925720215,229885,1783060,1787772,1785504,67853,0,702,0
44.80217409133911,229885,1783060,1787772,1785504,67853,0,702,0
44.81902194023132,229885,1783060,1787772,1785504,67853,0,702,0
44.83596396446228,229885,1783060,1787772,1785504,67853,0,702,0
44.852848052978516,229885,1783060,1787772,1785504,67853,0,702,0
44.869714975357056,229885,1783060,1787772,1785504,67853,0,702,0
44.886597871780396,229885,1783060,1787772,1785504,67853,0,702,0
44.9040150642395,229885,1783060,1787772,1785504,67853,0,702,0
44.92078399658203,229885,1783060,1787772,1785504,67853,0,702,0
44.937905073165894,229885,1783060,1787772,1785504,67853,0,702,0
44.95479488372803,229885,1783060,1787772,1785504,67853,0,702,0
44.97167897224426,229885,1783060,1787772,1785504,67853,0,702,0
44.98832106590271,229885,1783060,1787772,1785504,67853,0,702,0
45.00528001785278,229885,1783060,1787772,1785504,67853,0,702,0
45.02220797538757,229885,1783060,1787772,1785504,67853,0,702,0
45.03918099403381,229885,1783060,1787772,1785504,67853,0,702,0
45.055952072143555,229885,1783060,1787772,1785504,67853,0,702,0
45.07288193702698,229885,1783060,1787772,1785504,67853,0,702,0
45.089909076690674,229885,1783060,1787772,1785504,67853,0,702,0
45.10696291923523,229885,1783060,1787772,1785504,67853,0,702,0
45.1236789226532,229885,1783060,1787772,1785504,67853,0,702,0
45.14060997962952,229885,1783060,1787772,1785504,67853,0,702,0
45.15790796279907,229885,1783060,1787772,1785504,67853,0,702,0
45.17474293708801,229885,1783060,1787772,1785504,67853,0,702,0
45.19169902801514,229885,1783060,1787772,1785504,67853,0,702,0
45.20874786376953,229885,1783060,1787772,1785504,67853,0,702,0
45.225597858428955,229885,1783060,1787772,1785504,67853,0,702,0
45.242307901382446,229885,1783060,1787772,1785504,67853,0,702,0
45.258955001831055,229885,1783060,1787772,1785504,67853,0,702,0
45.27564001083374,229885,1783060,1787772,1785504,67853,0,702,0
45.29249405860901,229885,1783060,1787772,1785504,67853,0,702,0
45.30931496620178,229885,1783060,1787772,1785504,67853,0,702,0
45.32626295089722,229885,1783060,1787772,1785504,67853,0,702,0
45.343157052993774,229885,1783060,1787772,1785504,67853,0,702,0
45.360584020614624,229885,1783060,1787772,1785504,67853,0,702,0
45.37765097618103,229885,1783060,1787772,1785504,67853,0,702,0
45.394269943237305,229885,1783060,1787772,1785504,67853,0,702,0
45.41101908683777,229885,1783060,1787772,1785504,67853,0,702,0
45.42764496803284,229885,1783060,1787772,1785504,67853,0,702,0
45.444278955459595,229885,1783060,1787772,1785504,67853,0,702,0
45.46126699447632,229885,1783060,1787772,1785504,67853,0,702,0
45.47822690010071,229885,1783060,1787772,1785504,67853,0,702,0
45.49509286880493,229885,1783060,1787772,1785504,67853,0,702,0
45.51200985908508,229885,1783060,1787772,1785504,67853,0,702,0
45.529080867767334,229885,1783060,1787772,1785504,67853,0,702,0
45.54625606536865,229885,1783060,1787772,1785504,67853,0,702,0
45.563276052474976,229885,1783060,1787772,1785504,67853,0,702,0
45.58041000366211,229885,1783060,1787772,1785504,67853,0,702,0
45.59738802909851,229885,1783060,1787772,1785504,67853,0,702,0
45.61436700820923,229885,1783060,1787772,1785504,67853,0,702,0
45.631274938583374,229885,1783060,1787772,1785504,67853,0,702,0
45.64826202392578,229885,1783060,1787772,1785504,67853,0,702,0
45.66518807411194,229885,1783060,1787772,1785504,67853,0,702,0
45.682080030441284,229885,1783060,1787772,1785504,67853,0,702,0
45.69915699958801,229885,1783060,1787772,1785504,67853,0,702,0
45.71589803695679,229885,1783060,1787772,1785504,67853,0,702,0
45.73279094696045,229885,1783060,1787772,1785504,67853,0,702,0
45.74976897239685,229885,1783060,1787772,1785504,67853,0,702,0
45.7665228843689,229885,1783060,1787772,1785504,67853,0,702,0
45.783766984939575,229885,1785108,1789820,1787552,67853,0,702,0
45.80065107345581,229885,1793300,1798012,1795744,67858,0,702,0
45.81736397743225,229885,1785108,1789820,1787552,67862,0,702,0
45.83398795127869,229885,1793300,1800060,1795744,67866,0,702,0
45.85089087486267,229885,1803540,1808252,1805984,67870,0,703,0
45.867615938186646,229885,1811732,1816444,1814176,67875,0,703,0
45.8843948841095,229885,1819924,1824636,1822368,67879,0,703,0
45.90129995346069,229885,1830164,1834876,1832608,67883,0,703,0
45.91788196563721,229885,1838356,1843068,1840800,67887,0,704,0
45.93478202819824,229885,1846548,1851260,1848992,67892,0,704,0
45.95156407356262,229885,1854740,1859452,1857184,67896,0,704,0
45.9682879447937,229885,1862932,1869692,1865376,67900,0,704,0
45.985459089279175,229885,1873172,1877884,1875616,67904,0,704,0
46.0025680065155,229885,1881364,1886076,1883808,67909,0,704,0
46.01927995681763,229885,1889556,1894268,1892000,67913,0,704,0
46.03604197502136,229885,1899796,1904508,1902240,67917,0,705,0
46.05291986465454,229885,1907988,1912700,1910432,67921,0,705,0
46.069880962371826,229885,1916180,1920892,1918624,67926,0,705,0
46.08677887916565,229885,1924372,1931132,1926816,67930,0,705,0
46.10360097885132,229885,1934612,1939324,1937056,67934,0,706,0
46.12038207054138,229885,1942804,1947516,1945248,67938,0,706,0
46.136987924575806,229885,1950996,1955708,1953440,67943,0,706,0
46.1538770198822,229885,1959188,1965948,1961632,67947,0,706,0
46.17063307762146,229885,1969428,1974140,1971872,67951,0,706,0
46.18780303001404,229885,1977620,1982332,1980064,67956,0,706,0
46.20520997047424,229885,1985812,1990524,1988256,67960,0,706,0
46.2221839427948,229885,1994004,1998716,1996448,67964,0,706,0
46.238839864730835,229885,2004244,2008956,2006688,67968,0,707,0
46.25553798675537,229885,2012436,2017148,2014880,67972,0,707,0
46.2723069190979,229885,2020628,2025340,2023072,67977,0,707,0
46.28911805152893,229885,2028820,2035580,2031264,67981,0,708,0
46.30597805976868,229885,2039060,2043772,2041504,67985,0,708,0
46.322882890701294,229885,2047252,2051964,2049696,67989,0,708,0
46.33970904350281,229885,2055444,2060156,2057888,67994,0,708,0
46.35664486885071,229885,2063636,2070396,2066080,67998,0,708,0
46.373327016830444,229885,2073876,2078588,2076320,68002,0,708,0
46.390148878097534,229885,2082068,2086780,2084512,68007,0,708,0
46.40722107887268,229885,2090260,2097020,2092704,68011,0,708,0
46.42413091659546,229885,2100500,2105212,2102944,68015,0,709,0
46.44099402427673,229885,2108692,2113404,2111136,68019,0,709,0
46.457786083221436,229885,2116884,2121596,2119328,68024,0,709,0
46.47477102279663,229885,2127124,2131836,2129568,68028,0,710,0
46.49163103103638,229885,2135316,2140028,2137760,68032,0,710,0
46.50865387916565,229885,2143508,2148220,2145952,68037,0,710,0
46.52568793296814,229885,2151700,2158460,2154144,68041,0,710,0
46.542587995529175,229885,2161940,2166652,2164384,68045,0,710,0
46.55950903892517,229885,2170132,2174844,2172576,68050,0,710,0
46.57628107070923,229885,2178324,2183036,2180768,68054,0,710,0
46.59323191642761,229885,2188564,2193276,2191008,68058,0,710,0
46.610666036605835,229885,2196756,2201468,2199200,68062,0,711,0
46.6276490688324,229885,2204948,2209660,2207392,68067,0,711,0
46.64460492134094,229885,2215188,2219900,2217632,68071,0,711,0
46.66152000427246,229885,2223380,2228092,2225824,68075,0,711,0
46.67839789390564,229885,2231572,2236284,2234016,68080,0,712,0
46.695292949676514,229885,2239764,2246524,2242208,68084,0,712,0
46.71203589439392,229885,2250004,2254716,2252448,68088,0,712,0
46.72876787185669,229885,2258196,2262908,2260640,68093,0,712,0
46.74547505378723,229885,2266388,2271100,2268832,68097,0,712,0
46.76210594177246,229885,2274580,2281340,2277024,68101,0,712,0
46.77863693237305,229885,2284820,2289532,2287264,68105,0,712,0
46.79527306556702,229885,2293012,2297724,2295456,68109,0,713,0
46.81194090843201,229885,2301204,2305916,2303648,68114,0,713,0
46.828898906707764,229885,2311444,2316156,2313888,68118,0,713,0
46.845778942108154,229885,2319636,2324348,2322080,68122,0,713,0
46.86277794837952,229885,2327828,2332540,2330272,68127,0,714,0
46.87957501411438,229885,2336020,2342780,2338464,68131,0,714,0
46.896377086639404,229885,2346260,2350972,2348704,68135,0,714,0
46.91328287124634,229885,2354452,2359164,2356896,68140,0,714,0
46.93017601966858,229885,2362644,2369404,2365088,68144,0,714,0
46.94697189331055,229885,2372884,2377596,2375328,68148,0,714,0
46.96374201774597,229885,2381076,2385788,2383520,68152,0,714,0
46.980464935302734,229885,2389268,2393980,2391712,68157,0,715,0
46.99714398384094,229885,2397460,2404220,2399904,68161,0,715,0
47.01398992538452,229885,2407700,2412412,2410144,68165,0,715,0
47.030988931655884,229885,2415892,2420604,2418336,68169,0,715,0
47.04792308807373,229885,2424084,2428796,2426528,68174,0,716,0
47.06469988822937,229885,2434324,2439036,2436768,68178,0,716,0
47.08163785934448,229885,2442516,2447228,2444960,68182,0,716,0
47.09834694862366,229885,2450708,2455420,2453152,68187,0,716,0
47.115253925323486,229885,2458900,2465660,2461344,68191,0,716,0
47.132139921188354,229885,2469140,2473852,2471584,68195,0,716,0
47.1489999294281,229885,2477332,2482044,2479776,68199,0,716,0
47.16572308540344,229885,2485524,2490236,2487968,68204,0,716,0
47.18359303474426,229885,2495764,2500476,2498208,68208,0,717,0
47.200376987457275,229885,2503956,2508668,2506400,68212,0,717,0
47.2171950340271,229885,2512148,2516860,2514592,68217,0,717,0
47.23392605781555,229885,2522388,2527100,2524832,68221,0,718,0
47.251041889190674,229885,2530580,2535292,2533024,68225,0,718,0
47.26775789260864,229885,2538772,2543484,2541216,68230,0,718,0
47.28470206260681,229885,2546964,2553724,2549408,68234,0,718,0
47.30136299133301,229885,2557204,2561916,2559648,68238,0,718,0
47.3183388710022,229885,2565396,2570108,2567840,68242,0,718,0
47.33528804779053,229885,2573588,2578300,2576032,68247,0,718,0
47.35205698013306,229885,2581780,2588540,2584224,68251,0,718,0
47.36914396286011,229885,2592020,2596732,2594464,68255,0,719,0
47.38580799102783,229885,2600212,2604924,2602656,68259,0,719,0
47.40273189544678,229885,2608404,2613116,2610848,68264,0,719,0
47.41968488693237,229885,2618644,2623356,2621088,68268,0,719,0
47.436383962631226,229885,2626836,2631548,2629280,68272,0,720,0
47.45340299606323,229885,2635028,2639740,2637472,68277,0,720,0
47.47021698951721,229885,2643220,2649980,2645664,68281,0,720,0
47.48693895339966,229885,2653460,2658172,2655904,68285,0,720,0
47.503604888916016,229885,2661652,2666364,2664096,68289,0,720,0
47.52055788040161,229885,2669844,2674556,2672288,68294,0,720,0
47.53731989860535,229885,2678036,2684796,2680480,68298,0,720,0
47.55404496192932,229885,2688276,2692988,2690720,68302,0,721,0
47.57066297531128,229885,2696468,2701180,2698912,68306,0,721,0
47.587262868881226,229885,2704660,2709372,2707104,68311,0,721,0
47.60390090942383,229885,2712852,2719612,2715296,68315,0,721,0
47.62079906463623,229885,2723092,2727804,2725536,68319,0,722,0
47.637670040130615,229885,2725140,2729852,2727584,68321,0,722,0
47.65462899208069,229885,2725140,2729852,2727584,68321,0,722,0
47.67189598083496,229885,2725140,2729852,2727584,68321,0,722,0
47.68866586685181,229885,2725140,2729852,2727584,68321,0,722,0
47.705559968948364,229885,2725140,2729852,2727584,68321,0,722,0
47.72232007980347,229885,2725140,2729852,2727584,68321,0,722,0
47.73920392990112,229885,2725140,2729852,2727584,68321,0,722,0
47.75598692893982,229885,2725140,2729852,2727584,68321,0,722,0
47.77305293083191,229885,2725140,2729852,2727584,68321,0,722,0
47.789474964141846,229885,2725140,2729852,2727584,68321,0,722,0
47.806315898895264,229885,2725140,2729852,2727584,68321,0,722,0
47.82296895980835,229885,2725140,2729852,2727584,68321,0,722,0
47.83946108818054,229885,2725140,2729852,2727584,68321,0,722,0
47.85637307167053,229885,2725140,2729852,2727584,68321,0,722,0
47.873316049575806,229885,2725140,2729852,2727584,68321,0,722,0
47.88997793197632,229885,2725140,2729852,2727584,68321,0,722,0
47.906445026397705,229885,2725140,2729852,2727584,68321,0,722,0
47.92309808731079,229885,2725140,2729852,2727584,68321,0,722,0
47.93952298164368,229885,2725140,2729852,2727584,68321,0,722,0
47.956193923950195,229885,2725140,2729852,2727584,68321,0,722,0
47.97287893295288,229885,2725140,2729852,2727584,68321,0,722,0
47.98937797546387,229885,2725140,2729852,2727584,68321,0,722,0
48.00607895851135,229885,2725140,2729852,2727584,68321,0,722,0
48.02262997627258,229885,2725140,2729852,2727584,68321,0,722,0
48.03937101364136,229885,2725140,2729852,2727584,68321,0,722,0
48.0561408996582,229885,2725140,2729852,2727584,68321,0,722,0
48.072999000549316,229885,2725140,2729852,2727584,68321,0,722,0
48.089694023132324,229885,2725140,2729852,2727584,68321,0,722,0
48.106297969818115,229885,2725140,2729852,2727584,68321,0,722,0
48.12309408187866,229885,2725140,2729852,2727584,68321,0,722,0
48.13956689834595,229885,2725140,2729852,2727584,68321,0,722,0
48.156452894210815,229885,2725140,2729852,2727584,68321,0,722,0
48.17328500747681,229885,2725140,2729852,2727584,68321,0,722,0
48.1896550655365,229885,2725140,2729852,2727584,68321,0,722,0
48.20639204978943,229885,2725140,2729852,2727584,68321,0,722,0
48.22305607795715,229885,2725140,2729852,2727584,68321,0,722,0
48.23980498313904,229885,2725140,2729852,2727584,68321,0,722,0
48.25639986991882,229885,2725140,2729852,2727584,68321,0,722,0
48.27322292327881,229885,2725140,2729852,2727584,68321,0,722,0
48.289937019348145,229885,2725140,2729852,2727584,68321,0,722,0
48.30639100074768,229885,2725140,2729852,2727584,68321,0,722,0
48.323158979415894,229885,2350356,2355068,2352800,68321,0,714,0
48.33958697319031,229885,2350356,2355068,2352800,68321,0,714,0
48.35600209236145,229885,2350356,2355068,2352800,68321,0,714,0
48.37240505218506,229885,2350356,2355068,2352800,68321,0,714,0
48.38892602920532,229885,2350356,2355068,2352800,68321,0,714,0
48.40534591674805,229885,2350356,2355068,2352800,68321,0,714,0
48.421902894973755,229885,2350356,2355068,2352800,68321,0,714,0
48.438374042510986,229885,2350356,2355068,2352800,68321,0,714,0
48.4549560546875,229885,2350356,2355068,2352800,68321,0,714,0
48.472442865371704,229885,2350356,2355068,2352800,68321,0,714,0
48.489290952682495,229885,2350356,2355068,2352800,68321,0,714,0
48.50588893890381,229885,2350356,2355068,2352800,68321,0,714,0
48.522379875183105,229885,2350356,2355068,2352800,68321,0,714,0
48.538933992385864,229885,2350356,2355068,2352800,68321,0,714,0
48.555487871170044,229885,2350356,2355068,2352800,68321,0,714,0
48.572083950042725,229885,2350356,2355068,2352800,68321,0,714,0
48.5884370803833,229885,2350356,2355068,2352800,68321,0,714,0
48.604902029037476,229885,2350356,2355068,2352800,68321,0,714,0
48.62127709388733,229885,2350356,2355068,2352800,68321,0,714,0
48.63749599456787,229885,2350356,2355068,2352800,68321,0,714,0
48.65401005744934,229885,2350356,2355068,2352800,68321,0,714,0
48.67038297653198,229885,2350356,2355068,2352800,68321,0,714,0
48.68714189529419,229885,2350356,2355068,2352800,68321,0,714,0
48.70371198654175,229885,2350356,2355068,2352800,68321,0,714,0
48.72018098831177,229885,2350356,2355068,2352800,68321,0,714,0
48.7365140914917,229885,2350356,2355068,2352800,68321,0,714,0
48.752853870391846,229885,2350356,2355068,2352800,68321,0,714,0
48.769392013549805,229885,2350356,2355068,2352800,68321,0,714,0
48.78571605682373,229885,2350356,2355068,2352800,68321,0,714,0
48.80238103866577,229885,2350356,2355068,2352800,68321,0,714,0
48.81897687911987,229885,2350356,2355068,2352800,68321,0,714,0
48.8354229927063,229885,2350356,2355068,2352800,68321,0,714,0
48.85205793380737,229885,2350356,2355068,2352800,68321,0,714,0
48.86848998069763,229885,2350356,2355068,2352800,68321,0,714,0
48.885031938552856,229885,2350356,2355068,2352800,68321,0,714,0
48.901983976364136,229885,2350356,2355068,2352800,68321,0,714,0
48.91844296455383,229885,2350356,2355068,2352800,68321,0,714,0
48.93506598472595,229885,2350356,2355068,2352800,68321,0,714,0
48.951454877853394,229885,2350356,2355068,2352800,68321,0,714,0
48.96798491477966,229885,2350356,2355068,2352800,68321,0,714,0
48.984663009643555,229885,2350356,2355068,2352800,68321,0,714,0
49.00145888328552,229885,2350356,2355068,2352800,68321,0,714,0
49.01818799972534,229885,2350356,2355068,2352800,68321,0,714,0
49.03474688529968,229885,2350356,2355068,2352800,68321,0,714,0
49.051438093185425,229885,2350356,2355068,2352800,68321,0,714,0
49.06811594963074,229885,2350356,2355068,2352800,68321,0,714,0
49.08439803123474,229885,2350356,2355068,2352800,68321,0,714,0
49.10097694396973,229885,2350356,2355068,2352800,68321,0,714,0
49.117412090301514,229885,2350356,2355068,2352800,68321,0,714,0
49.136406898498535,229885,2350356,2355068,2352800,68321,0,714,0
49.15262508392334,229885,2350356,2355068,2352800,68321,0,714,0
49.16906404495239,229885,2350356,2355068,2352800,68321,0,714,0
49.185391902923584,229885,2350356,2355068,2352800,68321,0,714,0
49.2017080783844,229885,2350356,2355068,2352800,68321,0,714,0
49.21801686286926,229885,2350356,2355068,2352800,68321,0,714,0
49.23437786102295,229885,2350356,2355068,2352800,68321,0,714,0
49.25094294548035,229885,2350356,2355068,2352800,68321,0,714,0
49.267385959625244,229885,2350356,2355068,2352800,68321,0,714,0
49.28346800804138,229885,2350356,2355068,2352800,68321,0,714,0
49.30007886886597,229885,2350356,2355068,2352800,68321,0,714,0
49.31638693809509,229885,2350356,2355068,2352800,68321,0,714,0
49.332520961761475,229885,2350356,2355068,2352800,68321,0,714,0
49.34903693199158,229885,2350356,2355068,2352800,68321,0,714,0
49.36546087265015,229885,2350356,2355068,2352800,68321,0,714,0
49.38170790672302,229885,2350356,2355068,2352800,68321,0,714,0
49.398340940475464,229885,2350356,2355068,2352800,68321,0,714,0
49.4146990776062,229885,2350356,2355068,2352800,68321,0,714,0
49.43093705177307,229885,2350356,2355068,2352800,68321,0,714,0
49.447391986846924,229885,2350356,2355068,2352800,68321,0,714,0
49.46338605880737,229885,2350356,2355068,2352800,68321,0,714,0
49.479464054107666,229885,2350356,2355068,2352800,68321,0,714,0
49.4954719543457,229885,2350356,2355068,2352800,68321,0,714,0
49.512120962142944,229885,2350356,2355068,2352800,68321,0,714,0
49.528496980667114,229885,2350356,2355068,2352800,68321,0,714,0
49.54448699951172,229885,2350356,2355068,2352800,68321,0,714,0
49.561254024505615,229885,2350356,2355068,2352800,68321,0,714,0
49.57784104347229,229885,2350356,2355068,2352800,68321,0,714,0
49.594388008117676,229885,2350356,2355068,2352800,68321,0,714,0
49.6109778881073,229885,2350356,2355068,2352800,68321,0,714,0
49.62741804122925,229885,2350356,2355068,2352800,68321,0,714,0
49.64347696304321,229885,2350356,2355068,2352800,68321,0,714,0
49.660001039505005,229885,2350356,2355068,2352800,68321,0,714,0
49.676411867141724,229885,2350356,2355068,2352800,68321,0,714,0
49.69274306297302,229885,2350356,2355068,2352800,68321,0,714,0
49.7091338634491,229885,2350356,2355068,2352800,68321,0,714,0
49.72535300254822,229885,2350356,2355068,2352800,68321,0,714,0
49.74144792556763,229885,2350356,2355068,2352800,68321,0,714,0
49.7579550743103,229885,2350356,2355068,2352800,68321,0,714,0
49.77437496185303,229885,2350356,2355068,2352800,68321,0,714,0
49.79063105583191,229885,2350356,2355068,2352800,68321,0,714,0
49.80738687515259,229885,2350356,2355068,2352800,68321,0,714,0
49.82490396499634,229885,2350356,2355068,2352800,68321,0,714,0
49.84273290634155,229885,2350356,2355068,2352800,68321,0,714,0
49.86099195480347,229885,2350356,2355068,2352800,68321,0,714,0
49.878676891326904,229885,2350356,2355068,2352800,68321,0,714,0
49.8963508605957,229885,2350356,2355068,2352800,68321,0,714,0
49.91418409347534,229885,2350356,2355068,2352800,68321,0,714,0
49.93165898323059,229885,2350356,2355068,2352800,68321,0,714,0
49.94938087463379,229885,2350356,2355068,2352800,68321,0,714,0
49.96653199195862,229885,2350356,2355068,2352800,68321,0,714,0
49.98370099067688,229885,2350356,2355068,2352800,68321,0,714,0
50.00070786476135,229885,2350356,2355068,2352800,68321,0,714,0
50.01813292503357,229885,2350356,2355068,2352800,68321,0,714,0
50.035139083862305,229885,2350356,2355068,2352800,68321,0,714,0
50.051689863204956,229885,2350356,2355068,2352800,68321,0,714,0
50.06818699836731,229885,2350356,2355068,2352800,68321,0,714,0
50.08485794067383,229885,2350356,2355068,2352800,68321,0,714,0
50.10419201850891,229885,2350356,2355068,2352800,68321,0,714,0
50.121070861816406,229885,2350356,2355068,2352800,68321,0,714,0
50.13797187805176,229885,2350356,2355068,2352800,68321,0,714,0
50.154792070388794,229885,2350356,2355068,2352800,68321,0,714,0
50.171268939971924,229885,2350356,2355068,2352800,68321,0,714,0
50.18770790100098,229885,2350356,2355068,2352800,68321,0,714,0
50.2040319442749,229885,2350356,2355068,2352800,68321,0,714,0
50.22054696083069,229885,2350356,2355068,2352800,68321,0,714,0
50.237354040145874,229885,2350356,2355068,2352800,68321,0,714,0
50.254693031311035,229885,2350356,2355068,2352800,68321,0,714,0
50.272125005722046,229885,2350356,2355068,2352800,68321,0,714,0
50.28955292701721,229885,2350356,2355068,2352800,68321,0,714,0
50.30703091621399,229885,2350356,2355068,2352800,68321,0,714,0
50.324668884277344,229885,2350356,2355068,2352800,68321,0,714,0
50.34232687950134,229885,2350356,2355068,2352800,68321,0,714,0
50.36056900024414,229885,2350356,2355068,2352800,68321,0,714,0
50.37849688529968,229885,2350356,2355068,2352800,68321,0,714,0
50.39642000198364,229885,2350356,2355068,2352800,68321,0,714,0
50.41364002227783,229885,2192660,2197372,2195104,68321,0,711,0
50.4311580657959,229885,1930516,1935228,1932960,68321,0,706,0
50.448214054107666,229885,1930516,1935228,1932960,68321,0,706,0
50.4657928943634,229885,1930516,1935228,1932960,68321,0,706,0
50.483798027038574,229885,1930516,1935228,1932960,68321,0,706,0
50.50078892707825,229885,1930516,1935228,1932960,68321,0,706,0
50.51800203323364,229885,1930516,1935228,1932960,68321,0,706,0
50.53494596481323,229885,1930516,1935228,1932960,68321,0,706,0
50.55172395706177,229885,1930516,1935228,1932960,68321,0,706,0
50.56822109222412,229885,1930516,1935228,1932960,68321,0,706,0
50.58412003517151,229885,1930516,1935228,1932960,68321,0,706,0
50.60040307044983,229885,1930516,1935228,1932960,68321,0,706,0
50.61628794670105,229885,1930516,1935228,1932960,68321,0,706,0
50.63245892524719,229885,1930516,1935228,1932960,68321,0,706,0
50.6487250328064,229885,1930516,1935228,1932960,68321,0,706,0
50.664880990982056,229885,1930516,1935228,1932960,68321,0,706,0
50.68178701400757,229885,1930516,1935228,1932960,68321,0,706,0
50.69937801361084,229885,1930516,1935228,1932960,68321,0,706,0
50.71761202812195,229885,1930564,1935228,1933008,68333,0,706,0
50.735459089279175,229885,1930564,1935228,1933008,68333,0,706,0
50.75362205505371,229885,1930564,1935228,1933008,68333,0,706,0
50.770477056503296,229885,1930564,1935228,1933008,68333,0,706,0
50.786535024642944,229885,1930564,1935228,1933008,68333,0,706,0
50.80247688293457,229885,1930564,1935228,1933008,68333,0,706,0
50.8184540271759,229885,1930564,1935228,1933008,68333,0,706,0
50.834474086761475,229885,1930564,1935228,1933008,68333,0,706,0
50.85039305686951,229885,1930564,1935228,1933008,68333,0,706,0
50.86638689041138,229885,1930564,1935228,1933008,68333,0,706,0
50.88239097595215,229885,1930564,1935228,1933008,68333,0,706,0
50.89897394180298,229885,1930564,1935228,1933008,68333,0,706,0
50.91542291641235,229885,1930564,1935228,1933008,68333,0,706,0
50.931777000427246,229885,1930564,1935228,1933008,68333,0,706,0
50.948386907577515,229885,1930564,1935228,1933008,68333,0,706,0
50.96509909629822,229885,1930564,1935228,1933008,68333,0,706,0
50.98144602775574,229885,1930564,1935228,1933008,68333,0,706,0
50.99772787094116,229885,1930564,1935228,1933008,68333,0,706,0
51.014265060424805,229885,1930564,1935228,1933008,68333,0,706,0
51.03040790557861,229885,1930564,1935228,1933008,68333,0,706,0
51.04649591445923,229885,1930564,1935228,1933008,68333,0,706,0
51.062541007995605,229885,1930564,1935228,1933008,68333,0,706,0
51.079577922821045,229885,1930564,1935228,1933008,68333,0,706,0
51.09850788116455,229885,1930564,1935228,1933008,68333,0,706,0
51.11767792701721,229885,1930564,1935228,1933008,68333,0,706,0
51.13551187515259,229885,1930564,1935228,1933008,68333,0,706,0
51.152064085006714,229885,1930564,1935228,1933008,68333,0,706,0
51.16898989677429,229885,0,0,0,68487,0,0,0
51.18464803695679,229885,0,0,0,68487,0,0,0
51.20036602020264,229885,0,0,0,68487,0,0,0
