elapsed_s,pid,uss,rss,pss,min_flt,maj_flt,oom,oomadj
1.2606711387634277,223698,4252,4380,4384,483,0,666,0
1.275057077407837,223698,10964,11640,11388,973,0,666,0
1.289656162261963,223698,14228,16184,15266,1295,0,666,0
1.304375171661377,223698,15916,18544,17256,1528,0,666,0
1.3187270164489746,223698,17816,20436,19148,1793,0,666,0
1.3330299854278564,223698,51744,56664,54188,4630,0,667,0
1.3482401371002197,223698,63888,70836,66332,7281,0,668,0
1.363457202911377,223698,72192,76924,74636,7877,0,668,0
1.378270149230957,223698,74240,79012,76684,7879,0,668,0
1.393165111541748,223698,74672,79396,77116,7987,0,668,0
1.4084811210632324,223698,75128,79780,77572,8101,0,668,0
1.4234120845794678,223698,75128,79780,77572,8101,0,668,0
1.4384520053863525,223698,66332,71136,68776,8101,0,668,0
1.4531571865081787,223698,66332,71136,68776,8101,0,668,0
1.467872142791748,223698,66332,71136,68776,8101,0,668,0
1.4828710556030273,223698,66564,71264,69008,8159,0,668,0
1.498035192489624,223698,66892,71648,69336,8241,0,668,0
1.5130970478057861,223698,66892,71648,69336,8241,0,668,0
1.5280561447143555,223698,66892,71648,69336,8241,0,668,0
1.542997121810913,223698,66892,71648,69336,8241,0,668,0
1.5579819679260254,223698,66892,71648,69336,8241,0,668,0
1.5730280876159668,223698,66892,71648,69336,8241,0,668,0
1.5880320072174072,223698,66892,71648,69336,8241,0,668,0
1.6030611991882324,223698,66892,71648,69336,8241,0,668,0
1.6180641651153564,223698,66892,71648,69336,8241,0,668,0
1.633120059967041,223698,66892,71648,69336,8241,0,668,0
1.648097038269043,223698,66892,71648,69336,8241,0,668,0
1.663038969039917,223698,66892,71648,69336,8241,0,668,0
1.6780049800872803,223698,66892,71648,69336,8241,0,668,0
1.6932551860809326,223698,66892,71648,69336,8241,0,668,0
1.7083430290222168,223698,66892,71648,69336,8241,0,668,0
1.7233130931854248,223698,66892,71648,69336,8241,0,668,0
1.7382869720458984,223698,68940,73712,71384,8242,0,668,0
1.7531671524047852,223698,68940,73712,71384,8242,0,668,0
1.7682549953460693,223698,68940,73712,71384,8242,0,668,0
1.783149003982544,223698,68940,73712,71384,8242,0,668,0
1.798058032989502,223698,68940,73712,71384,8242,0,668,0
1.812973976135254,223698,68940,73712,71384,8242,0,668,0
1.8280010223388672,223698,68940,73712,71384,8242,0,668,0
1.843034029006958,223698,68940,73712,71384,8242,0,668,0
1.8580000400543213,223698,68940,73712,71384,8242,0,668,0
1.8728511333465576,223698,76740,81504,79184,8659,0,668,0
1.8886141777038574,223698,75004,79776,77448,8659,0,668,0
1.9039690494537354,223698,75004,79776,77448,8659,0,668,0
1.918999195098877,223698,77052,81824,79496,8660,0,668,0
1.9340980052947998,223698,79100,83872,81544,8661,0,668,0
1.9491691589355469,223698,79100,83872,81544,8661,0,668,0
1.964123010635376,223698,79100,83872,81544,8661,0,668,0
1.9791491031646729,223698,81148,85920,83592,8662,0,668,0
1.9942209720611572,223698,81148,85920,83592,8662,0,668,0
2.0090081691741943,223698,81148,85920,83592,8662,0,668,0
2.024010181427002,223698,81148,85920,83592,8662,0,668,0
2.039199113845825,223698,81148,85920,83592,8662,0,668,0
2.0541791915893555,223698,81148,85920,83592,8662,0,668,0
2.069024085998535,223698,81148,85920,83592,8662,0,668,0
2.0840439796447754,223698,81148,85920,83592,8662,0,668,0
2.0992720127105713,223698,81148,85920,83592,8662,0,668,0
2.1142191886901855,223698,81148,85920,83592,8662,0,668,0
2.129251003265381,223698,81148,85920,83592,8662,0,668,0
2.1442031860351562,223698,81148,85920,83592,8662,0,668,0
2.159166097640991,223698,81148,85920,83592,8662,0,668,0
2.1741130352020264,223698,81148,85920,83592,8662,0,668,0
2.189087152481079,223698,83196,87968,85640,8663,0,668,0
2.204219102859497,223698,83196,87968,85640,8663,0,668,0
2.219158172607422,223698,83196,87968,85640,8663,0,668,0
2.2340831756591797,223698,83196,87968,85640,8663,0,668,0
2.2488579750061035,223698,83196,87968,85640,8663,0,668,0
2.2638680934906006,223698,83196,87968,85640,8663,0,668,0
2.27875018119812,223698,83196,87968,85640,8663,0,668,0
2.293713092803955,223698,83196,87968,85640,8663,0,668,0
2.308819055557251,223698,83196,87968,85640,8663,0,668,0
2.3238019943237305,223698,85244,90016,87688,8664,0,668,0
2.3388099670410156,223698,85244,90016,87688,8664,0,668,0
2.3537189960479736,223698,85244,90016,87688,8664,0,668,0
2.368666172027588,223698,85244,90016,87688,8664,0,668,0
2.3835461139678955,223698,85244,90016,87688,8664,0,668,0
2.398372173309326,223698,85244,90016,87688,8664,0,668,0
2.4130680561065674,223698,85244,90016,87688,8664,0,668,0
2.427957057952881,223698,85244,90016,87688,8664,0,668,0
2.4430110454559326,223698,85244,90016,87688,8664,0,668,0
2.4580771923065186,223698,85244,90016,87688,8664,0,668,0
2.4729490280151367,223698,85244,90016,87688,8664,0,668,0
2.487863063812256,223698,85244,90016,87688,8664,0,668,0
2.5027451515197754,223698,85244,90016,87688,8664,0,668,0
2.517810106277466,223698,85244,90016,87688,8664,0,668,0
2.5329501628875732,223698,85244,90016,87688,8664,0,668,0
2.5478460788726807,223698,85244,90016,87688,8664,0,668,0
2.5627729892730713,223698,85244,90016,87688,8664,0,668,0
2.5777499675750732,223698,85244,90016,87688,8664,0,668,0
2.5926780700683594,223698,85244,90016,87688,8664,0,668,0
2.6075119972229004,223698,87292,92064,89736,8665,0,668,0
2.6226329803466797,223698,87292,92064,89736,8665,0,668,0
2.637590169906616,223698,87292,92064,89736,8665,0,668,0
2.652445077896118,223698,87292,92064,89736,8665,0,668,0
2.6673660278320312,223698,87292,92064,89736,8665,0,668,0
2.682309150695801,223698,87292,92064,89736,8665,0,668,0
2.6972270011901855,223698,87292,92064,89736,8665,0,668,0
2.71205997467041,223698,87292,92064,89736,8665,0,668,0
2.727217197418213,223698,89340,94112,91784,8666,0,668,0
2.7424252033233643,223698,89340,94112,91784,8666,0,668,0
2.7573931217193604,223698,89340,94112,91784,8666,0,668,0
2.7724170684814453,223698,89340,94112,91784,8666,0,668,0
2.787342071533203,223698,89340,94112,91784,8666,0,668,0
2.802436113357544,223698,89340,94112,91784,8666,0,668,0
2.8172340393066406,223698,89340,94112,91784,8666,0,668,0
2.8322300910949707,223698,89340,94112,91784,8666,0,668,0
2.847302198410034,223698,89340,94112,91784,8666,0,668,0
2.862200975418091,223698,89340,94112,91784,8666,0,668,0
2.877092123031616,223698,89340,94112,91784,8666,0,668,0
2.8921310901641846,223698,89340,94112,91784,8666,0,668,0
2.9067940711975098,223698,89340,94112,91784,8666,0,668,0
2.9217591285705566,223698,89340,94112,91784,8666,0,668,0
2.9371540546417236,223698,89340,94112,91784,8666,0,668,0
2.952054977416992,223698,89340,94112,91784,8666,0,668,0
2.9667510986328125,223698,89340,94112,91784,8666,0,668,0
2.9816110134124756,223698,89340,94112,91784,8666,0,668,0
2.9966771602630615,223698,89340,94112,91784,8666,0,668,0
3.014104127883911,223698,89340,96160,91784,8666,0,668,0
3.0291659832000732,223698,91388,96160,93832,8667,0,668,0
3.044219970703125,223698,91388,96160,93832,8667,0,668,0
3.059157133102417,223698,91388,96160,93832,8667,0,668,0
3.0741190910339355,223698,91388,96160,93832,8667,0,668,0
3.0890800952911377,223698,91388,96160,93832,8667,0,668,0
3.104079008102417,223698,91388,96160,93832,8667,0,668,0
3.1188910007476807,223698,91388,96160,93832,8667,0,668,0
3.133970022201538,223698,91388,96160,93832,8667,0,668,0
3.149327039718628,223698,93436,98208,95880,8668,0,668,0
3.1645021438598633,223698,93436,98208,95880,8668,0,668,0
3.179543972015381,223698,93436,98208,95880,8668,0,668,0
3.1945409774780273,223698,93436,98208,95880,8668,0,668,0
3.209519147872925,223698,93436,98208,95880,8668,0,668,0
3.2245781421661377,223698,93436,98208,95880,8668,0,668,0
3.2393710613250732,223698,93436,98208,95880,8668,0,668,0
3.2544610500335693,223698,93436,98208,95880,8668,0,668,0
3.269174098968506,223698,93436,98208,95880,8668,0,668,0
3.28439998626709,223698,93436,98208,95880,8668,0,668,0
3.299492120742798,223698,93436,98208,95880,8668,0,668,0
3.314406156539917,223698,93436,98208,95880,8668,0,668,0
3.3292009830474854,223698,93436,98208,95880,8668,0,668,0
3.344123125076294,223698,93436,98208,95880,8668,0,668,0
3.3591721057891846,223698,93436,98208,95880,8668,0,668,0
3.374005079269409,223698,93436,98208,95880,8668,0,668,0
3.388784170150757,223698,93436,98208,95880,8668,0,668,0
3.4036521911621094,223698,93436,98208,95880,8668,0,668,0
3.4186220169067383,223698,93436,98208,95880,8668,0,668,0
3.4335970878601074,223698,93436,98208,95880,8668,0,668,0
3.448575973510742,223698,95484,100256,97928,8669,0,668,0
3.463571071624756,223698,95484,100256,97928,8669,0,668,0
3.4785959720611572,223698,95484,100256,97928,8669,0,668,0
3.493520975112915,223698,95484,100256,97928,8669,0,668,0
3.5084750652313232,223698,95484,100256,97928,8669,0,668,0
3.5234241485595703,223698,95484,100256,97928,8669,0,668,0
3.5383431911468506,223698,95484,100256,97928,8669,0,668,0
3.5537190437316895,223698,95484,100256,97928,8669,0,668,0
3.5684080123901367,223698,95484,100256,97928,8669,0,668,0
3.5834341049194336,223698,95484,100256,97928,8669,0,668,0
3.5982561111450195,223698,95484,100256,97928,8669,0,668,0
3.613201141357422,223698,95484,100256,97928,8669,0,668,0
3.6281089782714844,223698,95484,100256,97928,8669,0,668,0
3.642726182937622,223698,95484,100256,97928,8669,0,668,0
3.6579082012176514,223698,95484,100256,97928,8669,0,668,0
3.6727800369262695,223698,95484,100256,97928,8669,0,668,0
3.687746047973633,223698,95484,100256,97928,8669,0,668,0
3.702890157699585,223698,95484,100256,97928,8669,0,668,0
3.7176601886749268,223698,95484,100256,97928,8669,0,668,0
3.7326090335845947,223698,95484,100256,97928,8669,0,668,0
3.7475521564483643,223698,95484,100256,97928,8669,0,668,0
3.762489080429077,223698,95484,100256,97928,8669,0,668,0
3.777522087097168,223698,95484,100256,97928,8669,0,668,0
3.792504072189331,223698,95484,100256,97928,8669,0,668,0
3.8074581623077393,223698,95484,100256,97928,8669,0,668,0
3.8224451541900635,223698,95484,100256,97928,8669,0,668,0
3.837337017059326,223698,95484,100256,97928,8669,0,668,0
3.8522071838378906,223698,97532,102304,99976,8670,0,668,0
3.867375135421753,223698,97532,102304,99976,8670,0,668,0
3.88264799118042,223698,97532,102304,99976,8670,0,668,0
3.897752046585083,223698,97532,102304,99976,8670,0,668,0
3.9127590656280518,223698,97532,102304,99976,8670,0,668,0
3.927757978439331,223698,97532,102304,99976,8670,0,668,0
3.94279408454895,223698,97532,102304,99976,8670,0,668,0
3.957862138748169,223698,97532,102304,99976,8670,0,668,0
3.9739041328430176,223698,97532,102304,99976,8670,0,668,0
3.9892380237579346,223698,99580,104352,102024,8671,0,668,0
4.004317998886108,223698,99580,104352,102024,8671,0,668,0
4.019347190856934,223698,99580,104352,102024,8671,0,668,0
4.034451007843018,223698,99580,104352,102024,8671,0,668,0
4.04951810836792,223698,99580,104352,102024,8671,0,668,0
4.064592123031616,223698,99580,104352,102024,8671,0,668,0
4.079599142074585,223698,99580,104352,102024,8671,0,668,0
4.094544172286987,223698,99580,104352,102024,8671,0,668,0
4.109493017196655,223698,99580,104352,102024,8671,0,668,0
4.124445199966431,223698,99580,104352,102024,8671,0,668,0
4.139402151107788,223698,99580,104352,102024,8671,0,668,0
4.154476165771484,223698,99580,104352,102024,8671,0,668,0
4.169469118118286,223698,99580,104352,102024,8671,0,668,0
4.184760093688965,223698,99580,104352,102024,8671,0,668,0
4.199716091156006,223698,99580,104352,102024,8671,0,668,0
4.214653968811035,223698,99580,104352,102024,8671,0,668,0
4.2297351360321045,223698,99580,104352,102024,8671,0,668,0
4.244707107543945,223698,99580,104352,102024,8671,0,668,0
4.259627103805542,223698,99580,104352,102024,8671,0,668,0
4.274616003036499,223698,99580,104352,102024,8671,0,668,0
4.2909440994262695,223698,101628,106400,104072,8672,0,668,0
4.307500123977661,223698,101628,106400,104072,8672,0,668,0
4.323682069778442,223698,101628,106400,104072,8672,0,668,0
4.339775085449219,223698,101628,106400,104072,8672,0,668,0
4.355952978134155,223698,101628,106400,104072,8672,0,668,0
4.371051073074341,223698,101628,106400,104072,8672,0,668,0
4.386380195617676,223698,101628,106400,104072,8672,0,668,0
4.4012131690979,223698,101628,108448,104072,8672,0,668,0
4.416159152984619,223698,103676,108448,106120,8673,0,668,0
4.431087017059326,223698,103676,108448,106120,8673,0,668,0
4.445979118347168,223698,103676,108448,106120,8673,0,668,0
4.460820198059082,223698,103676,108448,106120,8673,0,668,0
4.475715160369873,223698,103676,108448,106120,8673,0,668,0
4.49051308631897,223698,107772,112544,110216,8673,0,668,0
4.505488157272339,223698,107772,112544,110216,8675,0,668,0
4.520449161529541,223698,107772,112544,110216,8675,0,668,0
4.53536319732666,223698,107772,112544,110216,8675,0,668,0
4.550445079803467,223698,107772,112544,110216,8675,0,668,0
4.5653581619262695,223698,107772,112544,110216,8675,0,668,0
4.580223083496094,223698,107772,112544,110216,8675,0,668,0
4.594382047653198,223698,107772,112544,110216,8675,0,668,0
4.609338045120239,223698,107772,112544,110216,8675,0,668,0
4.624287128448486,223698,107772,112544,110216,8675,0,668,0
4.639193058013916,223698,107772,112544,110216,8675,0,668,0
4.654103994369507,223698,107772,112544,110216,8675,0,668,0
4.669118165969849,223698,107772,112544,110216,8675,0,668,0
4.684161186218262,223698,107772,112544,110216,8675,0,668,0
4.699145078659058,223698,107772,112544,110216,8675,0,668,0
4.714087009429932,223698,107772,112544,110216,8675,0,668,0
4.729130029678345,223698,107772,112544,110216,8675,0,668,0
4.744117021560669,223698,107772,112544,110216,8675,0,668,0
4.758970022201538,223698,107772,112544,110216,8675,0,668,0
4.773936986923218,223698,107772,112544,110216,8675,0,668,0
4.789095163345337,223698,107772,112544,110216,8675,0,668,0
4.804409980773926,223698,107772,112544,110216,8675,0,668,0
4.819388151168823,223698,109820,114592,112264,8676,0,668,0
4.83439302444458,223698,109820,114592,112264,8676,0,668,0
4.849372148513794,223698,109820,114592,112264,8676,0,668,0
4.8640830516815186,223698,109820,114592,112264,8676,0,668,0
4.878803014755249,223698,109820,114592,112264,8676,0,668,0
4.893809080123901,223698,111868,116640,114312,8677,0,668,0
4.908876180648804,223698,111868,116640,114312,8677,0,668,0
4.923864126205444,223698,111868,116640,114312,8677,0,668,0
4.938728094100952,223698,111868,116640,114312,8677,0,668,0
4.954131126403809,223698,111868,116640,114312,8677,0,668,0
4.969150066375732,223698,111868,116640,114312,8677,0,668,0
4.983992099761963,223698,111868,116640,114312,8677,0,668,0
4.998987197875977,223698,111868,116640,114312,8677,0,668,0
5.013785123825073,223698,111868,116640,114312,8677,0,668,0
5.0290491580963135,223698,111868,116640,114312,8677,0,668,0
5.044255971908569,223698,111868,116640,114312,8677,0,668,0
5.059350967407227,223698,111868,116640,114312,8677,0,668,0
5.074167966842651,223698,111868,116640,114312,8677,0,668,0
5.089146137237549,223698,111868,116640,114312,8677,0,668,0
5.104140996932983,223698,111868,116640,114312,8677,0,668,0
5.119086027145386,223698,111868,116640,114312,8677,0,668,0
5.134044170379639,223698,111868,116640,114312,8677,0,668,0
5.148910999298096,223698,111868,116640,114312,8677,0,668,0
5.163782119750977,223698,111868,116640,114312,8677,0,668,0
5.1788129806518555,223698,111868,116640,114312,8677,0,668,0
5.193778038024902,223698,111868,116640,114312,8677,0,668,0
5.208548069000244,223698,111868,116640,114312,8677,0,668,0
5.223314046859741,223698,111868,116640,114312,8677,0,668,0
5.238124132156372,223698,113916,118688,116360,8678,0,668,0
5.25318717956543,223698,113916,118688,116360,8678,0,668,0
5.268136024475098,223698,113916,118688,116360,8678,0,668,0
5.283096075057983,223698,113916,118688,116360,8678,0,668,0
5.298025131225586,223698,113916,118688,116360,8678,0,668,0
5.312885999679565,223698,115964,120736,118408,8679,0,668,0
5.327629089355469,223698,115964,120736,118408,8679,0,668,0
5.342658042907715,223698,115964,120736,118408,8679,0,668,0
5.3575520515441895,223698,115964,120736,118408,8679,0,668,0
5.3723931312561035,223698,115964,120736,118408,8679,0,668,0
5.387350082397461,223698,115964,120736,118408,8679,0,668,0
5.402388095855713,223698,115964,120736,118408,8679,0,668,0
5.417325973510742,223698,115964,120736,118408,8679,0,668,0
5.4324891567230225,223698,115964,120736,118408,8679,0,668,0
5.447421073913574,223698,115964,120736,118408,8679,0,668,0
5.462377071380615,223698,115964,120736,118408,8679,0,668,0
5.47731614112854,223698,115964,120736,118408,8679,0,668,0
5.492125988006592,223698,115964,120736,118408,8679,0,668,0
5.50710916519165,223698,115964,120736,118408,8679,0,668,0
5.522096157073975,223698,115964,120736,118408,8679,0,668,0
5.537139177322388,223698,115964,120736,118408,8679,0,668,0
5.55211615562439,223698,115964,120736,118408,8679,0,668,0
5.566964149475098,223698,115964,120736,118408,8679,0,668,0
5.581751108169556,223698,115964,120736,118408,8679,0,668,0
5.596508979797363,223698,115964,120736,118408,8679,0,668,0
5.611558198928833,223698,115964,120736,118408,8679,0,668,0
5.626303195953369,223698,115964,120736,118408,8679,0,668,0
5.641597032546997,223698,118012,122784,120456,8679,0,668,0
5.656481981277466,223698,118012,122784,120456,8680,0,668,0
5.671528100967407,223698,118012,122784,120456,8680,0,668,0
5.6864800453186035,223698,118012,122784,120456,8680,0,668,0
5.701454162597656,223698,118012,122784,120456,8680,0,668,0
5.71625018119812,223698,118012,122784,120456,8680,0,668,0
5.731388092041016,223698,120060,124832,122504,8681,0,668,0
5.746412038803101,223698,120060,124832,122504,8681,0,668,0
5.761365175247192,223698,120060,124832,122504,8681,0,668,0
5.776360034942627,223698,120060,124832,122504,8681,0,668,0
5.791455984115601,223698,120060,124832,122504,8681,0,668,0
5.8064820766448975,223698,120060,124832,122504,8681,0,668,0
5.821515083312988,223698,120060,124832,122504,8681,0,668,0
5.836539030075073,223698,120060,124832,122504,8681,0,668,0
5.8517351150512695,223698,120060,124832,122504,8681,0,668,0
5.866649150848389,223698,120060,124832,122504,8681,0,668,0
5.8816070556640625,223698,120060,124832,122504,8681,0,668,0
5.896514177322388,223698,120060,124832,122504,8681,0,668,0
5.911488056182861,223698,120060,124832,122504,8681,0,668,0
5.926791191101074,223698,120060,124832,122504,8681,0,668,0
5.941814184188843,223698,120060,124832,122504,8681,0,668,0
5.9568140506744385,223698,120060,124832,122504,8681,0,668,0
5.971912145614624,223698,120060,124832,122504,8681,0,668,0
5.986850023269653,223698,120060,124832,122504,8681,0,668,0
6.001700162887573,223698,120060,124832,122504,8681,0,668,0
6.016596078872681,223698,120060,124832,122504,8681,0,668,0
6.0314040184021,223698,120060,124832,122504,8681,0,668,0
6.046135187149048,223698,120060,124832,122504,8681,0,668,0
6.06116509437561,223698,122108,126880,124552,8682,0,668,0
6.076156139373779,223698,122108,126880,124552,8682,0,668,0
6.091183185577393,223698,122108,126880,124552,8682,0,668,0
6.106136083602905,223698,122108,126880,124552,8682,0,668,0
6.121157169342041,223698,122108,126880,124552,8682,0,668,0
6.136053085327148,223698,122108,126880,124552,8682,0,668,0
6.151044130325317,223698,124156,128928,126600,8683,0,668,0
6.166166067123413,223698,124156,128928,126600,8683,0,668,0
6.181159973144531,223698,124156,128928,126600,8683,0,668,0
6.196163177490234,223698,124156,128928,126600,8683,0,668,0
6.211101055145264,223698,124156,128928,126600,8683,0,668,0
6.2259361743927,223698,124156,128928,126600,8683,0,668,0
6.2406370639801025,223698,124156,128928,126600,8683,0,668,0
6.255635023117065,223698,124156,128928,126600,8683,0,668,0
6.271156072616577,223698,124156,128928,126600,8683,0,668,0
6.286043167114258,223698,124156,128928,126600,8683,0,668,0
6.301017999649048,223698,124156,128928,126600,8683,0,668,0
6.31591010093689,223698,124156,128928,126600,8683,0,668,0
6.331943988800049,223698,124156,128928,126600,8683,0,668,0
6.360465049743652,223698,124156,128928,126600,8683,0,668,0
6.3891730308532715,223698,124156,128928,126600,8683,0,668,0
6.412413120269775,223698,124156,128928,126600,8683,0,668,0
6.430116176605225,223698,124156,128928,126600,8683,0,668,0
6.445039987564087,223698,124156,128928,126600,8683,0,668,0
6.46005916595459,223698,124156,128928,126600,8683,0,668,0
6.475500106811523,223698,124156,128928,126600,8683,0,668,0
6.490488052368164,223698,124156,128928,126600,8683,0,668,0
6.505231142044067,223698,124156,128928,126600,8683,0,668,0
6.520087003707886,223698,124156,128928,126600,8683,0,668,0
6.535051107406616,223698,124156,128928,126600,8683,0,668,0
6.550067186355591,223698,126204,130976,128648,8684,0,669,0
6.56503701210022,223698,126204,130976,128648,8684,0,669,0
6.579761028289795,223698,126204,130976,128648,8684,0,669,0
6.5944671630859375,223698,126204,130976,128648,8684,0,669,0
6.609138011932373,223698,126204,130976,128648,8684,0,669,0
6.623999118804932,223698,126204,130976,128648,8684,0,669,0
6.63866400718689,223698,126204,130976,128648,8684,0,669,0
6.6533119678497314,223698,126204,130976,128648,8684,0,669,0
6.668091058731079,223698,126204,130976,128648,8684,0,669,0
6.682785987854004,223698,126204,130976,128648,8684,0,669,0
6.69749903678894,223698,126204,130976,128648,8684,0,669,0
6.712130069732666,223698,126204,130976,128648,8684,0,669,0
6.7268571853637695,223698,126204,130976,128648,8684,0,669,0
6.741648197174072,223698,126204,130976,128648,8684,0,669,0
6.756385087966919,223698,126204,130976,128648,8684,0,669,0
6.7710981369018555,223698,126204,130976,128648,8684,0,669,0
6.785887002944946,223698,126204,130976,128648,8684,0,669,0
6.80078911781311,223698,126204,130976,128648,8684,0,669,0
6.815735101699829,223698,126204,130976,128648,8684,0,669,0
6.830954074859619,223698,127468,132128,129912,9000,0,669,0
6.846233129501343,223698,143852,150672,146296,9014,0,669,0
6.861742973327637,223698,184812,189584,187256,9048,0,670,0
6.8777220249176025,223698,193004,199824,195448,9053,0,670,0
6.893668174743652,223698,200132,204904,202576,9057,0,670,0
6.909244060516357,223698,210372,215144,212816,9062,0,670,0
6.924734115600586,223698,220612,225384,223056,9067,0,670,0
6.940071105957031,223698,230852,235624,233296,9072,0,671,0
6.95545506477356,223698,241092,245864,243536,9077,0,671,0
6.972042083740234,223698,241092,245864,243536,9077,0,671,0
6.987624168395996,223698,343492,356456,345936,9126,0,673,0
7.004441976547241,223698,392644,397416,395088,9151,0,674,0
7.021350145339966,223698,406980,411752,409424,9158,0,674,0
7.037184000015259,223698,411076,415848,413520,9160,0,674,0
7.052483081817627,223698,411076,415848,413520,9160,0,674,0
7.067582130432129,223698,411076,415848,413520,9160,0,674,0
7.082643985748291,223698,411076,415848,413520,9160,0,674,0
7.097942113876343,223698,417220,421992,419664,9163,0,674,0
7.113343000411987,223698,417220,421992,419664,9163,0,674,0
7.1281960010528564,223698,417564,422248,420008,9249,0,674,0
7.1434900760650635,223698,423952,428776,426396,10815,0,675,0
7.159964084625244,223698,429256,434028,431700,11661,0,675,0
7.175462007522583,223698,423212,427984,425656,11663,0,675,0
7.191017150878906,223698,431404,436176,433848,11667,0,675,0
7.206752061843872,223698,431404,436176,433848,11667,0,675,0
7.2222371101379395,223698,433452,438224,435896,11668,0,675,0
7.23769211769104,223698,439596,444368,442040,11671,0,675,0
7.2532501220703125,223698,447788,452560,450232,11675,0,675,0
7.269028186798096,223698,453932,458704,456376,11678,0,676,0
7.284602165222168,223698,453932,458704,456376,11678,0,676,0
7.300116062164307,223698,453932,458704,456376,11678,0,676,0
7.315164089202881,223698,453932,458704,456376,11678,0,676,0
7.330082178115845,223698,453932,458704,456376,11678,0,676,0
7.344743967056274,223698,453932,458704,456376,11678,0,676,0
7.359507083892822,223698,453932,458704,456376,11678,0,676,0
7.374197006225586,223698,453932,458704,456376,11678,0,676,0
7.3890721797943115,223698,453932,458704,456376,11678,0,676,0
7.404026985168457,223698,453932,458704,456376,11678,0,676,0
7.4192399978637695,223698,453932,458704,456376,11678,0,676,0
7.434412002563477,223698,453932,458704,456376,11678,0,676,0
7.449685096740723,223698,453932,458704,456376,11678,0,676,0
7.4647300243377686,223698,453932,458704,456376,11678,0,676,0
7.479502201080322,223698,455980,460752,458424,11679,0,676,0
7.494747161865234,223698,458028,462800,460472,11680,0,676,0
7.51007604598999,223698,458028,462800,460472,11680,0,676,0
7.5251100063323975,223698,462308,467080,464752,11728,0,676,0
7.540173053741455,223698,462308,467080,464752,11728,0,676,0
7.555415153503418,223698,464356,469128,466800,11729,0,676,0
7.570580005645752,223698,464524,469256,466968,11771,0,676,0
7.5858070850372314,223698,464524,469256,466968,11771,0,676,0
7.600896120071411,223698,464524,469256,466968,11771,0,676,0
7.615725994110107,223698,464524,469256,466968,11771,0,676,0
7.6307079792022705,223698,464308,469104,466752,11771,0,676,0
7.645639181137085,223698,464308,469104,466752,11771,0,676,0
7.660627126693726,223698,464308,469104,466752,11771,0,676,0
7.675255060195923,223698,464308,469104,466752,11771,0,676,0
7.690136194229126,223698,464308,469104,466752,11771,0,676,0
7.705069065093994,223698,464308,469104,466752,11771,0,676,0
7.72022819519043,223698,464308,469104,466752,11771,0,676,0
7.735014200210571,223698,464308,469104,466752,11771,0,676,0
7.750205039978027,223698,464372,469104,466816,11787,0,676,0
7.765233993530273,223698,464372,469104,466816,11787,0,676,0
7.7804200649261475,223698,464372,469104,466816,11787,0,676,0
7.795535087585449,223698,466420,471192,468864,11788,0,676,0
7.8107311725616455,223698,466420,471192,468864,11788,0,676,0
7.826024055480957,223698,466420,471192,468864,11788,0,676,0
7.841031074523926,223698,466420,471192,468864,11788,0,676,0
7.856136083602905,223698,466420,471192,468864,11788,0,676,0
7.871633052825928,223698,466420,471192,468864,11788,0,676,0
7.8868021965026855,223698,466420,471192,468864,11788,0,676,0
7.902013063430786,223698,466484,471192,468928,11804,0,676,0
7.917268991470337,223698,466484,471192,468928,11804,0,676,0
7.937997102737427,223698,466484,471192,468928,11804,0,676,0
7.961774110794067,223698,466484,471192,468928,11804,0,676,0
7.9911789894104,223698,466484,471192,468928,11804,0,676,0
8.02646803855896,223698,466484,471192,468928,11804,0,676,0
8.068570137023926,223698,466484,471192,468928,11804,0,676,0
8.1039559841156,223698,466484,471192,468928,11804,0,676,0
8.148101091384888,223698,466484,471192,468928,11804,0,676,0
8.171036005020142,223698,466484,471192,468928,11804,0,676,0
8.189654111862183,223698,466484,471192,468928,11804,0,676,0
8.221075057983398,223698,466484,471192,468928,11804,0,676,0
8.251885175704956,223698,466484,471192,468928,11804,0,676,0
8.279930114746094,223698,466484,471192,468928,11804,0,676,0
8.305108070373535,223698,466484,471192,468928,11804,0,676,0
8.332578182220459,223698,466484,471192,468928,11804,0,676,0
8.357280969619751,223698,466484,471192,468928,11804,0,676,0
8.38055419921875,223698,466484,471192,468928,11804,0,676,0
8.412153005599976,223698,466484,471192,468928,11804,0,676,0
8.441306114196777,223698,466484,471192,468928,11804,0,676,0
8.472026109695435,223698,466484,471192,468928,11804,0,676,0
8.489978075027466,223698,466484,471192,468928,11804,0,676,0
8.507570028305054,223698,466484,471192,468928,11804,0,676,0
8.524680137634277,223698,466484,471192,468928,11804,0,676,0
8.539992094039917,223698,466484,471192,468928,11804,0,676,0
8.555479049682617,223698,466484,471192,468928,11804,0,676,0
8.570542097091675,223698,466484,471192,468928,11804,0,676,0
8.585711002349854,223698,466484,471192,468928,11804,0,676,0
8.600744009017944,223698,466484,471192,468928,11804,0,676,0
8.623849153518677,223698,466484,471192,468928,11804,0,676,0
8.649193048477173,223698,466484,471192,468928,11804,0,676,0
8.675680160522461,223698,466484,471192,468928,11804,0,676,0
8.71059513092041,223698,466484,471192,468928,11804,0,676,0
8.74111819267273,223698,466484,471192,468928,11804,0,676,0
8.764700174331665,223698,466484,471192,468928,11804,0,676,0
8.78898000717163,223698,466484,471192,468928,11804,0,676,0
8.823203086853027,223698,466484,471192,468928,11804,0,676,0
8.848035097122192,223698,466484,471192,468928,11804,0,676,0
8.872037172317505,223698,466484,471192,468928,11804,0,676,0
8.887924194335938,223698,466484,471192,468928,11804,0,676,0
8.903181076049805,223698,466484,471192,468928,11804,0,676,0
8.918196201324463,223698,466484,471192,468928,11804,0,676,0
8.933308124542236,223698,466484,471192,468928,11804,0,676,0
8.948660135269165,223698,466484,471192,468928,11804,0,676,0
8.96431303024292,223698,466484,471192,468928,11804,0,676,0
8.979598045349121,223698,470580,475352,473024,11806,0,676,0
8.9950110912323,223698,470580,475352,473024,11806,0,676,0
9.010033130645752,223698,472628,477400,475072,11807,0,676,0
9.025245189666748,223698,472628,477400,475072,11807,0,676,0
9.040287971496582,223698,472628,477400,475072,11807,0,676,0
9.055422067642212,223698,472628,477400,475072,11807,0,676,0
9.070482969284058,223698,472628,477400,475072,11807,0,676,0
9.08575701713562,223698,472628,477400,475072,11807,0,676,0
9.10106110572815,223698,472628,477400,475072,11807,0,676,0
9.116250038146973,223698,472628,477400,475072,11807,0,676,0
9.131441116333008,223698,472628,477400,475072,11807,0,676,0
9.14664101600647,223698,472756,477528,475200,11839,0,676,0
9.161888122558594,223698,472824,477528,475268,11856,0,676,0
9.177633047103882,223698,472828,477528,475272,11857,0,676,0
9.193215131759644,223698,472828,477528,475272,11857,0,676,0
9.20865797996521,223698,472832,477528,475276,11858,0,676,0
9.224079132080078,223698,472832,477528,475276,11858,0,676,0
9.23927116394043,223698,472836,477528,475280,11859,0,676,0
9.254639148712158,223698,472836,477528,475280,11859,0,676,0
9.26975703239441,223698,472836,477528,475280,11859,0,676,0
9.285045146942139,223698,472836,477528,475280,11859,0,676,0
9.300187110900879,223698,472836,477528,475280,11859,0,676,0
9.315485000610352,223698,472836,477528,475280,11859,0,676,0
9.330610036849976,223698,472836,477528,475280,11859,0,676,0
9.345714092254639,223698,472900,477656,475344,11875,0,676,0
9.360944986343384,223698,472900,477656,475344,11875,0,676,0
9.376144170761108,223698,472900,477656,475344,11875,0,676,0
9.391486167907715,223698,472900,477656,475344,11875,0,676,0
9.406738042831421,223698,472900,477656,475344,11875,0,676,0
9.421987056732178,223698,472900,477656,475344,11875,0,676,0
9.43715214729309,223698,472900,477656,475344,11875,0,676,0
9.45219612121582,223698,472900,477656,475344,11875,0,676,0
9.467233180999756,223698,472900,477656,475344,11875,0,676,0
9.482316017150879,223698,472900,477656,475344,11875,0,676,0
9.497512102127075,223698,472900,477656,475344,11875,0,676,0
9.512968063354492,223698,472900,477656,475344,11875,0,676,0
9.52845811843872,223698,472900,477656,475344,11875,0,676,0
9.543661117553711,223698,474948,479720,477392,11876,0,676,0
9.559105157852173,223698,474948,479720,477392,11876,0,676,0
9.574352025985718,223698,403268,408040,405712,11876,0,674,0
9.59000015258789,223698,409412,414184,411856,11879,0,674,0
9.60563611984253,223698,409412,414184,411856,11879,0,674,0
9.620954036712646,223698,411460,416232,413904,11880,0,674,0
9.636275053024292,223698,419652,424424,422096,11884,0,674,0
9.65163516998291,223698,419652,424424,422096,11884,0,674,0
9.666769981384277,223698,419652,424424,422096,11884,0,674,0
9.681714057922363,223698,419652,424424,422096,11884,0,674,0
9.696638107299805,223698,419652,424424,422096,11884,0,674,0
9.711547136306763,223698,419652,424424,422096,11884,0,674,0
9.726580142974854,223698,419652,424424,422096,11884,0,674,0
9.74167013168335,223698,419652,424424,422096,11884,0,674,0
9.756705045700073,223698,419652,424424,422096,11884,0,674,0
9.772051095962524,223698,419652,424424,422096,11884,0,674,0
9.787317991256714,223698,419652,424424,422096,11884,0,674,0
9.80304217338562,223698,419652,424424,422096,11884,0,674,0
9.820733070373535,223698,419652,424424,422096,11884,0,674,0
9.835998058319092,223698,419652,424424,422096,11884,0,674,0
9.851194143295288,223698,419652,424424,422096,11884,0,674,0
9.866306066513062,223698,419652,424424,422096,11884,0,674,0
9.88128113746643,223698,419652,424424,422096,11884,0,674,0
9.8962721824646,223698,419652,424424,422096,11884,0,674,0
9.911274194717407,223698,419652,424424,422096,11884,0,674,0
9.926279067993164,223698,419652,424424,422096,11884,0,674,0
9.94119119644165,223698,419652,424424,422096,11884,0,674,0
9.956202030181885,223698,419652,424424,422096,11884,0,674,0
9.971168994903564,223698,419652,424424,422096,11884,0,674,0
9.986144065856934,223698,419652,424424,422096,11884,0,674,0
10.001238107681274,223698,419652,424424,422096,11884,0,674,0
10.016554117202759,223698,419652,424424,422096,11884,0,674,0
10.031737089157104,223698,419652,424424,422096,11884,0,674,0
10.047139167785645,223698,419652,424424,422096,11884,0,674,0
10.0624361038208,223698,419652,424424,422096,11884,0,674,0
10.07774019241333,223698,419652,424424,422096,11884,0,674,0
10.09305214881897,223698,419652,424424,422096,11884,0,674,0
10.108482122421265,223698,419652,424424,422096,11884,0,674,0
10.123915195465088,223698,419652,424424,422096,11884,0,674,0
10.139266967773438,223698,419652,424424,422096,11884,0,674,0
10.154677152633667,223698,419652,424424,422096,11884,0,674,0
10.170162200927734,223698,419652,424424,422096,11884,0,674,0
10.185418128967285,223698,423748,428520,426192,11886,0,675,0
10.200868129730225,223698,425796,430568,428240,11887,0,675,0
10.216500997543335,223698,427844,432616,430288,11888,0,675,0
10.232059001922607,223698,427844,432616,430288,11888,0,675,0
10.24747920036316,223698,429892,434664,432336,11889,0,675,0
10.262948989868164,223698,429892,434664,432336,11889,0,675,0
10.27827000617981,223698,429892,434664,432336,11889,0,675,0
10.293668985366821,223698,429892,434664,432336,11889,0,675,0
10.309041023254395,223698,429892,434664,432336,11889,0,675,0
10.324287176132202,223698,429892,434664,432336,11889,0,675,0
10.339663982391357,223698,429892,434664,432336,11889,0,675,0
10.35506796836853,223698,436036,440808,438480,11892,0,675,0
10.370679140090942,223698,438084,442856,440528,11893,0,675,0
10.386072158813477,223698,440132,444904,442576,11894,0,675,0
10.401494026184082,223698,440132,444904,442576,11894,0,675,0
10.416778087615967,223698,442180,446952,444624,11895,0,675,0
10.432603120803833,223698,442180,446952,444624,11895,0,675,0
10.448076009750366,223698,442244,446952,444688,11911,0,675,0
10.463457107543945,223698,442244,446952,444688,11911,0,675,0
10.479008197784424,223698,442244,446952,444688,11911,0,675,0
10.49450397491455,223698,442308,447080,444752,11911,0,675,0
10.509845972061157,223698,442308,447080,444752,11927,0,675,0
10.525336027145386,223698,442308,447080,444752,11927,0,675,0
10.540743112564087,223698,442308,447080,444752,11927,0,675,0
10.55617904663086,223698,442308,447080,444752,11927,0,675,0
10.571550130844116,223698,442308,447080,444752,11927,0,675,0
10.587002992630005,223698,442308,447080,444752,11927,0,675,0
10.602339029312134,223698,442308,447080,444752,11927,0,675,0
10.617869138717651,223698,442308,447080,444752,11927,0,675,0
10.6336350440979,223698,442308,447080,444752,11927,0,675,0
10.649237155914307,223698,442308,447080,444752,11927,0,675,0
10.664668083190918,223698,442308,447080,444752,11927,0,675,0
10.680150985717773,223698,442308,447080,444752,11927,0,675,0
10.695650100708008,223698,442308,447080,444752,11927,0,675,0
10.711029052734375,223698,442308,447080,444752,11927,0,675,0
10.726325988769531,223698,442308,447080,444752,11927,0,675,0
10.741595029830933,223698,442308,449128,444752,11927,0,675,0
10.75709319114685,223698,444356,449128,446800,11928,0,675,0
10.77245306968689,223698,444356,449128,446800,11928,0,675,0
10.789735078811646,223698,444356,449128,446800,11928,0,675,0
10.80522608757019,223698,452548,457320,454992,11932,0,675,0
10.820686101913452,223698,452548,457320,454992,11932,0,675,0
10.836295127868652,223698,452548,457320,454992,11932,0,675,0
10.851761102676392,223698,452548,457320,454992,11932,0,675,0
10.86707615852356,223698,452548,457320,454992,11932,0,675,0
10.882577180862427,223698,452548,457320,454992,11932,0,675,0
10.898059129714966,223698,452548,457320,454992,11932,0,675,0
10.913563013076782,223698,452548,457320,454992,11932,0,675,0
10.929139137268066,223698,454596,459368,457040,11933,0,676,0
10.944539070129395,223698,454596,459368,457040,11933,0,676,0
10.95993709564209,223698,454596,459368,457040,11933,0,676,0
10.975280046463013,223698,454596,459368,457040,11933,0,676,0
10.99068808555603,223698,454596,459368,457040,11933,0,676,0
11.00609803199768,223698,454596,459368,457040,11933,0,676,0
11.02137303352356,223698,454596,459368,457040,11933,0,676,0
11.036813020706177,223698,454596,459368,457040,11933,0,676,0
11.052621126174927,223698,454596,459368,457040,11933,0,676,0
11.068073987960815,223698,454596,459368,457040,11933,0,676,0
11.083468198776245,223698,458692,463464,461136,11935,0,676,0
11.098765134811401,223698,458692,463464,461136,11935,0,676,0
11.11423397064209,223698,458692,463464,461136,11935,0,676,0
11.129659175872803,223698,458692,463464,461136,11935,0,676,0
11.144958972930908,223698,458692,463464,461136,11935,0,676,0
11.160237073898315,223698,458692,463464,461136,11935,0,676,0
11.175589084625244,223698,458692,463464,461136,11935,0,676,0
11.191078186035156,223698,458692,463464,461136,11935,0,676,0
11.206343173980713,223698,460740,465512,463184,11936,0,676,0
11.221731185913086,223698,462788,467560,465232,11937,0,676,0
11.237192153930664,223698,462788,467560,465232,11937,0,676,0
11.252609014511108,223698,462788,467560,465232,11937,0,676,0
11.268050193786621,223698,462788,467560,465232,11937,0,676,0
11.28360915184021,223698,464836,469608,467280,11938,0,676,0
11.299206972122192,223698,464836,469608,467280,11938,0,676,0
11.314731121063232,223698,464836,469608,467280,11938,0,676,0
11.330231189727783,223698,464836,469608,467280,11938,0,676,0
11.345980167388916,223698,464836,469608,467280,11938,0,676,0
11.361639022827148,223698,464836,469608,467280,11938,0,676,0
11.37715220451355,223698,464836,469608,467280,11938,0,676,0
11.392705202102661,223698,464836,469608,467280,11938,0,676,0
11.408176183700562,223698,464836,469608,467280,11938,0,676,0
11.423696994781494,223698,464836,469608,467280,11938,0,676,0
11.439535140991211,223698,464836,469608,467280,11938,0,676,0
11.455490112304688,223698,464836,469608,467280,11938,0,676,0
11.471604108810425,223698,464836,469608,467280,11938,0,676,0
11.48725700378418,223698,464836,469608,467280,11938,0,676,0
11.502729177474976,223698,464836,469608,467280,11938,0,676,0
11.518117189407349,223698,464836,469608,467280,11938,0,676,0
11.533320188522339,223698,464836,469608,467280,11938,0,676,0
11.54848313331604,223698,464836,469608,467280,11938,0,676,0
11.563691139221191,223698,466884,471656,469328,11939,0,676,0
11.578845977783203,223698,466884,471656,469328,11939,0,676,0
11.593995094299316,223698,468932,473704,471376,11940,0,676,0
11.609170198440552,223698,468932,473704,471376,11940,0,676,0
11.62420105934143,223698,468932,473704,471376,11940,0,676,0
11.639242172241211,223698,468932,473704,471376,11940,0,676,0
11.654401063919067,223698,468932,473704,471376,11940,0,676,0
11.6698579788208,223698,468932,473704,471376,11940,0,676,0
11.685124158859253,223698,470980,475752,473424,11941,0,676,0
11.700191974639893,223698,473196,477928,475640,11943,0,676,0
11.715296983718872,223698,473196,477928,475640,11984,0,676,0
11.73023509979248,223698,473196,477928,475640,11984,0,676,0
11.745302200317383,223698,473196,477928,475640,11984,0,676,0
11.761017084121704,223698,473196,477928,475640,11984,0,676,0
11.776051044464111,223698,475244,480016,477688,11985,0,676,0
11.791244983673096,223698,479340,484112,481784,11987,0,676,0
11.806276082992554,223698,479340,484112,481784,11987,0,676,0
11.821217060089111,223698,479168,483972,481612,11987,0,676,0
11.836178064346313,223698,479336,484100,481780,12029,0,676,0
11.851562976837158,223698,479336,484100,481780,12029,0,676,0
11.866674184799194,223698,479336,484100,481780,12029,0,676,0
11.881802082061768,223698,479336,484100,481780,12029,0,676,0
11.897065162658691,223698,479336,484100,481780,12029,0,676,0
11.912204027175903,223698,479336,484100,481780,12029,0,676,0
11.92740511894226,223698,479336,484100,481780,12029,0,676,0
11.942769050598145,223698,479208,484100,481652,12029,0,676,0
11.958160161972046,223698,481256,486028,483700,12030,0,676,0
11.973477125167847,223698,483304,488076,485748,12031,0,676,0
11.988651037216187,223698,483304,488076,485748,12031,0,676,0
12.0039541721344,223698,487400,492172,489844,12033,0,676,0
12.01923418045044,223698,489448,494220,491892,12034,0,676,0
12.034204006195068,223698,491496,496268,493940,12035,0,676,0
12.04945707321167,223698,491496,496268,493940,12035,0,676,0
12.064704179763794,223698,491496,496268,493940,12035,0,676,0
12.079734086990356,223698,491496,496268,493940,12035,0,676,0
12.095235109329224,223698,493544,498316,495988,12036,0,676,0
12.110643148422241,223698,497640,502412,500084,12037,0,676,0
12.126075983047485,223698,497640,502412,500084,12038,0,676,0
12.141227006912231,223698,497640,502412,500084,12038,0,676,0
12.156275987625122,223698,497640,502412,500084,12038,0,676,0
12.171301126480103,223698,497640,502412,500084,12038,0,676,0
12.186567068099976,223698,497640,502412,500084,12038,0,676,0
12.201436996459961,223698,497640,502412,500084,12038,0,676,0
12.216745138168335,223698,497640,502412,500084,12038,0,676,0
12.232177972793579,223698,497640,502412,500084,12038,0,676,0
12.247503995895386,223698,497640,502412,500084,12038,0,676,0
12.262893199920654,223698,497640,502412,500084,12038,0,676,0
12.27810001373291,223698,499688,504460,502132,12039,0,676,0
12.293416976928711,223698,499688,504460,502132,12039,0,676,0
12.308925151824951,223698,499688,504460,502132,12039,0,676,0
12.32396411895752,223698,499688,504460,502132,12039,0,676,0
12.339099168777466,223698,499688,504460,502132,12039,0,676,0
12.354209184646606,223698,499688,504460,502132,12039,0,676,0
12.369580030441284,223698,499688,504460,502132,12039,0,676,0
12.384908199310303,223698,499688,504460,502132,12039,0,676,0
12.400223970413208,223698,499688,504460,502132,12039,0,676,0
12.415340185165405,223698,499688,504460,502132,12039,0,676,0
12.430283069610596,223698,499688,504460,502132,12039,0,676,0
12.445603132247925,223698,499688,504460,502132,12039,0,676,0
12.461032152175903,223698,499688,504460,502132,12039,0,676,0
12.476180076599121,223698,503784,508556,506228,12041,0,676,0
12.491522073745728,223698,503784,508556,506228,12041,0,676,0
12.506807088851929,223698,503784,508556,506228,12041,0,676,0
12.522006034851074,223698,505832,510604,508276,12042,0,676,0
12.53709101676941,223698,505832,510604,508276,12042,0,676,0
12.552170038223267,223698,505832,510604,508276,12042,0,676,0
12.567246198654175,223698,505832,510604,508276,12042,0,676,0
12.582401990890503,223698,505832,510604,508276,12042,0,676,0
12.59774398803711,223698,505832,510604,508276,12042,0,676,0
12.613110065460205,223698,507880,512652,510324,12042,0,676,0
12.628337144851685,223698,507880,514700,510324,12043,0,676,0
12.643591165542603,223698,511976,516748,514420,12045,0,676,0
12.659061193466187,223698,514024,518796,516468,12046,0,676,0
12.674522161483765,223698,514024,518796,516468,12046,0,676,0
12.689696073532104,223698,514024,518796,516468,12046,0,676,0
12.704723119735718,223698,514024,518796,516468,12046,0,676,0
12.720137119293213,223698,514024,518796,516468,12046,0,676,0
12.735429048538208,223698,516072,520844,518516,12047,0,676,0
12.750614166259766,223698,516072,520844,518516,12047,0,676,0
12.76577115058899,223698,516072,520844,518516,12047,0,676,0
12.780900001525879,223698,516072,520844,518516,12047,0,676,0
12.795722007751465,223698,516072,520844,518516,12047,0,676,0
12.810687065124512,223698,516072,520844,518516,12047,0,676,0
12.825761079788208,223698,516072,520844,518516,12047,0,676,0
12.840919971466064,223698,516072,520844,518516,12047,0,676,0
12.855770111083984,223698,516072,520844,518516,12047,0,676,0
12.871064186096191,223698,516072,520844,518516,12047,0,676,0
12.886290073394775,223698,516072,520844,518516,12047,0,676,0
12.903746128082275,223698,516072,520844,518516,12047,0,676,0
12.93385910987854,223698,516072,520844,518516,12047,0,676,0
12.959540128707886,223698,516072,520844,518516,12047,0,676,0
12.976134061813354,223698,516072,520844,518516,12047,0,676,0
12.992372989654541,223698,516072,520844,518516,12047,0,676,0
13.008764028549194,223698,516072,520844,518516,12047,0,676,0
13.025070190429688,223698,516072,520844,518516,12047,0,676,0
13.040534019470215,223698,516072,520844,518516,12047,0,676,0
13.055697202682495,223698,516072,520844,518516,12047,0,676,0
13.070667028427124,223698,516072,520844,518516,12047,0,676,0
13.085700035095215,223698,516072,520844,518516,12047,0,676,0
13.100303173065186,223698,516072,520844,518516,12047,0,676,0
13.115070104598999,223698,516072,520844,518516,12047,0,676,0
13.130256175994873,223698,516072,520844,518516,12047,0,676,0
13.14529013633728,223698,516072,520844,518516,12047,0,676,0
13.160152196884155,223698,516072,520844,518516,12047,0,676,0
13.175064086914062,223698,516072,520844,518516,12047,0,676,0
13.18983507156372,223698,516072,520844,518516,12047,0,676,0
13.20496916770935,223698,516072,520844,518516,12047,0,676,0
13.219727993011475,223698,516072,520844,518516,12047,0,676,0
13.234775066375732,223698,516072,520844,518516,12047,0,676,0
13.249595165252686,223698,516072,520844,518516,12047,0,676,0
13.264199018478394,223698,516072,520844,518516,12047,0,676,0
13.27913212776184,223698,516072,520844,518516,12047,0,676,0
13.294105052947998,223698,516072,520844,518516,12047,0,676,0
13.309068202972412,223698,516072,520844,518516,12047,0,676,0
13.323899984359741,223698,516072,520844,518516,12047,0,676,0
13.3387131690979,223698,516072,520844,518516,12047,0,676,0
13.353852987289429,223698,516072,520844,518516,12047,0,676,0
13.368900060653687,223698,516072,520844,518516,12047,0,676,0
13.383912086486816,223698,516072,520844,518516,12047,0,676,0
13.39893102645874,223698,516072,520844,518516,12047,0,676,0
13.41369104385376,223698,516072,520844,518516,12047,0,676,0
13.428753137588501,223698,516072,520844,518516,12047,0,676,0
13.443551063537598,223698,516072,520844,518516,12047,0,676,0
13.458501100540161,223698,516072,520844,518516,12047,0,676,0
13.473242998123169,223698,516072,520844,518516,12047,0,676,0
13.488109111785889,223698,516072,520844,518516,12047,0,676,0
13.503108024597168,223698,516072,520844,518516,12047,0,676,0
13.518042087554932,223698,516072,520844,518516,12047,0,676,0
13.533029079437256,223698,516072,520844,518516,12047,0,676,0
13.54826807975769,223698,516072,520844,518516,12047,0,676,0
13.563086032867432,223698,516072,520844,518516,12047,0,676,0
13.578095197677612,223698,516072,520844,518516,12047,0,676,0
13.593064069747925,223698,516072,520844,518516,12047,0,676,0
13.608078002929688,223698,516072,520844,518516,12047,0,676,0
13.623043060302734,223698,516072,520844,518516,12047,0,676,0
13.637983083724976,223698,516072,520844,518516,12047,0,676,0
13.653006076812744,223698,516072,520844,518516,12047,0,676,0
13.66793704032898,223698,516072,520844,518516,12047,0,676,0
13.682801008224487,223698,516072,520844,518516,12047,0,676,0
13.697978019714355,223698,516072,520844,518516,12047,0,676,0
13.713064193725586,223698,516072,520844,518516,12047,0,676,0
13.7279691696167,223698,516072,520844,518516,12047,0,676,0
13.7430100440979,223698,516072,520844,518516,12047,0,676,0
13.758095979690552,223698,516072,520844,518516,12047,0,676,0
13.77305006980896,223698,516072,520844,518516,12047,0,676,0
13.788052082061768,223698,516072,520844,518516,12047,0,676,0
13.803085088729858,223698,516072,520844,518516,12047,0,676,0
13.818000078201294,223698,516072,520844,518516,12047,0,676,0
13.833024978637695,223698,516072,520844,518516,12047,0,676,0
13.848031997680664,223698,516072,520844,518516,12047,0,676,0
13.863027095794678,223698,516072,520844,518516,12047,0,676,0
13.877932071685791,223698,516072,520844,518516,12047,0,676,0
13.893017053604126,223698,516072,520844,518516,12047,0,676,0
13.9080970287323,223698,516072,520844,518516,12047,0,676,0
13.923053979873657,223698,516072,520844,518516,12047,0,676,0
13.937976121902466,223698,516072,520844,518516,12047,0,676,0
13.953197002410889,223698,516072,520844,518516,12047,0,676,0
13.968054056167603,223698,516072,520844,518516,12047,0,676,0
13.982920169830322,223698,516072,520844,518516,12047,0,676,0
13.997766017913818,223698,516072,520844,518516,12047,0,676,0
14.012704133987427,223698,516072,520844,518516,12047,0,676,0
14.027796030044556,223698,516072,520844,518516,12047,0,676,0
14.042792081832886,223698,516072,520844,518516,12047,0,676,0
14.05781602859497,223698,516072,520844,518516,12047,0,676,0
14.072749137878418,223698,516072,520844,518516,12047,0,676,0
14.087630033493042,223698,516072,520844,518516,12047,0,676,0
14.102544069290161,223698,516072,520844,518516,12047,0,676,0
14.117576122283936,223698,516072,520844,518516,12047,0,676,0
14.132508993148804,223698,516072,520844,518516,12047,0,676,0
14.147611141204834,223698,518120,522892,520564,12047,0,676,0
14.16293215751648,223698,524264,529036,526708,12051,0,677,0
14.178368091583252,223698,532456,537228,534900,12055,0,677,0
14.19359016418457,223698,540648,545420,543092,12059,0,677,0
14.208990097045898,223698,548840,553612,551284,12063,0,677,0
14.224037170410156,223698,557032,561804,559476,12067,0,678,0
14.23910403251648,223698,565224,569996,567668,12071,0,678,0
14.254109144210815,223698,573416,578188,575860,12074,0,678,0
14.269172191619873,223698,579560,586380,582004,12078,0,678,0
14.28419303894043,223698,587752,594572,590196,12082,0,678,0
14.299475193023682,223698,595944,600716,598388,12086,0,678,0
14.31502103805542,223698,604136,608908,606580,12090,0,678,0
14.330247163772583,223698,612328,617100,614772,12094,0,678,0
14.345503091812134,223698,620520,625292,622964,12098,0,679,0
14.360810995101929,223698,628712,633484,631156,12102,0,679,0
14.376047134399414,223698,636904,641676,639348,12105,0,679,0
14.391232013702393,223698,643048,649868,645492,12109,0,679,0
14.406553983688354,223698,651240,658060,653684,12113,0,680,0
14.42201018333435,223698,659432,664204,661876,12117,0,680,0
14.437235116958618,223698,667624,672396,670068,12121,0,680,0
14.452269077301025,223698,675816,680588,678260,12125,0,680,0
14.46757698059082,223698,684008,688780,686452,12129,0,680,0
14.482784032821655,223698,692200,696972,694644,12133,0,680,0
14.498156070709229,223698,700392,705164,702836,12137,0,680,0
14.51333498954773,223698,708584,713356,711028,12140,0,680,0
14.528650999069214,223698,714728,719500,717172,12144,0,680,0
14.543996095657349,223698,722920,727692,725364,12148,0,681,0
14.5592520236969,223698,731112,735884,733556,12152,0,681,0
14.574576139450073,223698,739304,744076,741748,12156,0,681,0
14.590255975723267,223698,747496,752268,749940,12160,0,681,0
14.605493068695068,223698,755688,760460,758132,12164,0,682,0
14.620612144470215,223698,763880,768652,766324,12167,0,682,0
14.635976076126099,223698,772072,776844,774516,12171,0,682,0
14.651159048080444,223698,778216,785036,780660,12175,0,682,0
14.666347026824951,223698,786408,791180,788852,12179,0,682,0
14.681799173355103,223698,794600,799372,797044,12183,0,682,0
14.696876049041748,223698,802792,807564,805236,12187,0,682,0
14.712043046951294,223698,810984,815756,813428,12191,0,682,0
14.727235078811646,223698,819176,823948,821620,12195,0,683,0
14.742815017700195,223698,827368,832140,829812,12198,0,683,0
14.758012056350708,223698,833512,840332,835956,12202,0,683,0
14.773260116577148,223698,841704,848524,844148,12206,0,683,0
14.788501977920532,223698,849896,854668,852340,12210,0,684,0
14.803991079330444,223698,858088,862860,860532,12214,0,684,0
14.819212198257446,223698,866280,871052,868724,12218,0,684,0
14.834475994110107,223698,874472,879244,876916,12222,0,684,0
14.849616050720215,223698,882664,887436,885108,12226,0,684,0
14.864699125289917,223698,890856,895628,893300,12230,0,684,0
14.880079984664917,223698,899048,903820,901492,12233,0,684,0
14.89534616470337,223698,905192,912012,907636,12237,0,684,0
14.910746097564697,223698,913384,918156,915828,12241,0,685,0
14.926084041595459,223698,921576,926348,924020,12245,0,685,0
14.941210985183716,223698,929768,934540,932212,12249,0,685,0
14.956642150878906,223698,935912,940684,938356,12252,0,685,0
14.971933126449585,223698,942056,948876,944500,12255,0,685,0
14.98705005645752,223698,950248,957068,952692,12259,0,686,0
15.002729177474976,223698,958440,963212,960884,12263,0,686,0
15.01798701286316,223698,966632,971404,969076,12267,0,686,0
15.03331708908081,223698,974824,979596,977268,12271,0,686,0
15.04853105545044,223698,983016,987788,985460,12275,0,686,0
15.063959121704102,223698,991208,995980,993652,12279,0,686,0
15.07924509048462,223698,999400,1004172,1001844,12283,0,686,0
15.094727993011475,223698,1007592,1012364,1010036,12286,0,686,0
15.10997200012207,223698,1013736,1020556,1016180,12290,0,687,0
15.12532901763916,223698,1021928,1026700,1024372,12294,0,687,0
15.14046597480774,223698,1030120,1034892,1032564,12298,0,687,0
15.155515193939209,223698,1038312,1043084,1040756,12302,0,687,0
15.170660972595215,223698,1046504,1051276,1048948,12306,0,688,0
15.18576717376709,223698,1054696,1059468,1057140,12310,0,688,0
15.20151400566101,223698,1062888,1067660,1065332,12313,0,688,0
15.216888189315796,223698,1069032,1075852,1071476,12317,0,688,0
15.231997013092041,223698,1077224,1084044,1079668,12321,0,688,0
15.247151136398315,223698,1085416,1090188,1087860,12325,0,688,0
15.262490034103394,223698,1093608,1098380,1096052,12329,0,688,0
15.278002977371216,223698,1101800,1106572,1104244,12333,0,688,0
15.293380975723267,223698,1109992,1114764,1112436,12337,0,689,0
15.308801174163818,223698,1118184,1122956,1120628,12341,0,689,0
15.324242115020752,223698,1126376,1131148,1128820,12344,0,689,0
15.339632034301758,223698,1132520,1139340,1134964,12348,0,689,0
15.354925155639648,223698,1140712,1147532,1143156,12352,0,690,0
15.370043992996216,223698,1148904,1153676,1151348,12356,0,690,0
15.385163068771362,223698,1157096,1161868,1159540,12360,0,690,0
15.400207042694092,223698,1165288,1170060,1167732,12364,0,690,0
15.415699005126953,223698,1173480,1178252,1175924,12368,0,690,0
15.431125164031982,223698,1181672,1186444,1184116,12372,0,690,0
15.44636607170105,223698,1189864,1194636,1192308,12375,0,690,0
15.461567163467407,223698,1196008,1202828,1198452,12379,0,690,0
15.476714134216309,223698,1204200,1211020,1206644,12383,0,690,0
15.492096185684204,223698,1212392,1217164,1214836,12387,0,691,0
15.507594108581543,223698,1220584,1225356,1223028,12391,0,691,0
15.522739171981812,223698,1228776,1233548,1231220,12395,0,691,0
15.538122177124023,223698,1236968,1241740,1239412,12399,0,691,0
15.553343057632446,223698,1245160,1249932,1247604,12403,0,692,0
15.568572998046875,223698,1253352,1258124,1255796,12407,0,692,0
15.583693027496338,223698,1261544,1266316,1263988,12410,0,692,0
15.599043130874634,223698,1267688,1274508,1270132,12414,0,692,0
15.614454984664917,223698,1275880,1282700,1278324,12418,0,692,0
15.6302170753479,223698,1284072,1288844,1286516,12422,0,692,0
15.647107124328613,223698,1294312,1299084,1296756,12426,0,692,0
15.662495136260986,223698,1300456,1307276,1302900,12430,0,692,0
15.67792010307312,223698,1308648,1315468,1311092,12434,0,693,0
15.693231105804443,223698,1316840,1321612,1319284,12438,0,693,0
15.708206176757812,223698,1325032,1329804,1327476,12442,0,693,0
15.723623037338257,223698,1333224,1337996,1335668,12446,0,693,0
15.73894715309143,223698,1341416,1346188,1343860,12449,0,694,0
15.754305124282837,223698,1347560,1354380,1350004,12453,0,694,0
15.7693350315094,223698,1355752,1360524,1358196,12457,0,694,0
15.784621000289917,223698,1363944,1368716,1366388,12461,0,694,0
15.799771070480347,223698,1372136,1376908,1374580,12465,0,694,0
15.814970016479492,223698,1380328,1385100,1382772,12469,0,694,0
15.830810070037842,223698,1388520,1393292,1390964,12473,0,694,0
15.84614109992981,223698,1396712,1401484,1399156,12477,0,694,0
15.861468076705933,223698,1404904,1409676,1407348,12480,0,694,0
15.876672983169556,223698,1413096,1417868,1415540,12484,0,695,0
15.892151117324829,223698,1419240,1426060,1421684,12488,0,695,0
15.907304048538208,223698,1427432,1432204,1429876,12492,0,695,0
15.922785997390747,223698,1427432,1432204,1429876,12492,0,695,0
15.938133001327515,223698,1429480,1434252,1431924,12493,0,695,0
15.953472137451172,223698,1437672,1442444,1440116,12497,0,695,0
15.968796968460083,223698,1445864,1450636,1448308,12501,0,696,0
15.984158039093018,223698,1454056,1458828,1456500,12505,0,696,0
15.999260187149048,223698,1462248,1467020,1464692,12508,0,696,0
16.014305114746094,223698,1470440,1475212,1472884,12512,0,696,0
16.02965807914734,223698,1476584,1483404,1479028,12516,0,696,0
16.045300006866455,223698,1484776,1489548,1487220,12520,0,696,0
16.060732126235962,223698,1492968,1497740,1495412,12524,0,696,0
16.076210975646973,223698,1501160,1505932,1503604,12528,0,696,0
16.091453075408936,223698,1509352,1514124,1511796,12532,0,697,0
16.106816053390503,223698,1517544,1522316,1519988,12536,0,697,0
16.122318983078003,223698,1525736,1530508,1528180,12540,0,697,0
16.137299060821533,223698,1533928,1538700,1536372,12543,0,697,0
16.152656078338623,223698,1540072,1546892,1542516,12547,0,698,0
16.168004035949707,223698,1548264,1553036,1550708,12551,0,698,0
16.18311905860901,223698,1556456,1561228,1558900,12555,0,698,0
16.198227167129517,223698,1564648,1569420,1567092,12559,0,698,0
16.21355104446411,223698,1572840,1577612,1575284,12563,0,698,0
16.228865146636963,223698,1581032,1585804,1583476,12567,0,698,0
16.244609117507935,223698,1589224,1593996,1591668,12571,0,698,0
16.260066986083984,223698,1597416,1602188,1599860,12575,0,698,0
16.275350093841553,223698,1605608,1610380,1608052,12578,0,699,0
16.290709018707275,223698,1611752,1618572,1614196,12582,0,699,0
16.30615997314453,223698,1619944,1624716,1622388,12586,0,699,0
16.321328163146973,223698,1628136,1632908,1630580,12590,0,699,0
16.33641505241394,223698,1636328,1641100,1638772,12594,0,700,0
16.351694107055664,223698,1644520,1649292,1646964,12598,0,700,0
16.36703109741211,223698,1652712,1657484,1655156,12602,0,700,0
16.382265090942383,223698,1660904,1665676,1663348,12606,0,700,0
16.397698163986206,223698,1669096,1673868,1671540,12609,0,700,0
16.413079977035522,223698,1675240,1682060,1677684,12613,0,700,0
16.42846417427063,223698,1683432,1690252,1685876,12617,0,700,0
16.443727016448975,223698,1691624,1696396,1694068,12621,0,700,0
16.459343194961548,223698,1699816,1704588,1702260,12625,0,700,0
16.47489309310913,223698,1708008,1712780,1710452,12629,0,701,0
16.49020504951477,223698,1716200,1720972,1718644,12633,0,701,0
16.50562310218811,223698,1724392,1729164,1726836,12637,0,701,0
16.520994186401367,223698,1732584,1737356,1735028,12641,0,701,0
16.536378145217896,223698,1740776,1745548,1743220,12644,0,702,0
16.551796197891235,223698,1748968,1753740,1751412,12648,0,702,0
16.56725311279297,223698,1755112,1761932,1757556,12652,0,702,0
16.58262014389038,223698,1763304,1768076,1765748,12656,0,702,0
16.59811019897461,223698,1771496,1776268,1773940,12660,0,702,0
16.6135311126709,223698,1779688,1784460,1782132,12664,0,702,0
16.62927508354187,223698,1787880,1792652,1790324,12668,0,702,0
16.644726037979126,223698,1796072,1800844,1798516,12672,0,702,0
16.660566091537476,223698,1804264,1809036,1806708,12676,0,703,0
16.67616105079651,223698,1812456,1817228,1814900,12680,0,703,0
16.691750049591064,223698,1820648,1825420,1823092,12683,0,703,0
16.707306146621704,223698,1826792,1833612,1829236,12687,0,703,0
16.722589015960693,223698,1832936,1837708,1835380,12690,0,704,0
16.738149166107178,223698,1839120,1843892,1841564,12703,0,704,0
16.7535240650177,223698,1847312,1852084,1849756,12706,0,704,0
16.769116163253784,223698,1853456,1860276,1855900,12710,0,704,0
16.78457999229431,223698,1861648,1868468,1864092,12714,0,704,0
16.80002999305725,223698,1869840,1874612,1872284,12718,0,704,0
16.81527614593506,223698,1878032,1882804,1880476,12722,0,704,0
16.83073115348816,223698,1886224,1890996,1888668,12726,0,704,0
16.846249103546143,223698,1894416,1899188,1896860,12730,0,704,0
16.861565113067627,223698,1902608,1907380,1905052,12734,0,705,0
16.87700915336609,223698,1910800,1915572,1913244,12738,0,705,0
16.892460107803345,223698,1918992,1923764,1921436,12742,0,705,0
16.907998085021973,223698,1927184,1931956,1929628,12745,0,705,0
16.92350196838379,223698,1933332,1938104,1935776,12750,0,706,0
16.938979148864746,223698,1941524,1946296,1943968,12754,0,706,0
16.95438814163208,223698,1949716,1954488,1952160,12758,0,706,0
16.96974015235901,223698,1957908,1962680,1960352,12762,0,706,0
16.98509907722473,223698,1966100,1970872,1968544,12765,0,706,0
17.000518083572388,223698,1972244,1977016,1974688,12769,0,706,0
17.015727996826172,223698,1980436,1985208,1982880,12773,0,706,0
17.03093719482422,223698,1988628,1993400,1991072,12777,0,706,0
17.046162128448486,223698,1996820,2001592,1999264,12781,0,707,0
17.06151819229126,223698,2005012,2009784,2007456,12785,0,707,0
17.077123165130615,223698,2013204,2017976,2015648,12788,0,707,0
17.092663049697876,223698,2019348,2024120,2021792,12792,0,707,0
17.108168125152588,223698,2027540,2032312,2029984,12796,0,707,0
17.12354302406311,223698,2035732,2040504,2038176,12800,0,708,0
17.138916015625,223698,2043924,2048696,2046368,12804,0,708,0
17.1543231010437,223698,2052116,2056888,2054560,12807,0,708,0
17.169764041900635,223698,2058260,2065080,2060704,12811,0,708,0
17.185248136520386,223698,2066452,2073272,2068896,12815,0,708,0
17.20070719718933,223698,2074644,2079416,2077088,12819,0,708,0
17.216243982315063,223698,2082836,2087608,2085280,12823,0,708,0
17.231677055358887,223698,2091028,2095800,2093472,12827,0,708,0
17.247274160385132,223698,2099220,2103992,2101664,12831,0,709,0
17.262891054153442,223698,2107412,2112184,2109856,12835,0,709,0
17.278309106826782,223698,2115604,2120376,2118048,12839,0,709,0
17.294252157211304,223698,2123796,2128568,2126240,12842,0,709,0
17.30979013442993,223698,2129940,2136760,2132384,12846,0,710,0
17.325254201889038,223698,2138132,2142904,2140576,12850,0,710,0
17.3406240940094,223698,2146324,2151096,2148768,12854,0,710,0
17.356050968170166,223698,2154516,2159288,2156960,12858,0,710,0
17.371464014053345,223698,2162708,2167480,2165152,12862,0,710,0
17.386929035186768,223698,2170900,2175672,2173344,12866,0,710,0
17.402372121810913,223698,2179092,2183864,2181536,12870,0,710,0
17.41789197921753,223698,2187284,2192056,2189728,12873,0,710,0
17.433287143707275,223698,2193428,2200248,2195872,12877,0,711,0
17.44855809211731,223698,2201620,2208440,2204064,12881,0,711,0
17.464118003845215,223698,2209812,2214584,2212256,12885,0,711,0
17.4797420501709,223698,2218004,2222776,2220448,12889,0,711,0
17.4952871799469,223698,2226196,2230968,2228640,12893,0,712,0
17.51067614555359,223698,2234388,2239160,2236832,12897,0,712,0
17.526185035705566,223698,2242580,2247352,2245024,12901,0,712,0
17.541671991348267,223698,2250772,2255544,2253216,12905,0,712,0
17.55722999572754,223698,2258964,2263736,2261408,12909,0,712,0
17.572700023651123,223698,2267156,2271928,2269600,12912,0,712,0
17.588343143463135,223698,2275348,2280120,2277792,12917,0,712,0
17.60624599456787,223698,2283540,2288312,2285984,12921,0,712,0
17.62167501449585,223698,2291732,2296504,2294176,12925,0,713,0
17.636974096298218,223698,2297876,2304696,2300320,12928,0,713,0
17.652366161346436,223698,2306068,2310840,2308512,12932,0,713,0
17.667750120162964,223698,2314260,2319032,2316704,12936,0,713,0
17.683195114135742,223698,2322452,2327224,2324896,12940,0,713,0
17.69861102104187,223698,2330644,2335416,2333088,12944,0,714,0
17.71423602104187,223698,2338836,2343608,2341280,12948,0,714,0
17.729751110076904,223698,2347028,2351800,2349472,12952,0,714,0
17.74535298347473,223698,2355220,2359992,2357664,12955,0,714,0
17.760914087295532,223698,2361364,2368184,2363808,12959,0,714,0
17.776451110839844,223698,2369556,2374328,2372000,12963,0,714,0
17.792023181915283,223698,2377748,2382520,2380192,12967,0,714,0
17.807355165481567,223698,2385940,2390712,2388384,12971,0,714,0
17.822890996932983,223698,2394132,2398904,2396576,12975,0,715,0
17.83833599090576,223698,2402324,2407096,2404768,12979,0,715,0
17.853780031204224,223698,2410516,2415288,2412960,12982,0,715,0
17.86960506439209,223698,2418708,2423480,2421152,12986,0,715,0
17.88512110710144,223698,2424852,2431672,2427296,12990,0,716,0
17.900756120681763,223698,2433044,2439864,2435488,12994,0,716,0
17.91623020172119,223698,2441236,2446008,2443680,12998,0,716,0
17.931607007980347,223698,2449428,2454200,2451872,13002,0,716,0
17.947026014328003,223698,2457620,2462392,2460064,13006,0,716,0
17.962340116500854,223698,2465812,2470584,2468256,13010,0,716,0
17.977699041366577,223698,2469908,2474680,2472352,13012,0,716,0
17.99345898628235,223698,2474004,2478776,2476448,13014,0,716,0
18.009095191955566,223698,2482196,2486968,2484640,13018,0,716,0
18.024514198303223,223698,2490388,2495160,2492832,13022,0,717,0
18.03981304168701,223698,2498580,2503352,2501024,13026,0,717,0
18.055299997329712,223698,2506772,2511544,2509216,13030,0,717,0
18.070800065994263,223698,2514964,2519736,2517408,13033,0,717,0
18.08638620376587,223698,2521108,2525880,2523552,13037,0,718,0
18.101922035217285,223698,2525204,2529976,2527648,13039,0,718,0
18.117372035980225,223698,2531348,2536120,2533792,13042,0,718,0
18.132975101470947,223698,2539540,2544312,2541984,13046,0,718,0
18.148348093032837,223698,2547732,2552504,2550176,13050,0,718,0
18.163753032684326,223698,2555924,2560696,2558368,13054,0,718,0
18.17922616004944,223698,2564116,2568888,2566560,13058,0,718,0
18.194796085357666,223698,2572308,2577080,2574752,13062,0,718,0
18.210329055786133,223698,2580500,2585272,2582944,13065,0,718,0
18.22577714920044,223698,2586644,2593464,2589088,13069,0,719,0
18.241244077682495,223698,2594836,2601656,2597280,13073,0,719,0
18.256718158721924,223698,2603028,2607800,2605472,13077,0,719,0
18.272261142730713,223698,2611220,2615992,2613664,13081,0,719,0
18.28777503967285,223698,2619412,2624184,2621856,13085,0,720,0
18.30330514907837,223698,2627604,2632376,2630048,13089,0,720,0
18.318657159805298,223698,2631700,2636472,2634144,13091,0,720,0
18.334448099136353,223698,2639892,2644664,2642336,13095,0,720,0
18.349722146987915,223698,2648084,2652856,2650528,13099,0,720,0
18.365214109420776,223698,2656276,2661048,2658720,13103,0,720,0
18.380681037902832,223698,2664468,2669240,2666912,13107,0,720,0
18.39617919921875,223698,2672660,2677432,2675104,13110,0,720,0
18.411586046218872,223698,2678804,2685624,2681248,13114,0,720,0
18.426976203918457,223698,2686996,2693816,2689440,13118,0,721,0
18.44230604171753,223698,2695188,2699960,2697632,13122,0,721,0
18.45774817466736,223698,2703380,2708152,2705824,13126,0,721,0
18.473352193832397,223698,2711572,2716344,2714016,13130,0,721,0
18.48867416381836,223698,2719764,2724536,2722208,13134,0,722,0
18.504297971725464,223698,2727956,2732728,2730400,13138,0,722,0
18.519883155822754,223698,2736148,2740920,2738592,13142,0,722,0
18.535643100738525,223698,2744340,2749112,2746784,13146,0,722,0
18.551212072372437,223698,2752532,2757304,2754976,13149,0,722,0
18.566642999649048,223698,2758676,2765496,2761120,13153,0,722,0
18.582276105880737,223698,2766868,2773688,2769312,13157,0,722,0
18.59790802001953,223698,2775060,2781880,2777504,13161,0,722,0
18.613610982894897,223698,2783252,2788024,2785696,13165,0,723,0
18.629261016845703,223698,2791444,2796216,2793888,13169,0,723,0
18.64470911026001,223698,2799636,2804408,2802080,13173,0,723,0
18.660269021987915,223698,2807828,2812600,2810272,13177,0,723,0
18.675992012023926,223698,2816020,2820792,2818464,13181,0,724,0
18.691596031188965,223698,2824212,2828984,2826656,13185,0,724,0
18.707231044769287,223698,2832404,2837176,2834848,13189,0,724,0
18.72270917892456,223698,2840596,2845368,2843040,13193,0,724,0
18.738265991210938,223698,2848788,2853560,2851232,13197,0,724,0
18.753663063049316,223698,2856980,2861752,2859424,13200,0,724,0
18.769081115722656,223698,2863124,2869944,2865568,13204,0,724,0
18.784518003463745,223698,2871316,2876088,2873760,13208,0,724,0
18.80000615119934,223698,2879508,2884280,2881952,13212,0,724,0
18.81548500061035,223698,2887700,2892472,2890144,13216,0,725,0
18.831037998199463,223698,2895892,2900664,2898336,13220,0,725,0
18.84651517868042,223698,2904084,2908856,2906528,13224,0,725,0
18.862099170684814,223698,2912276,2917048,2914720,13228,0,725,0
18.87749409675598,223698,2920468,2925240,2922912,13232,0,726,0
18.892978191375732,223698,2928660,2933432,2931104,13235,0,726,0
18.908477067947388,223698,2936852,2941624,2939296,13239,0,726,0
18.924079179763794,223698,2942996,2949816,2945440,13243,0,726,0
18.939352989196777,223698,2951188,2958008,2953632,13247,0,726,0
18.95529317855835,223698,2959380,2964152,2961824,13251,0,726,0
18.97103714942932,223698,2967572,2972344,2970016,13255,0,726,0
18.986653089523315,223698,2975764,2980536,2978208,13259,0,726,0
19.00229501724243,223698,2983956,2988728,2986400,13263,0,727,0
19.017807006835938,223698,2992148,2996920,2994592,13267,0,727,0
19.033343076705933,223698,3000340,3005112,3002784,13271,0,727,0
19.04873299598694,223698,3008532,3013304,3010976,13274,0,727,0
19.064198970794678,223698,3014676,3021496,3017120,13278,0,728,0
19.079710006713867,223698,3022868,3029688,3025312,13282,0,728,0
19.09507417678833,223698,3031060,3035832,3033504,13286,0,728,0
19.11022400856018,223698,3039252,3044024,3041696,13290,0,728,0
19.125329971313477,223698,3045396,3052216,3047840,13293,0,728,0
19.140908002853394,223698,3053588,3060408,3056032,13297,0,728,0
19.156591176986694,223698,3061780,3066552,3064224,13301,0,728,0
19.171961069107056,223698,3069972,3074744,3072416,13305,0,728,0
19.18721914291382,223698,3078164,3082936,3080608,13309,0,729,0
19.202332019805908,223698,3086356,3091128,3088800,13313,0,729,0
19.21795105934143,223698,3094548,3099320,3096992,13317,0,729,0
19.23361611366272,223698,3102740,3107512,3105184,13321,0,729,0
19.249027013778687,223698,3110932,3115704,3113376,13325,0,730,0
19.264499187469482,223698,3119124,3123896,3121568,13329,0,730,0
19.27994418144226,223698,3127316,3132088,3129760,13332,0,730,0
19.295298099517822,223698,3133460,3140280,3135904,13336,0,730,0
19.310461044311523,223698,3141652,3148472,3144096,13340,0,730,0
19.3261981010437,223698,3149844,3154616,3152288,13344,0,730,0
19.341591119766235,223698,3158036,3162808,3160480,13348,0,730,0
19.35713815689087,223698,3166228,3171000,3168672,13352,0,730,0
19.373154163360596,223698,3174420,3179192,3176864,13355,0,730,0
19.388952016830444,223698,3182612,3187384,3185056,13359,0,731,0
19.40439009666443,223698,3188756,3195576,3191200,13363,0,731,0
19.419957160949707,223698,3196948,3203768,3199392,13367,0,731,0
19.43555212020874,223698,3205140,3209912,3207584,13371,0,731,0
19.451090097427368,223698,3213332,3218104,3215776,13375,0,732,0
19.4665470123291,223698,3221524,3226296,3223968,13379,0,732,0
19.481981992721558,223698,3229716,3234488,3232160,13383,0,732,0
19.49738097190857,223698,3237908,3242680,3240352,13387,0,732,0
19.51288914680481,223698,3246100,3250872,3248544,13391,0,732,0
19.5283260345459,223698,3254292,3259064,3256736,13395,0,732,0
19.54379105567932,223698,3258388,3263160,3260832,13397,0,732,0
19.559782028198242,223698,3258388,3263160,3260832,13397,0,732,0
19.57554316520691,223698,3264532,3269304,3266976,13400,0,732,0
19.590960025787354,223698,3272724,3277496,3275168,13404,0,732,0
19.606227159500122,223698,3280916,3285688,3283360,13408,0,733,0
19.621462106704712,223698,3289108,3293880,3291552,13412,0,733,0
19.63674306869507,223698,3297300,3302072,3299744,13415,0,733,0
19.651992082595825,223698,3303444,3310264,3305888,13419,0,733,0
19.667237043380737,223698,3311636,3318456,3314080,13423,0,734,0
19.68244218826294,223698,3319828,3324600,3322272,13427,0,734,0
19.697699069976807,223698,3328020,3332792,3330464,13431,0,734,0
19.712858200073242,223698,3336212,3340984,3338656,13435,0,734,0
19.728063106536865,223698,3344404,3349176,3346848,13439,0,734,0
19.74325704574585,223698,3352596,3357368,3355040,13443,0,734,0
19.758476972579956,223698,3360788,3365560,3363232,13446,0,734,0
19.773974180221558,223698,3366932,3373752,3369376,13450,0,734,0
19.789477109909058,223698,3375124,3381944,3377568,13454,0,735,0
19.805039167404175,223698,3383316,3390136,3385760,13458,0,735,0
19.820269107818604,223698,3391508,3396280,3393952,13462,0,735,0
19.835637092590332,223698,3399700,3404472,3402144,13466,0,735,0
19.851131200790405,223698,3407892,3412664,3410336,13470,0,736,0
19.8665931224823,223698,3416084,3420856,3418528,13474,0,736,0
19.881972074508667,223698,3424276,3429048,3426720,13477,0,736,0
19.897220134735107,223698,3430420,3437240,3432864,13481,0,736,0
19.912666082382202,223698,3438612,3445432,3441056,13485,0,736,0
19.92813801765442,223698,3446804,3451576,3449248,13489,0,736,0
19.94373917579651,223698,3454996,3459768,3457440,13493,0,736,0
19.95897912979126,223698,3463188,3467960,3465632,13497,0,736,0
19.974231004714966,223698,3471380,3476152,3473824,13501,0,736,0
19.989861011505127,223698,3479572,3484344,3482016,13505,0,737,0
20.00537610054016,223698,3487764,3492536,3490208,13509,0,737,0
20.020543098449707,223698,3495956,3500728,3498400,13512,0,737,0
20.036038160324097,223698,3502100,3508920,3504544,13516,0,737,0
20.051480054855347,223698,3510292,3517112,3512736,13520,0,738,0
20.066790103912354,223698,3518484,3523256,3520928,13524,0,738,0
20.082229137420654,223698,3526676,3531448,3529120,13528,0,738,0
20.09744620323181,223698,3534868,3539640,3537312,13532,0,738,0
20.112725973129272,223698,3543060,3547832,3545504,13536,0,738,0
20.12817096710205,223698,3551252,3556024,3553696,13540,0,738,0
20.143728017807007,223698,3559444,3564216,3561888,13544,0,738,0
20.15921902656555,223698,3567636,3572408,3570080,13547,0,738,0
20.17447018623352,223698,3573780,3580600,3576224,13551,0,739,0
20.18963313102722,223698,3581972,3588792,3584416,13555,0,739,0
20.205245971679688,223698,3590164,3594936,3592608,13559,0,739,0
20.220563173294067,223698,3598356,3603128,3600800,13563,0,739,0
20.23578405380249,223698,3606548,3611320,3608992,13567,0,740,0
20.251235008239746,223698,3614740,3619512,3617184,13571,0,740,0
20.26644515991211,223698,3622932,3627704,3625376,13575,0,740,0
20.281983137130737,223698,3631124,3635896,3633568,13579,0,740,0
20.29753303527832,223698,3639316,3644088,3641760,13583,0,740,0
20.313122034072876,223698,3647508,3652280,3649952,13586,0,740,0
20.328557014465332,223698,3653652,3660472,3656096,13590,0,740,0
20.344170093536377,223698,3661844,3668664,3664288,13594,0,740,0
20.359647035598755,223698,3670036,3674808,3672480,13598,0,741,0
20.375084161758423,223698,3678228,3683000,3680672,13602,0,741,0
20.390575170516968,223698,3686420,3691192,3688864,13606,0,741,0
20.4065420627594,223698,3694612,3699384,3697056,13610,0,741,0
20.422221183776855,223698,3702804,3707576,3705248,13614,0,742,0
20.43747305870056,223698,3710996,3715768,3713440,13618,0,742,0
20.453031063079834,223698,3719188,3723960,3721632,13622,0,742,0
20.46828818321228,223698,3727380,3732152,3729824,13626,0,742,0
20.48379111289978,223698,3735572,3740344,3738016,13629,0,742,0
20.49922013282776,223698,3741716,3748536,3744160,13633,0,742,0
20.51450204849243,223698,3749908,3756728,3752352,13637,0,742,0
20.530027151107788,223698,3760148,3764920,3762592,13642,0,742,0
20.545593976974487,223698,3768340,3773112,3770784,13646,0,743,0
20.561058044433594,223698,3776532,3781304,3778976,13650,0,743,0
20.576301097869873,223698,3784724,3789496,3787168,13654,0,743,0
20.591520071029663,223698,3792916,3797688,3795360,13658,0,743,0
20.60706901550293,223698,3801108,3805880,3803552,13662,0,744,0
20.62258815765381,223698,3809300,3814072,3811744,13665,0,744,0
20.638161182403564,223698,3817492,3822264,3819936,13669,0,744,0
20.653951168060303,223698,3823636,3830456,3826080,13673,0,744,0
20.66922616958618,223698,3831828,3838648,3834272,13677,0,744,0
20.684360027313232,223698,3840020,3844792,3842464,13681,0,744,0
20.699562072753906,223698,3848212,3852984,3850656,13685,0,744,0
20.71467900276184,223698,3856404,3861176,3858848,13689,0,744,0
20.729955196380615,223698,3864596,3869368,3867040,13693,0,744,0
20.745476007461548,223698,3872788,3877560,3875232,13697,0,745,0
20.760797023773193,223698,3880980,3885752,3883424,13701,0,745,0
20.776151180267334,223698,3889172,3893944,3891616,13704,0,745,0
20.79175615310669,223698,3897364,3902136,3899808,13708,0,745,0
20.807258129119873,223698,3903508,3910328,3905952,13712,0,746,0
20.82270097732544,223698,3911700,3918520,3914144,13716,0,746,0
20.838201999664307,223698,3919892,3924664,3922336,13720,0,746,0
20.853427171707153,223698,3928084,3932856,3930528,13724,0,746,0
20.868715047836304,223698,3936276,3941048,3938720,13728,0,746,0
20.883968114852905,223698,3944468,3949240,3946912,13732,0,746,0
20.899232149124146,223698,3952660,3957432,3955104,13736,0,746,0
20.914441108703613,223698,3960852,3965624,3963296,13740,0,746,0
20.92973303794861,223698,3969044,3973816,3971488,13743,0,747,0
20.945281982421875,223698,3977236,3982008,3979680,13747,0,747,0
20.960820198059082,223698,3983380,3990200,3985824,13751,0,747,0
20.976338148117065,223698,3991572,3998392,3994016,13755,0,747,0
20.991780996322632,223698,3999764,4004536,4002208,13759,0,748,0
21.007156133651733,223698,4007956,4012728,4010400,13763,0,748,0
21.02279305458069,223698,4016148,4020920,4018592,13767,0,748,0
21.038129091262817,223698,4024340,4029112,4026784,13771,0,748,0
21.053719997406006,223698,4032532,4037304,4034976,13775,0,748,0
21.069213151931763,223698,4040724,4045496,4043168,13779,0,748,0
21.084659099578857,223698,4048916,4053688,4051360,13783,0,748,0
21.10016107559204,223698,4057108,4061880,4059552,13786,0,748,0
21.11547613143921,223698,4063252,4070072,4065696,13790,0,749,0
21.130757093429565,223698,4071444,4078264,4073888,13794,0,749,0
21.146270036697388,223698,4079636,4084408,4082080,13798,0,749,0
21.161527156829834,223698,4087828,4092600,4090272,13802,0,749,0
21.17719006538391,223698,4096020,4100792,4098464,13806,0,750,0
21.192525148391724,223698,4104212,4108984,4106656,13810,0,750,0
21.20810103416443,223698,4112404,4117176,4114848,13814,0,750,0
21.223680019378662,223698,4120596,4125368,4123040,13818,0,750,0
21.239119052886963,223698,4128788,4133560,4131232,13822,0,750,0
21.25455617904663,223698,4136980,4141752,4139424,13826,0,750,0
21.270068168640137,223698,4145172,4149944,4147616,13829,0,750,0
21.285588026046753,223698,4151316,4158136,4153760,13833,0,750,0
21.30093812942505,223698,4159508,4166328,4161952,13837,0,751,0
21.316198110580444,223698,4167700,4174520,4170144,13841,0,751,0
21.33145499229431,223698,4175892,4180664,4178336,13845,0,751,0
21.34671401977539,223698,4184084,4188856,4186528,13849,0,751,0
21.362022161483765,223698,4192276,4197048,4194720,13853,0,751,0
21.377559185028076,223698,4200468,4205240,4202912,13857,0,752,0
21.393036127090454,223698,4208660,4213432,4211104,13861,0,752,0
21.40996813774109,223698,4216852,4221624,4219296,13865,0,752,0
21.425570011138916,223698,4225044,4229816,4227488,13869,0,752,0
21.441302061080933,223698,4233236,4238008,4235680,13873,0,752,0
21.456645011901855,223698,4241428,4246200,4243872,13876,0,752,0
21.472021102905273,223698,4249620,4254392,4252064,13880,0,752,0
21.48758316040039,223698,4255764,4262584,4258208,13884,0,752,0
21.50285506248474,223698,4263956,4270776,4266400,13888,0,753,0
21.518254041671753,223698,4272148,4278968,4274592,13892,0,753,0
21.533581018447876,223698,4280340,4285112,4282784,13896,0,753,0
21.548776149749756,223698,4288532,4293304,4290976,13900,0,753,0
21.56419801712036,223698,4296724,4301496,4299168,13904,0,754,0
21.579522132873535,223698,4304916,4309688,4307360,13908,0,754,0
21.594746112823486,223698,4313108,4317880,4315552,13912,0,754,0
21.610105991363525,223698,4321300,4326072,4323744,13916,0,754,0
21.625285148620605,223698,4329492,4334264,4331936,13920,0,754,0
21.64061212539673,223698,4333588,4340408,4336032,13922,0,754,0
21.65594506263733,223698,4339732,4344504,4342176,13925,0,754,0
21.671244144439697,223698,4341780,4348600,4344224,13926,0,754,0
21.686815977096558,223698,4345876,4352696,4348320,13928,0,754,0
21.70234203338623,223698,4349972,4354744,4352416,13930,0,754,0
21.717631101608276,223698,4354068,4358840,4356512,13932,0,754,0
21.733273029327393,223698,4360212,4364984,4362656,13934,0,755,0
21.7490291595459,223698,4368404,4373176,4370848,13938,0,755,0
21.764294147491455,223698,4374548,4381368,4376992,13942,0,755,0
21.779571056365967,223698,4382740,4387512,4385184,13946,0,755,0
21.795080184936523,223698,4390932,4395704,4393376,13950,0,756,0
21.810580015182495,223698,4399124,4403896,4401568,13954,0,756,0
21.825934171676636,223698,4407316,4412088,4409760,13958,0,756,0
21.841227054595947,223698,4415508,4420280,4417952,13962,0,756,0
21.857298135757446,223698,4423700,4428472,4426144,13966,0,756,0
21.872923135757446,223698,4429844,4434616,4432288,13969,0,756,0
21.888658046722412,223698,4438036,4442808,4440480,13973,0,756,0
21.904200077056885,223698,4446228,4451000,4448672,13977,0,756,0
21.91955304145813,223698,4454420,4459192,4456864,13981,0,756,0
21.93502116203308,223698,4462612,4467384,4465056,13984,0,757,0
21.95053219795227,223698,4468756,4475576,4471200,13988,0,757,0
21.965773105621338,223698,4476948,4483768,4479392,13992,0,757,0
21.981101989746094,223698,4485140,4489912,4487584,13996,0,757,0
21.996373176574707,223698,4493332,4498104,4495776,14000,0,758,0
22.011629104614258,223698,4501524,4506296,4503968,14004,0,758,0
22.02721118927002,223698,4509716,4514488,4512160,14008,0,758,0
22.04265308380127,223698,4517908,4522680,4520352,14012,0,758,0
22.058279037475586,223698,4526100,4530872,4528544,14016,0,758,0
22.07393217086792,223698,4534292,4539064,4536736,14020,0,758,0
22.089717149734497,223698,4542484,4547256,4544928,14024,0,758,0
22.10511016845703,223698,4550676,4555448,4553120,14028,0,758,0
22.1204731464386,223698,4558868,4563640,4561312,14032,0,759,0
22.13592219352722,223698,4567060,4571832,4569504,14035,0,759,0
22.151264190673828,223698,4575252,4580024,4577696,14039,0,759,0
22.1670081615448,223698,4581396,4588216,4583840,14043,0,759,0
22.18251609802246,223698,4589588,4596408,4592032,14047,0,760,0
22.198096990585327,223698,4597780,4602552,4600224,14051,0,760,0
22.213507175445557,223698,4605972,4610744,4608416,14055,0,760,0
22.22880220413208,223698,4614164,4618936,4616608,14059,0,760,0
22.24410915374756,223698,4622356,4627128,4624800,14063,0,760,0
22.25961709022522,223698,4630548,4635320,4632992,14067,0,760,0
22.27517819404602,223698,4638740,4643512,4641184,14071,0,760,0
22.290963172912598,223698,4644884,4649656,4647328,14074,0,760,0
22.306373119354248,223698,4650000,4654776,4652444,15323,0,760,0
22.32373309135437,223698,4654548,4659640,4656992,16441,0,761,0
22.33935809135437,223698,4659556,4664632,4662000,17697,0,761,0
22.35481905937195,223698,4664908,4670008,4667352,19034,0,761,0
22.37053108215332,223698,4670024,4675128,4672468,20318,0,761,0
22.386094093322754,223698,4675320,4680376,4677764,21637,0,761,0
22.402276039123535,223698,4677652,4682424,4680096,21755,0,761,0
22.418275117874146,223698,4679700,4684472,4682144,22267,0,761,0
22.43442702293396,223698,4680340,4685112,4682784,22427,0,761,0
22.45028519630432,223698,4680340,4685112,4682784,22427,0,761,0
22.466238975524902,223698,4680340,4685112,4682784,22427,0,761,0
22.482346057891846,223698,4680340,4685112,4682784,22427,0,761,0
22.498175144195557,223698,4680340,4685112,4682784,22427,0,761,0
22.513756036758423,223698,4680340,4685112,4682784,22427,0,761,0
22.52955412864685,223698,4680340,4685112,4682784,22427,0,761,0
22.545276165008545,223698,4680340,4685112,4682784,22427,0,761,0
22.561195135116577,223698,4680340,4685112,4682784,22427,0,761,0
22.57695508003235,223698,4680340,4685112,4682784,22427,0,761,0
22.592674016952515,223698,4680340,4685112,4682784,22427,0,761,0
22.6082820892334,223698,4680340,4685112,4682784,22427,0,761,0
22.623783111572266,223698,4680340,4685112,4682784,22427,0,761,0
22.6394259929657,223698,4680340,4685112,4682784,22427,0,761,0
22.655240058898926,223698,4680340,4685112,4682784,22427,0,761,0
22.671142101287842,223698,4680340,4685112,4682784,22427,0,761,0
22.686995029449463,223698,4680340,4685112,4682784,22427,0,761,0
22.702792167663574,223698,4680340,4685112,4682784,22427,0,761,0
22.718242168426514,223698,4680340,4685112,4682784,22427,0,761,0
22.733963012695312,223698,4680340,4685112,4682784,22427,0,761,0
22.749613046646118,223698,4680340,4685112,4682784,22427,0,761,0
22.765160083770752,223698,4680340,4685112,4682784,22427,0,761,0
22.780812978744507,223698,4680340,4685112,4682784,22427,0,761,0
22.796585083007812,223698,4680340,4685112,4682784,22427,0,761,0
22.81217312812805,223698,4680340,4685112,4682784,22427,0,761,0
22.827993154525757,223698,4680340,4685112,4682784,22427,0,761,0
22.843796014785767,223698,4680340,4685112,4682784,22427,0,761,0
22.859522104263306,223698,4680340,4685112,4682784,22427,0,761,0
22.87511897087097,223698,4680340,4685112,4682784,22427,0,761,0
22.890745162963867,223698,4680340,4685112,4682784,22427,0,761,0
22.90672206878662,223698,4680340,4685112,4682784,22427,0,761,0
22.922281980514526,223698,4680340,4685112,4682784,22427,0,761,0
22.938037157058716,223698,4680340,4685112,4682784,22427,0,761,0
22.953785181045532,223698,4680340,4685112,4682784,22427,0,761,0
22.969540119171143,223698,4680340,4685112,4682784,22427,0,761,0
22.98580312728882,223698,4680340,4685112,4682784,22427,0,761,0
23.00153613090515,223698,4680340,4685112,4682784,22427,0,761,0
23.0171639919281,223698,4680340,4685112,4682784,22427,0,761,0
23.033019065856934,223698,4680340,4685112,4682784,22427,0,761,0
23.04870319366455,223698,4680340,4685112,4682784,22427,0,761,0
23.06425714492798,223698,4680340,4685112,4682784,22427,0,761,0
23.08002018928528,223698,4680340,4685112,4682784,22427,0,761,0
23.095733165740967,223698,4680340,4685112,4682784,22427,0,761,0
23.11178207397461,223698,4680340,4685112,4682784,22427,0,761,0
23.127509117126465,223698,4680340,4685112,4682784,22427,0,761,0
23.143086194992065,223698,4680340,4685112,4682784,22427,0,761,0
23.158791065216064,223698,4680340,4685112,4682784,22427,0,761,0
23.174314975738525,223698,4680340,4685112,4682784,22427,0,761,0
23.190059185028076,223698,4680340,4685112,4682784,22427,0,761,0
23.205888032913208,223698,4680340,4685112,4682784,22427,0,761,0
23.2217800617218,223698,4680340,4685112,4682784,22427,0,761,0
23.237231969833374,223698,4680340,4685112,4682784,22427,0,761,0
23.252971172332764,223698,4680340,4685112,4682784,22427,0,761,0
23.268678188323975,223698,4680340,4685112,4682784,22427,0,761,0
23.284173011779785,223698,4680340,4685112,4682784,22427,0,761,0
23.299971103668213,223698,4680340,4685112,4682784,22427,0,761,0
23.316012144088745,223698,4680340,4685112,4682784,22427,0,761,0
23.331704139709473,223698,4680340,4685112,4682784,22427,0,761,0
23.347100973129272,223698,4680340,4685112,4682784,22427,0,761,0
23.36262011528015,223698,4680340,4685112,4682784,22427,0,761,0
23.37819004058838,223698,4680340,4685112,4682784,22427,0,761,0
23.39377999305725,223698,4680340,4685112,4682784,22427,0,761,0
23.409181118011475,223698,4680340,4685112,4682784,22427,0,761,0
23.426504135131836,223698,4680340,4685112,4682784,22427,0,761,0
23.442119121551514,223698,4680340,4685112,4682784,22427,0,761,0
23.4578640460968,223698,4680340,4685112,4682784,22427,0,761,0
23.473254203796387,223698,4680340,4685112,4682784,22427,0,761,0
23.48902416229248,223698,4680340,4685112,4682784,22427,0,761,0
23.504255056381226,223698,4680340,4685112,4682784,22427,0,761,0
23.519918203353882,223698,4680340,4685112,4682784,22427,0,761,0
23.535808086395264,223698,4680340,4685112,4682784,22427,0,761,0
23.551573991775513,223698,4680340,4685112,4682784,22427,0,761,0
23.56700611114502,223698,4680340,4685112,4682784,22427,0,761,0
23.582523107528687,223698,4680340,4685112,4682784,22427,0,761,0
23.598052978515625,223698,4680340,4685112,4682784,22427,0,761,0
23.613632202148438,223698,4680340,4685112,4682784,22427,0,761,0
23.62916398048401,223698,4680340,4685112,4682784,22427,0,761,0
23.644862174987793,223698,4680340,4685112,4682784,22427,0,761,0
23.660619020462036,223698,4680340,4685112,4682784,22427,0,761,0
23.676520109176636,223698,4680340,4685112,4682784,22427,0,761,0
23.692146062850952,223698,4680340,4685112,4682784,22427,0,761,0
23.70764398574829,223698,4680340,4685112,4682784,22427,0,761,0
23.723047971725464,223698,4680340,4685112,4682784,22427,0,761,0
23.739070177078247,223698,4680340,4685112,4682784,22427,0,761,0
23.75466513633728,223698,4680340,4685112,4682784,22427,0,761,0
23.77010202407837,223698,4680340,4685112,4682784,22427,0,761,0
23.785804986953735,223698,4680340,4685112,4682784,22427,0,761,0
23.801289081573486,223698,4680340,4685112,4682784,22427,0,761,0
23.81669807434082,223698,4680340,4685112,4682784,22427,0,761,0
23.832165002822876,223698,4680340,4685112,4682784,22427,0,761,0
23.84774398803711,223698,4680340,4685112,4682784,22427,0,761,0
23.86308217048645,223698,4680340,4685112,4682784,22427,0,761,0
23.878642082214355,223698,4680340,4685112,4682784,22427,0,761,0
23.894185066223145,223698,4680340,4685112,4682784,22427,0,761,0
23.909784078598022,223698,4680340,4685112,4682784,22427,0,761,0
23.92518401145935,223698,4680340,4685112,4682784,22427,0,761,0
23.941131114959717,223698,4680340,4685112,4682784,22427,0,761,0
23.956935167312622,223698,4680340,4685112,4682784,22427,0,761,0
23.972509145736694,223698,4680340,4685112,4682784,22427,0,761,0
23.98815417289734,223698,4680340,4685112,4682784,22427,0,761,0
24.003772020339966,223698,4680340,4685112,4682784,22427,0,761,0
24.01915407180786,223698,4680340,4685112,4682784,22427,0,761,0
24.035115003585815,223698,4680340,4685112,4682784,22427,0,761,0
24.050697088241577,223698,4680340,4685112,4682784,22427,0,761,0
24.066187143325806,223698,4680340,4685112,4682784,22427,0,761,0
24.08196210861206,223698,4680340,4685112,4682784,22427,0,761,0
24.09769105911255,223698,4680340,4685112,4682784,22427,0,761,0
24.113190174102783,223698,4680340,4685112,4682784,22427,0,761,0
24.128785133361816,223698,4680340,4685112,4682784,22427,0,761,0
24.144265174865723,223698,4680340,4685112,4682784,22427,0,761,0
24.159950971603394,223698,4680340,4685112,4682784,22427,0,761,0
24.175295114517212,223698,4680340,4685112,4682784,22427,0,761,0
24.19103217124939,223698,4680340,4685112,4682784,22427,0,761,0
24.206634998321533,223698,4680340,4685112,4682784,22427,0,761,0
24.222164154052734,223698,4680340,4685112,4682784,22427,0,761,0
24.237650156021118,223698,4680340,4685112,4682784,22427,0,761,0
24.25322914123535,223698,4680340,4685112,4682784,22427,0,761,0
24.268787145614624,223698,4680340,4685112,4682784,22427,0,761,0
24.28420400619507,223698,4680340,4685112,4682784,22427,0,761,0
24.29976511001587,223698,4680340,4685112,4682784,22427,0,761,0
24.31521511077881,223698,4680340,4685112,4682784,22427,0,761,0
24.330909967422485,223698,4680340,4685112,4682784,22427,0,761,0
24.346559047698975,223698,4680340,4685112,4682784,22427,0,761,0
24.36250615119934,223698,4680340,4685112,4682784,22427,0,761,0
24.378139972686768,223698,4680340,4685112,4682784,22427,0,761,0
24.393733024597168,223698,4680340,4685112,4682784,22427,0,761,0
24.409878969192505,223698,4680340,4685112,4682784,22427,0,761,0
24.425283193588257,223698,4680340,4685112,4682784,22427,0,761,0
24.44097900390625,223698,4680340,4685112,4682784,22427,0,761,0
24.456538200378418,223698,4680340,4685112,4682784,22427,0,761,0
24.47190809249878,223698,4680340,4685112,4682784,22427,0,761,0
24.487169981002808,223698,3930772,3935544,3933216,22427,0,746,0
24.502953052520752,223698,3930772,3935544,3933216,22427,0,746,0
24.518542051315308,223698,3930772,3935544,3933216,22427,0,746,0
24.53410816192627,223698,3930772,3935544,3933216,22427,0,746,0
24.549735069274902,223698,3930772,3935544,3933216,22427,0,746,0
24.56510305404663,223698,3930772,3935544,3933216,22427,0,746,0
24.580682039260864,223698,3930772,3935544,3933216,22427,0,746,0
24.59613299369812,223698,3930772,3935544,3933216,22427,0,746,0
24.61173915863037,223698,3930772,3935544,3933216,22427,0,746,0
24.62719416618347,223698,3930772,3935544,3933216,22427,0,746,0
24.642651081085205,223698,3930772,3935544,3933216,22427,0,746,0
24.658104181289673,223698,3930772,3935544,3933216,22427,0,746,0
24.673877000808716,223698,3930772,3935544,3933216,22427,0,746,0
24.68926501274109,223698,3930772,3935544,3933216,22427,0,746,0
24.70496416091919,223698,3930772,3935544,3933216,22427,0,746,0
24.720632076263428,223698,3930772,3935544,3933216,22427,0,746,0
24.736122131347656,223698,3930772,3935544,3933216,22427,0,746,0
24.752039194107056,223698,3930772,3935544,3933216,22427,0,746,0
24.76760506629944,223698,3930772,3935544,3933216,22427,0,746,0
24.783056020736694,223698,3930772,3935544,3933216,22427,0,746,0
24.79852318763733,223698,3930772,3935544,3933216,22427,0,746,0
24.814009189605713,223698,3930772,3935544,3933216,22427,0,746,0
24.829771995544434,223698,3930772,3935544,3933216,22427,0,746,0
24.845198154449463,223698,3930772,3935544,3933216,22427,0,746,0
24.860799074172974,223698,3930772,3935544,3933216,22427,0,746,0
24.876620054244995,223698,3930772,3935544,3933216,22427,0,746,0
24.892110109329224,223698,3930772,3935544,3933216,22427,0,746,0
24.907251119613647,223698,3930772,3935544,3933216,22427,0,746,0
24.922733068466187,223698,3930772,3935544,3933216,22427,0,746,0
24.938170194625854,223698,3930772,3935544,3933216,22427,0,746,0
24.9537410736084,223698,3930772,3935544,3933216,22427,0,746,0
24.969527006149292,223698,3930772,3935544,3933216,22427,0,746,0
24.985169172286987,223698,3930772,3935544,3933216,22427,0,746,0
25.00082015991211,223698,3930772,3935544,3933216,22427,0,746,0
25.016529083251953,223698,3930772,3935544,3933216,22427,0,746,0
25.032138109207153,223698,3930772,3935544,3933216,22427,0,746,0
25.04763412475586,223698,3930772,3935544,3933216,22427,0,746,0
25.063170194625854,223698,3930772,3935544,3933216,22427,0,746,0
25.078720092773438,223698,3930772,3935544,3933216,22427,0,746,0
25.094101190567017,223698,3930772,3935544,3933216,22427,0,746,0
25.10951519012451,223698,3930772,3935544,3933216,22427,0,746,0
25.125187158584595,223698,3930772,3935544,3933216,22427,0,746,0
25.140886068344116,223698,3930772,3935544,3933216,22427,0,746,0
25.156228065490723,223698,3930772,3935544,3933216,22427,0,746,0
25.171951055526733,223698,3930772,3935544,3933216,22427,0,746,0
25.187791109085083,223698,3930772,3935544,3933216,22427,0,746,0
25.203121185302734,223698,3930772,3935544,3933216,22427,0,746,0
25.218805074691772,223698,3930772,3935544,3933216,22427,0,746,0
25.234196186065674,223698,3930772,3935544,3933216,22427,0,746,0
25.249659061431885,223698,3930772,3935544,3933216,22427,0,746,0
25.265552043914795,223698,3930772,3935544,3933216,22427,0,746,0
25.281938076019287,223698,3930772,3935544,3933216,22427,0,746,0
25.297240018844604,223698,3930772,3935544,3933216,22427,0,746,0
25.31268310546875,223698,3930772,3935544,3933216,22427,0,746,0
25.328109979629517,223698,3930772,3935544,3933216,22427,0,746,0
25.343708992004395,223698,3930772,3935544,3933216,22427,0,746,0
25.359151124954224,223698,3930772,3935544,3933216,22427,0,746,0
25.3747661113739,223698,3930772,3935544,3933216,22427,0,746,0
25.39054298400879,223698,3930772,3935544,3933216,22427,0,746,0
25.406224012374878,223698,3930772,3935544,3933216,22427,0,746,0
25.421791076660156,223698,3930772,3935544,3933216,22427,0,746,0
25.437172174453735,223698,3930772,3935544,3933216,22427,0,746,0
25.452969074249268,223698,3930772,3935544,3933216,22427,0,746,0
25.468656063079834,223698,3930772,3935544,3933216,22427,0,746,0
25.48413610458374,223698,3930772,3935544,3933216,22427,0,746,0
25.499621152877808,223698,3930772,3935544,3933216,22427,0,746,0
25.515072107315063,223698,3930772,3935544,3933216,22427,0,746,0
25.531078100204468,223698,3930772,3935544,3933216,22427,0,746,0
25.546531200408936,223698,3930772,3935544,3933216,22427,0,746,0
25.56211018562317,223698,3930772,3935544,3933216,22427,0,746,0
25.57760000228882,223698,3930772,3935544,3933216,22427,0,746,0
25.593093156814575,223698,3930772,3935544,3933216,22427,0,746,0
25.608989000320435,223698,3930772,3935544,3933216,22427,0,746,0
25.624521017074585,223698,3930772,3935544,3933216,22427,0,746,0
25.63999605178833,223698,3930772,3935544,3933216,22427,0,746,0
25.655524015426636,223698,3930772,3935544,3933216,22427,0,746,0
25.671154022216797,223698,3930772,3935544,3933216,22427,0,746,0
25.68680715560913,223698,3930772,3935544,3933216,22427,0,746,0
25.702251195907593,223698,3930772,3935544,3933216,22427,0,746,0
25.71785306930542,223698,3930772,3935544,3933216,22427,0,746,0
25.73322105407715,223698,3930772,3935544,3933216,22427,0,746,0
25.748680114746094,223698,3930772,3935544,3933216,22427,0,746,0
25.76418399810791,223698,3930772,3935544,3933216,22427,0,746,0
25.779896020889282,223698,3930772,3935544,3933216,22427,0,746,0
25.795262098312378,223698,3930772,3935544,3933216,22427,0,746,0
25.810538053512573,223698,3930772,3935544,3933216,22427,0,746,0
25.82608699798584,223698,3930772,3935544,3933216,22427,0,746,0
25.8415629863739,223698,3930772,3935544,3933216,22427,0,746,0
25.857139110565186,223698,3930772,3935544,3933216,22427,0,746,0
25.872802019119263,223698,3930772,3935544,3933216,22427,0,746,0
25.888176202774048,223698,3930772,3935544,3933216,22427,0,746,0
25.90381097793579,223698,3930772,3935544,3933216,22427,0,746,0
25.91965103149414,223698,3930772,3935544,3933216,22427,0,746,0
25.935121059417725,223698,3930772,3935544,3933216,22427,0,746,0
25.95059609413147,223698,3930772,3935544,3933216,22427,0,746,0
25.96612000465393,223698,3930772,3935544,3933216,22427,0,746,0
25.981492042541504,223698,3930772,3935544,3933216,22427,0,746,0
25.997053146362305,223698,3930772,3935544,3933216,22427,0,746,0
26.01266312599182,223698,3930772,3935544,3933216,22427,0,746,0
26.02855896949768,223698,3930772,3935544,3933216,22427,0,746,0
26.044135093688965,223698,3930772,3935544,3933216,22427,0,746,0
26.059602975845337,223698,3930772,3935544,3933216,22427,0,746,0
26.075085163116455,223698,3930772,3935544,3933216,22427,0,746,0
26.0907301902771,223698,3930772,3935544,3933216,22427,0,746,0
26.1062490940094,223698,3930772,3935544,3933216,22427,0,746,0
26.121791124343872,223698,3930772,3935544,3933216,22427,0,746,0
26.137067079544067,223698,3930772,3935544,3933216,22427,0,746,0
26.152530193328857,223698,3930772,3935544,3933216,22427,0,746,0
26.1681489944458,223698,3930772,3935544,3933216,22427,0,746,0
26.183829069137573,223698,3930772,3935544,3933216,22427,0,746,0
26.19927716255188,223698,3930772,3935544,3933216,22427,0,746,0
26.21500515937805,223698,3930772,3935544,3933216,22427,0,746,0
26.230529069900513,223698,3930772,3935544,3933216,22427,0,746,0
26.246081113815308,223698,3930772,3935544,3933216,22427,0,746,0
26.26195502281189,223698,3930772,3935544,3933216,22427,0,746,0
26.277573108673096,223698,3930772,3935544,3933216,22427,0,746,0
26.29312515258789,223698,3930772,3935544,3933216,22427,0,746,0
26.30872416496277,223698,3930772,3935544,3933216,22427,0,746,0
26.324093103408813,223698,3930772,3935544,3933216,22427,0,746,0
26.339924097061157,223698,3930772,3935544,3933216,22427,0,746,0
26.35591197013855,223698,3930772,3935544,3933216,22427,0,746,0
26.371284008026123,223698,3930772,3935544,3933216,22427,0,746,0
26.386978149414062,223698,3930772,3935544,3933216,22427,0,746,0
26.402528047561646,223698,3930772,3935544,3933216,22427,0,746,0
26.4180850982666,223698,3930772,3935544,3933216,22427,0,746,0
26.434056997299194,223698,3930772,3935544,3933216,22427,0,746,0
26.44974708557129,223698,3930772,3935544,3933216,22427,0,746,0
26.465221166610718,223698,3930772,3935544,3933216,22427,0,746,0
26.48076105117798,223698,3930772,3935544,3933216,22427,0,746,0
26.496222972869873,223698,3930772,3935544,3933216,22427,0,746,0
26.511775016784668,223698,3930772,3935544,3933216,22427,0,746,0
26.527266025543213,223698,3930772,3935544,3933216,22427,0,746,0
26.543119192123413,223698,3150484,3155256,3152928,22427,0,730,0
26.558977127075195,223698,3150484,3155256,3152928,22427,0,730,0
26.574316024780273,223698,3150484,3155256,3152928,22427,0,730,0
26.58986496925354,223698,3150484,3155256,3152928,22427,0,730,0
26.60529613494873,223698,3150484,3155256,3152928,22427,0,730,0
26.620867013931274,223698,3150484,3155256,3152928,22427,0,730,0
26.636157035827637,223698,3150484,3155256,3152928,22427,0,730,0
26.652122974395752,223698,3150484,3155256,3152928,22427,0,730,0
26.66754698753357,223698,3150484,3155256,3152928,22427,0,730,0
26.683032035827637,223698,3150484,3155256,3152928,22427,0,730,0
26.698566198349,223698,3150484,3155256,3152928,22427,0,730,0
26.714102029800415,223698,3150484,3155256,3152928,22427,0,730,0
26.729572057724,223698,3150484,3155256,3152928,22427,0,730,0
26.745185136795044,223698,3150484,3155256,3152928,22427,0,730,0
26.7606840133667,223698,3150484,3155256,3152928,22427,0,730,0
26.776575088500977,223698,3150484,3155256,3152928,22427,0,730,0
26.792343139648438,223698,3150484,3155256,3152928,22427,0,730,0
26.80835509300232,223698,3150484,3155256,3152928,22427,0,730,0
26.82411503791809,223698,3156628,3163448,3159072,22430,0,730,0
26.840020179748535,223698,3164820,3171640,3167264,22434,0,730,0
26.85625720024109,223698,3166868,3171640,3169312,22435,0,730,0
26.872194051742554,223698,3166868,3171640,3169312,22435,0,730,0
26.887965202331543,223698,3166868,3171640,3169312,22435,0,730,0
26.903949975967407,223698,3166868,3171640,3169312,22435,0,730,0
26.9197781085968,223698,3166868,3171640,3169312,22435,0,730,0
26.935588121414185,223698,3166868,3171640,3169312,22435,0,730,0
26.951296091079712,223698,3166868,3171640,3169312,22435,0,730,0
26.967076063156128,223698,3166868,3171640,3169312,22435,0,730,0
26.98277497291565,223698,3166868,3171640,3169312,22435,0,730,0
26.99859619140625,223698,3166868,3171640,3169312,22435,0,730,0
27.01455307006836,223698,3166868,3171640,3169312,22435,0,730,0
27.0302631855011,223698,3166868,3171640,3169312,22435,0,730,0
27.046128034591675,223698,3166868,3171640,3169312,22435,0,730,0
27.06250810623169,223698,3166868,3171640,3169312,22435,0,730,0
27.078365087509155,223698,3166868,3171640,3169312,22435,0,730,0
27.094300985336304,223698,3166868,3171640,3169312,22435,0,730,0
27.110154151916504,223698,3166868,3171640,3169312,22435,0,730,0
27.12614417076111,223698,3166868,3171640,3169312,22435,0,730,0
27.142022132873535,223698,3166868,3171640,3169312,22435,0,730,0
27.15777611732483,223698,3166868,3171640,3169312,22435,0,730,0
27.173461198806763,223698,3166868,3171640,3169312,22435,0,730,0
27.189566135406494,223698,3166868,3171640,3169312,22435,0,730,0
27.205273151397705,223698,3166868,3171640,3169312,22435,0,730,0
27.221076011657715,223698,3166868,3171640,3169312,22435,0,730,0
27.236796140670776,223698,3166868,3171640,3169312,22435,0,730,0
27.25255799293518,223698,3166868,3171640,3169312,22435,0,730,0
27.26834797859192,223698,3166868,3171640,3169312,22435,0,730,0
27.28423500061035,223698,3166868,3171640,3169312,22435,0,730,0
27.30029296875,223698,3166868,3171640,3169312,22435,0,730,0
27.316485166549683,223698,3166868,3171640,3169312,22435,0,730,0
27.333527088165283,223698,3166868,3171640,3169312,22435,0,730,0
27.349311113357544,223698,3166868,3171640,3169312,22435,0,730,0
27.365241050720215,223698,3166868,3171640,3169312,22435,0,730,0
27.381093978881836,223698,3166868,3171640,3169312,22435,0,730,0
27.396857976913452,223698,3166868,3171640,3169312,22435,0,730,0
27.412638187408447,223698,3166868,3171640,3169312,22435,0,730,0
27.428381204605103,223698,3166868,3171640,3169312,22435,0,730,0
27.44417405128479,223698,3166868,3171640,3169312,22435,0,730,0
27.46011519432068,223698,3166868,3171640,3169312,22435,0,730,0
27.476272106170654,223698,3166868,3171640,3169312,22435,0,730,0
27.492164134979248,223698,3166868,3171640,3169312,22435,0,730,0
27.508103132247925,223698,3166868,3171640,3169312,22435,0,730,0
27.523895978927612,223698,3166868,3171640,3169312,22435,0,730,0
27.53971815109253,223698,3166868,3171640,3169312,22435,0,730,0
27.555365085601807,223698,3166868,3171640,3169312,22435,0,730,0
27.571125030517578,223698,3166868,3171640,3169312,22435,0,730,0
27.586920976638794,223698,3166868,3171640,3169312,22435,0,730,0
27.602720975875854,223698,3166868,3171640,3169312,22435,0,730,0
27.618736028671265,223698,3166868,3171640,3169312,22435,0,730,0
27.634592056274414,223698,3166868,3171640,3169312,22435,0,730,0
27.65035104751587,223698,3166868,3171640,3169312,22435,0,730,0
27.666167974472046,223698,3166868,3171640,3169312,22435,0,730,0
27.681981086730957,223698,3166868,3171640,3169312,22435,0,730,0
27.697864055633545,223698,3166868,3171640,3169312,22435,0,730,0
27.71361517906189,223698,3166868,3171640,3169312,22435,0,730,0
27.72928500175476,223698,3166868,3171640,3169312,22435,0,730,0
27.745052099227905,223698,3166868,3171640,3169312,22435,0,730,0
27.760735988616943,223698,3166868,3171640,3169312,22435,0,730,0
27.776520013809204,223698,3166868,3171640,3169312,22435,0,730,0
27.79230499267578,223698,3166868,3171640,3169312,22435,0,730,0
27.808046102523804,223698,3166868,3171640,3169312,22435,0,730,0
27.82398509979248,223698,3166868,3171640,3169312,22435,0,730,0
27.83979606628418,223698,3166868,3171640,3169312,22435,0,730,0
27.855607986450195,223698,3166868,3171640,3169312,22435,0,730,0
27.871337175369263,223698,3166868,3171640,3169312,22435,0,730,0
27.88714098930359,223698,3166868,3171640,3169312,22435,0,730,0
27.903072118759155,223698,3166868,3171640,3169312,22435,0,730,0
27.91892409324646,223698,3166868,3171640,3169312,22435,0,730,0
27.935033082962036,223698,3166868,3171640,3169312,22435,0,730,0
27.950849056243896,223698,3166868,3171640,3169312,22435,0,730,0
27.96650004386902,223698,3166868,3171640,3169312,22435,0,730,0
27.981976985931396,223698,3166868,3171640,3169312,22435,0,730,0
27.997613191604614,223698,3166868,3171640,3169312,22435,0,730,0
28.013195037841797,223698,3166868,3171640,3169312,22435,0,730,0
28.028892993927002,223698,3166868,3171640,3169312,22435,0,730,0
28.044438123703003,223698,3166868,3171640,3169312,22435,0,730,0
28.06027603149414,223698,3166868,3171640,3169312,22435,0,730,0
28.075963973999023,223698,3166868,3171640,3169312,22435,0,730,0
28.091776132583618,223698,3166868,3171640,3169312,22435,0,730,0
28.108052015304565,223698,3166868,3171640,3169312,22435,0,730,0
28.123866081237793,223698,3166868,3171640,3169312,22435,0,730,0
28.139702081680298,223698,3166868,3171640,3169312,22435,0,730,0
28.15555214881897,223698,3166868,3171640,3169312,22435,0,730,0
28.17129898071289,223698,3166868,3171640,3169312,22435,0,730,0
28.187160968780518,223698,3166868,3171640,3169312,22435,0,730,0
28.202983140945435,223698,3166868,3171640,3169312,22435,0,730,0
28.21871519088745,223698,3166868,3171640,3169312,22435,0,730,0
28.234479188919067,223698,3166868,3171640,3169312,22435,0,730,0
28.250277042388916,223698,3166868,3171640,3169312,22435,0,730,0
28.266005039215088,223698,3166868,3171640,3169312,22435,0,730,0
28.281776189804077,223698,3166868,3171640,3169312,22435,0,730,0
28.297725200653076,223698,3166868,3171640,3169312,22435,0,730,0
28.313501119613647,223698,3166868,3171640,3169312,22435,0,730,0
28.329331159591675,223698,3166868,3171640,3169312,22435,0,730,0
28.34535312652588,223698,3166868,3171640,3169312,22435,0,730,0
28.361314058303833,223698,3166868,3171640,3169312,22435,0,730,0
28.37727403640747,223698,3166868,3171640,3169312,22435,0,730,0
28.395282983779907,223698,3166868,3171640,3169312,22435,0,730,0
28.411241054534912,223698,3166868,3171640,3169312,22435,0,730,0
28.435185194015503,223698,3166868,3171640,3169312,22435,0,730,0
28.45310401916504,223698,3166868,3171640,3169312,22435,0,730,0
28.47018599510193,223698,3166868,3171640,3169312,22435,0,730,0
28.48720908164978,223698,3166868,3171640,3169312,22435,0,730,0
28.504329204559326,223698,3166868,3171640,3169312,22435,0,730,0
28.52145004272461,223698,3166868,3171640,3169312,22435,0,730,0
28.538612127304077,223698,3166868,3171640,3169312,22435,0,730,0
28.55560302734375,223698,3166868,3171640,3169312,22435,0,730,0
28.572463035583496,223698,3166868,3171640,3169312,22435,0,730,0
28.589420080184937,223698,2572948,2577720,2575392,22435,0,718,0
28.606386184692383,223698,2572948,2577720,2575392,22435,0,718,0
28.623466968536377,223698,2572948,2577720,2575392,22435,0,718,0
28.64054799079895,223698,2572948,2577720,2575392,22435,0,718,0
28.657456159591675,223698,2572948,2577720,2575392,22435,0,718,0
28.674435138702393,223698,2572948,2577720,2575392,22435,0,718,0
28.691371202468872,223698,2572948,2577720,2575392,22435,0,718,0
28.70832920074463,223698,2572948,2577720,2575392,22435,0,718,0
28.725396156311035,223698,2572948,2577720,2575392,22435,0,718,0
28.74217700958252,223698,2572948,2577720,2575392,22435,0,718,0
28.758772134780884,223698,2572948,2577720,2575392,22435,0,718,0
28.775424003601074,223698,2572948,2577720,2575392,22435,0,718,0
28.791916131973267,223698,2572948,2577720,2575392,22435,0,718,0
28.808467149734497,223698,2572948,2577720,2575392,22435,0,718,0
28.825093030929565,223698,2572948,2577720,2575392,22435,0,718,0
28.841124057769775,223698,2572948,2577720,2575392,22435,0,718,0
28.857108116149902,223698,2572948,2577720,2575392,22435,0,718,0
28.873006105422974,223698,2572948,2577720,2575392,22435,0,718,0
28.888805150985718,223698,2572948,2577720,2575392,22435,0,718,0
28.904730081558228,223698,2572948,2577720,2575392,22435,0,718,0
28.920637130737305,223698,2572948,2577720,2575392,22435,0,718,0
28.936488151550293,223698,2572948,2577720,2575392,22435,0,718,0
28.952365159988403,223698,2572948,2577720,2575392,22435,0,718,0
28.968290090560913,223698,2572948,2577720,2575392,22435,0,718,0
28.984058141708374,223698,2572948,2577720,2575392,22435,0,718,0
28.999758005142212,223698,2572948,2577720,2575392,22435,0,718,0
29.01554012298584,223698,2572948,2577720,2575392,22435,0,718,0
29.031244039535522,223698,2572948,2577720,2575392,22435,0,718,0
29.04701805114746,223698,2572948,2577720,2575392,22435,0,718,0
29.062819004058838,223698,2572948,2577720,2575392,22435,0,718,0
29.07866907119751,223698,2572948,2577720,2575392,22435,0,718,0
29.094322204589844,223698,2572948,2577720,2575392,22435,0,718,0
29.110045194625854,223698,2572948,2577720,2575392,22435,0,718,0
29.12574315071106,223698,2572948,2577720,2575392,22435,0,718,0
29.14160418510437,223698,2572948,2577720,2575392,22435,0,718,0
29.15721106529236,223698,2572948,2577720,2575392,22435,0,718,0
29.172696113586426,223698,2572948,2577720,2575392,22435,0,718,0
29.188237190246582,223698,2572948,2577720,2575392,22435,0,718,0
29.203716039657593,223698,2572948,2577720,2575392,22435,0,718,0
29.2192440032959,223698,2572948,2577720,2575392,22435,0,718,0
29.23487615585327,223698,2572948,2577720,2575392,22435,0,718,0
29.25045418739319,223698,2572948,2577720,2575392,22435,0,718,0
29.266605138778687,223698,2572948,2577720,2575392,22435,0,718,0
29.281965017318726,223698,2572948,2577720,2575392,22435,0,718,0
29.29752802848816,223698,2572948,2577720,2575392,22435,0,718,0
29.312936067581177,223698,2572948,2577720,2575392,22435,0,718,0
29.3283371925354,223698,2572948,2577720,2575392,22435,0,718,0
29.343887090682983,223698,2572948,2577720,2575392,22435,0,718,0
29.359573125839233,223698,2572948,2577720,2575392,22435,0,718,0
29.375118017196655,223698,2572948,2577720,2575392,22435,0,718,0
29.39069700241089,223698,2572948,2577720,2575392,22435,0,718,0
29.40623116493225,223698,2572948,2577720,2575392,22435,0,718,0
29.42169713973999,223698,2572948,2577720,2575392,22435,0,718,0
29.437204122543335,223698,2572948,2577720,2575392,22435,0,718,0
29.452644109725952,223698,2572948,2577720,2575392,22435,0,718,0
29.468170166015625,223698,2572948,2577720,2575392,22435,0,718,0
29.483681201934814,223698,2572948,2577720,2575392,22435,0,718,0
29.499541997909546,223698,2572948,2577720,2575392,22435,0,718,0
29.51524019241333,223698,2572948,2577720,2575392,22435,0,718,0
29.53095817565918,223698,2572948,2577720,2575392,22435,0,718,0
29.546746015548706,223698,2572948,2577720,2575392,22435,0,718,0
29.56265616416931,223698,2572948,2577720,2575392,22435,0,718,0
29.578516006469727,223698,2572948,2577720,2575392,22435,0,718,0
29.594232082366943,223698,2572948,2577720,2575392,22435,0,718,0
29.609905004501343,223698,2572948,2577720,2575392,22435,0,718,0
29.625692129135132,223698,2572948,2577720,2575392,22435,0,718,0
29.64147114753723,223698,2572948,2577720,2575392,22435,0,718,0
29.657037019729614,223698,2572948,2577720,2575392,22435,0,718,0
29.672604084014893,223698,2572948,2577720,2575392,22435,0,718,0
29.688374042510986,223698,2572948,2577720,2575392,22435,0,718,0
29.704045057296753,223698,2572948,2577720,2575392,22435,0,718,0
29.71993112564087,223698,2572948,2577720,2575392,22435,0,718,0
29.73573899269104,223698,2572948,2577720,2575392,22435,0,718,0
29.75136113166809,223698,2572948,2577720,2575392,22435,0,718,0
29.766975164413452,223698,2572948,2577720,2575392,22435,0,718,0
29.782814979553223,223698,2572948,2577720,2575392,22435,0,718,0
29.798261165618896,223698,2572948,2577720,2575392,22435,0,718,0
29.81374216079712,223698,2572948,2577720,2575392,22435,0,718,0
29.8296320438385,223698,2572948,2577720,2575392,22435,0,718,0
29.845399141311646,223698,2572948,2577720,2575392,22435,0,718,0
29.860896110534668,223698,2572948,2577720,2575392,22435,0,718,0
29.876707077026367,223698,2572948,2577720,2575392,22435,0,718,0
29.892470121383667,223698,2572948,2577720,2575392,22435,0,718,0
29.908270120620728,223698,2572948,2577720,2575392,22435,0,718,0
29.92379903793335,223698,2572948,2577720,2575392,22435,0,718,0
29.939261198043823,223698,2572948,2577720,2575392,22435,0,718,0
29.955039978027344,223698,2572948,2577720,2575392,22435,0,718,0
29.970722198486328,223698,2572948,2577720,2575392,22435,0,718,0
29.986622095108032,223698,2572948,2577720,2575392,22435,0,718,0
30.002361059188843,223698,2581140,2585912,2583584,22439,0,718,0
30.018004179000854,223698,2589332,2594104,2591776,22443,0,719,0
30.033571004867554,223698,2597524,2602296,2599968,22447,0,719,0
30.04911208152771,223698,2605716,2610488,2608160,22451,0,719,0
30.064658164978027,223698,2613908,2618680,2616352,22455,0,719,0
30.080640077590942,223698,2622100,2626872,2624544,22459,0,720,0
30.096408128738403,223698,2630292,2635064,2632736,22463,0,720,0
30.112179040908813,223698,2638484,2643256,2640928,22467,0,720,0
30.127990007400513,223698,2646676,2651448,2649120,22470,0,720,0
30.143684148788452,223698,2654868,2659640,2657312,22475,0,720,0
30.159247159957886,223698,2663060,2667832,2665504,22479,0,720,0
30.17506718635559,223698,2671252,2676024,2673696,22482,0,720,0
30.191158056259155,223698,2679444,2684216,2681888,22486,0,720,0
30.206786155700684,223698,2687636,2692408,2690080,22490,0,721,0
30.222325086593628,223698,2695828,2700600,2698272,22495,0,721,0
30.238362073898315,223698,2704020,2708792,2706464,22499,0,721,0
30.25426697731018,223698,2712212,2716984,2714656,22503,0,721,0
30.270135164260864,223698,2720404,2725176,2722848,22507,0,722,0
30.286056995391846,223698,2728596,2733368,2731040,22511,0,722,0
30.301743030548096,223698,2736788,2741560,2739232,22515,0,722,0
30.317589044570923,223698,2744980,2749752,2747424,22519,0,722,0
30.333315134048462,223698,2753172,2757944,2755616,22523,0,722,0
30.348868131637573,223698,2761364,2766136,2763808,22527,0,722,0
30.364453077316284,223698,2769556,2774328,2772000,22531,0,722,0
30.38020896911621,223698,2777748,2782520,2780192,22535,0,722,0
30.395881175994873,223698,2785940,2790712,2788384,22539,0,723,0
30.411548137664795,223698,2794132,2798904,2796576,22543,0,723,0
30.427383184432983,223698,2802324,2807096,2804768,22547,0,723,0
30.443287134170532,223698,2810516,2815288,2812960,22551,0,723,0
30.45918107032776,223698,2818708,2823480,2821152,22555,0,724,0
30.47514319419861,223698,2826900,2831672,2829344,22559,0,724,0
30.490785121917725,223698,2835092,2839864,2837536,22563,0,724,0
30.506556034088135,223698,2843284,2848056,2845728,22567,0,724,0
30.522395133972168,223698,2851476,2856248,2853920,22571,0,724,0
30.538207054138184,223698,2859668,2864440,2862112,22575,0,724,0
30.55392813682556,223698,2867860,2872632,2870304,22579,0,724,0
30.569709062576294,223698,2876052,2880824,2878496,22583,0,724,0
30.585288047790527,223698,2884244,2889016,2886688,22587,0,725,0
30.60150408744812,223698,2892436,2897208,2894880,22591,0,725,0
30.617454051971436,223698,2900628,2905400,2903072,22595,0,725,0
30.633076190948486,223698,2884244,2889016,2886688,22599,0,725,0
30.648977994918823,223698,2892436,2897208,2894880,22603,0,725,0
30.66468119621277,223698,2896532,2901304,2898976,22605,0,725,0
30.680313110351562,223698,2896532,2901304,2898976,22605,0,725,0
30.69611406326294,223698,2896532,2901304,2898976,22605,0,725,0
30.71175217628479,223698,2896532,2901304,2898976,22605,0,725,0
30.727638006210327,223698,2896532,2901304,2898976,22605,0,725,0
30.743316173553467,223698,2896532,2901304,2898976,22605,0,725,0
30.758692979812622,223698,2896532,2901304,2898976,22605,0,725,0
30.774533987045288,223698,2896532,2901304,2898976,22605,0,725,0
30.790386199951172,223698,2896532,2901304,2898976,22605,0,725,0
30.80625319480896,223698,2896532,2901304,2898976,22605,0,725,0
30.821914196014404,223698,2896532,2901304,2898976,22605,0,725,0
30.83719515800476,223698,2896532,2901304,2898976,22605,0,725,0
30.852851152420044,223698,2896532,2901304,2898976,22605,0,725,0
30.868519067764282,223698,2896532,2901304,2898976,22605,0,725,0
30.88414716720581,223698,2896532,2901304,2898976,22605,0,725,0
30.899890184402466,223698,2896532,2901304,2898976,22605,0,725,0
30.915202140808105,223698,2896532,2901304,2898976,22605,0,725,0
30.930723190307617,223698,2896532,2901304,2898976,22605,0,725,0
30.946161031723022,223698,2896532,2901304,2898976,22605,0,725,0
30.961549997329712,223698,2896532,2901304,2898976,22605,0,725,0
30.977123022079468,223698,2896532,2901304,2898976,22605,0,725,0
30.99253797531128,223698,2896532,2901304,2898976,22605,0,725,0
31.008068084716797,223698,2896532,2901304,2898976,22605,0,725,0
31.023542165756226,223698,2896532,2901304,2898976,22605,0,725,0
31.039003133773804,223698,2896532,2901304,2898976,22605,0,725,0
31.05469512939453,223698,2896532,2901304,2898976,22605,0,725,0
31.07016897201538,223698,2896532,2901304,2898976,22605,0,725,0
31.08579397201538,223698,2896532,2901304,2898976,22605,0,725,0
31.101262092590332,223698,2896532,2901304,2898976,22605,0,725,0
31.116855144500732,223698,2896532,2901304,2898976,22605,0,725,0
31.13220500946045,223698,2896532,2901304,2898976,22605,0,725,0
31.14767098426819,223698,2896532,2901304,2898976,22605,0,725,0
31.163125038146973,223698,2896532,2901304,2898976,22605,0,725,0
31.17864418029785,223698,2896532,2901304,2898976,22605,0,725,0
31.194157123565674,223698,2896532,2901304,2898976,22605,0,725,0
31.21294116973877,223698,2896532,2901304,2898976,22605,0,725,0
31.228976011276245,223698,2896532,2901304,2898976,22605,0,725,0
31.244282007217407,223698,2896532,2901304,2898976,22605,0,725,0
31.259937047958374,223698,2896532,2901304,2898976,22605,0,725,0
31.275264024734497,223698,2896532,2901304,2898976,22605,0,725,0
31.290740966796875,223698,2896532,2901304,2898976,22605,0,725,0
31.306217193603516,223698,2896532,2901304,2898976,22605,0,725,0
31.321887016296387,223698,2896532,2901304,2898976,22605,0,725,0
31.337157011032104,223698,2896532,2901304,2898976,22605,0,725,0
31.3528151512146,223698,2896532,2901304,2898976,22605,0,725,0
31.368263006210327,223698,2896532,2901304,2898976,22605,0,725,0
31.383880138397217,223698,2896532,2901304,2898976,22605,0,725,0
31.399558067321777,223698,2896532,2901304,2898976,22605,0,725,0
31.415147066116333,223698,2896532,2901304,2898976,22605,0,725,0
31.431146144866943,223698,2896532,2901304,2898976,22605,0,725,0
31.44664716720581,223698,2896532,2901304,2898976,22605,0,725,0
31.462107181549072,223698,2896532,2901304,2898976,22605,0,725,0
31.477756023406982,223698,2896532,2901304,2898976,22605,0,725,0
31.49318814277649,223698,2896532,2901304,2898976,22605,0,725,0
31.508779048919678,223698,2896532,2901304,2898976,22605,0,725,0
31.524206161499023,223698,2896532,2901304,2898976,22605,0,725,0
31.539754152297974,223698,2896532,2901304,2898976,22605,0,725,0
31.555257081985474,223698,2896532,2901304,2898976,22605,0,725,0
31.570909023284912,223698,2896532,2901304,2898976,22605,0,725,0
31.586217164993286,223698,2896532,2901304,2898976,22605,0,725,0
31.601768016815186,223698,2896532,2901304,2898976,22605,0,725,0
31.617205142974854,223698,2896532,2901304,2898976,22605,0,725,0
31.63274312019348,223698,2896532,2901304,2898976,22605,0,725,0
31.648627042770386,223698,2896532,2901304,2898976,22605,0,725,0
31.664241075515747,223698,2896532,2901304,2898976,22605,0,725,0
31.679769039154053,223698,2896532,2901304,2898976,22605,0,725,0
31.695195198059082,223698,2896532,2901304,2898976,22605,0,725,0
31.710777044296265,223698,2896532,2901304,2898976,22605,0,725,0
31.726648092269897,223698,2896532,2901304,2898976,22605,0,725,0
31.742178201675415,223698,2896532,2901304,2898976,22605,0,725,0
31.7576961517334,223698,2896532,2901304,2898976,22605,0,725,0
31.7731511592865,223698,2896532,2901304,2898976,22605,0,725,0
31.788673162460327,223698,2896532,2901304,2898976,22605,0,725,0
31.80414319038391,223698,2896532,2901304,2898976,22605,0,725,0
31.8196439743042,223698,2896532,2901304,2898976,22605,0,725,0
31.835160970687866,223698,2896532,2901304,2898976,22605,0,725,0
31.851003170013428,223698,2896532,2901304,2898976,22605,0,725,0
31.866652011871338,223698,2896532,2901304,2898976,22605,0,725,0
31.882119178771973,223698,2896532,2901304,2898976,22605,0,725,0
31.897688150405884,223698,2896532,2901304,2898976,22605,0,725,0
31.913151025772095,223698,2896532,2901304,2898976,22605,0,725,0
31.92913818359375,223698,2896532,2901304,2898976,22605,0,725,0
31.94489097595215,223698,2896532,2901304,2898976,22605,0,725,0
31.960323095321655,223698,2896532,2901304,2898976,22605,0,725,0
31.97604203224182,223698,2896532,2901304,2898976,22605,0,725,0
31.99157214164734,223698,2896532,2901304,2898976,22605,0,725,0
32.00713896751404,223698,2896532,2901304,2898976,22605,0,725,0
32.02273201942444,223698,2896532,2901304,2898976,22605,0,725,0
32.038156032562256,223698,2896532,2901304,2898976,22605,0,725,0
32.053760051727295,223698,2896532,2901304,2898976,22605,0,725,0
32.06926608085632,223698,2896532,2901304,2898976,22605,0,725,0
32.08477306365967,223698,2896532,2901304,2898976,22605,0,725,0
32.10016202926636,223698,2896532,2901304,2898976,22605,0,725,0
32.115727186203,223698,2896532,2901304,2898976,22605,0,725,0
32.13119196891785,223698,2896532,2901304,2898976,22605,0,725,0
32.14679408073425,223698,2896532,2901304,2898976,22605,0,725,0
32.162590980529785,223698,2896532,2901304,2898976,22605,0,725,0
32.17835211753845,223698,2896532,2901304,2898976,22605,0,725,0
32.19414401054382,223698,2896532,2901304,2898976,22605,0,725,0
32.20968699455261,223698,2896532,2901304,2898976,22605,0,725,0
32.2252631187439,223698,2896532,2901304,2898976,22605,0,725,0
32.24099802970886,223698,2896532,2901304,2898976,22605,0,725,0
32.25657510757446,223698,2896532,2901304,2898976,22605,0,725,0
32.272653102874756,223698,2896532,2901304,2898976,22605,0,725,0
32.28812003135681,223698,2896532,2901304,2898976,22605,0,725,0
32.30370616912842,223698,2896532,2901304,2898976,22605,0,725,0
32.31912016868591,223698,2896532,2901304,2898976,22605,0,725,0
32.334726095199585,223698,2896532,2901304,2898976,22605,0,725,0
32.35011410713196,223698,2896532,2901304,2898976,22605,0,725,0
32.36570596694946,223698,2896532,2901304,2898976,22605,0,725,0
32.38125205039978,223698,2896532,2901304,2898976,22605,0,725,0
32.396926164627075,223698,2896532,2901304,2898976,22605,0,725,0
32.41228199005127,223698,2896532,2901304,2898976,22605,0,725,0
32.42779612541199,223698,2896532,2901304,2898976,22605,0,725,0
32.44329118728638,223698,2896532,2901304,2898976,22605,0,725,0
32.45894718170166,223698,2896532,2901304,2898976,22605,0,725,0
32.47431802749634,223698,2896532,2901304,2898976,22605,0,725,0
32.489981174468994,223698,2896532,2901304,2898976,22605,0,725,0
32.50551509857178,223698,2896532,2901304,2898976,22605,0,725,0
32.52106809616089,223698,2896532,2901304,2898976,22605,0,725,0
32.53669500350952,223698,2896532,2901304,2898976,22605,0,725,0
32.552191972732544,223698,2896532,2901304,2898976,22605,0,725,0
32.56768798828125,223698,2896532,2901304,2898976,22605,0,725,0
32.58315706253052,223698,2896532,2901304,2898976,22605,0,725,0
32.59868597984314,223698,2896532,2901304,2898976,22605,0,725,0
32.614134073257446,223698,2896532,2901304,2898976,22605,0,725,0
32.629794120788574,223698,2896532,2901304,2898976,22605,0,725,0
32.6451530456543,223698,2896532,2901304,2898976,22605,0,725,0
32.6607620716095,223698,2896532,2901304,2898976,22605,0,725,0
32.67676115036011,223698,2503316,2508088,2505760,22605,0,717,0
32.692275047302246,223698,2503316,2508088,2505760,22605,0,717,0
32.7078800201416,223698,2503316,2508088,2505760,22605,0,717,0
32.72331714630127,223698,2503316,2508088,2505760,22605,0,717,0
32.7388641834259,223698,2503316,2508088,2505760,22605,0,717,0
32.75420618057251,223698,2503316,2508088,2505760,22605,0,717,0
32.76971101760864,223698,2503316,2508088,2505760,22605,0,717,0
32.785152196884155,223698,2503316,2508088,2505760,22605,0,717,0
32.80065417289734,223698,2503316,2508088,2505760,22605,0,717,0
32.8161141872406,223698,2503316,2508088,2505760,22605,0,717,0
32.83170199394226,223698,2503316,2508088,2505760,22605,0,717,0
32.84719204902649,223698,2503316,2508088,2505760,22605,0,717,0
32.86273217201233,223698,2503316,2508088,2505760,22605,0,717,0
32.878178119659424,223698,2503316,2508088,2505760,22605,0,717,0
32.89405918121338,223698,2503316,2508088,2505760,22605,0,717,0
32.90956997871399,223698,2503316,2508088,2505760,22605,0,717,0
32.925135135650635,223698,2503316,2508088,2505760,22605,0,717,0
32.94079399108887,223698,2503316,2508088,2505760,22605,0,717,0
32.956223011016846,223698,2503316,2508088,2505760,22605,0,717,0
32.971765995025635,223698,2503316,2508088,2505760,22605,0,717,0
32.98714518547058,223698,2503316,2508088,2505760,22605,0,717,0
33.00271010398865,223698,2503316,2508088,2505760,22605,0,717,0
33.01814818382263,223698,2503316,2508088,2505760,22605,0,717,0
33.03370404243469,223698,2503316,2508088,2505760,22605,0,717,0
33.04920506477356,223698,2503316,2508088,2505760,22605,0,717,0
33.06477618217468,223698,2503316,2508088,2505760,22605,0,717,0
33.08017706871033,223698,2503316,2508088,2505760,22605,0,717,0
33.09602117538452,223698,2503316,2508088,2505760,22605,0,717,0
33.11161017417908,223698,2503316,2508088,2505760,22605,0,717,0
33.127114057540894,223698,2503316,2508088,2505760,22605,0,717,0
33.142714977264404,223698,2503316,2508088,2505760,22605,0,717,0
33.158661127090454,223698,2503316,2508088,2505760,22605,0,717,0
33.174172163009644,223698,2503316,2508088,2505760,22605,0,717,0
33.189720153808594,223698,2503316,2508088,2505760,22605,0,717,0
33.20515418052673,223698,2503316,2508088,2505760,22605,0,717,0
33.22071599960327,223698,2503316,2508088,2505760,22605,0,717,0
33.236162185668945,223698,2503316,2508088,2505760,22605,0,717,0
33.251770973205566,223698,2503316,2508088,2505760,22605,0,717,0
33.267197132110596,223698,2503316,2508088,2505760,22605,0,717,0
33.28272199630737,223698,2503316,2508088,2505760,22605,0,717,0
33.298206090927124,223698,2503316,2508088,2505760,22605,0,717,0
33.31365203857422,223698,2503316,2508088,2505760,22605,0,717,0
33.329102993011475,223698,2503316,2508088,2505760,22605,0,717,0
33.34464406967163,223698,2503316,2508088,2505760,22605,0,717,0
33.36015701293945,223698,2503316,2508088,2505760,22605,0,717,0
33.37556314468384,223698,2503316,2508088,2505760,22605,0,717,0
33.39107298851013,223698,2503316,2508088,2505760,22605,0,717,0
33.406562089920044,223698,2503316,2508088,2505760,22605,0,717,0
33.42200303077698,223698,2503316,2508088,2505760,22605,0,717,0
33.43732213973999,223698,2503316,2508088,2505760,22605,0,717,0
33.45303297042847,223698,2503316,2508088,2505760,22605,0,717,0
33.46850800514221,223698,2503316,2508088,2505760,22605,0,717,0
33.484042167663574,223698,2503316,2508088,2505760,22605,0,717,0
33.49954104423523,223698,2503316,2508088,2505760,22605,0,717,0
33.515050172805786,223698,2503316,2508088,2505760,22605,0,717,0
33.53056502342224,223698,2503316,2508088,2505760,22605,0,717,0
33.546120166778564,223698,2503316,2508088,2505760,22605,0,717,0
33.56165409088135,223698,2503316,2508088,2505760,22605,0,717,0
33.57718515396118,223698,2503316,2508088,2505760,22605,0,717,0
33.5927050113678,223698,2503316,2508088,2505760,22605,0,717,0
33.60818815231323,223698,2503316,2508088,2505760,22605,0,717,0
33.62372303009033,223698,2503316,2508088,2505760,22605,0,717,0
33.63914704322815,223698,2503316,2508088,2505760,22605,0,717,0
33.654728174209595,223698,2503316,2508088,2505760,22605,0,717,0
33.670143127441406,223698,2503316,2508088,2505760,22605,0,717,0
33.68561005592346,223698,2503316,2508088,2505760,22605,0,717,0
33.70113515853882,223698,2503316,2508088,2505760,22605,0,717,0
33.71657419204712,223698,2503316,2508088,2505760,22605,0,717,0
33.73211598396301,223698,2503316,2508088,2505760,22605,0,717,0
33.7477331161499,223698,2503316,2508088,2505760,22605,0,717,0
33.76317310333252,223698,2503316,2508088,2505760,22605,0,717,0
33.77867412567139,223698,2503316,2508088,2505760,22605,0,717,0
33.79413414001465,223698,2503316,2508088,2505760,22605,0,717,0
33.809556007385254,223698,2503316,2508088,2505760,22605,0,717,0
33.825138092041016,223698,2503316,2508088,2505760,22605,0,717,0
33.84074020385742,223698,2503316,2508088,2505760,22605,0,717,0
33.85614609718323,223698,2503316,2508088,2505760,22605,0,717,0
33.871798038482666,223698,2503316,2508088,2505760,22605,0,717,0
33.88721203804016,223698,2503316,2508088,2505760,22605,0,717,0
33.902884006500244,223698,2503316,2508088,2505760,22605,0,717,0
33.91820812225342,223698,2503316,2508088,2505760,22605,0,717,0
33.93378210067749,223698,2503316,2508088,2505760,22605,0,717,0
33.949275970458984,223698,2503316,2508088,2505760,22605,0,717,0
33.965015172958374,223698,2503316,2508088,2505760,22605,0,717,0
33.98062610626221,223698,2503316,2508088,2505760,22605,0,717,0
33.99624013900757,223698,2503316,2508088,2505760,22605,0,717,0
34.01205515861511,223698,2503316,2508088,2505760,22605,0,717,0
34.02757406234741,223698,2503316,2508088,2505760,22605,0,717,0
34.043145179748535,223698,2503316,2508088,2505760,22605,0,717,0
34.058659076690674,223698,2503316,2508088,2505760,22605,0,717,0
34.07415819168091,223698,2503316,2508088,2505760,22605,0,717,0
34.08962297439575,223698,2503316,2508088,2505760,22605,0,717,0
34.105103969573975,223698,2503316,2508088,2505760,22605,0,717,0
34.12076115608215,223698,2503316,2508088,2505760,22605,0,717,0
34.1371431350708,223698,2503316,2508088,2505760,22605,0,717,0
34.15295720100403,223698,2503316,2508088,2505760,22605,0,717,0
34.16830515861511,223698,2503316,2508088,2505760,22605,0,717,0
34.183902978897095,223698,2503316,2508088,2505760,22605,0,717,0
34.1995370388031,223698,2503316,2508088,2505760,22605,0,717,0
34.215177059173584,223698,2503316,2508088,2505760,22605,0,717,0
34.23071002960205,223698,2503316,2508088,2505760,22605,0,717,0
34.24614715576172,223698,2503316,2508088,2505760,22605,0,717,0
34.26166796684265,223698,2503316,2508088,2505760,22605,0,717,0
34.277141094207764,223698,2503316,2508088,2505760,22605,0,717,0
34.292800188064575,223698,2503316,2508088,2505760,22605,0,717,0
34.3082640171051,223698,2503316,2508088,2505760,22605,0,717,0
34.323907136917114,223698,2503316,2508088,2505760,22605,0,717,0
34.33979797363281,223698,2503316,2508088,2505760,22605,0,717,0
34.35521197319031,223698,2503316,2508088,2505760,22605,0,717,0
34.37078905105591,223698,2503316,2508088,2505760,22605,0,717,0
34.38621497154236,223698,2503316,2508088,2505760,22605,0,717,0
34.40194916725159,223698,2503316,2508088,2505760,22605,0,717,0
34.41754412651062,223698,2503316,2508088,2505760,22605,0,717,0
34.43311810493469,223698,2503316,2508088,2505760,22605,0,717,0
34.44868612289429,223698,2503316,2508088,2505760,22605,0,717,0
34.464131116867065,223698,2503316,2508088,2505760,22605,0,717,0
34.47979402542114,223698,2503316,2508088,2505760,22605,0,717,0
34.49526119232178,223698,2503316,2508088,2505760,22605,0,717,0
34.51078820228577,223698,2503316,2508088,2505760,22605,0,717,0
34.52619504928589,223698,2503316,2508088,2505760,22605,0,717,0
34.541805028915405,223698,2503316,2508088,2505760,22605,0,717,0
34.557785987854004,223698,2503316,2508088,2505760,22605,0,717,0
34.57313013076782,223698,2503316,2508088,2505760,22605,0,717,0
34.58873701095581,223698,2503316,2508088,2505760,22605,0,717,0
34.60419511795044,223698,2503316,2508088,2505760,22605,0,717,0
34.61978197097778,223698,2503316,2508088,2505760,22605,0,717,0
34.635186195373535,223698,2503316,2508088,2505760,22605,0,717,0
34.65080404281616,223698,2503316,2508088,2505760,22605,0,717,0
34.6661651134491,223698,2503316,2508088,2505760,22605,0,717,0
34.68177604675293,223698,2503316,2508088,2505760,22605,0,717,0
34.69722104072571,223698,2503316,2508088,2505760,22605,0,717,0
34.71272015571594,223698,2503316,2508088,2505760,22605,0,717,0
34.728068113327026,223698,2099860,2104632,2102304,22605,0,709,0
34.743306159973145,223698,2099860,2104632,2102304,22605,0,709,0
34.75890898704529,223698,2099860,2104632,2102304,22605,0,709,0
34.774198055267334,223698,2099860,2104632,2102304,22605,0,709,0
34.78977608680725,223698,2099860,2104632,2102304,22605,0,709,0
34.80541110038757,223698,2099860,2104632,2102304,22605,0,709,0
34.821189165115356,223698,2099860,2104632,2102304,22605,0,709,0
34.83677005767822,223698,2099860,2104632,2102304,22605,0,709,0
34.85226011276245,223698,2099860,2104632,2102304,22605,0,709,0
34.867876052856445,223698,2099860,2104632,2102304,22605,0,709,0
34.88325119018555,223698,2099860,2104632,2102304,22605,0,709,0
34.89903903007507,223698,2099860,2104632,2102304,22605,0,709,0
34.914589166641235,223698,2099860,2104632,2102304,22605,0,709,0
34.9303719997406,223698,2099860,2104632,2102304,22605,0,709,0
34.94602608680725,223698,2099860,2104632,2102304,22605,0,709,0
34.962072134017944,223698,2099860,2104632,2102304,22605,0,709,0
34.97797417640686,223698,2099860,2104632,2102304,22605,0,709,0
34.99406909942627,223698,2099860,2104632,2102304,22605,0,709,0
35.0099401473999,223698,2099860,2104632,2102304,22605,0,709,0
35.02537298202515,223698,2099860,2104632,2102304,22605,0,709,0
35.04084610939026,223698,2099860,2104632,2102304,22605,0,709,0
35.05625820159912,223698,2099860,2104632,2102304,22605,0,709,0
35.072094202041626,223698,2099860,2104632,2102304,22605,0,709,0
35.08799505233765,223698,2099860,2104632,2102304,22605,0,709,0
35.106372117996216,223698,2099860,2104632,2102304,22605,0,709,0
35.122101068496704,223698,2099860,2104632,2102304,22605,0,709,0
35.1379451751709,223698,2099860,2104632,2102304,22605,0,709,0
35.15381717681885,223698,2099860,2104632,2102304,22605,0,709,0
35.16997504234314,223698,2099860,2104632,2102304,22605,0,709,0
35.185752153396606,223698,2099860,2104632,2102304,22605,0,709,0
35.201740980148315,223698,2099860,2104632,2102304,22605,0,709,0
35.217578172683716,223698,2099860,2104632,2102304,22605,0,709,0
35.23336720466614,223698,2099860,2104632,2102304,22605,0,709,0
35.24928116798401,223698,2099860,2104632,2102304,22605,0,709,0
35.26519799232483,223698,2099860,2104632,2102304,22605,0,709,0
35.2810320854187,223698,2099860,2104632,2102304,22605,0,709,0
35.29698705673218,223698,2099860,2104632,2102304,22605,0,709,0
35.31298899650574,223698,2099860,2104632,2102304,22605,0,709,0
35.32876014709473,223698,2099860,2104632,2102304,22605,0,709,0
35.3446249961853,223698,2099860,2104632,2102304,22605,0,709,0
35.36038017272949,223698,2099860,2104632,2102304,22605,0,709,0
35.37628197669983,223698,2099860,2104632,2102304,22605,0,709,0
35.3921160697937,223698,2099860,2104632,2102304,22605,0,709,0
35.40800213813782,223698,2099860,2104632,2102304,22605,0,709,0
35.423771142959595,223698,2099860,2104632,2102304,22605,0,709,0
35.439550161361694,223698,2099860,2104632,2102304,22605,0,709,0
35.45524001121521,223698,2099860,2104632,2102304,22605,0,709,0
35.47094917297363,223698,2099860,2104632,2102304,22605,0,709,0
35.486961126327515,223698,2099860,2104632,2102304,22605,0,709,0
35.5028510093689,223698,2101908,2106680,2104352,22606,0,709,0
35.51834297180176,223698,2110100,2114872,2112544,22610,0,709,0
35.53374910354614,223698,2118292,2123064,2120736,22614,0,709,0
35.549283027648926,223698,2124436,2129208,2126880,22617,0,709,0
35.56475520133972,223698,2124436,2129208,2126880,22617,0,709,0
35.580268144607544,223698,2124436,2129208,2126880,22617,0,709,0
35.59614419937134,223698,2124436,2129208,2126880,22617,0,709,0
35.61168813705444,223698,2124436,2129208,2126880,22617,0,709,0
35.62719106674194,223698,2124436,2129208,2126880,22617,0,709,0
35.64281105995178,223698,2124436,2129208,2126880,22617,0,709,0
35.65827298164368,223698,2124436,2129208,2126880,22617,0,709,0
35.67400312423706,223698,2124436,2129208,2126880,22617,0,709,0
35.689664125442505,223698,2124436,2129208,2126880,22617,0,709,0
35.70540714263916,223698,2124436,2129208,2126880,22617,0,709,0
35.72138214111328,223698,2124436,2129208,2126880,22617,0,709,0
35.737143993377686,223698,2124436,2129208,2126880,22617,0,709,0
35.75294899940491,223698,2124436,2129208,2126880,22617,0,709,0
35.76875615119934,223698,2124436,2129208,2126880,22617,0,709,0
35.78455400466919,223698,2124436,2129208,2126880,22617,0,709,0
35.800326108932495,223698,2124436,2129208,2126880,22617,0,709,0
35.81613612174988,223698,2124436,2129208,2126880,22617,0,709,0
35.83158612251282,223698,2124436,2129208,2126880,22617,0,709,0
35.84718918800354,223698,2124436,2129208,2126880,22617,0,709,0
35.86266303062439,223698,2124436,2129208,2126880,22617,0,709,0
35.87823700904846,223698,2124436,2129208,2126880,22617,0,709,0
35.893906116485596,223698,2124436,2129208,2126880,22617,0,709,0
35.90935397148132,223698,2124436,2129208,2126880,22617,0,709,0
35.9249382019043,223698,2124436,2129208,2126880,22617,0,709,0
35.94077014923096,223698,2124436,2129208,2126880,22617,0,709,0
35.95641016960144,223698,2124436,2129208,2126880,22617,0,709,0
35.972169160842896,223698,2124436,2129208,2126880,22617,0,709,0
35.98794603347778,223698,2124436,2129208,2126880,22617,0,709,0
36.003817081451416,223698,2124436,2129208,2126880,22617,0,709,0
36.019761085510254,223698,2124436,2129208,2126880,22617,0,709,0
36.035547971725464,223698,2124436,2129208,2126880,22617,0,709,0
36.051321029663086,223698,2124436,2129208,2126880,22617,0,709,0
36.06710410118103,223698,2124436,2129208,2126880,22617,0,709,0
36.083314180374146,223698,2124436,2129208,2126880,22617,0,709,0
36.09915614128113,223698,2124436,2129208,2126880,22617,0,709,0
36.115111112594604,223698,2124436,2129208,2126880,22617,0,709,0
36.1309380531311,223698,2124436,2129208,2126880,22617,0,709,0
36.14670515060425,223698,2124436,2129208,2126880,22617,0,709,0
36.162620067596436,223698,2124436,2129208,2126880,22617,0,709,0
36.17837619781494,223698,2124436,2129208,2126880,22617,0,709,0
36.19414806365967,223698,2124436,2129208,2126880,22617,0,709,0
36.210366010665894,223698,2124436,2129208,2126880,22617,0,709,0
36.226306200027466,223698,2124436,2129208,2126880,22617,0,709,0
36.24207401275635,223698,2124436,2129208,2126880,22617,0,709,0
36.257731199264526,223698,2124436,2129208,2126880,22617,0,709,0
36.273576974868774,223698,2124436,2129208,2126880,22617,0,709,0
36.28924608230591,223698,2124436,2129208,2126880,22617,0,709,0
36.304962158203125,223698,2124436,2129208,2126880,22617,0,709,0
36.320717096328735,223698,2124436,2129208,2126880,22617,0,709,0
36.33640813827515,223698,2124436,2129208,2126880,22617,0,709,0
36.35229301452637,223698,2124436,2129208,2126880,22617,0,709,0
36.36807918548584,223698,2124436,2129208,2126880,22617,0,709,0
36.38364505767822,223698,2124436,2129208,2126880,22617,0,709,0
36.39912414550781,223698,2124436,2129208,2126880,22617,0,709,0
36.41465401649475,223698,2124436,2129208,2126880,22617,0,709,0
36.43030118942261,223698,2124436,2129208,2126880,22617,0,709,0
36.44613003730774,223698,2124436,2129208,2126880,22617,0,709,0
36.46219301223755,223698,2124436,2129208,2126880,22617,0,709,0
36.47796702384949,223698,2124436,2129208,2126880,22617,0,709,0
36.49350619316101,223698,2124436,2129208,2126880,22617,0,709,0
36.5092191696167,223698,2124436,2129208,2126880,22617,0,709,0
36.52499604225159,223698,2124436,2129208,2126880,22617,0,709,0
36.540677070617676,223698,2124436,2129208,2126880,22617,0,709,0
36.55634117126465,223698,2124436,2129208,2126880,22617,0,709,0
36.57190012931824,223698,2124436,2129208,2126880,22617,0,709,0
36.58756709098816,223698,2124436,2129208,2126880,22617,0,709,0
36.60334897041321,223698,2124436,2129208,2126880,22617,0,709,0
36.619096994400024,223698,2124436,2129208,2126880,22617,0,709,0
36.63470911979675,223698,2124436,2129208,2126880,22617,0,709,0
36.650269985198975,223698,2124436,2129208,2126880,22617,0,709,0
36.665757179260254,223698,2124436,2129208,2126880,22617,0,709,0
36.68154001235962,223698,2124436,2129208,2126880,22617,0,709,0
36.69715404510498,223698,2124436,2129208,2126880,22617,0,709,0
36.71269106864929,223698,2124436,2129208,2126880,22617,0,709,0
36.72838020324707,223698,2124436,2129208,2126880,22617,0,709,0
36.74418306350708,223698,2124436,2129208,2126880,22617,0,709,0
36.75978112220764,223698,2124436,2129208,2126880,22617,0,709,0
36.77528405189514,223698,1852052,1858872,1854496,22617,0,704,0
36.791107177734375,223698,1856148,1860920,1858592,22619,0,704,0
36.8068790435791,223698,1856148,1860920,1858592,22619,0,704,0
36.82280898094177,223698,1856148,1860920,1858592,22619,0,704,0
36.83923006057739,223698,1856148,1860920,1858592,22619,0,704,0
36.855144023895264,223698,1856148,1860920,1858592,22619,0,704,0
36.87106418609619,223698,1856148,1860920,1858592,22619,0,704,0
36.88695812225342,223698,1862292,1867064,1864736,22622,0,704,0
36.90275716781616,223698,1870484,1875256,1872928,22626,0,704,0
36.918482065200806,223698,1878676,1883448,1881120,22630,0,704,0
36.93428111076355,223698,1886868,1891640,1889312,22634,0,704,0
36.95012807846069,223698,1895060,1899832,1897504,22638,0,704,0
36.96589708328247,223698,1903252,1908024,1905696,22642,0,705,0
36.981903076171875,223698,1911444,1916216,1913888,22646,0,705,0
36.997764110565186,223698,1919636,1924408,1922080,22650,0,705,0
37.01370811462402,223698,1927828,1932600,1930272,22654,0,705,0
37.029431104660034,223698,1936020,1940792,1938464,22658,0,706,0
37.046051025390625,223698,1944212,1948984,1946656,22662,0,706,0
37.06211519241333,223698,1952404,1957176,1954848,22666,0,706,0
37.07786798477173,223698,1960596,1965368,1963040,22670,0,706,0
37.093369007110596,223698,1968788,1973560,1971232,22674,0,706,0
37.10924816131592,223698,1976980,1981752,1979424,22678,0,706,0
37.125012159347534,223698,1985172,1989944,1987616,22682,0,706,0
37.140719175338745,223698,1993364,1998136,1995808,22686,0,706,0
37.15645098686218,223698,2001556,2006328,2004000,22690,0,707,0
37.17237305641174,223698,2009748,2014520,2012192,22694,0,707,0
37.18833518028259,223698,2017940,2022712,2020384,22698,0,707,0
37.204272985458374,223698,2026132,2030904,2028576,22702,0,707,0
37.22009205818176,223698,2034324,2039096,2036768,22706,0,708,0
37.236101150512695,223698,2042516,2047288,2044960,22710,0,708,0
37.25235605239868,223698,2050708,2055480,2053152,22714,0,708,0
37.26829719543457,223698,2058900,2063672,2061344,22718,0,708,0
37.284290075302124,223698,2067092,2071864,2069536,22722,0,708,0
37.30026316642761,223698,2075284,2080056,2077728,22726,0,708,0
37.315991163253784,223698,2083476,2088248,2085920,22730,0,708,0
37.33189105987549,223698,2091668,2096440,2094112,22734,0,708,0
37.34803509712219,223698,2099860,2104632,2102304,22738,0,709,0
37.363744020462036,223698,2108052,2112824,2110496,22742,0,709,0
37.37955403327942,223698,2116244,2121016,2118688,22746,0,709,0
37.39501619338989,223698,2124436,2129208,2126880,22750,0,709,0
37.410505056381226,223698,2132628,2137400,2135072,22754,0,710,0
37.42628717422485,223698,2140820,2145592,2143264,22758,0,710,0
37.442036151885986,223698,2149012,2153784,2151456,22762,0,710,0
37.45767617225647,223698,2157204,2161976,2159648,22766,0,710,0
37.473244190216064,223698,2165396,2170168,2167840,22770,0,710,0
37.488795042037964,223698,2173588,2178360,2176032,22774,0,710,0
37.50429916381836,223698,2181780,2186552,2184224,22778,0,710,0
37.51980113983154,223698,2189972,2194744,2192416,22782,0,710,0
37.53536009788513,223698,2198164,2202936,2200608,22786,0,711,0
37.55099010467529,223698,2206356,2211128,2208800,22790,0,711,0
37.566572189331055,223698,2214548,2219320,2216992,22794,0,711,0
37.5823130607605,223698,2222740,2227512,2225184,22798,0,711,0
37.59824800491333,223698,2230932,2235704,2233376,22802,0,712,0
37.61413598060608,223698,2239124,2243896,2241568,22806,0,712,0
37.629953145980835,223698,2247316,2252088,2249760,22810,0,712,0
37.64596700668335,223698,2255508,2260280,2257952,22814,0,712,0
37.66198205947876,223698,2263700,2268472,2266144,22818,0,712,0
37.67830419540405,223698,2271892,2276664,2274336,22822,0,712,0
37.69423818588257,223698,2280084,2284856,2282528,22826,0,712,0
37.71017408370972,223698,2288276,2293048,2290720,22830,0,712,0
37.72600317001343,223698,2296468,2301240,2298912,22834,0,713,0
37.741979122161865,223698,2304660,2309432,2307104,22838,0,713,0
37.7579460144043,223698,2312852,2317624,2315296,22842,0,713,0
37.77384901046753,223698,2321044,2325816,2323488,22846,0,713,0
37.78981614112854,223698,2329236,2334008,2331680,22850,0,714,0
37.80569911003113,223698,2337428,2342200,2339872,22854,0,714,0
37.821524143218994,223698,2345620,2350392,2348064,22858,0,714,0
37.8375461101532,223698,2353812,2358584,2356256,22862,0,714,0
37.853530168533325,223698,2362004,2366776,2364448,22866,0,714,0
37.869349002838135,223698,2370196,2374968,2372640,22870,0,714,0
37.88519597053528,223698,2378388,2383160,2380832,22874,0,714,0
37.90112614631653,223698,2386580,2391352,2389024,22878,0,714,0
37.91711211204529,223698,2394772,2399544,2397216,22882,0,715,0
37.93292498588562,223698,2402964,2407736,2405408,22886,0,715,0
37.94880700111389,223698,2411156,2415928,2413600,22890,0,715,0
37.96475410461426,223698,2419348,2424120,2421792,22894,0,715,0
37.980605125427246,223698,2427540,2432312,2429984,22898,0,716,0
37.996315002441406,223698,2435732,2440504,2438176,22902,0,716,0
38.01218819618225,223698,2446036,2450744,2448480,22908,0,716,0
38.030757188797,223698,2454228,2458936,2456672,22912,0,716,0
38.046751976013184,223698,2462420,2467128,2464864,22916,0,716,0
38.06269311904907,223698,2470612,2475320,2473056,22920,0,716,0
38.078556060791016,223698,2478804,2483512,2481248,22924,0,716,0
38.094630002975464,223698,2486996,2491704,2489440,22928,0,716,0
38.110480070114136,223698,2495188,2499896,2497632,22932,0,717,0
38.126365184783936,223698,2503380,2508088,2505824,22936,0,717,0
38.142173051834106,223698,2511572,2516280,2514016,22940,0,717,0
38.15801000595093,223698,2519764,2524472,2522208,22944,0,717,0
38.17402720451355,223698,2527956,2532664,2530400,22948,0,718,0
38.1896071434021,223698,2536148,2540856,2538592,22952,0,718,0
38.20543313026428,223698,2544340,2549048,2546784,22956,0,718,0
38.2213180065155,223698,2552532,2557240,2554976,22960,0,718,0
38.237205028533936,223698,2560724,2565432,2563168,22964,0,718,0
38.253098011016846,223698,2568916,2573624,2571360,22968,0,718,0
38.26933002471924,223698,2577108,2581816,2579552,22972,0,718,0
38.285240173339844,223698,2585300,2590008,2587744,22976,0,718,0
38.30120515823364,223698,2593492,2598200,2595936,22980,0,719,0
38.317169189453125,223698,2599636,2604344,2602080,22983,0,719,0
38.33302307128906,223698,2607828,2612536,2610272,22987,0,719,0
38.34886312484741,223698,2616020,2620728,2618464,22991,0,719,0
38.36474800109863,223698,2624212,2628920,2626656,22995,0,720,0
38.38071417808533,223698,2632404,2637112,2634848,22999,0,720,0
38.39663505554199,223698,2640596,2647352,2643040,23003,0,720,0
38.41246509552002,223698,2648788,2655544,2651232,23007,0,720,0
38.42833614349365,223698,2656980,2663736,2659424,23011,0,720,0
38.44415807723999,223698,2665172,2671928,2667616,23015,0,720,0
38.460057973861694,223698,2673364,2680120,2675808,23019,0,720,0
38.4759202003479,223698,2681556,2688312,2684000,23023,0,720,0
38.49179220199585,223698,2689748,2696504,2692192,23027,0,721,0
38.50763297080994,223698,2697940,2704696,2700384,23031,0,721,0
38.523720026016235,223698,2706132,2712888,2708576,23035,0,721,0
38.53965210914612,223698,2714324,2721080,2716768,23039,0,721,0
38.555330991744995,223698,2724564,2729272,2727008,23043,0,722,0
38.571280002593994,223698,2732756,2737464,2735200,23047,0,722,0
38.587364196777344,223698,2740948,2745656,2743392,23051,0,722,0
38.60339307785034,223698,2749140,2753848,2751584,23055,0,722,0
38.619199991226196,223698,2757332,2762040,2759776,23059,0,722,0
38.635056018829346,223698,2765524,2770232,2767968,23063,0,722,0
38.65081715583801,223698,2773716,2778424,2776160,23067,0,722,0
38.66671800613403,223698,2781908,2786616,2784352,23071,0,722,0
38.682615995407104,223698,2790100,2794808,2792544,23075,0,723,0
38.698429107666016,223698,2798292,2803000,2800736,23079,0,723,0
38.71477007865906,223698,2806484,2811192,2808928,23083,0,723,0
38.73066997528076,223698,2814676,2819384,2817120,23088,0,723,0
38.7466561794281,223698,2822868,2827576,2825312,23092,0,724,0
38.762428998947144,223698,2831060,2835768,2833504,23095,0,724,0
38.77831506729126,223698,2839252,2843960,2841696,23100,0,724,0
38.794233083724976,223698,2845396,2850104,2847840,23103,0,724,0
38.810222148895264,223698,2845396,2850104,2847840,23103,0,724,0
38.82608509063721,223698,2661076,2665784,2663520,23103,0,720,0
38.84186005592346,223698,2661076,2665784,2663520,23103,0,720,0
38.85757517814636,223698,2661076,2665784,2663520,23103,0,720,0
38.873372077941895,223698,2661076,2665784,2663520,23103,0,720,0
38.8891921043396,223698,2661076,2665784,2663520,23103,0,720,0
38.90510106086731,223698,2661076,2665784,2663520,23103,0,720,0
38.9212281703949,223698,2661076,2665784,2663520,23103,0,720,0
38.937129974365234,223698,2661076,2665784,2663520,23103,0,720,0
38.95279312133789,223698,2661076,2665784,2663520,23103,0,720,0
38.96820902824402,223698,2661076,2665784,2663520,23103,0,720,0
38.983816146850586,223698,2661076,2665784,2663520,23103,0,720,0
38.99971413612366,223698,2661076,2665784,2663520,23103,0,720,0
39.01516914367676,223698,2661076,2665784,2663520,23103,0,720,0
39.0307731628418,223698,2661076,2665784,2663520,23103,0,720,0
39.04619812965393,223698,2661076,2665784,2663520,23103,0,720,0
39.06174111366272,223698,2661076,2665784,2663520,23103,0,720,0
39.07719397544861,223698,2661076,2665784,2663520,23103,0,720,0
39.09281301498413,223698,2661076,2665784,2663520,23103,0,720,0
39.10823106765747,223698,2661076,2665784,2663520,23103,0,720,0
39.124165058135986,223698,2661076,2665784,2663520,23103,0,720,0
39.13990497589111,223698,2661076,2665784,2663520,23103,0,720,0
39.15521812438965,223698,2661076,2665784,2663520,23103,0,720,0
39.170974016189575,223698,2661076,2665784,2663520,23103,0,720,0
39.186551094055176,223698,2661076,2665784,2663520,23103,0,720,0
39.20221304893494,223698,2661076,2665784,2663520,23103,0,720,0
39.217796087265015,223698,2661076,2665784,2663520,23103,0,720,0
39.23333120346069,223698,2661076,2665784,2663520,23103,0,720,0
39.248953104019165,223698,2661076,2665784,2663520,23103,0,720,0
39.26457118988037,223698,2661076,2665784,2663520,23103,0,720,0
39.2801730632782,223698,2661076,2665784,2663520,23103,0,720,0
39.29607820510864,223698,2661076,2665784,2663520,23103,0,720,0
39.3114070892334,223698,2661076,2665784,2663520,23103,0,720,0
39.327099084854126,223698,2661076,2665784,2663520,23103,0,720,0
39.3430609703064,223698,2661076,2665784,2663520,23103,0,720,0
39.35861611366272,223698,2661076,2665784,2663520,23103,0,720,0
39.37413001060486,223698,2661076,2665784,2663520,23103,0,720,0
39.389671087265015,223698,2661076,2665784,2663520,23103,0,720,0
39.40520000457764,223698,2661076,2665784,2663520,23103,0,720,0
39.420767068862915,223698,2661076,2665784,2663520,23103,0,720,0
39.43626117706299,223698,2661076,2665784,2663520,23103,0,720,0
39.45195698738098,223698,2661076,2665784,2663520,23103,0,720,0
39.46737313270569,223698,2661076,2665784,2663520,23103,0,720,0
39.482988119125366,223698,2661076,2665784,2663520,23103,0,720,0
39.498558044433594,223698,2661076,2665784,2663520,23103,0,720,0
39.51414513587952,223698,2661076,2665784,2663520,23103,0,720,0
39.52977919578552,223698,2661076,2665784,2663520,23103,0,720,0
39.54576301574707,223698,2661076,2665784,2663520,23103,0,720,0
39.561185121536255,223698,2661076,2665784,2663520,23103,0,720,0
39.57632398605347,223698,2661076,2665784,2663520,23103,0,720,0
39.59190607070923,223698,2661076,2665784,2663520,23103,0,720,0
39.60719704627991,223698,2661076,2665784,2663520,23103,0,720,0
39.62268400192261,223698,2661076,2665784,2663520,23103,0,720,0
39.638620138168335,223698,2661076,2665784,2663520,23103,0,720,0
39.654656171798706,223698,2661076,2665784,2663520,23103,0,720,0
39.67022514343262,223698,2661076,2665784,2663520,23103,0,720,0
39.68559408187866,223698,2661076,2665784,2663520,23103,0,720,0
39.70117902755737,223698,2661076,2665784,2663520,23103,0,720,0
39.71658897399902,223698,2661076,2665784,2663520,23103,0,720,0
39.732248067855835,223698,2661076,2665784,2663520,23103,0,720,0
39.7481050491333,223698,2661076,2665784,2663520,23103,0,720,0
39.763331174850464,223698,2661076,2665784,2663520,23103,0,720,0
39.778961181640625,223698,2661076,2665784,2663520,23103,0,720,0
39.79454016685486,223698,2661076,2665784,2663520,23103,0,720,0
39.810235023498535,223698,2661076,2665784,2663520,23103,0,720,0
39.825576066970825,223698,2661076,2665784,2663520,23103,0,720,0
39.841150999069214,223698,2661076,2665784,2663520,23103,0,720,0
39.85674500465393,223698,2661076,2665784,2663520,23103,0,720,0
39.872228145599365,223698,2661076,2665784,2663520,23103,0,720,0
39.887938022613525,223698,2661076,2665784,2663520,23103,0,720,0
39.90336012840271,223698,2661076,2665784,2663520,23103,0,720,0
39.919126987457275,223698,2661076,2665784,2663520,23103,0,720,0
39.934715032577515,223698,2661076,2665784,2663520,23103,0,720,0
39.95016598701477,223698,2661076,2665784,2663520,23103,0,720,0
39.96632218360901,223698,2661076,2665784,2663520,23103,0,720,0
39.98196601867676,223698,2661076,2665784,2663520,23103,0,720,0
39.99763607978821,223698,2661076,2665784,2663520,23103,0,720,0
40.01313018798828,223698,2661076,2665784,2663520,23103,0,720,0
40.02874207496643,223698,2661076,2665784,2663520,23103,0,720,0
40.044172048568726,223698,2661076,2665784,2663520,23103,0,720,0
40.05975914001465,223698,2661076,2665784,2663520,23103,0,720,0
40.075167179107666,223698,2661076,2665784,2663520,23103,0,720,0
40.090933084487915,223698,2661076,2665784,2663520,23103,0,720,0
40.106290102005005,223698,2661076,2665784,2663520,23103,0,720,0
40.12210297584534,223698,2661076,2665784,2663520,23103,0,720,0
40.13765501976013,223698,2661076,2665784,2663520,23103,0,720,0
40.15313005447388,223698,2661076,2665784,2663520,23103,0,720,0
40.168742179870605,223698,2661076,2665784,2663520,23103,0,720,0
40.18423318862915,223698,2661076,2665784,2663520,23103,0,720,0
40.200019121170044,223698,2661076,2665784,2663520,23103,0,720,0
40.21571707725525,223698,2661076,2665784,2663520,23103,0,720,0
40.23163199424744,223698,2661076,2665784,2663520,23103,0,720,0
40.247178077697754,223698,2661076,2665784,2663520,23103,0,720,0
40.262778997421265,223698,2661076,2665784,2663520,23103,0,720,0
40.27816414833069,223698,2661076,2665784,2663520,23103,0,720,0
40.29388904571533,223698,2661076,2665784,2663520,23103,0,720,0
40.309585094451904,223698,2661076,2665784,2663520,23103,0,720,0
40.325181007385254,223698,2661076,2665784,2663520,23103,0,720,0
40.340933084487915,223698,2661076,2665784,2663520,23103,0,720,0
40.35660409927368,223698,2661076,2665784,2663520,23103,0,720,0
40.37217712402344,223698,2661076,2665784,2663520,23103,0,720,0
40.38787508010864,223698,2661076,2665784,2663520,23103,0,720,0
40.40355896949768,223698,2661076,2665784,2663520,23103,0,720,0
40.41925501823425,223698,2661076,2665784,2663520,23103,0,720,0
40.43499398231506,223698,2661076,2665784,2663520,23103,0,720,0
40.450669050216675,223698,2661076,2665784,2663520,23103,0,720,0
40.46622705459595,223698,2661076,2665784,2663520,23103,0,720,0
40.48173499107361,223698,2661076,2665784,2663520,23103,0,720,0
40.497169971466064,223698,2661076,2665784,2663520,23103,0,720,0
40.51270818710327,223698,2661076,2665784,2663520,23103,0,720,0
40.52822399139404,223698,2661076,2665784,2663520,23103,0,720,0
40.543806076049805,223698,2661076,2665784,2663520,23103,0,720,0
40.55918908119202,223698,2661076,2665784,2663520,23103,0,720,0
40.57495403289795,223698,2661076,2665784,2663520,23103,0,720,0
40.5910210609436,223698,2661076,2665784,2663520,23103,0,720,0
40.60636019706726,223698,2661076,2665784,2663520,23103,0,720,0
40.62199807167053,223698,2661076,2665784,2663520,23103,0,720,0
40.63736009597778,223698,2661076,2665784,2663520,23103,0,720,0
40.6528480052948,223698,2661076,2665784,2663520,23103,0,720,0
40.66826105117798,223698,2661076,2665784,2663520,23103,0,720,0
40.683815002441406,223698,2661076,2665784,2663520,23103,0,720,0
40.6992130279541,223698,2661076,2665784,2663520,23103,0,720,0
40.71487903594971,223698,2661076,2665784,2663520,23103,0,720,0
40.73057198524475,223698,2661076,2665784,2663520,23103,0,720,0
40.74620819091797,223698,2661076,2665784,2663520,23103,0,720,0
40.761757135391235,223698,2661076,2665784,2663520,23103,0,720,0
40.77727818489075,223698,2661076,2665784,2663520,23103,0,720,0
40.79316806793213,223698,2661076,2665784,2663520,23103,0,720,0
40.808959007263184,223698,2661076,2665784,2663520,23103,0,720,0
40.82434320449829,223698,2661076,2665784,2663520,23103,0,720,0
40.840102195739746,223698,2661076,2665784,2663520,23103,0,720,0
40.85572004318237,223698,2661076,2665784,2663520,23103,0,720,0
40.87120699882507,223698,2278100,2282808,2280544,23103,0,712,0
40.88699412345886,223698,2278100,2282808,2280544,23103,0,712,0
40.90259599685669,223698,2278100,2282808,2280544,23103,0,712,0
40.91818809509277,223698,2278100,2282808,2280544,23103,0,712,0
40.93447804450989,223698,2278100,2282808,2280544,23103,0,712,0
40.95017910003662,223698,2278100,2282808,2280544,23103,0,712,0
40.96579718589783,223698,2278100,2282808,2280544,23103,0,712,0
40.981149196624756,223698,2278100,2282808,2280544,23103,0,712,0
40.99676299095154,223698,2278100,2282808,2280544,23103,0,712,0
41.01222515106201,223698,2278100,2282808,2280544,23103,0,712,0
41.02786111831665,223698,2278100,2282808,2280544,23103,0,712,0
41.0435791015625,223698,2278100,2282808,2280544,23103,0,712,0
41.059274196624756,223698,2278100,2282808,2280544,23103,0,712,0
41.07494616508484,223698,2278100,2282808,2280544,23103,0,712,0
41.09029817581177,223698,2278100,2282808,2280544,23103,0,712,0
41.10601210594177,223698,2278100,2282808,2280544,23103,0,712,0
41.12155604362488,223698,2278100,2282808,2280544,23103,0,712,0
41.1371591091156,223698,2278100,2282808,2280544,23103,0,712,0
41.15277099609375,223698,2278100,2282808,2280544,23103,0,712,0
41.168169021606445,223698,2278100,2282808,2280544,23103,0,712,0
41.18369698524475,223698,2278100,2282808,2280544,23103,0,712,0
41.199162006378174,223698,2278100,2282808,2280544,23103,0,712,0
41.21514916419983,223698,2278100,2282808,2280544,23103,0,712,0
41.23071312904358,223698,2278100,2282808,2280544,23103,0,712,0
41.24624013900757,223698,2278100,2282808,2280544,23103,0,712,0
41.261803150177,223698,2278100,2282808,2280544,23103,0,712,0
41.27722907066345,223698,2278100,2282808,2280544,23103,0,712,0
41.29273509979248,223698,2278100,2282808,2280544,23103,0,712,0
41.308197021484375,223698,2278100,2282808,2280544,23103,0,712,0
41.3236870765686,223698,2278100,2282808,2280544,23103,0,712,0
41.33919596672058,223698,2278100,2282808,2280544,23103,0,712,0
41.35502505302429,223698,2278100,2282808,2280544,23103,0,712,0
41.370583057403564,223698,2278100,2282808,2280544,23103,0,712,0
41.38612413406372,223698,2278100,2282808,2280544,23103,0,712,0
41.401729106903076,223698,2278100,2282808,2280544,23103,0,712,0
41.417603969573975,223698,2278100,2282808,2280544,23103,0,712,0
41.43316602706909,223698,2278100,2282808,2280544,23103,0,712,0
41.44880199432373,223698,2278100,2282808,2280544,23103,0,712,0
41.46429419517517,223698,2278100,2282808,2280544,23103,0,712,0
41.47977805137634,223698,2278100,2282808,2280544,23103,0,712,0
41.49515199661255,223698,2278100,2282808,2280544,23103,0,712,0
41.51071906089783,223698,2278100,2282808,2280544,23103,0,712,0
41.52627110481262,223698,2278100,2282808,2280544,23103,0,712,0
41.542105197906494,223698,2278100,2282808,2280544,23103,0,712,0
41.55780220031738,223698,2278100,2282808,2280544,23103,0,712,0
41.573222160339355,223698,2278100,2282808,2280544,23103,0,712,0
41.58879113197327,223698,2278100,2282808,2280544,23103,0,712,0
41.604583978652954,223698,2278100,2282808,2280544,23103,0,712,0
41.620182037353516,223698,2278100,2282808,2280544,23103,0,712,0
41.63557720184326,223698,2278100,2282808,2280544,23103,0,712,0
41.651148080825806,223698,2278100,2282808,2280544,23103,0,712,0
41.66675019264221,223698,2278100,2282808,2280544,23103,0,712,0
41.68222713470459,223698,2278100,2282808,2280544,23103,0,712,0
41.697771072387695,223698,2278100,2282808,2280544,23103,0,712,0
41.71328115463257,223698,2278100,2282808,2280544,23103,0,712,0
41.7289559841156,223698,2278100,2282808,2280544,23103,0,712,0
41.74431300163269,223698,2278100,2282808,2280544,23103,0,712,0
41.76002216339111,223698,2278100,2282808,2280544,23103,0,712,0
41.77575397491455,223698,2278100,2282808,2280544,23103,0,712,0
41.79115009307861,223698,2278100,2282808,2280544,23103,0,712,0
41.806663036346436,223698,2278100,2282808,2280544,23103,0,712,0
41.82215619087219,223698,2278100,2282808,2280544,23103,0,712,0
41.83809518814087,223698,2278100,2282808,2280544,23103,0,712,0
41.85391902923584,223698,2278100,2282808,2280544,23103,0,712,0
41.86922216415405,223698,2278100,2282808,2280544,23103,0,712,0
41.88468813896179,223698,2278100,2282808,2280544,23103,0,712,0
41.900153160095215,223698,2278100,2282808,2280544,23103,0,712,0
41.916126012802124,223698,2278100,2282808,2280544,23103,0,712,0
41.93172812461853,223698,2278100,2282808,2280544,23103,0,712,0
41.9471971988678,223698,2278100,2282808,2280544,23103,0,712,0
41.9628701210022,223698,2278100,2282808,2280544,23103,0,712,0
41.97861313819885,223698,2278100,2282808,2280544,23103,0,712,0
41.994179010391235,223698,2278100,2282808,2280544,23103,0,712,0
42.00976300239563,223698,2278100,2282808,2280544,23103,0,712,0
42.025206089019775,223698,2278100,2282808,2280544,23103,0,712,0
42.04115319252014,223698,2278100,2282808,2280544,23103,0,712,0
42.056857109069824,223698,2278100,2282808,2280544,23103,0,712,0
42.07233810424805,223698,2278100,2282808,2280544,23103,0,712,0
42.08793902397156,223698,2278100,2282808,2280544,23103,0,712,0
42.10323119163513,223698,2278100,2282808,2280544,23103,0,712,0
42.118627071380615,223698,2278100,2282808,2280544,23103,0,712,0
42.134186029434204,223698,2278100,2282808,2280544,23103,0,712,0
42.14971709251404,223698,2278100,2282808,2280544,23103,0,712,0
42.16516900062561,223698,2278100,2282808,2280544,23103,0,712,0
42.18065905570984,223698,2278100,2282808,2280544,23103,0,712,0
42.19614911079407,223698,2278100,2282808,2280544,23103,0,712,0
42.21189308166504,223698,2278100,2282808,2280544,23103,0,712,0
42.22718620300293,223698,2278100,2282808,2280544,23103,0,712,0
42.2425479888916,223698,2278100,2282808,2280544,23103,0,712,0
42.25813007354736,223698,2278100,2282808,2280544,23103,0,712,0
42.273773193359375,223698,2278100,2282808,2280544,23103,0,712,0
42.28923296928406,223698,2278100,2282808,2280544,23103,0,712,0
42.30473303794861,223698,2278100,2282808,2280544,23103,0,712,0
42.320192098617554,223698,2278100,2282808,2280544,23103,0,712,0
42.335692167282104,223698,2278100,2282808,2280544,23103,0,712,0
42.351258993148804,223698,2278100,2282808,2280544,23103,0,712,0
42.36706805229187,223698,2278100,2282808,2280544,23103,0,712,0
42.38291811943054,223698,2278100,2282808,2280544,23103,0,712,0
42.39838218688965,223698,2278100,2282808,2280544,23103,0,712,0
42.414056062698364,223698,2278100,2282808,2280544,23103,0,712,0
42.429306983947754,223698,2278100,2282808,2280544,23103,0,712,0
42.44496417045593,223698,2278100,2282808,2280544,23103,0,712,0
42.46079111099243,223698,2278100,2282808,2280544,23103,0,712,0
42.476293087005615,223698,2278100,2282808,2280544,23103,0,712,0
42.491926193237305,223698,2278100,2282808,2280544,23103,0,712,0
42.50723910331726,223698,2278100,2282808,2280544,23103,0,712,0
42.522775173187256,223698,2278100,2282808,2280544,23103,0,712,0
42.53819799423218,223698,2278100,2282808,2280544,23103,0,712,0
42.55381917953491,223698,2278100,2282808,2280544,23103,0,712,0
42.569591999053955,223698,2278160,2282808,2280604,23118,0,712,0
42.58530616760254,223698,2278160,2282808,2280604,23118,0,712,0
42.60104298591614,223698,2278164,2282808,2280608,23119,0,712,0
42.616931200027466,223698,2278164,2282808,2280608,23119,0,712,0
42.63232898712158,223698,2278164,2282808,2280608,23119,0,712,0
42.64799618721008,223698,2278164,2282808,2280608,23119,0,712,0
42.66378402709961,223698,2278164,2282808,2280608,23119,0,712,0
42.67933201789856,223698,2278164,2282808,2280608,23119,0,712,0
42.69492697715759,223698,2278164,2282808,2280608,23119,0,712,0
42.71034598350525,223698,2278164,2282808,2280608,23119,0,712,0
42.725996017456055,223698,2278164,2282808,2280608,23119,0,712,0
42.74137616157532,223698,2278164,2282808,2280608,23119,0,712,0
42.756970167160034,223698,2278164,2282808,2280608,23119,0,712,0
42.77235412597656,223698,2278164,2282808,2280608,23119,0,712,0
42.78812599182129,223698,2278164,2282808,2280608,23119,0,712,0
42.803773164749146,223698,2278164,2282808,2280608,23119,0,712,0
42.81924915313721,223698,2278164,2282808,2280608,23119,0,712,0
42.83473515510559,223698,2278164,2282808,2280608,23119,0,712,0
42.85037016868591,223698,2278164,2282808,2280608,23119,0,712,0
42.866406202316284,223698,2278164,2282808,2280608,23119,0,712,0
42.88513708114624,223698,2278164,2282808,2280608,23119,0,712,0
42.900912046432495,223698,2278164,2282808,2280608,23119,0,712,0
42.91632914543152,223698,1868564,1873272,1871008,23119,0,704,0
42.93189716339111,223698,1868564,1873272,1871008,23119,0,704,0
42.947596073150635,223698,1868564,1873272,1871008,23119,0,704,0
42.963340044021606,223698,1868564,1873272,1871008,23119,0,704,0
42.97921800613403,223698,1868564,1873272,1871008,23119,0,704,0
42.994933128356934,223698,1868564,1873272,1871008,23119,0,704,0
43.01074409484863,223698,1868564,1873272,1871008,23119,0,704,0
43.0263991355896,223698,1868564,1873272,1871008,23119,0,704,0
43.0421941280365,223698,1868564,1873272,1871008,23119,0,704,0
43.05792808532715,223698,1868564,1873272,1871008,23119,0,704,0
43.074050188064575,223698,1868564,1873272,1871008,23119,0,704,0
43.09002113342285,223698,1868564,1873272,1871008,23119,0,704,0
43.105969190597534,223698,1868564,1873272,1871008,23119,0,704,0
43.121716022491455,223698,1868564,1873272,1871008,23119,0,704,0
43.137452125549316,223698,1868564,1873272,1871008,23119,0,704,0
43.15327310562134,223698,1868564,1873272,1871008,23119,0,704,0
43.16911005973816,223698,1868564,1873272,1871008,23119,0,704,0
43.1850790977478,223698,1868564,1873272,1871008,23119,0,704,0
43.200926065444946,223698,1868564,1873272,1871008,23119,0,704,0
43.216758012771606,223698,1868564,1873272,1871008,23119,0,704,0
43.232588052749634,223698,1868564,1873272,1871008,23119,0,704,0
43.24828219413757,223698,1868564,1873272,1871008,23119,0,704,0
43.26410913467407,223698,1868564,1873272,1871008,23119,0,704,0
43.27993202209473,223698,1868564,1873272,1871008,23119,0,704,0
43.29628896713257,223698,1868564,1873272,1871008,23119,0,704,0
43.3121771812439,223698,1868564,1873272,1871008,23119,0,704,0
43.32777500152588,223698,1868564,1873272,1871008,23119,0,704,0
43.34331798553467,223698,1868564,1873272,1871008,23119,0,704,0
43.35873818397522,223698,1868564,1873272,1871008,23119,0,704,0
43.37429618835449,223698,1868564,1873272,1871008,23119,0,704,0
43.3898561000824,223698,1868564,1873272,1871008,23119,0,704,0
43.405357122421265,223698,1868564,1873272,1871008,23119,0,704,0
43.420812129974365,223698,1868564,1873272,1871008,23119,0,704,0
43.43628907203674,223698,1868564,1873272,1871008,23119,0,704,0
43.452062129974365,223698,1868564,1873272,1871008,23119,0,704,0
43.4676570892334,223698,1868564,1873272,1871008,23119,0,704,0
43.48329210281372,223698,1868564,1873272,1871008,23119,0,704,0
43.49904203414917,223698,1868564,1873272,1871008,23119,0,704,0
43.514607191085815,223698,1868564,1873272,1871008,23119,0,704,0
43.53040599822998,223698,1868564,1873272,1871008,23119,0,704,0
43.54620814323425,223698,1868564,1873272,1871008,23119,0,704,0
43.56204414367676,223698,1868564,1873272,1871008,23119,0,704,0
43.57791519165039,223698,1868564,1873272,1871008,23119,0,704,0
43.59393000602722,223698,1868564,1873272,1871008,23119,0,704,0
43.609798192977905,223698,1868564,1873272,1871008,23119,0,704,0
43.625609159469604,223698,1872660,1879416,1875104,23121,0,704,0
43.641340017318726,223698,1880852,1885560,1883296,23125,0,704,0
43.6572961807251,223698,1889044,1893752,1891488,23129,0,704,0
43.673163175582886,223698,1897236,1901944,1899680,23133,0,705,0
43.68887400627136,223698,1899284,1903992,1901728,23134,0,705,0
43.70517706871033,223698,1899284,1903992,1901728,23134,0,705,0
43.72104811668396,223698,1899284,1903992,1901728,23134,0,705,0
43.736908197402954,223698,1899284,1903992,1901728,23134,0,705,0
43.7526490688324,223698,1899284,1903992,1901728,23134,0,705,0
43.76843214035034,223698,1899284,1903992,1901728,23134,0,705,0
43.78424596786499,223698,1899284,1903992,1901728,23134,0,705,0
43.80022716522217,223698,1899284,1903992,1901728,23134,0,705,0
43.81599402427673,223698,1899284,1903992,1901728,23134,0,705,0
43.831775188446045,223698,1899284,1903992,1901728,23134,0,705,0
43.847567081451416,223698,1899284,1903992,1901728,23134,0,705,0
43.86626410484314,223698,1899284,1903992,1901728,23134,0,705,0
43.88211011886597,223698,1899284,1903992,1901728,23134,0,705,0
43.89797902107239,223698,1899284,1903992,1901728,23134,0,705,0
43.91408705711365,223698,1899284,1903992,1901728,23134,0,705,0
43.93001413345337,223698,1899284,1903992,1901728,23134,0,705,0
43.9457631111145,223698,1899284,1903992,1901728,23134,0,705,0
43.9615581035614,223698,1899284,1903992,1901728,23134,0,705,0
43.97732210159302,223698,1899284,1903992,1901728,23134,0,705,0
43.993160009384155,223698,1899284,1903992,1901728,23134,0,705,0
44.009111166000366,223698,1899284,1903992,1901728,23134,0,705,0
44.02513003349304,223698,1899284,1903992,1901728,23134,0,705,0
44.04103112220764,223698,1899284,1903992,1901728,23134,0,705,0
44.056792974472046,223698,1899284,1903992,1901728,23134,0,705,0
44.072381019592285,223698,1899284,1903992,1901728,23134,0,705,0
44.08803915977478,223698,1899284,1903992,1901728,23134,0,705,0
44.103814125061035,223698,1899284,1903992,1901728,23134,0,705,0
44.12013602256775,223698,1899284,1903992,1901728,23134,0,705,0
44.13605809211731,223698,1899284,1903992,1901728,23134,0,705,0
44.152037143707275,223698,1899284,1903992,1901728,23134,0,705,0
44.16781997680664,223698,1899284,1903992,1901728,23134,0,705,0
44.183655977249146,223698,1899284,1903992,1901728,23134,0,705,0
44.19945311546326,223698,1899284,1903992,1901728,23134,0,705,0
44.21533417701721,223698,1899284,1903992,1901728,23134,0,705,0
44.23125600814819,223698,1899284,1903992,1901728,23134,0,705,0
44.24704098701477,223698,1899284,1903992,1901728,23134,0,705,0
44.262901067733765,223698,1899284,1903992,1901728,23134,0,705,0
44.27872109413147,223698,1899284,1903992,1901728,23134,0,705,0
44.29444217681885,223698,1899284,1903992,1901728,23134,0,705,0
44.31026101112366,223698,1899284,1903992,1901728,23134,0,705,0
44.32626819610596,223698,1899284,1903992,1901728,23134,0,705,0
44.34208703041077,223698,1899284,1903992,1901728,23134,0,705,0
44.35774612426758,223698,1899284,1903992,1901728,23134,0,705,0
44.373422145843506,223698,1899284,1903992,1901728,23134,0,705,0
44.38914704322815,223698,1899284,1903992,1901728,23134,0,705,0
44.40491819381714,223698,1899284,1903992,1901728,23134,0,705,0
44.42090702056885,223698,1899284,1903992,1901728,23134,0,705,0
44.43665909767151,223698,1899284,1903992,1901728,23134,0,705,0
44.452409982681274,223698,1899284,1903992,1901728,23134,0,705,0
44.46811604499817,223698,1899284,1903992,1901728,23134,0,705,0
44.4837601184845,223698,1899284,1903992,1901728,23134,0,705,0
44.49951505661011,223698,1899284,1903992,1901728,23134,0,705,0
44.51537299156189,223698,1899284,1903992,1901728,23134,0,705,0
44.531272172927856,223698,1899284,1903992,1901728,23134,0,705,0
44.54715299606323,223698,1899284,1903992,1901728,23134,0,705,0
44.56294798851013,223698,1899284,1903992,1901728,23134,0,705,0
44.5789520740509,223698,1899284,1903992,1901728,23134,0,705,0
44.59473419189453,223698,1899284,1903992,1901728,23134,0,705,0
44.61059808731079,223698,1899284,1903992,1901728,23134,0,705,0
44.62640905380249,223698,1899284,1903992,1901728,23134,0,705,0
44.64225101470947,223698,1899284,1903992,1901728,23134,0,705,0
44.65812611579895,223698,1899284,1903992,1901728,23134,0,705,0
44.67390513420105,223698,1899284,1903992,1901728,23134,0,705,0
44.6896390914917,223698,1899284,1903992,1901728,23134,0,705,0
44.70536708831787,223698,1899284,1903992,1901728,23134,0,705,0
44.72110199928284,223698,1899284,1903992,1901728,23134,0,705,0
44.736759185791016,223698,1899284,1903992,1901728,23134,0,705,0
44.75300407409668,223698,1899284,1903992,1901728,23134,0,705,0
44.76872897148132,223698,1899284,1903992,1901728,23134,0,705,0
44.78445315361023,223698,1899284,1903992,1901728,23134,0,705,0
44.80036997795105,223698,1899284,1903992,1901728,23134,0,705,0
44.81624102592468,223698,1899284,1903992,1901728,23134,0,705,0
44.83504819869995,223698,1899284,1903992,1901728,23134,0,705,0
44.850916147232056,223698,1899284,1903992,1901728,23134,0,705,0
44.866777181625366,223698,1899284,1903992,1901728,23134,0,705,0
44.88273215293884,223698,1899284,1903992,1901728,23134,0,705,0
44.89873003959656,223698,1899284,1903992,1901728,23134,0,705,0
44.914581060409546,223698,1899284,1903992,1901728,23134,0,705,0
44.930615186691284,223698,1899284,1903992,1901728,23134,0,705,0
44.9466290473938,223698,1899284,1903992,1901728,23134,0,705,0
44.96267604827881,223698,1899284,1903992,1901728,23134,0,705,0
44.97870707511902,223698,1899284,1903992,1901728,23134,0,705,0
44.99444103240967,223698,1899284,1903992,1901728,23134,0,705,0
45.010364055633545,223698,1766164,1772920,1768608,23135,0,702,0
45.026347160339355,223698,1774356,1781112,1776800,23139,0,702,0
45.04234600067139,223698,1782548,1789304,1784992,23143,0,702,0
45.05820918083191,223698,1790740,1797496,1793184,23147,0,702,0
45.07406997680664,223698,1798932,1805688,1801376,23151,0,703,0
45.09019613265991,223698,1807124,1813880,1809568,23155,0,703,0
45.106197118759155,223698,1815316,1822072,1817760,23159,0,703,0
45.122169971466064,223698,1823508,1830264,1825952,23163,0,703,0
45.138158082962036,223698,1831700,1838456,1834144,23167,0,704,0
45.15413498878479,223698,1841940,1846648,1844384,23171,0,704,0
45.17010998725891,223698,1850132,1854840,1852576,23175,0,704,0
45.18612313270569,223698,1858324,1863032,1860768,23179,0,704,0
45.202139139175415,223698,1866516,1871224,1868960,23183,0,704,0
45.218114137649536,223698,1874708,1879416,1877152,23187,0,704,0
45.23422598838806,223698,1882900,1887608,1885344,23191,0,704,0
45.250370025634766,223698,1891092,1895800,1893536,23195,0,704,0
45.2663311958313,223698,1899284,1903992,1901728,23199,0,705,0
45.28213906288147,223698,1907476,1912184,1909920,23203,0,705,0
45.29810810089111,223698,1915668,1920376,1918112,23207,0,705,0
45.31392312049866,223698,1923860,1928568,1926304,23212,0,705,0
45.32999897003174,223698,1932052,1936760,1934496,23216,0,706,0
45.345991134643555,223698,1940244,1944952,1942688,23220,0,706,0
45.362099170684814,223698,1948436,1953144,1950880,23224,0,706,0
45.378050088882446,223698,1956628,1961336,1959072,23228,0,706,0
45.39401412010193,223698,1964820,1969528,1967264,23232,0,706,0
45.409940004348755,223698,1973012,1977720,1975456,23236,0,706,0
45.42592215538025,223698,1981204,1985912,1983648,23240,0,706,0
45.441816091537476,223698,1989396,1994104,1991840,23244,0,706,0
45.45768213272095,223698,1997588,2002296,2000032,23248,0,707,0
45.473602056503296,223698,2005780,2010488,2008224,23251,0,707,0
45.48960518836975,223698,2013972,2018680,2016416,23256,0,707,0
45.50544810295105,223698,2022164,2026872,2024608,23260,0,707,0
45.521345138549805,223698,2030356,2035064,2032800,23264,0,708,0
45.53739404678345,223698,2038548,2043256,2040992,23268,0,708,0
45.55319809913635,223698,2046740,2051448,2049184,23272,0,708,0
45.56940817832947,223698,2054932,2059640,2057376,23276,0,708,0
45.58526301383972,223698,2063124,2067832,2065568,23280,0,708,0
45.601359128952026,223698,2071316,2076024,2073760,23284,0,708,0
45.617295026779175,223698,2079508,2084216,2081952,23288,0,708,0
45.63332200050354,223698,2087700,2092408,2090144,23292,0,708,0
45.64938306808472,223698,2095892,2100600,2098336,23296,0,709,0
45.665351152420044,223698,2104084,2108792,2106528,23300,0,709,0
45.68125605583191,223698,2112276,2116984,2114720,23304,0,709,0
45.69723606109619,223698,2120468,2125176,2122912,23308,0,709,0
45.71330118179321,223698,2128660,2133368,2131104,23312,0,710,0
45.72908401489258,223698,2136852,2141560,2139296,23316,0,710,0
45.744935035705566,223698,2145044,2149752,2147488,23320,0,710,0
45.76072716712952,223698,2153236,2157944,2155680,23324,0,710,0
45.77655816078186,223698,2161428,2166136,2163872,23328,0,710,0
45.792412996292114,223698,2169620,2174328,2172064,23332,0,710,0
45.80870509147644,223698,2177812,2182520,2180256,23336,0,710,0
45.82460618019104,223698,2186004,2190712,2188448,23340,0,710,0
45.84040808677673,223698,2194196,2198904,2196640,23344,0,711,0
45.85639500617981,223698,2202388,2207096,2204832,23348,0,711,0
45.87227416038513,223698,2210580,2215288,2213024,23352,0,711,0
45.888270139694214,223698,2218772,2223480,2221216,23356,0,711,0
45.90420317649841,223698,2226964,2231672,2229408,23360,0,712,0
45.920008182525635,223698,2235156,2239864,2237600,23364,0,712,0
45.93595600128174,223698,2243348,2248056,2245792,23368,0,712,0
45.952038049697876,223698,2251540,2256248,2253984,23372,0,712,0
45.96788001060486,223698,2259732,2264440,2262176,23376,0,712,0
45.98377799987793,223698,2267924,2272632,2270368,23380,0,712,0
45.999863147735596,223698,2276116,2280824,2278560,23384,0,712,0
46.01580309867859,223698,2284308,2289016,2286752,23388,0,712,0
46.03166604042053,223698,2292500,2297208,2294944,23392,0,713,0
46.04765701293945,223698,2300692,2305400,2303136,23396,0,713,0
46.06376099586487,223698,2308884,2313592,2311328,23400,0,713,0
46.079665184020996,223698,2317076,2321784,2319520,23404,0,713,0
46.095391035079956,223698,2325268,2329976,2327712,23408,0,714,0
46.111266136169434,223698,2333460,2338168,2335904,23412,0,714,0
46.12722396850586,223698,2341652,2346360,2344096,23416,0,714,0
46.14321208000183,223698,2349844,2354552,2352288,23420,0,714,0
46.15907597541809,223698,2358036,2362744,2360480,23424,0,714,0
46.175008058547974,223698,2366228,2370936,2368672,23428,0,714,0
46.19101309776306,223698,2374420,2379128,2376864,23432,0,714,0
46.20736002922058,223698,2382612,2387320,2385056,23436,0,714,0
46.22335720062256,223698,2390804,2395512,2393248,23440,0,715,0
46.23925018310547,223698,2398996,2403704,2401440,23444,0,715,0
46.25517296791077,223698,2407188,2411896,2409632,23448,0,715,0
46.27113699913025,223698,2415380,2420088,2417824,23452,0,715,0
46.28700304031372,223698,2423572,2428280,2426016,23456,0,716,0
46.30304217338562,223698,2431764,2436472,2434208,23460,0,716,0
46.31894302368164,223698,2439956,2444664,2442400,23464,0,716,0
46.33498811721802,223698,2448148,2452856,2450592,23468,0,716,0
46.35099005699158,223698,2456340,2461048,2458784,23472,0,716,0
46.36706209182739,223698,2464532,2471288,2466976,23476,0,716,0
46.3830680847168,223698,2472724,2479480,2475168,23480,0,716,0
46.39909100532532,223698,2480916,2487672,2483360,23484,0,716,0
46.415173053741455,223698,2489108,2495864,2491552,23488,0,717,0
46.43116497993469,223698,2497300,2504056,2499744,23492,0,717,0
46.44705414772034,223698,2505492,2512248,2507936,23496,0,717,0
46.4629909992218,223698,2513684,2520440,2516128,23500,0,717,0
46.47899913787842,223698,2521876,2528632,2524320,23504,0,718,0
46.494996070861816,223698,2532116,2536824,2534560,23508,0,718,0
46.51104497909546,223698,2540308,2545016,2542752,23512,0,718,0
46.526910066604614,223698,2548500,2553208,2550944,23516,0,718,0
46.54291796684265,223698,2556692,2561400,2559136,23520,0,718,0
46.558753967285156,223698,2564884,2569592,2567328,23524,0,718,0
46.574899196624756,223698,2573076,2577784,2575520,23528,0,718,0
46.590896129608154,223698,2581268,2585976,2583712,23532,0,718,0
46.60696816444397,223698,2589460,2594168,2591904,23536,0,719,0
46.623308181762695,223698,2597652,2602360,2600096,23541,0,719,0
46.63930106163025,223698,2605844,2610552,2608288,23545,0,719,0
46.65525698661804,223698,2614036,2618744,2616480,23549,0,719,0
46.67144298553467,223698,2622228,2626936,2624672,23553,0,720,0
46.687366008758545,223698,2630420,2635128,2632864,23557,0,720,0
46.70332717895508,223698,2638612,2643320,2641056,23561,0,720,0
46.71923899650574,223698,2646804,2651512,2649248,23565,0,720,0
46.73524808883667,223698,2654996,2659704,2657440,23569,0,720,0
46.751057147979736,223698,2663188,2667896,2665632,23573,0,720,0
46.76707220077515,223698,2671380,2676088,2673824,23577,0,720,0
46.78331804275513,223698,2679572,2684280,2682016,23581,0,720,0
46.79935002326965,223698,2687764,2692472,2690208,23585,0,721,0
46.815176010131836,223698,2695956,2700664,2698400,23589,0,721,0
46.83132600784302,223698,2704148,2708856,2706592,23593,0,721,0
46.847350120544434,223698,2712340,2717048,2714784,23597,0,721,0
46.86320519447327,223698,2720532,2725240,2722976,23601,0,722,0
46.879340171813965,223698,2728724,2733432,2731168,23605,0,722,0
46.895249128341675,223698,2736916,2741624,2739360,23609,0,722,0
46.91111397743225,223698,2745108,2751864,2747552,23613,0,722,0
46.927184104919434,223698,2753300,2760056,2755744,23617,0,722,0
46.94317102432251,223698,2761492,2768248,2763936,23621,0,722,0
46.95919609069824,223698,2763540,2768248,2765984,23622,0,722,0
46.97507905960083,223698,2763540,2768248,2765984,23622,0,722,0
46.99075698852539,223698,2763540,2768248,2765984,23622,0,722,0
47.006651163101196,223698,2763540,2768248,2765984,23622,0,722,0
47.02262306213379,223698,2763540,2768248,2765984,23622,0,722,0
47.03891110420227,223698,2763540,2768248,2765984,23622,0,722,0
47.054983139038086,223698,2763540,2768248,2765984,23622,0,722,0
47.070677042007446,223698,2763540,2768248,2765984,23622,0,722,0
47.08690309524536,223698,2763540,2768248,2765984,23622,0,722,0
47.102668046951294,223698,2763540,2768248,2765984,23622,0,722,0
47.11825704574585,223698,2763540,2768248,2765984,23622,0,722,0
47.13398098945618,223698,2763540,2768248,2765984,23622,0,722,0
47.1497859954834,223698,2763540,2768248,2765984,23622,0,722,0
47.16526913642883,223698,2763540,2768248,2765984,23622,0,722,0
47.18124604225159,223698,2763540,2768248,2765984,23622,0,722,0
47.1969530582428,223698,2763540,2768248,2765984,23622,0,722,0
47.212640047073364,223698,2763540,2768248,2765984,23622,0,722,0
47.228224992752075,223698,2763540,2768248,2765984,23622,0,722,0
47.24412298202515,223698,2763540,2768248,2765984,23622,0,722,0
47.259958028793335,223698,2763540,2768248,2765984,23622,0,722,0
47.27560114860535,223698,2763540,2768248,2765984,23622,0,722,0
47.291216135025024,223698,2763540,2768248,2765984,23622,0,722,0
47.30723214149475,223698,2763540,2768248,2765984,23622,0,722,0
47.322998046875,223698,2763540,2768248,2765984,23622,0,722,0
47.33835220336914,223698,2763540,2768248,2765984,23622,0,722,0
47.35394597053528,223698,2763540,2768248,2765984,23622,0,722,0
47.36935114860535,223698,2763540,2768248,2765984,23622,0,722,0
47.38509702682495,223698,2763540,2768248,2765984,23622,0,722,0
47.40099120140076,223698,2763540,2768248,2765984,23622,0,722,0
47.416630029678345,223698,2763540,2768248,2765984,23622,0,722,0
47.43219614028931,223698,2763540,2768248,2765984,23622,0,722,0
47.44817113876343,223698,2763540,2768248,2765984,23622,0,722,0
47.46401906013489,223698,2763540,2768248,2765984,23622,0,722,0
47.47959899902344,223698,2763540,2768248,2765984,23622,0,722,0
47.49523305892944,223698,2763540,2768248,2765984,23622,0,722,0
47.51085019111633,223698,2763540,2768248,2765984,23622,0,722,0
47.52665615081787,223698,2763540,2768248,2765984,23622,0,722,0
47.542235136032104,223698,2763540,2768248,2765984,23622,0,722,0
47.557929039001465,223698,2763540,2768248,2765984,23622,0,722,0
47.57334899902344,223698,2763540,2768248,2765984,23622,0,722,0
47.5890531539917,223698,2763540,2768248,2765984,23622,0,722,0
47.604902029037476,223698,2763540,2768248,2765984,23622,0,722,0
47.62038803100586,223698,2763540,2768248,2765984,23622,0,722,0
47.63602614402771,223698,2763540,2768248,2765984,23622,0,722,0
47.65164113044739,223698,2763540,2768248,2765984,23622,0,722,0
47.66724109649658,223698,2763540,2768248,2765984,23622,0,722,0
47.682924032211304,223698,2763540,2768248,2765984,23622,0,722,0
47.698424100875854,223698,2763540,2768248,2765984,23622,0,722,0
47.714168071746826,223698,2763540,2768248,2765984,23622,0,722,0
47.72977900505066,223698,2763540,2768248,2765984,23622,0,722,0
47.746018171310425,223698,2763540,2768248,2765984,23622,0,722,0
47.76206612586975,223698,2763540,2768248,2765984,23622,0,722,0
47.777605056762695,223698,2763540,2768248,2765984,23622,0,722,0
47.793233156204224,223698,2763540,2768248,2765984,23622,0,722,0
47.808977127075195,223698,2763540,2768248,2765984,23622,0,722,0
47.82469606399536,223698,2763540,2768248,2765984,23622,0,722,0
47.84017205238342,223698,2763540,2768248,2765984,23622,0,722,0
47.855945110321045,223698,2763540,2768248,2765984,23622,0,722,0
47.87168002128601,223698,2763540,2768248,2765984,23622,0,722,0
47.887229204177856,223698,2763540,2768248,2765984,23622,0,722,0
47.90309715270996,223698,2763540,2768248,2765984,23622,0,722,0
47.91875910758972,223698,2763540,2768248,2765984,23622,0,722,0
47.93420600891113,223698,2382612,2387320,2385056,23622,0,714,0
47.95013904571533,223698,2382612,2387320,2385056,23622,0,714,0
47.965739011764526,223698,2382612,2387320,2385056,23622,0,714,0
47.9812331199646,223698,2382612,2387320,2385056,23622,0,714,0
47.99712610244751,223698,2382612,2387320,2385056,23622,0,714,0
48.01298403739929,223698,2382612,2387320,2385056,23622,0,714,0
48.028640031814575,223698,2382612,2387320,2385056,23622,0,714,0
48.044185161590576,223698,2382612,2387320,2385056,23622,0,714,0
48.059900999069214,223698,2382612,2387320,2385056,23622,0,714,0
48.075385093688965,223698,2382612,2387320,2385056,23622,0,714,0
48.09181499481201,223698,2382612,2387320,2385056,23622,0,714,0
48.10789513587952,223698,2382612,2387320,2385056,23622,0,714,0
48.123327016830444,223698,2382612,2387320,2385056,23622,0,714,0
48.138915061950684,223698,2382612,2387320,2385056,23622,0,714,0
48.15421509742737,223698,2382612,2387320,2385056,23622,0,714,0
48.169785022735596,223698,2382612,2387320,2385056,23622,0,714,0
48.185173988342285,223698,2382612,2387320,2385056,23622,0,714,0
48.20069718360901,223698,2382612,2387320,2385056,23622,0,714,0
48.216193199157715,223698,2382612,2387320,2385056,23622,0,714,0
48.231980085372925,223698,2382612,2387320,2385056,23622,0,714,0
48.24735617637634,223698,2382612,2387320,2385056,23622,0,714,0
48.262925148010254,223698,2382612,2387320,2385056,23622,0,714,0
48.27833104133606,223698,2382612,2387320,2385056,23622,0,714,0
48.294021129608154,223698,2382612,2387320,2385056,23622,0,714,0
48.309653997421265,223698,2382612,2387320,2385056,23622,0,714,0
48.32519316673279,223698,2382612,2387320,2385056,23622,0,714,0
48.34077310562134,223698,2382612,2387320,2385056,23622,0,714,0
48.35618710517883,223698,2382612,2387320,2385056,23622,0,714,0
48.37171912193298,223698,2382612,2387320,2385056,23622,0,714,0
48.38720512390137,223698,2382612,2387320,2385056,23622,0,714,0
48.40273714065552,223698,2382612,2387320,2385056,23622,0,714,0
48.418318033218384,223698,2382612,2387320,2385056,23622,0,714,0
48.433956146240234,223698,2382612,2387320,2385056,23622,0,714,0
48.44960904121399,223698,2382612,2387320,2385056,23622,0,714,0
48.46501398086548,223698,2382612,2387320,2385056,23622,0,714,0
48.48066711425781,223698,2382612,2387320,2385056,23622,0,714,0
48.49616312980652,223698,2382612,2387320,2385056,23622,0,714,0
48.511906147003174,223698,2382612,2387320,2385056,23622,0,714,0
48.527610063552856,223698,2382612,2387320,2385056,23622,0,714,0
48.54313397407532,223698,2382612,2387320,2385056,23622,0,714,0
48.55869507789612,223698,2382612,2387320,2385056,23622,0,714,0
48.57420206069946,223698,2382612,2387320,2385056,23622,0,714,0
48.58984899520874,223698,2382612,2387320,2385056,23622,0,714,0
48.605303049087524,223698,2382612,2387320,2385056,23622,0,714,0
48.62108612060547,223698,2382612,2387320,2385056,23622,0,714,0
48.63665199279785,223698,2382612,2387320,2385056,23622,0,714,0
48.6519820690155,223698,2382612,2387320,2385056,23622,0,714,0
48.667760133743286,223698,2382612,2387320,2385056,23622,0,714,0
48.68315815925598,223698,2382612,2387320,2385056,23622,0,714,0
48.699055194854736,223698,2382612,2387320,2385056,23622,0,714,0
48.7147011756897,223698,2382612,2387320,2385056,23622,0,714,0
48.73020815849304,223698,2382612,2387320,2385056,23622,0,714,0
48.74574112892151,223698,2382612,2387320,2385056,23622,0,714,0
48.76122713088989,223698,2382612,2387320,2385056,23622,0,714,0
48.776906967163086,223698,2382612,2387320,2385056,23622,0,714,0
48.7925820350647,223698,2382612,2387320,2385056,23622,0,714,0
48.80818319320679,223698,2382612,2387320,2385056,23622,0,714,0
48.823883056640625,223698,2382612,2387320,2385056,23622,0,714,0
48.83934497833252,223698,2382612,2387320,2385056,23622,0,714,0
48.854963064193726,223698,2382612,2387320,2385056,23622,0,714,0
48.870174169540405,223698,2382612,2387320,2385056,23622,0,714,0
48.885720014572144,223698,2382612,2387320,2385056,23622,0,714,0
48.90115809440613,223698,2382612,2387320,2385056,23622,0,714,0
48.91691303253174,223698,2382612,2387320,2385056,23622,0,714,0
48.932345151901245,223698,2382612,2387320,2385056,23622,0,714,0
48.94792199134827,223698,2382612,2387320,2385056,23622,0,714,0
48.9631621837616,223698,2382612,2387320,2385056,23622,0,714,0
48.97869420051575,223698,2382612,2387320,2385056,23622,0,714,0
48.99417018890381,223698,2382612,2387320,2385056,23622,0,714,0
49.009814977645874,223698,2382612,2387320,2385056,23622,0,714,0
49.02530598640442,223698,2382612,2387320,2385056,23622,0,714,0
49.04090905189514,223698,2382612,2387320,2385056,23622,0,714,0
49.05621600151062,223698,2382612,2387320,2385056,23622,0,714,0
49.07191014289856,223698,2382612,2387320,2385056,23622,0,714,0
49.087295055389404,223698,2382612,2387320,2385056,23622,0,714,0
49.10281801223755,223698,2382612,2387320,2385056,23622,0,714,0
49.11888813972473,223698,2382612,2387320,2385056,23622,0,714,0
49.13460111618042,223698,2382612,2387320,2385056,23622,0,714,0
49.15086102485657,223698,2382612,2387320,2385056,23622,0,714,0
49.166743993759155,223698,2382612,2387320,2385056,23622,0,714,0
49.182531118392944,223698,2382612,2387320,2385056,23622,0,714,0
49.198777198791504,223698,2382612,2387320,2385056,23622,0,714,0
49.21464419364929,223698,2382612,2387320,2385056,23622,0,714,0
49.230576038360596,223698,2382612,2387320,2385056,23622,0,714,0
49.246411085128784,223698,2382612,2387320,2385056,23622,0,714,0
49.26216006278992,223698,2382612,2387320,2385056,23622,0,714,0
49.277743101119995,223698,2382612,2387320,2385056,23622,0,714,0
49.29328107833862,223698,2382612,2387320,2385056,23622,0,714,0
49.30888819694519,223698,2382612,2387320,2385056,23622,0,714,0
49.32488203048706,223698,2382612,2387320,2385056,23622,0,714,0
49.34032607078552,223698,2382612,2387320,2385056,23622,0,714,0
49.355494022369385,223698,2382612,2387320,2385056,23622,0,714,0
49.3709020614624,223698,2382612,2387320,2385056,23622,0,714,0
49.38612604141235,223698,2382612,2387320,2385056,23622,0,714,0
49.40123105049133,223698,2382612,2387320,2385056,23622,0,714,0
49.41675519943237,223698,2382612,2387320,2385056,23622,0,714,0
49.43226408958435,223698,2382612,2387320,2385056,23622,0,714,0
49.44795513153076,223698,2382612,2387320,2385056,23622,0,714,0
49.463266134262085,223698,2382612,2387320,2385056,23622,0,714,0
49.4785680770874,223698,2382612,2387320,2385056,23622,0,714,0
49.494163036346436,223698,2382612,2387320,2385056,23622,0,714,0
49.50962805747986,223698,2382612,2387320,2385056,23622,0,714,0
49.525490045547485,223698,2382612,2387320,2385056,23622,0,714,0
49.54119515419006,223698,2382612,2387320,2385056,23622,0,714,0
49.5566840171814,223698,2382612,2387320,2385056,23622,0,714,0
49.572270154953,223698,2382612,2387320,2385056,23622,0,714,0
49.58800220489502,223698,2382612,2387320,2385056,23622,0,714,0
49.6037061214447,223698,2382612,2387320,2385056,23622,0,714,0
49.61932611465454,223698,2382612,2387320,2385056,23622,0,714,0
49.63512110710144,223698,2382612,2387320,2385056,23622,0,714,0
49.65080118179321,223698,2382612,2387320,2385056,23622,0,714,0
49.66679906845093,223698,2382612,2387320,2385056,23622,0,714,0
49.68292212486267,223698,2382612,2387320,2385056,23622,0,714,0
49.69902205467224,223698,2382612,2387320,2385056,23622,0,714,0
49.71472406387329,223698,2382612,2387320,2385056,23622,0,714,0
49.7306911945343,223698,2382612,2387320,2385056,23622,0,714,0
49.74658012390137,223698,2382612,2387320,2385056,23622,0,714,0
49.76228404045105,223698,2382612,2387320,2385056,23622,0,714,0
49.77821707725525,223698,2382612,2387320,2385056,23622,0,714,0
49.79403901100159,223698,2382612,2387320,2385056,23622,0,714,0
49.80967116355896,223698,2382612,2387320,2385056,23622,0,714,0
49.82533502578735,223698,2382612,2387320,2385056,23622,0,714,0
49.840798139572144,223698,2382612,2387320,2385056,23622,0,714,0
49.85615110397339,223698,2382612,2387320,2385056,23622,0,714,0
49.87143898010254,223698,2382612,2387320,2385056,23622,0,714,0
49.88675618171692,223698,2382612,2387320,2385056,23622,0,714,0
49.90241813659668,223698,2382612,2387320,2385056,23622,0,714,0
49.918009996414185,223698,2382612,2387320,2385056,23622,0,714,0
49.93359398841858,223698,2382612,2387320,2385056,23622,0,714,0
49.949719190597534,223698,2382612,2387320,2385056,23622,0,714,0
49.9656400680542,223698,2382612,2387320,2385056,23622,0,714,0
49.98217010498047,223698,2382612,2387320,2385056,23622,0,714,0
49.9983069896698,223698,2095892,2096504,2098336,23622,0,708,0
50.01426696777344,223698,1960724,1965432,1963168,23622,0,706,0
50.03021311759949,223698,1960724,1965432,1963168,23622,0,706,0
50.04623103141785,223698,1960724,1965432,1963168,23622,0,706,0
50.061864137649536,223698,1960724,1965432,1963168,23622,0,706,0
50.07733702659607,223698,1960724,1965432,1963168,23622,0,706,0
50.09305119514465,223698,1960724,1965432,1963168,23622,0,706,0
50.10874319076538,223698,1960724,1965432,1963168,23622,0,706,0
50.1242241859436,223698,1960724,1965432,1963168,23622,0,706,0
50.140151023864746,223698,1960724,1965432,1963168,23622,0,706,0
50.15602517127991,223698,1960724,1965432,1963168,23622,0,706,0
50.17166805267334,223698,1960724,1965432,1963168,23622,0,706,0
50.18724298477173,223698,1960724,1965432,1963168,23622,0,706,0
50.20310401916504,223698,1960724,1965432,1963168,23622,0,706,0
50.218690156936646,223698,1960724,1965432,1963168,23622,0,706,0
50.234261989593506,223698,1960724,1965432,1963168,23622,0,706,0
50.25002908706665,223698,1960724,1965432,1963168,23622,0,706,0
50.26577115058899,223698,1960724,1965432,1963168,23622,0,706,0
50.28131914138794,223698,1960724,1965432,1963168,23622,0,706,0
50.29698300361633,223698,1960724,1965432,1963168,23622,0,706,0
50.31232714653015,223698,1960724,1965432,1963168,23622,0,706,0
50.32790207862854,223698,1960724,1965432,1963168,23622,0,706,0
50.34330701828003,223698,1960724,1965432,1963168,23622,0,706,0
50.35895299911499,223698,1960724,1965432,1963168,23622,0,706,0
50.374847173690796,223698,1960724,1965432,1963168,23622,0,706,0
50.390756130218506,223698,1960724,1965432,1963168,23622,0,706,0
50.406920194625854,223698,1960724,1965432,1963168,23622,0,706,0
50.422659158706665,223698,1963756,0,1966226,23705,0,0,0
