elapsed_s,pid,uss,rss,pss,min_flt,maj_flt,oom,oomadj
1.246993064880371,211089,4232,4376,4364,484,0,666,0
1.2898061275482178,211089,4688,4988,4908,523,0,666,0
1.311523199081421,211089,5548,5976,5772,575,0,666,0
1.3503541946411133,211089,7324,7944,7672,745,0,666,0
1.3757832050323486,211089,8044,8600,8392,791,0,666,0
1.4068620204925537,211089,8044,8600,8392,791,0,666,0
1.4354290962219238,211089,10312,11140,10728,924,0,666,0
1.4572200775146484,211089,10992,11720,11412,979,0,666,0
1.4813899993896484,211089,11760,12500,12204,1037,0,666,0
1.519685983657837,211089,13256,14756,14060,1173,0,666,0
1.5392141342163086,211089,13988,16104,15050,1301,0,666,0
1.5533831119537354,211089,15264,17884,16632,1519,0,666,0
1.567803144454956,211089,16224,18936,17588,1598,0,666,0
1.5841751098632812,211089,37688,42840,40114,3474,0,667,0
1.61458420753479,211089,53048,57796,55506,5048,0,667,0
1.6742382049560547,211089,60804,65588,63262,7026,0,668,0
1.696519136428833,211089,71760,76496,74218,7784,0,668,0
1.7117950916290283,211089,73808,78608,76266,7786,0,668,0
1.7265210151672363,211089,74296,78992,76754,7908,0,668,0
1.741528034210205,211089,74728,79504,77186,8015,0,668,0
1.756343126296997,211089,66044,70964,68502,8028,0,668,0
1.7710959911346436,211089,66044,70964,68502,8028,0,668,0
1.7856340408325195,211089,66044,70964,68502,8028,0,668,0
1.8001790046691895,211089,66044,70964,68502,8028,0,668,0
1.814666986465454,211089,66168,70964,68626,8059,0,668,0
1.8295390605926514,211089,66616,71348,69074,8171,0,668,0
1.844447135925293,211089,66616,71348,69074,8171,0,668,0
1.8591761589050293,211089,66616,71348,69074,8171,0,668,0
1.8739681243896484,211089,66616,71348,69074,8171,0,668,0
1.8887062072753906,211089,66616,71348,69074,8171,0,668,0
1.9034030437469482,211089,66616,71348,69074,8171,0,668,0
1.9181280136108398,211089,66616,71348,69074,8171,0,668,0
1.9329230785369873,211089,66616,71348,69074,8171,0,668,0
1.9477500915527344,211089,66616,71348,69074,8171,0,668,0
1.9624030590057373,211089,66616,71348,69074,8171,0,668,0
1.9772131443023682,211089,66616,71348,69074,8171,0,668,0
1.992340087890625,211089,66616,71348,69074,8171,0,668,0
2.0071752071380615,211089,66616,71348,69074,8171,0,668,0
2.0219790935516357,211089,66616,71348,69074,8171,0,668,0
2.037041187286377,211089,66616,71348,69074,8171,0,668,0
2.052004098892212,211089,66616,71348,69074,8171,0,668,0
2.0668821334838867,211089,68664,73464,71122,8171,0,668,0
2.081801176071167,211089,68664,73464,71122,8172,0,668,0
2.0967350006103516,211089,68664,73464,71122,8172,0,668,0
2.1116230487823486,211089,68664,73464,71122,8172,0,668,0
2.126448154449463,211089,68664,73464,71122,8172,0,668,0
2.141569137573242,211089,68664,73464,71122,8172,0,668,0
2.1582071781158447,211089,68664,73464,71122,8172,0,668,0
2.1730761528015137,211089,68664,73464,71122,8172,0,668,0
2.188258171081543,211089,68664,73464,71122,8172,0,668,0
2.203181028366089,211089,68664,73464,71122,8172,0,668,0
2.2180240154266357,211089,76496,81292,78954,8597,0,668,0
2.233607053756714,211089,76496,80976,78954,8597,0,668,0
2.24845814704895,211089,74852,79652,77310,8597,0,668,0
2.2633581161499023,211089,76900,81700,79358,8598,0,668,0
2.278517007827759,211089,78948,83748,81406,8599,0,668,0
2.2935850620269775,211089,78948,83748,81406,8599,0,668,0
2.308535099029541,211089,80996,85796,83454,8599,0,668,0
2.323575019836426,211089,80996,85796,83454,8600,0,668,0
2.338738203048706,211089,80996,85796,83454,8600,0,668,0
2.353677988052368,211089,80996,85796,83454,8600,0,668,0
2.368532180786133,211089,80996,85796,83454,8600,0,668,0
2.383519172668457,211089,80996,85796,83454,8600,0,668,0
2.398634195327759,211089,80996,85796,83454,8600,0,668,0
2.4134302139282227,211089,80996,85796,83454,8600,0,668,0
2.428330183029175,211089,80996,85796,83454,8600,0,668,0
2.4432151317596436,211089,80996,85796,83454,8600,0,668,0
2.4581291675567627,211089,80996,85796,83454,8600,0,668,0
2.4729151725769043,211089,80996,85796,83454,8600,0,668,0
2.4877991676330566,211089,80996,85796,83454,8600,0,668,0
2.5026211738586426,211089,80996,85796,83454,8600,0,668,0
2.517515182495117,211089,80996,85796,83454,8600,0,668,0
2.5323431491851807,211089,83044,87844,85502,8601,0,668,0
2.5474491119384766,211089,83044,87844,85502,8601,0,668,0
2.5623281002044678,211089,83044,87844,85502,8601,0,668,0
2.5771501064300537,211089,83044,87844,85502,8601,0,668,0
2.5920000076293945,211089,83044,87844,85502,8601,0,668,0
2.6071271896362305,211089,83044,87844,85502,8601,0,668,0
2.6220312118530273,211089,83044,87844,85502,8601,0,668,0
2.6368231773376465,211089,83044,87844,85502,8601,0,668,0
2.6517040729522705,211089,83044,87844,85502,8601,0,668,0
2.6666171550750732,211089,85092,89892,87550,8602,0,668,0
2.681594133377075,211089,85092,89892,87550,8602,0,668,0
2.6964111328125,211089,85092,89892,87550,8602,0,668,0
2.7113711833953857,211089,85092,89892,87550,8602,0,668,0
2.726349115371704,211089,85092,89892,87550,8602,0,668,0
2.7413270473480225,211089,85092,89892,87550,8602,0,668,0
2.7561910152435303,211089,85092,89892,87550,8602,0,668,0
2.7710001468658447,211089,85092,89892,87550,8602,0,668,0
2.785823106765747,211089,85092,89892,87550,8602,0,668,0
2.8007431030273438,211089,85092,89892,87550,8602,0,668,0
2.815683126449585,211089,85092,89892,87550,8602,0,668,0
2.8305540084838867,211089,85092,89892,87550,8602,0,668,0
2.8453640937805176,211089,85092,89892,87550,8602,0,668,0
2.8602921962738037,211089,85092,89892,87550,8602,0,668,0
2.8753750324249268,211089,85092,89892,87550,8602,0,668,0
2.8902010917663574,211089,85092,89892,87550,8602,0,668,0
2.9051401615142822,211089,85092,89892,87550,8602,0,668,0
2.9202191829681396,211089,85092,89892,87550,8602,0,668,0
2.9350950717926025,211089,85092,89892,87550,8602,0,668,0
2.950031042098999,211089,87140,91940,89598,8603,0,668,0
2.9650630950927734,211089,87140,91940,89598,8603,0,668,0
2.979943037033081,211089,87140,91940,89598,8603,0,668,0
2.9947311878204346,211089,87140,91940,89598,8603,0,668,0
3.009491205215454,211089,87140,91940,89598,8603,0,668,0
3.024557113647461,211089,87140,91940,89598,8603,0,668,0
3.0394840240478516,211089,87140,91940,89598,8603,0,668,0
3.05446720123291,211089,87140,91940,89598,8603,0,668,0
3.069488048553467,211089,87140,91940,89598,8603,0,668,0
3.0843560695648193,211089,89188,93988,91646,8604,0,668,0
3.099368095397949,211089,89188,93988,91646,8604,0,668,0
3.1145551204681396,211089,89188,93988,91646,8604,0,668,0
3.129625082015991,211089,89188,93988,91646,8604,0,668,0
3.144551992416382,211089,89188,93988,91646,8604,0,668,0
3.1597580909729004,211089,89188,93988,91646,8604,0,668,0
3.1746580600738525,211089,89188,93988,91646,8604,0,668,0
3.1895949840545654,211089,89188,93988,91646,8604,0,668,0
3.2046360969543457,211089,89188,93988,91646,8604,0,668,0
3.2194130420684814,211089,89188,93988,91646,8604,0,668,0
3.2346391677856445,211089,89188,93988,91646,8604,0,668,0
3.2494730949401855,211089,89188,93988,91646,8604,0,668,0
3.264418125152588,211089,89188,93988,91646,8604,0,668,0
3.2792930603027344,211089,89188,93988,91646,8604,0,668,0
3.2941842079162598,211089,89188,93988,91646,8604,0,668,0
3.3093461990356445,211089,89188,93988,91646,8604,0,668,0
3.3241770267486572,211089,89188,93988,91646,8604,0,668,0
3.3390769958496094,211089,89188,93988,91646,8604,0,668,0
3.3539631366729736,211089,89188,93988,91646,8604,0,668,0
3.368760108947754,211089,89188,93988,91646,8604,0,668,0
3.383733034133911,211089,91236,96036,93694,8605,0,668,0
3.398534059524536,211089,91236,96036,93694,8605,0,668,0
3.4134931564331055,211089,91236,96036,93694,8605,0,668,0
3.428345203399658,211089,91236,96036,93694,8605,0,668,0
3.443650007247925,211089,91236,96036,93694,8605,0,668,0
3.4585931301116943,211089,91236,96036,93694,8605,0,668,0
3.473513126373291,211089,91236,96036,93694,8605,0,668,0
3.488370180130005,211089,91236,96036,93694,8605,0,668,0
3.5033771991729736,211089,93284,98084,95742,8606,0,668,0
3.5185329914093018,211089,93284,98084,95742,8606,0,668,0
3.533581018447876,211089,93284,98084,95742,8606,0,668,0
3.548403024673462,211089,93284,98084,95742,8606,0,668,0
3.563526153564453,211089,93284,98084,95742,8606,0,668,0
3.578383207321167,211089,93284,98084,95742,8606,0,668,0
3.593480110168457,211089,93284,98084,95742,8606,0,668,0
3.608368158340454,211089,93284,98084,95742,8606,0,668,0
3.6233041286468506,211089,93284,98084,95742,8606,0,668,0
3.638207197189331,211089,93284,98084,95742,8606,0,668,0
3.6530351638793945,211089,93284,98084,95742,8606,0,668,0
3.6678171157836914,211089,93284,98084,95742,8606,0,668,0
3.682666063308716,211089,93284,98084,95742,8606,0,668,0
3.697566032409668,211089,93284,98084,95742,8606,0,668,0
3.7123451232910156,211089,93284,98084,95742,8606,0,668,0
3.7272121906280518,211089,93284,98084,95742,8606,0,668,0
3.7420151233673096,211089,93284,98084,95742,8606,0,668,0
3.7568461894989014,211089,93284,98084,95742,8606,0,668,0
3.7717320919036865,211089,93284,98084,95742,8606,0,668,0
3.7866220474243164,211089,93284,98084,95742,8606,0,668,0
3.801528215408325,211089,95332,100132,97790,8607,0,668,0
3.8167200088500977,211089,95332,100132,97790,8607,0,668,0
3.831719160079956,211089,95332,100132,97790,8607,0,668,0
3.8466691970825195,211089,95332,100132,97790,8607,0,668,0
3.8617711067199707,211089,95332,100132,97790,8607,0,668,0
3.8767590522766113,211089,95332,100132,97790,8607,0,668,0
3.8916850090026855,211089,95332,100132,97790,8607,0,668,0
3.9065911769866943,211089,95332,100132,97790,8607,0,668,0
3.921483039855957,211089,95332,100132,97790,8607,0,668,0
3.9362480640411377,211089,95332,100132,97790,8607,0,668,0
3.951143980026245,211089,95332,100132,97790,8607,0,668,0
3.9660441875457764,211089,95332,100132,97790,8607,0,668,0
3.9809210300445557,211089,95332,100132,97790,8607,0,668,0
3.9957361221313477,211089,95332,100132,97790,8607,0,668,0
4.0105390548706055,211089,95332,100132,97790,8607,0,668,0
4.025169134140015,211089,95332,100132,97790,8607,0,668,0
4.0399370193481445,211089,95332,100132,97790,8607,0,668,0
4.054782152175903,211089,95332,100132,97790,8607,0,668,0
4.069739103317261,211089,95332,100132,97790,8607,0,668,0
4.084792137145996,211089,95332,100132,97790,8607,0,668,0
4.099617004394531,211089,95332,100132,97790,8607,0,668,0
4.114541053771973,211089,95332,100132,97790,8607,0,668,0
4.12908411026001,211089,95332,100132,97790,8607,0,668,0
4.143844127655029,211089,95332,100132,97790,8607,0,668,0
4.158725023269653,211089,95332,100132,97790,8607,0,668,0
4.173546075820923,211089,95332,100132,97790,8607,0,668,0
4.188361167907715,211089,95332,100132,97790,8607,0,668,0
4.203273057937622,211089,97380,102180,99838,8608,0,668,0
4.218053102493286,211089,97380,102180,99838,8608,0,668,0
4.232967138290405,211089,97380,102180,99838,8608,0,668,0
4.247772216796875,211089,97380,102180,99838,8608,0,668,0
4.262643098831177,211089,97380,102180,99838,8608,0,668,0
4.278247117996216,211089,97380,102180,99838,8608,0,668,0
4.292961120605469,211089,97380,102180,99838,8608,0,668,0
4.307603120803833,211089,97380,102180,99838,8608,0,668,0
4.322193145751953,211089,99428,104228,101886,8609,0,668,0
4.3367791175842285,211089,99428,104228,101886,8609,0,668,0
4.351471185684204,211089,99428,104228,101886,8609,0,668,0
4.366121053695679,211089,99428,104228,101886,8609,0,668,0
4.38070011138916,211089,99428,104228,101886,8609,0,668,0
4.395301103591919,211089,99428,104228,101886,8609,0,668,0
4.409888029098511,211089,99428,104228,101886,8609,0,668,0
4.4246320724487305,211089,99428,104228,101886,8609,0,668,0
4.439505100250244,211089,99428,104228,101886,8609,0,668,0
4.454121112823486,211089,99428,104228,101886,8609,0,668,0
4.468692064285278,211089,99428,104228,101886,8609,0,668,0
4.483601093292236,211089,99428,104228,101886,8609,0,668,0
4.498303174972534,211089,99428,104228,101886,8609,0,668,0
4.513171195983887,211089,99428,104228,101886,8609,0,668,0
4.527871131896973,211089,99428,104228,101886,8609,0,668,0
4.542447090148926,211089,99428,104228,101886,8609,0,668,0
4.557219982147217,211089,99428,104228,101886,8609,0,668,0
4.572128057479858,211089,99428,104228,101886,8609,0,668,0
4.5870361328125,211089,99428,104228,101886,8609,0,668,0
4.601913213729858,211089,99428,104228,101886,8609,0,668,0
4.616702079772949,211089,101476,106276,103934,8610,0,668,0
4.6315271854400635,211089,101476,106276,103934,8610,0,668,0
4.6463611125946045,211089,101476,106276,103934,8610,0,668,0
4.661167144775391,211089,101476,106276,103934,8610,0,668,0
4.675947189331055,211089,101476,106276,103934,8610,0,668,0
4.691177129745483,211089,101476,106276,103934,8610,0,668,0
4.705996036529541,211089,101476,106276,103934,8610,0,668,0
4.720739126205444,211089,101476,106276,103934,8610,0,668,0
4.735599040985107,211089,101476,106276,103934,8610,0,668,0
4.750452995300293,211089,103524,108324,105982,8611,0,668,0
4.765062093734741,211089,103524,108324,105982,8611,0,668,0
4.779652118682861,211089,103524,108324,105982,8611,0,668,0
4.794335126876831,211089,103524,108324,105982,8611,0,668,0
4.80887508392334,211089,103524,108324,105982,8611,0,668,0
4.82337498664856,211089,103524,108324,105982,8611,0,668,0
4.838213205337524,211089,107620,112420,110078,8613,0,668,0
4.852952003479004,211089,107620,112420,110078,8613,0,668,0
4.867704153060913,211089,107620,112420,110078,8613,0,668,0
4.882510185241699,211089,107620,112420,110078,8613,0,668,0
4.89745020866394,211089,107620,112420,110078,8613,0,668,0
4.91216516494751,211089,107620,112420,110078,8613,0,668,0
4.926721096038818,211089,107620,112420,110078,8613,0,668,0
4.941485166549683,211089,107620,112420,110078,8613,0,668,0
4.956043004989624,211089,107620,112420,110078,8613,0,668,0
4.970700979232788,211089,107620,112420,110078,8613,0,668,0
4.985191106796265,211089,107620,112420,110078,8613,0,668,0
4.999978065490723,211089,107620,112420,110078,8613,0,668,0
5.014820098876953,211089,107620,112420,110078,8613,0,668,0
5.029603004455566,211089,107620,112420,110078,8613,0,668,0
5.0443971157073975,211089,107620,112420,110078,8613,0,668,0
5.059307098388672,211089,107620,112420,110078,8613,0,668,0
5.073880195617676,211089,107620,112420,110078,8613,0,668,0
5.088407039642334,211089,107620,112420,110078,8613,0,668,0
5.103460073471069,211089,107620,112420,110078,8613,0,668,0
5.118017196655273,211089,107620,112420,110078,8613,0,668,0
5.132683038711548,211089,107620,112420,110078,8613,0,668,0
5.1472861766815186,211089,109668,114468,112126,8614,0,668,0
5.161816120147705,211089,109668,114468,112126,8614,0,668,0
5.17666220664978,211089,109668,114468,112126,8614,0,668,0
5.191559076309204,211089,109668,114468,112126,8614,0,668,0
5.206218004226685,211089,109668,114468,112126,8614,0,668,0
5.220782041549683,211089,111716,116516,114174,8615,0,668,0
5.235713005065918,211089,111716,116516,114174,8615,0,668,0
5.2508320808410645,211089,111716,116516,114174,8615,0,668,0
5.265452146530151,211089,111716,116516,114174,8615,0,668,0
5.280006170272827,211089,111716,116516,114174,8615,0,668,0
5.294664144515991,211089,111716,116516,114174,8615,0,668,0
5.309666156768799,211089,111716,116516,114174,8615,0,668,0
5.3243842124938965,211089,111716,116516,114174,8615,0,668,0
5.339010000228882,211089,111716,116516,114174,8615,0,668,0
5.353628158569336,211089,111716,116516,114174,8615,0,668,0
5.3682801723480225,211089,111716,116516,114174,8615,0,668,0
5.382803201675415,211089,111716,116516,114174,8615,0,668,0
5.397526979446411,211089,111716,116516,114174,8615,0,668,0
5.412194013595581,211089,111716,116516,114174,8615,0,668,0
5.426683187484741,211089,111716,116516,114174,8615,0,668,0
5.441521167755127,211089,111716,116516,114174,8615,0,668,0
5.456506013870239,211089,111716,116516,114174,8615,0,668,0
5.471034049987793,211089,111716,116516,114174,8615,0,668,0
5.485689163208008,211089,111716,116516,114174,8615,0,668,0
5.500328063964844,211089,111716,116516,114174,8615,0,668,0
5.515080213546753,211089,111716,116516,114174,8615,0,668,0
5.529922008514404,211089,111716,116516,114174,8615,0,668,0
5.54474401473999,211089,111716,116516,114174,8615,0,668,0
5.559390068054199,211089,113764,118564,116222,8616,0,668,0
5.574124097824097,211089,113764,118564,116222,8616,0,668,0
5.588630199432373,211089,113764,118564,116222,8616,0,668,0
5.6032421588897705,211089,113764,118564,116222,8616,0,668,0
5.617920160293579,211089,113764,118564,116222,8616,0,668,0
5.632465124130249,211089,115812,120612,118270,8617,0,668,0
5.647130012512207,211089,115812,120612,118270,8617,0,668,0
5.661687135696411,211089,115812,120612,118270,8617,0,668,0
5.676248073577881,211089,115812,120612,118270,8617,0,668,0
5.691282033920288,211089,115812,120612,118270,8617,0,668,0
5.706103086471558,211089,115812,120612,118270,8617,0,668,0
5.721095085144043,211089,115812,120612,118270,8617,0,668,0
5.736054182052612,211089,115812,120612,118270,8617,0,668,0
5.750791072845459,211089,115812,120612,118270,8617,0,668,0
5.76554799079895,211089,115812,120612,118270,8617,0,668,0
5.780290126800537,211089,115812,120612,118270,8617,0,668,0
5.795156002044678,211089,115812,120612,118270,8617,0,668,0
5.809719085693359,211089,115812,120612,118270,8617,0,668,0
5.824547052383423,211089,115812,120612,118270,8617,0,668,0
5.8394081592559814,211089,115812,120612,118270,8617,0,668,0
5.854287147521973,211089,115812,120612,118270,8617,0,668,0
5.86899209022522,211089,115812,120612,118270,8617,0,668,0
5.883695125579834,211089,115812,120612,118270,8617,0,668,0
5.898400068283081,211089,115812,120612,118270,8617,0,668,0
5.913100004196167,211089,115812,120612,118270,8617,0,668,0
5.927695035934448,211089,115812,120612,118270,8617,0,668,0
5.9428040981292725,211089,115812,120612,118270,8617,0,668,0
5.957589149475098,211089,115812,120612,118270,8617,0,668,0
5.97245717048645,211089,117860,122660,120318,8618,0,668,0
5.987344026565552,211089,117860,122660,120318,8618,0,668,0
6.00228214263916,211089,117860,122660,120318,8618,0,668,0
6.016986131668091,211089,117860,122660,120318,8618,0,668,0
6.031756162643433,211089,117860,122660,120318,8618,0,668,0
6.0466132164001465,211089,119908,124708,122366,8619,0,668,0
6.0614800453186035,211089,119908,124708,122366,8619,0,668,0
6.076184034347534,211089,119908,124708,122366,8619,0,668,0
6.090972185134888,211089,119908,124708,122366,8619,0,668,0
6.105694055557251,211089,119908,124708,122366,8619,0,668,0
6.120599985122681,211089,119908,124708,122366,8619,0,668,0
6.135404109954834,211089,119908,124708,122366,8619,0,668,0
6.150520086288452,211089,119908,124708,122366,8619,0,668,0
6.165208101272583,211089,119908,124708,122366,8619,0,668,0
6.179912090301514,211089,119908,124708,122366,8619,0,668,0
6.1947021484375,211089,119908,124708,122366,8619,0,668,0
6.20957612991333,211089,119908,124708,122366,8619,0,668,0
6.224786043167114,211089,119908,124708,122366,8619,0,668,0
6.239579200744629,211089,119908,124708,122366,8619,0,668,0
6.254322052001953,211089,119908,124708,122366,8619,0,668,0
6.269074201583862,211089,119908,124708,122366,8619,0,668,0
6.283733129501343,211089,119908,124708,122366,8619,0,668,0
6.298527002334595,211089,119908,124708,122366,8619,0,668,0
6.313244104385376,211089,119908,124708,122366,8619,0,668,0
6.327959060668945,211089,119908,124708,122366,8619,0,668,0
6.342694044113159,211089,119908,124708,122366,8619,0,668,0
6.357400178909302,211089,119908,124708,122366,8619,0,668,0
6.372274160385132,211089,119908,124708,122366,8619,0,668,0
6.3869709968566895,211089,121956,126756,124414,8620,0,668,0
6.401768207550049,211089,121956,126756,124414,8620,0,668,0
6.416503190994263,211089,121956,126756,124414,8620,0,668,0
6.431318998336792,211089,121956,126756,124414,8620,0,668,0
6.445946216583252,211089,121956,126756,124414,8620,0,668,0
6.460561037063599,211089,124004,128804,126462,8621,0,668,0
6.475378036499023,211089,124004,128804,126462,8621,0,668,0
6.490156173706055,211089,124004,128804,126462,8621,0,668,0
6.504703998565674,211089,124004,128804,126462,8621,0,668,0
6.519508123397827,211089,124004,128804,126462,8621,0,668,0
6.53436017036438,211089,124004,128804,126462,8621,0,668,0
6.549169063568115,211089,124004,128804,126462,8621,0,668,0
6.5643250942230225,211089,124004,128804,126462,8621,0,668,0
6.579037189483643,211089,124004,128804,126462,8621,0,668,0
6.593656063079834,211089,124004,128804,126462,8621,0,668,0
6.608381986618042,211089,124004,128804,126462,8621,0,668,0
6.623042106628418,211089,124004,128804,126462,8621,0,668,0
6.637715101242065,211089,124004,128804,126462,8621,0,668,0
6.652612209320068,211089,124004,128804,126462,8621,0,668,0
6.667195081710815,211089,124004,128804,126462,8621,0,668,0
6.681766033172607,211089,124004,128804,126462,8621,0,668,0
6.696662187576294,211089,124004,128804,126462,8621,0,668,0
6.71140718460083,211089,124004,128804,126462,8621,0,668,0
6.726279020309448,211089,124004,128804,126462,8621,0,668,0
6.741150140762329,211089,124004,128804,126462,8621,0,668,0
6.755688190460205,211089,124004,128804,126462,8621,0,668,0
6.77078914642334,211089,124004,128804,126462,8621,0,668,0
6.7856080532073975,211089,124004,128804,126462,8621,0,668,0
6.800178050994873,211089,124004,128804,126462,8621,0,668,0
6.814872980117798,211089,126052,130852,128510,8622,0,669,0
6.829756021499634,211089,126052,130852,128510,8622,0,669,0
6.844602108001709,211089,126052,130852,128510,8622,0,669,0
6.859236001968384,211089,126052,130852,128510,8622,0,669,0
6.874064207077026,211089,126052,130852,128510,8622,0,669,0
6.888780117034912,211089,126052,130852,128510,8622,0,669,0
6.903484106063843,211089,126052,130852,128510,8622,0,669,0
6.918066024780273,211089,126052,130852,128510,8622,0,669,0
6.932706117630005,211089,126052,130852,128510,8622,0,669,0
6.9475719928741455,211089,126052,130852,128510,8622,0,669,0
6.962305068969727,211089,126052,130852,128510,8622,0,669,0
6.976996183395386,211089,126052,130852,128510,8622,0,669,0
6.991966009140015,211089,126052,130852,128510,8622,0,669,0
7.006748199462891,211089,126052,130852,128510,8622,0,669,0
7.021332025527954,211089,126052,130852,128510,8622,0,669,0
7.036060094833374,211089,126052,130852,128510,8622,0,669,0
7.050796985626221,211089,126052,130852,128510,8622,0,669,0
7.065531015396118,211089,126052,130852,128510,8622,0,669,0
7.080385208129883,211089,126380,131108,128838,8704,0,669,0
7.095906019210815,211089,131408,136208,133866,8937,0,669,0
7.110812187194824,211089,170320,177168,172778,8977,0,670,0
7.126399040222168,211089,190800,195600,193258,8989,0,670,0
7.141801118850708,211089,197972,202772,200430,8993,0,670,0
7.157258987426758,211089,208212,213012,210670,8997,0,670,0
7.172641038894653,211089,214356,219156,216814,9001,0,670,0
7.188258171081543,211089,228692,233492,231150,9007,0,671,0
7.203909158706665,211089,240980,245780,243438,9014,0,671,0
7.2199060916900635,211089,240980,245780,243438,9014,0,671,0
7.235239028930664,211089,339284,346132,341742,9059,0,673,0
7.25139307975769,211089,392532,397332,394990,9088,0,674,0
7.2686991691589355,211089,406868,411668,409326,9095,0,674,0
7.284294128417969,211089,410964,415764,413422,9097,0,674,0
7.299454212188721,211089,410964,415764,413422,9097,0,674,0
7.314571142196655,211089,410964,415764,413422,9097,0,674,0
7.329276084899902,211089,410964,415764,413422,9097,0,674,0
7.3441431522369385,211089,417108,421908,419566,9100,0,674,0
7.359165191650391,211089,417108,421908,419566,9100,0,674,0
7.373788118362427,211089,417436,422164,419894,9182,0,674,0
7.389121055603027,211089,420920,425748,423378,10052,0,675,0
7.405245065689087,211089,428136,432916,430594,11857,0,675,0
7.4208221435546875,211089,420992,425792,423450,11859,0,675,0
7.435815095901489,211089,429184,433984,431642,11863,0,675,0
7.451263189315796,211089,431232,436032,433690,11864,0,675,0
7.466556072235107,211089,431232,436032,433690,11864,0,675,0
7.48158597946167,211089,435328,440128,437786,11866,0,675,0
7.496625185012817,211089,443520,448320,445978,11870,0,675,0
7.511787176132202,211089,451712,456512,454170,11874,0,675,0
7.527204990386963,211089,453760,458560,456218,11875,0,676,0
7.542518138885498,211089,453760,458560,456218,11875,0,676,0
7.557492017745972,211089,453760,458560,456218,11875,0,676,0
7.572192192077637,211089,453760,458560,456218,11875,0,676,0
7.58678412437439,211089,453760,458560,456218,11875,0,676,0
7.6019110679626465,211089,453760,458560,456218,11875,0,676,0
7.616502046585083,211089,453760,458560,456218,11875,0,676,0
7.631197214126587,211089,453760,458560,456218,11875,0,676,0
7.646081209182739,211089,453760,458560,456218,11875,0,676,0
7.6610541343688965,211089,453760,458560,456218,11875,0,676,0
7.675995111465454,211089,453760,458560,456218,11875,0,676,0
7.6912841796875,211089,453760,458560,456218,11875,0,676,0
7.706279993057251,211089,453760,458560,456218,11875,0,676,0
7.721250057220459,211089,453760,458560,456218,11875,0,676,0
7.7361531257629395,211089,455808,462656,458266,11876,0,676,0
7.751286029815674,211089,457856,462656,460314,11877,0,676,0
7.766396999359131,211089,457856,464704,460314,11877,0,676,0
7.7815680503845215,211089,462132,466932,464590,11924,0,676,0
7.796739101409912,211089,462132,466932,464590,11924,0,676,0
7.812236070632935,211089,462132,466932,464590,11924,0,676,0
7.8275580406188965,211089,462300,467060,464758,11966,0,676,0
7.842652082443237,211089,462300,467060,464758,11966,0,676,0
7.857560157775879,211089,462300,467060,464758,11966,0,676,0
7.872543096542358,211089,462300,467060,464758,11966,0,676,0
7.887545108795166,211089,462084,466884,464542,11966,0,676,0
7.902511119842529,211089,462084,466884,464542,11966,0,676,0
7.917394161224365,211089,462084,466884,464542,11966,0,676,0
7.9322850704193115,211089,462084,466884,464542,11966,0,676,0
7.947230100631714,211089,462084,466884,464542,11966,0,676,0
7.962172031402588,211089,462084,466884,464542,11966,0,676,0
7.977076053619385,211089,462084,466884,464542,11966,0,676,0
7.9919819831848145,211089,462148,466884,464606,11982,0,676,0
8.007212162017822,211089,462148,466884,464606,11982,0,676,0
8.022386074066162,211089,462148,466884,464606,11982,0,676,0
8.037613153457642,211089,464196,468996,466654,11983,0,676,0
8.05279016494751,211089,464196,468996,466654,11983,0,676,0
8.068305015563965,211089,464196,468996,466654,11983,0,676,0
8.083607196807861,211089,464196,468996,466654,11983,0,676,0
8.098669052124023,211089,464196,468996,466654,11983,0,676,0
8.113876104354858,211089,464196,468996,466654,11983,0,676,0
8.128971099853516,211089,464196,468996,466654,11983,0,676,0
8.144129991531372,211089,464260,468996,466718,11999,0,676,0
8.159571170806885,211089,464260,468996,466718,11999,0,676,0
8.18480110168457,211089,464260,468996,466718,11999,0,676,0
8.205327987670898,211089,464260,468996,466718,11999,0,676,0
8.251618146896362,211089,464260,468996,466718,11999,0,676,0
8.296396017074585,211089,464260,468996,466718,11999,0,676,0
8.322606086730957,211089,464260,468996,466718,11999,0,676,0
8.348555088043213,211089,464260,468996,466718,11999,0,676,0
8.380205154418945,211089,464260,468996,466718,11999,0,676,0
8.409911155700684,211089,464260,468996,466718,11999,0,676,0
8.437527179718018,211089,464260,468996,466718,11999,0,676,0
8.46228814125061,211089,464260,468996,466718,11999,0,676,0
8.480147123336792,211089,464260,468996,466718,11999,0,676,0
8.495679140090942,211089,464260,468996,466718,11999,0,676,0
8.511287212371826,211089,464260,468996,466718,11999,0,676,0
8.526847124099731,211089,464260,468996,466718,11999,0,676,0
8.542129039764404,211089,464260,468996,466718,11999,0,676,0
8.55715012550354,211089,464260,468996,466718,11999,0,676,0
8.572225093841553,211089,464260,468996,466718,11999,0,676,0
8.587271213531494,211089,464260,468996,466718,11999,0,676,0
8.602326154708862,211089,464260,468996,466718,11999,0,676,0
8.620809078216553,211089,464260,468996,466718,11999,0,676,0
8.645128011703491,211089,464260,468996,466718,11999,0,676,0
8.67923903465271,211089,464260,468996,466718,11999,0,676,0
8.703011989593506,211089,464260,468996,466718,11999,0,676,0
8.726440191268921,211089,464260,468996,466718,11999,0,676,0
8.75404405593872,211089,464260,468996,466718,11999,0,676,0
8.78215217590332,211089,464260,468996,466718,11999,0,676,0
8.807522058486938,211089,464260,468996,466718,11999,0,676,0
8.834342002868652,211089,464260,468996,466718,11999,0,676,0
8.860372066497803,211089,464260,468996,466718,11999,0,676,0
8.881746053695679,211089,464260,468996,466718,11999,0,676,0
8.896732091903687,211089,464260,468996,466718,11999,0,676,0
8.911600112915039,211089,464260,468996,466718,11999,0,676,0
8.926534175872803,211089,464260,468996,466718,11999,0,676,0
8.941771984100342,211089,466308,471108,468766,12000,0,676,0
8.956749200820923,211089,472452,477252,474910,12003,0,676,0
8.971781015396118,211089,472452,477252,474910,12003,0,676,0
8.986581087112427,211089,472452,477252,474910,12003,0,676,0
9.001458168029785,211089,472452,477252,474910,12003,0,676,0
9.016272068023682,211089,472452,477252,474910,12003,0,676,0
9.031028032302856,211089,472452,477252,474910,12003,0,676,0
9.04610300064087,211089,472452,477252,474910,12003,0,676,0
9.061463117599487,211089,472452,477252,474910,12003,0,676,0
9.076407194137573,211089,472452,477252,474910,12003,0,676,0
9.091445207595825,211089,472452,477252,474910,12003,0,676,0
9.106733083724976,211089,472452,477252,474910,12003,0,676,0
9.121862173080444,211089,472584,477380,475042,12035,0,676,0
9.137104988098145,211089,472652,477380,475110,12053,0,676,0
9.152757167816162,211089,472656,477380,475114,12054,0,676,0
9.167952060699463,211089,472656,477380,475114,12054,0,676,0
9.18319320678711,211089,472656,477380,475114,12054,0,676,0
9.198662042617798,211089,472656,477380,475114,12054,0,676,0
9.213977098464966,211089,472660,477380,475118,12055,0,676,0
9.229278087615967,211089,472660,477380,475118,12055,0,676,0
9.244415044784546,211089,472660,477380,475118,12055,0,676,0
9.259592056274414,211089,472660,477380,475118,12055,0,676,0
9.274730205535889,211089,472660,477380,475118,12055,0,676,0
9.289867162704468,211089,472660,477380,475118,12055,0,676,0
9.305085182189941,211089,472660,477380,475118,12055,0,676,0
9.320151090621948,211089,472724,477508,475182,12071,0,676,0
9.335187196731567,211089,472724,477508,475182,12071,0,676,0
9.350285053253174,211089,472724,477508,475182,12071,0,676,0
9.365373134613037,211089,472724,477508,475182,12071,0,676,0
9.380536079406738,211089,472724,477508,475182,12071,0,676,0
9.39558720588684,211089,472724,477508,475182,12071,0,676,0
9.410762071609497,211089,472724,477508,475182,12071,0,676,0
9.42583703994751,211089,472724,477508,475182,12071,0,676,0
9.440882205963135,211089,472724,477508,475182,12071,0,676,0
9.455892086029053,211089,472724,477508,475182,12071,0,676,0
9.47093915939331,211089,472724,477508,475182,12071,0,676,0
9.48623013496399,211089,472724,477508,475182,12071,0,676,0
9.501465082168579,211089,472724,477508,475182,12071,0,676,0
9.516746044158936,211089,472724,477508,475182,12071,0,676,0
9.532011985778809,211089,472724,477508,475182,12071,0,676,0
9.547352075576782,211089,472724,477508,475182,12071,0,676,0
9.562638998031616,211089,478868,483668,481326,12074,0,676,0
9.578042984008789,211089,478868,483668,481326,12074,0,676,0
9.593160152435303,211089,478868,483668,481326,12074,0,676,0
9.608329057693481,211089,480916,485716,483374,12075,0,676,0
9.623744010925293,211089,480916,485716,483374,12075,0,676,0
9.6391441822052,211089,480916,485716,483374,12075,0,676,0
9.65435004234314,211089,480916,485716,483374,12075,0,676,0
9.669555187225342,211089,480916,485716,483374,12075,0,676,0
9.685120105743408,211089,480916,485716,483374,12075,0,676,0
9.700460195541382,211089,480916,485716,483374,12075,0,676,0
9.715965986251831,211089,480916,485716,483374,12075,0,676,0
9.731199026107788,211089,480916,485716,483374,12075,0,676,0
9.746328115463257,211089,480916,485716,483374,12075,0,676,0
9.761332988739014,211089,480916,485716,483374,12075,0,676,0
9.776134014129639,211089,480916,485716,483374,12075,0,676,0
9.79083800315857,211089,480916,485716,483374,12075,0,676,0
9.805832147598267,211089,480916,485716,483374,12075,0,676,0
9.820901155471802,211089,480916,485716,483374,12075,0,676,0
9.836105108261108,211089,423572,428372,426030,12075,0,675,0
9.851124048233032,211089,423572,428372,426030,12075,0,675,0
9.86615514755249,211089,423572,428372,426030,12075,0,675,0
9.88128399848938,211089,423572,428372,426030,12075,0,675,0
9.896692991256714,211089,423572,428372,426030,12075,0,675,0
9.911825180053711,211089,423572,428372,426030,12075,0,675,0
9.926897048950195,211089,423572,428372,426030,12075,0,675,0
9.942023038864136,211089,425620,430420,428078,12076,0,675,0
9.957106113433838,211089,425620,430420,428078,12076,0,675,0
9.972411155700684,211089,425620,430420,428078,12076,0,675,0
9.987725019454956,211089,425620,430420,428078,12076,0,675,0
10.002896070480347,211089,425620,430420,428078,12076,0,675,0
10.01817011833191,211089,425620,430420,428078,12076,0,675,0
10.033377170562744,211089,425620,430420,428078,12076,0,675,0
10.048724174499512,211089,425620,432468,428078,12076,0,675,0
10.06394910812378,211089,429716,434516,432174,12078,0,675,0
10.079169988632202,211089,433812,438612,436270,12080,0,675,0
10.094350099563599,211089,433812,438612,436270,12080,0,675,0
10.110105037689209,211089,433812,438612,436270,12080,0,675,0
10.125584125518799,211089,433812,438612,436270,12080,0,675,0
10.140904188156128,211089,435860,440660,438318,12081,0,675,0
10.156347036361694,211089,435860,440660,438318,12081,0,675,0
10.171730041503906,211089,435860,440660,438318,12081,0,675,0
10.187215089797974,211089,435860,440660,438318,12081,0,675,0
10.202534198760986,211089,435860,440660,438318,12081,0,675,0
10.217838048934937,211089,437908,442708,440366,12082,0,675,0
10.233237981796265,211089,442004,446804,444462,12084,0,675,0
10.248740196228027,211089,444052,448852,446510,12085,0,675,0
10.264129161834717,211089,444052,448852,446510,12085,0,675,0
10.279630184173584,211089,444052,448852,446510,12085,0,675,0
10.294881105422974,211089,444052,448852,446510,12085,0,675,0
10.310564041137695,211089,446100,450900,448558,12086,0,675,0
10.325947046279907,211089,446164,450900,448622,12102,0,675,0
10.341158151626587,211089,446164,450900,448622,12102,0,675,0
10.35622501373291,211089,446164,450900,448622,12102,0,675,0
10.371164083480835,211089,446164,450900,448622,12102,0,675,0
10.387953996658325,211089,446164,450900,448622,12102,0,675,0
10.404609203338623,211089,446164,450900,448622,12102,0,675,0
10.421207189559937,211089,446164,450900,448622,12102,0,675,0
10.43739914894104,211089,446228,451028,448686,12118,0,675,0
10.45303201675415,211089,446228,451028,448686,12118,0,675,0
10.46836519241333,211089,446228,451028,448686,12118,0,675,0
10.483808994293213,211089,446228,451028,448686,12118,0,675,0
10.499222040176392,211089,446228,451028,448686,12118,0,675,0
10.514937162399292,211089,446228,451028,448686,12118,0,675,0
10.530703067779541,211089,446228,451028,448686,12118,0,675,0
10.54591703414917,211089,446228,451028,448686,12118,0,675,0
10.561159133911133,211089,450324,455124,452782,12120,0,675,0
10.5766282081604,211089,450324,455124,452782,12120,0,675,0
10.59163212776184,211089,450324,455124,452782,12120,0,675,0
10.606631994247437,211089,450324,455124,452782,12120,0,675,0
10.621708154678345,211089,452372,457172,454830,12121,0,675,0
10.636754989624023,211089,452372,457172,454830,12121,0,675,0
10.65171504020691,211089,452372,457172,454830,12121,0,675,0
10.6666841506958,211089,452372,457172,454830,12121,0,675,0
10.681716203689575,211089,452372,457172,454830,12121,0,675,0
10.697052001953125,211089,460564,465364,463022,12125,0,676,0
10.712680101394653,211089,460564,465364,463022,12125,0,676,0
10.728617191314697,211089,460564,465364,463022,12125,0,676,0
10.743969202041626,211089,460564,465364,463022,12125,0,676,0
10.759266138076782,211089,460564,465364,463022,12125,0,676,0
10.774525165557861,211089,460564,465364,463022,12125,0,676,0
10.789615154266357,211089,460564,465364,463022,12125,0,676,0
10.804749011993408,211089,462612,467412,465070,12126,0,676,0
10.819820165634155,211089,462612,467412,465070,12126,0,676,0
10.835163116455078,211089,462612,467412,465070,12126,0,676,0
10.850566148757935,211089,462612,467412,465070,12126,0,676,0
10.865847110748291,211089,462612,467412,465070,12126,0,676,0
10.881125211715698,211089,462612,467412,465070,12126,0,676,0
10.896330118179321,211089,462612,467412,465070,12126,0,676,0
10.911765098571777,211089,462612,467412,465070,12126,0,676,0
10.927343130111694,211089,462612,467412,465070,12126,0,676,0
10.942880153656006,211089,462612,467412,465070,12126,0,676,0
10.958109140396118,211089,464660,469460,467118,12127,0,676,0
10.973491191864014,211089,464660,469460,467118,12127,0,676,0
10.988872051239014,211089,464660,469460,467118,12127,0,676,0
11.00411319732666,211089,464660,469460,467118,12127,0,676,0
11.019366025924683,211089,464660,469460,467118,12127,0,676,0
11.034777164459229,211089,466708,471508,469166,12128,0,676,0
11.050246000289917,211089,468756,473556,471214,12129,0,676,0
11.065666198730469,211089,468756,473556,471214,12129,0,676,0
11.082249164581299,211089,470804,475604,473262,12130,0,676,0
11.097726106643677,211089,470804,475604,473262,12130,0,676,0
11.113088130950928,211089,470804,475604,473262,12130,0,676,0
11.128568172454834,211089,470804,475604,473262,12130,0,676,0
11.14415717124939,211089,470804,475604,473262,12130,0,676,0
11.159460067749023,211089,470804,475604,473262,12130,0,676,0
11.174843072891235,211089,470808,475604,473266,12131,0,676,0
11.190510988235474,211089,470808,475604,473266,12131,0,676,0
11.206197023391724,211089,470808,475604,473266,12131,0,676,0
11.221795082092285,211089,470808,475604,473266,12131,0,676,0
11.237316131591797,211089,470808,475604,473266,12131,0,676,0
11.252936124801636,211089,470808,475604,473266,12131,0,676,0
11.268378019332886,211089,470808,475604,473266,12131,0,676,0
11.284641981124878,211089,470808,475604,473266,12131,0,676,0
11.300704002380371,211089,470808,475604,473266,12131,0,676,0
11.316657066345215,211089,474904,479704,477362,12133,0,676,0
11.332097053527832,211089,474904,479704,477362,12133,0,676,0
11.347848176956177,211089,474904,479704,477362,12133,0,676,0
11.36327314376831,211089,474904,479704,477362,12133,0,676,0
11.378682136535645,211089,474904,479704,477362,12133,0,676,0
11.393976211547852,211089,474904,479704,477362,12133,0,676,0
11.40932011604309,211089,476952,481752,479410,12134,0,676,0
11.424854040145874,211089,479000,483800,481458,12135,0,676,0
11.440360069274902,211089,479000,483800,481458,12135,0,676,0
11.45638108253479,211089,479000,483800,481458,12135,0,676,0
11.472387075424194,211089,481048,485848,483506,12136,0,676,0
11.48781418800354,211089,481048,485848,483506,12136,0,676,0
11.502967119216919,211089,481048,485848,483506,12136,0,676,0
11.518158197402954,211089,481048,485848,483506,12136,0,676,0
11.533367156982422,211089,483096,487896,485554,12137,0,676,0
11.548842191696167,211089,483096,487896,485554,12137,0,676,0
11.564069032669067,211089,483096,487896,485554,12137,0,676,0
11.579259157180786,211089,483096,487896,485554,12137,0,676,0
11.59445309638977,211089,483096,487896,485554,12137,0,676,0
11.60956621170044,211089,483096,487896,485554,12137,0,676,0
11.62469220161438,211089,483096,487896,485554,12137,0,676,0
11.639816999435425,211089,483256,488024,485714,12177,0,676,0
11.655079126358032,211089,483256,488024,485714,12177,0,676,0
11.67025899887085,211089,483256,488024,485714,12177,0,676,0
11.685487985610962,211089,483256,488024,485714,12177,0,676,0
11.700627088546753,211089,485304,490104,487762,12178,0,676,0
11.715840101242065,211089,485304,490104,487762,12178,0,676,0
11.731006145477295,211089,489400,494200,491858,12180,0,676,0
11.746324062347412,211089,489252,494052,491710,12180,0,676,0
11.761536121368408,211089,489412,494180,491870,12220,0,676,0
11.776873111724854,211089,489412,494180,491870,12220,0,676,0
11.792043209075928,211089,489412,494180,491870,12220,0,676,0
11.807213068008423,211089,489412,494180,491870,12220,0,676,0
11.822293996810913,211089,489412,494180,491870,12220,0,676,0
11.837501049041748,211089,489412,494180,491870,12220,0,676,0
11.85292100906372,211089,491460,496260,493918,12221,0,676,0
11.868243217468262,211089,497448,502260,499906,12224,0,676,0
11.883653163909912,211089,497448,502248,499906,12225,0,676,0
11.898845195770264,211089,499496,504296,501954,12226,0,676,0
11.913961172103882,211089,499496,504296,501954,12226,0,676,0
11.928943157196045,211089,499496,504296,501954,12226,0,676,0
11.943891048431396,211089,499496,504296,501954,12226,0,676,0
11.95921802520752,211089,503592,508392,506050,12228,0,676,0
11.97487211227417,211089,505640,510440,508098,12229,0,676,0
11.989974021911621,211089,505640,510440,508098,12229,0,676,0
12.00508999824524,211089,505640,510440,508098,12229,0,676,0
12.02010202407837,211089,505640,510440,508098,12229,0,676,0
12.03486704826355,211089,505640,510440,508098,12229,0,676,0
12.050376176834106,211089,505640,510440,508098,12229,0,676,0
12.067071199417114,211089,505640,510440,508098,12229,0,676,0
12.082303047180176,211089,505640,510440,508098,12229,0,676,0
12.09764814376831,211089,505640,510440,508098,12229,0,676,0
12.112858057022095,211089,505640,510440,508098,12229,0,676,0
12.127984046936035,211089,507688,512488,510146,12230,0,676,0
12.143213033676147,211089,509736,514536,512194,12231,0,676,0
12.158578157424927,211089,509736,514536,512194,12231,0,676,0
12.174091100692749,211089,509736,514536,512194,12231,0,676,0
12.189380168914795,211089,509736,514536,512194,12231,0,676,0
12.204699993133545,211089,509736,514536,512194,12231,0,676,0
12.22008204460144,211089,509736,514536,512194,12231,0,676,0
12.235366106033325,211089,509736,514536,512194,12231,0,676,0
12.250663042068481,211089,509736,514536,512194,12231,0,676,0
12.265847206115723,211089,509736,514536,512194,12231,0,676,0
12.2812020778656,211089,509736,514536,512194,12231,0,676,0
12.296296119689941,211089,511784,516584,514242,12232,0,676,0
12.311391115188599,211089,511784,516584,514242,12232,0,676,0
12.326380014419556,211089,511784,516584,514242,12232,0,676,0
12.341726064682007,211089,513832,518632,516290,12232,0,676,0
12.356892108917236,211089,513832,518632,516290,12233,0,676,0
12.37220811843872,211089,513832,518632,516290,12233,0,676,0
12.387850999832153,211089,513832,518632,516290,12233,0,676,0
12.403048992156982,211089,513832,518632,516290,12233,0,676,0
12.418280124664307,211089,513832,518632,516290,12233,0,676,0
12.433353185653687,211089,513832,518632,516290,12233,0,676,0
12.448678016662598,211089,513832,518632,516290,12233,0,676,0
12.46385908126831,211089,513832,518632,516290,12233,0,676,0
12.479387998580933,211089,513832,518632,516290,12233,0,676,0
12.494700193405151,211089,513832,520680,516290,12233,0,676,0
12.510158061981201,211089,515880,520680,518338,12234,0,676,0
12.525298118591309,211089,517928,522728,520386,12235,0,676,0
12.540385007858276,211089,519976,524776,522434,12236,0,677,0
12.555308103561401,211089,524072,528872,526530,12238,0,677,0
12.57027006149292,211089,524072,528872,526530,12238,0,677,0
12.5852210521698,211089,524072,528872,526530,12238,0,677,0
12.600154161453247,211089,524072,528872,526530,12238,0,677,0
12.614907026290894,211089,524072,528872,526530,12238,0,677,0
12.629886150360107,211089,526120,530920,528578,12239,0,677,0
12.645035028457642,211089,526120,530920,528578,12239,0,677,0
12.660023212432861,211089,526120,530920,528578,12239,0,677,0
12.67504620552063,211089,526120,530920,528578,12239,0,677,0
12.68986701965332,211089,526120,530920,528578,12239,0,677,0
12.70485520362854,211089,526120,530920,528578,12239,0,677,0
12.71984314918518,211089,526120,530920,528578,12239,0,677,0
12.734745025634766,211089,526120,530920,528578,12239,0,677,0
12.749772071838379,211089,526120,530920,528578,12239,0,677,0
12.764918088912964,211089,526120,530920,528578,12239,0,677,0
12.780330181121826,211089,526120,530920,528578,12239,0,677,0
12.7953200340271,211089,526120,530920,528578,12239,0,677,0
12.810340166091919,211089,526120,530920,528578,12239,0,677,0
12.825295209884644,211089,526120,530920,528578,12239,0,677,0
12.840392112731934,211089,526120,530920,528578,12239,0,677,0
12.855491161346436,211089,526120,530920,528578,12239,0,677,0
12.870544195175171,211089,526120,530920,528578,12239,0,677,0
12.88561201095581,211089,526120,530920,528578,12239,0,677,0
12.900628089904785,211089,526120,530920,528578,12239,0,677,0
12.915606021881104,211089,526120,530920,528578,12239,0,677,0
12.93058705329895,211089,526120,530920,528578,12239,0,677,0
12.94608211517334,211089,526120,530920,528578,12239,0,677,0
12.961292028427124,211089,526120,530920,528578,12239,0,677,0
12.976384162902832,211089,526120,530920,528578,12239,0,677,0
12.99158000946045,211089,526120,530920,528578,12239,0,677,0
13.006744146347046,211089,526120,530920,528578,12239,0,677,0
13.022231101989746,211089,526120,530920,528578,12239,0,677,0
13.037719011306763,211089,526120,530920,528578,12239,0,677,0
13.052565097808838,211089,526120,530920,528578,12239,0,677,0
13.067548990249634,211089,526120,530920,528578,12239,0,677,0
13.082552194595337,211089,526120,530920,528578,12239,0,677,0
13.097616195678711,211089,526120,530920,528578,12239,0,677,0
13.112609148025513,211089,526120,530920,528578,12239,0,677,0
13.127588033676147,211089,526120,530920,528578,12239,0,677,0
13.142566204071045,211089,526120,530920,528578,12239,0,677,0
13.157524108886719,211089,526120,530920,528578,12239,0,677,0
13.172535181045532,211089,526120,530920,528578,12239,0,677,0
13.187552213668823,211089,526120,530920,528578,12239,0,677,0
13.20259404182434,211089,526120,530920,528578,12239,0,677,0
13.217925071716309,211089,526120,530920,528578,12239,0,677,0
13.232885122299194,211089,526120,530920,528578,12239,0,677,0
13.247766017913818,211089,526120,530920,528578,12239,0,677,0
13.262662172317505,211089,526120,530920,528578,12239,0,677,0
13.277578115463257,211089,526120,530920,528578,12239,0,677,0
13.292636156082153,211089,526120,530920,528578,12239,0,677,0
13.307634115219116,211089,526120,530920,528578,12239,0,677,0
13.322627067565918,211089,526120,530920,528578,12239,0,677,0
13.33758807182312,211089,526120,530920,528578,12239,0,677,0
13.3526132106781,211089,526120,530920,528578,12239,0,677,0
13.36761212348938,211089,526120,530920,528578,12239,0,677,0
13.382619142532349,211089,526120,530920,528578,12239,0,677,0
13.397598028182983,211089,526120,530920,528578,12239,0,677,0
13.412628173828125,211089,526120,530920,528578,12239,0,677,0
13.427589178085327,211089,526120,530920,528578,12239,0,677,0
13.442606210708618,211089,526120,530920,528578,12239,0,677,0
13.457588195800781,211089,526120,530920,528578,12239,0,677,0
13.472545146942139,211089,526120,530920,528578,12239,0,677,0
13.487587213516235,211089,526120,530920,528578,12239,0,677,0
13.502634048461914,211089,526120,530920,528578,12239,0,677,0
13.517652034759521,211089,526120,530920,528578,12239,0,677,0
13.53258204460144,211089,526120,530920,528578,12239,0,677,0
13.54757809638977,211089,526120,530920,528578,12239,0,677,0
13.562608003616333,211089,526120,530920,528578,12239,0,677,0
13.577656030654907,211089,526120,530920,528578,12239,0,677,0
13.592560052871704,211089,526120,530920,528578,12239,0,677,0
13.60759711265564,211089,526120,530920,528578,12239,0,677,0
13.622552156448364,211089,526120,530920,528578,12239,0,677,0
13.637891054153442,211089,526120,530920,528578,12239,0,677,0
13.652758121490479,211089,526120,530920,528578,12239,0,677,0
13.667633056640625,211089,526120,530920,528578,12239,0,677,0
13.682610988616943,211089,526120,530920,528578,12239,0,677,0
13.697588205337524,211089,526120,530920,528578,12239,0,677,0
13.712610006332397,211089,526120,530920,528578,12239,0,677,0
13.727653980255127,211089,526120,530920,528578,12239,0,677,0
13.742582082748413,211089,526120,530920,528578,12239,0,677,0
13.757593154907227,211089,526120,530920,528578,12239,0,677,0
13.772539138793945,211089,526120,530920,528578,12239,0,677,0
13.787556171417236,211089,526120,530920,528578,12239,0,677,0
13.802578210830688,211089,526120,530920,528578,12239,0,677,0
13.817572116851807,211089,526120,530920,528578,12239,0,677,0
13.832606077194214,211089,526120,530920,528578,12239,0,677,0
13.847606182098389,211089,526120,530920,528578,12239,0,677,0
13.86258316040039,211089,526120,530920,528578,12239,0,677,0
13.877561092376709,211089,526120,530920,528578,12239,0,677,0
13.892482995986938,211089,526120,530920,528578,12239,0,677,0
13.907616138458252,211089,526120,530920,528578,12239,0,677,0
13.922574996948242,211089,517928,522728,520386,12239,0,676,0
13.93761420249939,211089,517928,522728,520386,12239,0,676,0
13.952603101730347,211089,517928,522728,520386,12239,0,676,0
13.96761703491211,211089,517928,522728,520386,12239,0,676,0
13.982577085494995,211089,517928,522728,520386,12239,0,676,0
13.998741149902344,211089,517928,522728,520386,12239,0,676,0
14.013755083084106,211089,517928,522728,520386,12239,0,676,0
14.028598070144653,211089,517928,522728,520386,12239,0,676,0
14.043338060379028,211089,517928,522728,520386,12239,0,676,0
14.058564186096191,211089,519976,524776,522434,12240,0,677,0
14.073692083358765,211089,528168,532968,530626,12244,0,677,0
14.088798999786377,211089,536360,541160,538818,12248,0,677,0
14.103951215744019,211089,544552,549352,547010,12252,0,677,0
14.11911916732788,211089,550696,557544,553154,12255,0,678,0
14.134275197982788,211089,558888,563688,561346,12259,0,678,0
14.149609088897705,211089,567080,571880,569538,12263,0,678,0
14.164834022521973,211089,575272,580072,577730,12267,0,678,0
14.179934024810791,211089,583464,588264,585922,12271,0,678,0
14.195176124572754,211089,591656,596456,594114,12275,0,678,0
14.210391998291016,211089,599848,604648,602306,12278,0,678,0
14.225853204727173,211089,605992,612840,608450,12282,0,678,0
14.241234064102173,211089,614184,618984,616642,12286,0,678,0
14.256739139556885,211089,622376,627176,624834,12290,0,679,0
14.272152185440063,211089,630568,635368,633026,12294,0,679,0
14.287403106689453,211089,638760,643560,641218,12298,0,679,0
14.302736043930054,211089,646952,651752,649410,12302,0,679,0
14.318095207214355,211089,655144,659944,657602,12305,0,680,0
14.333298206329346,211089,661288,668136,663746,12309,0,680,0
14.348573207855225,211089,669480,674280,671938,12313,0,680,0
14.363818168640137,211089,677672,682472,680130,12317,0,680,0
14.379056215286255,211089,685864,690664,688322,12321,0,680,0
14.394301176071167,211089,694056,698856,696514,12325,0,680,0
14.409641981124878,211089,702248,707048,704706,12329,0,680,0
14.424984216690063,211089,710440,715240,712898,12332,0,680,0
14.440352201461792,211089,716584,723432,719042,12336,0,681,0
14.455687999725342,211089,724776,729576,727234,12340,0,681,0
14.47128701210022,211089,732968,737768,735426,12344,0,681,0
14.486772060394287,211089,741160,745960,743618,12348,0,681,0
14.502097129821777,211089,749352,754152,751810,12352,0,682,0
14.517415046691895,211089,757544,762344,760002,12356,0,682,0
14.532778024673462,211089,765736,770536,768194,12359,0,682,0
14.54810619354248,211089,771880,778728,774338,12363,0,682,0
14.563535213470459,211089,780072,784872,782530,12367,0,682,0
14.578860998153687,211089,788264,793064,790722,12371,0,682,0
14.594151020050049,211089,796456,801256,798914,12375,0,682,0
14.609467029571533,211089,804648,809448,807106,12379,0,682,0
14.624881029129028,211089,812840,817640,815298,12383,0,682,0
14.640269041061401,211089,821032,825832,823490,12386,0,683,0
14.655657052993774,211089,827176,834024,829634,12390,0,683,0
14.67126202583313,211089,835368,840168,837826,12394,0,683,0
14.686724185943604,211089,843560,848360,846018,12398,0,683,0
14.70208215713501,211089,851752,856552,854210,12402,0,684,0
14.717280149459839,211089,859944,864744,862402,12406,0,684,0
14.732739210128784,211089,868136,872936,870594,12410,0,684,0
14.747934103012085,211089,876328,881128,878786,12413,0,684,0
14.763195037841797,211089,882472,889320,884930,12417,0,684,0
14.77853012084961,211089,890664,895464,893122,12421,0,684,0
14.793856143951416,211089,898856,903656,901314,12425,0,684,0
14.809076070785522,211089,907048,911848,909506,12429,0,684,0
14.824295997619629,211089,913192,917992,915650,12432,0,685,0
14.839564085006714,211089,919336,924136,921794,12435,0,685,0
14.854851007461548,211089,927528,932328,929986,12439,0,685,0
14.870218992233276,211089,935720,940520,938178,12443,0,685,0
14.885891199111938,211089,943912,948712,946370,12447,0,685,0
14.90132212638855,211089,952104,956904,954562,12451,0,686,0
14.916645050048828,211089,960296,965096,962754,12455,0,686,0
14.931972980499268,211089,966440,973288,968898,12458,0,686,0
14.94729208946228,211089,974632,979432,977090,12462,0,686,0
14.96271300315857,211089,984872,989672,987330,12467,0,686,0
14.98083209991455,211089,993064,997864,995522,12471,0,686,0
14.996153116226196,211089,1001256,1006056,1003714,12474,0,686,0
15.011366128921509,211089,1007400,1014248,1009858,12478,0,686,0
15.026714086532593,211089,1015592,1022440,1018050,12482,0,687,0
15.042126178741455,211089,1023784,1028584,1026242,12486,0,687,0
15.057331085205078,211089,1031976,1036776,1034434,12490,0,687,0
15.072620153427124,211089,1040168,1044968,1042626,12494,0,687,0
15.088141202926636,211089,1048360,1053160,1050818,12498,0,688,0
15.10339903831482,211089,1056552,1061352,1059010,12501,0,688,0
15.118524074554443,211089,1062696,1069544,1065154,12505,0,688,0
15.133644104003906,211089,1070888,1075688,1073346,12509,0,688,0
15.148787021636963,211089,1079080,1083880,1081538,12513,0,688,0
15.163840055465698,211089,1087272,1092072,1089730,12517,0,688,0
15.178920984268188,211089,1095464,1100264,1097922,12521,0,688,0
15.194209098815918,211089,1103656,1108456,1106114,12525,0,688,0
15.209213018417358,211089,1109800,1116648,1112258,12528,0,689,0
15.224348068237305,211089,1117992,1124840,1120450,12532,0,689,0
15.239731073379517,211089,1126184,1130984,1128642,12536,0,689,0
15.254826068878174,211089,1134376,1139176,1136834,12540,0,689,0
15.269865989685059,211089,1140520,1145320,1142978,12543,0,689,0
15.285001993179321,211089,1146704,1151504,1149162,12556,0,690,0
15.300573110580444,211089,1154896,1159696,1157354,12560,0,690,0
15.315714120864868,211089,1163088,1167888,1165546,12563,0,690,0
15.330870151519775,211089,1169232,1176080,1171690,12567,0,690,0
15.346168041229248,211089,1177424,1182224,1179882,12571,0,690,0
15.361294031143188,211089,1185616,1190416,1188074,12575,0,690,0
15.376408100128174,211089,1193808,1198608,1196266,12579,0,690,0
15.391569137573242,211089,1202000,1206800,1204458,12583,0,690,0
15.406724214553833,211089,1210192,1214992,1212650,12587,0,691,0
15.421814203262329,211089,1218384,1223184,1220842,12590,0,691,0
15.437052011489868,211089,1224528,1231376,1226986,12594,0,691,0
15.45218801498413,211089,1232720,1237520,1235178,12598,0,691,0
15.467290163040161,211089,1240912,1245712,1243370,12602,0,691,0
15.482376098632812,211089,1249104,1253904,1251562,12606,0,692,0
15.497601985931396,211089,1257296,1262096,1259754,12610,0,692,0
15.512876987457275,211089,1265488,1270288,1267946,12613,0,692,0
15.528024196624756,211089,1271632,1278480,1274090,12617,0,692,0
15.54319715499878,211089,1279824,1284624,1282282,12621,0,692,0
15.55826711654663,211089,1288016,1292816,1290474,12625,0,692,0
15.573400020599365,211089,1296208,1301008,1298666,12629,0,692,0
15.588724136352539,211089,1304400,1309200,1306858,12633,0,692,0
15.604066133499146,211089,1312592,1317392,1315050,12636,0,693,0
15.619217157363892,211089,1318736,1325584,1321194,12640,0,693,0
15.634352207183838,211089,1326928,1333776,1329386,12644,0,693,0
15.649668216705322,211089,1335120,1339920,1337578,12648,0,693,0
15.664813995361328,211089,1343312,1348112,1345770,12652,0,694,0
15.679864168167114,211089,1351504,1356304,1353962,12656,0,694,0
15.69517707824707,211089,1359696,1364496,1362154,12660,0,694,0
15.710361003875732,211089,1367888,1372688,1370346,12663,0,694,0
15.725649118423462,211089,1374032,1380880,1376490,12667,0,694,0
15.740845203399658,211089,1382224,1387024,1384682,12671,0,694,0
15.756062984466553,211089,1390416,1395216,1392874,12675,0,694,0
15.771287202835083,211089,1398608,1403408,1401066,12679,0,694,0
15.7865731716156,211089,1406800,1411600,1409258,12683,0,695,0
15.801835060119629,211089,1414992,1419792,1417450,12687,0,695,0
15.81692910194397,211089,1423184,1427984,1425642,12690,0,695,0
15.832104206085205,211089,1429328,1434128,1431786,12694,0,695,0
15.847201108932495,211089,1437520,1442320,1439978,12698,0,695,0
15.862601041793823,211089,1445712,1450512,1448170,12702,0,696,0
15.877801179885864,211089,1453904,1458704,1456362,12706,0,696,0
15.893089056015015,211089,1462096,1466896,1464554,12709,0,696,0
15.908257007598877,211089,1468240,1475088,1470698,12713,0,696,0
15.923838138580322,211089,1476432,1483280,1478890,12717,0,696,0
15.939191102981567,211089,1486672,1491472,1489130,12722,0,696,0
15.956675052642822,211089,1494864,1499664,1497322,12726,0,696,0
15.971827983856201,211089,1503056,1507856,1505514,12730,0,696,0
15.98715615272522,211089,1511248,1516048,1513706,12734,0,697,0
16.002315044403076,211089,1519440,1524240,1521898,12738,0,697,0
16.01754903793335,211089,1527632,1532432,1530090,12742,0,697,0
16.032743215560913,211089,1535824,1540624,1538282,12746,0,697,0
16.047933101654053,211089,1541968,1548816,1544426,12749,0,698,0
16.063108205795288,211089,1550160,1554960,1552618,12753,0,698,0
16.07833218574524,211089,1558352,1563152,1560810,12757,0,698,0
16.09364914894104,211089,1566544,1571344,1569002,12761,0,698,0
16.108991146087646,211089,1574736,1579536,1577194,12764,0,698,0
16.12436318397522,211089,1582928,1587728,1585386,12768,0,698,0
16.13985800743103,211089,1589072,1595920,1591530,12772,0,698,0
16.15534210205078,211089,1597264,1604112,1599722,12776,0,698,0
16.170867204666138,211089,1605456,1610256,1607914,12780,0,699,0
16.186259031295776,211089,1613648,1618448,1616106,12784,0,699,0
16.201712131500244,211089,1621840,1626640,1624298,12788,0,699,0
16.2171630859375,211089,1630032,1634832,1632490,12792,0,699,0
16.232649087905884,211089,1638224,1643024,1640682,12796,0,700,0
16.247953176498413,211089,1646416,1651216,1648874,12800,0,700,0
16.263516187667847,211089,1654608,1659408,1657066,12803,0,700,0
16.278861045837402,211089,1660752,1667600,1663210,12807,0,700,0
16.294275045394897,211089,1668944,1673744,1671402,12811,0,700,0
16.309462070465088,211089,1677136,1681936,1679594,12815,0,700,0
16.3247652053833,211089,1685328,1690128,1687786,12819,0,700,0
16.34034013748169,211089,1693520,1698320,1695978,12823,0,700,0
16.355710983276367,211089,1701712,1706512,1704170,12827,0,701,0
16.37095308303833,211089,1709904,1714704,1712362,12831,0,701,0
16.386234998703003,211089,1718096,1722896,1720554,12834,0,701,0
16.40159010887146,211089,1724240,1731088,1726698,12838,0,701,0
16.417054176330566,211089,1732432,1739280,1734890,12842,0,702,0
16.432252168655396,211089,1740624,1745424,1743082,12846,0,702,0
16.4476101398468,211089,1748816,1753616,1751274,12850,0,702,0
16.46277117729187,211089,1757008,1761808,1759466,12854,0,702,0
16.477941036224365,211089,1765200,1770000,1767658,12858,0,702,0
16.493367195129395,211089,1771344,1776144,1773802,12861,0,702,0
16.508830070495605,211089,1779536,1784336,1781994,12864,0,702,0
16.523935079574585,211089,1785680,1792528,1788138,12868,0,702,0
16.539246082305908,211089,1793872,1798672,1796330,12872,0,702,0
16.55458903312683,211089,1802064,1806864,1804522,12876,0,703,0
16.569868087768555,211089,1810256,1815056,1812714,12880,0,703,0
16.585254192352295,211089,1818448,1823248,1820906,12884,0,703,0
16.60054111480713,211089,1826640,1831440,1829098,12888,0,703,0
16.61588215827942,211089,1834832,1839632,1837290,12891,0,704,0
16.631126165390015,211089,1843024,1847824,1845482,12895,0,704,0
16.648657083511353,211089,1851216,1856016,1853674,12900,0,704,0
16.665865182876587,211089,1859408,1864208,1861866,12904,0,704,0
16.681692123413086,211089,1867600,1872400,1870058,12908,0,704,0
16.697121143341064,211089,1875792,1880592,1878250,12912,0,704,0
16.712707996368408,211089,1883984,1888784,1886442,12916,0,704,0
16.728121042251587,211089,1892176,1896976,1894634,12920,0,704,0
16.743571043014526,211089,1900368,1905168,1902826,12924,0,705,0
16.75896906852722,211089,1908560,1913360,1911018,12928,0,705,0
16.774408102035522,211089,1916752,1921552,1919210,12931,0,705,0
16.78977608680725,211089,1922896,1929744,1925354,12935,0,705,0
16.805244207382202,211089,1931088,1937936,1933546,12939,0,706,0
16.820796012878418,211089,1939280,1944080,1941738,12943,0,706,0
16.836247205734253,211089,1947472,1952272,1949930,12947,0,706,0
16.85177206993103,211089,1955664,1960464,1958122,12951,0,706,0
16.867183208465576,211089,1963856,1968656,1966314,12955,0,706,0
16.882777214050293,211089,1972048,1976848,1974506,12958,0,706,0
16.898250102996826,211089,1980240,1985040,1982698,12962,0,706,0
16.913976192474365,211089,1988432,1993232,1990890,12967,0,706,0
16.93024206161499,211089,1996624,2001424,1999082,12970,0,707,0
16.94568109512329,211089,2002768,2009616,2005226,12974,0,707,0
16.96139907836914,211089,2010960,2015760,2013418,12978,0,707,0
16.97668719291687,211089,2019152,2023952,2021610,12982,0,707,0
16.9918692111969,211089,2027344,2032144,2029802,12986,0,707,0
17.007164001464844,211089,2035536,2040336,2037994,12990,0,708,0
17.022456169128418,211089,2043728,2048528,2046186,12994,0,708,0
17.037660121917725,211089,2051920,2056720,2054378,12997,0,708,0
17.052889108657837,211089,2058064,2064912,2060522,13001,0,708,0
17.068170070648193,211089,2066256,2073104,2068714,13005,0,708,0
17.0833740234375,211089,2074448,2079248,2076906,13009,0,708,0
17.0986909866333,211089,2082640,2087440,2085098,13013,0,708,0
17.113862991333008,211089,2090832,2095632,2093290,13017,0,708,0
17.129080057144165,211089,2099024,2103824,2101482,13021,0,709,0
17.14429211616516,211089,2107216,2112016,2109674,13025,0,709,0
17.159598112106323,211089,2115408,2120208,2117866,13029,0,709,0
17.175273180007935,211089,2123600,2128400,2126058,13033,0,709,0
17.190587997436523,211089,2131792,2136592,2134250,13036,0,710,0
17.205825090408325,211089,2137936,2144784,2140394,13040,0,710,0
17.221144199371338,211089,2146128,2150928,2148586,13044,0,710,0
17.2363121509552,211089,2154320,2159120,2156778,13048,0,710,0
17.251541137695312,211089,2162512,2167312,2164970,13052,0,710,0
17.26683020591736,211089,2170704,2175504,2173162,13056,0,710,0
17.282104015350342,211089,2178896,2183696,2181354,13060,0,710,0
17.297445058822632,211089,2187088,2191888,2189546,13064,0,710,0
17.312727212905884,211089,2195280,2200080,2197738,13067,0,711,0
17.327882051467896,211089,2201424,2208272,2203882,13071,0,711,0
17.343106031417847,211089,2209616,2216464,2212074,13075,0,711,0
17.3582661151886,211089,2217808,2222608,2220266,13079,0,711,0
17.373584985733032,211089,2226000,2230800,2228458,13083,0,712,0
17.38887906074524,211089,2234192,2238992,2236650,13087,0,712,0
17.404290199279785,211089,2242384,2247184,2244842,13091,0,712,0
17.419795036315918,211089,2250576,2255376,2253034,13095,0,712,0
17.435302019119263,211089,2258768,2263568,2261226,13099,0,712,0
17.450874090194702,211089,2266960,2271760,2269418,13102,0,712,0
17.466246128082275,211089,2273104,2279952,2275562,13106,0,712,0
17.48178219795227,211089,2281296,2288144,2283754,13110,0,712,0
17.49726915359497,211089,2289488,2296336,2291946,13114,0,713,0
17.512758016586304,211089,2297680,2302480,2300138,13118,0,713,0
17.528082132339478,211089,2305872,2310672,2308330,13122,0,713,0
17.543632984161377,211089,2314064,2318864,2316522,13126,0,713,0
17.558995008468628,211089,2322256,2327056,2324714,13129,0,713,0
17.574414014816284,211089,2328400,2335248,2330858,13133,0,714,0
17.590318202972412,211089,2336592,2343440,2339050,13137,0,714,0
17.60578203201294,211089,2344784,2349584,2347242,13141,0,714,0
17.620959043502808,211089,2352976,2357776,2355434,13145,0,714,0
17.636272192001343,211089,2361168,2365968,2363626,13148,0,714,0
17.651616096496582,211089,2365264,2370064,2367722,13151,0,714,0
17.66697406768799,211089,2371408,2376208,2373866,13154,0,714,0
17.682258129119873,211089,2379600,2384400,2382058,13157,0,714,0
17.697898149490356,211089,2385744,2392592,2388202,13161,0,714,0
17.713397979736328,211089,2393936,2400784,2396394,13165,0,715,0
17.72885012626648,211089,2402128,2406928,2404586,13169,0,715,0
17.74426507949829,211089,2410320,2415120,2412778,13173,0,715,0
17.759448051452637,211089,2418512,2423312,2420970,13177,0,715,0
17.774803161621094,211089,2426704,2431504,2429162,13181,0,716,0
17.790544033050537,211089,2434896,2439696,2437354,13185,0,716,0
17.80593204498291,211089,2443088,2447888,2445546,13189,0,716,0
17.821269035339355,211089,2451280,2456080,2453738,13193,0,716,0
17.836628198623657,211089,2457424,2464272,2459882,13196,0,716,0
17.851949214935303,211089,2465616,2472464,2468074,13200,0,716,0
17.867314100265503,211089,2469712,2474512,2472170,13202,0,716,0
17.882829189300537,211089,2475856,2480656,2478314,13205,0,716,0
17.899875164031982,211089,2484048,2488848,2486506,13209,0,716,0
17.91515803337097,211089,2492240,2497040,2494698,13213,0,717,0
17.930286169052124,211089,2500432,2505232,2502890,13216,0,717,0
17.945563077926636,211089,2506576,2513424,2509034,13220,0,717,0
17.960788011550903,211089,2514768,2521616,2517226,13224,0,717,0
17.975961208343506,211089,2522960,2527760,2525418,13228,0,718,0
17.991324186325073,211089,2531152,2535952,2533610,13232,0,718,0
18.007076025009155,211089,2539344,2544144,2541802,13236,0,718,0
18.022367000579834,211089,2547536,2552336,2549994,13240,0,718,0
18.037809133529663,211089,2555728,2560528,2558186,13244,0,718,0
18.05306315422058,211089,2563920,2568720,2566378,13247,0,718,0
18.068416118621826,211089,2572112,2576912,2574570,13251,0,718,0
18.08381414413452,211089,2578256,2585104,2580714,13255,0,718,0
18.099091053009033,211089,2586448,2593296,2588906,13259,0,719,0
18.114546060562134,211089,2594640,2599440,2597098,13263,0,719,0
18.12980604171753,211089,2602832,2607632,2605290,13267,0,719,0
18.145331144332886,211089,2611024,2615824,2613482,13271,0,719,0
18.16068410873413,211089,2619216,2624016,2621674,13275,0,720,0
18.175820112228394,211089,2627408,2632208,2629866,13279,0,720,0
18.191126108169556,211089,2635600,2640400,2638058,13283,0,720,0
18.206497192382812,211089,2639696,2644496,2642154,13285,0,720,0
18.22182011604309,211089,2647888,2652688,2650346,13289,0,720,0
18.237080097198486,211089,2656080,2660880,2658538,13293,0,720,0
18.25245499610901,211089,2664272,2669072,2666730,13296,0,720,0
18.267715215682983,211089,2670416,2677264,2672874,13300,0,720,0
18.28290104866028,211089,2678608,2685456,2681066,13304,0,720,0
18.29837703704834,211089,2686800,2691600,2689258,13308,0,721,0
18.313940048217773,211089,2694992,2699792,2697450,13312,0,721,0
18.329548120498657,211089,2703184,2707984,2705642,13316,0,721,0
18.345082998275757,211089,2711376,2716176,2713834,13320,0,721,0
18.360624074935913,211089,2719568,2724368,2722026,13324,0,722,0
18.375869035720825,211089,2727760,2732560,2730218,13328,0,722,0
18.39130401611328,211089,2735952,2740752,2738410,13332,0,722,0
18.406750202178955,211089,2744144,2748944,2746602,13336,0,722,0
18.422537088394165,211089,2752336,2757136,2754794,13339,0,722,0
18.437908172607422,211089,2758480,2765328,2760938,13343,0,722,0
18.453135013580322,211089,2766672,2773520,2769130,13347,0,722,0
18.468456029891968,211089,2774864,2779664,2777322,13351,0,722,0
18.48394203186035,211089,2783056,2787856,2785514,13355,0,723,0
18.49928116798401,211089,2791248,2796048,2793706,13359,0,723,0
18.51468300819397,211089,2799440,2804240,2801898,13363,0,723,0
18.530019998550415,211089,2807632,2812432,2810090,13367,0,723,0
18.545314073562622,211089,2815824,2820624,2818282,13371,0,724,0
18.560813188552856,211089,2824016,2828816,2826474,13375,0,724,0
18.576295137405396,211089,2832208,2837008,2834666,13379,0,724,0
18.591783046722412,211089,2840400,2845200,2842858,13382,0,724,0
18.607251167297363,211089,2846544,2853392,2849002,13386,0,724,0
18.62293815612793,211089,2854736,2861584,2857194,13390,0,724,0
18.63839101791382,211089,2862928,2869776,2865386,13394,0,724,0
18.65408706665039,211089,2871120,2875920,2873578,13398,0,724,0
18.66967010498047,211089,2879312,2884112,2881770,13402,0,724,0
18.68509316444397,211089,2887504,2892304,2889962,13406,0,725,0
18.700555086135864,211089,2895696,2900496,2898154,13410,0,725,0
18.71591305732727,211089,2903888,2908688,2906346,13414,0,725,0
18.731266021728516,211089,2912080,2916880,2914538,13418,0,725,0
18.74672818183899,211089,2920272,2925072,2922730,13422,0,726,0
18.762367010116577,211089,2928464,2933264,2930922,13426,0,726,0
18.777915000915527,211089,2936656,2941456,2939114,13429,0,726,0
18.793362140655518,211089,2942800,2949648,2945258,13433,0,726,0
18.808919191360474,211089,2950992,2957840,2953450,13437,0,726,0
18.824475049972534,211089,2959184,2963984,2961642,13441,0,726,0
18.84027910232544,211089,2967376,2972176,2969834,13445,0,726,0
18.855836153030396,211089,2977616,2982416,2980074,13450,0,726,0
18.87388515472412,211089,2985808,2990608,2988266,13453,0,727,0
18.889339208602905,211089,2994000,2998800,2996458,13457,0,727,0
18.904874086380005,211089,3000144,3006992,3002602,13461,0,727,0
18.92030119895935,211089,3008336,3013136,3010794,13465,0,727,0
18.935877084732056,211089,3016528,3021328,3018986,13469,0,728,0
18.951195001602173,211089,3024720,3029520,3027178,13473,0,728,0
18.96652102470398,211089,3032912,3037712,3035370,13477,0,728,0
18.981900215148926,211089,3039056,3043856,3041514,13480,0,728,0
18.997353076934814,211089,3039056,3043856,3041514,13480,0,728,0
19.01283311843872,211089,3041104,3047952,3043562,13481,0,728,0
19.028324127197266,211089,3049296,3054096,3051754,13485,0,728,0
19.043779134750366,211089,3057488,3062288,3059946,13489,0,728,0
19.059084177017212,211089,3065680,3070480,3068138,13493,0,728,0
19.074449062347412,211089,3073872,3078672,3076330,13497,0,728,0
19.08988618850708,211089,3082064,3086864,3084522,13501,0,729,0
19.105244159698486,211089,3090256,3095056,3092714,13504,0,729,0
19.120806217193604,211089,3098448,3103248,3100906,13508,0,729,0
19.136519193649292,211089,3104592,3111440,3107050,13512,0,729,0
19.15182614326477,211089,3112784,3119632,3115242,13516,0,730,0
19.167150020599365,211089,3120976,3125776,3123434,13520,0,730,0
19.18263006210327,211089,3129168,3133968,3131626,13524,0,730,0
19.19793200492859,211089,3137360,3142160,3139818,13528,0,730,0
19.213393211364746,211089,3145552,3150352,3148010,13531,0,730,0
19.229027032852173,211089,3153744,3158544,3156202,13535,0,730,0
19.244397163391113,211089,3159888,3166736,3162346,13539,0,730,0
19.26007103919983,211089,3168080,3174928,3170538,13543,0,730,0
19.275606155395508,211089,3176272,3181072,3178730,13547,0,730,0
19.291154146194458,211089,3184464,3189264,3186922,13551,0,731,0
19.306565046310425,211089,3192656,3197456,3195114,13555,0,731,0
19.321940183639526,211089,3200848,3205648,3203306,13559,0,731,0
19.337552070617676,211089,3209040,3213840,3211498,13563,0,731,0
19.352946043014526,211089,3217232,3222032,3219690,13567,0,732,0
19.3683180809021,211089,3225424,3230224,3227882,13571,0,732,0
19.383872032165527,211089,3233616,3238416,3236074,13575,0,732,0
19.39934515953064,211089,3241808,3246608,3244266,13579,0,732,0
19.414879083633423,211089,3250000,3254800,3252458,13582,0,732,0
19.43018913269043,211089,3256144,3262992,3258602,13586,0,732,0
19.445640087127686,211089,3264336,3269136,3266794,13590,0,732,0
19.461291074752808,211089,3264336,3269136,3266794,13590,0,732,0
19.47669005393982,211089,3268432,3273232,3270890,13592,0,732,0
19.49218201637268,211089,3276624,3281424,3279082,13596,0,733,0
19.507700204849243,211089,3284816,3289616,3287274,13600,0,733,0
19.523169994354248,211089,3293008,3297808,3295466,13604,0,733,0
19.538697004318237,211089,3301200,3306000,3303658,13608,0,733,0
19.554119110107422,211089,3309392,3314192,3311850,13611,0,734,0
19.569557189941406,211089,3315536,3322384,3317994,13615,0,734,0
19.585005044937134,211089,3323728,3330576,3326186,13619,0,734,0
19.600401163101196,211089,3331920,3336720,3334378,13623,0,734,0
19.615864992141724,211089,3340112,3344912,3342570,13627,0,734,0
19.631190061569214,211089,3348304,3353104,3350762,13631,0,734,0
19.64677906036377,211089,3356496,3361296,3358954,13635,0,734,0
19.662580013275146,211089,3364688,3369488,3367146,13639,0,734,0
19.67797017097473,211089,3372880,3377680,3375338,13643,0,734,0
19.693589210510254,211089,3379024,3385872,3381482,13646,0,735,0
19.708927154541016,211089,3387216,3394064,3389674,13650,0,735,0
19.724374055862427,211089,3395408,3400208,3397866,13654,0,735,0
19.739922046661377,211089,3403600,3408400,3406058,13658,0,735,0
19.75530505180359,211089,3411792,3416592,3414250,13662,0,736,0
19.770811080932617,211089,3419984,3424784,3422442,13666,0,736,0
19.786288022994995,211089,3428176,3432976,3430634,13670,0,736,0
19.801711082458496,211089,3436368,3441168,3438826,13674,0,736,0
19.81704616546631,211089,3444560,3449360,3447018,13677,0,736,0
19.834379196166992,211089,3452752,3457552,3455210,13682,0,736,0
19.84998917579651,211089,3460944,3465744,3463402,13686,0,736,0
19.865939140319824,211089,3469136,3473936,3471594,13690,0,736,0
19.881389141082764,211089,3477328,3482128,3479786,13693,0,737,0
19.896826028823853,211089,3483472,3490320,3485930,13697,0,737,0
19.91228199005127,211089,3491664,3498512,3494122,13701,0,737,0
19.927764177322388,211089,3499856,3504656,3502314,13705,0,737,0
19.942986011505127,211089,3508048,3512848,3510506,13709,0,738,0
19.95829701423645,211089,3516240,3521040,3518698,13713,0,738,0
19.97366213798523,211089,3524432,3529232,3526890,13717,0,738,0
19.98896098136902,211089,3532624,3537424,3535082,13721,0,738,0
20.004305124282837,211089,3540816,3545616,3543274,13725,0,738,0
20.019597053527832,211089,3549008,3553808,3551466,13728,0,738,0
20.034877061843872,211089,3555152,3562000,3557610,13732,0,738,0
20.05035901069641,211089,3563344,3570192,3565802,13736,0,738,0
20.06580114364624,211089,3571536,3576336,3573994,13740,0,739,0
20.081616163253784,211089,3579728,3584528,3582186,13744,0,739,0
20.097025156021118,211089,3587920,3592720,3590378,13748,0,739,0
20.11245107650757,211089,3596112,3600912,3598570,13752,0,739,0
20.127931118011475,211089,3604304,3609104,3606762,13756,0,740,0
20.143526077270508,211089,3612496,3617296,3614954,13760,0,740,0
20.15896201133728,211089,3620688,3625488,3623146,13763,0,740,0
20.17423105239868,211089,3626832,3633680,3629290,13767,0,740,0
20.189784049987793,211089,3635024,3641872,3637482,13771,0,740,0
20.20522403717041,211089,3643216,3650064,3645674,13775,0,740,0
20.220736026763916,211089,3651408,3656208,3653866,13779,0,740,0
20.2361581325531,211089,3659600,3664400,3662058,13783,0,740,0
20.251582145690918,211089,3667792,3672592,3670250,13787,0,740,0
20.267126083374023,211089,3675984,3680784,3678442,13791,0,741,0
20.282572984695435,211089,3684176,3688976,3686634,13795,0,741,0
20.298083066940308,211089,3692368,3697168,3694826,13799,0,741,0
20.31355619430542,211089,3700560,3705360,3703018,13802,0,741,0
20.328919172286987,211089,3706704,3713552,3709162,13806,0,742,0
20.344370126724243,211089,3714896,3719696,3717354,13810,0,742,0
20.359840154647827,211089,3723088,3727888,3725546,13814,0,742,0
20.37521505355835,211089,3731280,3736080,3733738,13818,0,742,0
20.39077615737915,211089,3739472,3744272,3741930,13822,0,742,0
20.406183004379272,211089,3747664,3752464,3750122,13826,0,742,0
20.421638011932373,211089,3755856,3760656,3758314,13830,0,742,0
20.437096118927002,211089,3764048,3768848,3766506,13833,0,742,0
20.452606201171875,211089,3772240,3779088,3774698,13838,0,743,0
20.468120098114014,211089,3780432,3787280,3782890,13842,0,743,0
20.48375105857849,211089,3788624,3793424,3791082,13846,0,743,0
20.499563217163086,211089,3796816,3801616,3799274,13850,0,743,0
20.51500415802002,211089,3805008,3809808,3807466,13854,0,744,0
20.530405044555664,211089,3813200,3818000,3815658,13858,0,744,0
20.54585909843445,211089,3821392,3826192,3823850,13862,0,744,0
20.561415195465088,211089,3829584,3834384,3832042,13866,0,744,0
20.576876163482666,211089,3837776,3842576,3840234,13870,0,744,0
20.59241509437561,211089,3845968,3850768,3848426,13873,0,744,0
20.607868194580078,211089,3852112,3858960,3854570,13877,0,744,0
20.623581171035767,211089,3860304,3867152,3862762,13881,0,744,0
20.639188051223755,211089,3868496,3873296,3870954,13885,0,745,0
20.654680013656616,211089,3876688,3881488,3879146,13889,0,745,0
20.67016100883484,211089,3884880,3889680,3887338,13893,0,745,0
20.68565011024475,211089,3893072,3897872,3895530,13897,0,745,0
20.701088190078735,211089,3901264,3906064,3903722,13901,0,746,0
20.716708183288574,211089,3909456,3914256,3911914,13905,0,746,0
20.73213505744934,211089,3917648,3922448,3920106,13908,0,746,0
20.747634172439575,211089,3925840,3930640,3928298,13912,0,746,0
20.762968063354492,211089,3931984,3938832,3934442,13916,0,746,0
20.778411149978638,211089,3940176,3947024,3942634,13920,0,746,0
20.793902158737183,211089,3948368,3953168,3950826,13924,0,746,0
20.80975604057312,211089,3956560,3961360,3959018,13928,0,746,0
20.82532501220703,211089,3964752,3969552,3967210,13932,0,747,0
20.840732097625732,211089,3972944,3977744,3975402,13936,0,747,0
20.856142044067383,211089,3981136,3985936,3983594,13940,0,747,0
20.871674060821533,211089,3989328,3994128,3991786,13944,0,747,0
20.887012004852295,211089,3997520,4002320,3999978,13947,0,748,0
20.902576208114624,211089,4005712,4010512,4008170,13952,0,748,0
20.918127059936523,211089,4009808,4014608,4012266,13954,0,748,0
20.933688163757324,211089,4013904,4018704,4016362,13956,0,748,0
20.949198007583618,211089,4018000,4022800,4020458,13958,0,748,0
20.96476101875305,211089,4022096,4026896,4024554,13960,0,748,0
20.98038101196289,211089,4024144,4028944,4026602,13961,0,748,0
20.99586510658264,211089,4026192,4030992,4028650,13962,0,748,0
21.011337995529175,211089,4034384,4039184,4036842,13966,0,748,0
21.026947021484375,211089,4042576,4047376,4045034,13970,0,748,0
21.04235005378723,211089,4050768,4055568,4053226,13974,0,748,0
21.057897090911865,211089,4058960,4063760,4061418,13978,0,748,0
21.073309183120728,211089,4067152,4071952,4069610,13982,0,749,0
21.088926076889038,211089,4075344,4080144,4077802,13986,0,749,0
21.104401111602783,211089,4083536,4088336,4085994,13989,0,749,0
21.119893074035645,211089,4089680,4096528,4092138,13993,0,749,0
21.135358095169067,211089,4097872,4104720,4100330,13997,0,750,0
21.150954008102417,211089,4106064,4110864,4108522,14001,0,750,0
21.16655421257019,211089,4114256,4119056,4116714,14005,0,750,0
21.182003021240234,211089,4122448,4127248,4124906,14009,0,750,0
21.19739317893982,211089,4130640,4135440,4133098,14013,0,750,0
21.21286702156067,211089,4138832,4143632,4141290,14017,0,750,0
21.228264093399048,211089,4147024,4151824,4149482,14021,0,750,0
21.243682146072388,211089,4155216,4160016,4157674,14025,0,750,0
21.258973121643066,211089,4163408,4168208,4165866,14028,0,751,0
21.274312019348145,211089,4171600,4176400,4174058,14032,0,751,0
21.289854049682617,211089,4177744,4184592,4180202,14036,0,751,0
21.306979179382324,211089,4187984,4192784,4190442,14041,0,751,0
21.32322907447815,211089,4196176,4200976,4198634,14044,0,752,0
21.338694095611572,211089,4202320,4209168,4204778,14048,0,752,0
21.354079008102417,211089,4210512,4217360,4212970,14052,0,752,0
21.36948013305664,211089,4218704,4225552,4221162,14056,0,752,0
21.384886980056763,211089,4226896,4231696,4229354,14060,0,752,0
21.400370121002197,211089,4235088,4239888,4237546,14064,0,752,0
21.415788173675537,211089,4243280,4248080,4245738,14068,0,752,0
21.431129217147827,211089,4251472,4256272,4253930,14072,0,752,0
21.44655203819275,211089,4259664,4264464,4262122,14076,0,753,0
21.461950063705444,211089,4267856,4272656,4270314,14080,0,753,0
21.477375984191895,211089,4276048,4280848,4278506,14083,0,753,0
21.492879152297974,211089,4282192,4289040,4284650,14087,0,753,0
21.508323192596436,211089,4290384,4297232,4292842,14091,0,754,0
21.52382206916809,211089,4298576,4303376,4301034,14095,0,754,0
21.539307117462158,211089,4306768,4311568,4309226,14099,0,754,0
21.554826021194458,211089,4314960,4319760,4317418,14103,0,754,0
21.570305109024048,211089,4323152,4327952,4325610,14107,0,754,0
21.585859060287476,211089,4331344,4336144,4333802,14111,0,754,0
21.601317167282104,211089,4339536,4344336,4341994,14115,0,754,0
21.6168110370636,211089,4347728,4352528,4350186,14119,0,754,0
21.632206201553345,211089,4355920,4360720,4358378,14123,0,754,0
21.647585153579712,211089,4364112,4368912,4366570,14126,0,755,0
21.662902116775513,211089,4370256,4377104,4372714,14130,0,755,0
21.67851710319519,211089,4378448,4385296,4380906,14134,0,755,0
21.693958044052124,211089,4386640,4391440,4389098,14138,0,755,0
21.709444046020508,211089,4394832,4399632,4397290,14142,0,756,0
21.72496008872986,211089,4403024,4407824,4405482,14146,0,756,0
21.739220142364502,211089,4411216,4416016,4413674,14150,0,756,0
21.754783153533936,211089,4419408,4424208,4421866,14153,0,756,0
21.77019214630127,211089,4427600,4432400,4430058,14158,0,756,0
21.787992000579834,211089,4435792,4440592,4438250,14162,0,756,0
21.803389072418213,211089,4443984,4448784,4446442,14166,0,756,0
21.818855047225952,211089,4452176,4456976,4454634,14170,0,756,0
21.83423399925232,211089,4460368,4465168,4462826,14174,0,757,0
21.84979820251465,211089,4468560,4473360,4471018,14178,0,757,0
21.86527109146118,211089,4476752,4481552,4479210,14182,0,757,0
21.880834102630615,211089,4484944,4489744,4487402,14185,0,757,0
21.896416187286377,211089,4491088,4497936,4493546,14189,0,758,0
21.91213321685791,211089,4499280,4506128,4501738,14193,0,758,0
21.927748203277588,211089,4507472,4514320,4509930,14197,0,758,0
21.943310022354126,211089,4515664,4520464,4518122,14201,0,758,0
21.959127187728882,211089,4523856,4528656,4526314,14205,0,758,0
21.97470498085022,211089,4532048,4536848,4534506,14209,0,758,0
21.9902081489563,211089,4540240,4545040,4542698,14213,0,758,0
22.005825996398926,211089,4548432,4553232,4550890,14217,0,758,0
22.021378993988037,211089,4556624,4561424,4559082,14221,0,759,0
22.03691005706787,211089,4564816,4569616,4567274,14225,0,759,0
22.052356004714966,211089,4573008,4577808,4575466,14229,0,759,0
22.067970991134644,211089,4581200,4586000,4583658,14232,0,759,0
22.083370208740234,211089,4587344,4594192,4589802,14236,0,760,0
22.099003076553345,211089,4595536,4602384,4597994,14240,0,760,0
22.1145281791687,211089,4603728,4608528,4606186,14244,0,760,0
22.1299090385437,211089,4609920,4616768,4612378,14259,0,760,0
22.145402193069458,211089,4618112,4622912,4620570,14263,0,760,0
22.160945177078247,211089,4626304,4631104,4628762,14267,0,760,0
22.176573038101196,211089,4634496,4639296,4636954,14271,0,760,0
22.191956043243408,211089,4640640,4645440,4643098,14274,0,760,0
22.207479000091553,211089,4648832,4653632,4651290,14278,0,760,0
22.22297716140747,211089,4657024,4661824,4659482,14282,0,761,0
22.238322019577026,211089,4665216,4670016,4667674,14286,0,761,0
22.253883123397827,211089,4669992,4675008,4672450,14925,0,761,0
22.269262075424194,211089,4675728,4680768,4678186,16357,0,761,0
22.286428213119507,211089,4680948,4686016,4683406,17662,0,761,0
22.30202007293701,211089,4681600,4686400,4684058,17871,0,761,0
22.318303108215332,211089,4684056,4688832,4686514,18485,0,761,0
22.333953142166138,211089,4684056,4688832,4686514,18485,0,761,0
22.349197149276733,211089,4684056,4688832,4686514,18485,0,761,0
22.364609003067017,211089,4684056,4688832,4686514,18485,0,761,0
22.380057096481323,211089,4684056,4688832,4686514,18485,0,761,0
22.395807027816772,211089,4684056,4688832,4686514,18485,0,761,0
22.411296129226685,211089,4684056,4688832,4686514,18485,0,761,0
22.42666721343994,211089,4684056,4688832,4686514,18485,0,761,0
22.442018032073975,211089,4684056,4688832,4686514,18485,0,761,0
22.457382202148438,211089,4684056,4688832,4686514,18485,0,761,0
22.472830057144165,211089,4684056,4688832,4686514,18485,0,761,0
22.48837399482727,211089,4684056,4688832,4686514,18485,0,761,0
22.503910064697266,211089,4684056,4688832,4686514,18485,0,761,0
22.519740104675293,211089,4684056,4688832,4686514,18485,0,761,0
22.535473108291626,211089,4684056,4688832,4686514,18485,0,761,0
22.551106214523315,211089,4684056,4688832,4686514,18485,0,761,0
22.566781997680664,211089,4684056,4688832,4686514,18485,0,761,0
22.582706212997437,211089,4684056,4688832,4686514,18485,0,761,0
22.598266124725342,211089,4684056,4688832,4686514,18485,0,761,0
22.61361598968506,211089,4684056,4688832,4686514,18485,0,761,0
22.628986120224,211089,4684056,4688832,4686514,18485,0,761,0
22.644541025161743,211089,4684056,4688832,4686514,18485,0,761,0
22.659910202026367,211089,4684056,4688832,4686514,18485,0,761,0
22.675329208374023,211089,4684056,4688832,4686514,18485,0,761,0
22.690662145614624,211089,4684056,4688832,4686514,18485,0,761,0
22.706170082092285,211089,4684056,4688832,4686514,18485,0,761,0
22.721575021743774,211089,4684056,4688832,4686514,18485,0,761,0
22.7368221282959,211089,4684056,4688832,4686514,18485,0,761,0
22.752346992492676,211089,4684056,4688832,4686514,18485,0,761,0
22.767738103866577,211089,4684056,4688832,4686514,18485,0,761,0
22.783613204956055,211089,4684056,4688832,4686514,18485,0,761,0
22.799046993255615,211089,4684056,4688832,4686514,18485,0,761,0
22.81458020210266,211089,4684056,4688832,4686514,18485,0,761,0
22.829768180847168,211089,4684056,4688832,4686514,18485,0,761,0
22.84526515007019,211089,4684056,4688832,4686514,18485,0,761,0
22.860576152801514,211089,4684056,4688832,4686514,18485,0,761,0
22.87578320503235,211089,4684056,4688832,4686514,18485,0,761,0
22.891350984573364,211089,4684056,4688832,4686514,18485,0,761,0
22.906638145446777,211089,4684056,4688832,4686514,18485,0,761,0
22.922235012054443,211089,4684056,4688832,4686514,18485,0,761,0
22.937618017196655,211089,4684056,4688832,4686514,18485,0,761,0
22.952797174453735,211089,4684056,4688832,4686514,18485,0,761,0
22.96827220916748,211089,4684056,4688832,4686514,18485,0,761,0
22.983695030212402,211089,4684056,4688832,4686514,18485,0,761,0
22.999535083770752,211089,4684056,4688832,4686514,18485,0,761,0
23.014770030975342,211089,4684056,4688832,4686514,18485,0,761,0
23.030294179916382,211089,4684056,4688832,4686514,18485,0,761,0
23.045692205429077,211089,4684056,4688832,4686514,18485,0,761,0
23.061150074005127,211089,4684056,4688832,4686514,18485,0,761,0
23.07658314704895,211089,4684056,4688832,4686514,18485,0,761,0
23.091828107833862,211089,4684056,4688832,4686514,18485,0,761,0
23.107258081436157,211089,4684056,4688832,4686514,18485,0,761,0
23.12274718284607,211089,4684056,4688832,4686514,18485,0,761,0
23.138252019882202,211089,4684056,4688832,4686514,18485,0,761,0
23.153613090515137,211089,4684056,4688832,4686514,18485,0,761,0
23.169225215911865,211089,4684056,4688832,4686514,18485,0,761,0
23.184603214263916,211089,4684056,4688832,4686514,18485,0,761,0
23.200478076934814,211089,4684056,4688832,4686514,18485,0,761,0
23.2158260345459,211089,4684056,4688832,4686514,18485,0,761,0
23.23137402534485,211089,4684056,4688832,4686514,18485,0,761,0
23.24665403366089,211089,4684056,4688832,4686514,18485,0,761,0
23.261831045150757,211089,4684056,4688832,4686514,18485,0,761,0
23.277258157730103,211089,4684056,4688832,4686514,18485,0,761,0
23.29261803627014,211089,4684056,4688832,4686514,18485,0,761,0
23.308155059814453,211089,4684056,4688832,4686514,18485,0,761,0
23.32358717918396,211089,4684056,4688832,4686514,18485,0,761,0
23.339234113693237,211089,4684056,4688832,4686514,18485,0,761,0
23.354570150375366,211089,4684056,4688832,4686514,18485,0,761,0
23.3697772026062,211089,4684056,4688832,4686514,18485,0,761,0
23.385269165039062,211089,4684056,4688832,4686514,18485,0,761,0
23.400683164596558,211089,4684056,4688832,4686514,18485,0,761,0
23.41639804840088,211089,4684056,4688832,4686514,18485,0,761,0
23.43222713470459,211089,4684056,4688832,4686514,18485,0,761,0
23.447625160217285,211089,4684056,4688832,4686514,18485,0,761,0
23.462870121002197,211089,4684056,4688832,4686514,18485,0,761,0
23.478540182113647,211089,4684056,4688832,4686514,18485,0,761,0
23.49379801750183,211089,4684056,4688832,4686514,18485,0,761,0
23.509429216384888,211089,4684056,4688832,4686514,18485,0,761,0
23.524780988693237,211089,4684056,4688832,4686514,18485,0,761,0
23.540377140045166,211089,4684056,4688832,4686514,18485,0,761,0
23.555721044540405,211089,4684056,4688832,4686514,18485,0,761,0
23.58103919029236,211089,4684056,4688832,4686514,18485,0,761,0
23.596991062164307,211089,4684056,4688832,4686514,18485,0,761,0
23.61262607574463,211089,4684056,4688832,4686514,18485,0,761,0
23.628276109695435,211089,4684056,4688832,4686514,18485,0,761,0
23.64393711090088,211089,4684056,4688832,4686514,18485,0,761,0
23.659558057785034,211089,4684056,4688832,4686514,18485,0,761,0
23.675281047821045,211089,4684056,4688832,4686514,18485,0,761,0
23.690643072128296,211089,4684056,4688832,4686514,18485,0,761,0
23.7061870098114,211089,4684056,4688832,4686514,18485,0,761,0
23.722376108169556,211089,4684056,4688832,4686514,18485,0,761,0
23.73823118209839,211089,4684056,4688832,4686514,18485,0,761,0
23.753583192825317,211089,4684056,4688832,4686514,18485,0,761,0
23.768797159194946,211089,4684056,4688832,4686514,18485,0,761,0
23.784179210662842,211089,4684056,4688832,4686514,18485,0,761,0
23.79960608482361,211089,4684056,4688832,4686514,18485,0,761,0
23.81525206565857,211089,4684056,4688832,4686514,18485,0,761,0
23.830931186676025,211089,4684056,4688832,4686514,18485,0,761,0
23.84660506248474,211089,4684056,4688832,4686514,18485,0,761,0
23.86189603805542,211089,4684056,4688832,4686514,18485,0,761,0
23.87746000289917,211089,4684056,4688832,4686514,18485,0,761,0
23.892656087875366,211089,4684056,4688832,4686514,18485,0,761,0
23.907823085784912,211089,4684056,4688832,4686514,18485,0,761,0
23.923278093338013,211089,4684056,4688832,4686514,18485,0,761,0
23.93862009048462,211089,4684056,4688832,4686514,18485,0,761,0
23.953773021697998,211089,4684056,4688832,4686514,18485,0,761,0
23.969253063201904,211089,4684056,4688832,4686514,18485,0,761,0
23.98459219932556,211089,4684056,4688832,4686514,18485,0,761,0
23.99977207183838,211089,4684056,4688832,4686514,18485,0,761,0
24.01524519920349,211089,4684056,4688832,4686514,18485,0,761,0
24.030835151672363,211089,4684056,4688832,4686514,18485,0,761,0
24.046460151672363,211089,4684056,4688832,4686514,18485,0,761,0
24.061793088912964,211089,4684056,4688832,4686514,18485,0,761,0
24.077314138412476,211089,4684056,4688832,4686514,18485,0,761,0
24.092573165893555,211089,4684056,4688832,4686514,18485,0,761,0
24.10776400566101,211089,4684056,4688832,4686514,18485,0,761,0
24.12329411506653,211089,4684056,4688832,4686514,18485,0,761,0
24.13868808746338,211089,4684056,4688832,4686514,18485,0,761,0
24.154227018356323,211089,4684056,4688832,4686514,18485,0,761,0
24.16955304145813,211089,4684056,4688832,4686514,18485,0,761,0
24.184684991836548,211089,4684056,4688832,4686514,18485,0,761,0
24.2001531124115,211089,4684056,4688832,4686514,18485,0,761,0
24.215570211410522,211089,4684056,4688832,4686514,18485,0,761,0
24.230871200561523,211089,4684056,4688832,4686514,18485,0,761,0
24.246654987335205,211089,4684056,4688832,4686514,18485,0,761,0
24.26218008995056,211089,4684056,4688832,4686514,18485,0,761,0
24.277615070343018,211089,4684056,4688832,4686514,18485,0,761,0
24.292924165725708,211089,4684056,4688832,4686514,18485,0,761,0
24.30847716331482,211089,4684056,4688832,4686514,18485,0,761,0
24.323809146881104,211089,4684056,4688832,4686514,18485,0,761,0
24.339315176010132,211089,4684056,4688832,4686514,18485,0,761,0
24.354628086090088,211089,4106520,3963864,4108978,18485,0,746,0
24.370110988616943,211089,3950872,3955672,3953330,18485,0,746,0
24.385585069656372,211089,3950872,3955672,3953330,18485,0,746,0
24.400825023651123,211089,3950872,3955672,3953330,18485,0,746,0
24.4163601398468,211089,3950872,3955672,3953330,18485,0,746,0
24.431682109832764,211089,3950872,3955672,3953330,18485,0,746,0
24.44750213623047,211089,3950872,3955672,3953330,18485,0,746,0
24.462972164154053,211089,3950872,3955672,3953330,18485,0,746,0
24.478386163711548,211089,3950872,3955672,3953330,18485,0,746,0
24.493638038635254,211089,3950872,3955672,3953330,18485,0,746,0
24.50885009765625,211089,3950872,3955672,3953330,18485,0,746,0
24.524232149124146,211089,3950872,3955672,3953330,18485,0,746,0
24.539660215377808,211089,3950872,3955672,3953330,18485,0,746,0
24.55484914779663,211089,3950872,3955672,3953330,18485,0,746,0
24.570303201675415,211089,3950872,3955672,3953330,18485,0,746,0
24.58565616607666,211089,3950872,3955672,3953330,18485,0,746,0
24.6012020111084,211089,3950872,3955672,3953330,18485,0,746,0
24.616586208343506,211089,3950872,3955672,3953330,18485,0,746,0
24.631944179534912,211089,3950872,3955672,3953330,18485,0,746,0
24.647521018981934,211089,3950872,3955672,3953330,18485,0,746,0
24.662970066070557,211089,3950872,3955672,3953330,18485,0,746,0
24.678364038467407,211089,3950872,3955672,3953330,18485,0,746,0
24.693727016448975,211089,3950872,3955672,3953330,18485,0,746,0
24.709644079208374,211089,3950872,3955672,3953330,18485,0,746,0
24.725232124328613,211089,3950872,3955672,3953330,18485,0,746,0
24.74064016342163,211089,3950872,3955672,3953330,18485,0,746,0
24.756173133850098,211089,3950872,3955672,3953330,18485,0,746,0
24.771589040756226,211089,3950872,3955672,3953330,18485,0,746,0
24.786771059036255,211089,3950872,3955672,3953330,18485,0,746,0
24.802383184432983,211089,3950872,3955672,3953330,18485,0,746,0
24.81774616241455,211089,3950872,3955672,3953330,18485,0,746,0
24.833168983459473,211089,3950872,3955672,3953330,18485,0,746,0
24.848714113235474,211089,3950872,3955672,3953330,18485,0,746,0
24.864296197891235,211089,3950872,3955672,3953330,18485,0,746,0
24.879801988601685,211089,3950872,3955672,3953330,18485,0,746,0
24.89525008201599,211089,3950872,3955672,3953330,18485,0,746,0
24.91059398651123,211089,3950872,3955672,3953330,18485,0,746,0
24.925812005996704,211089,3950872,3955672,3953330,18485,0,746,0
24.941426038742065,211089,3950872,3955672,3953330,18485,0,746,0
24.95683002471924,211089,3950872,3955672,3953330,18485,0,746,0
24.972501039505005,211089,3950872,3955672,3953330,18485,0,746,0
24.987678050994873,211089,3950872,3955672,3953330,18485,0,746,0
25.00292420387268,211089,3950872,3955672,3953330,18485,0,746,0
25.018303155899048,211089,3950872,3955672,3953330,18485,0,746,0
25.033635139465332,211089,3950872,3955672,3953330,18485,0,746,0
25.048851013183594,211089,3950872,3955672,3953330,18485,0,746,0
25.064357042312622,211089,3950872,3955672,3953330,18485,0,746,0
25.080098152160645,211089,3950872,3955672,3953330,18485,0,746,0
25.095582008361816,211089,3950872,3955672,3953330,18485,0,746,0
25.11080312728882,211089,3950872,3955672,3953330,18485,0,746,0
25.126176118850708,211089,3950872,3955672,3953330,18485,0,746,0
25.14162015914917,211089,3950872,3955672,3953330,18485,0,746,0
25.156902074813843,211089,3950872,3955672,3953330,18485,0,746,0
25.172537088394165,211089,3950872,3955672,3953330,18485,0,746,0
25.187846183776855,211089,3950872,3955672,3953330,18485,0,746,0
25.203248023986816,211089,3950872,3955672,3953330,18485,0,746,0
25.21867609024048,211089,3950872,3955672,3953330,18485,0,746,0
25.233877182006836,211089,3950872,3955672,3953330,18485,0,746,0
25.24928617477417,211089,3950872,3955672,3953330,18485,0,746,0
25.264605045318604,211089,3950872,3955672,3953330,18485,0,746,0
25.280467987060547,211089,3950872,3955672,3953330,18485,0,746,0
25.295905113220215,211089,3950872,3955672,3953330,18485,0,746,0
25.311289072036743,211089,3950872,3955672,3953330,18485,0,746,0
25.326651096343994,211089,3950872,3955672,3953330,18485,0,746,0
25.341909170150757,211089,3950872,3955672,3953330,18485,0,746,0
25.357388019561768,211089,3950872,3955672,3953330,18485,0,746,0
25.37275505065918,211089,3950872,3955672,3953330,18485,0,746,0
25.388349056243896,211089,3950872,3955672,3953330,18485,0,746,0
25.403845071792603,211089,3950872,3955672,3953330,18485,0,746,0
25.419352054595947,211089,3950872,3955672,3953330,18485,0,746,0
25.43470001220703,211089,3950872,3955672,3953330,18485,0,746,0
25.449746131896973,211089,3950872,3955672,3953330,18485,0,746,0
25.465193033218384,211089,3950872,3955672,3953330,18485,0,746,0
25.480611085891724,211089,3950872,3955672,3953330,18485,0,746,0
25.496374130249023,211089,3950872,3955672,3953330,18485,0,746,0
25.51161813735962,211089,3950872,3955672,3953330,18485,0,746,0
25.526775121688843,211089,3950872,3955672,3953330,18485,0,746,0
25.5423481464386,211089,3950872,3955672,3953330,18485,0,746,0
25.5577290058136,211089,3950872,3955672,3953330,18485,0,746,0
25.572956085205078,211089,3950872,3955672,3953330,18485,0,746,0
25.58839702606201,211089,3950872,3955672,3953330,18485,0,746,0
25.60360813140869,211089,3950872,3955672,3953330,18485,0,746,0
25.618815183639526,211089,3950872,3955672,3953330,18485,0,746,0
25.63416600227356,211089,3950872,3955672,3953330,18485,0,746,0
25.64962410926819,211089,3950872,3955672,3953330,18485,0,746,0
25.6648530960083,211089,3950872,3955672,3953330,18485,0,746,0
25.680655002593994,211089,3950872,3955672,3953330,18485,0,746,0
25.69663906097412,211089,3950872,3955672,3953330,18485,0,746,0
25.711918115615845,211089,3950872,3955672,3953330,18485,0,746,0
25.727517127990723,211089,3950872,3955672,3953330,18485,0,746,0
25.74278998374939,211089,3950872,3955672,3953330,18485,0,746,0
25.758015155792236,211089,3950872,3955672,3953330,18485,0,746,0
25.77346110343933,211089,3950872,3955672,3953330,18485,0,746,0
25.78878903388977,211089,3950872,3955672,3953330,18485,0,746,0
25.804148197174072,211089,3950872,3955672,3953330,18485,0,746,0
25.819603204727173,211089,3950872,3955672,3953330,18485,0,746,0
25.834782123565674,211089,3950872,3955672,3953330,18485,0,746,0
25.8503520488739,211089,3950872,3955672,3953330,18485,0,746,0
25.86567711830139,211089,3950872,3955672,3953330,18485,0,746,0
25.880890130996704,211089,3950872,3955672,3953330,18485,0,746,0
25.896321058273315,211089,3950872,3955672,3953330,18485,0,746,0
25.91207003593445,211089,3950872,3955672,3953330,18485,0,746,0
25.927563190460205,211089,3950872,3955672,3953330,18485,0,746,0
25.942721128463745,211089,3950872,3955672,3953330,18485,0,746,0
25.957909107208252,211089,3950872,3955672,3953330,18485,0,746,0
25.97330617904663,211089,3950872,3955672,3953330,18485,0,746,0
25.988656997680664,211089,3950872,3955672,3953330,18485,0,746,0
26.00382113456726,211089,3950872,3955672,3953330,18485,0,746,0
26.01921510696411,211089,3950872,3955672,3953330,18485,0,746,0
26.034550189971924,211089,3950872,3955672,3953330,18485,0,746,0
26.049755096435547,211089,3950872,3955672,3953330,18485,0,746,0
26.065104007720947,211089,3950872,3955672,3953330,18485,0,746,0
26.080453157424927,211089,3950872,3955672,3953330,18485,0,746,0
26.096131086349487,211089,3950872,3955672,3953330,18485,0,746,0
26.11175513267517,211089,3950872,3955672,3953330,18485,0,746,0
26.127024173736572,211089,3950872,3955672,3953330,18485,0,746,0
26.142391204833984,211089,3950872,3955672,3953330,18485,0,746,0
26.157647132873535,211089,3950872,3955672,3953330,18485,0,746,0
26.17276906967163,211089,3950872,3955672,3953330,18485,0,746,0
26.187862157821655,211089,3950872,3955672,3953330,18485,0,746,0
26.203334093093872,211089,3950872,3955672,3953330,18485,0,746,0
26.218607187271118,211089,3950872,3955672,3953330,18485,0,746,0
26.23418617248535,211089,3950872,3955672,3953330,18485,0,746,0
26.249584197998047,211089,3950872,3955672,3953330,18485,0,746,0
26.264806985855103,211089,3950872,3955672,3953330,18485,0,746,0
26.2802472114563,211089,3950872,3955672,3953330,18485,0,746,0
26.29557514190674,211089,3950872,3955672,3953330,18485,0,746,0
26.31082010269165,211089,3950872,3955672,3953330,18485,0,746,0
26.326555013656616,211089,3950872,3955672,3953330,18485,0,746,0
26.34176206588745,211089,3950872,3955672,3953330,18485,0,746,0
26.357150077819824,211089,3950872,3955672,3953330,18485,0,746,0
26.37259006500244,211089,3950872,3955672,3953330,18485,0,746,0
26.38776421546936,211089,3950872,3955672,3953330,18485,0,746,0
26.403244018554688,211089,3234072,3173336,3236530,18485,0,730,0
26.418788194656372,211089,3168536,3173336,3170994,18485,0,730,0
26.434386014938354,211089,3168536,3173336,3170994,18485,0,730,0
26.449685096740723,211089,3168536,3173336,3170994,18485,0,730,0
26.465160131454468,211089,3168536,3173336,3170994,18485,0,730,0
26.480502128601074,211089,3168536,3173336,3170994,18485,0,730,0
26.49564218521118,211089,3168536,3173336,3170994,18485,0,730,0
26.510841131210327,211089,3168536,3173336,3170994,18485,0,730,0
26.5265691280365,211089,3168536,3173336,3170994,18485,0,730,0
26.54191017150879,211089,3168536,3173336,3170994,18485,0,730,0
26.557358026504517,211089,3168536,3173336,3170994,18485,0,730,0
26.57264018058777,211089,3168536,3173336,3170994,18485,0,730,0
26.588081121444702,211089,3168536,3173336,3170994,18485,0,730,0
26.603764057159424,211089,3168536,3173336,3170994,18485,0,730,0
26.619227170944214,211089,3168536,3173336,3170994,18485,0,730,0
26.634801149368286,211089,3168536,3173336,3170994,18485,0,730,0
26.650753021240234,211089,3168536,3173336,3170994,18485,0,730,0
26.666352033615112,211089,3168536,3173336,3170994,18485,0,730,0
26.68195605278015,211089,3168536,3173336,3170994,18485,0,730,0
26.697566986083984,211089,3168536,3173336,3170994,18485,0,730,0
26.713122129440308,211089,3168536,3173336,3170994,18485,0,730,0
26.72882914543152,211089,3176728,3181528,3179186,18489,0,731,0
26.744758129119873,211089,3184920,3189720,3187378,18493,0,731,0
26.760294198989868,211089,3191064,3195864,3193522,18496,0,731,0
26.77589201927185,211089,3191064,3195864,3193522,18496,0,731,0
26.79141902923584,211089,3191064,3195864,3193522,18496,0,731,0
26.807146072387695,211089,3191064,3195864,3193522,18496,0,731,0
26.82275414466858,211089,3191064,3195864,3193522,18496,0,731,0
26.838391065597534,211089,3191064,3195864,3193522,18496,0,731,0
26.85396909713745,211089,3191064,3195864,3193522,18496,0,731,0
26.86959409713745,211089,3191064,3195864,3193522,18496,0,731,0
26.885174036026,211089,3191064,3195864,3193522,18496,0,731,0
26.900636196136475,211089,3191064,3195864,3193522,18496,0,731,0
26.916218042373657,211089,3191064,3195864,3193522,18496,0,731,0
26.93181014060974,211089,3191064,3195864,3193522,18496,0,731,0
26.94778800010681,211089,3191064,3195864,3193522,18496,0,731,0
26.963410139083862,211089,3191064,3195864,3193522,18496,0,731,0
26.978945016860962,211089,3191064,3195864,3193522,18496,0,731,0
26.994561195373535,211089,3191064,3195864,3193522,18496,0,731,0
27.010157108306885,211089,3191064,3195864,3193522,18496,0,731,0
27.025707006454468,211089,3191064,3195864,3193522,18496,0,731,0
27.041316032409668,211089,3191064,3195864,3193522,18496,0,731,0
27.05686116218567,211089,3191064,3195864,3193522,18496,0,731,0
27.072537183761597,211089,3191064,3195864,3193522,18496,0,731,0
27.088237047195435,211089,3191064,3195864,3193522,18496,0,731,0
27.10387110710144,211089,3191064,3195864,3193522,18496,0,731,0
27.119563102722168,211089,3191064,3195864,3193522,18496,0,731,0
27.135162115097046,211089,3191064,3195864,3193522,18496,0,731,0
27.150829076766968,211089,3191064,3195864,3193522,18496,0,731,0
27.16645312309265,211089,3191064,3195864,3193522,18496,0,731,0
27.18201208114624,211089,3191064,3195864,3193522,18496,0,731,0
27.197615146636963,211089,3191064,3195864,3193522,18496,0,731,0
27.213181018829346,211089,3191064,3195864,3193522,18496,0,731,0
27.228819131851196,211089,3191064,3195864,3193522,18496,0,731,0
27.24431610107422,211089,3191064,3195864,3193522,18496,0,731,0
27.25991201400757,211089,3191064,3195864,3193522,18496,0,731,0
27.27569317817688,211089,3191064,3195864,3193522,18496,0,731,0
27.29124116897583,211089,3191064,3195864,3193522,18496,0,731,0
27.306838035583496,211089,3191064,3195864,3193522,18496,0,731,0
27.32240319252014,211089,3191064,3195864,3193522,18496,0,731,0
27.33794403076172,211089,3191064,3195864,3193522,18496,0,731,0
27.35341501235962,211089,3191064,3195864,3193522,18496,0,731,0
27.369401216506958,211089,3191064,3195864,3193522,18496,0,731,0
27.385163068771362,211089,3191064,3195864,3193522,18496,0,731,0
27.4006609916687,211089,3191064,3195864,3193522,18496,0,731,0
27.416243076324463,211089,3191064,3195864,3193522,18496,0,731,0
27.431920051574707,211089,3191064,3195864,3193522,18496,0,731,0
27.447585105895996,211089,3191064,3195864,3193522,18496,0,731,0
27.463167190551758,211089,3191064,3195864,3193522,18496,0,731,0
27.478776216506958,211089,3191064,3195864,3193522,18496,0,731,0
27.49416208267212,211089,3191064,3195864,3193522,18496,0,731,0
27.509549140930176,211089,3191064,3195864,3193522,18496,0,731,0
27.525110006332397,211089,3191064,3195864,3193522,18496,0,731,0
27.54057502746582,211089,3191064,3195864,3193522,18496,0,731,0
27.556079149246216,211089,3191064,3195864,3193522,18496,0,731,0
27.572091102600098,211089,3191064,3195864,3193522,18496,0,731,0
27.587720155715942,211089,3191064,3195864,3193522,18496,0,731,0
27.60331416130066,211089,3191064,3195864,3193522,18496,0,731,0
27.618988037109375,211089,3191064,3195864,3193522,18496,0,731,0
27.63455605506897,211089,3191064,3195864,3193522,18496,0,731,0
27.650156021118164,211089,3191064,3195864,3193522,18496,0,731,0
27.665783166885376,211089,3191064,3195864,3193522,18496,0,731,0
27.68155813217163,211089,3191064,3195864,3193522,18496,0,731,0
27.69711399078369,211089,3191064,3195864,3193522,18496,0,731,0
27.712751150131226,211089,3191064,3195864,3193522,18496,0,731,0
27.728355169296265,211089,3191064,3195864,3193522,18496,0,731,0
27.74389910697937,211089,3191064,3195864,3193522,18496,0,731,0
27.759479999542236,211089,3191064,3195864,3193522,18496,0,731,0
27.77530813217163,211089,3191064,3195864,3193522,18496,0,731,0
27.79098105430603,211089,3191064,3195864,3193522,18496,0,731,0
27.806594133377075,211089,3191064,3195864,3193522,18496,0,731,0
27.822274208068848,211089,3191064,3195864,3193522,18496,0,731,0
27.838030099868774,211089,3191064,3195864,3193522,18496,0,731,0
27.85363006591797,211089,3191064,3195864,3193522,18496,0,731,0
27.869091987609863,211089,3191064,3195864,3193522,18496,0,731,0
27.884774208068848,211089,3191064,3195864,3193522,18496,0,731,0
27.900322198867798,211089,3191064,3195864,3193522,18496,0,731,0
27.915911197662354,211089,3191064,3195864,3193522,18496,0,731,0
27.931329011917114,211089,3191064,3195864,3193522,18496,0,731,0
27.94664716720581,211089,3191064,3195864,3193522,18496,0,731,0
27.962223052978516,211089,3191064,3195864,3193522,18496,0,731,0
27.977809190750122,211089,3191064,3195864,3193522,18496,0,731,0
27.993548154830933,211089,3191064,3195864,3193522,18496,0,731,0
28.009205102920532,211089,3191064,3195864,3193522,18496,0,731,0
28.024851083755493,211089,3191064,3195864,3193522,18496,0,731,0
28.040574073791504,211089,3191064,3195864,3193522,18496,0,731,0
28.056114196777344,211089,3191064,3195864,3193522,18496,0,731,0
28.071884155273438,211089,3191064,3195864,3193522,18496,0,731,0
28.087581157684326,211089,3191064,3195864,3193522,18496,0,731,0
28.103393077850342,211089,3191064,3195864,3193522,18496,0,731,0
28.119107007980347,211089,3191064,3195864,3193522,18496,0,731,0
28.134873151779175,211089,3191064,3195864,3193522,18496,0,731,0
28.150658130645752,211089,3191064,3195864,3193522,18496,0,731,0
28.16634702682495,211089,3191064,3195864,3193522,18496,0,731,0
28.18213415145874,211089,3191064,3195864,3193522,18496,0,731,0
28.197997093200684,211089,3191064,3195864,3193522,18496,0,731,0
28.213696002960205,211089,3191064,3195864,3193522,18496,0,731,0
28.229243993759155,211089,3191064,3195864,3193522,18496,0,731,0
28.2449049949646,211089,3191064,3195864,3193522,18496,0,731,0
28.260409116744995,211089,3191064,3195864,3193522,18496,0,731,0
28.275973081588745,211089,3191064,3195864,3193522,18496,0,731,0
28.291632175445557,211089,3191064,3195864,3193522,18496,0,731,0
28.307114124298096,211089,3191064,3195864,3193522,18496,0,731,0
28.322599172592163,211089,3191064,3195864,3193522,18496,0,731,0
28.337932109832764,211089,3191064,3195864,3193522,18496,0,731,0
28.35344910621643,211089,3191064,3195864,3193522,18496,0,731,0
28.368869066238403,211089,3191064,3195864,3193522,18496,0,731,0
28.38426399230957,211089,3191064,3195864,3193522,18496,0,731,0
28.399766206741333,211089,3191064,3195864,3193522,18496,0,731,0
28.415363073349,211089,3191064,3195864,3193522,18496,0,731,0
28.430761098861694,211089,3191064,3195864,3193522,18496,0,731,0
28.44624900817871,211089,3191064,3195864,3193522,18496,0,731,0
28.462022066116333,211089,2595096,2599896,2597554,18496,0,719,0
28.477540016174316,211089,2597144,2601944,2599602,18497,0,719,0
28.49319100379944,211089,2597144,2601944,2599602,18497,0,719,0
28.5088050365448,211089,2597144,2601944,2599602,18497,0,719,0
28.524349212646484,211089,2597144,2601944,2599602,18497,0,719,0
28.539879083633423,211089,2597144,2601944,2599602,18497,0,719,0
28.555395126342773,211089,2597144,2601944,2599602,18497,0,719,0
28.570831060409546,211089,2597144,2601944,2599602,18497,0,719,0
28.58653998374939,211089,2597144,2601944,2599602,18497,0,719,0
28.603394031524658,211089,2597144,2601944,2599602,18497,0,719,0
28.61896514892578,211089,2597144,2601944,2599602,18497,0,719,0
28.63461399078369,211089,2597144,2601944,2599602,18497,0,719,0
28.650243997573853,211089,2597144,2601944,2599602,18497,0,719,0
28.665807008743286,211089,2597144,2601944,2599602,18497,0,719,0
28.68139410018921,211089,2597144,2601944,2599602,18497,0,719,0
28.696906089782715,211089,2597144,2601944,2599602,18497,0,719,0
28.712522983551025,211089,2597144,2601944,2599602,18497,0,719,0
28.727936029434204,211089,2597144,2601944,2599602,18497,0,719,0
28.74329400062561,211089,2597144,2601944,2599602,18497,0,719,0
28.758812189102173,211089,2597144,2601944,2599602,18497,0,719,0
28.774245023727417,211089,2597144,2601944,2599602,18497,0,719,0
28.789611101150513,211089,2597144,2601944,2599602,18497,0,719,0
28.80503010749817,211089,2597144,2601944,2599602,18497,0,719,0
28.820965051651,211089,2597144,2601944,2599602,18497,0,719,0
28.83656907081604,211089,2597144,2601944,2599602,18497,0,719,0
28.85214114189148,211089,2597144,2601944,2599602,18497,0,719,0
28.867802143096924,211089,2597144,2601944,2599602,18497,0,719,0
28.883395195007324,211089,2597144,2601944,2599602,18497,0,719,0
28.8989200592041,211089,2597144,2601944,2599602,18497,0,719,0
28.914478063583374,211089,2597144,2601944,2599602,18497,0,719,0
28.930088996887207,211089,2597144,2601944,2599602,18497,0,719,0
28.945821046829224,211089,2597144,2601944,2599602,18497,0,719,0
28.96135401725769,211089,2597144,2601944,2599602,18497,0,719,0
28.97686219215393,211089,2597144,2601944,2599602,18497,0,719,0
28.99244999885559,211089,2597144,2601944,2599602,18497,0,719,0
29.00790810585022,211089,2597144,2601944,2599602,18497,0,719,0
29.023754119873047,211089,2597144,2601944,2599602,18497,0,719,0
29.03947615623474,211089,2597144,2601944,2599602,18497,0,719,0
29.055116176605225,211089,2597144,2601944,2599602,18497,0,719,0
29.070717096328735,211089,2597144,2601944,2599602,18497,0,719,0
29.086291074752808,211089,2597144,2601944,2599602,18497,0,719,0
29.10196018218994,211089,2597144,2601944,2599602,18497,0,719,0
29.117696046829224,211089,2597144,2601944,2599602,18497,0,719,0
29.13333511352539,211089,2597144,2601944,2599602,18497,0,719,0
29.14881420135498,211089,2597144,2601944,2599602,18497,0,719,0
29.1644070148468,211089,2597144,2601944,2599602,18497,0,719,0
29.17991018295288,211089,2597144,2601944,2599602,18497,0,719,0
29.195481061935425,211089,2597144,2601944,2599602,18497,0,719,0
29.211133003234863,211089,2597144,2601944,2599602,18497,0,719,0
29.227013111114502,211089,2597144,2601944,2599602,18497,0,719,0
29.24264121055603,211089,2597144,2601944,2599602,18497,0,719,0
29.258150100708008,211089,2597144,2601944,2599602,18497,0,719,0
29.273646116256714,211089,2597144,2601944,2599602,18497,0,719,0
29.28913712501526,211089,2597144,2601944,2599602,18497,0,719,0
29.30464506149292,211089,2597144,2601944,2599602,18497,0,719,0
29.320192098617554,211089,2597144,2601944,2599602,18497,0,719,0
29.33564519882202,211089,2597144,2601944,2599602,18497,0,719,0
29.351072072982788,211089,2597144,2601944,2599602,18497,0,719,0
29.366697072982788,211089,2597144,2601944,2599602,18497,0,719,0
29.38218903541565,211089,2597144,2601944,2599602,18497,0,719,0
29.397643089294434,211089,2597144,2601944,2599602,18497,0,719,0
29.41310715675354,211089,2597144,2601944,2599602,18497,0,719,0
29.428575038909912,211089,2597144,2601944,2599602,18497,0,719,0
29.444316148757935,211089,2597144,2601944,2599602,18497,0,719,0
29.459582090377808,211089,2597144,2601944,2599602,18497,0,719,0
29.47489905357361,211089,2597144,2601944,2599602,18497,0,719,0
29.490150213241577,211089,2597144,2601944,2599602,18497,0,719,0
29.50576114654541,211089,2597144,2601944,2599602,18497,0,719,0
29.52118420600891,211089,2597144,2601944,2599602,18497,0,719,0
29.536789178848267,211089,2597144,2601944,2599602,18497,0,719,0
29.552544116973877,211089,2597144,2601944,2599602,18497,0,719,0
29.568480014801025,211089,2597144,2601944,2599602,18497,0,719,0
29.5839900970459,211089,2597144,2601944,2599602,18497,0,719,0
29.599730014801025,211089,2597144,2601944,2599602,18497,0,719,0
29.615315198898315,211089,2597144,2601944,2599602,18497,0,719,0
29.630868196487427,211089,2597144,2601944,2599602,18497,0,719,0
29.64683198928833,211089,2597144,2601944,2599602,18497,0,719,0
29.662517070770264,211089,2597144,2601944,2599602,18497,0,719,0
29.67816400527954,211089,2597144,2601944,2599602,18497,0,719,0
29.69370412826538,211089,2597144,2601944,2599602,18497,0,719,0
29.70945906639099,211089,2597144,2601944,2599602,18497,0,719,0
29.72497820854187,211089,2597144,2601944,2599602,18497,0,719,0
29.740576028823853,211089,2597144,2601944,2599602,18497,0,719,0
29.75624108314514,211089,2597144,2601944,2599602,18497,0,719,0
29.771795988082886,211089,2597144,2601944,2599602,18497,0,719,0
29.787533044815063,211089,2597144,2601944,2599602,18497,0,719,0
29.803080081939697,211089,2597144,2601944,2599602,18497,0,719,0
29.818759202957153,211089,2597144,2601944,2599602,18497,0,719,0
29.83440113067627,211089,2597144,2601944,2599602,18497,0,719,0
29.850635051727295,211089,2597144,2601944,2599602,18497,0,719,0
29.866384983062744,211089,2597144,2601944,2599602,18497,0,719,0
29.88216519355774,211089,2597144,2601944,2599602,18497,0,719,0
29.897911071777344,211089,2597144,2601944,2599602,18497,0,719,0
29.91376304626465,211089,2597144,2601944,2599602,18497,0,719,0
29.929516077041626,211089,2597144,2601944,2599602,18497,0,719,0
29.945218086242676,211089,2599192,2603992,2601650,18498,0,719,0
29.96090602874756,211089,2607384,2612184,2609842,18502,0,719,0
29.976778984069824,211089,2615576,2620376,2618034,18506,0,719,0
29.992675065994263,211089,2623768,2628568,2626226,18510,0,720,0
30.008321046829224,211089,2631960,2636760,2634418,18514,0,720,0
30.02402400970459,211089,2640152,2644952,2642610,18518,0,720,0
30.039772033691406,211089,2648344,2653144,2650802,18522,0,720,0
30.055350065231323,211089,2656536,2661336,2658994,18526,0,720,0
30.071357011795044,211089,2664728,2669528,2667186,18530,0,720,0
30.087109088897705,211089,2672920,2677720,2675378,18534,0,720,0
30.103031158447266,211089,2681112,2685912,2683570,18537,0,720,0
30.11884903907776,211089,2689304,2694104,2691762,18541,0,721,0
30.13462209701538,211089,2697496,2702296,2699954,18545,0,721,0
30.150309085845947,211089,2703640,2710488,2706098,18549,0,721,0
30.165882110595703,211089,2711832,2718680,2714290,18553,0,721,0
30.18161416053772,211089,2720024,2726872,2722482,18557,0,722,0
30.197449207305908,211089,2728216,2735064,2730674,18561,0,722,0
30.21314811706543,211089,2736408,2741208,2738866,18565,0,722,0
30.228819131851196,211089,2744600,2749400,2747058,18569,0,722,0
30.244335174560547,211089,2752792,2757592,2755250,18573,0,722,0
30.259895086288452,211089,2760984,2765784,2763442,18577,0,722,0
30.275597095489502,211089,2769176,2773976,2771634,18581,0,722,0
30.29144811630249,211089,2777368,2782168,2779826,18585,0,722,0
30.307201147079468,211089,2785560,2790360,2788018,18589,0,723,0
30.322912216186523,211089,2793752,2798552,2796210,18593,0,723,0
30.338749170303345,211089,2801944,2806744,2804402,18597,0,723,0
30.354543209075928,211089,2810136,2814936,2812594,18601,0,723,0
30.370387077331543,211089,2818328,2823128,2820786,18605,0,724,0
30.385926008224487,211089,2826520,2831320,2828978,18609,0,724,0
30.401671171188354,211089,2834712,2839512,2837170,18613,0,724,0
30.417514085769653,211089,2842904,2847704,2845362,18617,0,724,0
30.43328309059143,211089,2851096,2855896,2853554,18620,0,724,0
30.448954105377197,211089,2859288,2864088,2861746,18624,0,724,0
30.46481204032898,211089,2867480,2872280,2869938,18628,0,724,0
30.480892181396484,211089,2873624,2880472,2876082,18632,0,724,0
30.4967360496521,211089,2857240,2864088,2859698,18636,0,724,0
30.512380123138428,211089,2865432,2870232,2867890,18640,0,724,0
30.528175115585327,211089,2873624,2878424,2876082,18644,0,724,0
30.544170141220093,211089,2881816,2886616,2884274,18648,0,725,0
30.559725046157837,211089,2890008,2894808,2892466,18652,0,725,0
30.575381994247437,211089,2894104,2898904,2896562,18654,0,725,0
30.591127157211304,211089,2894104,2898904,2896562,18654,0,725,0
30.606773138046265,211089,2894104,2898904,2896562,18654,0,725,0
30.622493982315063,211089,2894104,2898904,2896562,18654,0,725,0
30.638352155685425,211089,2894104,2898904,2896562,18654,0,725,0
30.653882026672363,211089,2894104,2898904,2896562,18654,0,725,0
30.669389009475708,211089,2894104,2898904,2896562,18654,0,725,0
30.685317039489746,211089,2894104,2898904,2896562,18654,0,725,0
30.701147079467773,211089,2894104,2898904,2896562,18654,0,725,0
30.716633081436157,211089,2894104,2898904,2896562,18654,0,725,0
30.731818199157715,211089,2894104,2898904,2896562,18654,0,725,0
30.747276067733765,211089,2894104,2898904,2896562,18654,0,725,0
30.76261305809021,211089,2894104,2898904,2896562,18654,0,725,0
30.777799129486084,211089,2894104,2898904,2896562,18654,0,725,0
30.7932071685791,211089,2894104,2898904,2896562,18654,0,725,0
30.80887007713318,211089,2894104,2898904,2896562,18654,0,725,0
30.824226140975952,211089,2894104,2898904,2896562,18654,0,725,0
30.839600086212158,211089,2894104,2898904,2896562,18654,0,725,0
30.854785203933716,211089,2894104,2898904,2896562,18654,0,725,0
30.869885206222534,211089,2894104,2898904,2896562,18654,0,725,0
30.885271072387695,211089,2894104,2898904,2896562,18654,0,725,0
30.900624990463257,211089,2894104,2898904,2896562,18654,0,725,0
30.91579508781433,211089,2894104,2898904,2896562,18654,0,725,0
30.931302070617676,211089,2894104,2898904,2896562,18654,0,725,0
30.946608066558838,211089,2894104,2898904,2896562,18654,0,725,0
30.96187114715576,211089,2894104,2898904,2896562,18654,0,725,0
30.97726011276245,211089,2894104,2898904,2896562,18654,0,725,0
30.99266505241394,211089,2894104,2898904,2896562,18654,0,725,0
31.008285999298096,211089,2894104,2898904,2896562,18654,0,725,0
31.02366614341736,211089,2894104,2898904,2896562,18654,0,725,0
31.038803100585938,211089,2894104,2898904,2896562,18654,0,725,0
31.053872108459473,211089,2894104,2898904,2896562,18654,0,725,0
31.06923198699951,211089,2894104,2898904,2896562,18654,0,725,0
31.08475613594055,211089,2894104,2898904,2896562,18654,0,725,0
31.10057520866394,211089,2894104,2898904,2896562,18654,0,725,0
31.116044998168945,211089,2894104,2898904,2896562,18654,0,725,0
31.13150119781494,211089,2894104,2898904,2896562,18654,0,725,0
31.146759033203125,211089,2894104,2898904,2896562,18654,0,725,0
31.1617910861969,211089,2894104,2898904,2896562,18654,0,725,0
31.17732310295105,211089,2894104,2898904,2896562,18654,0,725,0
31.192670106887817,211089,2894104,2898904,2896562,18654,0,725,0
31.20781421661377,211089,2894104,2898904,2896562,18654,0,725,0
31.223379135131836,211089,2894104,2898904,2896562,18654,0,725,0
31.23873209953308,211089,2894104,2898904,2896562,18654,0,725,0
31.254255056381226,211089,2894104,2898904,2896562,18654,0,725,0
31.269570112228394,211089,2894104,2898904,2896562,18654,0,725,0
31.28475308418274,211089,2894104,2898904,2896562,18654,0,725,0
31.300265073776245,211089,2894104,2898904,2896562,18654,0,725,0
31.315963983535767,211089,2894104,2898904,2896562,18654,0,725,0
31.331248998641968,211089,2894104,2898904,2896562,18654,0,725,0
31.346643209457397,211089,2894104,2898904,2896562,18654,0,725,0
31.36191415786743,211089,2894104,2898904,2896562,18654,0,725,0
31.37728714942932,211089,2894104,2898904,2896562,18654,0,725,0
31.392597198486328,211089,2894104,2898904,2896562,18654,0,725,0
31.407777070999146,211089,2894104,2898904,2896562,18654,0,725,0
31.42329716682434,211089,2894104,2898904,2896562,18654,0,725,0
31.438571214675903,211089,2894104,2898904,2896562,18654,0,725,0
31.453732013702393,211089,2894104,2898904,2896562,18654,0,725,0
31.469142198562622,211089,2894104,2898904,2896562,18654,0,725,0
31.48450207710266,211089,2894104,2898904,2896562,18654,0,725,0
31.49975299835205,211089,2894104,2898904,2896562,18654,0,725,0
31.51825499534607,211089,2894104,2898904,2896562,18654,0,725,0
31.533749103546143,211089,2894104,2898904,2896562,18654,0,725,0
31.548924207687378,211089,2894104,2898904,2896562,18654,0,725,0
31.564211130142212,211089,2894104,2898904,2896562,18654,0,725,0
31.57959818840027,211089,2894104,2898904,2896562,18654,0,725,0
31.59490704536438,211089,2894104,2898904,2896562,18654,0,725,0
31.61033606529236,211089,2894104,2898904,2896562,18654,0,725,0
31.62564706802368,211089,2894104,2898904,2896562,18654,0,725,0
31.640766143798828,211089,2894104,2898904,2896562,18654,0,725,0
31.65621018409729,211089,2894104,2898904,2896562,18654,0,725,0
31.671640157699585,211089,2894104,2898904,2896562,18654,0,725,0
31.686920166015625,211089,2894104,2898904,2896562,18654,0,725,0
31.702354192733765,211089,2894104,2898904,2896562,18654,0,725,0
31.71762204170227,211089,2894104,2898904,2896562,18654,0,725,0
31.733514070510864,211089,2894104,2898904,2896562,18654,0,725,0
31.74881410598755,211089,2894104,2898904,2896562,18654,0,725,0
31.764162063598633,211089,2894104,2898904,2896562,18654,0,725,0
31.779553174972534,211089,2894104,2898904,2896562,18654,0,725,0
31.79500699043274,211089,2894104,2898904,2896562,18654,0,725,0
31.810540199279785,211089,2894104,2898904,2896562,18654,0,725,0
31.82614517211914,211089,2894104,2898904,2896562,18654,0,725,0
31.84160017967224,211089,2894104,2898904,2896562,18654,0,725,0
31.857006072998047,211089,2894104,2898904,2896562,18654,0,725,0
31.872610092163086,211089,2894104,2898904,2896562,18654,0,725,0
31.88788414001465,211089,2894104,2898904,2896562,18654,0,725,0
31.90323805809021,211089,2894104,2898904,2896562,18654,0,725,0
31.918628215789795,211089,2894104,2898904,2896562,18654,0,725,0
31.934399127960205,211089,2894104,2898904,2896562,18654,0,725,0
31.94975519180298,211089,2894104,2898904,2896562,18654,0,725,0
31.96516704559326,211089,2894104,2898904,2896562,18654,0,725,0
31.980568170547485,211089,2894104,2898904,2896562,18654,0,725,0
31.99589705467224,211089,2894104,2898904,2896562,18654,0,725,0
32.011319160461426,211089,2894104,2898904,2896562,18654,0,725,0
32.02670216560364,211089,2894104,2898904,2896562,18654,0,725,0
32.04220509529114,211089,2894104,2898904,2896562,18654,0,725,0
32.05757212638855,211089,2894104,2898904,2896562,18654,0,725,0
32.07271718978882,211089,2894104,2898904,2896562,18654,0,725,0
32.087799072265625,211089,2894104,2898904,2896562,18654,0,725,0
32.103209018707275,211089,2894104,2898904,2896562,18654,0,725,0
32.1186101436615,211089,2894104,2898904,2896562,18654,0,725,0
32.13394498825073,211089,2894168,2898904,2896626,18655,0,725,0
32.14978504180908,211089,2894168,2898904,2896626,18655,0,725,0
32.16528606414795,211089,2894168,2898904,2896626,18655,0,725,0
32.180623054504395,211089,2894168,2898904,2896626,18655,0,725,0
32.19590902328491,211089,2894168,2898904,2896626,18655,0,725,0
32.21121120452881,211089,2894168,2898904,2896626,18655,0,725,0
32.22657513618469,211089,2894168,2898904,2896626,18655,0,725,0
32.241934061050415,211089,2894168,2898904,2896626,18655,0,725,0
32.25735116004944,211089,2894168,2898904,2896626,18655,0,725,0
32.27263307571411,211089,2894168,2898904,2896626,18655,0,725,0
32.28791618347168,211089,2894168,2898904,2896626,18655,0,725,0
32.30355405807495,211089,2894168,2898904,2896626,18655,0,725,0
32.31869316101074,211089,2894168,2898904,2896626,18655,0,725,0
32.333868980407715,211089,2894168,2898904,2896626,18655,0,725,0
32.34972310066223,211089,2894168,2898904,2896626,18655,0,725,0
32.36530804634094,211089,2894168,2898904,2896626,18655,0,725,0
32.380794048309326,211089,2894168,2898904,2896626,18655,0,725,0
32.396289110183716,211089,2894168,2898904,2896626,18655,0,725,0
32.41165018081665,211089,2894168,2898904,2896626,18655,0,725,0
32.42685508728027,211089,2894168,2898904,2896626,18655,0,725,0
32.44231104850769,211089,2894168,2898904,2896626,18655,0,725,0
32.457756996154785,211089,2894168,2898904,2896626,18655,0,725,0
32.473220109939575,211089,2894168,2898904,2896626,18655,0,725,0
32.48888921737671,211089,2894168,2898904,2896626,18655,0,725,0
32.50432801246643,211089,2894168,2898904,2896626,18655,0,725,0
32.5196750164032,211089,2894168,2898904,2896626,18655,0,725,0
32.535229206085205,211089,2894168,2898904,2896626,18655,0,725,0
32.55070400238037,211089,2894168,2898904,2896626,18655,0,725,0
32.566413164138794,211089,2894168,2898904,2896626,18655,0,725,0
32.58180499076843,211089,2894168,2898904,2896626,18655,0,725,0
32.597254037857056,211089,2894168,2898904,2896626,18655,0,725,0
32.61267399787903,211089,2505048,2509784,2507506,18655,0,717,0
32.62824106216431,211089,2505048,2509784,2507506,18655,0,717,0
32.643731117248535,211089,2505048,2509784,2507506,18655,0,717,0
32.659255027770996,211089,2505048,2509784,2507506,18655,0,717,0
32.67468810081482,211089,2505048,2509784,2507506,18655,0,717,0
32.68998098373413,211089,2505048,2509784,2507506,18655,0,717,0
32.705361127853394,211089,2505048,2509784,2507506,18655,0,717,0
32.720731019973755,211089,2505048,2509784,2507506,18655,0,717,0
32.73617100715637,211089,2505048,2509784,2507506,18655,0,717,0
32.7515971660614,211089,2505048,2509784,2507506,18655,0,717,0
32.767297983169556,211089,2505048,2509784,2507506,18655,0,717,0
32.7826361656189,211089,2505048,2509784,2507506,18655,0,717,0
32.79777002334595,211089,2505048,2509784,2507506,18655,0,717,0
32.81308197975159,211089,2505048,2509784,2507506,18655,0,717,0
32.82854104042053,211089,2505048,2509784,2507506,18655,0,717,0
32.8439040184021,211089,2505048,2509784,2507506,18655,0,717,0
32.8594970703125,211089,2505048,2509784,2507506,18655,0,717,0
32.87527298927307,211089,2505048,2509784,2507506,18655,0,717,0
32.89130711555481,211089,2505048,2509784,2507506,18655,0,717,0
32.906864166259766,211089,2505048,2509784,2507506,18655,0,717,0
32.922524213790894,211089,2505048,2509784,2507506,18655,0,717,0
32.937857151031494,211089,2505048,2509784,2507506,18655,0,717,0
32.95309019088745,211089,2505048,2509784,2507506,18655,0,717,0
32.96831011772156,211089,2505048,2509784,2507506,18655,0,717,0
32.98359704017639,211089,2505048,2509784,2507506,18655,0,717,0
32.998998165130615,211089,2505048,2509784,2507506,18655,0,717,0
33.01470899581909,211089,2505048,2509784,2507506,18655,0,717,0
33.03019309043884,211089,2505048,2509784,2507506,18655,0,717,0
33.04572105407715,211089,2505048,2509784,2507506,18655,0,717,0
33.06127905845642,211089,2505048,2509784,2507506,18655,0,717,0
33.07691311836243,211089,2505048,2509784,2507506,18655,0,717,0
33.09253406524658,211089,2505048,2509784,2507506,18655,0,717,0
33.10809898376465,211089,2505048,2509784,2507506,18655,0,717,0
33.12332606315613,211089,2505048,2509784,2507506,18655,0,717,0
33.13882303237915,211089,2505048,2509784,2507506,18655,0,717,0
33.154268980026245,211089,2505048,2509784,2507506,18655,0,717,0
33.16978406906128,211089,2505048,2509784,2507506,18655,0,717,0
33.185604095458984,211089,2505048,2509784,2507506,18655,0,717,0
33.200945138931274,211089,2505048,2509784,2507506,18655,0,717,0
33.21632719039917,211089,2505048,2509784,2507506,18655,0,717,0
33.23163914680481,211089,2505048,2509784,2507506,18655,0,717,0
33.24675512313843,211089,2505048,2509784,2507506,18655,0,717,0
33.262041091918945,211089,2505048,2509784,2507506,18655,0,717,0
33.27754616737366,211089,2505048,2509784,2507506,18655,0,717,0
33.29285216331482,211089,2505048,2509784,2507506,18655,0,717,0
33.3082230091095,211089,2505048,2509784,2507506,18655,0,717,0
33.32363700866699,211089,2505048,2509784,2507506,18655,0,717,0
33.338895082473755,211089,2505048,2509784,2507506,18655,0,717,0
33.354188203811646,211089,2505048,2509784,2507506,18655,0,717,0
33.369638204574585,211089,2505048,2509784,2507506,18655,0,717,0
33.38479709625244,211089,2505048,2509784,2507506,18655,0,717,0
33.400099992752075,211089,2505048,2509784,2507506,18655,0,717,0
33.415616035461426,211089,2505048,2509784,2507506,18655,0,717,0
33.43077802658081,211089,2505048,2509784,2507506,18655,0,717,0
33.44595408439636,211089,2505048,2509784,2507506,18655,0,717,0
33.46164011955261,211089,2505048,2509784,2507506,18655,0,717,0
33.47693204879761,211089,2505048,2509784,2507506,18655,0,717,0
33.49247097969055,211089,2505048,2509784,2507506,18655,0,717,0
33.50766205787659,211089,2505048,2509784,2507506,18655,0,717,0
33.52282214164734,211089,2505048,2509784,2507506,18655,0,717,0
33.53825116157532,211089,2505048,2509784,2507506,18655,0,717,0
33.553614139556885,211089,2505048,2509784,2507506,18655,0,717,0
33.56892108917236,211089,2505048,2509784,2507506,18655,0,717,0
33.58437204360962,211089,2505048,2509784,2507506,18655,0,717,0
33.59977698326111,211089,2505048,2509784,2507506,18655,0,717,0
33.615082025527954,211089,2505048,2509784,2507506,18655,0,717,0
33.63056707382202,211089,2505048,2509784,2507506,18655,0,717,0
33.645769119262695,211089,2505048,2509784,2507506,18655,0,717,0
33.66126203536987,211089,2505048,2509784,2507506,18655,0,717,0
33.676616191864014,211089,2505048,2509784,2507506,18655,0,717,0
33.69178009033203,211089,2505048,2509784,2507506,18655,0,717,0
33.707237005233765,211089,2505048,2509784,2507506,18655,0,717,0
33.72267198562622,211089,2505048,2509784,2507506,18655,0,717,0
33.7378830909729,211089,2505048,2509784,2507506,18655,0,717,0
33.75331711769104,211089,2505048,2509784,2507506,18655,0,717,0
33.7686231136322,211089,2505048,2509784,2507506,18655,0,717,0
33.78396916389465,211089,2505048,2509784,2507506,18655,0,717,0
33.79949998855591,211089,2505048,2509784,2507506,18655,0,717,0
33.815102100372314,211089,2505048,2509784,2507506,18655,0,717,0
33.83062815666199,211089,2505048,2509784,2507506,18655,0,717,0
33.845816135406494,211089,2505048,2509784,2507506,18655,0,717,0
33.86125111579895,211089,2505048,2509784,2507506,18655,0,717,0
33.87661910057068,211089,2505048,2509784,2507506,18655,0,717,0
33.89177203178406,211089,2505048,2509784,2507506,18655,0,717,0
33.907172203063965,211089,2505048,2509784,2507506,18655,0,717,0
33.9225971698761,211089,2505048,2509784,2507506,18655,0,717,0
33.93818020820618,211089,2505048,2509784,2507506,18655,0,717,0
33.953556060791016,211089,2505048,2509784,2507506,18655,0,717,0
33.96880006790161,211089,2505048,2509784,2507506,18655,0,717,0
33.9843111038208,211089,2505048,2509784,2507506,18655,0,717,0
33.999634981155396,211089,2505048,2509784,2507506,18655,0,717,0
34.01529908180237,211089,2505048,2509784,2507506,18655,0,717,0
34.03068017959595,211089,2505048,2509784,2507506,18655,0,717,0
34.04618000984192,211089,2505048,2509784,2507506,18655,0,717,0
34.06150817871094,211089,2505048,2509784,2507506,18655,0,717,0
34.07672309875488,211089,2505048,2509784,2507506,18655,0,717,0
34.09190917015076,211089,2505048,2509784,2507506,18655,0,717,0
34.1074960231781,211089,2505048,2509784,2507506,18655,0,717,0
34.122764110565186,211089,2505048,2509784,2507506,18655,0,717,0
34.13827300071716,211089,2505048,2509784,2507506,18655,0,717,0
34.15363121032715,211089,2505048,2509784,2507506,18655,0,717,0
34.16882801055908,211089,2505048,2509784,2507506,18655,0,717,0
34.184378147125244,211089,2505048,2509784,2507506,18655,0,717,0
34.199671030044556,211089,2505048,2509784,2507506,18655,0,717,0
34.21489405632019,211089,2505048,2509784,2507506,18655,0,717,0
34.23063611984253,211089,2505048,2509784,2507506,18655,0,717,0
34.24591016769409,211089,2505048,2509784,2507506,18655,0,717,0
34.261210203170776,211089,2505048,2509784,2507506,18655,0,717,0
34.27659320831299,211089,2505048,2509784,2507506,18655,0,717,0
34.29191517829895,211089,2505048,2509784,2507506,18655,0,717,0
34.307356119155884,211089,2505048,2509784,2507506,18655,0,717,0
34.32277297973633,211089,2505048,2509784,2507506,18655,0,717,0
34.33824801445007,211089,2505048,2509784,2507506,18655,0,717,0
34.353644132614136,211089,2505048,2509784,2507506,18655,0,717,0
34.3687961101532,211089,2505048,2509784,2507506,18655,0,717,0
34.38390612602234,211089,2505048,2509784,2507506,18655,0,717,0
34.39934420585632,211089,2505048,2509784,2507506,18655,0,717,0
34.41460204124451,211089,2505048,2509784,2507506,18655,0,717,0
34.43061399459839,211089,2505048,2509784,2507506,18655,0,717,0
34.446022033691406,211089,2505048,2509784,2507506,18655,0,717,0
34.46133899688721,211089,2505048,2509784,2507506,18655,0,717,0
34.47661519050598,211089,2505048,2509784,2507506,18655,0,717,0
34.49181509017944,211089,2505048,2509784,2507506,18655,0,717,0
34.50726914405823,211089,2505048,2509784,2507506,18655,0,717,0
34.52263617515564,211089,2505048,2509784,2507506,18655,0,717,0
34.53795504570007,211089,2505048,2509784,2507506,18655,0,717,0
34.55335521697998,211089,2505048,2509784,2507506,18655,0,717,0
34.568631172180176,211089,2505048,2509784,2507506,18655,0,717,0
34.58386707305908,211089,2505048,2509784,2507506,18655,0,717,0
34.59932208061218,211089,2505048,2509784,2507506,18655,0,717,0
34.614596128463745,211089,2505048,2509784,2507506,18655,0,717,0
34.62982416152954,211089,2505048,2509784,2507506,18655,0,717,0
34.64506816864014,211089,2505048,2509784,2507506,18655,0,717,0
34.66034698486328,211089,2099544,2104280,2102002,18655,0,709,0
34.675719022750854,211089,2099544,2104280,2102002,18655,0,709,0
34.69127798080444,211089,2099544,2104280,2102002,18655,0,709,0
34.706655979156494,211089,2099544,2104280,2102002,18655,0,709,0
34.7223482131958,211089,2099544,2104280,2102002,18655,0,709,0
34.73805904388428,211089,2099544,2104280,2102002,18655,0,709,0
34.75362420082092,211089,2099544,2104280,2102002,18655,0,709,0
34.76922011375427,211089,2099544,2104280,2102002,18655,0,709,0
34.78488898277283,211089,2099544,2104280,2102002,18655,0,709,0
34.80053114891052,211089,2099544,2104280,2102002,18655,0,709,0
34.81596803665161,211089,2099544,2104280,2102002,18655,0,709,0
34.831613063812256,211089,2099544,2104280,2102002,18655,0,709,0
34.84734106063843,211089,2099544,2104280,2102002,18655,0,709,0
34.862959146499634,211089,2099544,2104280,2102002,18655,0,709,0
34.87856698036194,211089,2099544,2104280,2102002,18655,0,709,0
34.89411807060242,211089,2099544,2104280,2102002,18655,0,709,0
34.9096360206604,211089,2099544,2104280,2102002,18655,0,709,0
34.92523002624512,211089,2099544,2104280,2102002,18655,0,709,0
34.94088912010193,211089,2099544,2104280,2102002,18655,0,709,0
34.95655012130737,211089,2099544,2104280,2102002,18655,0,709,0
34.97218918800354,211089,2099544,2104280,2102002,18655,0,709,0
34.987754106521606,211089,2099544,2104280,2102002,18655,0,709,0
35.003374099731445,211089,2099544,2104280,2102002,18655,0,709,0
35.018901109695435,211089,2099544,2104280,2102002,18655,0,709,0
35.034531116485596,211089,2099544,2104280,2102002,18655,0,709,0
35.04998707771301,211089,2099544,2104280,2102002,18655,0,709,0
35.06559705734253,211089,2099544,2104280,2102002,18655,0,709,0
35.08110499382019,211089,2099544,2104280,2102002,18655,0,709,0
35.096649169921875,211089,2099544,2104280,2102002,18655,0,709,0
35.112234115600586,211089,2099544,2104280,2102002,18655,0,709,0
35.12779402732849,211089,2099544,2104280,2102002,18655,0,709,0
35.14326310157776,211089,2099544,2104280,2102002,18655,0,709,0
35.15873599052429,211089,2099544,2104280,2102002,18655,0,709,0
35.17423605918884,211089,2099544,2104280,2102002,18655,0,709,0
35.18993616104126,211089,2099544,2104280,2102002,18655,0,709,0
35.205504179000854,211089,2099544,2104280,2102002,18655,0,709,0
35.22090005874634,211089,2099544,2104280,2102002,18655,0,709,0
35.23636198043823,211089,2099544,2104280,2102002,18655,0,709,0
35.251883029937744,211089,2099544,2104280,2102002,18655,0,709,0
35.26783299446106,211089,2099544,2104280,2102002,18655,0,709,0
35.28355002403259,211089,2099544,2104280,2102002,18655,0,709,0
35.29900908470154,211089,2099544,2104280,2102002,18655,0,709,0
35.31456899642944,211089,2099544,2104280,2102002,18655,0,709,0
35.32993817329407,211089,2099544,2104280,2102002,18655,0,709,0
35.345396995544434,211089,2099544,2104280,2102002,18655,0,709,0
35.360897064208984,211089,2099544,2104280,2102002,18655,0,709,0
35.376344203948975,211089,2099544,2104280,2102002,18655,0,709,0
35.391847133636475,211089,2099544,2104280,2102002,18655,0,709,0
35.40791606903076,211089,2099544,2104280,2102002,18655,0,709,0
35.42349815368652,211089,2099544,2106328,2102002,18655,0,709,0
35.439120054244995,211089,2107736,2114520,2110194,18659,0,709,0
35.454456090927124,211089,2115928,2122712,2118386,18663,0,709,0
35.469956159591675,211089,2124120,2128856,2126578,18667,0,709,0
35.48538899421692,211089,2126168,2130904,2128626,18668,0,709,0
35.5007381439209,211089,2126168,2130904,2128626,18668,0,709,0
35.51611113548279,211089,2126168,2130904,2128626,18668,0,709,0
35.53139305114746,211089,2126168,2130904,2128626,18668,0,709,0
35.54673719406128,211089,2126168,2130904,2128626,18668,0,709,0
35.561973094940186,211089,2126168,2130904,2128626,18668,0,709,0
35.5772020816803,211089,2126168,2130904,2128626,18668,0,709,0
35.59285116195679,211089,2126168,2130904,2128626,18668,0,709,0
35.60835909843445,211089,2126168,2130904,2128626,18668,0,709,0
35.62388610839844,211089,2126168,2130904,2128626,18668,0,709,0
35.63934016227722,211089,2126168,2130904,2128626,18668,0,709,0
35.65491604804993,211089,2126168,2130904,2128626,18668,0,709,0
35.6706280708313,211089,2126168,2130904,2128626,18668,0,709,0
35.68641901016235,211089,2126168,2130904,2128626,18668,0,709,0
35.70182704925537,211089,2126168,2130904,2128626,18668,0,709,0
35.71614599227905,211089,2126168,2130904,2128626,18668,0,709,0
35.731375217437744,211089,2126168,2130904,2128626,18668,0,709,0
35.74699115753174,211089,2126168,2130904,2128626,18668,0,709,0
35.76254916191101,211089,2126168,2130904,2128626,18668,0,709,0
35.7779541015625,211089,2126168,2130904,2128626,18668,0,709,0
35.79341101646423,211089,2126168,2130904,2128626,18668,0,709,0
35.80889010429382,211089,2126168,2130904,2128626,18668,0,709,0
35.824284076690674,211089,2126168,2130904,2128626,18668,0,709,0
35.83968901634216,211089,2126168,2130904,2128626,18668,0,709,0
35.8552610874176,211089,2126168,2130904,2128626,18668,0,709,0
35.87091112136841,211089,2126168,2130904,2128626,18668,0,709,0
35.88688015937805,211089,2126168,2130904,2128626,18668,0,709,0
35.90272903442383,211089,2126168,2130904,2128626,18668,0,709,0
35.918092012405396,211089,2126168,2130904,2128626,18668,0,709,0
35.93340516090393,211089,2126168,2130904,2128626,18668,0,709,0
35.948827028274536,211089,2126168,2130904,2128626,18668,0,709,0
35.964150190353394,211089,2126168,2130904,2128626,18668,0,709,0
35.979326009750366,211089,2126168,2130904,2128626,18668,0,709,0
35.994616985321045,211089,2126168,2130904,2128626,18668,0,709,0
36.00987100601196,211089,2126168,2130904,2128626,18668,0,709,0
36.02541899681091,211089,2126168,2130904,2128626,18668,0,709,0
36.040874004364014,211089,2126168,2130904,2128626,18668,0,709,0
36.05648612976074,211089,2126168,2130904,2128626,18668,0,709,0
36.07196116447449,211089,2126168,2130904,2128626,18668,0,709,0
36.087499141693115,211089,2126168,2130904,2128626,18668,0,709,0
36.102933168411255,211089,2126168,2130904,2128626,18668,0,709,0
36.118502140045166,211089,2126168,2130904,2128626,18668,0,709,0
36.1339271068573,211089,2126168,2130904,2128626,18668,0,709,0
36.14940309524536,211089,2126168,2130904,2128626,18668,0,709,0
36.16489601135254,211089,2126168,2130904,2128626,18668,0,709,0
36.18024706840515,211089,2126168,2130904,2128626,18668,0,709,0
36.19590616226196,211089,2126168,2130904,2128626,18668,0,709,0
36.211405992507935,211089,2126168,2130904,2128626,18668,0,709,0
36.22709512710571,211089,2126168,2130904,2128626,18668,0,709,0
36.242645025253296,211089,2126168,2130904,2128626,18668,0,709,0
36.25810718536377,211089,2126168,2130904,2128626,18668,0,709,0
36.27372097969055,211089,2126168,2130904,2128626,18668,0,709,0
36.28929805755615,211089,2126168,2130904,2128626,18668,0,709,0
36.30487012863159,211089,2126168,2130904,2128626,18668,0,709,0
36.32052707672119,211089,2126168,2130904,2128626,18668,0,709,0
36.3361132144928,211089,2126168,2130904,2128626,18668,0,709,0
36.3516480922699,211089,2126168,2130904,2128626,18668,0,709,0
36.3673632144928,211089,2126168,2130904,2128626,18668,0,709,0
36.38340711593628,211089,2126168,2130904,2128626,18668,0,709,0
36.398948192596436,211089,2126168,2130904,2128626,18668,0,709,0
36.4144082069397,211089,2126168,2130904,2128626,18668,0,709,0
36.42995810508728,211089,2126168,2130904,2128626,18668,0,709,0
36.445582151412964,211089,2126168,2130904,2128626,18668,0,709,0
36.461217164993286,211089,2126168,2130904,2128626,18668,0,709,0
36.47687220573425,211089,2126168,2130904,2128626,18668,0,709,0
36.49247598648071,211089,2126168,2130904,2128626,18668,0,709,0
36.50802302360535,211089,2126168,2130904,2128626,18668,0,709,0
36.52363920211792,211089,2126168,2130904,2128626,18668,0,709,0
36.53920102119446,211089,2126168,2130904,2128626,18668,0,709,0
36.55478620529175,211089,2126168,2130904,2128626,18668,0,709,0
36.570351123809814,211089,2126168,2130904,2128626,18668,0,709,0
36.58592414855957,211089,2126168,2130904,2128626,18668,0,709,0
36.60130310058594,211089,2126168,2130904,2128626,18668,0,709,0
36.61694312095642,211089,2126168,2130904,2128626,18668,0,709,0
36.632392168045044,211089,2126168,2130904,2128626,18668,0,709,0
36.64777612686157,211089,2126168,2130904,2128626,18668,0,709,0
36.66319298744202,211089,2126168,2130904,2128626,18668,0,709,0
36.67873501777649,211089,2126168,2130904,2128626,18668,0,709,0
36.69413614273071,211089,2126168,2130904,2128626,18668,0,709,0
36.709657192230225,211089,1843544,1848280,1846002,18668,0,704,0
36.72537803649902,211089,1845592,1850328,1848050,18669,0,704,0
36.74090218544006,211089,1845592,1850328,1848050,18669,0,704,0
36.75661110877991,211089,1845592,1850328,1848050,18669,0,704,0
36.77222418785095,211089,1845592,1850328,1848050,18669,0,704,0
36.78784704208374,211089,1845592,1850328,1848050,18669,0,704,0
36.80339002609253,211089,1845592,1850328,1848050,18669,0,704,0
36.818907022476196,211089,1853784,1858520,1856242,18673,0,704,0
36.83456611633301,211089,1861976,1866712,1864434,18677,0,704,0
36.85002899169922,211089,1870168,1874904,1872626,18681,0,704,0
36.86564016342163,211089,1878360,1883096,1880818,18685,0,704,0
36.88126015663147,211089,1886552,1891288,1889010,18689,0,704,0
36.8968300819397,211089,1894744,1899480,1897202,18693,0,704,0
36.91247320175171,211089,1902936,1907672,1905394,18697,0,705,0
36.9283230304718,211089,1911128,1915864,1913586,18700,0,705,0
36.9440062046051,211089,1919320,1924056,1921778,18704,0,705,0
36.95956611633301,211089,1925464,1932248,1927922,18708,0,705,0
36.97513818740845,211089,1931608,1938392,1934066,18711,0,706,0
36.990591049194336,211089,1939800,1946584,1942258,18715,0,706,0
37.00614809989929,211089,1947992,1954776,1950450,18719,0,706,0
37.02166700363159,211089,1956184,1960920,1958642,18723,0,706,0
37.037211179733276,211089,1964376,1969112,1966834,18727,0,706,0
37.052523136138916,211089,1972568,1977304,1975026,18731,0,706,0
37.06787919998169,211089,1980760,1985496,1983218,18735,0,706,0
37.083123207092285,211089,1988952,1993688,1991410,18739,0,706,0
37.09859800338745,211089,1997144,2001880,1999602,18743,0,707,0
37.11399698257446,211089,2005336,2010072,2007794,18747,0,707,0
37.12985301017761,211089,2013528,2018264,2015986,18751,0,707,0
37.14570999145508,211089,2021720,2026456,2024178,18755,0,707,0
37.16123604774475,211089,2029912,2034648,2032370,18759,0,708,0
37.17687511444092,211089,2038104,2042840,2040562,18762,0,708,0
37.19250798225403,211089,2046296,2051032,2048754,18766,0,708,0
37.208110094070435,211089,2054488,2059224,2056946,18770,0,708,0
37.22370004653931,211089,2060632,2067416,2063090,18774,0,708,0
37.23933219909668,211089,2068824,2075608,2071282,18778,0,708,0
37.25515604019165,211089,2077016,2083800,2079474,18782,0,708,0
37.27071809768677,211089,2085208,2091992,2087666,18786,0,708,0
37.28621315956116,211089,2093400,2098136,2095858,18790,0,708,0
37.30193114280701,211089,2101592,2106328,2104050,18794,0,709,0
37.31749606132507,211089,2109784,2114520,2112242,18798,0,709,0
37.33321213722229,211089,2117976,2122712,2120434,18802,0,709,0
37.348873138427734,211089,2126168,2130904,2128626,18806,0,709,0
37.36450910568237,211089,2134360,2139096,2136818,18810,0,710,0
37.380046129226685,211089,2142552,2147288,2145010,18814,0,710,0
37.395541191101074,211089,2150744,2155480,2153202,18818,0,710,0
37.41100215911865,211089,2158936,2163672,2161394,18822,0,710,0
37.42665219306946,211089,2167128,2171864,2169586,18826,0,710,0
37.44210910797119,211089,2175320,2180056,2177778,18829,0,710,0
37.457651138305664,211089,2183512,2188248,2185970,18833,0,710,0
37.47312307357788,211089,2189656,2196440,2192114,18837,0,710,0
37.48863911628723,211089,2197848,2204632,2200306,18841,0,711,0
37.504152059555054,211089,2206040,2212824,2208498,18845,0,711,0
37.519623041152954,211089,2214232,2218968,2216690,18849,0,711,0
37.53516411781311,211089,2222424,2227160,2224882,18853,0,711,0
37.55112409591675,211089,2230616,2235352,2233074,18857,0,712,0
37.56688117980957,211089,2238808,2243544,2241266,18861,0,712,0
37.58255100250244,211089,2247000,2251736,2249458,18865,0,712,0
37.59820318222046,211089,2255192,2259928,2257650,18869,0,712,0
37.61385703086853,211089,2263384,2268120,2265842,18873,0,712,0
37.6293740272522,211089,2271576,2276312,2274034,18877,0,712,0
37.64497399330139,211089,2279768,2284504,2282226,18881,0,712,0
37.660585165023804,211089,2287960,2292696,2290418,18885,0,712,0
37.676011085510254,211089,2296152,2300888,2298610,18888,0,713,0
37.691604137420654,211089,2304344,2309080,2306802,18892,0,713,0
37.707115173339844,211089,2312536,2317272,2314994,18896,0,713,0
37.72277212142944,211089,2320728,2325464,2323186,18900,0,713,0
37.73836708068848,211089,2326872,2333656,2329330,18904,0,714,0
37.754016160964966,211089,2335064,2341848,2337522,18908,0,714,0
37.769856214523315,211089,2343256,2350040,2345714,18912,0,714,0
37.785629987716675,211089,2351448,2358232,2353906,18916,0,714,0
37.80152416229248,211089,2359640,2366424,2362098,18920,0,714,0
37.817222118377686,211089,2367832,2374616,2370290,18924,0,714,0
37.83291721343994,211089,2376024,2380760,2378482,18928,0,714,0
37.84860610961914,211089,2384216,2388952,2386674,18932,0,714,0
37.864275217056274,211089,2392408,2397144,2394866,18936,0,715,0
37.879976987838745,211089,2400600,2405336,2403058,18940,0,715,0
37.89561915397644,211089,2408792,2413528,2411250,18944,0,715,0
37.911214113235474,211089,2416984,2421720,2419442,18948,0,715,0
37.92691612243652,211089,2425176,2429912,2427634,18952,0,716,0
37.94258403778076,211089,2433368,2438104,2435826,18956,0,716,0
37.95809507369995,211089,2441560,2446296,2444018,18960,0,716,0
37.97386121749878,211089,2449752,2454488,2452210,18964,0,716,0
37.989500999450684,211089,2457944,2462680,2460402,18968,0,716,0
38.00503611564636,211089,2466136,2470872,2468594,18972,0,716,0
38.020737171173096,211089,2474328,2479064,2476786,18976,0,716,0
38.03634214401245,211089,2482520,2487256,2484978,18979,0,716,0
38.0519700050354,211089,2490712,2495448,2493170,18983,0,717,0
38.06762099266052,211089,2498904,2503640,2501362,18987,0,717,0
38.083178997039795,211089,2505048,2511832,2507506,18991,0,717,0
38.09871506690979,211089,2513240,2520024,2515698,18995,0,717,0
38.11432409286499,211089,2521432,2526168,2523890,18999,0,718,0
38.12991809844971,211089,2529624,2534360,2532082,19003,0,718,0
38.14562106132507,211089,2537816,2542552,2540274,19007,0,718,0
38.16121816635132,211089,2546008,2550744,2548466,19011,0,718,0
38.17724013328552,211089,2554200,2558936,2556658,19015,0,718,0
38.192952156066895,211089,2560344,2565080,2562802,19018,0,718,0
38.208394050598145,211089,2568536,2573272,2570994,19022,0,718,0
38.22400403022766,211089,2576728,2581464,2579186,19026,0,718,0
38.23953104019165,211089,2584920,2589656,2587378,19030,0,718,0
38.255237102508545,211089,2593112,2597848,2595570,19034,0,719,0
38.27087116241455,211089,2601304,2606040,2603762,19038,0,719,0
38.28658413887024,211089,2609496,2614232,2611954,19042,0,719,0
38.30218005180359,211089,2617688,2622424,2620146,19046,0,719,0
38.31778120994568,211089,2625880,2630616,2628338,19050,0,720,0
38.33396601676941,211089,2634072,2638808,2636530,19054,0,720,0
38.349570989608765,211089,2642264,2647000,2644722,19058,0,720,0
38.36518621444702,211089,2650456,2655192,2652914,19061,0,720,0
38.38122510910034,211089,2658648,2663384,2661106,19065,0,720,0
38.39688014984131,211089,2666840,2671576,2669298,19069,0,720,0
38.412514209747314,211089,2675032,2679768,2677490,19073,0,720,0
38.42799711227417,211089,2681176,2687960,2683634,19077,0,720,0
38.443655014038086,211089,2689368,2696152,2691826,19081,0,721,0
38.45924520492554,211089,2697560,2702296,2700018,19085,0,721,0
38.47492718696594,211089,2705752,2710488,2708210,19089,0,721,0
38.490610122680664,211089,2713944,2718680,2716402,19093,0,721,0
38.506134033203125,211089,2722136,2726872,2724594,19097,0,722,0
38.52160906791687,211089,2730328,2735064,2732786,19101,0,722,0
38.53716707229614,211089,2738520,2743256,2740978,19105,0,722,0
38.552875995635986,211089,2746712,2751448,2749170,19109,0,722,0
38.56840205192566,211089,2754904,2759640,2757362,19113,0,722,0
38.58400917053223,211089,2763096,2767832,2765554,19117,0,722,0
38.59970998764038,211089,2771288,2776024,2773746,19121,0,722,0
38.6152880191803,211089,2779480,2784216,2781938,19125,0,722,0
38.63098621368408,211089,2787672,2792408,2790130,19128,0,723,0
38.64668321609497,211089,2795864,2800600,2798322,19132,0,723,0
38.66198921203613,211089,2804056,2808792,2806514,19136,0,723,0
38.67737913131714,211089,2812248,2816984,2814706,19140,0,723,0
38.69289803504944,211089,2820440,2825176,2822898,19144,0,724,0
38.70849108695984,211089,2826584,2833368,2829042,19148,0,724,0
38.72412919998169,211089,2830680,2835416,2833138,19150,0,724,0
38.73956298828125,211089,2830680,2835416,2833138,19150,0,724,0
38.75488018989563,211089,2560344,2565080,2562802,19150,0,718,0
38.770265102386475,211089,2560344,2565080,2562802,19150,0,718,0
38.78576111793518,211089,2560344,2565080,2562802,19150,0,718,0
38.801823139190674,211089,2560344,2565080,2562802,19150,0,718,0
38.81740403175354,211089,2560344,2565080,2562802,19150,0,718,0
38.832831144332886,211089,2560344,2565080,2562802,19150,0,718,0
38.84825420379639,211089,2560344,2565080,2562802,19150,0,718,0
38.863686084747314,211089,2560344,2565080,2562802,19150,0,718,0
38.87888813018799,211089,2560344,2565080,2562802,19150,0,718,0
38.89451217651367,211089,2560344,2565080,2562802,19150,0,718,0
38.90979719161987,211089,2560344,2565080,2562802,19150,0,718,0
38.92520713806152,211089,2560344,2565080,2562802,19150,0,718,0
38.94072604179382,211089,2560344,2565080,2562802,19150,0,718,0
38.9559051990509,211089,2560344,2565080,2562802,19150,0,718,0
38.971323013305664,211089,2560344,2565080,2562802,19150,0,718,0
38.986640214920044,211089,2560344,2565080,2562802,19150,0,718,0
39.002273082733154,211089,2560344,2565080,2562802,19150,0,718,0
39.01800203323364,211089,2560344,2565080,2562802,19150,0,718,0
39.03352212905884,211089,2560344,2565080,2562802,19150,0,718,0
39.04878115653992,211089,2560344,2565080,2562802,19150,0,718,0
39.06383919715881,211089,2560344,2565080,2562802,19150,0,718,0
39.078914165496826,211089,2560344,2565080,2562802,19150,0,718,0
39.09410905838013,211089,2560344,2565080,2562802,19150,0,718,0
39.10970211029053,211089,2560344,2565080,2562802,19150,0,718,0
39.12480711936951,211089,2560344,2565080,2562802,19150,0,718,0
39.13996410369873,211089,2560344,2565080,2562802,19150,0,718,0
39.155341148376465,211089,2560344,2565080,2562802,19150,0,718,0
39.170624017715454,211089,2560344,2565080,2562802,19150,0,718,0
39.18582010269165,211089,2560344,2565080,2562802,19150,0,718,0
39.20120120048523,211089,2560344,2565080,2562802,19150,0,718,0
39.216867208480835,211089,2560344,2565080,2562802,19150,0,718,0
39.23236012458801,211089,2560344,2565080,2562802,19150,0,718,0
39.2476761341095,211089,2560344,2565080,2562802,19150,0,718,0
39.263286113739014,211089,2560344,2565080,2562802,19150,0,718,0
39.278603076934814,211089,2560344,2565080,2562802,19150,0,718,0
39.29381012916565,211089,2560344,2565080,2562802,19150,0,718,0
39.31197118759155,211089,2560344,2565080,2562802,19150,0,718,0
39.327354192733765,211089,2560344,2565080,2562802,19150,0,718,0
39.342663049697876,211089,2560344,2565080,2562802,19150,0,718,0
39.35798621177673,211089,2560344,2565080,2562802,19150,0,718,0
39.37338900566101,211089,2560344,2565080,2562802,19150,0,718,0
39.38868498802185,211089,2560344,2565080,2562802,19150,0,718,0
39.403964042663574,211089,2560344,2565080,2562802,19150,0,718,0
39.41935420036316,211089,2560344,2565080,2562802,19150,0,718,0
39.434948205947876,211089,2560344,2565080,2562802,19150,0,718,0
39.45021605491638,211089,2560344,2565080,2562802,19150,0,718,0
39.46552014350891,211089,2560344,2565080,2562802,19150,0,718,0
39.48068118095398,211089,2560344,2565080,2562802,19150,0,718,0
39.495771169662476,211089,2560344,2565080,2562802,19150,0,718,0
39.51134419441223,211089,2560344,2565080,2562802,19150,0,718,0
39.52670407295227,211089,2560344,2565080,2562802,19150,0,718,0
39.54179406166077,211089,2560344,2565080,2562802,19150,0,718,0
39.556955099105835,211089,2560344,2565080,2562802,19150,0,718,0
39.5721001625061,211089,2560344,2565080,2562802,19150,0,718,0
39.58741617202759,211089,2560344,2565080,2562802,19150,0,718,0
39.60265398025513,211089,2560344,2565080,2562802,19150,0,718,0
39.617902994155884,211089,2560344,2565080,2562802,19150,0,718,0
39.633809089660645,211089,2560344,2565080,2562802,19150,0,718,0
39.64902710914612,211089,2560344,2565080,2562802,19150,0,718,0
39.66454601287842,211089,2560344,2565080,2562802,19150,0,718,0
39.67981314659119,211089,2560344,2565080,2562802,19150,0,718,0
39.69526720046997,211089,2560344,2565080,2562802,19150,0,718,0
39.710668087005615,211089,2560344,2565080,2562802,19150,0,718,0
39.725993156433105,211089,2560344,2565080,2562802,19150,0,718,0
39.741584062576294,211089,2560344,2565080,2562802,19150,0,718,0
39.75678014755249,211089,2560344,2565080,2562802,19150,0,718,0
39.77197813987732,211089,2560344,2565080,2562802,19150,0,718,0
39.78741002082825,211089,2560344,2565080,2562802,19150,0,718,0
39.802627086639404,211089,2560344,2565080,2562802,19150,0,718,0
39.81784510612488,211089,2560344,2565080,2562802,19150,0,718,0
39.83335518836975,211089,2560344,2565080,2562802,19150,0,718,0
39.848976135253906,211089,2560344,2565080,2562802,19150,0,718,0
39.86436104774475,211089,2560344,2565080,2562802,19150,0,718,0
39.87965703010559,211089,2560344,2565080,2562802,19150,0,718,0
39.89484214782715,211089,2560344,2565080,2562802,19150,0,718,0
39.91020202636719,211089,2560344,2565080,2562802,19150,0,718,0
39.9256432056427,211089,2560344,2565080,2562802,19150,0,718,0
39.94095420837402,211089,2560344,2565080,2562802,19150,0,718,0
39.95606303215027,211089,2560344,2565080,2562802,19150,0,718,0
39.971609115600586,211089,2560344,2565080,2562802,19150,0,718,0
39.98679518699646,211089,2560344,2565080,2562802,19150,0,718,0
40.00226306915283,211089,2560344,2565080,2562802,19150,0,718,0
40.017619132995605,211089,2560344,2565080,2562802,19150,0,718,0
40.03281116485596,211089,2560344,2565080,2562802,19150,0,718,0
40.04861903190613,211089,2560344,2565080,2562802,19150,0,718,0
40.06395220756531,211089,2560344,2565080,2562802,19150,0,718,0
40.07935118675232,211089,2560344,2565080,2562802,19150,0,718,0
40.09458303451538,211089,2560344,2565080,2562802,19150,0,718,0
40.109955072402954,211089,2560344,2565080,2562802,19150,0,718,0
40.125406980514526,211089,2560344,2565080,2562802,19150,0,718,0
40.14075303077698,211089,2560344,2565080,2562802,19150,0,718,0
40.15628004074097,211089,2560344,2565080,2562802,19150,0,718,0
40.1716411113739,211089,2560344,2565080,2562802,19150,0,718,0
40.187241077423096,211089,2560344,2565080,2562802,19150,0,718,0
40.20263719558716,211089,2560344,2565080,2562802,19150,0,718,0
40.21786713600159,211089,2560344,2565080,2562802,19150,0,718,0
40.23334312438965,211089,2560344,2565080,2562802,19150,0,718,0
40.24865007400513,211089,2560344,2565080,2562802,19150,0,718,0
40.267417192459106,211089,2560344,2565080,2562802,19150,0,718,0
40.282700061798096,211089,2560344,2565080,2562802,19150,0,718,0
40.297810077667236,211089,2560344,2565080,2562802,19150,0,718,0
40.313271045684814,211089,2560344,2565080,2562802,19150,0,718,0
40.32902717590332,211089,2560344,2565080,2562802,19150,0,718,0
40.3445680141449,211089,2560344,2565080,2562802,19150,0,718,0
40.35987210273743,211089,2560344,2565080,2562802,19150,0,718,0
40.37532615661621,211089,2560344,2565080,2562802,19150,0,718,0
40.390645027160645,211089,2560344,2565080,2562802,19150,0,718,0
40.40585017204285,211089,2560344,2565080,2562802,19150,0,718,0
40.421282052993774,211089,2560344,2565080,2562802,19150,0,718,0
40.436721086502075,211089,2560344,2565080,2562802,19150,0,718,0
40.45231509208679,211089,2560344,2565080,2562802,19150,0,718,0
40.46762418746948,211089,2560344,2565080,2562802,19150,0,718,0
40.48283410072327,211089,2560344,2565080,2562802,19150,0,718,0
40.498229026794434,211089,2560344,2565080,2562802,19150,0,718,0
40.51367115974426,211089,2560344,2565080,2562802,19150,0,718,0
40.529022216796875,211089,2560344,2565080,2562802,19150,0,718,0
40.54461121559143,211089,2560344,2565080,2562802,19150,0,718,0
40.55988907814026,211089,2560344,2565080,2562802,19150,0,718,0
40.57525610923767,211089,2560344,2565080,2562802,19150,0,718,0
40.59063911437988,211089,2560344,2565080,2562802,19150,0,718,0
40.60576319694519,211089,2560344,2565080,2562802,19150,0,718,0
40.62086510658264,211089,2560344,2565080,2562802,19150,0,718,0
40.63658618927002,211089,2560344,2565080,2562802,19150,0,718,0
40.65202307701111,211089,2560344,2565080,2562802,19150,0,718,0
40.66750121116638,211089,2560344,2565080,2562802,19150,0,718,0
40.683003187179565,211089,2560344,2565080,2562802,19150,0,718,0
40.6984121799469,211089,2560344,2565080,2562802,19150,0,718,0
40.71371912956238,211089,2560344,2565080,2562802,19150,0,718,0
40.72896409034729,211089,2560344,2565080,2562802,19150,0,718,0
40.7443962097168,211089,2560344,2565080,2562802,19150,0,718,0
40.75968909263611,211089,2560344,2565080,2562802,19150,0,718,0
40.774779081344604,211089,2560344,2565080,2562802,19150,0,718,0
40.78982400894165,211089,2560344,2565080,2562802,19150,0,718,0
40.804853200912476,211089,2175320,2180056,2177778,19150,0,710,0
40.820314168930054,211089,2175320,2180056,2177778,19150,0,710,0
40.83578419685364,211089,2175320,2180056,2177778,19150,0,710,0
40.851269006729126,211089,2175320,2180056,2177778,19150,0,710,0
40.86670804023743,211089,2175320,2180056,2177778,19150,0,710,0
40.88198399543762,211089,2175320,2180056,2177778,19150,0,710,0
40.89744710922241,211089,2175320,2180056,2177778,19150,0,710,0
40.912692070007324,211089,2175320,2180056,2177778,19150,0,710,0
40.92782998085022,211089,2175320,2180056,2177778,19150,0,710,0
40.943358182907104,211089,2175320,2180056,2177778,19150,0,710,0
40.95866799354553,211089,2175320,2180056,2177778,19150,0,710,0
40.97384810447693,211089,2175320,2180056,2177778,19150,0,710,0
40.989279985427856,211089,2175320,2180056,2177778,19150,0,710,0
41.00460720062256,211089,2175320,2180056,2177778,19150,0,710,0
41.019713163375854,211089,2175320,2180056,2177778,19150,0,710,0
41.034929037094116,211089,2175320,2180056,2177778,19150,0,710,0
41.0505850315094,211089,2175320,2180056,2177778,19150,0,710,0
41.06581711769104,211089,2175320,2180056,2177778,19150,0,710,0
41.081207036972046,211089,2175320,2180056,2177778,19150,0,710,0
41.09658408164978,211089,2175320,2180056,2177778,19150,0,710,0
41.111990213394165,211089,2175320,2180056,2177778,19150,0,710,0
41.12736201286316,211089,2175320,2180056,2177778,19150,0,710,0
41.14277505874634,211089,2175320,2180056,2177778,19150,0,710,0
41.15800499916077,211089,2175320,2180056,2177778,19150,0,710,0
41.17355513572693,211089,2175320,2180056,2177778,19150,0,710,0
41.18873906135559,211089,2175320,2180056,2177778,19150,0,710,0
41.20385003089905,211089,2175320,2180056,2177778,19150,0,710,0
41.219290018081665,211089,2175320,2180056,2177778,19150,0,710,0
41.23472309112549,211089,2175320,2180056,2177778,19150,0,710,0
41.24987721443176,211089,2175320,2180056,2177778,19150,0,710,0
41.265183210372925,211089,2175320,2180056,2177778,19150,0,710,0
41.28048610687256,211089,2175320,2180056,2177778,19150,0,710,0
41.29622411727905,211089,2175320,2180056,2177778,19150,0,710,0
41.31161618232727,211089,2175320,2180056,2177778,19150,0,710,0
41.327702045440674,211089,2175320,2180056,2177778,19150,0,710,0
41.34288215637207,211089,2175320,2180056,2177778,19150,0,710,0
41.35846710205078,211089,2175320,2180056,2177778,19150,0,710,0
41.3737051486969,211089,2175320,2180056,2177778,19150,0,710,0
41.38889408111572,211089,2175320,2180056,2177778,19150,0,710,0
41.404654026031494,211089,2175320,2180056,2177778,19150,0,710,0
41.41984510421753,211089,2175320,2180056,2177778,19150,0,710,0
41.435394048690796,211089,2175320,2180056,2177778,19150,0,710,0
41.450664043426514,211089,2175320,2180056,2177778,19150,0,710,0
41.46587014198303,211089,2175320,2180056,2177778,19150,0,710,0
41.481391191482544,211089,2175320,2180056,2177778,19150,0,710,0
41.496745109558105,211089,2175320,2180056,2177778,19150,0,710,0
41.512726068496704,211089,2175320,2180056,2177778,19150,0,710,0
41.52793216705322,211089,2175320,2180056,2177778,19150,0,710,0
41.543339014053345,211089,2175320,2180056,2177778,19150,0,710,0
41.5588161945343,211089,2175320,2180056,2177778,19150,0,710,0
41.5739631652832,211089,2175320,2180056,2177778,19150,0,710,0
41.589333057403564,211089,2175320,2180056,2177778,19150,0,710,0
41.60466718673706,211089,2175320,2180056,2177778,19150,0,710,0
41.619962215423584,211089,2175320,2180056,2177778,19150,0,710,0
41.635364055633545,211089,2175320,2180056,2177778,19150,0,710,0
41.65064311027527,211089,2175320,2180056,2177778,19150,0,710,0
41.66619420051575,211089,2175320,2180056,2177778,19150,0,710,0
41.68162417411804,211089,2175320,2180056,2177778,19150,0,710,0
41.696857213974,211089,2175320,2180056,2177778,19150,0,710,0
41.71265411376953,211089,2175320,2180056,2177778,19150,0,710,0
41.727952003479004,211089,2175320,2180056,2177778,19150,0,710,0
41.74330711364746,211089,2175320,2180056,2177778,19150,0,710,0
41.75866103172302,211089,2175320,2180056,2177778,19150,0,710,0
41.77392101287842,211089,2175320,2180056,2177778,19150,0,710,0
41.78928303718567,211089,2175320,2180056,2177778,19150,0,710,0
41.8046441078186,211089,2175320,2180056,2177778,19150,0,710,0
41.81999897956848,211089,2175320,2180056,2177778,19150,0,710,0
41.835432052612305,211089,2175320,2180056,2177778,19150,0,710,0
41.8516480922699,211089,2175320,2180056,2177778,19150,0,710,0
41.866825103759766,211089,2175320,2180056,2177778,19150,0,710,0
41.882259130477905,211089,2175320,2180056,2177778,19150,0,710,0
41.89757704734802,211089,2175320,2180056,2177778,19150,0,710,0
41.912681102752686,211089,2175320,2180056,2177778,19150,0,710,0
41.928354024887085,211089,2175320,2180056,2177778,19150,0,710,0
41.94363713264465,211089,2175320,2180056,2177778,19150,0,710,0
41.95880317687988,211089,2175320,2180056,2177778,19150,0,710,0
41.97419214248657,211089,2175320,2180056,2177778,19150,0,710,0
41.989405155181885,211089,2175320,2180056,2177778,19150,0,710,0
42.00467109680176,211089,2175320,2180056,2177778,19150,0,710,0
42.0199019908905,211089,2175320,2180056,2177778,19150,0,710,0
42.03539419174194,211089,2175320,2180056,2177778,19150,0,710,0
42.05063605308533,211089,2175320,2180056,2177778,19150,0,710,0
42.06597399711609,211089,2175320,2180056,2177778,19150,0,710,0
42.08125114440918,211089,2175320,2180056,2177778,19150,0,710,0
42.096819162368774,211089,2175320,2180056,2177778,19150,0,710,0
42.11272311210632,211089,2175320,2180056,2177778,19150,0,710,0
42.12799620628357,211089,2175320,2180056,2177778,19150,0,710,0
42.14337611198425,211089,2175320,2180056,2177778,19150,0,710,0
42.158671140670776,211089,2175320,2180056,2177778,19150,0,710,0
42.17383813858032,211089,2175320,2180056,2177778,19150,0,710,0
42.189210176467896,211089,2175320,2180056,2177778,19150,0,710,0
42.205517053604126,211089,2175320,2180056,2177778,19150,0,710,0
42.220903158187866,211089,2175320,2180056,2177778,19150,0,710,0
42.23621606826782,211089,2175320,2180056,2177778,19150,0,710,0
42.25166606903076,211089,2175320,2180056,2177778,19150,0,710,0
42.266911029815674,211089,2175320,2180056,2177778,19150,0,710,0
42.28266501426697,211089,2175320,2180056,2177778,19150,0,710,0
42.297845125198364,211089,2175320,2180056,2177778,19150,0,710,0
42.31334710121155,211089,2175320,2180056,2177778,19150,0,710,0
42.32868218421936,211089,2175320,2180056,2177778,19150,0,710,0
42.34398603439331,211089,2175320,2180056,2177778,19150,0,710,0
42.35946202278137,211089,2175320,2180056,2177778,19150,0,710,0
42.37494111061096,211089,2175320,2180056,2177778,19150,0,710,0
42.39028716087341,211089,2175320,2180056,2177778,19150,0,710,0
42.4056510925293,211089,2175320,2180056,2177778,19150,0,710,0
42.420884132385254,211089,2175320,2180056,2177778,19150,0,710,0
42.43622803688049,211089,2175320,2180056,2177778,19150,0,710,0
42.4516761302948,211089,2175320,2180056,2177778,19150,0,710,0
42.46695613861084,211089,2175320,2180056,2177778,19150,0,710,0
42.48233103752136,211089,2175320,2180056,2177778,19150,0,710,0
42.497618198394775,211089,2175324,2180056,2177782,19151,0,710,0
42.512898206710815,211089,2175384,2180056,2177842,19151,0,710,0
42.52863311767578,211089,2175384,2180056,2177842,19166,0,710,0
42.54464411735535,211089,2175384,2180056,2177842,19166,0,710,0
42.560348987579346,211089,2175384,2180056,2177842,19166,0,710,0
42.5758101940155,211089,2175384,2180056,2177842,19166,0,710,0
42.59129309654236,211089,2175384,2180056,2177842,19166,0,710,0
42.60669302940369,211089,2175384,2180056,2177842,19166,0,710,0
42.621968030929565,211089,2175384,2180056,2177842,19166,0,710,0
42.63754320144653,211089,2175384,2180056,2177842,19166,0,710,0
42.652767181396484,211089,2175384,2180056,2177842,19166,0,710,0
42.66796517372131,211089,2175384,2180056,2177842,19166,0,710,0
42.68310904502869,211089,2175384,2180056,2177842,19166,0,710,0
42.698320150375366,211089,2175384,2180056,2177842,19166,0,710,0
42.71367001533508,211089,2175384,2180056,2177842,19166,0,710,0
42.72886800765991,211089,2175384,2180056,2177842,19166,0,710,0
42.744434118270874,211089,2175384,2180056,2177842,19166,0,710,0
42.759958028793335,211089,2175384,2180056,2177842,19166,0,710,0
42.77555513381958,211089,2175384,2180056,2177842,19166,0,710,0
42.790773153305054,211089,2175384,2180056,2177842,19166,0,710,0
42.80589509010315,211089,2175384,2180056,2177842,19166,0,710,0
42.821062088012695,211089,2175384,2180056,2177842,19166,0,710,0
42.83641219139099,211089,2175384,2180056,2177842,19166,0,710,0
42.85173201560974,211089,1757592,1762328,1760050,19166,0,702,0
42.86727213859558,211089,1757592,1762328,1760050,19166,0,702,0
42.88282799720764,211089,1757592,1762328,1760050,19166,0,702,0
42.89838004112244,211089,1757592,1762328,1760050,19166,0,702,0
42.91391921043396,211089,1757592,1762328,1760050,19166,0,702,0
42.92945718765259,211089,1757592,1762328,1760050,19166,0,702,0
42.94498801231384,211089,1757592,1762328,1760050,19166,0,702,0
42.960915088653564,211089,1757592,1762328,1760050,19166,0,702,0
42.976667165756226,211089,1757592,1762328,1760050,19166,0,702,0
42.99219298362732,211089,1757592,1762328,1760050,19166,0,702,0
43.00763010978699,211089,1757592,1762328,1760050,19166,0,702,0
43.02299618721008,211089,1757592,1762328,1760050,19166,0,702,0
43.038511991500854,211089,1757592,1762328,1760050,19166,0,702,0
43.05391812324524,211089,1757592,1762328,1760050,19166,0,702,0
43.06936311721802,211089,1757592,1762328,1760050,19166,0,702,0
43.084959983825684,211089,1757592,1762328,1760050,19166,0,702,0
43.10052299499512,211089,1757592,1762328,1760050,19166,0,702,0
43.115967988967896,211089,1757592,1762328,1760050,19166,0,702,0
43.13149309158325,211089,1757592,1762328,1760050,19166,0,702,0
43.14700102806091,211089,1757592,1762328,1760050,19166,0,702,0
43.16264009475708,211089,1757592,1762328,1760050,19166,0,702,0
43.178390979766846,211089,1757592,1762328,1760050,19166,0,702,0
43.193968057632446,211089,1757592,1762328,1760050,19166,0,702,0
43.209540128707886,211089,1757592,1762328,1760050,19166,0,702,0
43.225197076797485,211089,1757592,1762328,1760050,19166,0,702,0
43.2407591342926,211089,1757592,1762328,1760050,19166,0,702,0
43.25632405281067,211089,1757592,1762328,1760050,19166,0,702,0
43.27182912826538,211089,1757592,1762328,1760050,19166,0,702,0
43.28731107711792,211089,1757592,1762328,1760050,19166,0,702,0
43.30273914337158,211089,1757592,1762328,1760050,19166,0,702,0
43.318233013153076,211089,1757592,1762328,1760050,19166,0,702,0
43.33372902870178,211089,1757592,1762328,1760050,19166,0,702,0
43.349098205566406,211089,1757592,1762328,1760050,19166,0,702,0
43.364681005477905,211089,1757592,1762328,1760050,19166,0,702,0
43.380598068237305,211089,1757592,1762328,1760050,19166,0,702,0
43.396220207214355,211089,1757592,1762328,1760050,19166,0,702,0
43.41195201873779,211089,1757600,1762328,1760058,19168,0,702,0
43.42752718925476,211089,1757600,1762328,1760058,19168,0,702,0
43.4431471824646,211089,1757600,1762328,1760058,19168,0,702,0
43.45862102508545,211089,1757600,1762328,1760058,19168,0,702,0
43.47406005859375,211089,1757600,1762328,1760058,19168,0,702,0
43.48967218399048,211089,1757600,1762328,1760058,19168,0,702,0
43.50516319274902,211089,1757600,1762328,1760058,19168,0,702,0
43.52072501182556,211089,1757600,1762328,1760058,19168,0,702,0
43.536248207092285,211089,1757600,1762328,1760058,19168,0,702,0
43.55177903175354,211089,1757600,1762328,1760058,19168,0,702,0
43.56735610961914,211089,1757600,1762328,1760058,19168,0,702,0
43.583160161972046,211089,1757600,1762328,1760058,19168,0,702,0
43.598751068115234,211089,1765792,1770528,1768250,19172,0,702,0
43.61448907852173,211089,1773984,1778720,1776442,19175,0,702,0
43.629868030548096,211089,1780128,1786912,1782586,19179,0,702,0
43.64519715309143,211089,1788320,1793056,1790778,19183,0,702,0
43.66040515899658,211089,1788320,1793056,1790778,19183,0,702,0
43.6757230758667,211089,1788320,1793056,1790778,19183,0,702,0
43.69089913368225,211089,1788320,1793056,1790778,19183,0,702,0
43.70667004585266,211089,1788320,1793056,1790778,19183,0,702,0
43.721954107284546,211089,1788320,1793056,1790778,19183,0,702,0
43.73721504211426,211089,1788320,1793056,1790778,19183,0,702,0
43.752790212631226,211089,1788320,1793056,1790778,19183,0,702,0
43.7681930065155,211089,1788320,1793056,1790778,19183,0,702,0
43.783746004104614,211089,1788320,1793056,1790778,19183,0,702,0
43.79964303970337,211089,1788320,1793056,1790778,19183,0,702,0
43.81529998779297,211089,1788320,1793056,1790778,19183,0,702,0
43.83095908164978,211089,1788320,1793056,1790778,19183,0,702,0
43.84658718109131,211089,1788320,1793056,1790778,19183,0,702,0
43.86223316192627,211089,1788320,1793056,1790778,19183,0,702,0
43.877883195877075,211089,1788320,1793056,1790778,19183,0,702,0
43.89335107803345,211089,1788320,1793056,1790778,19183,0,702,0
43.908815145492554,211089,1788320,1793056,1790778,19183,0,702,0
43.924450159072876,211089,1788320,1793056,1790778,19183,0,702,0
43.93997001647949,211089,1788320,1793056,1790778,19183,0,702,0
43.95560312271118,211089,1788320,1793056,1790778,19183,0,702,0
43.97105121612549,211089,1788320,1793056,1790778,19183,0,702,0
43.986698150634766,211089,1788320,1793056,1790778,19183,0,702,0
44.002737045288086,211089,1788320,1793056,1790778,19183,0,702,0
44.01837420463562,211089,1788320,1793056,1790778,19183,0,702,0
44.03396701812744,211089,1788320,1793056,1790778,19183,0,702,0
44.04949617385864,211089,1788320,1793056,1790778,19183,0,702,0
44.06494998931885,211089,1788320,1793056,1790778,19183,0,702,0
44.080504179000854,211089,1788320,1793056,1790778,19183,0,702,0
44.09599804878235,211089,1788320,1793056,1790778,19183,0,702,0
44.111652135849,211089,1788320,1793056,1790778,19183,0,702,0
44.127185106277466,211089,1788320,1793056,1790778,19183,0,702,0
44.14262318611145,211089,1788320,1793056,1790778,19183,0,702,0
44.15841317176819,211089,1788320,1793056,1790778,19183,0,702,0
44.17400312423706,211089,1788320,1793056,1790778,19183,0,702,0
44.1895911693573,211089,1788320,1793056,1790778,19183,0,702,0
44.205446004867554,211089,1788320,1793056,1790778,19183,0,702,0
44.22121500968933,211089,1788320,1793056,1790778,19183,0,702,0
44.2366201877594,211089,1788320,1793056,1790778,19183,0,702,0
44.25208020210266,211089,1788320,1793056,1790778,19183,0,702,0
44.26755404472351,211089,1788320,1793056,1790778,19183,0,702,0
44.283263206481934,211089,1788320,1793056,1790778,19183,0,702,0
44.29886507987976,211089,1788320,1793056,1790778,19183,0,702,0
44.31441020965576,211089,1788320,1793056,1790778,19183,0,702,0
44.32996320724487,211089,1788320,1793056,1790778,19183,0,702,0
44.34551405906677,211089,1788320,1793056,1790778,19183,0,702,0
44.36094307899475,211089,1788320,1793056,1790778,19183,0,702,0
44.37650203704834,211089,1788320,1793056,1790778,19183,0,702,0
44.39194416999817,211089,1788320,1793056,1790778,19183,0,702,0
44.40747308731079,211089,1788320,1793056,1790778,19183,0,702,0
44.42341709136963,211089,1788320,1793056,1790778,19183,0,702,0
44.438921213150024,211089,1788320,1793056,1790778,19183,0,702,0
44.45436906814575,211089,1788320,1793056,1790778,19183,0,702,0
44.46985101699829,211089,1788320,1793056,1790778,19183,0,702,0
44.485292196273804,211089,1788320,1793056,1790778,19183,0,702,0
44.50093102455139,211089,1788320,1793056,1790778,19183,0,702,0
44.516547203063965,211089,1788320,1793056,1790778,19183,0,702,0
44.531997203826904,211089,1788320,1793056,1790778,19183,0,702,0
44.5475971698761,211089,1788320,1793056,1790778,19183,0,702,0
44.56304621696472,211089,1788320,1793056,1790778,19183,0,702,0
44.57859921455383,211089,1788320,1793056,1790778,19183,0,702,0
44.59419012069702,211089,1788320,1793056,1790778,19183,0,702,0
44.60983204841614,211089,1788320,1793056,1790778,19183,0,702,0
44.62569999694824,211089,1788320,1793056,1790778,19183,0,702,0
44.641255140304565,211089,1788320,1793056,1790778,19183,0,702,0
44.65680503845215,211089,1788320,1793056,1790778,19183,0,702,0
44.672351121902466,211089,1788320,1793056,1790778,19183,0,702,0
44.687942028045654,211089,1788320,1793056,1790778,19183,0,702,0
44.70356607437134,211089,1788320,1793056,1790778,19183,0,702,0
44.719242095947266,211089,1788320,1793056,1790778,19183,0,702,0
44.73492908477783,211089,1788320,1793056,1790778,19183,0,702,0
44.75048899650574,211089,1788320,1793056,1790778,19183,0,702,0
44.76596808433533,211089,1788320,1793056,1790778,19183,0,702,0
44.78154015541077,211089,1788320,1793056,1790778,19183,0,702,0
44.797035217285156,211089,1788320,1793056,1790778,19183,0,702,0
44.81260704994202,211089,1788320,1793056,1790778,19183,0,702,0
44.82803821563721,211089,1788320,1793056,1790778,19183,0,702,0
44.843727111816406,211089,1788320,1793056,1790778,19183,0,702,0
44.859318017959595,211089,1788320,1793056,1790778,19183,0,702,0
44.87482213973999,211089,1788320,1793056,1790778,19183,0,702,0
44.890531063079834,211089,1788320,1793056,1790778,19183,0,702,0
44.905941009521484,211089,1745312,1750048,1747770,19185,0,702,0
44.92163920402527,211089,1753504,1758240,1755962,19189,0,702,0
44.93735408782959,211089,1761696,1766432,1764154,19193,0,702,0
44.95299005508423,211089,1769888,1774624,1772346,19197,0,702,0
44.96863603591919,211089,1778080,1782816,1780538,19200,0,702,0
44.98417115211487,211089,1786272,1791008,1788730,19204,0,702,0
44.99978017807007,211089,1792416,1799200,1794874,19208,0,702,0
45.01534104347229,211089,1800608,1807392,1803066,19212,0,703,0
45.03096008300781,211089,1808800,1815584,1811258,19216,0,703,0
45.047006130218506,211089,1816992,1823776,1819450,19220,0,703,0
45.062679052352905,211089,1825184,1831968,1827642,19224,0,703,0
45.07837700843811,211089,1833376,1838112,1835834,19228,0,704,0
45.093974113464355,211089,1841568,1846304,1844026,19232,0,704,0
45.10975003242493,211089,1851808,1856544,1854266,19237,0,704,0
45.12728714942932,211089,1860000,1864736,1862458,19241,0,704,0
45.1427640914917,211089,1868192,1872928,1870650,19244,0,704,0
45.15797805786133,211089,1876384,1881120,1878842,19248,0,704,0
45.17326903343201,211089,1884576,1889312,1887034,19252,0,704,0
45.188693046569824,211089,1890720,1897504,1893178,19256,0,704,0
45.203973054885864,211089,1898912,1905696,1901370,19260,0,705,0
45.21923208236694,211089,1907104,1913888,1909562,19264,0,705,0
45.23456311225891,211089,1915296,1920032,1917754,19268,0,705,0
45.25030303001404,211089,1923488,1928224,1925946,19272,0,705,0
45.265751123428345,211089,1931680,1936416,1934138,19276,0,706,0
45.28100919723511,211089,1939872,1944608,1942330,19280,0,706,0
45.29632019996643,211089,1948064,1952800,1950522,19284,0,706,0
45.311655044555664,211089,1956256,1960992,1958714,19288,0,706,0
45.326980113983154,211089,1964448,1969184,1966906,19292,0,706,0
45.34229803085327,211089,1972640,1977376,1975098,19296,0,706,0
45.35795617103577,211089,1980832,1985568,1983290,19300,0,706,0
45.373613119125366,211089,1989024,1993760,1991482,19304,0,706,0
45.38919711112976,211089,1997216,2001952,1999674,19308,0,707,0
45.404865026474,211089,2005408,2010144,2007866,19312,0,707,0
45.42054510116577,211089,2013600,2018336,2016058,19316,0,707,0
45.43621206283569,211089,2021792,2026528,2024250,19320,0,707,0
45.45201110839844,211089,2029984,2034720,2032442,19323,0,708,0
45.46779799461365,211089,2038176,2042912,2040634,19327,0,708,0
45.4835090637207,211089,2046368,2051104,2048826,19331,0,708,0
45.499263048172,211089,2054560,2059296,2057018,19335,0,708,0
45.51491618156433,211089,2062752,2067488,2065210,19339,0,708,0
45.5306670665741,211089,2068896,2075680,2071354,19343,0,708,0
45.54625201225281,211089,2077088,2081824,2079546,19347,0,708,0
45.561875104904175,211089,2085280,2090016,2087738,19351,0,708,0
45.577540159225464,211089,2093472,2098208,2095930,19355,0,708,0
45.593207120895386,211089,2101664,2106400,2104122,19359,0,709,0
45.6087851524353,211089,2109856,2114592,2112314,19363,0,709,0
45.62452411651611,211089,2118048,2122784,2120506,19367,0,709,0
45.64008808135986,211089,2126240,2130976,2128698,19371,0,709,0
45.65580606460571,211089,2134432,2139168,2136890,19375,0,710,0
45.671874046325684,211089,2142624,2147360,2145082,19379,0,710,0
45.68757915496826,211089,2150816,2155552,2153274,19383,0,710,0
45.70316410064697,211089,2159008,2163744,2161466,19387,0,710,0
45.718860149383545,211089,2167200,2171936,2169658,19391,0,710,0
45.73465299606323,211089,2175392,2180128,2177850,19395,0,710,0
45.75044298171997,211089,2183584,2188320,2186042,19399,0,710,0
45.76621699333191,211089,2191776,2196512,2194234,19403,0,710,0
45.78202700614929,211089,2199968,2204704,2202426,19407,0,711,0
45.7979371547699,211089,2208160,2212896,2210618,19411,0,711,0
45.8136351108551,211089,2216352,2221088,2218810,19415,0,711,0
45.82925820350647,211089,2224544,2229280,2227002,19419,0,711,0
45.84503102302551,211089,2232736,2237472,2235194,19422,0,712,0
45.860666036605835,211089,2240928,2245664,2243386,19426,0,712,0
45.876633167266846,211089,2249120,2253856,2251578,19430,0,712,0
45.89217400550842,211089,2257312,2262048,2259770,19434,0,712,0
45.907822132110596,211089,2263456,2270240,2265914,19438,0,712,0
45.92339205741882,211089,2271648,2278432,2274106,19442,0,712,0
45.939043045043945,211089,2279840,2286624,2282298,19446,0,712,0
45.95457601547241,211089,2288032,2294816,2290490,19450,0,712,0
45.97025108337402,211089,2296224,2303008,2298682,19454,0,713,0
45.98575806617737,211089,2304416,2309152,2306874,19458,0,713,0
46.001270055770874,211089,2312608,2317344,2315066,19462,0,713,0
46.01682209968567,211089,2320800,2325536,2323258,19466,0,713,0
46.032379150390625,211089,2328992,2333728,2331450,19470,0,714,0
46.048086166381836,211089,2337184,2341920,2339642,19474,0,714,0
46.063674211502075,211089,2345376,2350112,2347834,19478,0,714,0
46.07968521118164,211089,2353568,2358304,2356026,19482,0,714,0
46.09739112854004,211089,2361760,2368544,2364218,19486,0,714,0
46.11315608024597,211089,2369952,2376736,2372410,19490,0,714,0
46.128971099853516,211089,2378144,2384928,2380602,19494,0,714,0
46.14463400840759,211089,2386336,2393120,2388794,19498,0,714,0
46.16029620170593,211089,2394528,2399264,2396986,19502,0,715,0
46.17590618133545,211089,2402720,2407456,2405178,19506,0,715,0
46.19161820411682,211089,2410912,2415648,2413370,19510,0,715,0
46.20726704597473,211089,2419104,2423840,2421562,19514,0,715,0
46.2228569984436,211089,2427296,2432032,2429754,19518,0,716,0
46.238691091537476,211089,2435488,2440224,2437946,19522,0,716,0
46.25441217422485,211089,2443680,2448416,2446138,19526,0,716,0
46.2699511051178,211089,2451872,2456608,2454330,19530,0,716,0
46.28589606285095,211089,2460064,2464800,2462522,19534,0,716,0
46.30171203613281,211089,2468256,2472992,2470714,19538,0,716,0
46.31739902496338,211089,2476448,2481184,2478906,19542,0,716,0
46.333028078079224,211089,2484640,2489376,2487098,19546,0,716,0
46.348687171936035,211089,2492832,2497568,2495290,19550,0,717,0
46.36438512802124,211089,2501024,2505760,2503482,19554,0,717,0
46.380047082901,211089,2509216,2513952,2511674,19558,0,717,0
46.39566612243652,211089,2517408,2522144,2519866,19561,0,717,0
46.41124415397644,211089,2525600,2530336,2528058,19565,0,718,0
46.426926136016846,211089,2533792,2538528,2536250,19569,0,718,0
46.44254398345947,211089,2541984,2546720,2544442,19573,0,718,0
46.45801305770874,211089,2550176,2554912,2552634,19577,0,718,0
46.4735221862793,211089,2558368,2563104,2560826,19581,0,718,0
46.48924803733826,211089,2566560,2571296,2569018,19585,0,718,0
46.5048930644989,211089,2572704,2579488,2575162,19589,0,718,0
46.52036118507385,211089,2580896,2587680,2583354,19593,0,718,0
46.53590202331543,211089,2589088,2595872,2591546,19597,0,719,0
46.55137014389038,211089,2597280,2604064,2599738,19601,0,719,0
46.566946029663086,211089,2605472,2610208,2607930,19605,0,719,0
46.58260416984558,211089,2613664,2618400,2616122,19609,0,719,0
46.59800910949707,211089,2621856,2626592,2624314,19613,0,720,0
46.61363506317139,211089,2630048,2634784,2632506,19617,0,720,0
46.629202127456665,211089,2638240,2642976,2640698,19621,0,720,0
46.64482021331787,211089,2646432,2651168,2648890,19625,0,720,0
46.66058301925659,211089,2654624,2659360,2657082,19629,0,720,0
46.6766471862793,211089,2664864,2671648,2667322,19634,0,720,0
46.6986300945282,211089,2673056,2679840,2675514,19638,0,720,0
46.71435213088989,211089,2681248,2688032,2683706,19642,0,720,0
46.729905128479004,211089,2689440,2696224,2691898,19646,0,721,0
46.74529004096985,211089,2697632,2704416,2700090,19650,0,721,0
46.76072812080383,211089,2705824,2712608,2708282,19654,0,721,0
46.77603602409363,211089,2714016,2720800,2716474,19658,0,721,0
46.791651010513306,211089,2722208,2728992,2724666,19662,0,722,0
46.807024002075195,211089,2730400,2737184,2732858,19666,0,722,0
46.82244610786438,211089,2738592,2745376,2741050,19670,0,722,0
46.837916135787964,211089,2746784,2753568,2749242,19674,0,722,0
46.853355169296265,211089,2754976,2759712,2757434,19678,0,722,0
46.86880111694336,211089,2757024,2761760,2759482,19679,0,722,0
46.88418507575989,211089,2757024,2761760,2759482,19679,0,722,0
46.89961504936218,211089,2757024,2761760,2759482,19679,0,722,0
46.91498303413391,211089,2757024,2761760,2759482,19679,0,722,0
46.93079710006714,211089,2757024,2761760,2759482,19679,0,722,0
46.94639205932617,211089,2757024,2761760,2759482,19679,0,722,0
46.96201705932617,211089,2757024,2761760,2759482,19679,0,722,0
46.977668046951294,211089,2757024,2761760,2759482,19679,0,722,0
46.993499994277954,211089,2757024,2761760,2759482,19679,0,722,0
47.00887703895569,211089,2757024,2761760,2759482,19679,0,722,0
47.024375200271606,211089,2757024,2761760,2759482,19679,0,722,0
47.03977108001709,211089,2757024,2761760,2759482,19679,0,722,0
47.05525302886963,211089,2757024,2761760,2759482,19679,0,722,0
47.07254719734192,211089,2668960,2526240,2671418,19679,0,718,0
47.088075160980225,211089,2390432,2395168,2392890,19679,0,715,0
47.10367012023926,211089,2390432,2395168,2392890,19679,0,715,0
47.11899209022522,211089,2390432,2395168,2392890,19679,0,715,0
47.13463020324707,211089,2390432,2395168,2392890,19679,0,715,0
47.14991497993469,211089,2390432,2395168,2392890,19679,0,715,0
47.16538214683533,211089,2390432,2395168,2392890,19679,0,715,0
47.18075513839722,211089,2390432,2395168,2392890,19679,0,715,0
47.19629502296448,211089,2390432,2395168,2392890,19679,0,715,0
47.211780071258545,211089,2390432,2395168,2392890,19679,0,715,0
47.2269241809845,211089,2390432,2395168,2392890,19679,0,715,0
47.24234414100647,211089,2390432,2395168,2392890,19679,0,715,0
47.2576961517334,211089,2390432,2395168,2392890,19679,0,715,0
47.272855043411255,211089,2390432,2395168,2392890,19679,0,715,0
47.28846502304077,211089,2390432,2395168,2392890,19679,0,715,0
47.30374598503113,211089,2390432,2395168,2392890,19679,0,715,0
47.31898498535156,211089,2390432,2395168,2392890,19679,0,715,0
47.33454918861389,211089,2390432,2395168,2392890,19679,0,715,0
47.34994721412659,211089,2390432,2395168,2392890,19679,0,715,0
47.365594148635864,211089,2390432,2395168,2392890,19679,0,715,0
47.38085317611694,211089,2390432,2395168,2392890,19679,0,715,0
47.39638018608093,211089,2390432,2395168,2392890,19679,0,715,0
47.41176199913025,211089,2390432,2395168,2392890,19679,0,715,0
47.42725610733032,211089,2390432,2395168,2392890,19679,0,715,0
47.44265103340149,211089,2390432,2395168,2392890,19679,0,715,0
47.45785307884216,211089,2390432,2395168,2392890,19679,0,715,0
47.47338318824768,211089,2390432,2395168,2392890,19679,0,715,0
47.4887261390686,211089,2390432,2395168,2392890,19679,0,715,0
47.504252195358276,211089,2390432,2395168,2392890,19679,0,715,0
47.51965808868408,211089,2390432,2395168,2392890,19679,0,715,0
47.535516023635864,211089,2390432,2395168,2392890,19679,0,715,0
47.55103015899658,211089,2390432,2395168,2392890,19679,0,715,0
47.566474199295044,211089,2390432,2395168,2392890,19679,0,715,0
47.58176016807556,211089,2390432,2395168,2392890,19679,0,715,0
47.59709620475769,211089,2390432,2395168,2392890,19679,0,715,0
47.61261510848999,211089,2390432,2395168,2392890,19679,0,715,0
47.627923011779785,211089,2390432,2395168,2392890,19679,0,715,0
47.64352011680603,211089,2390432,2395168,2392890,19679,0,715,0
47.658833026885986,211089,2390432,2395168,2392890,19679,0,715,0
47.674241065979004,211089,2390432,2395168,2392890,19679,0,715,0
47.68973898887634,211089,2390432,2395168,2392890,19679,0,715,0
47.70572519302368,211089,2390432,2395168,2392890,19679,0,715,0
47.72128915786743,211089,2390432,2395168,2392890,19679,0,715,0
47.736738204956055,211089,2390432,2395168,2392890,19679,0,715,0
47.75210905075073,211089,2390432,2395168,2392890,19679,0,715,0
47.76764798164368,211089,2390432,2395168,2392890,19679,0,715,0
47.78285813331604,211089,2390432,2395168,2392890,19679,0,715,0
47.79836916923523,211089,2390432,2395168,2392890,19679,0,715,0
47.81369400024414,211089,2390432,2395168,2392890,19679,0,715,0
47.82894420623779,211089,2390432,2395168,2392890,19679,0,715,0
47.84455108642578,211089,2390432,2395168,2392890,19679,0,715,0
47.85988998413086,211089,2390432,2395168,2392890,19679,0,715,0
47.875306129455566,211089,2390432,2395168,2392890,19679,0,715,0
47.89064908027649,211089,2390432,2395168,2392890,19679,0,715,0
47.905909061431885,211089,2390432,2395168,2392890,19679,0,715,0
47.92135500907898,211089,2390432,2395168,2392890,19679,0,715,0
47.936732053756714,211089,2390432,2395168,2392890,19679,0,715,0
47.952428102493286,211089,2390432,2395168,2392890,19679,0,715,0
47.96786308288574,211089,2390432,2395168,2392890,19679,0,715,0
47.98336315155029,211089,2390432,2395168,2392890,19679,0,715,0
47.99866008758545,211089,2390432,2395168,2392890,19679,0,715,0
48.01394701004028,211089,2390432,2395168,2392890,19679,0,715,0
48.029391050338745,211089,2390432,2395168,2392890,19679,0,715,0
48.047715187072754,211089,2390432,2395168,2392890,19679,0,715,0
48.06300616264343,211089,2390432,2395168,2392890,19679,0,715,0
48.078652143478394,211089,2390432,2395168,2392890,19679,0,715,0
48.093868017196655,211089,2390432,2395168,2392890,19679,0,715,0
48.10901117324829,211089,2390432,2395168,2392890,19679,0,715,0
48.12435007095337,211089,2390432,2395168,2392890,19679,0,715,0
48.13966703414917,211089,2390432,2395168,2392890,19679,0,715,0
48.15515899658203,211089,2390432,2395168,2392890,19679,0,715,0
48.170665979385376,211089,2390432,2395168,2392890,19679,0,715,0
48.18592119216919,211089,2390432,2395168,2392890,19679,0,715,0
48.201279163360596,211089,2390432,2395168,2392890,19679,0,715,0
48.21670413017273,211089,2390432,2395168,2392890,19679,0,715,0
48.231943130493164,211089,2390432,2395168,2392890,19679,0,715,0
48.24781918525696,211089,2390432,2395168,2392890,19679,0,715,0
48.2634801864624,211089,2390432,2395168,2392890,19679,0,715,0
48.2787811756134,211089,2390432,2395168,2392890,19679,0,715,0
48.29431104660034,211089,2390432,2395168,2392890,19679,0,715,0
48.309683084487915,211089,2390432,2395168,2392890,19679,0,715,0
48.32524514198303,211089,2390432,2395168,2392890,19679,0,715,0
48.340705156326294,211089,2390432,2395168,2392890,19679,0,715,0
48.355879068374634,211089,2390432,2395168,2392890,19679,0,715,0
48.37173318862915,211089,2390432,2395168,2392890,19679,0,715,0
48.38698220252991,211089,2390432,2395168,2392890,19679,0,715,0
48.40255808830261,211089,2390432,2395168,2392890,19679,0,715,0
48.4178512096405,211089,2390432,2395168,2392890,19679,0,715,0
48.43334197998047,211089,2390432,2395168,2392890,19679,0,715,0
48.44873118400574,211089,2390432,2395168,2392890,19679,0,715,0
48.464269161224365,211089,2390432,2395168,2392890,19679,0,715,0
48.47966718673706,211089,2390432,2395168,2392890,19679,0,715,0
48.494856119155884,211089,2390432,2395168,2392890,19679,0,715,0
48.510523080825806,211089,2390432,2395168,2392890,19679,0,715,0
48.526281118392944,211089,2390432,2395168,2392890,19679,0,715,0
48.54170799255371,211089,2390432,2395168,2392890,19679,0,715,0
48.55698204040527,211089,2390432,2395168,2392890,19679,0,715,0
48.57265901565552,211089,2390432,2395168,2392890,19679,0,715,0
48.588030099868774,211089,2390432,2395168,2392890,19679,0,715,0
48.6035430431366,211089,2390432,2395168,2392890,19679,0,715,0
48.61902117729187,211089,2390432,2395168,2392890,19679,0,715,0
48.634549140930176,211089,2390432,2395168,2392890,19679,0,715,0
48.64984202384949,211089,2390432,2395168,2392890,19679,0,715,0
48.665327072143555,211089,2390432,2395168,2392890,19679,0,715,0
48.68073916435242,211089,2390432,2395168,2392890,19679,0,715,0
48.695943117141724,211089,2390432,2395168,2392890,19679,0,715,0
48.71139907836914,211089,2390432,2395168,2392890,19679,0,715,0
48.72694706916809,211089,2390432,2395168,2392890,19679,0,715,0
48.742408990859985,211089,2390432,2395168,2392890,19679,0,715,0
48.75770807266235,211089,2390432,2395168,2392890,19679,0,715,0
48.77293109893799,211089,2390432,2395168,2392890,19679,0,715,0
48.788464069366455,211089,2390432,2395168,2392890,19679,0,715,0
48.8038330078125,211089,2390432,2395168,2392890,19679,0,715,0
48.81927299499512,211089,2390432,2395168,2392890,19679,0,715,0
48.834715127944946,211089,2390432,2395168,2392890,19679,0,715,0
48.850265979766846,211089,2390432,2395168,2392890,19679,0,715,0
48.86565399169922,211089,2390432,2395168,2392890,19679,0,715,0
48.88123416900635,211089,2390432,2395168,2392890,19679,0,715,0
48.896661043167114,211089,2390432,2395168,2392890,19679,0,715,0
48.91183400154114,211089,2390432,2395168,2392890,19679,0,715,0
48.927327156066895,211089,2390432,2395168,2392890,19679,0,715,0
48.94291615486145,211089,2390432,2395168,2392890,19679,0,715,0
48.95801615715027,211089,2390432,2395168,2392890,19679,0,715,0
48.973533153533936,211089,2390432,2395168,2392890,19679,0,715,0
48.989524126052856,211089,2390432,2395168,2392890,19679,0,715,0
49.005253076553345,211089,2390432,2395168,2392890,19679,0,715,0
49.02103519439697,211089,2390432,2395168,2392890,19679,0,715,0
49.036803007125854,211089,2390432,2395168,2392890,19679,0,715,0
49.05261707305908,211089,2390432,2395168,2392890,19679,0,715,0
49.06854200363159,211089,2390432,2395168,2392890,19679,0,715,0
49.08455014228821,211089,2390432,2395168,2392890,19679,0,715,0
49.10032820701599,211089,2390432,2395168,2392890,19679,0,715,0
49.11611199378967,211089,2390432,2395168,2392890,19679,0,715,0
49.13178110122681,211089,1962400,1967136,1964858,19679,0,706,0
49.14733815193176,211089,1962400,1967136,1964858,19679,0,706,0
49.162726163864136,211089,1962400,1967136,1964858,19679,0,706,0
49.17791509628296,211089,1962400,1967136,1964858,19679,0,706,0
49.193578004837036,211089,1962400,1967136,1964858,19679,0,706,0
49.20927619934082,211089,1962400,1967136,1964858,19679,0,706,0
49.22454309463501,211089,1962400,1967136,1964858,19679,0,706,0
49.23984098434448,211089,1962400,1967136,1964858,19679,0,706,0
49.25508904457092,211089,1962400,1967136,1964858,19679,0,706,0
49.27031898498535,211089,1962400,1967136,1964858,19679,0,706,0
49.285619020462036,211089,1962400,1967136,1964858,19679,0,706,0
49.30083608627319,211089,1962400,1967136,1964858,19679,0,706,0
49.31611609458923,211089,1962400,1967136,1964858,19679,0,706,0
49.33139514923096,211089,1962400,1967136,1964858,19679,0,706,0
49.34674406051636,211089,1962400,1967136,1964858,19679,0,706,0
49.361974000930786,211089,1962400,1967136,1964858,19679,0,706,0
49.37722206115723,211089,1962400,1967136,1964858,19679,0,706,0
49.39253902435303,211089,1962400,1967136,1964858,19679,0,706,0
49.4080650806427,211089,1962400,1967136,1964858,19679,0,706,0
49.42367601394653,211089,1962400,1967136,1964858,19679,0,706,0
49.43955421447754,211089,1962400,1967136,1964858,19679,0,706,0
49.45535206794739,211089,1962400,1967136,1964858,19679,0,706,0
49.47116017341614,211089,1962400,1967136,1964858,19679,0,706,0
49.48706412315369,211089,1962400,1967136,1964858,19679,0,706,0
49.502838134765625,211089,1962400,1967136,1964858,19679,0,706,0
49.518620014190674,211089,1962400,1967136,1964858,19679,0,706,0
49.53446817398071,211089,1962400,1967136,1964858,19679,0,706,0
49.55045700073242,211089,1962400,1967136,1964858,19679,0,706,0
49.56630516052246,211089,1962400,1967136,1964858,19679,0,706,0
49.58210206031799,211089,1962400,1967136,1964858,19679,0,706,0
49.597923040390015,211089,1962400,1967136,1964858,19679,0,706,0
49.614078998565674,211089,1962400,1967136,1964858,19679,0,706,0
49.629958152770996,211089,1962400,1967136,1964858,19679,0,706,0
49.64568305015564,211089,1962400,1967136,1964858,19679,0,706,0
49.66122007369995,211089,1962400,1967136,1964858,19679,0,706,0
49.67720413208008,211089,1962400,1967136,1964858,19679,0,706,0
49.69378209114075,211089,1962400,1967136,1964858,19679,0,706,0
49.70957803726196,211089,1962400,1967136,1964858,19679,0,706,0
49.72538113594055,211089,1962400,1967136,1964858,19679,0,706,0
49.74089217185974,211089,1962400,1967136,1964858,19679,0,706,0
49.75658702850342,211089,1962400,1967136,1964858,19679,0,706,0
49.77236318588257,211089,1962400,1967136,1964858,19679,0,706,0
49.78781700134277,211089,1962400,1967136,1964858,19679,0,706,0
49.803367137908936,211089,1962400,1967136,1964858,19679,0,706,0
49.81903004646301,211089,1962400,1967136,1964858,19679,0,706,0
49.834665060043335,211089,1962400,1967136,1964858,19679,0,706,0
49.85003113746643,211089,1962400,1967136,1964858,19679,0,706,0
49.86540412902832,211089,1962400,1967136,1964858,19679,0,706,0
49.88072609901428,211089,1962400,1967136,1964858,19679,0,706,0
49.895951986312866,211089,1962400,1967136,1964858,19679,0,706,0
49.91136121749878,211089,1962400,1967136,1964858,19679,0,706,0
49.9268000125885,211089,1962400,1967136,1964858,19679,0,706,0
49.94209814071655,211089,1962400,1967136,1964858,19679,0,706,0
49.95767617225647,211089,1962400,1967136,1964858,19679,0,706,0
49.97278904914856,211089,1962400,1967136,1964858,19679,0,706,0
49.98837900161743,211089,1962400,1967136,1964858,19679,0,706,0
50.003706216812134,211089,1962400,1967136,1964858,19679,0,706,0
50.01900815963745,211089,1962400,1967136,1964858,19679,0,706,0
50.034991979599,211089,1962400,1967136,1964858,19679,0,706,0
50.050415992736816,211089,1962400,1967136,1964858,19679,0,706,0
50.065978050231934,211089,1962400,1967136,1964858,19679,0,706,0
50.08163499832153,211089,1962400,1967136,1964858,19679,0,706,0
50.09721112251282,211089,1962400,1967136,1964858,19679,0,706,0
50.112778186798096,211089,1962400,1967136,1964858,19679,0,706,0
50.1282320022583,211089,0,0,0,19833,0,0,0
50.142578125,211089,0,0,0,19833,0,0,0
50.15750598907471,211089,0,0,0,19833,0,0,0
