elapsed_s,pid,uss,rss,pss,min_flt,maj_flt,oom,oomadj
1.2947361469268799,214253,13564,15184,14390,1225,0,666,0
1.3539249897003174,214253,13692,15696,14752,1271,0,666,0
1.3793070316314697,214253,13972,15968,15032,1283,0,666,0
1.4031331539154053,214253,14272,16268,15332,1327,0,666,0
1.4296259880065918,214253,15740,18356,17106,1530,0,666,0
1.4814941883087158,214253,17772,20380,19130,1796,0,666,0
1.507249116897583,214253,51972,56880,54438,4786,0,667,0
1.5238211154937744,214253,65948,72812,68414,7344,0,668,0
1.5399701595306396,214253,73620,78436,76086,7742,0,668,0
1.5553040504455566,214253,73620,78436,76086,7744,0,668,0
1.5705220699310303,214253,74664,79460,77130,8005,0,668,0
1.585853099822998,214253,66012,70776,68478,8065,0,668,0
1.6009330749511719,214253,66012,70776,68478,8065,0,668,0
1.6158711910247803,214253,66012,70776,68478,8065,0,668,0
1.6311531066894531,214253,66012,70776,68478,8065,0,668,0
1.6463580131530762,214253,66012,70776,68478,8065,0,668,0
1.6614100933074951,214253,66380,71160,68846,8157,0,668,0
1.6767921447753906,214253,66584,71288,69050,8208,0,668,0
1.691939115524292,214253,66584,71288,69050,8208,0,668,0
1.7070870399475098,214253,66584,71288,69050,8208,0,668,0
1.7223169803619385,214253,66584,71288,69050,8208,0,668,0
1.7375290393829346,214253,66584,71288,69050,8208,0,668,0
1.7528259754180908,214253,66584,71288,69050,8208,0,668,0
1.768172025680542,214253,66584,71288,69050,8208,0,668,0
1.7832369804382324,214253,66584,71288,69050,8208,0,668,0
1.7985851764678955,214253,66584,71288,69050,8208,0,668,0
1.813776969909668,214253,66584,71288,69050,8208,0,668,0
1.8289391994476318,214253,66584,71288,69050,8208,0,668,0
1.8440871238708496,214253,66584,71288,69050,8208,0,668,0
1.8592829704284668,214253,66584,71288,69050,8208,0,668,0
1.8749101161956787,214253,66584,71288,69050,8208,0,668,0
1.8901309967041016,214253,66584,71288,69050,8208,0,668,0
1.905264139175415,214253,66584,71288,69050,8208,0,668,0
1.9202079772949219,214253,68632,73448,71098,8209,0,668,0
1.9350311756134033,214253,68632,73448,71098,8209,0,668,0
1.9497241973876953,214253,68632,73448,71098,8209,0,668,0
1.9644720554351807,214253,68632,73448,71098,8209,0,668,0
1.9792330265045166,214253,68632,73448,71098,8209,0,668,0
1.9938220977783203,214253,68632,73448,71098,8209,0,668,0
2.008606195449829,214253,68632,73448,71098,8209,0,668,0
2.023252010345459,214253,68632,73448,71098,8209,0,668,0
2.0378170013427734,214253,70680,75880,73146,8209,0,668,0
2.0534720420837402,214253,76452,81264,78918,8631,0,668,0
2.068819046020508,214253,74824,79636,77290,8632,0,668,0
2.0838170051574707,214253,74824,81688,77290,8632,0,668,0
2.098581075668335,214253,78920,83736,81386,8634,0,668,0
2.1134371757507324,214253,78920,83736,81386,8634,0,668,0
2.1281399726867676,214253,78920,83736,81386,8634,0,668,0
2.1428191661834717,214253,80968,85784,83434,8635,0,668,0
2.157541036605835,214253,80968,85784,83434,8635,0,668,0
2.172340154647827,214253,80968,85784,83434,8635,0,668,0
2.187127113342285,214253,80968,85784,83434,8635,0,668,0
2.201754093170166,214253,80968,85784,83434,8635,0,668,0
2.216452121734619,214253,80968,85784,83434,8635,0,668,0
2.231081962585449,214253,80968,85784,83434,8635,0,668,0
2.2459371089935303,214253,80968,85784,83434,8635,0,668,0
2.2608959674835205,214253,80968,85784,83434,8635,0,668,0
2.2756991386413574,214253,80968,85784,83434,8635,0,668,0
2.2904551029205322,214253,80968,85784,83434,8635,0,668,0
2.3050830364227295,214253,80968,85784,83434,8635,0,668,0
2.31976318359375,214253,80968,85784,83434,8635,0,668,0
2.3343939781188965,214253,80968,85784,83434,8635,0,668,0
2.349255084991455,214253,80968,85784,83434,8635,0,668,0
2.3644189834594727,214253,83016,87832,85482,8636,0,668,0
2.3795461654663086,214253,83016,87832,85482,8636,0,668,0
2.3942811489105225,214253,83016,87832,85482,8636,0,668,0
2.408820152282715,214253,83016,87832,85482,8636,0,668,0
2.4234471321105957,214253,83016,87832,85482,8636,0,668,0
2.4381351470947266,214253,83016,87832,85482,8636,0,668,0
2.4537620544433594,214253,83016,87832,85482,8636,0,668,0
2.4685699939727783,214253,83016,87832,85482,8636,0,668,0
2.483424186706543,214253,85064,89880,87530,8637,0,668,0
2.4986181259155273,214253,85064,89880,87530,8637,0,668,0
2.5133090019226074,214253,85064,89880,87530,8637,0,668,0
2.5278940200805664,214253,85064,89880,87530,8637,0,668,0
2.5427021980285645,214253,85064,89880,87530,8637,0,668,0
2.5572900772094727,214253,85064,89880,87530,8637,0,668,0
2.571932077407837,214253,85064,89880,87530,8637,0,668,0
2.5867321491241455,214253,85064,89880,87530,8637,0,668,0
2.6014251708984375,214253,85064,89880,87530,8637,0,668,0
2.616157054901123,214253,85064,89880,87530,8637,0,668,0
2.6308250427246094,214253,85064,89880,87530,8637,0,668,0
2.645475149154663,214253,85064,89880,87530,8637,0,668,0
2.6604011058807373,214253,85064,89880,87530,8637,0,668,0
2.6754159927368164,214253,85064,89880,87530,8637,0,668,0
2.6901791095733643,214253,85064,89880,87530,8637,0,668,0
2.7051241397857666,214253,85064,89880,87530,8637,0,668,0
2.719818115234375,214253,85064,89880,87530,8637,0,668,0
2.734424114227295,214253,85064,89880,87530,8637,0,668,0
2.7490451335906982,214253,85064,89880,87530,8637,0,668,0
2.76381516456604,214253,85064,89880,87530,8637,0,668,0
2.7786471843719482,214253,87112,91928,89578,8638,0,668,0
2.793570041656494,214253,87112,91928,89578,8638,0,668,0
2.808485984802246,214253,87112,91928,89578,8638,0,668,0
2.823355197906494,214253,87112,91928,89578,8638,0,668,0
2.8381500244140625,214253,87112,91928,89578,8638,0,668,0
2.8529701232910156,214253,87112,91928,89578,8638,0,668,0
2.8677761554718018,214253,87112,91928,89578,8638,0,668,0
2.8824081420898438,214253,87112,91928,89578,8638,0,668,0
2.897008180618286,214253,89160,93976,91626,8639,0,668,0
2.911729097366333,214253,89160,93976,91626,8639,0,668,0
2.9265060424804688,214253,89160,93976,91626,8639,0,668,0
2.9414961338043213,214253,89160,93976,91626,8639,0,668,0
2.9562020301818848,214253,89160,93976,91626,8639,0,668,0
2.97097110748291,214253,89160,93976,91626,8639,0,668,0
2.985542058944702,214253,89160,93976,91626,8639,0,668,0
3.0001561641693115,214253,89160,93976,91626,8639,0,668,0
3.0146591663360596,214253,89160,93976,91626,8639,0,668,0
3.0292551517486572,214253,89160,93976,91626,8639,0,668,0
3.044142007827759,214253,89160,93976,91626,8639,0,668,0
3.0588550567626953,214253,89160,93976,91626,8639,0,668,0
3.0737521648406982,214253,89160,93976,91626,8639,0,668,0
3.088653087615967,214253,89160,93976,91626,8639,0,668,0
3.1036500930786133,214253,89160,93976,91626,8639,0,668,0
3.118813991546631,214253,89160,93976,91626,8639,0,668,0
3.1333820819854736,214253,89160,93976,91626,8639,0,668,0
3.147958993911743,214253,89160,93976,91626,8639,0,668,0
3.162703037261963,214253,89160,93976,91626,8639,0,668,0
3.177577018737793,214253,89160,93976,91626,8639,0,668,0
3.19224214553833,214253,91208,96024,93674,8640,0,668,0
3.2068471908569336,214253,91208,96024,93674,8640,0,668,0
3.221518039703369,214253,91208,96024,93674,8640,0,668,0
3.2365241050720215,214253,91208,96024,93674,8640,0,668,0
3.2513890266418457,214253,91208,96024,93674,8640,0,668,0
3.266266107559204,214253,91208,96024,93674,8640,0,668,0
3.2809879779815674,214253,91208,96024,93674,8640,0,668,0
3.295631170272827,214253,91208,96024,93674,8640,0,668,0
3.3104660511016846,214253,91208,96024,93674,8640,0,668,0
3.3253750801086426,214253,93256,98072,95722,8641,0,668,0
3.340210199356079,214253,93256,98072,95722,8641,0,668,0
3.3552510738372803,214253,93256,98072,95722,8641,0,668,0
3.370084047317505,214253,93256,98072,95722,8641,0,668,0
3.384927988052368,214253,93256,98072,95722,8641,0,668,0
3.4002439975738525,214253,93256,98072,95722,8641,0,668,0
3.4149789810180664,214253,93256,98072,95722,8641,0,668,0
3.430101156234741,214253,93256,98072,95722,8641,0,668,0
3.4448530673980713,214253,93256,98072,95722,8641,0,668,0
3.4594740867614746,214253,93256,98072,95722,8641,0,668,0
3.474168062210083,214253,93256,98072,95722,8641,0,668,0
3.4891860485076904,214253,93256,98072,95722,8641,0,668,0
3.504033088684082,214253,93256,98072,95722,8641,0,668,0
3.518939971923828,214253,93256,98072,95722,8641,0,668,0
3.5340371131896973,214253,93256,98072,95722,8641,0,668,0
3.5487539768218994,214253,93256,98072,95722,8641,0,668,0
3.5633490085601807,214253,93256,98072,95722,8641,0,668,0
3.5781710147857666,214253,93256,98072,95722,8641,0,668,0
3.593034029006958,214253,93256,98072,95722,8641,0,668,0
3.607640027999878,214253,95304,100120,97770,8642,0,668,0
3.622318983078003,214253,95304,100120,97770,8642,0,668,0
3.6373560428619385,214253,95304,100120,97770,8642,0,668,0
3.652062177658081,214253,95304,100120,97770,8642,0,668,0
3.6668481826782227,214253,95304,100120,97770,8642,0,668,0
3.681457042694092,214253,95304,100120,97770,8642,0,668,0
3.696333169937134,214253,95304,100120,97770,8642,0,668,0
3.711189031600952,214253,95304,100120,97770,8642,0,668,0
3.725767135620117,214253,95304,100120,97770,8642,0,668,0
3.740792989730835,214253,95304,100120,97770,8642,0,668,0
3.7557730674743652,214253,95304,100120,97770,8642,0,668,0
3.7705771923065186,214253,95304,100120,97770,8642,0,668,0
3.7854671478271484,214253,95304,100120,97770,8642,0,668,0
3.800295114517212,214253,95304,100120,97770,8642,0,668,0
3.8151941299438477,214253,95304,100120,97770,8642,0,668,0
3.829897165298462,214253,95304,100120,97770,8642,0,668,0
3.844896078109741,214253,95304,100120,97770,8642,0,668,0
3.85969614982605,214253,95304,100120,97770,8642,0,668,0
3.874588966369629,214253,95304,100120,97770,8642,0,668,0
3.8896231651306152,214253,95304,100120,97770,8642,0,668,0
3.9042789936065674,214253,95304,100120,97770,8642,0,668,0
3.9192140102386475,214253,95304,100120,97770,8642,0,668,0
3.9340600967407227,214253,95304,100120,97770,8642,0,668,0
3.948911190032959,214253,95304,100120,97770,8642,0,668,0
3.9635021686553955,214253,95304,100120,97770,8642,0,668,0
3.9783501625061035,214253,95304,100120,97770,8642,0,668,0
3.9930171966552734,214253,95304,100120,97770,8642,0,668,0
4.00768518447876,214253,95304,100120,97770,8642,0,668,0
4.022610187530518,214253,97352,102168,99818,8643,0,668,0
4.037299156188965,214253,97352,102168,99818,8643,0,668,0
4.052157163619995,214253,97352,102168,99818,8643,0,668,0
4.066770076751709,214253,97352,102168,99818,8643,0,668,0
4.081616163253784,214253,97352,102168,99818,8643,0,668,0
4.096243143081665,214253,97352,102168,99818,8643,0,668,0
4.110823154449463,214253,97352,102168,99818,8643,0,668,0
4.125774145126343,214253,97352,102168,99818,8643,0,668,0
4.140664100646973,214253,97352,102168,99818,8643,0,668,0
4.155616998672485,214253,99400,104216,101866,8644,0,668,0
4.1703879833221436,214253,99400,104216,101866,8644,0,668,0
4.184908151626587,214253,99400,104216,101866,8644,0,668,0
4.199527025222778,214253,99400,104216,101866,8644,0,668,0
4.2143800258636475,214253,99400,104216,101866,8644,0,668,0
4.229106187820435,214253,99400,104216,101866,8644,0,668,0
4.243812084197998,214253,99400,104216,101866,8644,0,668,0
4.258723020553589,214253,99400,104216,101866,8644,0,668,0
4.273344993591309,214253,99400,104216,101866,8644,0,668,0
4.288187026977539,214253,99400,104216,101866,8644,0,668,0
4.302998065948486,214253,99400,104216,101866,8644,0,668,0
4.317612171173096,214253,99400,104216,101866,8644,0,668,0
4.332303047180176,214253,99400,104216,101866,8644,0,668,0
4.3471291065216064,214253,99400,104216,101866,8644,0,668,0
4.362275123596191,214253,99400,104216,101866,8644,0,668,0
4.377165079116821,214253,99400,104216,101866,8644,0,668,0
4.392160177230835,214253,99400,104216,101866,8644,0,668,0
4.4073920249938965,214253,99400,104216,101866,8644,0,668,0
4.422521114349365,214253,99400,104216,101866,8644,0,668,0
4.437363147735596,214253,99400,104216,101866,8644,0,668,0
4.451970100402832,214253,101448,106264,103914,8645,0,668,0
4.466878175735474,214253,101448,106264,103914,8645,0,668,0
4.481726169586182,214253,101448,106264,103914,8645,0,668,0
4.496757984161377,214253,101448,106264,103914,8645,0,668,0
4.511491060256958,214253,101448,106264,103914,8645,0,668,0
4.526175022125244,214253,101448,106264,103914,8645,0,668,0
4.5408360958099365,214253,101448,106264,103914,8645,0,668,0
4.555730104446411,214253,101448,106264,103914,8645,0,668,0
4.570682048797607,214253,103496,108312,105962,8646,0,668,0
4.585729122161865,214253,103496,108312,105962,8646,0,668,0
4.600417137145996,214253,103496,108312,105962,8646,0,668,0
4.614896059036255,214253,103496,108312,105962,8646,0,668,0
4.629868030548096,214253,103496,108312,105962,8646,0,668,0
4.644852161407471,214253,103496,108312,105962,8646,0,668,0
4.659761190414429,214253,103496,108312,105962,8646,0,668,0
4.674692153930664,214253,107592,112408,110058,8648,0,668,0
4.689807176589966,214253,107592,112408,110058,8648,0,668,0
4.704653978347778,214253,107592,112408,110058,8648,0,668,0
4.7195210456848145,214253,107592,112408,110058,8648,0,668,0
4.734273195266724,214253,107592,112408,110058,8648,0,668,0
4.748854160308838,214253,107592,112408,110058,8648,0,668,0
4.763695001602173,214253,107592,112408,110058,8648,0,668,0
4.778848171234131,214253,107592,112408,110058,8648,0,668,0
4.793737173080444,214253,107592,112408,110058,8648,0,668,0
4.8083531856536865,214253,107592,112408,110058,8648,0,668,0
4.8228349685668945,214253,107592,112408,110058,8648,0,668,0
4.837741136550903,214253,107592,112408,110058,8648,0,668,0
4.8526999950408936,214253,107592,112408,110058,8648,0,668,0
4.867248058319092,214253,107592,112408,110058,8648,0,668,0
4.881803035736084,214253,107592,112408,110058,8648,0,668,0
4.896691083908081,214253,107592,112408,110058,8648,0,668,0
4.911352157592773,214253,107592,112408,110058,8648,0,668,0
4.92592716217041,214253,107592,112408,110058,8648,0,668,0
4.940850019454956,214253,107592,112408,110058,8648,0,668,0
4.95561408996582,214253,107592,112408,110058,8648,0,668,0
4.970472097396851,214253,107592,112408,110058,8648,0,668,0
4.985642194747925,214253,107592,114456,110058,8648,0,668,0
5.000378131866455,214253,109640,114456,112106,8649,0,668,0
5.01499605178833,214253,109640,114456,112106,8649,0,668,0
5.02990198135376,214253,109640,114456,112106,8649,0,668,0
5.044617176055908,214253,109640,114456,112106,8649,0,668,0
5.059448003768921,214253,109640,114456,112106,8649,0,668,0
5.074002981185913,214253,111688,116504,114154,8650,0,668,0
5.088754177093506,214253,111688,116504,114154,8650,0,668,0
5.103343963623047,214253,111688,116504,114154,8650,0,668,0
5.117906093597412,214253,111688,116504,114154,8650,0,668,0
5.132467985153198,214253,111688,116504,114154,8650,0,668,0
5.147032022476196,214253,111688,116504,114154,8650,0,668,0
5.161648988723755,214253,111688,116504,114154,8650,0,668,0
5.176484107971191,214253,111688,116504,114154,8650,0,668,0
5.1913580894470215,214253,111688,116504,114154,8650,0,668,0
5.20625901222229,214253,111688,116504,114154,8650,0,668,0
5.221158027648926,214253,111688,116504,114154,8650,0,668,0
5.236207962036133,214253,111688,116504,114154,8650,0,668,0
5.250984191894531,214253,111688,116504,114154,8650,0,668,0
5.265783071517944,214253,111688,116504,114154,8650,0,668,0
5.2807090282440186,214253,111688,116504,114154,8650,0,668,0
5.295359134674072,214253,111688,116504,114154,8650,0,668,0
5.310121059417725,214253,111688,116504,114154,8650,0,668,0
5.32485818862915,214253,111688,116504,114154,8650,0,668,0
5.339794158935547,214253,111688,116504,114154,8650,0,668,0
5.354673147201538,214253,111688,116504,114154,8650,0,668,0
5.370402097702026,214253,111688,116504,114154,8650,0,668,0
5.385248184204102,214253,111688,116504,114154,8650,0,668,0
5.399821996688843,214253,111688,116504,114154,8650,0,668,0
5.414476156234741,214253,111688,116504,114154,8650,0,668,0
5.429149150848389,214253,113736,118552,116202,8651,0,668,0
5.443865060806274,214253,113736,118552,116202,8651,0,668,0
5.458673000335693,214253,113736,118552,116202,8651,0,668,0
5.4735870361328125,214253,113736,118552,116202,8651,0,668,0
5.48821496963501,214253,113736,120600,116202,8651,0,668,0
5.503070116043091,214253,115784,120600,118250,8652,0,668,0
5.5178000926971436,214253,115784,120600,118250,8652,0,668,0
5.532369136810303,214253,115784,120600,118250,8652,0,668,0
5.547024965286255,214253,115784,120600,118250,8652,0,668,0
5.561643123626709,214253,115784,120600,118250,8652,0,668,0
5.576251983642578,214253,115784,120600,118250,8652,0,668,0
5.590841054916382,214253,115784,120600,118250,8652,0,668,0
5.605476140975952,214253,115784,120600,118250,8652,0,668,0
5.620737075805664,214253,115784,120600,118250,8652,0,668,0
5.635436058044434,214253,115784,120600,118250,8652,0,668,0
5.650151968002319,214253,115784,120600,118250,8652,0,668,0
5.664908170700073,214253,115784,120600,118250,8652,0,668,0
5.67975115776062,214253,115784,120600,118250,8652,0,668,0
5.694526195526123,214253,115784,120600,118250,8652,0,668,0
5.709315061569214,214253,115784,120600,118250,8652,0,668,0
5.723985195159912,214253,115784,120600,118250,8652,0,668,0
5.738906145095825,214253,115784,120600,118250,8652,0,668,0
5.7536940574646,214253,115784,120600,118250,8652,0,668,0
5.7684149742126465,214253,115784,120600,118250,8652,0,668,0
5.783301115036011,214253,115784,120600,118250,8652,0,668,0
5.797897100448608,214253,115784,120600,118250,8652,0,668,0
5.812570095062256,214253,115784,120600,118250,8652,0,668,0
5.827666997909546,214253,115784,120600,118250,8652,0,668,0
5.84247899055481,214253,117832,122648,120298,8653,0,668,0
5.857499122619629,214253,117832,122648,120298,8653,0,668,0
5.8722779750823975,214253,117832,122648,120298,8653,0,668,0
5.8868560791015625,214253,117832,122648,120298,8653,0,668,0
5.901522159576416,214253,117832,122648,120298,8653,0,668,0
5.9164040088653564,214253,119880,124696,122346,8654,0,668,0
5.931105136871338,214253,119880,124696,122346,8654,0,668,0
5.945902109146118,214253,119880,124696,122346,8654,0,668,0
5.960853099822998,214253,119880,124696,122346,8654,0,668,0
5.975772142410278,214253,119880,124696,122346,8654,0,668,0
5.990661144256592,214253,119880,124696,122346,8654,0,668,0
6.00543212890625,214253,119880,124696,122346,8654,0,668,0
6.020359039306641,214253,119880,124696,122346,8654,0,668,0
6.035530090332031,214253,119880,124696,122346,8654,0,668,0
6.050431966781616,214253,119880,124696,122346,8654,0,668,0
6.065791130065918,214253,119880,124696,122346,8654,0,668,0
6.080533027648926,214253,119880,124696,122346,8654,0,668,0
6.095319986343384,214253,119880,124696,122346,8654,0,668,0
6.109939098358154,214253,119880,124696,122346,8654,0,668,0
6.124827146530151,214253,119880,124696,122346,8654,0,668,0
6.139685153961182,214253,119880,124696,122346,8654,0,668,0
6.15436315536499,214253,119880,124696,122346,8654,0,668,0
6.169126987457275,214253,119880,124696,122346,8654,0,668,0
6.183907985687256,214253,119880,124696,122346,8654,0,668,0
6.198824167251587,214253,119880,124696,122346,8654,0,668,0
6.213510036468506,214253,119880,124696,122346,8654,0,668,0
6.228361129760742,214253,119880,124696,122346,8654,0,668,0
6.243575096130371,214253,119880,124696,122346,8654,0,668,0
6.258478164672852,214253,119880,124696,122346,8654,0,668,0
6.273312091827393,214253,121928,126744,124394,8655,0,668,0
6.288309097290039,214253,121928,126744,124394,8655,0,668,0
6.302992105484009,214253,121928,126744,124394,8655,0,668,0
6.317758083343506,214253,121928,126744,124394,8655,0,668,0
6.332597017288208,214253,121928,126744,124394,8655,0,668,0
6.347660064697266,214253,123976,128792,126442,8656,0,668,0
6.362541198730469,214253,123976,128792,126442,8656,0,668,0
6.377326011657715,214253,123976,128792,126442,8656,0,668,0
6.392261028289795,214253,123976,128792,126442,8656,0,668,0
6.407186985015869,214253,123976,128792,126442,8656,0,668,0
6.422119140625,214253,123976,128792,126442,8656,0,668,0
6.436954975128174,214253,123976,128792,126442,8656,0,668,0
6.452130079269409,214253,123976,128792,126442,8656,0,668,0
6.467076063156128,214253,123976,128792,126442,8656,0,668,0
6.48189902305603,214253,123976,128792,126442,8656,0,668,0
6.49678897857666,214253,123976,128792,126442,8656,0,668,0
6.511677026748657,214253,123976,128792,126442,8656,0,668,0
6.5265161991119385,214253,123976,128792,126442,8656,0,668,0
6.541438102722168,214253,123976,128792,126442,8656,0,668,0
6.5564141273498535,214253,123976,128792,126442,8656,0,668,0
6.571207046508789,214253,123976,128792,126442,8656,0,668,0
6.586122989654541,214253,123976,128792,126442,8656,0,668,0
6.600953102111816,214253,123976,128792,126442,8656,0,668,0
6.6158530712127686,214253,123976,128792,126442,8656,0,668,0
6.6306610107421875,214253,123976,128792,126442,8656,0,668,0
6.645527124404907,214253,123976,128792,126442,8656,0,668,0
6.660698175430298,214253,123976,128792,126442,8656,0,668,0
6.6756510734558105,214253,123976,128792,126442,8656,0,668,0
6.6904990673065186,214253,123976,128792,126442,8656,0,668,0
6.705420970916748,214253,126024,130840,128490,8657,0,669,0
6.720713138580322,214253,126024,130840,128490,8657,0,669,0
6.73563814163208,214253,126024,130840,128490,8657,0,669,0
6.750529050827026,214253,126024,130840,128490,8657,0,669,0
6.765413045883179,214253,126024,130840,128490,8657,0,669,0
6.780362129211426,214253,126024,130840,128490,8657,0,669,0
6.7952611446380615,214253,126024,130840,128490,8657,0,669,0
6.810029983520508,214253,126024,130840,128490,8657,0,669,0
6.8252551555633545,214253,126024,130840,128490,8657,0,669,0
6.840191125869751,214253,126024,130840,128490,8657,0,669,0
6.855184078216553,214253,126024,130840,128490,8657,0,669,0
6.870171070098877,214253,126024,130840,128490,8657,0,669,0
6.885151147842407,214253,126024,130840,128490,8657,0,669,0
6.899976015090942,214253,126024,130840,128490,8657,0,669,0
6.914983034133911,214253,126024,130840,128490,8657,0,669,0
6.929843187332153,214253,126024,130840,128490,8657,0,669,0
6.9448161125183105,214253,126024,130840,128490,8657,0,669,0
6.959688186645508,214253,126024,130840,128490,8657,0,669,0
6.974636077880859,214253,126024,130840,128490,8657,0,669,0
6.989492177963257,214253,126364,131096,128830,8742,0,669,0
7.012142181396484,214253,126712,131480,129178,8829,0,669,0
7.037060976028442,214253,127276,131992,129742,8970,0,669,0
7.061086177825928,214253,126036,130900,128502,8970,0,669,0
7.091171026229858,214253,162900,169764,165366,9004,0,670,0
7.1075119972229,214253,187476,194340,189942,9021,0,670,0
7.122891187667847,214253,195668,200484,198134,9025,0,670,0
7.137952089309692,214253,205908,210724,208374,9030,0,670,0
7.153036117553711,214253,214100,218916,216566,9033,0,670,0
7.168009042739868,214253,224340,231204,226806,9038,0,671,0
7.1832191944122314,214253,240724,245540,243190,9047,0,671,0
7.1987621784210205,214253,240724,245540,243190,9047,0,671,0
7.214524030685425,214253,318548,333604,321014,9083,0,673,0
7.230894088745117,214253,392276,397092,394742,9121,0,674,0
7.2479469776153564,214253,396372,409380,398838,9122,0,674,0
7.26394510269165,214253,410708,415524,413174,9130,0,674,0
7.2790141105651855,214253,410708,415524,413174,9130,0,674,0
7.293967962265015,214253,410708,415524,413174,9130,0,674,0
7.308809041976929,214253,410708,415524,413174,9130,0,674,0
7.325931072235107,214253,416852,421668,419318,9133,0,674,0
7.340903043746948,214253,416852,421668,419318,9133,0,674,0
7.35564398765564,214253,417180,421924,419646,9177,0,674,0
7.370753049850464,214253,421092,426020,423558,10184,0,675,0
7.387067079544067,214253,427092,431908,429558,11693,0,675,0
7.4029459953308105,214253,420940,425756,423406,11695,0,675,0
7.4183080196380615,214253,429132,433948,431598,11699,0,675,0
7.433861970901489,214253,431180,435996,433646,11700,0,675,0
7.44933009147644,214253,431180,435996,433646,11700,0,675,0
7.4645771980285645,214253,437324,442140,439790,11702,0,675,0
7.480026006698608,214253,443468,448284,445934,11706,0,675,0
7.49534797668457,214253,453708,458524,456174,11711,0,676,0
7.510699033737183,214253,453708,458524,456174,11711,0,676,0
7.525912046432495,214253,453708,458524,456174,11711,0,676,0
7.540619134902954,214253,453708,458524,456174,11711,0,676,0
7.555377006530762,214253,453708,458524,456174,11711,0,676,0
7.570041179656982,214253,453708,458524,456174,11711,0,676,0
7.5848610401153564,214253,453708,458524,456174,11711,0,676,0
7.599804162979126,214253,453708,458524,456174,11711,0,676,0
7.614940166473389,214253,453708,458524,456174,11711,0,676,0
7.629914045333862,214253,453708,458524,456174,11711,0,676,0
7.6450231075286865,214253,453708,458524,456174,11711,0,676,0
7.66018009185791,214253,453708,458524,456174,11711,0,676,0
7.67535400390625,214253,453708,458524,456174,11711,0,676,0
7.690829038619995,214253,453708,458524,456174,11711,0,676,0
7.705759048461914,214253,455756,460572,458222,11712,0,676,0
7.720977067947388,214253,457804,462620,460270,11713,0,676,0
7.736189126968384,214253,457804,462620,460270,11713,0,676,0
7.75134801864624,214253,457804,462620,460270,11713,0,676,0
7.766439199447632,214253,462084,466880,464550,11761,0,676,0
7.7818121910095215,214253,462084,466880,464550,11761,0,676,0
7.797271013259888,214253,464300,469076,466766,11762,0,676,0
7.812658071517944,214253,464300,469076,466766,11804,0,676,0
7.827716112136841,214253,464300,469076,466766,11804,0,676,0
7.842533111572266,214253,464300,469076,466766,11804,0,676,0
7.857330083847046,214253,464300,469076,466766,11804,0,676,0
7.872343063354492,214253,464084,468940,466550,11804,0,676,0
7.887303113937378,214253,464084,468940,466550,11804,0,676,0
7.902794122695923,214253,464084,468940,466550,11804,0,676,0
7.9177141189575195,214253,464084,468940,466550,11804,0,676,0
7.9325220584869385,214253,464084,468940,466550,11804,0,676,0
7.94738507270813,214253,464084,468940,466550,11804,0,676,0
7.961902141571045,214253,464084,468940,466550,11804,0,676,0
7.976906061172485,214253,464084,468940,466550,11804,0,676,0
7.992046117782593,214253,464148,468940,466614,11820,0,676,0
8.007335186004639,214253,464148,468940,466614,11820,0,676,0
8.022412061691284,214253,464148,468940,466614,11820,0,676,0
8.037338018417358,214253,466196,471012,468662,11821,0,676,0
8.052574157714844,214253,466196,471012,468662,11821,0,676,0
8.067739009857178,214253,466196,471012,468662,11821,0,676,0
8.08291506767273,214253,466196,471012,468662,11821,0,676,0
8.098050117492676,214253,466196,471012,468662,11821,0,676,0
8.113625049591064,214253,466196,471012,468662,11821,0,676,0
8.128879070281982,214253,466196,471012,468662,11821,0,676,0
8.144136190414429,214253,466260,471012,468726,11837,0,676,0
8.171444177627563,214253,466260,471012,468726,11837,0,676,0
8.201857089996338,214253,466260,471012,468726,11837,0,676,0
8.227362155914307,214253,466260,471012,468726,11837,0,676,0
8.25489616394043,214253,466260,471012,468726,11837,0,676,0
8.282344102859497,214253,466260,471012,468726,11837,0,676,0
8.311313152313232,214253,466260,471012,468726,11837,0,676,0
8.343660116195679,214253,466260,471012,468726,11837,0,676,0
8.368630170822144,214253,466260,471012,468726,11837,0,676,0
8.407243013381958,214253,466260,471012,468726,11837,0,676,0
8.436753034591675,214253,466260,471012,468726,11837,0,676,0
8.45785903930664,214253,466260,471012,468726,11837,0,676,0
8.473334074020386,214253,466260,471012,468726,11837,0,676,0
8.495421171188354,214253,466260,471012,468726,11837,0,676,0
8.511052131652832,214253,466260,471012,468726,11837,0,676,0
8.526823997497559,214253,466260,471012,468726,11837,0,676,0
8.541985034942627,214253,466260,471012,468726,11837,0,676,0
8.556946039199829,214253,466260,471012,468726,11837,0,676,0
8.57193899154663,214253,466260,471012,468726,11837,0,676,0
8.587159156799316,214253,466260,471012,468726,11837,0,676,0
8.602188110351562,214253,466260,471012,468726,11837,0,676,0
8.624081134796143,214253,466260,471012,468726,11837,0,676,0
8.647984027862549,214253,466260,471012,468726,11837,0,676,0
8.67106819152832,214253,466260,471012,468726,11837,0,676,0
8.695934057235718,214253,466260,471012,468726,11837,0,676,0
8.719499111175537,214253,466260,471012,468726,11837,0,676,0
8.741600036621094,214253,466260,471012,468726,11837,0,676,0
8.766674995422363,214253,466260,471012,468726,11837,0,676,0
8.794912099838257,214253,466260,471012,468726,11837,0,676,0
8.824462175369263,214253,466260,471012,468726,11837,0,676,0
8.84819507598877,214253,466260,471012,468726,11837,0,676,0
8.875974178314209,214253,466260,471012,468726,11837,0,676,0
8.890992164611816,214253,466260,471012,468726,11837,0,676,0
8.905802965164185,214253,466260,471012,468726,11837,0,676,0
8.920865058898926,214253,466260,471012,468726,11837,0,676,0
8.93580412864685,214253,468308,473124,470774,11838,0,676,0
8.950924158096313,214253,470356,475172,472822,11839,0,676,0
8.965875148773193,214253,472404,477220,474870,11840,0,676,0
8.98073697090149,214253,472404,477220,474870,11840,0,676,0
8.995655059814453,214253,472404,477220,474870,11840,0,676,0
9.010446071624756,214253,472404,477220,474870,11840,0,676,0
9.025514125823975,214253,472404,477220,474870,11840,0,676,0
9.040695190429688,214253,472404,477220,474870,11840,0,676,0
9.055685043334961,214253,472404,477220,474870,11840,0,676,0
9.070523977279663,214253,472404,477220,474870,11840,0,676,0
9.085451126098633,214253,472404,477220,474870,11840,0,676,0
9.100327014923096,214253,472404,477220,474870,11840,0,676,0
9.115275144577026,214253,472536,477348,475002,11873,0,676,0
9.130326986312866,214253,472608,477348,475074,11891,0,676,0
9.145730018615723,214253,472608,477348,475074,11891,0,676,0
9.160864114761353,214253,472608,477348,475074,11891,0,676,0
9.175907135009766,214253,472612,477348,475078,11892,0,676,0
9.190983057022095,214253,472612,477348,475078,11892,0,676,0
9.206014156341553,214253,472616,477348,475082,11893,0,676,0
9.221043109893799,214253,472616,477348,475082,11893,0,676,0
9.236202001571655,214253,472616,477348,475082,11893,0,676,0
9.251214981079102,214253,472616,477348,475082,11893,0,676,0
9.266813039779663,214253,472616,477348,475082,11893,0,676,0
9.28175401687622,214253,472616,477348,475082,11893,0,676,0
9.296781063079834,214253,472680,477476,475146,11909,0,676,0
9.311711072921753,214253,472680,477476,475146,11909,0,676,0
9.326765060424805,214253,472680,477476,475146,11909,0,676,0
9.341859102249146,214253,472680,477476,475146,11909,0,676,0
9.35686206817627,214253,472680,477476,475146,11909,0,676,0
9.371900081634521,214253,472680,477476,475146,11909,0,676,0
9.386980056762695,214253,472680,477476,475146,11909,0,676,0
9.401909112930298,214253,472680,477476,475146,11909,0,676,0
9.416900157928467,214253,472680,477476,475146,11909,0,676,0
9.431854963302612,214253,472680,477476,475146,11909,0,676,0
9.446921110153198,214253,472684,477476,475150,11910,0,676,0
9.462016105651855,214253,472684,477476,475150,11910,0,676,0
9.47723913192749,214253,472684,477476,475150,11910,0,676,0
9.492321014404297,214253,472684,477476,475150,11910,0,676,0
9.507626056671143,214253,472684,477476,475150,11910,0,676,0
9.523070096969604,214253,472684,477476,475150,11910,0,676,0
9.538506984710693,214253,478828,483644,481294,11913,0,676,0
9.553774118423462,214253,478828,483644,481294,11913,0,676,0
9.56883716583252,214253,478828,483644,481294,11913,0,676,0
9.583768129348755,214253,484972,489788,487438,11916,0,676,0
9.5988450050354,214253,484972,489788,487438,11916,0,676,0
9.613923072814941,214253,484972,489788,487438,11916,0,676,0
9.628915071487427,214253,484972,489788,487438,11916,0,676,0
9.64391016960144,214253,484972,489788,487438,11916,0,676,0
9.658996105194092,214253,484972,489788,487438,11916,0,676,0
9.674255132675171,214253,484972,489788,487438,11916,0,676,0
9.689383029937744,214253,484972,489788,487438,11916,0,676,0
9.704651117324829,214253,484972,489788,487438,11916,0,676,0
9.719587087631226,214253,484972,489788,487438,11916,0,676,0
9.734704971313477,214253,484972,489788,487438,11916,0,676,0
9.749804019927979,214253,484972,489788,487438,11916,0,676,0
9.764727115631104,214253,484972,489788,487438,11916,0,676,0
9.779968023300171,214253,484972,489788,487438,11916,0,676,0
9.794955968856812,214253,484972,489788,487438,11916,0,676,0
9.809883117675781,214253,425580,430396,428046,11916,0,675,0
9.824730157852173,214253,425580,430396,428046,11916,0,675,0
9.839931964874268,214253,425580,430396,428046,11916,0,675,0
9.855004072189331,214253,425580,430396,428046,11916,0,675,0
9.870238065719604,214253,425580,430396,428046,11916,0,675,0
9.885303020477295,214253,425580,430396,428046,11916,0,675,0
9.900230169296265,214253,425580,430396,428046,11916,0,675,0
9.915122985839844,214253,425580,430396,428046,11916,0,675,0
9.930207014083862,214253,425580,430396,428046,11916,0,675,0
9.945197105407715,214253,425580,430396,428046,11916,0,675,0
9.96001410484314,214253,425580,430396,428046,11916,0,675,0
9.97527003288269,214253,425580,430396,428046,11916,0,675,0
9.990652084350586,214253,425580,430396,428046,11916,0,675,0
10.00600004196167,214253,425580,430396,428046,11916,0,675,0
10.021258115768433,214253,427628,432444,430094,11917,0,675,0
10.036586046218872,214253,429676,434492,432142,11918,0,675,0
10.051793098449707,214253,429676,434492,432142,11918,0,675,0
10.067023038864136,214253,431724,436540,434190,11919,0,675,0
10.082298994064331,214253,433772,438588,436238,11920,0,675,0
10.097531080245972,214253,433772,438588,436238,11920,0,675,0
10.112748146057129,214253,433772,438588,436238,11920,0,675,0
10.127915143966675,214253,433772,438588,436238,11920,0,675,0
10.14318299293518,214253,433772,438588,436238,11920,0,675,0
10.158379077911377,214253,433772,438588,436238,11920,0,675,0
10.173372983932495,214253,433772,438588,436238,11920,0,675,0
10.188701152801514,214253,439916,444732,442382,11923,0,675,0
10.204147100448608,214253,444012,448828,446478,11925,0,675,0
10.219452142715454,214253,444012,448828,446478,11925,0,675,0
10.235440969467163,214253,444012,448828,446478,11925,0,675,0
10.25081205368042,214253,446060,450876,448526,11926,0,675,0
10.265935182571411,214253,446060,450876,448526,11926,0,675,0
10.281155109405518,214253,446060,450876,448526,11926,0,675,0
10.296287059783936,214253,446124,450876,448590,11942,0,675,0
10.311243057250977,214253,446124,450876,448590,11942,0,675,0
10.326444149017334,214253,446124,450876,448590,11942,0,675,0
10.341685056686401,214253,446124,450876,448590,11942,0,675,0
10.356947183609009,214253,446124,450876,448590,11942,0,675,0
10.372478008270264,214253,446124,450876,448590,11942,0,675,0
10.389157056808472,214253,446124,450876,448590,11942,0,675,0
10.40493106842041,214253,448236,452988,450702,11959,0,675,0
10.42053508758545,214253,448236,452988,450702,11959,0,675,0
10.435918092727661,214253,448236,452988,450702,11959,0,675,0
10.45115613937378,214253,448236,452988,450702,11959,0,675,0
10.467734098434448,214253,448236,452988,450702,11959,0,675,0
10.483772039413452,214253,448236,452988,450702,11959,0,675,0
10.500193119049072,214253,448236,452988,450702,11959,0,675,0
10.516430139541626,214253,448236,452988,450702,11959,0,675,0
10.532785177230835,214253,448236,452988,450702,11959,0,675,0
10.548746109008789,214253,450284,455100,452750,11960,0,675,0
10.565113067626953,214253,450284,455100,452750,11960,0,675,0
10.581140041351318,214253,452332,457148,454798,11961,0,675,0
10.597247123718262,214253,452332,457148,454798,11961,0,675,0
10.613353967666626,214253,452332,457148,454798,11961,0,675,0
10.629295110702515,214253,452332,457148,454798,11961,0,675,0
10.645382165908813,214253,460524,465340,462990,11965,0,676,0
10.661661148071289,214253,460524,465340,462990,11965,0,676,0
10.677677154541016,214253,460524,465340,462990,11965,0,676,0
10.69343614578247,214253,460524,465340,462990,11965,0,676,0
10.709396123886108,214253,460524,465340,462990,11965,0,676,0
10.725617170333862,214253,460524,465340,462990,11965,0,676,0
10.741615056991577,214253,460524,465340,462990,11965,0,676,0
10.758007049560547,214253,460524,465340,462990,11965,0,676,0
10.774332046508789,214253,460524,465340,462990,11965,0,676,0
10.790590047836304,214253,462572,467388,465038,11966,0,676,0
10.80730414390564,214253,462572,467388,465038,11966,0,676,0
10.823829174041748,214253,462572,467388,465038,11966,0,676,0
10.840097188949585,214253,462572,467388,465038,11966,0,676,0
10.856276988983154,214253,462572,467388,465038,11966,0,676,0
10.872444152832031,214253,462572,467388,465038,11966,0,676,0
10.888653993606567,214253,462572,467388,465038,11966,0,676,0
10.90496301651001,214253,462572,467388,465038,11966,0,676,0
10.92103099822998,214253,462572,467388,465038,11966,0,676,0
10.936655044555664,214253,464620,469436,467086,11967,0,676,0
10.952892065048218,214253,466668,471484,469134,11968,0,676,0
10.969048976898193,214253,466668,471484,469134,11968,0,676,0
10.985040187835693,214253,466668,471484,469134,11968,0,676,0
11.00126600265503,214253,466668,471484,469134,11968,0,676,0
11.0173921585083,214253,466668,471484,469134,11968,0,676,0
11.033457040786743,214253,466668,471484,469134,11968,0,676,0
11.049405097961426,214253,466668,471484,469134,11968,0,676,0
11.065577983856201,214253,468716,473532,471182,11969,0,676,0
11.08189606666565,214253,468716,473532,471182,11969,0,676,0
11.098152160644531,214253,468716,473532,471182,11969,0,676,0
11.114416122436523,214253,468716,473532,471182,11969,0,676,0
11.130484104156494,214253,470764,475580,473230,11970,0,676,0
11.146749019622803,214253,470764,475580,473230,11970,0,676,0
11.163015127182007,214253,470764,475580,473230,11970,0,676,0
11.179816007614136,214253,470764,475580,473230,11970,0,676,0
11.196762084960938,214253,470764,475580,473230,11970,0,676,0
11.213611125946045,214253,470764,475580,473230,11970,0,676,0
11.230054140090942,214253,470764,475580,473230,11970,0,676,0
11.246878147125244,214253,470764,475580,473230,11970,0,676,0
11.262813091278076,214253,470764,475580,473230,11970,0,676,0
11.279091119766235,214253,470764,475580,473230,11970,0,676,0
11.2949800491333,214253,470764,475580,473230,11970,0,676,0
11.310914039611816,214253,470764,475580,473230,11970,0,676,0
11.327003002166748,214253,470764,475580,473230,11970,0,676,0
11.342862129211426,214253,470764,475580,473230,11970,0,676,0
11.359071016311646,214253,470764,475580,473230,11970,0,676,0
11.375097036361694,214253,472812,477628,475278,11971,0,676,0
11.39098596572876,214253,472812,477628,475278,11971,0,676,0
11.407435178756714,214253,474860,481724,477326,11972,0,676,0
11.42392110824585,214253,476908,481724,479374,11973,0,676,0
11.440292119979858,214253,476908,481724,479374,11973,0,676,0
11.457264184951782,214253,476908,481724,479374,11973,0,676,0
11.473595142364502,214253,476908,481724,479374,11973,0,676,0
11.489773035049438,214253,476908,481724,479374,11973,0,676,0
11.505918025970459,214253,478956,483772,481422,11974,0,676,0
11.521881103515625,214253,478956,483772,481422,11974,0,676,0
11.537989139556885,214253,478956,483772,481422,11974,0,676,0
11.554332971572876,214253,478956,483772,481422,11974,0,676,0
11.570327043533325,214253,483052,487868,485518,11976,0,676,0
11.586779117584229,214253,485100,489916,487566,11976,0,676,0
11.603061199188232,214253,485100,489916,487566,11977,0,676,0
11.61945104598999,214253,485276,490044,487742,12021,0,676,0
11.635815143585205,214253,485276,490044,487742,12021,0,676,0
11.652554988861084,214253,485276,490044,487742,12021,0,676,0
11.668740034103394,214253,485276,490044,487742,12021,0,676,0
11.68473505973816,214253,485276,490044,487742,12021,0,676,0
11.700661182403564,214253,489372,494188,491838,12022,0,676,0
11.716631174087524,214253,491420,496236,493886,12024,0,676,0
11.73215913772583,214253,491416,496196,493882,12065,0,676,0
11.7484130859375,214253,491416,496196,493882,12065,0,676,0
11.764440059661865,214253,491416,496196,493882,12065,0,676,0
11.780517101287842,214253,491228,496044,493694,12065,0,676,0
11.79674506187439,214253,491228,496044,493694,12065,0,676,0
11.812774181365967,214253,491228,496044,493694,12065,0,676,0
11.82908010482788,214253,491228,496044,493694,12065,0,676,0
11.844670057296753,214253,491100,495916,493566,12065,0,676,0
11.860947132110596,214253,493148,497964,495614,12066,0,676,0
11.876690149307251,214253,493148,497964,495614,12066,0,676,0
11.892665147781372,214253,497244,502060,499710,12068,0,676,0
11.908887147903442,214253,497244,502060,499710,12068,0,676,0
11.924986124038696,214253,501340,506156,503806,12070,0,676,0
11.941061019897461,214253,503388,508204,505854,12071,0,676,0
11.957345962524414,214253,505436,510252,507902,12072,0,676,0
11.97341012954712,214253,505436,510252,507902,12072,0,676,0
11.989830017089844,214253,505436,510252,507902,12072,0,676,0
12.005969047546387,214253,505436,510252,507902,12072,0,676,0
12.022061109542847,214253,505436,510252,507902,12072,0,676,0
12.038540124893188,214253,505436,510252,507902,12072,0,676,0
12.054673194885254,214253,507484,512300,509950,12073,0,676,0
12.070913076400757,214253,511580,516396,514046,12075,0,676,0
12.087218046188354,214253,511580,516396,514046,12075,0,676,0
12.10341215133667,214253,511580,516396,514046,12075,0,676,0
12.11950397491455,214253,511580,516396,514046,12075,0,676,0
12.135228157043457,214253,513628,518444,516094,12076,0,676,0
12.151396036148071,214253,513628,518444,516094,12076,0,676,0
12.167585134506226,214253,513628,518444,516094,12076,0,676,0
12.184000015258789,214253,513628,518444,516094,12076,0,676,0
12.1999990940094,214253,513628,518444,516094,12076,0,676,0
12.216256141662598,214253,513628,518444,516094,12076,0,676,0
12.232784032821655,214253,513628,518444,516094,12076,0,676,0
12.248947143554688,214253,513628,518444,516094,12076,0,676,0
12.264750003814697,214253,513628,518444,516094,12076,0,676,0
12.28099799156189,214253,513628,518444,516094,12076,0,676,0
12.297229051589966,214253,513628,518444,516094,12076,0,676,0
12.313413143157959,214253,513628,518444,516094,12076,0,676,0
12.329519987106323,214253,513628,518444,516094,12076,0,676,0
12.345964193344116,214253,513628,518444,516094,12076,0,676,0
12.362110137939453,214253,515676,520492,518142,12077,0,676,0
12.378180027008057,214253,515676,520492,518142,12077,0,676,0
12.394145011901855,214253,515676,520492,518142,12077,0,676,0
12.41014814376831,214253,515676,520492,518142,12077,0,676,0
12.425830125808716,214253,515676,520492,518142,12077,0,676,0
12.44190001487732,214253,515676,520492,518142,12077,0,676,0
12.457913160324097,214253,515676,520492,518142,12077,0,676,0
12.474492073059082,214253,515676,520492,518142,12077,0,676,0
12.490385055541992,214253,517724,522540,520190,12078,0,676,0
12.505908966064453,214253,517724,522540,520190,12078,0,676,0
12.521613121032715,214253,523868,528684,526334,12081,0,677,0
12.537775993347168,214253,527964,532780,530430,12083,0,677,0
12.55357313156128,214253,527964,532780,530430,12083,0,677,0
12.56943416595459,214253,527964,532780,530430,12083,0,677,0
12.585203170776367,214253,527964,532780,530430,12083,0,677,0
12.600728034973145,214253,527964,532780,530430,12083,0,677,0
12.61667513847351,214253,527964,532780,530430,12083,0,677,0
12.632435083389282,214253,527964,532780,530430,12083,0,677,0
12.64820909500122,214253,527964,532780,530430,12083,0,677,0
12.663937091827393,214253,527964,532780,530430,12083,0,677,0
12.680200099945068,214253,527964,532780,530430,12083,0,677,0
12.6963951587677,214253,527964,532780,530430,12083,0,677,0
12.712016105651855,214253,527964,532780,530430,12083,0,677,0
12.72785210609436,214253,527964,532780,530430,12083,0,677,0
12.74376916885376,214253,527964,532780,530430,12083,0,677,0
12.759979963302612,214253,527964,532780,530430,12083,0,677,0
12.775972127914429,214253,527964,532780,530430,12083,0,677,0
12.792240142822266,214253,530012,534828,532478,12084,0,677,0
12.80737018585205,214253,530012,534828,532478,12084,0,677,0
12.822723150253296,214253,530012,534828,532478,12084,0,677,0
12.837754964828491,214253,530012,534828,532478,12084,0,677,0
12.852760076522827,214253,530012,534828,532478,12084,0,677,0
12.867751121520996,214253,530012,534828,532478,12084,0,677,0
12.882750034332275,214253,530012,534828,532478,12084,0,677,0
12.897744178771973,214253,530012,534828,532478,12084,0,677,0
12.91274619102478,214253,530012,534828,532478,12084,0,677,0
12.927744150161743,214253,530012,534828,532478,12084,0,677,0
12.942723989486694,214253,530012,534828,532478,12084,0,677,0
12.957633018493652,214253,530012,534828,532478,12084,0,677,0
12.972316980361938,214253,530012,534828,532478,12084,0,677,0
12.987015008926392,214253,530012,534828,532478,12084,0,677,0
13.001842021942139,214253,530012,534828,532478,12084,0,677,0
13.016837120056152,214253,530012,534828,532478,12084,0,677,0
13.031798124313354,214253,530012,534828,532478,12084,0,677,0
13.04688310623169,214253,530012,534828,532478,12084,0,677,0
13.061866044998169,214253,530012,534828,532478,12084,0,677,0
13.076877117156982,214253,530012,534828,532478,12084,0,677,0
13.091714143753052,214253,530012,534828,532478,12084,0,677,0
13.106897115707397,214253,530012,534828,532478,12084,0,677,0
13.12175703048706,214253,530012,534828,532478,12084,0,677,0
13.136758089065552,214253,530012,534828,532478,12084,0,677,0
13.151714086532593,214253,530012,534828,532478,12084,0,677,0
13.166342973709106,214253,530012,534828,532478,12084,0,677,0
13.180874109268188,214253,530012,534828,532478,12084,0,677,0
13.195898056030273,214253,530012,534828,532478,12084,0,677,0
13.21072506904602,214253,530012,534828,532478,12084,0,677,0
13.225635051727295,214253,530012,534828,532478,12084,0,677,0
13.240708112716675,214253,530012,534828,532478,12084,0,677,0
13.25545597076416,214253,530012,534828,532478,12084,0,677,0
13.270194053649902,214253,530012,534828,532478,12084,0,677,0
13.28487515449524,214253,530012,534828,532478,12084,0,677,0
13.299901008605957,214253,530012,534828,532478,12084,0,677,0
13.314871072769165,214253,530012,534828,532478,12084,0,677,0
13.3299081325531,214253,530012,534828,532478,12084,0,677,0
13.344886064529419,214253,530012,534828,532478,12084,0,677,0
13.359892129898071,214253,530012,534828,532478,12084,0,677,0
13.37470006942749,214253,530012,534828,532478,12084,0,677,0
13.390105962753296,214253,530012,534828,532478,12084,0,677,0
13.404839992523193,214253,530012,534828,532478,12084,0,677,0
13.419718027114868,214253,530012,534828,532478,12084,0,677,0
13.434839010238647,214253,530012,534828,532478,12084,0,677,0
13.449644088745117,214253,530012,534828,532478,12084,0,677,0
13.465069055557251,214253,530012,534828,532478,12084,0,677,0
13.479849100112915,214253,530012,534828,532478,12084,0,677,0
13.494855165481567,214253,530012,534828,532478,12084,0,677,0
13.510066032409668,214253,530012,534828,532478,12084,0,677,0
13.525046110153198,214253,530012,534828,532478,12084,0,677,0
13.539929151535034,214253,530012,534828,532478,12084,0,677,0
13.554824113845825,214253,530012,534828,532478,12084,0,677,0
13.569359064102173,214253,530012,534828,532478,12084,0,677,0
13.58427619934082,214253,530012,534828,532478,12084,0,677,0
13.598988056182861,214253,530012,534828,532478,12084,0,677,0
13.614060163497925,214253,530012,534828,532478,12084,0,677,0
13.628813982009888,214253,530012,534828,532478,12084,0,677,0
13.643450021743774,214253,530012,534828,532478,12084,0,677,0
13.658671140670776,214253,530012,534828,532478,12084,0,677,0
13.673856019973755,214253,530012,534828,532478,12084,0,677,0
13.688778162002563,214253,530012,534828,532478,12084,0,677,0
13.703728199005127,214253,530012,534828,532478,12084,0,677,0
13.718660116195679,214253,530012,534828,532478,12084,0,677,0
13.733405113220215,214253,530012,534828,532478,12084,0,677,0
13.748630046844482,214253,530012,534828,532478,12084,0,677,0
13.763666152954102,214253,530012,534828,532478,12084,0,677,0
13.778735160827637,214253,530012,534828,532478,12084,0,677,0
13.79403305053711,214253,530012,534828,532478,12084,0,677,0
13.808861017227173,214253,530012,534828,532478,12084,0,677,0
13.82383918762207,214253,530012,534828,532478,12084,0,677,0
13.838788986206055,214253,530012,534828,532478,12084,0,677,0
13.853671073913574,214253,530012,534828,532478,12084,0,677,0
13.868290185928345,214253,530012,534828,532478,12084,0,677,0
13.882821083068848,214253,530012,534828,532478,12084,0,677,0
13.897958040237427,214253,530012,534828,532478,12084,0,677,0
13.913385152816772,214253,527964,532780,530430,12084,0,677,0
13.927900075912476,214253,527964,532780,530430,12084,0,677,0
13.94289517402649,214253,527964,532780,530430,12084,0,677,0
13.95789909362793,214253,527964,532780,530430,12084,0,677,0
13.972754001617432,214253,527964,532780,530430,12084,0,677,0
13.987702131271362,214253,527964,532780,530430,12084,0,677,0
14.003252983093262,214253,532060,536876,534526,12086,0,677,0
14.018923997879028,214253,538204,545068,540670,12089,0,677,0
14.03447699546814,214253,546396,551212,548862,12093,0,677,0
14.050379991531372,214253,554588,559404,557054,12097,0,678,0
14.065956115722656,214253,562780,567596,565246,12101,0,678,0
14.081523180007935,214253,570972,575788,573438,12104,0,678,0
14.097238063812256,214253,577116,581932,579582,12108,0,678,0
14.1131010055542,214253,587356,592172,589822,12113,0,678,0
14.132277965545654,214253,595548,600364,598014,12117,0,678,0
14.148482084274292,214253,601692,608556,604158,12120,0,678,0
14.164288997650146,214253,609884,614700,612350,12124,0,678,0
14.179965019226074,214253,618076,622892,620542,12128,0,679,0
14.195540189743042,214253,626268,631084,628734,12132,0,679,0
14.211369037628174,214253,634460,639276,636926,12135,0,679,0
14.227272033691406,214253,640604,645420,643070,12139,0,679,0
14.243082046508789,214253,648796,653612,651262,12143,0,679,0
14.258922100067139,214253,656988,661804,659454,12147,0,680,0
14.274655103683472,214253,665180,669996,667646,12150,0,680,0
14.290629148483276,214253,671324,678188,673790,12154,0,680,0
14.30635404586792,214253,679516,684332,681982,12158,0,680,0
14.322000980377197,214253,687708,692524,690174,12162,0,680,0
14.33795714378357,214253,695900,700716,698366,12166,0,680,0
14.354164123535156,214253,704092,708908,706558,12169,0,680,0
14.369923114776611,214253,710236,715052,712702,12173,0,680,0
14.385663032531738,214253,718428,723244,720894,12177,0,681,0
14.401446104049683,214253,726620,731436,729086,12181,0,681,0
14.416975975036621,214253,732764,739628,735230,12184,0,681,0
14.4324951171875,214253,740956,745772,743422,12188,0,681,0
14.448405981063843,214253,749148,753964,751614,12192,0,682,0
14.463943004608154,214253,757340,762156,759806,12196,0,682,0
14.479578018188477,214253,765532,770348,767998,12199,0,682,0
14.495437145233154,214253,771676,778540,774142,12203,0,682,0
14.511113166809082,214253,779868,784684,782334,12207,0,682,0
14.526762962341309,214253,788060,792876,790526,12211,0,682,0
14.542540073394775,214253,796252,801068,798718,12215,0,682,0
14.558422088623047,214253,802396,809260,804862,12218,0,682,0
14.574135065078735,214253,810588,815404,813054,12222,0,682,0
14.59003496170044,214253,818780,823596,821246,12226,0,683,0
14.605717182159424,214253,826972,831788,829438,12230,0,683,0
14.621277093887329,214253,835164,839980,837630,12233,0,683,0
14.637151002883911,214253,841308,848172,843774,12237,0,683,0
14.652925968170166,214253,849500,854316,851966,12241,0,684,0
14.668383121490479,214253,857692,862508,860158,12245,0,684,0
14.68414306640625,214253,865884,870700,868350,12249,0,684,0
14.70003604888916,214253,872028,878892,874494,12252,0,684,0
14.71572208404541,214253,880220,885036,882686,12256,0,684,0
14.731216192245483,214253,888412,893228,890878,12260,0,684,0
14.74695611000061,214253,896604,901420,899070,12264,0,684,0
14.763120174407959,214253,904796,909612,907262,12267,0,684,0
14.77905011177063,214253,910940,917804,913406,12271,0,685,0
14.794761180877686,214253,919132,923948,921598,12275,0,685,0
14.810528993606567,214253,925276,930092,927742,12277,0,685,0
14.826158046722412,214253,931420,936236,933886,12281,0,685,0
14.841817140579224,214253,939612,944428,942078,12285,0,685,0
14.857700109481812,214253,947804,952620,950270,12289,0,686,0
14.873229026794434,214253,955996,960812,958462,12292,0,686,0
14.888705015182495,214253,962140,969004,964606,12296,0,686,0
14.904320001602173,214253,970332,975148,972798,12300,0,686,0
14.920196056365967,214253,978524,983340,980990,12304,0,686,0
14.935770988464355,214253,986716,991532,989182,12308,0,686,0
14.951479196548462,214253,992860,999724,995326,12311,0,686,0
14.966969013214111,214253,1001052,1005868,1003518,12315,0,686,0
14.982400178909302,214253,1009244,1014060,1011710,12319,0,686,0
14.997812986373901,214253,1017436,1022252,1019902,12323,0,687,0
15.013414144515991,214253,1025628,1030444,1028094,12326,0,687,0
15.028865098953247,214253,1031772,1036588,1034238,12330,0,687,0
15.044815063476562,214253,1039964,1044780,1042430,12334,0,687,0
15.060468196868896,214253,1048156,1052972,1050622,12338,0,688,0
15.076478004455566,214253,1056348,1061164,1058814,12342,0,688,0
15.092329025268555,214253,1062492,1069356,1064958,12345,0,688,0
15.108121156692505,214253,1070684,1075500,1073150,12349,0,688,0
15.12378716468811,214253,1078876,1083692,1081342,12353,0,688,0
15.13959813117981,214253,1087068,1091884,1089534,12357,0,688,0
15.155187129974365,214253,1095260,1100076,1097726,12360,0,688,0
15.170845031738281,214253,1101404,1108268,1103870,12364,0,688,0
15.186797142028809,214253,1109596,1114412,1112062,12368,0,688,0
15.202524185180664,214253,1117788,1122604,1120254,12372,0,689,0
15.218300104141235,214253,1125980,1130796,1128446,12376,0,689,0
15.233910083770752,214253,1134172,1138988,1136638,12379,0,689,0
15.249401092529297,214253,1140316,1145132,1142782,12383,0,689,0
15.264881134033203,214253,1148508,1153324,1150974,12387,0,690,0
15.280492067337036,214253,1156700,1161516,1159166,12391,0,690,0
15.296267032623291,214253,1164892,1169708,1167358,12394,0,690,0
15.31217098236084,214253,1171036,1175852,1173502,12398,0,690,0
15.327919006347656,214253,1179228,1184044,1181694,12402,0,690,0
15.343693971633911,214253,1187420,1192236,1189886,12406,0,690,0
15.359268188476562,214253,1195612,1200428,1198078,12409,0,690,0
15.37523603439331,214253,1201756,1208620,1204222,12413,0,690,0
15.39099907875061,214253,1209948,1214764,1212414,12417,0,691,0
15.407052040100098,214253,1218140,1222956,1220606,12421,0,691,0
15.422473192214966,214253,1226332,1231148,1228798,12425,0,691,0
15.438464164733887,214253,1234524,1239340,1236990,12428,0,691,0
15.454122066497803,214253,1240668,1245484,1243134,12432,0,691,0
15.469953060150146,214253,1248860,1253676,1251326,12436,0,692,0
15.485490083694458,214253,1257052,1261868,1259518,12440,0,692,0
15.501479148864746,214253,1265244,1270060,1267710,12444,0,692,0
15.517383098602295,214253,1271388,1278252,1273854,12447,0,692,0
15.533297061920166,214253,1279580,1284396,1282046,12451,0,692,0
15.548949003219604,214253,1287772,1292588,1290238,12455,0,692,0
15.564742088317871,214253,1291908,1296684,1294374,12457,0,692,0
15.580727100372314,214253,1300104,1304920,1302570,12472,0,692,0
15.59640097618103,214253,1306248,1313112,1308714,12475,0,693,0
15.612001180648804,214253,1314440,1319256,1316906,12479,0,693,0
15.627743005752563,214253,1322632,1327448,1325098,12483,0,693,0
15.643298149108887,214253,1330824,1335640,1333290,12487,0,693,0
15.658866167068481,214253,1339016,1343832,1341482,12490,0,693,0
15.674782037734985,214253,1345160,1349976,1347626,12494,0,694,0
15.690441131591797,214253,1353352,1358168,1355818,12498,0,694,0
15.706264972686768,214253,1361544,1366360,1364010,12502,0,694,0
15.721880197525024,214253,1369736,1374552,1372202,12505,0,694,0
15.737841129302979,214253,1375880,1380696,1378346,12509,0,694,0
15.753674030303955,214253,1384072,1388888,1386538,12513,0,694,0
15.76963496208191,214253,1392264,1397080,1394730,12517,0,694,0
15.785524129867554,214253,1400456,1405272,1402922,12520,0,694,0
15.801401138305664,214253,1406600,1411416,1409066,12524,0,695,0
15.817289113998413,214253,1414792,1419608,1417258,12528,0,695,0
15.833263158798218,214253,1422984,1427800,1425450,12532,0,695,0
15.849094152450562,214253,1429128,1435992,1431594,12535,0,695,0
15.864870071411133,214253,1437320,1442136,1439786,12539,0,695,0
15.88066816329956,214253,1445512,1450328,1447978,12543,0,696,0
15.896416187286377,214253,1453704,1458520,1456170,12547,0,696,0
15.91222596168518,214253,1459848,1466712,1462314,12550,0,696,0
15.928311109542847,214253,1468040,1472856,1470506,12554,0,696,0
15.944091081619263,214253,1476232,1481048,1478698,12558,0,696,0
15.960214138031006,214253,1476232,1481048,1478698,12562,0,696,0
15.976055145263672,214253,1482376,1489240,1484842,12565,0,696,0
15.99175214767456,214253,1490568,1495384,1493034,12569,0,696,0
16.007898092269897,214253,1498760,1503576,1501226,12573,0,696,0
16.02387309074402,214253,1506952,1511768,1509418,12577,0,697,0
16.03953504562378,214253,1515144,1519960,1517610,12580,0,697,0
16.05500102043152,214253,1521288,1526104,1523754,12584,0,697,0
16.070657968521118,214253,1529480,1534296,1531946,12588,0,697,0
16.08617401123047,214253,1537672,1542488,1540138,12592,0,698,0
16.101688146591187,214253,1543816,1550680,1546282,12595,0,698,0
16.11712408065796,214253,1552008,1556824,1554474,12599,0,698,0
16.132708072662354,214253,1560200,1565016,1562666,12603,0,698,0
16.148117065429688,214253,1568392,1573208,1570858,12607,0,698,0
16.16348099708557,214253,1576584,1581400,1579050,12610,0,698,0
16.17901110649109,214253,1582728,1589592,1585194,12614,0,698,0
16.19450616836548,214253,1590920,1595736,1593386,12618,0,698,0
16.210076093673706,214253,1599112,1603928,1601578,12622,0,698,0
16.225701093673706,214253,1607304,1612120,1609770,12626,0,699,0
16.241286993026733,214253,1615496,1620312,1617962,12629,0,699,0
16.256774187088013,214253,1621640,1626456,1624106,12633,0,699,0
16.272276163101196,214253,1629832,1634648,1632298,12637,0,699,0
16.287842988967896,214253,1638024,1642840,1640490,12641,0,700,0
16.30346918106079,214253,1646216,1651032,1648682,12644,0,700,0
16.31916618347168,214253,1652360,1659224,1654826,12648,0,700,0
16.33472204208374,214253,1660552,1665368,1663018,12652,0,700,0
16.35069704055786,214253,1668744,1673560,1671210,12656,0,700,0
16.36644196510315,214253,1676936,1681752,1679402,12660,0,700,0
16.382209062576294,214253,1683080,1689944,1685546,12663,0,700,0
16.397817134857178,214253,1691272,1696088,1693738,12667,0,700,0
16.41340208053589,214253,1699464,1704280,1701930,12671,0,700,0
16.4291729927063,214253,1707656,1712472,1710122,12675,0,701,0
16.445192098617554,214253,1715848,1720664,1718314,12679,0,701,0
16.460833072662354,214253,1721992,1726808,1724458,12682,0,701,0
16.47665810585022,214253,1730184,1735000,1732650,12686,0,701,0
16.492492198944092,214253,1738376,1743192,1740842,12690,0,702,0
16.50823998451233,214253,1744520,1751384,1746986,12693,0,702,0
16.524104118347168,214253,1752712,1757528,1755178,12697,0,702,0
16.539913177490234,214253,1760904,1765720,1763370,12701,0,702,0
16.555816173553467,214253,1769096,1773912,1771562,12705,0,702,0
16.57172703742981,214253,1777288,1782104,1779754,12708,0,702,0
16.587666988372803,214253,1783432,1790296,1785898,12712,0,702,0
16.603816032409668,214253,1791624,1796440,1794090,12716,0,702,0
16.619490146636963,214253,1799816,1804632,1802282,12720,0,703,0
16.6358060836792,214253,1808008,1812824,1810474,12724,0,703,0
16.65187096595764,214253,1816200,1821016,1818666,12727,0,703,0
16.66771411895752,214253,1822344,1827160,1824810,12731,0,703,0
16.683669090270996,214253,1830536,1835352,1833002,12735,0,703,0
16.699478149414062,214253,1838728,1843544,1841194,12739,0,704,0
16.715269088745117,214253,1846920,1851736,1849386,12742,0,704,0
16.731292009353638,214253,1853064,1857880,1855530,12746,0,704,0
16.746941089630127,214253,1861256,1866072,1863722,12750,0,704,0
16.762771129608154,214253,1869448,1874264,1871914,12754,0,704,0
16.778709173202515,214253,1877640,1882456,1880106,12757,0,704,0
16.794528007507324,214253,1883784,1890648,1886250,12761,0,704,0
16.81045913696289,214253,1891976,1896792,1894442,12765,0,704,0
16.826181173324585,214253,1900168,1904984,1902634,12769,0,705,0
16.842344045639038,214253,1908360,1913176,1910826,12773,0,705,0
16.858018159866333,214253,1914504,1919320,1916970,12776,0,705,0
16.873716115951538,214253,1922696,1927512,1925162,12780,0,705,0
16.88933801651001,214253,1930888,1935704,1933354,12784,0,706,0
16.904967069625854,214253,1939080,1943896,1941546,12788,0,706,0
16.920926094055176,214253,1945224,1952088,1947690,12791,0,706,0
16.93682599067688,214253,1953416,1958232,1955882,12795,0,706,0
16.952694177627563,214253,1961608,1966424,1964074,12799,0,706,0
16.968515157699585,214253,1969800,1974616,1972266,12803,0,706,0
16.984153985977173,214253,1977992,1982808,1980458,12806,0,706,0
17.000049114227295,214253,1984136,1991000,1986602,12810,0,706,0
17.01571297645569,214253,1992328,1997144,1994794,12814,0,706,0
17.031577110290527,214253,2000520,2005336,2002986,12818,0,707,0
17.047991037368774,214253,2008712,2013528,2011178,12822,0,707,0
17.064167976379395,214253,2016904,2021720,2019370,12825,0,707,0
17.080168962478638,214253,2023048,2029912,2025514,12829,0,707,0
17.095872163772583,214253,2031240,2036056,2033706,12833,0,708,0
17.111509084701538,214253,2039432,2044248,2041898,12837,0,708,0
17.12725305557251,214253,2047624,2052440,2050090,12840,0,708,0
17.142943143844604,214253,2053768,2058584,2056234,12844,0,708,0
17.158778190612793,214253,2061960,2066776,2064426,12848,0,708,0
17.174479007720947,214253,2070152,2074968,2072618,12852,0,708,0
17.190078020095825,214253,2078344,2083160,2080810,12856,0,708,0
17.205713987350464,214253,2084488,2091352,2086954,12859,0,708,0
17.22145915031433,214253,2092680,2097496,2095146,12863,0,708,0
17.23724603652954,214253,2100872,2105688,2103338,12867,0,709,0
17.252865076065063,214253,2109064,2113880,2111530,12871,0,709,0
17.26873803138733,214253,2117256,2122072,2119722,12875,0,709,0
17.284422159194946,214253,2123400,2130264,2125866,12878,0,709,0
17.300316095352173,214253,2131592,2136408,2134058,12882,0,710,0
17.31615400314331,214253,2139784,2144600,2142250,12886,0,710,0
17.331746101379395,214253,2147976,2152792,2150442,12890,0,710,0
17.347862005233765,214253,2156168,2160984,2158634,12893,0,710,0
17.36368203163147,214253,2162312,2169176,2164778,12897,0,710,0
17.379435062408447,214253,2170504,2175320,2172970,12901,0,710,0
17.39531397819519,214253,2178696,2183512,2181162,12905,0,710,0
17.411123037338257,214253,2186888,2191704,2189354,12909,0,710,0
17.426988124847412,214253,2195080,2199896,2197546,12912,0,711,0
17.442718029022217,214253,2201224,2208088,2203690,12916,0,711,0
17.45811414718628,214253,2209416,2214232,2211882,12920,0,711,0
17.47368597984314,214253,2217608,2222424,2220074,12924,0,711,0
17.4889919757843,214253,2225800,2230616,2228266,12928,0,712,0
17.504502058029175,214253,2231988,2236760,2234454,12932,0,712,0
17.520328998565674,214253,2240184,2245000,2242650,12947,0,712,0
17.535680055618286,214253,2246328,2251144,2248794,12950,0,712,0
17.551043033599854,214253,2254520,2259336,2256986,12954,0,712,0
17.566346168518066,214253,2262712,2267528,2265178,12958,0,712,0
17.581833124160767,214253,2270904,2275720,2273370,12962,0,712,0
17.597241163253784,214253,2279096,2283912,2281562,12965,0,712,0
17.612571001052856,214253,2285240,2292104,2287706,12969,0,712,0
17.627897024154663,214253,2293432,2300296,2295898,12973,0,713,0
17.643277168273926,214253,2301624,2306440,2304090,12977,0,713,0
17.658533096313477,214253,2309816,2314632,2312282,12981,0,713,0
17.674095153808594,214253,2318008,2322824,2320474,12985,0,713,0
17.68941307067871,214253,2326200,2331016,2328666,12989,0,714,0
17.70470905303955,214253,2334392,2339208,2336858,12993,0,714,0
17.71999502182007,214253,2340540,2347404,2343006,12997,0,714,0
17.73533797264099,214253,2348732,2355596,2351198,13001,0,714,0
17.750684022903442,214253,2356924,2361740,2359390,13005,0,714,0
17.765964031219482,214253,2365116,2369932,2367582,13009,0,714,0
17.781368017196655,214253,2373308,2378124,2375774,13013,0,714,0
17.79663610458374,214253,2381500,2386316,2383966,13017,0,714,0
17.811944007873535,214253,2389692,2394508,2392158,13021,0,715,0
17.827208042144775,214253,2397884,2402700,2400350,13025,0,715,0
17.842631101608276,214253,2406076,2410892,2408542,13029,0,715,0
17.857980012893677,214253,2414268,2419084,2416734,13032,0,715,0
17.873310089111328,214253,2416316,2421132,2418782,13034,0,715,0
17.888825178146362,214253,2422460,2427276,2424926,13037,0,716,0
17.904242038726807,214253,2430652,2435468,2433118,13041,0,716,0
17.919488191604614,214253,2438844,2443660,2441310,13045,0,716,0
17.934875011444092,214253,2447036,2451852,2449502,13049,0,716,0
17.950042963027954,214253,2455228,2460044,2457694,13053,0,716,0
17.96537208557129,214253,2463420,2468236,2465886,13057,0,716,0
17.980695009231567,214253,2471612,2476428,2474078,13061,0,716,0
17.995983123779297,214253,2479804,2484620,2482270,13064,0,716,0
18.011284112930298,214253,2485948,2490764,2488414,13068,0,716,0
18.026957035064697,214253,2494140,2498956,2496606,13072,0,717,0
18.04228711128235,214253,2502332,2507148,2504798,13076,0,717,0
18.057444095611572,214253,2510524,2515340,2512990,13080,0,717,0
18.07282018661499,214253,2518716,2523532,2521182,13084,0,717,0
18.088414192199707,214253,2526908,2531724,2529374,13088,0,718,0
18.10373616218567,214253,2535100,2539916,2537566,13092,0,718,0
18.118975162506104,214253,2543292,2548108,2545758,13096,0,718,0
18.134348154067993,214253,2551484,2556300,2553950,13099,0,718,0
18.14966106414795,214253,2557628,2564492,2560094,13103,0,718,0
18.164968967437744,214253,2565820,2570636,2568286,13107,0,718,0
18.180207014083862,214253,2574012,2578828,2576478,13111,0,718,0
18.19537615776062,214253,2582204,2587020,2584670,13115,0,718,0
18.21089506149292,214253,2588348,2593164,2590814,13118,0,719,0
18.226198196411133,214253,2594492,2599308,2596958,13121,0,719,0
18.241536140441895,214253,2602684,2607500,2605150,13125,0,719,0
18.25693416595459,214253,2610876,2615692,2613342,13129,0,719,0
18.27218198776245,214253,2619068,2623884,2621534,13133,0,720,0
18.28730607032776,214253,2627260,2632076,2629726,13137,0,720,0
18.303050994873047,214253,2635452,2640268,2637918,13141,0,720,0
18.318336963653564,214253,2643644,2648460,2646110,13145,0,720,0
18.333516120910645,214253,2651836,2656652,2654302,13149,0,720,0
18.34890913963318,214253,2660028,2664844,2662494,13152,0,720,0
18.36400604248047,214253,2666172,2673036,2668638,13156,0,720,0
18.379390001296997,214253,2674364,2681228,2676830,13160,0,720,0
18.39485216140747,214253,2682556,2689420,2685022,13164,0,721,0
18.410272121429443,214253,2690748,2695564,2693214,13168,0,721,0
18.425819158554077,214253,2698940,2703756,2701406,13172,0,721,0
18.441006183624268,214253,2707132,2711948,2709598,13176,0,721,0
18.455976009368896,214253,2715324,2720140,2717790,13180,0,721,0
18.471383094787598,214253,2723516,2728332,2725982,13184,0,722,0
18.48695707321167,214253,2731708,2736524,2734174,13188,0,722,0
18.502382040023804,214253,2739900,2744716,2742366,13192,0,722,0
18.517731189727783,214253,2748092,2752908,2750558,13196,0,722,0
18.533022165298462,214253,2756284,2761100,2758750,13200,0,722,0
18.54832696914673,214253,2762428,2769292,2764894,13203,0,722,0
18.563642978668213,214253,2770620,2777484,2773086,13207,0,722,0
18.578956127166748,214253,2778812,2785676,2781278,13211,0,722,0
18.594300985336304,214253,2787004,2791820,2789470,13215,0,723,0
18.60977602005005,214253,2795196,2800012,2797662,13219,0,723,0
18.625041007995605,214253,2803388,2808204,2805854,13223,0,723,0
18.640464067459106,214253,2811580,2816396,2814046,13227,0,723,0
18.65583300590515,214253,2819772,2824588,2822238,13231,0,724,0
18.671208143234253,214253,2827964,2832780,2830430,13235,0,724,0
18.68672513961792,214253,2836156,2840972,2838622,13239,0,724,0
18.70195508003235,214253,2844348,2849164,2846814,13243,0,724,0
18.717732191085815,214253,2852540,2857356,2855006,13247,0,724,0
18.733062028884888,214253,2860732,2865548,2863198,13251,0,724,0
18.748239994049072,214253,2868924,2873740,2871390,13254,0,724,0
18.763458967208862,214253,2875068,2881932,2877534,13258,0,724,0
18.778764009475708,214253,2883260,2890124,2885726,13262,0,725,0
18.79416298866272,214253,2891452,2896268,2893918,13266,0,725,0
18.809486150741577,214253,2899644,2904460,2902110,13270,0,725,0
18.824697971343994,214253,2907836,2912652,2910302,13274,0,725,0
18.839837074279785,214253,2916028,2920844,2918494,13278,0,726,0
18.85525918006897,214253,2924220,2929036,2926686,13282,0,726,0
18.870453119277954,214253,2932412,2937228,2934878,13286,0,726,0
18.88587498664856,214253,2940604,2945420,2943070,13290,0,726,0
18.901255130767822,214253,2948796,2953612,2951262,13294,0,726,0
18.916445016860962,214253,2954940,2961804,2957406,13297,0,726,0
18.931754112243652,214253,2963132,2969996,2965598,13301,0,726,0
18.947100162506104,214253,2971324,2976140,2973790,13305,0,726,0
18.96225619316101,214253,2977468,2982284,2979934,13308,0,726,0
18.977365016937256,214253,2977468,2982284,2979934,13308,0,726,0
18.99282717704773,214253,2981564,2986380,2984030,13310,0,727,0
19.008413076400757,214253,2989756,2994572,2992222,13313,0,727,0
19.023808002471924,214253,2995900,3002764,2998366,13317,0,727,0
19.039170026779175,214253,3004092,3010956,3006558,13321,0,727,0
19.054306983947754,214253,3012284,3019148,3014750,13325,0,728,0
19.06987500190735,214253,3020476,3025292,3022942,13329,0,728,0
19.085023164749146,214253,3028668,3033484,3031134,13333,0,728,0
19.100393056869507,214253,3036860,3041676,3039326,13337,0,728,0
19.115609169006348,214253,3045052,3049868,3047518,13341,0,728,0
19.13085699081421,214253,3053244,3058060,3055710,13345,0,728,0
19.146383047103882,214253,3061436,3066252,3063902,13349,0,728,0
19.16178297996521,214253,3069628,3074444,3072094,13353,0,728,0
19.176985025405884,214253,3077820,3082636,3080286,13357,0,728,0
19.192203044891357,214253,3086012,3090828,3088478,13360,0,729,0
19.20776915550232,214253,3094204,3099020,3096670,13364,0,729,0
19.223031997680664,214253,3100348,3105164,3102814,13368,0,729,0
19.23843002319336,214253,3108540,3113356,3111006,13372,0,729,0
19.25380516052246,214253,3116732,3121548,3119198,13376,0,730,0
19.26923418045044,214253,3124924,3129740,3127390,13380,0,730,0
19.284483194351196,214253,3133116,3137932,3135582,13384,0,730,0
19.299962043762207,214253,3141308,3146124,3143774,13388,0,730,0
19.315168142318726,214253,3149500,3154316,3151966,13391,0,730,0
19.330569982528687,214253,3155644,3162508,3158110,13395,0,730,0
19.34630799293518,214253,3163836,3170700,3166302,13399,0,730,0
19.36168098449707,214253,3172028,3176844,3174494,13403,0,730,0
19.376852989196777,214253,3180220,3185036,3182686,13407,0,731,0
19.392030000686646,214253,3188412,3193228,3190878,13411,0,731,0
19.40718412399292,214253,3196604,3201420,3199070,13415,0,731,0
19.422722101211548,214253,3204796,3209612,3207262,13419,0,731,0
19.43795108795166,214253,3212988,3217804,3215454,13423,0,732,0
19.453270196914673,214253,3221180,3225996,3223646,13427,0,732,0
19.468720197677612,214253,3229372,3234188,3231838,13431,0,732,0
19.48393201828003,214253,3237564,3242380,3240030,13435,0,732,0
19.499065160751343,214253,3245756,3250572,3248222,13439,0,732,0
19.514480113983154,214253,3253948,3258764,3256414,13442,0,732,0
19.52996015548706,214253,3258044,3262860,3260510,13445,0,732,0
19.545650005340576,214253,3258044,3262860,3260510,13445,0,732,0
19.560871124267578,214253,3264188,3269004,3266654,13448,0,732,0
19.576398134231567,214253,3272380,3277196,3274846,13452,0,732,0
19.591641187667847,214253,3280572,3285388,3283038,13456,0,733,0
19.606966972351074,214253,3288764,3293580,3291230,13460,0,733,0
19.622200965881348,214253,3296956,3301772,3299422,13463,0,733,0
19.637696981430054,214253,3303100,3309964,3305566,13467,0,733,0
19.653098106384277,214253,3311292,3318156,3313758,13471,0,734,0
19.66831398010254,214253,3319484,3324300,3321950,13475,0,734,0
19.68364119529724,214253,3327676,3332492,3330142,13479,0,734,0
19.699007034301758,214253,3335868,3340684,3338334,13483,0,734,0
19.714071035385132,214253,3344060,3348876,3346526,13487,0,734,0
19.72973918914795,214253,3350204,3357068,3352670,13490,0,734,0
19.745025157928467,214253,3356348,3361164,3358814,13493,0,734,0
19.76083016395569,214253,3362492,3367308,3364958,13496,0,734,0
19.776270151138306,214253,3370684,3375500,3373150,13499,0,734,0
19.79169011116028,214253,3376828,3383692,3379294,13503,0,735,0
19.80704617500305,214253,3385020,3391884,3387486,13507,0,735,0
19.822196006774902,214253,3393212,3400076,3395678,13511,0,735,0
19.8376681804657,214253,3401404,3406220,3403870,13515,0,735,0
19.852952003479004,214253,3409596,3414412,3412062,13519,0,736,0
19.868290185928345,214253,3417788,3422604,3420254,13523,0,736,0
19.88374614715576,214253,3425980,3430796,3428446,13527,0,736,0
19.899140119552612,214253,3434172,3438988,3436638,13531,0,736,0
19.914292097091675,214253,3442364,3447180,3444830,13535,0,736,0
19.929463148117065,214253,3450556,3455372,3453022,13539,0,736,0
19.944956064224243,214253,3458748,3463564,3461214,13542,0,736,0
19.960319995880127,214253,3464892,3469708,3467358,13546,0,736,0
19.976423978805542,214253,3473084,3477900,3475550,13550,0,737,0
19.991841077804565,214253,3481276,3486092,3483742,13554,0,737,0
20.00729513168335,214253,3489468,3494284,3491934,13558,0,737,0
20.0227210521698,214253,3497660,3502476,3500126,13562,0,737,0
20.038113117218018,214253,3505852,3510668,3508318,13566,0,738,0
20.05352210998535,214253,3514044,3520908,3516510,13570,0,738,0
20.06905198097229,214253,3522236,3529100,3524702,13574,0,738,0
20.0847589969635,214253,3530428,3535244,3532894,13578,0,738,0
20.100277185440063,214253,3538620,3543436,3541086,13582,0,738,0
20.115795135498047,214253,3546812,3551628,3549278,13586,0,738,0
20.131311178207397,214253,3555004,3559820,3557470,13590,0,738,0
20.146934032440186,214253,3563196,3568012,3565662,13594,0,738,0
20.162434101104736,214253,3571388,3576204,3573854,13598,0,739,0
20.1783230304718,214253,3579580,3584396,3582046,13602,0,739,0
20.19405198097229,214253,3587772,3592588,3590238,13605,0,739,0
20.209614038467407,214253,3595964,3600780,3598430,13609,0,739,0
20.225216150283813,214253,3602108,3608972,3604574,13613,0,740,0
20.240801095962524,214253,3610300,3617164,3612766,13617,0,740,0
20.256417989730835,214253,3618492,3623308,3620958,13621,0,740,0
20.271871089935303,214253,3626684,3631500,3629150,13625,0,740,0
20.28739905357361,214253,3634876,3639692,3637342,13629,0,740,0
20.303025007247925,214253,3643068,3647884,3645534,13633,0,740,0
20.318519115447998,214253,3651260,3656076,3653726,13637,0,740,0
20.33410406112671,214253,3659452,3664268,3661918,13641,0,740,0
20.349788188934326,214253,3667644,3672460,3670110,13644,0,740,0
20.36529517173767,214253,3673788,3680652,3676254,13648,0,741,0
20.38103413581848,214253,3681980,3688844,3684446,13652,0,741,0
20.39663815498352,214253,3690172,3697036,3692638,13656,0,741,0
20.41225004196167,214253,3698364,3703180,3700830,13660,0,741,0
20.42792510986328,214253,3706556,3711372,3709022,13664,0,742,0
20.443500995635986,214253,3714748,3719564,3717214,13668,0,742,0
20.459043979644775,214253,3722940,3727756,3725406,13672,0,742,0
20.474794149398804,214253,3731132,3735948,3733598,13676,0,742,0
20.49038815498352,214253,3739324,3744140,3741790,13680,0,742,0
20.505874156951904,214253,3747516,3752332,3749982,13684,0,742,0
20.521321058273315,214253,3755708,3760524,3758174,13688,0,742,0
20.536924123764038,214253,3763900,3768716,3766366,13691,0,742,0
20.55248212814331,214253,3770044,3776908,3772510,13695,0,743,0
20.5679931640625,214253,3778236,3783052,3780702,13699,0,743,0
20.583400011062622,214253,3786428,3791244,3788894,13703,0,743,0
20.598992109298706,214253,3794620,3799436,3797086,13707,0,743,0
20.61448097229004,214253,3802812,3807628,3805278,13711,0,744,0
20.629961013793945,214253,3811004,3815820,3813470,13715,0,744,0
20.64545202255249,214253,3819196,3824012,3821662,13719,0,744,0
20.66097402572632,214253,3827388,3832204,3829854,13722,0,744,0
20.676380157470703,214253,3835580,3840396,3838046,13726,0,744,0
20.691922187805176,214253,3841724,3848588,3844190,13730,0,744,0
20.707605123519897,214253,3849916,3856780,3852382,13734,0,744,0
20.72306799888611,214253,3858108,3862924,3860574,13738,0,744,0
20.738579034805298,214253,3866300,3871116,3868766,13742,0,745,0
20.753962993621826,214253,3874492,3879308,3876958,13746,0,745,0
20.769397020339966,214253,3882684,3887500,3885150,13750,0,745,0
20.784790992736816,214253,3890876,3895692,3893342,13753,0,745,0
20.80079197883606,214253,3894972,3899788,3897438,13756,0,745,0
20.81632113456726,214253,3899068,3903884,3901534,13758,0,746,0
20.83184003829956,214253,3903164,3907980,3905630,13760,0,746,0
20.847329139709473,214253,3907260,3912076,3909726,13762,0,746,0
20.862903118133545,214253,3911356,3916172,3913822,13764,0,746,0
20.878416061401367,214253,3913404,3920268,3915870,13765,0,746,0
20.894044160842896,214253,3919548,3924364,3922014,13768,0,746,0
20.90952205657959,214253,3927740,3932556,3930206,13771,0,746,0
20.925028085708618,214253,3933884,3940748,3936350,13775,0,746,0
20.940932035446167,214253,3942076,3946892,3944542,13779,0,746,0
20.956457138061523,214253,3950268,3955084,3952734,13783,0,746,0
20.97186303138733,214253,3958460,3963276,3960926,13787,0,746,0
20.98719596862793,214253,3966652,3971468,3969118,13791,0,747,0
21.002865076065063,214253,3974844,3979660,3977310,13795,0,747,0
21.018381118774414,214253,3983036,3987852,3985502,13799,0,747,0
21.033756971359253,214253,3991228,3996044,3993694,13803,0,747,0
21.04935908317566,214253,3999420,4004236,4001886,13806,0,748,0
21.066162109375,214253,4007612,4012428,4010078,13810,0,748,0
21.081677198410034,214253,4013756,4020620,4016222,13814,0,748,0
21.097053050994873,214253,4021948,4028812,4024414,13818,0,748,0
21.112406015396118,214253,4030140,4034956,4032606,13822,0,748,0
21.12774419784546,214253,4038332,4043148,4040798,13826,0,748,0
21.14304518699646,214253,4046524,4051340,4048990,13830,0,748,0
21.158401012420654,214253,4054716,4059532,4057182,13834,0,748,0
21.173766136169434,214253,4062908,4067724,4065374,13838,0,749,0
21.18928098678589,214253,4071100,4075916,4073566,13842,0,749,0
21.204764127731323,214253,4079292,4084108,4081758,13846,0,749,0
21.220234155654907,214253,4087484,4092300,4089950,13850,0,749,0
21.23545813560486,214253,4095676,4100492,4098142,13853,0,750,0
21.25065803527832,214253,4101820,4108684,4104286,13857,0,750,0
21.265956163406372,214253,4110012,4116876,4112478,13861,0,750,0
21.281448125839233,214253,4118204,4125068,4120670,13865,0,750,0
21.296913146972656,214253,4126396,4131212,4128862,13869,0,750,0
21.31222701072693,214253,4134588,4139404,4137054,13873,0,750,0
21.32772397994995,214253,4142780,4147596,4145246,13877,0,750,0
21.343074083328247,214253,4150972,4155788,4153438,13881,0,750,0
21.358679056167603,214253,4159164,4163980,4161630,13885,0,750,0
21.37411618232727,214253,4167356,4172172,4169822,13889,0,751,0
21.389729022979736,214253,4175548,4180364,4178014,13892,0,751,0
21.405107975006104,214253,4181692,4188556,4184158,13896,0,751,0
21.42034912109375,214253,4189884,4196748,4192350,13900,0,751,0
21.435655117034912,214253,4198076,4202892,4200542,13904,0,752,0
21.45089101791382,214253,4206268,4211084,4208734,13908,0,752,0
21.466206073760986,214253,4214460,4219276,4216926,13912,0,752,0
21.48146104812622,214253,4222652,4227468,4225118,13916,0,752,0
21.496952056884766,214253,4230844,4235660,4233310,13920,0,752,0
21.512354135513306,214253,4239036,4243852,4241502,13924,0,752,0
21.527932167053223,214253,4247228,4252044,4249694,13928,0,752,0
21.54342818260193,214253,4255420,4260236,4257886,13931,0,752,0
21.558778047561646,214253,4263612,4268428,4266078,13935,0,753,0
21.574458122253418,214253,4269756,4276620,4272222,13939,0,753,0
21.59008002281189,214253,4277948,4282764,4280414,13943,0,753,0
21.605663061141968,214253,4286140,4290956,4288606,13947,0,753,0
21.62106204032898,214253,4294332,4299148,4296798,13951,0,754,0
21.636954069137573,214253,4302524,4307340,4304990,13955,0,754,0
21.652507066726685,214253,4310716,4315532,4313182,13959,0,754,0
21.66809916496277,214253,4318908,4323724,4321374,13963,0,754,0
21.683634996414185,214253,4327100,4331916,4329566,13967,0,754,0
21.69911503791809,214253,4335292,4340108,4337758,13970,0,754,0
21.714648008346558,214253,4341436,4348300,4343902,13974,0,754,0
21.730130195617676,214253,4349628,4356492,4352094,13978,0,754,0
21.74563217163086,214253,4357820,4362636,4360286,13982,0,755,0
21.76104712486267,214253,4366012,4370828,4368478,13986,0,755,0
21.776493072509766,214253,4374204,4379020,4376670,13990,0,755,0
21.79201102256775,214253,4382396,4387212,4384862,13994,0,755,0
21.807435035705566,214253,4390588,4395404,4393054,13998,0,756,0
21.823063135147095,214253,4398780,4403596,4401246,14002,0,756,0
21.838886976242065,214253,4406972,4411788,4409438,14005,0,756,0
21.85439419746399,214253,4415164,4419980,4417630,14009,0,756,0
21.870017051696777,214253,4421308,4428172,4423774,14013,0,756,0
21.885480165481567,214253,4429500,4436364,4431966,14017,0,756,0
21.90093207359314,214253,4437692,4444556,4440158,14021,0,756,0
21.918248176574707,214253,4445884,4450700,4448350,14025,0,756,0
21.933935165405273,214253,4454076,4458892,4456542,14029,0,756,0
21.949316024780273,214253,4462268,4467084,4464734,14033,0,757,0
21.96481704711914,214253,4470460,4475276,4472926,14037,0,757,0
21.980305194854736,214253,4478652,4483468,4481118,14041,0,757,0
21.99579119682312,214253,4486844,4491660,4489310,14045,0,757,0
22.01132106781006,214253,4495036,4499852,4497502,14049,0,758,0
22.026808977127075,214253,4503228,4508044,4505694,14052,0,758,0
22.042545080184937,214253,4511420,4516236,4513886,14056,0,758,0
22.05809712409973,214253,4517564,4524428,4520030,14060,0,758,0
22.07351803779602,214253,4525756,4532620,4528222,14064,0,758,0
22.089017152786255,214253,4533948,4538764,4536414,14068,0,758,0
22.10469102859497,214253,4542140,4546956,4544606,14072,0,758,0
22.120314121246338,214253,4550332,4555148,4552798,14076,0,758,0
22.135956048965454,214253,4560572,4565388,4563038,14081,0,759,0
22.15153408050537,214253,4568764,4573580,4571230,14085,0,759,0
22.1671040058136,214253,4574908,4579724,4577374,14088,0,759,0
22.182739973068237,214253,4583100,4587916,4585566,14092,0,759,0
22.198251008987427,214253,4591292,4596108,4593758,14096,0,760,0
22.213721990585327,214253,4599484,4604300,4601950,14100,0,760,0
22.229230165481567,214253,4607676,4612492,4610142,14104,0,760,0
22.244894981384277,214253,4615868,4620684,4618334,14108,0,760,0
22.260853052139282,214253,4624060,4628876,4626526,14112,0,760,0
22.276365995407104,214253,4632252,4637068,4634718,14115,0,760,0
22.29188108444214,214253,4640444,4645260,4642910,14119,0,760,0
22.30743098258972,214253,4646588,4653452,4649054,14123,0,760,0
22.322914123535156,214253,4654780,4661644,4657246,14127,0,761,0
22.338441133499146,214253,4662972,4667788,4665438,14131,0,761,0
22.35398006439209,214253,4669588,4674700,4672054,14208,0,761,0
22.369675159454346,214253,4674948,4680076,4677414,15543,0,761,0
22.38510513305664,214253,4682012,4687116,4684478,17311,0,761,0
22.40681505203247,214253,4683944,4688652,4686410,17841,0,761,0
22.422604084014893,214253,4683944,4688652,4686410,17841,0,761,0
22.438348054885864,214253,4683944,4688652,4686410,17841,0,761,0
22.454262018203735,214253,4683944,4688652,4686410,17841,0,761,0
22.469849109649658,214253,4683944,4688652,4686410,17841,0,761,0
22.48551607131958,214253,4683944,4688652,4686410,17841,0,761,0
22.501190185546875,214253,4683944,4688652,4686410,17841,0,761,0
22.51689910888672,214253,4683944,4688652,4686410,17841,0,761,0
22.532467126846313,214253,4683944,4688652,4686410,17841,0,761,0
22.54821515083313,214253,4683944,4688652,4686410,17841,0,761,0
22.563902139663696,214253,4683944,4688652,4686410,17841,0,761,0
22.579401969909668,214253,4683944,4688652,4686410,17841,0,761,0
22.594988107681274,214253,4683944,4688652,4686410,17841,0,761,0
22.610684156417847,214253,4683944,4688652,4686410,17841,0,761,0
22.626342058181763,214253,4683944,4688652,4686410,17841,0,761,0
22.64203405380249,214253,4683944,4688652,4686410,17841,0,761,0
22.65770196914673,214253,4683944,4688652,4686410,17841,0,761,0
22.67371106147766,214253,4683944,4688652,4686410,17841,0,761,0
22.688924074172974,214253,4683944,4688652,4686410,17841,0,761,0
22.704508066177368,214253,4683944,4688652,4686410,17841,0,761,0
22.719832181930542,214253,4683944,4688652,4686410,17841,0,761,0
22.73498797416687,214253,4683944,4688652,4686410,17841,0,761,0
22.75035810470581,214253,4683944,4688652,4686410,17841,0,761,0
22.765783071517944,214253,4683944,4688652,4686410,17841,0,761,0
22.780887126922607,214253,4683944,4688652,4686410,17841,0,761,0
22.796410083770752,214253,4683944,4688652,4686410,17841,0,761,0
22.811854124069214,214253,4683944,4688652,4686410,17841,0,761,0
22.827033042907715,214253,4683944,4688652,4686410,17841,0,761,0
22.84237504005432,214253,4683944,4688652,4686410,17841,0,761,0
22.85775899887085,214253,4683944,4688652,4686410,17841,0,761,0
22.8729190826416,214253,4683944,4688652,4686410,17841,0,761,0
22.888076066970825,214253,4683944,4688652,4686410,17841,0,761,0
22.90334415435791,214253,4683944,4688652,4686410,17841,0,761,0
22.918650150299072,214253,4683944,4688652,4686410,17841,0,761,0
22.933839082717896,214253,4683944,4688652,4686410,17841,0,761,0
22.948991060256958,214253,4683944,4688652,4686410,17841,0,761,0
22.964298963546753,214253,4683944,4688652,4686410,17841,0,761,0
22.979839086532593,214253,4683944,4688652,4686410,17841,0,761,0
22.994904041290283,214253,4683944,4688652,4686410,17841,0,761,0
23.00992703437805,214253,4683944,4688652,4686410,17841,0,761,0
23.025370121002197,214253,4683944,4688652,4686410,17841,0,761,0
23.040569067001343,214253,4683944,4688652,4686410,17841,0,761,0
23.05593514442444,214253,4683944,4688652,4686410,17841,0,761,0
23.071060180664062,214253,4683944,4688652,4686410,17841,0,761,0
23.086647987365723,214253,4683944,4688652,4686410,17841,0,761,0
23.10192108154297,214253,4683944,4688652,4686410,17841,0,761,0
23.117295026779175,214253,4683944,4688652,4686410,17841,0,761,0
23.132809162139893,214253,4683944,4688652,4686410,17841,0,761,0
23.148036003112793,214253,4683944,4688652,4686410,17841,0,761,0
23.163544178009033,214253,4683944,4688652,4686410,17841,0,761,0
23.17882513999939,214253,4683944,4688652,4686410,17841,0,761,0
23.193984031677246,214253,4683944,4688652,4686410,17841,0,761,0
23.209450006484985,214253,4683944,4688652,4686410,17841,0,761,0
23.22485113143921,214253,4683944,4688652,4686410,17841,0,761,0
23.24000906944275,214253,4683944,4688652,4686410,17841,0,761,0
23.255519151687622,214253,4683944,4688652,4686410,17841,0,761,0
23.27089214324951,214253,4683944,4688652,4686410,17841,0,761,0
23.28676414489746,214253,4683944,4688652,4686410,17841,0,761,0
23.30224108695984,214253,4683944,4688652,4686410,17841,0,761,0
23.31781005859375,214253,4683944,4688652,4686410,17841,0,761,0
23.33287501335144,214253,4683944,4688652,4686410,17841,0,761,0
23.348016023635864,214253,4683944,4688652,4686410,17841,0,761,0
23.363401174545288,214253,4683944,4688652,4686410,17841,0,761,0
23.378782987594604,214253,4683944,4688652,4686410,17841,0,761,0
23.393952131271362,214253,4683944,4688652,4686410,17841,0,761,0
23.409301042556763,214253,4683944,4688652,4686410,17841,0,761,0
23.424587965011597,214253,4683944,4688652,4686410,17841,0,761,0
23.439844131469727,214253,4683944,4688652,4686410,17841,0,761,0
23.45499300956726,214253,4683944,4688652,4686410,17841,0,761,0
23.470431089401245,214253,4683944,4688652,4686410,17841,0,761,0
23.485754013061523,214253,4683944,4688652,4686410,17841,0,761,0
23.501466035842896,214253,4683944,4688652,4686410,17841,0,761,0
23.51679801940918,214253,4683944,4688652,4686410,17841,0,761,0
23.531886100769043,214253,4683944,4688652,4686410,17841,0,761,0
23.546974182128906,214253,4683944,4688652,4686410,17841,0,761,0
23.562302112579346,214253,4683944,4688652,4686410,17841,0,761,0
23.5777850151062,214253,4683944,4688652,4686410,17841,0,761,0
23.59305500984192,214253,4683944,4688652,4686410,17841,0,761,0
23.60839605331421,214253,4683944,4688652,4686410,17841,0,761,0
23.62377119064331,214253,4683944,4688652,4686410,17841,0,761,0
23.63891911506653,214253,4683944,4688652,4686410,17841,0,761,0
23.654131174087524,214253,4683944,4688652,4686410,17841,0,761,0
23.669361114501953,214253,4683944,4688652,4686410,17841,0,761,0
23.68470311164856,214253,4683944,4688652,4686410,17841,0,761,0
23.69991397857666,214253,4683944,4688652,4686410,17841,0,761,0
23.71565818786621,214253,4683944,4688652,4686410,17841,0,761,0
23.730847120285034,214253,4683944,4688652,4686410,17841,0,761,0
23.74580216407776,214253,4683944,4688652,4686410,17841,0,761,0
23.760958194732666,214253,4683944,4688652,4686410,17841,0,761,0
23.776323080062866,214253,4683944,4688652,4686410,17841,0,761,0
23.79185700416565,214253,4683944,4688652,4686410,17841,0,761,0
23.807011127471924,214253,4683944,4688652,4686410,17841,0,761,0
23.822291135787964,214253,4683944,4688652,4686410,17841,0,761,0
23.83755397796631,214253,4683944,4688652,4686410,17841,0,761,0
23.855480194091797,214253,4683944,4688652,4686410,17841,0,761,0
23.870861053466797,214253,4683944,4688652,4686410,17841,0,761,0
23.88628315925598,214253,4683944,4688652,4686410,17841,0,761,0
23.901779174804688,214253,4683944,4688652,4686410,17841,0,761,0
23.917044162750244,214253,4683944,4688652,4686410,17841,0,761,0
23.93251609802246,214253,4683944,4688652,4686410,17841,0,761,0
23.94783306121826,214253,4683944,4688652,4686410,17841,0,761,0
23.962911128997803,214253,4683944,4688652,4686410,17841,0,761,0
23.978325128555298,214253,4683944,4688652,4686410,17841,0,761,0
23.993755102157593,214253,4683944,4688652,4686410,17841,0,761,0
24.0092670917511,214253,4683944,4688652,4686410,17841,0,761,0
24.0246741771698,214253,4683944,4688652,4686410,17841,0,761,0
24.039875984191895,214253,4683944,4688652,4686410,17841,0,761,0
24.055087089538574,214253,4683944,4688652,4686410,17841,0,761,0
24.070510149002075,214253,4683944,4688652,4686410,17841,0,761,0
24.08585214614868,214253,4683944,4688652,4686410,17841,0,761,0
24.101092100143433,214253,4683944,4688652,4686410,17841,0,761,0
24.1166889667511,214253,4683944,4688652,4686410,17841,0,761,0
24.13178014755249,214253,4683944,4688652,4686410,17841,0,761,0
24.14687418937683,214253,4683944,4688652,4686410,17841,0,761,0
24.162036180496216,214253,4683944,4688652,4686410,17841,0,761,0
24.177271127700806,214253,4683944,4688652,4686410,17841,0,761,0
24.192591190338135,214253,4683944,4688652,4686410,17841,0,761,0
24.207842111587524,214253,4683944,4688652,4686410,17841,0,761,0
24.223504066467285,214253,4683944,4688652,4686410,17841,0,761,0
24.23882508277893,214253,4683944,4688652,4686410,17841,0,761,0
24.253995180130005,214253,4683944,4688652,4686410,17841,0,761,0
24.269299030303955,214253,4683944,4688652,4686410,17841,0,761,0
24.284619092941284,214253,4683944,4688652,4686410,17841,0,761,0
24.29985809326172,214253,4683944,4688652,4686410,17841,0,761,0
24.315402030944824,214253,4683944,4688652,4686410,17841,0,761,0
24.33082103729248,214253,4683944,4688652,4686410,17841,0,761,0
24.346001148223877,214253,4683944,4688652,4686410,17841,0,761,0
24.361319065093994,214253,4683944,4688652,4686410,17841,0,761,0
24.376752138137817,214253,4683944,4688652,4686410,17841,0,761,0
24.39204716682434,214253,4683944,4688652,4686410,17841,0,761,0
24.407287120819092,214253,4683944,4688652,4686410,17841,0,761,0
24.422643184661865,214253,4683944,4688652,4686410,17841,0,761,0
24.437906980514526,214253,4683944,4688652,4686410,17841,0,761,0
24.4532949924469,214253,4683944,4688652,4686410,17841,0,761,0
24.468639135360718,214253,3948712,3953528,3951178,17841,0,746,0
24.48395299911499,214253,3948712,3953528,3951178,17841,0,746,0
24.499068021774292,214253,3948712,3953528,3951178,17841,0,746,0
24.514384031295776,214253,3948712,3953528,3951178,17841,0,746,0
24.529743194580078,214253,3948712,3953528,3951178,17841,0,746,0
24.544926166534424,214253,3948712,3953528,3951178,17841,0,746,0
24.560003995895386,214253,3948712,3953528,3951178,17841,0,746,0
24.57525396347046,214253,3948712,3953528,3951178,17841,0,746,0
24.59050416946411,214253,3948712,3953528,3951178,17841,0,746,0
24.605808973312378,214253,3948712,3953528,3951178,17841,0,746,0
24.620973110198975,214253,3948712,3953528,3951178,17841,0,746,0
24.636319160461426,214253,3948712,3953528,3951178,17841,0,746,0
24.651594161987305,214253,3948712,3953528,3951178,17841,0,746,0
24.666826963424683,214253,3948712,3953528,3951178,17841,0,746,0
24.681923151016235,214253,3948712,3953528,3951178,17841,0,746,0
24.69704818725586,214253,3948712,3953528,3951178,17841,0,746,0
24.712265014648438,214253,3948712,3953528,3951178,17841,0,746,0
24.72755217552185,214253,3948712,3953528,3951178,17841,0,746,0
24.743187189102173,214253,3948712,3953528,3951178,17841,0,746,0
24.75859498977661,214253,3948712,3953528,3951178,17841,0,746,0
24.773945093154907,214253,3948712,3953528,3951178,17841,0,746,0
24.789271116256714,214253,3948712,3953528,3951178,17841,0,746,0
24.804805040359497,214253,3948712,3953528,3951178,17841,0,746,0
24.820064067840576,214253,3948712,3953528,3951178,17841,0,746,0
24.83555316925049,214253,3948712,3953528,3951178,17841,0,746,0
24.850779056549072,214253,3948712,3953528,3951178,17841,0,746,0
24.866075038909912,214253,3948712,3953528,3951178,17841,0,746,0
24.881335973739624,214253,3948712,3953528,3951178,17841,0,746,0
24.896924018859863,214253,3948712,3953528,3951178,17841,0,746,0
24.911960124969482,214253,3948712,3953528,3951178,17841,0,746,0
24.927265167236328,214253,3948712,3953528,3951178,17841,0,746,0
24.942447185516357,214253,3948712,3953528,3951178,17841,0,746,0
24.95766305923462,214253,3948712,3953528,3951178,17841,0,746,0
24.97290015220642,214253,3948712,3953528,3951178,17841,0,746,0
24.988073110580444,214253,3948712,3953528,3951178,17841,0,746,0
25.003432035446167,214253,3948712,3953528,3951178,17841,0,746,0
25.018761157989502,214253,3948712,3953528,3951178,17841,0,746,0
25.033989191055298,214253,3948712,3953528,3951178,17841,0,746,0
25.049262046813965,214253,3948712,3953528,3951178,17841,0,746,0
25.064634084701538,214253,3948712,3953528,3951178,17841,0,746,0
25.07982611656189,214253,3948712,3953528,3951178,17841,0,746,0
25.09492802619934,214253,3948712,3953528,3951178,17841,0,746,0
25.10998797416687,214253,3948712,3953528,3951178,17841,0,746,0
25.125266075134277,214253,3948712,3953528,3951178,17841,0,746,0
25.140511989593506,214253,3948712,3953528,3951178,17841,0,746,0
25.155806064605713,214253,3948712,3953528,3951178,17841,0,746,0
25.171005964279175,214253,3948712,3953528,3951178,17841,0,746,0
25.186277151107788,214253,3948712,3953528,3951178,17841,0,746,0
25.20140814781189,214253,3948712,3953528,3951178,17841,0,746,0
25.216660022735596,214253,3948712,3953528,3951178,17841,0,746,0
25.231852054595947,214253,3948712,3953528,3951178,17841,0,746,0
25.247051000595093,214253,3948712,3953528,3951178,17841,0,746,0
25.262495040893555,214253,3948712,3953528,3951178,17841,0,746,0
25.277801036834717,214253,3948712,3953528,3951178,17841,0,746,0
25.29294514656067,214253,3948712,3953528,3951178,17841,0,746,0
25.30836510658264,214253,3948712,3953528,3951178,17841,0,746,0
25.32372498512268,214253,3948712,3953528,3951178,17841,0,746,0
25.33889412879944,214253,3948712,3953528,3951178,17841,0,746,0
25.35406517982483,214253,3948712,3953528,3951178,17841,0,746,0
25.36948013305664,214253,3948712,3953528,3951178,17841,0,746,0
25.384950160980225,214253,3948712,3953528,3951178,17841,0,746,0
25.400341033935547,214253,3948712,3953528,3951178,17841,0,746,0
25.415857076644897,214253,3948712,3953528,3951178,17841,0,746,0
25.43098211288452,214253,3948712,3953528,3951178,17841,0,746,0
25.446325063705444,214253,3948712,3953528,3951178,17841,0,746,0
25.461665153503418,214253,3948712,3953528,3951178,17841,0,746,0
25.47689914703369,214253,3948712,3953528,3951178,17841,0,746,0
25.49198007583618,214253,3948712,3953528,3951178,17841,0,746,0
25.50739598274231,214253,3948712,3953528,3951178,17841,0,746,0
25.52271604537964,214253,3948712,3953528,3951178,17841,0,746,0
25.537865161895752,214253,3948712,3953528,3951178,17841,0,746,0
25.55290198326111,214253,3948712,3953528,3951178,17841,0,746,0
25.56790804862976,214253,3948712,3953528,3951178,17841,0,746,0
25.583770990371704,214253,3948712,3953528,3951178,17841,0,746,0
25.598896980285645,214253,3948712,3953528,3951178,17841,0,746,0
25.61406898498535,214253,3948712,3953528,3951178,17841,0,746,0
25.629510164260864,214253,3948712,3953528,3951178,17841,0,746,0
25.644755125045776,214253,3948712,3953528,3951178,17841,0,746,0
25.659789085388184,214253,3948712,3953528,3951178,17841,0,746,0
25.675431966781616,214253,3948712,3953528,3951178,17841,0,746,0
25.690752029418945,214253,3948712,3953528,3951178,17841,0,746,0
25.705958127975464,214253,3948712,3953528,3951178,17841,0,746,0
25.72130799293518,214253,3948712,3953528,3951178,17841,0,746,0
25.736553192138672,214253,3948712,3953528,3951178,17841,0,746,0
25.75182318687439,214253,3948712,3953528,3951178,17841,0,746,0
25.76690411567688,214253,3948712,3953528,3951178,17841,0,746,0
25.782355070114136,214253,3948712,3953528,3951178,17841,0,746,0
25.800157070159912,214253,3948712,3953528,3951178,17841,0,746,0
25.815574169158936,214253,3948712,3953528,3951178,17841,0,746,0
25.83089017868042,214253,3948712,3953528,3951178,17841,0,746,0
25.84598398208618,214253,3948712,3953528,3951178,17841,0,746,0
25.861387014389038,214253,3948712,3953528,3951178,17841,0,746,0
25.876569986343384,214253,3948712,3953528,3951178,17841,0,746,0
25.891640186309814,214253,3948712,3953528,3951178,17841,0,746,0
25.906912088394165,214253,3948712,3953528,3951178,17841,0,746,0
25.922255039215088,214253,3948712,3953528,3951178,17841,0,746,0
25.93753218650818,214253,3948712,3953528,3951178,17841,0,746,0
25.95277714729309,214253,3948712,3953528,3951178,17841,0,746,0
25.967962980270386,214253,3948712,3953528,3951178,17841,0,746,0
25.983240127563477,214253,3948712,3953528,3951178,17841,0,746,0
25.998813152313232,214253,3948712,3953528,3951178,17841,0,746,0
26.014352083206177,214253,3948712,3953528,3951178,17841,0,746,0
26.02963900566101,214253,3948712,3953528,3951178,17841,0,746,0
26.04483914375305,214253,3948712,3953528,3951178,17841,0,746,0
26.059946060180664,214253,3948712,3953528,3951178,17841,0,746,0
26.075225114822388,214253,3948712,3953528,3951178,17841,0,746,0
26.09058117866516,214253,3948712,3953528,3951178,17841,0,746,0
26.105828046798706,214253,3948712,3953528,3951178,17841,0,746,0
26.12088704109192,214253,3948712,3953528,3951178,17841,0,746,0
26.13589310646057,214253,3948712,3953528,3951178,17841,0,746,0
26.151031017303467,214253,3948712,3953528,3951178,17841,0,746,0
26.16625714302063,214253,3948712,3953528,3951178,17841,0,746,0
26.181567192077637,214253,3948712,3953528,3951178,17841,0,746,0
26.19681215286255,214253,3948712,3953528,3951178,17841,0,746,0
26.21190905570984,214253,3948712,3953528,3951178,17841,0,746,0
26.226924180984497,214253,3948712,3953528,3951178,17841,0,746,0
26.242263078689575,214253,3948712,3953528,3951178,17841,0,746,0
26.257492065429688,214253,3948712,3953528,3951178,17841,0,746,0
26.273252964019775,214253,3948712,3953528,3951178,17841,0,746,0
26.28903818130493,214253,3948712,3953528,3951178,17841,0,746,0
26.304022073745728,214253,3948712,3953528,3951178,17841,0,746,0
26.31886601448059,214253,3948712,3953528,3951178,17841,0,746,0
26.333858966827393,214253,3948712,3953528,3951178,17841,0,746,0
26.34888005256653,214253,3948712,3953528,3951178,17841,0,746,0
26.36384415626526,214253,3948712,3953528,3951178,17841,0,746,0
26.378862142562866,214253,3948712,3953528,3951178,17841,0,746,0
26.394020080566406,214253,3948712,3953528,3951178,17841,0,746,0
26.409640073776245,214253,3948712,3953528,3951178,17841,0,746,0
26.424865007400513,214253,3948712,3953528,3951178,17841,0,746,0
26.439934015274048,214253,3948712,3953528,3951178,17841,0,746,0
26.454941034317017,214253,3948712,3953528,3951178,17841,0,746,0
26.469890117645264,214253,3948712,3953528,3951178,17841,0,746,0
26.485032081604004,214253,3948712,3953528,3951178,17841,0,746,0
26.50031614303589,214253,3948712,3953528,3951178,17841,0,746,0
26.515814065933228,214253,3166376,3171192,3168842,17841,0,730,0
26.531018018722534,214253,3166376,3171192,3168842,17841,0,730,0
26.54635500907898,214253,3166376,3171192,3168842,17841,0,730,0
26.56164813041687,214253,3166376,3171192,3168842,17841,0,730,0
26.57691717147827,214253,3166376,3171192,3168842,17841,0,730,0
26.59194302558899,214253,3166376,3171192,3168842,17841,0,730,0
26.607006072998047,214253,3166376,3171192,3168842,17841,0,730,0
26.622241973876953,214253,3166376,3171192,3168842,17841,0,730,0
26.63748812675476,214253,3166376,3171192,3168842,17841,0,730,0
26.6526780128479,214253,3166376,3171192,3168842,17841,0,730,0
26.667821168899536,214253,3166376,3171192,3168842,17841,0,730,0
26.683309078216553,214253,3166376,3171192,3168842,17841,0,730,0
26.69881010055542,214253,3166376,3171192,3168842,17841,0,730,0
26.714071035385132,214253,3166376,3171192,3168842,17841,0,730,0
26.72969698905945,214253,3166376,3171192,3168842,17841,0,730,0
26.745172023773193,214253,3166376,3171192,3168842,17841,0,730,0
26.760431051254272,214253,3166376,3171192,3168842,17841,0,730,0
26.776265144348145,214253,3166376,3171192,3168842,17841,0,730,0
26.79180908203125,214253,3174568,3179384,3177034,17844,0,730,0
26.80730700492859,214253,3182760,3187576,3185226,17848,0,731,0
26.823124170303345,214253,3188904,3193720,3191370,17852,0,731,0
26.83868908882141,214253,3188904,3193720,3191370,17852,0,731,0
26.853950023651123,214253,3188904,3193720,3191370,17852,0,731,0
26.869203090667725,214253,3188904,3193720,3191370,17852,0,731,0
26.884729146957397,214253,3188904,3193720,3191370,17852,0,731,0
26.89998698234558,214253,3188904,3193720,3191370,17852,0,731,0
26.91527819633484,214253,3188904,3193720,3191370,17852,0,731,0
26.930771112442017,214253,3188904,3193720,3191370,17852,0,731,0
26.946011066436768,214253,3188904,3193720,3191370,17852,0,731,0
26.96141004562378,214253,3188904,3193720,3191370,17852,0,731,0
26.97700309753418,214253,3188904,3193720,3191370,17852,0,731,0
26.992366075515747,214253,3188904,3193720,3191370,17852,0,731,0
27.007708072662354,214253,3188904,3193720,3191370,17852,0,731,0
27.02317214012146,214253,3188904,3193720,3191370,17852,0,731,0
27.03877019882202,214253,3188904,3193720,3191370,17852,0,731,0
27.054291009902954,214253,3188904,3193720,3191370,17852,0,731,0
27.0697181224823,214253,3188904,3193720,3191370,17852,0,731,0
27.085016012191772,214253,3188904,3193720,3191370,17852,0,731,0
27.100491046905518,214253,3188904,3193720,3191370,17852,0,731,0
27.11588215827942,214253,3188904,3193720,3191370,17852,0,731,0
27.131142139434814,214253,3188904,3193720,3191370,17852,0,731,0
27.146411180496216,214253,3188904,3193720,3191370,17852,0,731,0
27.16207718849182,214253,3188904,3193720,3191370,17852,0,731,0
27.177499055862427,214253,3188904,3193720,3191370,17852,0,731,0
27.193045139312744,214253,3188904,3193720,3191370,17852,0,731,0
27.20861005783081,214253,3188904,3193720,3191370,17852,0,731,0
27.223973035812378,214253,3188904,3193720,3191370,17852,0,731,0
27.23959517478943,214253,3188904,3193720,3191370,17852,0,731,0
27.255053997039795,214253,3188904,3193720,3191370,17852,0,731,0
27.270660161972046,214253,3188904,3193720,3191370,17852,0,731,0
27.286043167114258,214253,3188904,3193720,3191370,17852,0,731,0
27.301509141921997,214253,3188904,3193720,3191370,17852,0,731,0
27.316864013671875,214253,3188904,3193720,3191370,17852,0,731,0
27.332133054733276,214253,3188904,3193720,3191370,17852,0,731,0
27.347697973251343,214253,3188904,3193720,3191370,17852,0,731,0
27.363193035125732,214253,3188904,3193720,3191370,17852,0,731,0
27.37875008583069,214253,3188904,3193720,3191370,17852,0,731,0
27.39445209503174,214253,3188904,3193720,3191370,17852,0,731,0
27.409954071044922,214253,3188904,3193720,3191370,17852,0,731,0
27.425284147262573,214253,3188904,3193720,3191370,17852,0,731,0
27.440771102905273,214253,3188904,3193720,3191370,17852,0,731,0
27.456250190734863,214253,3188904,3193720,3191370,17852,0,731,0
27.47188711166382,214253,3188904,3193720,3191370,17852,0,731,0
27.48737406730652,214253,3188904,3193720,3191370,17852,0,731,0
27.502710103988647,214253,3188904,3193720,3191370,17852,0,731,0
27.51821208000183,214253,3188904,3193720,3191370,17852,0,731,0
27.53339719772339,214253,3188904,3193720,3191370,17852,0,731,0
27.548696041107178,214253,3188904,3193720,3191370,17852,0,731,0
27.563956022262573,214253,3188904,3193720,3191370,17852,0,731,0
27.57917308807373,214253,3188904,3193720,3191370,17852,0,731,0
27.594410181045532,214253,3188904,3193720,3191370,17852,0,731,0
27.60997700691223,214253,3188904,3193720,3191370,17852,0,731,0
27.62544012069702,214253,3188904,3193720,3191370,17852,0,731,0
27.640721082687378,214253,3188904,3193720,3191370,17852,0,731,0
27.6552951335907,214253,3188904,3193720,3191370,17852,0,731,0
27.670966148376465,214253,3188904,3193720,3191370,17852,0,731,0
27.686506032943726,214253,3188904,3193720,3191370,17852,0,731,0
27.702088117599487,214253,3188904,3193720,3191370,17852,0,731,0
27.71753215789795,214253,3188904,3193720,3191370,17852,0,731,0
27.733049154281616,214253,3188904,3193720,3191370,17852,0,731,0
27.748805046081543,214253,3188904,3193720,3191370,17852,0,731,0
27.76449203491211,214253,3188904,3193720,3191370,17852,0,731,0
27.78004002571106,214253,3188904,3193720,3191370,17852,0,731,0
27.795603036880493,214253,3188904,3193720,3191370,17852,0,731,0
27.810959100723267,214253,3188904,3193720,3191370,17852,0,731,0
27.82634711265564,214253,3188904,3193720,3191370,17852,0,731,0
27.841844081878662,214253,3188904,3193720,3191370,17852,0,731,0
27.85738515853882,214253,3188904,3193720,3191370,17852,0,731,0
27.87291717529297,214253,3188904,3193720,3191370,17852,0,731,0
27.88835597038269,214253,3188904,3193720,3191370,17852,0,731,0
27.903853178024292,214253,3188904,3193720,3191370,17852,0,731,0
27.919339179992676,214253,3188904,3193720,3191370,17852,0,731,0
27.934787034988403,214253,3188904,3193720,3191370,17852,0,731,0
27.95016098022461,214253,3188904,3193720,3191370,17852,0,731,0
27.965753078460693,214253,3188904,3193720,3191370,17852,0,731,0
27.981197118759155,214253,3188904,3193720,3191370,17852,0,731,0
27.9967679977417,214253,3188904,3193720,3191370,17852,0,731,0
28.012261152267456,214253,3188904,3193720,3191370,17852,0,731,0
28.027738094329834,214253,3188904,3193720,3191370,17852,0,731,0
28.04317617416382,214253,3188904,3193720,3191370,17852,0,731,0
28.05876612663269,214253,3188904,3193720,3191370,17852,0,731,0
28.07469916343689,214253,3188904,3193720,3191370,17852,0,731,0
28.090293169021606,214253,3188904,3193720,3191370,17852,0,731,0
28.105772972106934,214253,3188904,3193720,3191370,17852,0,731,0
28.120975971221924,214253,3188904,3193720,3191370,17852,0,731,0
28.13616704940796,214253,3188904,3193720,3191370,17852,0,731,0
28.15135097503662,214253,3188904,3193720,3191370,17852,0,731,0
28.166625022888184,214253,3188904,3193720,3191370,17852,0,731,0
28.181992053985596,214253,3188904,3193720,3191370,17852,0,731,0
28.197514057159424,214253,3188904,3193720,3191370,17852,0,731,0
28.21296215057373,214253,3188904,3193720,3191370,17852,0,731,0
28.22828507423401,214253,3188904,3193720,3191370,17852,0,731,0
28.243654012680054,214253,3188904,3193720,3191370,17852,0,731,0
28.259281158447266,214253,3188904,3193720,3191370,17852,0,731,0
28.27492117881775,214253,3188904,3193720,3191370,17852,0,731,0
28.290498971939087,214253,3188904,3193720,3191370,17852,0,731,0
28.306260108947754,214253,3188904,3193720,3191370,17852,0,731,0
28.321665048599243,214253,3188904,3193720,3191370,17852,0,731,0
28.33696699142456,214253,3188904,3193720,3191370,17852,0,731,0
28.352493047714233,214253,3188904,3193720,3191370,17852,0,731,0
28.367958068847656,214253,3188904,3193720,3191370,17852,0,731,0
28.383344173431396,214253,3188904,3193720,3191370,17852,0,731,0
28.39888906478882,214253,3188904,3193720,3191370,17852,0,731,0
28.41424798965454,214253,3188904,3193720,3191370,17852,0,731,0
28.429864168167114,214253,3188904,3193720,3191370,17852,0,731,0
28.445407152175903,214253,3188904,3193720,3191370,17852,0,731,0
28.460946083068848,214253,3188904,3193720,3191370,17852,0,731,0
28.476190090179443,214253,3188904,3193720,3191370,17852,0,731,0
28.49215006828308,214253,3188904,3193720,3191370,17852,0,731,0
28.507726192474365,214253,3188904,3193720,3191370,17852,0,731,0
28.523012161254883,214253,3188904,3193720,3191370,17852,0,731,0
28.53834319114685,214253,3188904,3193720,3191370,17852,0,731,0
28.55370306968689,214253,3188904,3193720,3191370,17852,0,731,0
28.5692241191864,214253,2586792,2591608,2589258,17852,0,719,0
28.58476209640503,214253,2586792,2591608,2589258,17852,0,719,0
28.600270986557007,214253,2586792,2591608,2589258,17852,0,719,0
28.615841150283813,214253,2586792,2591608,2589258,17852,0,719,0
28.63101816177368,214253,2586792,2591608,2589258,17852,0,719,0
28.646528005599976,214253,2586792,2591608,2589258,17852,0,719,0
28.662010192871094,214253,2586792,2591608,2589258,17852,0,719,0
28.677313089370728,214253,2586792,2591608,2589258,17852,0,719,0
28.692941188812256,214253,2586792,2591608,2589258,17852,0,719,0
28.708773136138916,214253,2586792,2591608,2589258,17852,0,719,0
28.72425603866577,214253,2586792,2591608,2589258,17852,0,719,0
28.739742040634155,214253,2586792,2591608,2589258,17852,0,719,0
28.75518012046814,214253,2586792,2591608,2589258,17852,0,719,0
28.77042317390442,214253,2586792,2591608,2589258,17852,0,719,0
28.785775184631348,214253,2586792,2591608,2589258,17852,0,719,0
28.801051139831543,214253,2586792,2591608,2589258,17852,0,719,0
28.816614151000977,214253,2586792,2591608,2589258,17852,0,719,0
28.83203911781311,214253,2586792,2591608,2589258,17852,0,719,0
28.847536087036133,214253,2586792,2591608,2589258,17852,0,719,0
28.863063097000122,214253,2586792,2591608,2589258,17852,0,719,0
28.878733158111572,214253,2586792,2591608,2589258,17852,0,719,0
28.894256114959717,214253,2586792,2591608,2589258,17852,0,719,0
28.91009211540222,214253,2586792,2591608,2589258,17852,0,719,0
28.925740003585815,214253,2586792,2591608,2589258,17852,0,719,0
28.941168069839478,214253,2586792,2591608,2589258,17852,0,719,0
28.956413984298706,214253,2586792,2591608,2589258,17852,0,719,0
28.971955060958862,214253,2586792,2591608,2589258,17852,0,719,0
28.987698078155518,214253,2586792,2591608,2589258,17852,0,719,0
29.003388166427612,214253,2586792,2591608,2589258,17852,0,719,0
29.018933057785034,214253,2586792,2591608,2589258,17852,0,719,0
29.03441309928894,214253,2586792,2591608,2589258,17852,0,719,0
29.049731969833374,214253,2586792,2591608,2589258,17852,0,719,0
29.065325021743774,214253,2586792,2591608,2589258,17852,0,719,0
29.080868005752563,214253,2586792,2591608,2589258,17852,0,719,0
29.096495151519775,214253,2586792,2591608,2589258,17852,0,719,0
29.11134099960327,214253,2586792,2591608,2589258,17852,0,719,0
29.127031087875366,214253,2586792,2591608,2589258,17852,0,719,0
29.1425039768219,214253,2586792,2591608,2589258,17852,0,719,0
29.157838106155396,214253,2586792,2591608,2589258,17852,0,719,0
29.17323899269104,214253,2586792,2591608,2589258,17852,0,719,0
29.188812971115112,214253,2586792,2591608,2589258,17852,0,719,0
29.204303979873657,214253,2586792,2591608,2589258,17852,0,719,0
29.21985697746277,214253,2586792,2591608,2589258,17852,0,719,0
29.235315084457397,214253,2586792,2591608,2589258,17852,0,719,0
29.25091004371643,214253,2586792,2591608,2589258,17852,0,719,0
29.266451120376587,214253,2586792,2591608,2589258,17852,0,719,0
29.282111167907715,214253,2586792,2591608,2589258,17852,0,719,0
29.29793405532837,214253,2586792,2591608,2589258,17852,0,719,0
29.31328010559082,214253,2586792,2591608,2589258,17852,0,719,0
29.328768014907837,214253,2586792,2591608,2589258,17852,0,719,0
29.344253063201904,214253,2586792,2591608,2589258,17852,0,719,0
29.359541177749634,214253,2586792,2591608,2589258,17852,0,719,0
29.375105142593384,214253,2586792,2591608,2589258,17852,0,719,0
29.390669107437134,214253,2586792,2591608,2589258,17852,0,719,0
29.405986070632935,214253,2586792,2591608,2589258,17852,0,719,0
29.42131519317627,214253,2586792,2591608,2589258,17852,0,719,0
29.43687105178833,214253,2586792,2591608,2589258,17852,0,719,0
29.45250916481018,214253,2586792,2591608,2589258,17852,0,719,0
29.46788501739502,214253,2586792,2591608,2589258,17852,0,719,0
29.483079195022583,214253,2586792,2591608,2589258,17852,0,719,0
29.498300075531006,214253,2586792,2591608,2589258,17852,0,719,0
29.513942003250122,214253,2586792,2591608,2589258,17852,0,719,0
29.52930498123169,214253,2586792,2591608,2589258,17852,0,719,0
29.54491114616394,214253,2586792,2591608,2589258,17852,0,719,0
29.560194969177246,214253,2586792,2591608,2589258,17852,0,719,0
29.575618982315063,214253,2586792,2591608,2589258,17852,0,719,0
29.59093999862671,214253,2586792,2591608,2589258,17852,0,719,0
29.6063129901886,214253,2586792,2591608,2589258,17852,0,719,0
29.621886014938354,214253,2586792,2591608,2589258,17852,0,719,0
29.637294054031372,214253,2586792,2591608,2589258,17852,0,719,0
29.652786016464233,214253,2586792,2591608,2589258,17852,0,719,0
29.668377161026,214253,2586792,2591608,2589258,17852,0,719,0
29.68420100212097,214253,2586792,2591608,2589258,17852,0,719,0
29.699738025665283,214253,2586792,2591608,2589258,17852,0,719,0
29.71532416343689,214253,2586792,2591608,2589258,17852,0,719,0
29.73066210746765,214253,2586792,2591608,2589258,17852,0,719,0
29.74628210067749,214253,2586792,2591608,2589258,17852,0,719,0
29.761540174484253,214253,2586792,2591608,2589258,17852,0,719,0
29.77689218521118,214253,2586792,2591608,2589258,17852,0,719,0
29.792112112045288,214253,2586792,2591608,2589258,17852,0,719,0
29.80771803855896,214253,2586792,2591608,2589258,17852,0,719,0
29.823299169540405,214253,2586792,2591608,2589258,17852,0,719,0
29.83849000930786,214253,2586792,2591608,2589258,17852,0,719,0
29.85397505760193,214253,2586792,2591608,2589258,17852,0,719,0
29.86935806274414,214253,2586792,2591608,2589258,17852,0,719,0
29.884660005569458,214253,2586792,2591608,2589258,17852,0,719,0
29.899938106536865,214253,2586792,2591608,2589258,17852,0,719,0
29.91540217399597,214253,2586792,2591608,2589258,17852,0,719,0
29.930971145629883,214253,2586792,2591608,2589258,17852,0,719,0
29.946468114852905,214253,2586792,2591608,2589258,17852,0,719,0
29.962176084518433,214253,2586792,2591608,2589258,17852,0,719,0
29.977745056152344,214253,2586792,2593656,2589258,17852,0,719,0
29.993009090423584,214253,2594984,2601848,2597450,17856,0,719,0
30.008355140686035,214253,2603176,2610040,2605642,17860,0,719,0
30.023961067199707,214253,2611368,2616184,2613834,17864,0,719,0
30.03949809074402,214253,2619560,2624376,2622026,17868,0,720,0
30.055243015289307,214253,2627752,2632568,2630218,17872,0,720,0
30.070805072784424,214253,2635944,2640760,2638410,17876,0,720,0
30.086173057556152,214253,2644136,2648952,2646602,17880,0,720,0
30.10148310661316,214253,2652328,2657144,2654794,17884,0,720,0
30.116839170455933,214253,2660520,2665336,2662986,17888,0,720,0
30.132410049438477,214253,2668712,2673528,2671178,17892,0,720,0
30.147849082946777,214253,2676904,2681720,2679370,17896,0,720,0
30.163655996322632,214253,2685096,2689912,2687562,17900,0,721,0
30.179246187210083,214253,2693288,2698104,2695754,17904,0,721,0
30.194828987121582,214253,2701480,2706296,2703946,17908,0,721,0
30.210302114486694,214253,2709672,2714488,2712138,17912,0,721,0
30.225893020629883,214253,2717864,2722680,2720330,17916,0,722,0
30.241443157196045,214253,2726056,2730872,2728522,17919,0,722,0
30.25690197944641,214253,2734248,2739064,2736714,17924,0,722,0
30.272545099258423,214253,2742440,2747256,2744906,17927,0,722,0
30.28812313079834,214253,2750632,2755448,2753098,17931,0,722,0
30.30369806289673,214253,2756776,2763640,2759242,17935,0,722,0
30.319059133529663,214253,2764968,2771832,2767434,17939,0,722,0
30.334392070770264,214253,2773160,2777976,2775626,17943,0,722,0
30.3497531414032,214253,2781352,2786168,2783818,17947,0,722,0
30.36537504196167,214253,2789544,2794360,2792010,17951,0,723,0
30.380819082260132,214253,2797736,2802552,2800202,17955,0,723,0
30.396282196044922,214253,2805928,2810744,2808394,17959,0,723,0
30.41186809539795,214253,2814120,2818936,2816586,17963,0,723,0
30.42722511291504,214253,2822312,2827128,2824778,17967,0,724,0
30.442845106124878,214253,2830504,2835320,2832970,17971,0,724,0
30.458510160446167,214253,2838696,2843512,2841162,17975,0,724,0
30.474215984344482,214253,2846888,2851704,2849354,17979,0,724,0
30.489837169647217,214253,2855080,2859896,2857546,17983,0,724,0
30.50526714324951,214253,2863272,2868088,2865738,17987,0,724,0
30.52086114883423,214253,2871464,2876280,2873930,17991,0,724,0
30.536267042160034,214253,2879656,2884472,2882122,17995,0,724,0
30.551944971084595,214253,2887848,2892664,2890314,17999,0,725,0
30.567434072494507,214253,2896040,2900856,2898506,18002,0,725,0
30.583080053329468,214253,2904232,2909048,2906698,18006,0,725,0
30.598759174346924,214253,2912424,2917240,2914890,18010,0,725,0
30.614248991012573,214253,2893992,2898808,2896458,18014,0,725,0
30.62989115715027,214253,2893992,2898808,2896458,18014,0,725,0
30.645472049713135,214253,2893992,2898808,2896458,18014,0,725,0
30.662265062332153,214253,2893992,2898808,2896458,18014,0,725,0
30.677721977233887,214253,2893992,2898808,2896458,18014,0,725,0
30.693063974380493,214253,2893992,2898808,2896458,18014,0,725,0
30.708367109298706,214253,2893992,2898808,2896458,18014,0,725,0
30.723716974258423,214253,2893992,2898808,2896458,18014,0,725,0
30.739012002944946,214253,2893992,2898808,2896458,18014,0,725,0
30.754433155059814,214253,2893992,2898808,2896458,18014,0,725,0
30.76969313621521,214253,2893992,2898808,2896458,18014,0,725,0
30.784862995147705,214253,2893992,2898808,2896458,18014,0,725,0
30.799885988235474,214253,2893992,2898808,2896458,18014,0,725,0
30.815016984939575,214253,2893992,2898808,2896458,18014,0,725,0
30.830254077911377,214253,2893992,2898808,2896458,18014,0,725,0
30.845494031906128,214253,2893992,2898808,2896458,18014,0,725,0
30.86074709892273,214253,2893992,2898808,2896458,18014,0,725,0
30.875909090042114,214253,2893992,2898808,2896458,18014,0,725,0
30.891340017318726,214253,2893992,2898808,2896458,18014,0,725,0
30.906610012054443,214253,2893992,2898808,2896458,18014,0,725,0
30.921831130981445,214253,2893992,2898808,2896458,18014,0,725,0
30.93691611289978,214253,2893992,2898808,2896458,18014,0,725,0
30.951935052871704,214253,2893992,2898808,2896458,18014,0,725,0
30.96701717376709,214253,2893992,2898808,2896458,18014,0,725,0
30.982272148132324,214253,2893992,2898808,2896458,18014,0,725,0
30.997732162475586,214253,2893992,2898808,2896458,18014,0,725,0
31.012920141220093,214253,2893992,2898808,2896458,18014,0,725,0
31.028334140777588,214253,2893992,2898808,2896458,18014,0,725,0
31.043686151504517,214253,2893992,2898808,2896458,18014,0,725,0
31.058860063552856,214253,2893992,2898808,2896458,18014,0,725,0
31.073914051055908,214253,2893992,2898808,2896458,18014,0,725,0
31.088994026184082,214253,2893992,2898808,2896458,18014,0,725,0
31.10390615463257,214253,2893992,2898808,2896458,18014,0,725,0
31.118962049484253,214253,2893992,2898808,2896458,18014,0,725,0
31.134006023406982,214253,2893992,2898808,2896458,18014,0,725,0
31.1493661403656,214253,2893992,2898808,2896458,18014,0,725,0
31.164520978927612,214253,2893992,2898808,2896458,18014,0,725,0
31.179834127426147,214253,2893992,2898808,2896458,18014,0,725,0
31.19491219520569,214253,2893992,2898808,2896458,18014,0,725,0
31.2099711894989,214253,2893992,2898808,2896458,18014,0,725,0
31.225234031677246,214253,2893992,2898808,2896458,18014,0,725,0
31.240625143051147,214253,2893992,2898808,2896458,18014,0,725,0
31.25582003593445,214253,2893992,2898808,2896458,18014,0,725,0
31.27089500427246,214253,2893992,2898808,2896458,18014,0,725,0
31.286054134368896,214253,2893992,2898808,2896458,18014,0,725,0
31.301448106765747,214253,2893992,2898808,2896458,18014,0,725,0
31.31682014465332,214253,2893992,2898808,2896458,18014,0,725,0
31.33186411857605,214253,2893992,2898808,2896458,18014,0,725,0
31.34700608253479,214253,2893992,2898808,2896458,18014,0,725,0
31.362261056900024,214253,2893992,2898808,2896458,18014,0,725,0
31.37744903564453,214253,2893992,2898808,2896458,18014,0,725,0
31.39267110824585,214253,2893992,2898808,2896458,18014,0,725,0
31.407854080200195,214253,2893992,2898808,2896458,18014,0,725,0
31.422978162765503,214253,2893992,2898808,2896458,18014,0,725,0
31.43798017501831,214253,2893992,2898808,2896458,18014,0,725,0
31.453330993652344,214253,2893992,2898808,2896458,18014,0,725,0
31.46849513053894,214253,2893992,2898808,2896458,18014,0,725,0
31.48372197151184,214253,2893992,2898808,2896458,18014,0,725,0
31.498833179473877,214253,2893992,2898808,2896458,18014,0,725,0
31.513907194137573,214253,2893992,2898808,2896458,18014,0,725,0
31.52900505065918,214253,2893992,2898808,2896458,18014,0,725,0
31.54406499862671,214253,2893992,2898808,2896458,18014,0,725,0
31.559380054473877,214253,2893992,2898808,2896458,18014,0,725,0
31.57474398612976,214253,2893992,2898808,2896458,18014,0,725,0
31.589910984039307,214253,2893992,2898808,2896458,18014,0,725,0
31.605318069458008,214253,2893992,2898808,2896458,18014,0,725,0
31.62057399749756,214253,2893992,2898808,2896458,18014,0,725,0
31.638520002365112,214253,2893992,2898808,2896458,18014,0,725,0
31.65382218360901,214253,2893992,2898808,2896458,18014,0,725,0
31.668898105621338,214253,2893992,2898808,2896458,18014,0,725,0
31.683906078338623,214253,2893992,2898808,2896458,18014,0,725,0
31.699026107788086,214253,2893992,2898808,2896458,18014,0,725,0
31.714266061782837,214253,2893992,2898808,2896458,18014,0,725,0
31.729483127593994,214253,2893992,2898808,2896458,18014,0,725,0
31.744660139083862,214253,2893992,2898808,2896458,18014,0,725,0
31.75981616973877,214253,2893992,2898808,2896458,18014,0,725,0
31.775166034698486,214253,2893992,2898808,2896458,18014,0,725,0
31.7906711101532,214253,2893992,2898808,2896458,18014,0,725,0
31.805909156799316,214253,2893992,2898808,2896458,18014,0,725,0
31.821285009384155,214253,2893992,2898808,2896458,18014,0,725,0
31.836628198623657,214253,2893992,2898808,2896458,18014,0,725,0
31.851835012435913,214253,2893992,2898808,2896458,18014,0,725,0
31.866991996765137,214253,2893992,2898808,2896458,18014,0,725,0
31.88251805305481,214253,2893992,2898808,2896458,18014,0,725,0
31.897809982299805,214253,2893992,2898808,2896458,18014,0,725,0
31.912991046905518,214253,2893992,2898808,2896458,18014,0,725,0
31.92803406715393,214253,2893992,2898808,2896458,18014,0,725,0
31.943433046340942,214253,2893992,2898808,2896458,18014,0,725,0
31.958685159683228,214253,2893992,2898808,2896458,18014,0,725,0
31.97389507293701,214253,2893992,2898808,2896458,18014,0,725,0
31.98902416229248,214253,2893992,2898808,2896458,18014,0,725,0
32.004364013671875,214253,2893992,2898808,2896458,18014,0,725,0
32.019562005996704,214253,2893992,2898808,2896458,18014,0,725,0
32.03481411933899,214253,2893992,2898808,2896458,18014,0,725,0
32.049889087677,214253,2893992,2898808,2896458,18014,0,725,0
32.06522297859192,214253,2893992,2898808,2896458,18014,0,725,0
32.08050608634949,214253,2893992,2898808,2896458,18014,0,725,0
32.09580206871033,214253,2893992,2898808,2896458,18014,0,725,0
32.11082410812378,214253,2893992,2898808,2896458,18014,0,725,0
32.125970125198364,214253,2893992,2898808,2896458,18014,0,725,0
32.14127707481384,214253,2893992,2898808,2896458,18014,0,725,0
32.15641903877258,214253,2893992,2898808,2896458,18014,0,725,0
32.171761989593506,214253,2893992,2898808,2896458,18014,0,725,0
32.18683218955994,214253,2893992,2898808,2896458,18014,0,725,0
32.201972007751465,214253,2893992,2898808,2896458,18014,0,725,0
32.21706199645996,214253,2893992,2898808,2896458,18014,0,725,0
32.231221199035645,214253,2893992,2898808,2896458,18014,0,725,0
32.24646019935608,214253,2893992,2898808,2896458,18014,0,725,0
32.26171016693115,214253,2893992,2898808,2896458,18014,0,725,0
32.27682614326477,214253,2893992,2898808,2896458,18014,0,725,0
32.29191708564758,214253,2893992,2898808,2896458,18014,0,725,0
32.30707311630249,214253,2893992,2898808,2896458,18014,0,725,0
32.32244110107422,214253,2893992,2898808,2896458,18014,0,725,0
32.33776903152466,214253,2893992,2898808,2896458,18014,0,725,0
32.353042125701904,214253,2893992,2898808,2896458,18014,0,725,0
32.36848497390747,214253,2893992,2898808,2896458,18014,0,725,0
32.38392615318298,214253,2893992,2898808,2896458,18014,0,725,0
32.399381160736084,214253,2893992,2898808,2896458,18014,0,725,0
32.41464710235596,214253,2893992,2898808,2896458,18014,0,725,0
32.42990207672119,214253,2893992,2898808,2896458,18014,0,725,0
32.44537019729614,214253,2893992,2898808,2896458,18014,0,725,0
32.46070313453674,214253,2893992,2898808,2896458,18014,0,725,0
32.47586107254028,214253,2893992,2898808,2896458,18014,0,725,0
32.49126696586609,214253,2893992,2898808,2896458,18014,0,725,0
32.506532192230225,214253,2893992,2898808,2896458,18014,0,725,0
32.52175807952881,214253,2893992,2898808,2896458,18014,0,725,0
32.536930084228516,214253,2893992,2898808,2896458,18014,0,725,0
32.55203199386597,214253,2893992,2898808,2896458,18014,0,725,0
32.5672869682312,214253,2893992,2898808,2896458,18014,0,725,0
32.58279609680176,214253,2893992,2898808,2896458,18014,0,725,0
32.59801411628723,214253,2893992,2898808,2896458,18014,0,725,0
32.613763093948364,214253,2893992,2898808,2896458,18014,0,725,0
32.62895202636719,214253,2893992,2898808,2896458,18014,0,725,0
32.64440608024597,214253,2893992,2898808,2896458,18014,0,725,0
32.65993618965149,214253,2502824,2507640,2505290,18014,0,717,0
32.67533802986145,214253,2502824,2507640,2505290,18014,0,717,0
32.69060707092285,214253,2502824,2507640,2505290,18014,0,717,0
32.70576500892639,214253,2502824,2507640,2505290,18014,0,717,0
32.72089910507202,214253,2502824,2507640,2505290,18014,0,717,0
32.73593497276306,214253,2502824,2507640,2505290,18014,0,717,0
32.75100898742676,214253,2502824,2507640,2505290,18014,0,717,0
32.76606106758118,214253,2502824,2507640,2505290,18014,0,717,0
32.78127408027649,214253,2502824,2507640,2505290,18014,0,717,0
32.796530961990356,214253,2502824,2507640,2505290,18014,0,717,0
32.81175518035889,214253,2502824,2507640,2505290,18014,0,717,0
32.82689118385315,214253,2502824,2507640,2505290,18014,0,717,0
32.84194898605347,214253,2502824,2507640,2505290,18014,0,717,0
32.85753011703491,214253,2502824,2507640,2505290,18014,0,717,0
32.87285900115967,214253,2502824,2507640,2505290,18014,0,717,0
32.888259172439575,214253,2502824,2507640,2505290,18014,0,717,0
32.90328502655029,214253,2502824,2507640,2505290,18014,0,717,0
32.918400049209595,214253,2502824,2507640,2505290,18014,0,717,0
32.9336371421814,214253,2502824,2507640,2505290,18014,0,717,0
32.948835134506226,214253,2502824,2507640,2505290,18014,0,717,0
32.963935136795044,214253,2502824,2507640,2505290,18014,0,717,0
32.97902297973633,214253,2502824,2507640,2505290,18014,0,717,0
32.99456715583801,214253,2502824,2507640,2505290,18014,0,717,0
33.00985598564148,214253,2502824,2507640,2505290,18014,0,717,0
33.02490305900574,214253,2502824,2507640,2505290,18014,0,717,0
33.03991413116455,214253,2502824,2507640,2505290,18014,0,717,0
33.05503010749817,214253,2502824,2507640,2505290,18014,0,717,0
33.07027316093445,214253,2502824,2507640,2505290,18014,0,717,0
33.08556604385376,214253,2502824,2507640,2505290,18014,0,717,0
33.10066199302673,214253,2502824,2507640,2505290,18014,0,717,0
33.11589002609253,214253,2502824,2507640,2505290,18014,0,717,0
33.131267070770264,214253,2502824,2507640,2505290,18014,0,717,0
33.146560192108154,214253,2502824,2507640,2505290,18014,0,717,0
33.16175699234009,214253,2502824,2507640,2505290,18014,0,717,0
33.17688202857971,214253,2502824,2507640,2505290,18014,0,717,0
33.19191908836365,214253,2502824,2507640,2505290,18014,0,717,0
33.20704102516174,214253,2502824,2507640,2505290,18014,0,717,0
33.22203207015991,214253,2502824,2507640,2505290,18014,0,717,0
33.2374050617218,214253,2502824,2507640,2505290,18014,0,717,0
33.25266718864441,214253,2502824,2507640,2505290,18014,0,717,0
33.26794099807739,214253,2502824,2507640,2505290,18014,0,717,0
33.28351712226868,214253,2502824,2507640,2505290,18014,0,717,0
33.298784017562866,214253,2502824,2507640,2505290,18014,0,717,0
33.313881158828735,214253,2502824,2507640,2505290,18014,0,717,0
33.32924699783325,214253,2502824,2507640,2505290,18014,0,717,0
33.34447717666626,214253,2502824,2507640,2505290,18014,0,717,0
33.35969018936157,214253,2502824,2507640,2505290,18014,0,717,0
33.374842166900635,214253,2502824,2507640,2505290,18014,0,717,0
33.39001798629761,214253,2502824,2507640,2505290,18014,0,717,0
33.405757188797,214253,2502824,2507640,2505290,18014,0,717,0
33.42072010040283,214253,2502824,2507640,2505290,18014,0,717,0
33.43579697608948,214253,2502824,2507640,2505290,18014,0,717,0
33.45084309577942,214253,2502824,2507640,2505290,18014,0,717,0
33.46626400947571,214253,2502824,2507640,2505290,18014,0,717,0
33.48146200180054,214253,2502824,2507640,2505290,18014,0,717,0
33.49671411514282,214253,2502824,2507640,2505290,18014,0,717,0
33.511821031570435,214253,2502824,2507640,2505290,18014,0,717,0
33.52688813209534,214253,2502824,2507640,2505290,18014,0,717,0
33.54187607765198,214253,2502824,2507640,2505290,18014,0,717,0
33.55692219734192,214253,2502824,2507640,2505290,18014,0,717,0
33.57207703590393,214253,2502824,2507640,2505290,18014,0,717,0
33.589858055114746,214253,2502824,2507640,2505290,18014,0,717,0
33.6050009727478,214253,2502824,2507640,2505290,18014,0,717,0
33.62038803100586,214253,2502824,2507640,2505290,18014,0,717,0
33.63569712638855,214253,2502824,2507640,2505290,18014,0,717,0
33.65082001686096,214253,2502824,2507640,2505290,18014,0,717,0
33.66587209701538,214253,2502824,2507640,2505290,18014,0,717,0
33.68093299865723,214253,2502824,2507640,2505290,18014,0,717,0
33.69593596458435,214253,2502824,2507640,2505290,18014,0,717,0
33.711004972457886,214253,2502824,2507640,2505290,18014,0,717,0
33.7263240814209,214253,2502824,2507640,2505290,18014,0,717,0
33.74148917198181,214253,2502824,2507640,2505290,18014,0,717,0
33.75671911239624,214253,2502824,2507640,2505290,18014,0,717,0
33.77183699607849,214253,2502824,2507640,2505290,18014,0,717,0
33.786882162094116,214253,2502824,2507640,2505290,18014,0,717,0
33.80196404457092,214253,2502824,2507640,2505290,18014,0,717,0
33.8170530796051,214253,2502824,2507640,2505290,18014,0,717,0
33.83206915855408,214253,2502824,2507640,2505290,18014,0,717,0
33.84740614891052,214253,2502824,2507640,2505290,18014,0,717,0
33.862730979919434,214253,2502824,2507640,2505290,18014,0,717,0
33.877931118011475,214253,2502824,2507640,2505290,18014,0,717,0
33.89308500289917,214253,2502824,2507640,2505290,18014,0,717,0
33.90851712226868,214253,2502824,2507640,2505290,18014,0,717,0
33.92369318008423,214253,2502824,2507640,2505290,18014,0,717,0
33.93881916999817,214253,2502824,2507640,2505290,18014,0,717,0
33.95386815071106,214253,2502824,2507640,2505290,18014,0,717,0
33.96900796890259,214253,2502824,2507640,2505290,18014,0,717,0
33.98438501358032,214253,2502824,2507640,2505290,18014,0,717,0
33.99964904785156,214253,2502824,2507640,2505290,18014,0,717,0
34.014837980270386,214253,2502824,2507640,2505290,18014,0,717,0
34.02991819381714,214253,2502824,2507640,2505290,18014,0,717,0
34.0450119972229,214253,2502824,2507640,2505290,18014,0,717,0
34.059998989105225,214253,2502824,2507640,2505290,18014,0,717,0
34.075390100479126,214253,2502824,2507640,2505290,18014,0,717,0
34.090731143951416,214253,2502824,2507640,2505290,18014,0,717,0
34.10584306716919,214253,2502824,2507640,2505290,18014,0,717,0
34.12093496322632,214253,2502824,2507640,2505290,18014,0,717,0
34.135987997055054,214253,2502824,2507640,2505290,18014,0,717,0
34.15101218223572,214253,2502824,2507640,2505290,18014,0,717,0
34.166011095047,214253,2502824,2507640,2505290,18014,0,717,0
34.18099308013916,214253,2502824,2507640,2505290,18014,0,717,0
34.19604301452637,214253,2502824,2507640,2505290,18014,0,717,0
34.21106719970703,214253,2502824,2507640,2505290,18014,0,717,0
34.22640514373779,214253,2502824,2507640,2505290,18014,0,717,0
34.24186611175537,214253,2502824,2507640,2505290,18014,0,717,0
34.25684404373169,214253,2502824,2507640,2505290,18014,0,717,0
34.271836042404175,214253,2502824,2507640,2505290,18014,0,717,0
34.28690218925476,214253,2502824,2507640,2505290,18014,0,717,0
34.301961183547974,214253,2502824,2507640,2505290,18014,0,717,0
34.31702899932861,214253,2502824,2507640,2505290,18014,0,717,0
34.33230805397034,214253,2502824,2507640,2505290,18014,0,717,0
34.34754204750061,214253,2502824,2507640,2505290,18014,0,717,0
34.36280107498169,214253,2502824,2507640,2505290,18014,0,717,0
34.377894163131714,214253,2502824,2507640,2505290,18014,0,717,0
34.39294505119324,214253,2502824,2507640,2505290,18014,0,717,0
34.40804409980774,214253,2502824,2507640,2505290,18014,0,717,0
34.42360305786133,214253,2502824,2507640,2505290,18014,0,717,0
34.43882918357849,214253,2502824,2507640,2505290,18014,0,717,0
34.45393705368042,214253,2502824,2507640,2505290,18014,0,717,0
34.46891713142395,214253,2502824,2507640,2505290,18014,0,717,0
34.48407006263733,214253,2502824,2507640,2505290,18014,0,717,0
34.49931001663208,214253,2502824,2507640,2505290,18014,0,717,0
34.51469016075134,214253,2502824,2507640,2505290,18014,0,717,0
34.53038001060486,214253,2502824,2507640,2505290,18014,0,717,0
34.545762062072754,214253,2502824,2507640,2505290,18014,0,717,0
34.563088178634644,214253,2502824,2507640,2505290,18014,0,717,0
34.578458070755005,214253,2502824,2507640,2505290,18014,0,717,0
34.59356498718262,214253,2502824,2507640,2505290,18014,0,717,0
34.608916997909546,214253,2502824,2507640,2505290,18014,0,717,0
34.624497175216675,214253,2502824,2507640,2505290,18014,0,717,0
34.6398069858551,214253,2502824,2507640,2505290,18014,0,717,0
34.654853105545044,214253,2502824,2507640,2505290,18014,0,717,0
34.66990399360657,214253,2502824,2507640,2505290,18014,0,717,0
34.68504214286804,214253,2502824,2507640,2505290,18014,0,717,0
34.70030117034912,214253,2449576,2306936,2452042,18014,0,713,0
34.71567106246948,214253,2097320,2102136,2099786,18014,0,709,0
34.730777978897095,214253,2097320,2102136,2099786,18014,0,709,0
34.745928049087524,214253,2097320,2102136,2099786,18014,0,709,0
34.761346101760864,214253,2097320,2102136,2099786,18014,0,709,0
34.776880979537964,214253,2097320,2102136,2099786,18014,0,709,0
34.79230809211731,214253,2097320,2102136,2099786,18014,0,709,0
34.80794906616211,214253,2097320,2102136,2099786,18014,0,709,0
34.82333302497864,214253,2097320,2102136,2099786,18014,0,709,0
34.838958978652954,214253,2097320,2102136,2099786,18014,0,709,0
34.85436010360718,214253,2097320,2102136,2099786,18014,0,709,0
34.86983013153076,214253,2097320,2102136,2099786,18014,0,709,0
34.8852801322937,214253,2097320,2102136,2099786,18014,0,709,0
34.90072703361511,214253,2097320,2102136,2099786,18014,0,709,0
34.916277170181274,214253,2097320,2102136,2099786,18014,0,709,0
34.93203401565552,214253,2097320,2102136,2099786,18014,0,709,0
34.94802498817444,214253,2097320,2102136,2099786,18014,0,709,0
34.963489055633545,214253,2097320,2102136,2099786,18014,0,709,0
34.97906017303467,214253,2097320,2102136,2099786,18014,0,709,0
34.99451303482056,214253,2097320,2102136,2099786,18014,0,709,0
35.010024070739746,214253,2097320,2102136,2099786,18014,0,709,0
35.02551007270813,214253,2097320,2102136,2099786,18014,0,709,0
35.04108214378357,214253,2097320,2102136,2099786,18014,0,709,0
35.05659008026123,214253,2097320,2102136,2099786,18014,0,709,0
35.07198715209961,214253,2097320,2102136,2099786,18014,0,709,0
35.08718800544739,214253,2097320,2102136,2099786,18014,0,709,0
35.10238718986511,214253,2097320,2102136,2099786,18014,0,709,0
35.117698192596436,214253,2097320,2102136,2099786,18014,0,709,0
35.13335609436035,214253,2097320,2102136,2099786,18014,0,709,0
35.1492600440979,214253,2097320,2102136,2099786,18014,0,709,0
35.16488814353943,214253,2097320,2102136,2099786,18014,0,709,0
35.18042612075806,214253,2097320,2102136,2099786,18014,0,709,0
35.19586801528931,214253,2097320,2102136,2099786,18014,0,709,0
35.21143913269043,214253,2097320,2102136,2099786,18014,0,709,0
35.22703003883362,214253,2097320,2102136,2099786,18014,0,709,0
35.24266719818115,214253,2097320,2102136,2099786,18014,0,709,0
35.25811004638672,214253,2097320,2102136,2099786,18014,0,709,0
35.27369999885559,214253,2097320,2102136,2099786,18014,0,709,0
35.28912305831909,214253,2097320,2102136,2099786,18014,0,709,0
35.30474019050598,214253,2097320,2102136,2099786,18014,0,709,0
35.32024312019348,214253,2097320,2102136,2099786,18014,0,709,0
35.33574414253235,214253,2097320,2102136,2099786,18014,0,709,0
35.351356983184814,214253,2097320,2102136,2099786,18014,0,709,0
35.36703109741211,214253,2097320,2102136,2099786,18014,0,709,0
35.38265013694763,214253,2097320,2102136,2099786,18014,0,709,0
35.39829397201538,214253,2097320,2102136,2099786,18014,0,709,0
35.41387605667114,214253,2097320,2102136,2099786,18014,0,709,0
35.42949819564819,214253,2097320,2102136,2099786,18014,0,709,0
35.4451060295105,214253,2097320,2102136,2099786,18014,0,709,0
35.460679054260254,214253,2097320,2102136,2099786,18014,0,709,0
35.47612905502319,214253,2105512,2110328,2107978,18018,0,709,0
35.491714000701904,214253,2113704,2118520,2116170,18021,0,709,0
35.50738310813904,214253,2121896,2126712,2124362,18025,0,709,0
35.52511501312256,214253,2123944,2128760,2126410,18027,0,709,0
35.540749073028564,214253,2123944,2128760,2126410,18027,0,709,0
35.55639719963074,214253,2123944,2128760,2126410,18027,0,709,0
35.572362184524536,214253,2123944,2128760,2126410,18027,0,709,0
35.58794808387756,214253,2123944,2128760,2126410,18027,0,709,0
35.60336399078369,214253,2123944,2128760,2126410,18027,0,709,0
35.618916034698486,214253,2123944,2128760,2126410,18027,0,709,0
35.634369134902954,214253,2123944,2128760,2126410,18027,0,709,0
35.649965047836304,214253,2123944,2128760,2126410,18027,0,709,0
35.66547107696533,214253,2123944,2128760,2126410,18027,0,709,0
35.68109107017517,214253,2123944,2128760,2126410,18027,0,709,0
35.69653797149658,214253,2123944,2128760,2126410,18027,0,709,0
35.71208596229553,214253,2123944,2128760,2126410,18027,0,709,0
35.727848052978516,214253,2123944,2128760,2126410,18027,0,709,0
35.74334716796875,214253,2123944,2128760,2126410,18027,0,709,0
35.75895714759827,214253,2123944,2128760,2126410,18027,0,709,0
35.774811029434204,214253,2123944,2128760,2126410,18027,0,709,0
35.79038596153259,214253,2123944,2128760,2126410,18027,0,709,0
35.806037187576294,214253,2123944,2128760,2126410,18027,0,709,0
35.82149314880371,214253,2123944,2128760,2126410,18027,0,709,0
35.83695411682129,214253,2123944,2128760,2126410,18027,0,709,0
35.8525071144104,214253,2123944,2128760,2126410,18027,0,709,0
35.86802411079407,214253,2123944,2128760,2126410,18027,0,709,0
35.88375806808472,214253,2123944,2128760,2126410,18027,0,709,0
35.89939498901367,214253,2123944,2128760,2126410,18027,0,709,0
35.91496014595032,214253,2123944,2128760,2126410,18027,0,709,0
35.930480003356934,214253,2123944,2128760,2126410,18027,0,709,0
35.945993185043335,214253,2123944,2128760,2126410,18027,0,709,0
35.96173596382141,214253,2123944,2128760,2126410,18027,0,709,0
35.97765612602234,214253,2123944,2128760,2126410,18027,0,709,0
35.993261098861694,214253,2123944,2128760,2126410,18027,0,709,0
36.00879716873169,214253,2123944,2128760,2126410,18027,0,709,0
36.02434706687927,214253,2123944,2128760,2126410,18027,0,709,0
36.040003061294556,214253,2123944,2128760,2126410,18027,0,709,0
36.05557298660278,214253,2123944,2128760,2126410,18027,0,709,0
36.07127118110657,214253,2123944,2128760,2126410,18027,0,709,0
36.086785078048706,214253,2123944,2128760,2126410,18027,0,709,0
36.102360010147095,214253,2123944,2128760,2126410,18027,0,709,0
36.117863178253174,214253,2123944,2128760,2126410,18027,0,709,0
36.13335204124451,214253,2123944,2128760,2126410,18027,0,709,0
36.14885497093201,214253,2123944,2128760,2126410,18027,0,709,0
36.164381980895996,214253,2123944,2128760,2126410,18027,0,709,0
36.179924964904785,214253,2123944,2128760,2126410,18027,0,709,0
36.19580912590027,214253,2123944,2128760,2126410,18027,0,709,0
36.21134901046753,214253,2123944,2128760,2126410,18027,0,709,0
36.22664999961853,214253,2123944,2128760,2126410,18027,0,709,0
36.2419331073761,214253,2123944,2128760,2126410,18027,0,709,0
36.25743317604065,214253,2123944,2128760,2126410,18027,0,709,0
36.27305507659912,214253,2123944,2128760,2126410,18027,0,709,0
36.288639068603516,214253,2123944,2128760,2126410,18027,0,709,0
36.30412197113037,214253,2123944,2128760,2126410,18027,0,709,0
36.31957006454468,214253,2123944,2128760,2126410,18027,0,709,0
36.33511304855347,214253,2123944,2128760,2126410,18027,0,709,0
36.35068202018738,214253,2123944,2128760,2126410,18027,0,709,0
36.36623501777649,214253,2123944,2128760,2126410,18027,0,709,0
36.38179111480713,214253,2123944,2128760,2126410,18027,0,709,0
36.397298097610474,214253,2123944,2128760,2126410,18027,0,709,0
36.41298317909241,214253,2123944,2128760,2126410,18027,0,709,0
36.42837715148926,214253,2123944,2128760,2126410,18027,0,709,0
36.44393014907837,214253,2123944,2128760,2126410,18027,0,709,0
36.4593620300293,214253,2123944,2128760,2126410,18027,0,709,0
36.47498607635498,214253,2123944,2128760,2126410,18027,0,709,0
36.49061608314514,214253,2123944,2128760,2126410,18027,0,709,0
36.50672912597656,214253,2123944,2128760,2126410,18027,0,709,0
36.522140979766846,214253,2123944,2128760,2126410,18027,0,709,0
36.53765106201172,214253,2123944,2128760,2126410,18027,0,709,0
36.553033113479614,214253,2123944,2128760,2126410,18027,0,709,0
36.56842112541199,214253,2123944,2128760,2126410,18027,0,709,0
36.584022998809814,214253,2123944,2128760,2126410,18027,0,709,0
36.59960317611694,214253,2123944,2128760,2126410,18027,0,709,0
36.61526799201965,214253,2123944,2128760,2126410,18027,0,709,0
36.63079905509949,214253,2123944,2128760,2126410,18027,0,709,0
36.646231174468994,214253,2123944,2128760,2126410,18027,0,709,0
36.661741971969604,214253,2123944,2128760,2126410,18027,0,709,0
36.67742300033569,214253,2123944,2128760,2126410,18027,0,709,0
36.693061113357544,214253,2123944,2128760,2126410,18027,0,709,0
36.70864510536194,214253,2123944,2128760,2126410,18027,0,709,0
36.724128007888794,214253,2123944,2128760,2126410,18027,0,709,0
36.739718198776245,214253,2123944,2128760,2126410,18027,0,709,0
36.75522804260254,214253,1839272,1844088,1841738,18027,0,704,0
36.77076816558838,214253,1841320,1846136,1843786,18028,0,704,0
36.786314964294434,214253,1841320,1846136,1843786,18028,0,704,0
36.801913022994995,214253,1841320,1846136,1843786,18028,0,704,0
36.817814111709595,214253,1841320,1846136,1843786,18028,0,704,0
36.83334398269653,214253,1841320,1846136,1843786,18028,0,704,0
36.848844051361084,214253,1847464,1852280,1849930,18031,0,704,0
36.86439919471741,214253,1855656,1860472,1858122,18035,0,704,0
36.880120038986206,214253,1863848,1868664,1866314,18039,0,704,0
36.89595007896423,214253,1872040,1876856,1874506,18043,0,704,0
36.91150999069214,214253,1880232,1885048,1882698,18046,0,704,0
36.92709803581238,214253,1888424,1893240,1890890,18050,0,704,0
36.94275498390198,214253,1896616,1901432,1899082,18054,0,704,0
36.958364963531494,214253,1902760,1909624,1905226,18058,0,705,0
36.97402000427246,214253,1910952,1917816,1913418,18062,0,705,0
36.98976707458496,214253,1919144,1926008,1921610,18066,0,705,0
37.005239963531494,214253,1927336,1932152,1929802,18070,0,705,0
37.02082800865173,214253,1935528,1940344,1937994,18074,0,706,0
37.03652596473694,214253,1943720,1948536,1946186,18078,0,706,0
37.05203318595886,214253,1951912,1956728,1954378,18082,0,706,0
37.06764817237854,214253,1960104,1964920,1962570,18086,0,706,0
37.08328819274902,214253,1968296,1973112,1970762,18090,0,706,0
37.09887504577637,214253,1976488,1981304,1978954,18094,0,706,0
37.11433005332947,214253,1984680,1989496,1987146,18098,0,706,0
37.129992961883545,214253,1992872,1997688,1995338,18102,0,706,0
37.14578914642334,214253,2001064,2005880,2003530,18106,0,707,0
37.16128706932068,214253,2009256,2014072,2011722,18110,0,707,0
37.176751136779785,214253,2017448,2022264,2019914,18114,0,707,0
37.19250798225403,214253,2025640,2030456,2028106,18118,0,707,0
37.20825719833374,214253,2033832,2038648,2036298,18121,0,708,0
37.22380805015564,214253,2039976,2046840,2042442,18125,0,708,0
37.23944807052612,214253,2048168,2055032,2050634,18129,0,708,0
37.25498914718628,214253,2056360,2063224,2058826,18133,0,708,0
37.27060008049011,214253,2064552,2069368,2067018,18137,0,708,0
37.286126136779785,214253,2072744,2077560,2075210,18141,0,708,0
37.30157208442688,214253,2080936,2085752,2083402,18145,0,708,0
37.317152976989746,214253,2089128,2093944,2091594,18149,0,708,0
37.33273196220398,214253,2097320,2102136,2099786,18153,0,709,0
37.34826707839966,214253,2105512,2110328,2107978,18157,0,709,0
37.3637490272522,214253,2113704,2118520,2116170,18161,0,709,0
37.37943696975708,214253,2121896,2126712,2124362,18165,0,709,0
37.39505410194397,214253,2130088,2134904,2132554,18169,0,710,0
37.41072201728821,214253,2138280,2143096,2140746,18172,0,710,0
37.42638397216797,214253,2146472,2151288,2148938,18176,0,710,0
37.44239807128906,214253,2154664,2159480,2157130,18180,0,710,0
37.45811200141907,214253,2162856,2167672,2165322,18185,0,710,0
37.47647213935852,214253,2171048,2175864,2173514,18189,0,710,0
37.49241900444031,214253,2179240,2184056,2181706,18193,0,710,0
37.50803208351135,214253,2187432,2192248,2189898,18197,0,710,0
37.523691177368164,214253,2195624,2200440,2198090,18201,0,711,0
37.539311170578,214253,2203816,2208632,2206282,18205,0,711,0
37.55488705635071,214253,2212008,2216824,2214474,18209,0,711,0
37.5705840587616,214253,2220200,2225016,2222666,18213,0,711,0
37.58613204956055,214253,2228392,2233208,2230858,18217,0,712,0
37.60175919532776,214253,2236584,2241400,2239050,18221,0,712,0
37.61728000640869,214253,2244776,2249592,2247242,18225,0,712,0
37.632936000823975,214253,2252968,2257784,2255434,18229,0,712,0
37.64851999282837,214253,2261160,2265976,2263626,18232,0,712,0
37.66408014297485,214253,2269352,2274168,2271818,18236,0,712,0
37.6796600818634,214253,2275496,2282360,2277962,18240,0,712,0
37.69511699676514,214253,2283688,2290552,2286154,18244,0,712,0
37.71077013015747,214253,2291880,2298744,2294346,18248,0,713,0
37.72644400596619,214253,2300072,2306936,2302538,18252,0,713,0
37.74204111099243,214253,2308264,2313080,2310730,18256,0,713,0
37.75770306587219,214253,2316456,2321272,2318922,18260,0,713,0
37.77335000038147,214253,2324648,2329464,2327114,18264,0,714,0
37.788861989974976,214253,2332840,2337656,2335306,18268,0,714,0
37.804362058639526,214253,2341032,2345848,2343498,18272,0,714,0
37.81986403465271,214253,2349224,2354040,2351690,18276,0,714,0
37.8353910446167,214253,2357416,2362232,2359882,18280,0,714,0
37.85124397277832,214253,2365608,2370424,2368074,18284,0,714,0
37.86689019203186,214253,2373800,2378616,2376266,18288,0,714,0
37.88239002227783,214253,2381992,2386808,2384458,18292,0,714,0
37.89806509017944,214253,2390184,2395000,2392650,18296,0,715,0
37.91367816925049,214253,2398376,2403192,2400842,18300,0,715,0
37.92912197113037,214253,2406568,2411384,2409034,18303,0,715,0
37.94472098350525,214253,2414760,2419576,2417226,18307,0,715,0
37.960273027420044,214253,2422952,2427768,2425418,18311,0,716,0
37.97586703300476,214253,2429096,2435960,2431562,18315,0,716,0
37.99144697189331,214253,2437288,2444152,2439754,18319,0,716,0
38.00706601142883,214253,2445480,2452344,2447946,18323,0,716,0
38.02252912521362,214253,2453672,2460536,2456138,18327,0,716,0
38.038066148757935,214253,2461864,2466680,2464330,18331,0,716,0
38.05359411239624,214253,2470056,2474872,2472522,18335,0,716,0
38.06944799423218,214253,2478248,2483064,2480714,18339,0,716,0
38.084978103637695,214253,2486440,2491256,2488906,18343,0,716,0
38.1008939743042,214253,2494632,2499448,2497098,18347,0,717,0
38.11649203300476,214253,2502824,2507640,2505290,18351,0,717,0
38.13207817077637,214253,2511016,2515832,2513482,18355,0,717,0
38.14767503738403,214253,2519208,2524024,2521674,18359,0,717,0
38.16322302818298,214253,2525352,2530168,2527818,18362,0,718,0
38.17894411087036,214253,2533544,2538360,2536010,18366,0,718,0
38.19448709487915,214253,2541736,2546552,2544202,18370,0,718,0
38.21013116836548,214253,2549928,2554744,2552394,18374,0,718,0
38.225830078125,214253,2554024,2558840,2556490,18376,0,718,0
38.241451025009155,214253,2558120,2562936,2560586,18378,0,718,0
38.25820708274841,214253,2566312,2573176,2568778,18382,0,718,0
38.27527618408203,214253,2576552,2581368,2579018,18387,0,718,0
38.292232036590576,214253,2584744,2589560,2587210,18391,0,718,0
38.30920910835266,214253,2592936,2597752,2595402,18395,0,719,0
38.326122999191284,214253,2603176,2607992,2605642,18399,0,719,0
38.34302115440369,214253,2611368,2616184,2613834,18404,0,719,0
38.359874963760376,214253,2619560,2624376,2622026,18408,0,720,0
38.37679719924927,214253,2627752,2632568,2630218,18412,0,720,0
38.393848180770874,214253,2637992,2642808,2640458,18416,0,720,0
38.410969972610474,214253,2646184,2651000,2648650,18421,0,720,0
38.428017139434814,214253,2654376,2659192,2656842,18425,0,720,0
38.44517397880554,214253,2662568,2669432,2665034,18429,0,720,0
38.462133169174194,214253,2672808,2677624,2675274,18434,0,720,0
38.479114055633545,214253,2681000,2685816,2683466,18438,0,720,0
38.49501609802246,214253,2689192,2694008,2691658,18442,0,721,0
38.510778188705444,214253,2697384,2702200,2699850,18446,0,721,0
38.52647113800049,214253,2705576,2710392,2708042,18450,0,721,0
38.54212307929993,214253,2713768,2718584,2716234,18454,0,721,0
38.55779314041138,214253,2721960,2726776,2724426,18458,0,722,0
38.57352304458618,214253,2730152,2734968,2732618,18461,0,722,0
38.58913707733154,214253,2738344,2743160,2740810,18465,0,722,0
38.60492014884949,214253,2746536,2751352,2749002,18469,0,722,0
38.62072396278381,214253,2754728,2759544,2757194,18473,0,722,0
38.636399030685425,214253,2760872,2767736,2763338,18477,0,722,0
38.65206718444824,214253,2769064,2775928,2771530,18481,0,722,0
38.66778516769409,214253,2777256,2784120,2779722,18485,0,722,0
38.68386197090149,214253,2785448,2790264,2787914,18489,0,723,0
38.69967699050903,214253,2793640,2798456,2796106,18493,0,723,0
38.71538996696472,214253,2801832,2806648,2804298,18497,0,723,0
38.73103308677673,214253,2810024,2814840,2812490,18501,0,723,0
38.746659994125366,214253,2818216,2823032,2820682,18505,0,724,0
38.762163162231445,214253,2826408,2831224,2828874,18509,0,724,0
38.77775812149048,214253,2830504,2835320,2832970,18511,0,724,0
38.79379105567932,214253,2830504,2835320,2832970,18511,0,724,0
38.80945014953613,214253,2685096,2689912,2687562,18511,0,721,0
38.82523012161255,214253,2685096,2689912,2687562,18511,0,721,0
38.840933084487915,214253,2685096,2689912,2687562,18511,0,721,0
38.856534004211426,214253,2685096,2689912,2687562,18511,0,721,0
38.872061014175415,214253,2685096,2689912,2687562,18511,0,721,0
38.88775897026062,214253,2685096,2689912,2687562,18511,0,721,0
38.90363812446594,214253,2685096,2689912,2687562,18511,0,721,0
38.91937804222107,214253,2685096,2689912,2687562,18511,0,721,0
38.9349160194397,214253,2685096,2689912,2687562,18511,0,721,0
38.950019121170044,214253,2685096,2689912,2687562,18511,0,721,0
38.96524906158447,214253,2685096,2689912,2687562,18511,0,721,0
38.98080611228943,214253,2685096,2689912,2687562,18511,0,721,0
38.99603319168091,214253,2685096,2689912,2687562,18511,0,721,0
39.0109601020813,214253,2685096,2689912,2687562,18511,0,721,0
39.02599215507507,214253,2685096,2689912,2687562,18511,0,721,0
39.041473150253296,214253,2685096,2689912,2687562,18511,0,721,0
39.05678606033325,214253,2685096,2689912,2687562,18511,0,721,0
39.07193303108215,214253,2685096,2689912,2687562,18511,0,721,0
39.087000131607056,214253,2685096,2689912,2687562,18511,0,721,0
39.10272407531738,214253,2685096,2689912,2687562,18511,0,721,0
39.11798310279846,214253,2685096,2689912,2687562,18511,0,721,0
39.13347005844116,214253,2685096,2689912,2687562,18511,0,721,0
39.148704051971436,214253,2685096,2689912,2687562,18511,0,721,0
39.163875102996826,214253,2685096,2689912,2687562,18511,0,721,0
39.178935050964355,214253,2685096,2689912,2687562,18511,0,721,0
39.194087982177734,214253,2685096,2689912,2687562,18511,0,721,0
39.20932912826538,214253,2685096,2689912,2687562,18511,0,721,0
39.224645137786865,214253,2685096,2689912,2687562,18511,0,721,0
39.239936113357544,214253,2685096,2689912,2687562,18511,0,721,0
39.255009174346924,214253,2685096,2689912,2687562,18511,0,721,0
39.27033615112305,214253,2685096,2689912,2687562,18511,0,721,0
39.28566002845764,214253,2685096,2689912,2687562,18511,0,721,0
39.30095314979553,214253,2685096,2689912,2687562,18511,0,721,0
39.316267013549805,214253,2685096,2689912,2687562,18511,0,721,0
39.33164596557617,214253,2685096,2689912,2687562,18511,0,721,0
39.34688711166382,214253,2685096,2689912,2687562,18511,0,721,0
39.362014055252075,214253,2685096,2689912,2687562,18511,0,721,0
39.37733316421509,214253,2685096,2689912,2687562,18511,0,721,0
39.39277410507202,214253,2685096,2689912,2687562,18511,0,721,0
39.40795302391052,214253,2685096,2689912,2687562,18511,0,721,0
39.42593216896057,214253,2685096,2689912,2687562,18511,0,721,0
39.44132208824158,214253,2685096,2689912,2687562,18511,0,721,0
39.456701040267944,214253,2685096,2689912,2687562,18511,0,721,0
39.4718861579895,214253,2685096,2689912,2687562,18511,0,721,0
39.48702907562256,214253,2685096,2689912,2687562,18511,0,721,0
39.50244402885437,214253,2685096,2689912,2687562,18511,0,721,0
39.51830697059631,214253,2685096,2689912,2687562,18511,0,721,0
39.53387117385864,214253,2685096,2689912,2687562,18511,0,721,0
39.54926919937134,214253,2685096,2689912,2687562,18511,0,721,0
39.56443500518799,214253,2685096,2689912,2687562,18511,0,721,0
39.57976508140564,214253,2685096,2689912,2687562,18511,0,721,0
39.595036029815674,214253,2685096,2689912,2687562,18511,0,721,0
39.61050605773926,214253,2685096,2689912,2687562,18511,0,721,0
39.62592101097107,214253,2685096,2689912,2687562,18511,0,721,0
39.641040086746216,214253,2685096,2689912,2687562,18511,0,721,0
39.65649199485779,214253,2685096,2689912,2687562,18511,0,721,0
39.67189598083496,214253,2685096,2689912,2687562,18511,0,721,0
39.68702697753906,214253,2685096,2689912,2687562,18511,0,721,0
39.702001094818115,214253,2685096,2689912,2687562,18511,0,721,0
39.71749401092529,214253,2685096,2689912,2687562,18511,0,721,0
39.732848167419434,214253,2685096,2689912,2687562,18511,0,721,0
39.747971057891846,214253,2685096,2689912,2687562,18511,0,721,0
39.76326608657837,214253,2685096,2689912,2687562,18511,0,721,0
39.77862310409546,214253,2685096,2689912,2687562,18511,0,721,0
39.7936429977417,214253,2685096,2689912,2687562,18511,0,721,0
39.80887508392334,214253,2685096,2689912,2687562,18511,0,721,0
39.82434797286987,214253,2685096,2689912,2687562,18511,0,721,0
39.839680194854736,214253,2685096,2689912,2687562,18511,0,721,0
39.854976177215576,214253,2685096,2689912,2687562,18511,0,721,0
39.87029218673706,214253,2685096,2689912,2687562,18511,0,721,0
39.885754108428955,214253,2685096,2689912,2687562,18511,0,721,0
39.90087819099426,214253,2685096,2689912,2687562,18511,0,721,0
39.91604804992676,214253,2685096,2689912,2687562,18511,0,721,0
39.93150997161865,214253,2685096,2689912,2687562,18511,0,721,0
39.94692397117615,214253,2685096,2689912,2687562,18511,0,721,0
39.9620201587677,214253,2685096,2689912,2687562,18511,0,721,0
39.97728204727173,214253,2685096,2689912,2687562,18511,0,721,0
39.99262619018555,214253,2685096,2689912,2687562,18511,0,721,0
40.00783896446228,214253,2685096,2689912,2687562,18511,0,721,0
40.02296710014343,214253,2685096,2689912,2687562,18511,0,721,0
40.038305044174194,214253,2685096,2689912,2687562,18511,0,721,0
40.0536150932312,214253,2685096,2689912,2687562,18511,0,721,0
40.06882309913635,214253,2685096,2689912,2687562,18511,0,721,0
40.08396601676941,214253,2685096,2689912,2687562,18511,0,721,0
40.09903907775879,214253,2685096,2689912,2687562,18511,0,721,0
40.11452007293701,214253,2685096,2689912,2687562,18511,0,721,0
40.12991213798523,214253,2685096,2689912,2687562,18511,0,721,0
40.145411014556885,214253,2685096,2689912,2687562,18511,0,721,0
40.16083598136902,214253,2685096,2689912,2687562,18511,0,721,0
40.17593216896057,214253,2685096,2689912,2687562,18511,0,721,0
40.19132900238037,214253,2685096,2689912,2687562,18511,0,721,0
40.20667600631714,214253,2685096,2689912,2687562,18511,0,721,0
40.221940994262695,214253,2685096,2689912,2687562,18511,0,721,0
40.23729610443115,214253,2685096,2689912,2687562,18511,0,721,0
40.252504110336304,214253,2685096,2689912,2687562,18511,0,721,0
40.267802000045776,214253,2685096,2689912,2687562,18511,0,721,0
40.283061027526855,214253,2685096,2689912,2687562,18511,0,721,0
40.29836106300354,214253,2685096,2689912,2687562,18511,0,721,0
40.31387114524841,214253,2685096,2689912,2687562,18511,0,721,0
40.329498052597046,214253,2685096,2689912,2687562,18511,0,721,0
40.345304012298584,214253,2685096,2689912,2687562,18511,0,721,0
40.3605420589447,214253,2685096,2689912,2687562,18511,0,721,0
40.37591505050659,214253,2685096,2689912,2687562,18511,0,721,0
40.39127802848816,214253,2685096,2689912,2687562,18511,0,721,0
40.406527042388916,214253,2685096,2689912,2687562,18511,0,721,0
40.421746015548706,214253,2685096,2689912,2687562,18511,0,721,0
40.43696403503418,214253,2685096,2689912,2687562,18511,0,721,0
40.45246601104736,214253,2685096,2689912,2687562,18511,0,721,0
40.46786308288574,214253,2685096,2689912,2687562,18511,0,721,0
40.48335599899292,214253,2685096,2689912,2687562,18511,0,721,0
40.49877119064331,214253,2685096,2689912,2687562,18511,0,721,0
40.51392412185669,214253,2685096,2689912,2687562,18511,0,721,0
40.528998136520386,214253,2685096,2689912,2687562,18511,0,721,0
40.544349193573,214253,2685096,2689912,2687562,18511,0,721,0
40.55992102622986,214253,2685096,2689912,2687562,18511,0,721,0
40.57543706893921,214253,2685096,2689912,2687562,18511,0,721,0
40.590771198272705,214253,2685096,2689912,2687562,18511,0,721,0
40.605905055999756,214253,2685096,2689912,2687562,18511,0,721,0
40.6210401058197,214253,2685096,2689912,2687562,18511,0,721,0
40.63640117645264,214253,2685096,2689912,2687562,18511,0,721,0
40.65181016921997,214253,2685096,2689912,2687562,18511,0,721,0
40.66699814796448,214253,2685096,2689912,2687562,18511,0,721,0
40.682056188583374,214253,2685096,2689912,2687562,18511,0,721,0
40.69729208946228,214253,2685096,2689912,2687562,18511,0,721,0
40.712754011154175,214253,2685096,2689912,2687562,18511,0,721,0
40.72795915603638,214253,2685096,2689912,2687562,18511,0,721,0
40.74335217475891,214253,2685096,2689912,2687562,18511,0,721,0
40.75903296470642,214253,2685096,2689912,2687562,18511,0,721,0
40.77435517311096,214253,2685096,2689912,2687562,18511,0,721,0
40.78967618942261,214253,2685096,2689912,2687562,18511,0,721,0
40.804938077926636,214253,2685096,2689912,2687562,18511,0,721,0
40.820011138916016,214253,2685096,2689912,2687562,18511,0,721,0
40.835389137268066,214253,2685096,2689912,2687562,18511,0,721,0
40.850452184677124,214253,2304168,2308984,2306634,18511,0,713,0
40.865764141082764,214253,2304168,2308984,2306634,18511,0,713,0
40.88108515739441,214253,2304168,2308984,2306634,18511,0,713,0
40.89637804031372,214253,2304168,2308984,2306634,18511,0,713,0
40.91166710853577,214253,2304168,2308984,2306634,18511,0,713,0
40.92688012123108,214253,2304168,2308984,2306634,18511,0,713,0
40.94202208518982,214253,2304168,2308984,2306634,18511,0,713,0
40.95765018463135,214253,2304168,2308984,2306634,18511,0,713,0
40.973430156707764,214253,2304168,2308984,2306634,18511,0,713,0
40.988909006118774,214253,2304168,2308984,2306634,18511,0,713,0
41.004374980926514,214253,2304168,2308984,2306634,18511,0,713,0
41.01979207992554,214253,2304168,2308984,2306634,18511,0,713,0
41.035046100616455,214253,2304168,2308984,2306634,18511,0,713,0
41.04994606971741,214253,2304168,2308984,2306634,18511,0,713,0
41.06544303894043,214253,2304168,2308984,2306634,18511,0,713,0
41.080873012542725,214253,2304168,2308984,2306634,18511,0,713,0
41.09591197967529,214253,2304168,2308984,2306634,18511,0,713,0
41.110958099365234,214253,2304168,2308984,2306634,18511,0,713,0
41.12601399421692,214253,2304168,2308984,2306634,18511,0,713,0
41.1410391330719,214253,2304168,2308984,2306634,18511,0,713,0
41.15601396560669,214253,2304168,2308984,2306634,18511,0,713,0
41.17144203186035,214253,2304168,2308984,2306634,18511,0,713,0
41.18714904785156,214253,2304168,2308984,2306634,18511,0,713,0
41.20193600654602,214253,2304168,2308984,2306634,18511,0,713,0
41.21695518493652,214253,2304168,2308984,2306634,18511,0,713,0
41.23197603225708,214253,2304168,2308984,2306634,18511,0,713,0
41.24751019477844,214253,2304168,2308984,2306634,18511,0,713,0
41.26283097267151,214253,2304168,2308984,2306634,18511,0,713,0
41.27809119224548,214253,2304168,2308984,2306634,18511,0,713,0
41.292932987213135,214253,2304168,2308984,2306634,18511,0,713,0
41.30797100067139,214253,2304168,2308984,2306634,18511,0,713,0
41.32353615760803,214253,2304168,2308984,2306634,18511,0,713,0
41.33887219429016,214253,2304168,2308984,2306634,18511,0,713,0
41.353957176208496,214253,2304168,2308984,2306634,18511,0,713,0
41.37139415740967,214253,2304168,2308984,2306634,18511,0,713,0
41.38692116737366,214253,2304168,2308984,2306634,18511,0,713,0
41.402398109436035,214253,2304168,2308984,2306634,18511,0,713,0
41.41774106025696,214253,2304168,2308984,2306634,18511,0,713,0
41.43290996551514,214253,2304168,2308984,2306634,18511,0,713,0
41.44834303855896,214253,2304168,2308984,2306634,18511,0,713,0
41.463773012161255,214253,2304168,2308984,2306634,18511,0,713,0
41.47908806800842,214253,2304168,2308984,2306634,18511,0,713,0
41.49469614028931,214253,2304168,2308984,2306634,18511,0,713,0
41.5096640586853,214253,2304168,2308984,2306634,18511,0,713,0
41.52489614486694,214253,2304168,2308984,2306634,18511,0,713,0
41.53993797302246,214253,2304168,2308984,2306634,18511,0,713,0
41.5554301738739,214253,2304168,2308984,2306634,18511,0,713,0
41.57083797454834,214253,2304168,2308984,2306634,18511,0,713,0
41.5859739780426,214253,2304168,2308984,2306634,18511,0,713,0
41.601423025131226,214253,2304168,2308984,2306634,18511,0,713,0
41.61670804023743,214253,2304168,2308984,2306634,18511,0,713,0
41.631860971450806,214253,2304168,2308984,2306634,18511,0,713,0
41.646960973739624,214253,2304168,2308984,2306634,18511,0,713,0
41.662084102630615,214253,2304168,2308984,2306634,18511,0,713,0
41.67745518684387,214253,2304168,2308984,2306634,18511,0,713,0
41.69290900230408,214253,2304168,2308984,2306634,18511,0,713,0
41.70811414718628,214253,2304168,2308984,2306634,18511,0,713,0
41.72324800491333,214253,2304168,2308984,2306634,18511,0,713,0
41.73851919174194,214253,2304168,2308984,2306634,18511,0,713,0
41.75387096405029,214253,2304168,2308984,2306634,18511,0,713,0
41.769028186798096,214253,2304168,2308984,2306634,18511,0,713,0
41.78433799743652,214253,2304168,2308984,2306634,18511,0,713,0
41.79989004135132,214253,2304168,2308984,2306634,18511,0,713,0
41.81507611274719,214253,2304168,2308984,2306634,18511,0,713,0
41.830695152282715,214253,2304168,2308984,2306634,18511,0,713,0
41.845887184143066,214253,2304168,2308984,2306634,18511,0,713,0
41.86097002029419,214253,2304168,2308984,2306634,18511,0,713,0
41.87633204460144,214253,2304168,2308984,2306634,18511,0,713,0
41.8916289806366,214253,2304168,2308984,2306634,18511,0,713,0
41.90689706802368,214253,2304168,2308984,2306634,18511,0,713,0
41.92197799682617,214253,2304168,2308984,2306634,18511,0,713,0
41.937443017959595,214253,2304168,2308984,2306634,18511,0,713,0
41.95291209220886,214253,2304168,2308984,2306634,18511,0,713,0
41.968271017074585,214253,2304168,2308984,2306634,18511,0,713,0
41.9836540222168,214253,2304168,2308984,2306634,18511,0,713,0
41.99897599220276,214253,2304168,2308984,2306634,18511,0,713,0
42.01471400260925,214253,2304168,2308984,2306634,18511,0,713,0
42.02992296218872,214253,2304168,2308984,2306634,18511,0,713,0
42.044854164123535,214253,2304168,2308984,2306634,18511,0,713,0
42.059808015823364,214253,2304168,2308984,2306634,18511,0,713,0
42.07492208480835,214253,2304168,2308984,2306634,18511,0,713,0
42.090327978134155,214253,2304168,2308984,2306634,18511,0,713,0
42.10572099685669,214253,2304168,2308984,2306634,18511,0,713,0
42.120936155319214,214253,2304168,2308984,2306634,18511,0,713,0
42.13631796836853,214253,2304168,2308984,2306634,18511,0,713,0
42.15168309211731,214253,2304168,2308984,2306634,18511,0,713,0
42.16687798500061,214253,2304168,2308984,2306634,18511,0,713,0
42.18238615989685,214253,2304168,2308984,2306634,18511,0,713,0
42.19775104522705,214253,2304168,2308984,2306634,18511,0,713,0
42.21336102485657,214253,2304168,2308984,2306634,18511,0,713,0
42.22865009307861,214253,2304168,2308984,2306634,18511,0,713,0
42.24388909339905,214253,2304168,2308984,2306634,18511,0,713,0
42.25899314880371,214253,2304168,2308984,2306634,18511,0,713,0
42.27410006523132,214253,2304168,2308984,2306634,18511,0,713,0
42.2894561290741,214253,2304168,2308984,2306634,18511,0,713,0
42.30485200881958,214253,2304168,2308984,2306634,18511,0,713,0
42.320070028305054,214253,2304168,2308984,2306634,18511,0,713,0
42.33798098564148,214253,2304168,2308984,2306634,18511,0,713,0
42.35329604148865,214253,2304168,2308984,2306634,18511,0,713,0
42.36854410171509,214253,2304168,2308984,2306634,18511,0,713,0
42.38386011123657,214253,2304168,2308984,2306634,18511,0,713,0
42.39902901649475,214253,2304168,2308984,2306634,18511,0,713,0
42.414613008499146,214253,2304168,2308984,2306634,18511,0,713,0
42.430312156677246,214253,2304168,2308984,2306634,18511,0,713,0
42.44565415382385,214253,2304168,2308984,2306634,18511,0,713,0
42.460798025131226,214253,2304168,2308984,2306634,18511,0,713,0
42.475948095321655,214253,2304168,2308984,2306634,18511,0,713,0
42.49138903617859,214253,2304168,2308984,2306634,18511,0,713,0
42.50667214393616,214253,2304168,2308984,2306634,18511,0,713,0
42.52192997932434,214253,2304168,2308984,2306634,18511,0,713,0
42.536957025527954,214253,2304168,2308984,2306634,18511,0,713,0
42.552051067352295,214253,2304168,2308984,2306634,18511,0,713,0
42.56731605529785,214253,2304168,2308984,2306634,18511,0,713,0
42.582677125930786,214253,2304168,2308984,2306634,18511,0,713,0
42.59796905517578,214253,2304168,2308984,2306634,18511,0,713,0
42.61343216896057,214253,2304224,2308984,2306690,18525,0,713,0
42.62885499000549,214253,2304224,2308984,2306690,18525,0,713,0
42.64426517486572,214253,2304224,2308984,2306690,18525,0,713,0
42.659790992736816,214253,2304224,2308984,2306690,18525,0,713,0
42.675517082214355,214253,2304224,2308984,2306690,18525,0,713,0
42.690877199172974,214253,2304224,2308984,2306690,18525,0,713,0
42.70596718788147,214253,2304224,2308984,2306690,18525,0,713,0
42.72167110443115,214253,2304224,2308984,2306690,18525,0,713,0
42.736932039260864,214253,2304224,2308984,2306690,18525,0,713,0
42.75204300880432,214253,2304224,2308984,2306690,18525,0,713,0
42.76750612258911,214253,2304224,2308984,2306690,18525,0,713,0
42.782917976379395,214253,2304224,2308984,2306690,18525,0,713,0
42.79803919792175,214253,2304224,2308984,2306690,18525,0,713,0
42.81338405609131,214253,2304224,2308984,2306690,18525,0,713,0
42.82878017425537,214253,2304224,2308984,2306690,18525,0,713,0
42.844351053237915,214253,2304224,2308984,2306690,18525,0,713,0
42.85979914665222,214253,2304224,2308984,2306690,18525,0,713,0
42.87494397163391,214253,2304224,2308984,2306690,18525,0,713,0
42.89004611968994,214253,2304224,2308984,2306690,18525,0,713,0
42.90530014038086,214253,1898720,1903536,1901186,18525,0,705,0
42.92089819908142,214253,1898720,1903536,1901186,18525,0,705,0
42.93646502494812,214253,1898720,1903536,1901186,18525,0,705,0
42.95191216468811,214253,1898720,1903536,1901186,18525,0,705,0
42.967406034469604,214253,1898720,1903536,1901186,18525,0,705,0
42.98290801048279,214253,1898720,1903536,1901186,18525,0,705,0
42.998340129852295,214253,1898720,1903536,1901186,18525,0,705,0
43.013911962509155,214253,1898720,1903536,1901186,18525,0,705,0
43.02966499328613,214253,1898720,1903536,1901186,18525,0,705,0
43.04515814781189,214253,1898720,1903536,1901186,18525,0,705,0
43.06092405319214,214253,1898720,1903536,1901186,18525,0,705,0
43.07633399963379,214253,1898720,1903536,1901186,18525,0,705,0
43.09170317649841,214253,1898720,1903536,1901186,18525,0,705,0
43.10703897476196,214253,1898720,1903536,1901186,18525,0,705,0
43.12253403663635,214253,1898720,1903536,1901186,18525,0,705,0
43.13801908493042,214253,1898720,1903536,1901186,18525,0,705,0
43.15359306335449,214253,1898720,1903536,1901186,18525,0,705,0
43.169103145599365,214253,1898720,1903536,1901186,18525,0,705,0
43.18466901779175,214253,1898720,1903536,1901186,18525,0,705,0
43.20010209083557,214253,1898720,1903536,1901186,18525,0,705,0
43.21558713912964,214253,1898720,1903536,1901186,18525,0,705,0
43.231324195861816,214253,1898720,1903536,1901186,18525,0,705,0
43.24679398536682,214253,1898720,1903536,1901186,18525,0,705,0
43.2624089717865,214253,1898720,1903536,1901186,18525,0,705,0
43.278093099594116,214253,1898720,1903536,1901186,18525,0,705,0
43.293702125549316,214253,1898720,1903536,1901186,18525,0,705,0
43.309744119644165,214253,1898720,1903536,1901186,18525,0,705,0
43.32550597190857,214253,1898720,1903536,1901186,18525,0,705,0
43.34106397628784,214253,1898720,1903536,1901186,18525,0,705,0
43.356664180755615,214253,1898720,1903536,1901186,18525,0,705,0
43.372289180755615,214253,1898720,1903536,1901186,18525,0,705,0
43.38782501220703,214253,1898720,1903536,1901186,18525,0,705,0
43.403419971466064,214253,1898720,1903536,1901186,18525,0,705,0
43.418925046920776,214253,1898720,1903536,1901186,18525,0,705,0
43.43477416038513,214253,1898720,1903536,1901186,18525,0,705,0
43.45036196708679,214253,1898720,1903536,1901186,18525,0,705,0
43.4662880897522,214253,1898720,1903536,1901186,18525,0,705,0
43.48207902908325,214253,1898720,1903536,1901186,18525,0,705,0
43.497716188430786,214253,1898720,1903536,1901186,18525,0,705,0
43.51328706741333,214253,1898720,1903536,1901186,18525,0,705,0
43.52893304824829,214253,1898720,1903536,1901186,18525,0,705,0
43.544687032699585,214253,1898720,1903536,1901186,18525,0,705,0
43.56067204475403,214253,1898720,1903536,1901186,18525,0,705,0
43.57628011703491,214253,1898720,1903536,1901186,18525,0,705,0
43.59201097488403,214253,1898720,1903536,1901186,18525,0,705,0
43.60759496688843,214253,1898720,1903536,1901186,18525,0,705,0
43.623188972473145,214253,1902816,1907632,1905282,18526,0,705,0
43.63895297050476,214253,1911008,1915824,1913474,18530,0,705,0
43.65467810630798,214253,1919200,1924016,1921666,18534,0,705,0
43.670605182647705,214253,1925344,1932208,1927810,18538,0,705,0
43.6864070892334,214253,1933536,1938352,1936002,18542,0,706,0
43.702094078063965,214253,1933536,1938352,1936002,18542,0,706,0
43.717655181884766,214253,1933536,1938352,1936002,18542,0,706,0
43.73339104652405,214253,1933536,1938352,1936002,18542,0,706,0
43.74915313720703,214253,1933536,1938352,1936002,18542,0,706,0
43.764777183532715,214253,1933536,1938352,1936002,18542,0,706,0
43.78036904335022,214253,1933536,1938352,1936002,18542,0,706,0
43.79602098464966,214253,1933536,1938352,1936002,18542,0,706,0
43.8117561340332,214253,1933536,1938352,1936002,18542,0,706,0
43.82742619514465,214253,1933536,1938352,1936002,18542,0,706,0
43.84318518638611,214253,1933536,1938352,1936002,18542,0,706,0
43.85878801345825,214253,1933536,1938352,1936002,18542,0,706,0
43.874423027038574,214253,1933536,1938352,1936002,18542,0,706,0
43.890464067459106,214253,1933536,1938352,1936002,18542,0,706,0
43.90606617927551,214253,1933536,1938352,1936002,18542,0,706,0
43.92176914215088,214253,1933536,1938352,1936002,18542,0,706,0
43.93743896484375,214253,1933536,1938352,1936002,18542,0,706,0
43.95304608345032,214253,1933536,1938352,1936002,18542,0,706,0
43.968690156936646,214253,1933540,1938352,1936006,18543,0,706,0
43.98439812660217,214253,1933540,1938352,1936006,18543,0,706,0
44.00006413459778,214253,1933540,1938352,1936006,18543,0,706,0
44.01573705673218,214253,1933540,1938352,1936006,18543,0,706,0
44.03138017654419,214253,1933540,1938352,1936006,18543,0,706,0
44.047029972076416,214253,1933540,1938352,1936006,18543,0,706,0
44.06283116340637,214253,1933540,1938352,1936006,18543,0,706,0
44.078356981277466,214253,1933540,1938352,1936006,18543,0,706,0
44.094335079193115,214253,1933540,1938352,1936006,18543,0,706,0
44.1100640296936,214253,1933540,1938352,1936006,18543,0,706,0
44.12578201293945,214253,1933540,1938352,1936006,18543,0,706,0
44.141316175460815,214253,1933540,1938352,1936006,18543,0,706,0
44.15701508522034,214253,1933540,1938352,1936006,18543,0,706,0
44.17266011238098,214253,1933540,1938352,1936006,18543,0,706,0
44.18833303451538,214253,1933540,1938352,1936006,18543,0,706,0
44.2040491104126,214253,1933540,1938352,1936006,18543,0,706,0
44.21967315673828,214253,1933540,1938352,1936006,18543,0,706,0
44.23514008522034,214253,1933540,1938352,1936006,18543,0,706,0
44.25076913833618,214253,1933540,1938352,1936006,18543,0,706,0
44.26629996299744,214253,1933540,1938352,1936006,18543,0,706,0
44.28204011917114,214253,1933540,1938352,1936006,18543,0,706,0
44.2979781627655,214253,1933540,1938352,1936006,18543,0,706,0
44.31369709968567,214253,1933540,1938352,1936006,18543,0,706,0
44.32931613922119,214253,1933540,1938352,1936006,18543,0,706,0
44.34511113166809,214253,1933540,1938352,1936006,18543,0,706,0
44.360403060913086,214253,1933540,1938352,1936006,18543,0,706,0
44.37572908401489,214253,1933540,1938352,1936006,18543,0,706,0
44.39103102684021,214253,1933540,1938352,1936006,18543,0,706,0
44.40658903121948,214253,1933540,1938352,1936006,18543,0,706,0
44.422245025634766,214253,1933540,1938352,1936006,18543,0,706,0
44.43787717819214,214253,1933540,1938352,1936006,18543,0,706,0
44.453413009643555,214253,1933540,1938352,1936006,18543,0,706,0
44.469056129455566,214253,1933540,1938352,1936006,18543,0,706,0
44.484676122665405,214253,1933540,1938352,1936006,18543,0,706,0
44.5003080368042,214253,1933540,1938352,1936006,18543,0,706,0
44.516396045684814,214253,1933540,1938352,1936006,18543,0,706,0
44.532090187072754,214253,1933540,1938352,1936006,18543,0,706,0
44.54768919944763,214253,1933540,1938352,1936006,18543,0,706,0
44.56336808204651,214253,1933540,1938352,1936006,18543,0,706,0
44.57895612716675,214253,1933540,1938352,1936006,18543,0,706,0
44.59453511238098,214253,1933540,1938352,1936006,18543,0,706,0
44.61015319824219,214253,1933540,1938352,1936006,18543,0,706,0
44.62578010559082,214253,1933540,1938352,1936006,18543,0,706,0
44.64136719703674,214253,1933540,1938352,1936006,18543,0,706,0
44.657013177871704,214253,1933540,1938352,1936006,18543,0,706,0
44.672752141952515,214253,1933540,1938352,1936006,18543,0,706,0
44.68829607963562,214253,1933540,1938352,1936006,18543,0,706,0
44.70396113395691,214253,1933540,1938352,1936006,18543,0,706,0
44.719964027404785,214253,1933540,1938352,1936006,18543,0,706,0
44.735722064971924,214253,1933540,1938352,1936006,18543,0,706,0
44.751270055770874,214253,1933540,1938352,1936006,18543,0,706,0
44.76697111129761,214253,1933540,1938352,1936006,18543,0,706,0
44.78260898590088,214253,1933540,1938352,1936006,18543,0,706,0
44.79819107055664,214253,1933540,1938352,1936006,18543,0,706,0
44.81381106376648,214253,1933540,1938352,1936006,18543,0,706,0
44.82943916320801,214253,1933540,1938352,1936006,18543,0,706,0
44.845055103302,214253,1933540,1938352,1936006,18543,0,706,0
44.86068415641785,214253,1933540,1938352,1936006,18543,0,706,0
44.876492977142334,214253,1933540,1938352,1936006,18543,0,706,0
44.89211702346802,214253,1933540,1938352,1936006,18543,0,706,0
44.907713174819946,214253,1933540,1938352,1936006,18543,0,706,0
44.92357897758484,214253,1933540,1938352,1936006,18543,0,706,0
44.939170122146606,214253,1933540,1921972,1936006,18543,0,705,0
44.954895973205566,214253,1753316,1760180,1755782,18546,0,702,0
44.97051119804382,214253,1761508,1768372,1763974,18550,0,702,0
44.98617506027222,214253,1769700,1776564,1772166,18554,0,702,0
45.00190210342407,214253,1777892,1784756,1780358,18558,0,702,0
45.01770615577698,214253,1786084,1792948,1788550,18562,0,702,0
45.03361201286316,214253,1794276,1801140,1796742,18566,0,702,0
45.04929518699646,214253,1802468,1807284,1804934,18570,0,703,0
45.064921140670776,214253,1810660,1815476,1813126,18574,0,703,0
45.080748081207275,214253,1818852,1823668,1821318,18578,0,703,0
45.0963180065155,214253,1827044,1831860,1829510,18582,0,703,0
45.11193013191223,214253,1835236,1840052,1837702,18586,0,704,0
45.12768816947937,214253,1843428,1848244,1845894,18590,0,704,0
45.14341402053833,214253,1851620,1856436,1854086,18594,0,704,0
45.159096002578735,214253,1859812,1864628,1862278,18598,0,704,0
45.174997091293335,214253,1868004,1872820,1870470,18602,0,704,0
45.19071817398071,214253,1876196,1881012,1878662,18606,0,704,0
45.2064471244812,214253,1884388,1889204,1886854,18610,0,704,0
45.22211813926697,214253,1892580,1897396,1895046,18614,0,704,0
45.237863063812256,214253,1900772,1905588,1903238,18618,0,705,0
45.25604510307312,214253,1908964,1913780,1911430,18622,0,705,0
45.2717649936676,214253,1917156,1921972,1919622,18626,0,705,0
45.28736996650696,214253,1925348,1930164,1927814,18630,0,705,0
45.303014039993286,214253,1933540,1938356,1936006,18634,0,706,0
45.318806171417236,214253,1941732,1946548,1944198,18638,0,706,0
45.33480715751648,214253,1949924,1954740,1952390,18642,0,706,0
45.35070610046387,214253,1958116,1962932,1960582,18646,0,706,0
45.3664071559906,214253,1966308,1971124,1968774,18650,0,706,0
45.38207411766052,214253,1974500,1979316,1976966,18654,0,706,0
45.39807319641113,214253,1982692,1987508,1985158,18658,0,706,0
45.41381311416626,214253,1990884,1995700,1993350,18662,0,706,0
45.4295220375061,214253,1999076,2003892,2001542,18666,0,707,0
45.445168018341064,214253,2007268,2012084,2009734,18669,0,707,0
45.460859060287476,214253,2015460,2020276,2017926,18673,0,707,0
45.476454973220825,214253,2023652,2028468,2026118,18677,0,707,0
45.49210715293884,214253,2031844,2036660,2034310,18681,0,708,0
45.507766008377075,214253,2040036,2044852,2042502,18685,0,708,0
45.52344107627869,214253,2046180,2053044,2048646,18689,0,708,0
45.53909397125244,214253,2054372,2061236,2056838,18693,0,708,0
45.55510711669922,214253,2062564,2069428,2065030,18697,0,708,0
45.57088899612427,214253,2070756,2077620,2073222,18701,0,708,0
45.58689308166504,214253,2078948,2085812,2081414,18705,0,708,0
45.60241913795471,214253,2087140,2094004,2089606,18709,0,708,0
45.618189096450806,214253,2095332,2100148,2097798,18713,0,709,0
45.63378405570984,214253,2103524,2108340,2105990,18717,0,709,0
45.649341106414795,214253,2111716,2116532,2114182,18721,0,709,0
45.66470408439636,214253,2119908,2124724,2122374,18725,0,709,0
45.68000602722168,214253,2128100,2132916,2130566,18729,0,710,0
45.695502042770386,214253,2136292,2141108,2138758,18733,0,710,0
45.7109580039978,214253,2144484,2149300,2146950,18737,0,710,0
45.72633218765259,214253,2152676,2157492,2155142,18741,0,710,0
45.74174118041992,214253,2160868,2165684,2163334,18745,0,710,0
45.757421016693115,214253,2169060,2173876,2171526,18749,0,710,0
45.77286696434021,214253,2177252,2182068,2179718,18753,0,710,0
45.788355112075806,214253,2185444,2190260,2187910,18757,0,710,0
45.80380201339722,214253,2193636,2198452,2196102,18761,0,711,0
45.81914019584656,214253,2201828,2206644,2204294,18765,0,711,0
45.83457112312317,214253,2210020,2214836,2212486,18769,0,711,0
45.85000419616699,214253,2218212,2223028,2220678,18773,0,711,0
45.86539697647095,214253,2226404,2231220,2228870,18777,0,712,0
45.88108515739441,214253,2234596,2239412,2237062,18781,0,712,0
45.896764039993286,214253,2242788,2247604,2245254,18785,0,712,0
45.91243600845337,214253,2250980,2255796,2253446,18789,0,712,0
45.92804408073425,214253,2259172,2263988,2261638,18793,0,712,0
45.94372200965881,214253,2267364,2272180,2269830,18797,0,712,0
45.95938515663147,214253,2275556,2280372,2278022,18801,0,712,0
45.974863052368164,214253,2283748,2288564,2286214,18805,0,712,0
45.99065899848938,214253,2291940,2296756,2294406,18808,0,713,0
46.006378173828125,214253,2300132,2304948,2302598,18812,0,713,0
46.022083044052124,214253,2308324,2313140,2310790,18816,0,713,0
46.037734031677246,214253,2316516,2321332,2318982,18820,0,713,0
46.05341100692749,214253,2324708,2329524,2327174,18824,0,714,0
46.06934404373169,214253,2332900,2337716,2335366,18828,0,714,0
46.085066080093384,214253,2339044,2345908,2341510,18832,0,714,0
46.10081505775452,214253,2347236,2354100,2349702,18836,0,714,0
46.11647009849548,214253,2355428,2362292,2357894,18840,0,714,0
46.13213109970093,214253,2363620,2370484,2366086,18844,0,714,0
46.14786219596863,214253,2371812,2378676,2374278,18848,0,714,0
46.163618087768555,214253,2380004,2386868,2382470,18852,0,714,0
46.17983102798462,214253,2388196,2395060,2390662,18856,0,715,0
46.195908069610596,214253,2396388,2403252,2398854,18860,0,715,0
46.21173596382141,214253,2406628,2411444,2409094,18865,0,715,0
46.23009204864502,214253,2414820,2419636,2417286,18868,0,715,0
46.24586796760559,214253,2423012,2427828,2425478,18872,0,716,0
46.2615430355072,214253,2431204,2436020,2433670,18876,0,716,0
46.277307987213135,214253,2439396,2444212,2441862,18880,0,716,0
46.29292297363281,214253,2445540,2452404,2448006,18884,0,716,0
46.30877709388733,214253,2453732,2460596,2456198,18888,0,716,0
46.32470107078552,214253,2461924,2468788,2464390,18892,0,716,0
46.34044408798218,214253,2470116,2476980,2472582,18896,0,716,0
46.35612106323242,214253,2478308,2485172,2480774,18900,0,716,0
46.37188005447388,214253,2486500,2493364,2488966,18904,0,717,0
46.387943983078,214253,2494692,2501556,2497158,18908,0,717,0
46.40374398231506,214253,2502884,2509748,2505350,18912,0,717,0
46.41974902153015,214253,2511076,2517940,2513542,18916,0,717,0
46.43548798561096,214253,2519268,2526132,2521734,18920,0,718,0
46.4511661529541,214253,2527460,2532276,2529926,18924,0,718,0
46.46685719490051,214253,2535652,2540468,2538118,18928,0,718,0
46.48267912864685,214253,2543844,2548660,2546310,18932,0,718,0
46.49827218055725,214253,2552036,2556852,2554502,18936,0,718,0
46.514058113098145,214253,2560228,2565044,2562694,18940,0,718,0
46.52981615066528,214253,2568420,2573236,2570886,18944,0,718,0
46.545449018478394,214253,2576612,2581428,2579078,18948,0,718,0
46.561076164245605,214253,2584804,2589620,2587270,18952,0,718,0
46.57666897773743,214253,2592996,2597812,2595462,18956,0,719,0
46.59277701377869,214253,2601188,2606004,2603654,18960,0,719,0
46.608510971069336,214253,2609380,2614196,2611846,18964,0,719,0
46.62431597709656,214253,2617572,2622388,2620038,18968,0,719,0
46.6400101184845,214253,2625764,2630580,2628230,18972,0,720,0
46.655686140060425,214253,2633956,2638772,2636422,18976,0,720,0
46.671372175216675,214253,2642148,2646964,2644614,18980,0,720,0
46.687093019485474,214253,2650340,2655156,2652806,18984,0,720,0
46.70270800590515,214253,2658532,2663348,2660998,18988,0,720,0
46.71838116645813,214253,2666724,2671540,2669190,18992,0,720,0
46.73429012298584,214253,2674916,2679732,2677382,18996,0,720,0
46.75005006790161,214253,2683108,2687924,2685574,19000,0,720,0
46.76572513580322,214253,2691300,2696116,2693766,19004,0,721,0
46.7814359664917,214253,2699492,2704308,2701958,19008,0,721,0
46.797054052352905,214253,2707684,2712500,2710150,19012,0,721,0
46.812533140182495,214253,2715876,2720692,2718342,19016,0,721,0
46.828001976013184,214253,2724068,2728884,2726534,19020,0,722,0
46.84375500679016,214253,2732260,2737076,2734726,19024,0,722,0
46.85965299606323,214253,2740452,2745268,2742918,19028,0,722,0
46.875385999679565,214253,2748644,2753460,2751110,19032,0,722,0
46.891180992126465,214253,2756836,2761652,2759302,19036,0,722,0
46.90710711479187,214253,2765028,2769844,2767494,19040,0,722,0
46.92291712760925,214253,2767076,2771892,2769542,19041,0,722,0
46.93881416320801,214253,2767076,2771892,2769542,19041,0,722,0
46.954517126083374,214253,2767076,2771892,2769542,19041,0,722,0
46.9703049659729,214253,2767076,2771892,2769542,19041,0,722,0
46.98609805107117,214253,2767076,2771892,2769542,19041,0,722,0
47.00217008590698,214253,2767076,2771892,2769542,19041,0,722,0
47.01811599731445,214253,2767076,2771892,2769542,19041,0,722,0
47.03398299217224,214253,2767076,2771892,2769542,19041,0,722,0
47.04984402656555,214253,2767076,2771892,2769542,19041,0,722,0
47.06544208526611,214253,2390244,2395060,2392710,19041,0,715,0
47.08095908164978,214253,2390244,2395060,2392710,19041,0,715,0
47.09648418426514,214253,2390244,2395060,2392710,19041,0,715,0
47.1119110584259,214253,2390244,2395060,2392710,19041,0,715,0
47.127716064453125,214253,2390244,2395060,2392710,19041,0,715,0
47.14294099807739,214253,2390244,2395060,2392710,19041,0,715,0
47.15793800354004,214253,2390244,2395060,2392710,19041,0,715,0
47.173506021499634,214253,2390244,2395060,2392710,19041,0,715,0
47.18894600868225,214253,2390244,2395060,2392710,19041,0,715,0
47.207125186920166,214253,2390244,2395060,2392710,19041,0,715,0
47.22269296646118,214253,2390244,2395060,2392710,19041,0,715,0
47.23796606063843,214253,2390244,2395060,2392710,19041,0,715,0
47.253288984298706,214253,2390244,2395060,2392710,19041,0,715,0
47.268858194351196,214253,2390244,2395060,2392710,19041,0,715,0
47.28408408164978,214253,2390244,2395060,2392710,19041,0,715,0
47.29953098297119,214253,2390244,2395060,2392710,19041,0,715,0
47.314911127090454,214253,2390244,2395060,2392710,19041,0,715,0
47.33029508590698,214253,2390244,2395060,2392710,19041,0,715,0
47.34571409225464,214253,2390244,2395060,2392710,19041,0,715,0
47.36105918884277,214253,2390244,2395060,2392710,19041,0,715,0
47.375941038131714,214253,2390244,2395060,2392710,19041,0,715,0
47.39093017578125,214253,2390244,2395060,2392710,19041,0,715,0
47.40615105628967,214253,2390244,2395060,2392710,19041,0,715,0
47.42193818092346,214253,2390244,2395060,2392710,19041,0,715,0
47.437463998794556,214253,2390244,2395060,2392710,19041,0,715,0
47.45284104347229,214253,2390244,2395060,2392710,19041,0,715,0
47.468080043792725,214253,2390244,2395060,2392710,19041,0,715,0
47.48298406600952,214253,2390244,2395060,2392710,19041,0,715,0
47.497955083847046,214253,2390244,2395060,2392710,19041,0,715,0
47.51301908493042,214253,2390244,2395060,2392710,19041,0,715,0
47.528515100479126,214253,2390244,2395060,2392710,19041,0,715,0
47.54393005371094,214253,2390244,2395060,2392710,19041,0,715,0
47.55906105041504,214253,2390244,2395060,2392710,19041,0,715,0
47.574355125427246,214253,2390244,2395060,2392710,19041,0,715,0
47.58982300758362,214253,2390244,2395060,2392710,19041,0,715,0
47.604963064193726,214253,2390244,2395060,2392710,19041,0,715,0
47.62008714675903,214253,2390244,2395060,2392710,19041,0,715,0
47.63595914840698,214253,2390244,2395060,2392710,19041,0,715,0
47.65135407447815,214253,2390244,2395060,2392710,19041,0,715,0
47.666759967803955,214253,2390244,2395060,2392710,19041,0,715,0
47.68194508552551,214253,2390244,2395060,2392710,19041,0,715,0
47.69708204269409,214253,2390244,2395060,2392710,19041,0,715,0
47.71267104148865,214253,2390244,2395060,2392710,19041,0,715,0
47.7280330657959,214253,2390244,2395060,2392710,19041,0,715,0
47.7435359954834,214253,2390244,2395060,2392710,19041,0,715,0
47.758898973464966,214253,2390244,2395060,2392710,19041,0,715,0
47.77412509918213,214253,2390244,2395060,2392710,19041,0,715,0
47.789658069610596,214253,2390244,2395060,2392710,19041,0,715,0
47.80491399765015,214253,2390244,2395060,2392710,19041,0,715,0
47.82000803947449,214253,2390244,2395060,2392710,19041,0,715,0
47.835923194885254,214253,2390244,2395060,2392710,19041,0,715,0
47.85141897201538,214253,2390244,2395060,2392710,19041,0,715,0
47.866955041885376,214253,2390244,2395060,2392710,19041,0,715,0
47.88243818283081,214253,2390244,2395060,2392710,19041,0,715,0
47.897789001464844,214253,2390244,2395060,2392710,19041,0,715,0
47.912940979003906,214253,2390244,2395060,2392710,19041,0,715,0
47.928399085998535,214253,2390244,2395060,2392710,19041,0,715,0
47.9439480304718,214253,2390244,2395060,2392710,19041,0,715,0
47.95941400527954,214253,2390244,2395060,2392710,19041,0,715,0
47.97484517097473,214253,2390244,2395060,2392710,19041,0,715,0
47.98998308181763,214253,2390244,2395060,2392710,19041,0,715,0
48.00538110733032,214253,2390244,2395060,2392710,19041,0,715,0
48.02089214324951,214253,2390244,2395060,2392710,19041,0,715,0
48.03641414642334,214253,2390244,2395060,2392710,19041,0,715,0
48.052316188812256,214253,2390244,2395060,2392710,19041,0,715,0
48.06767916679382,214253,2390244,2395060,2392710,19041,0,715,0
48.082919120788574,214253,2390244,2395060,2392710,19041,0,715,0
48.098106145858765,214253,2390244,2395060,2392710,19041,0,715,0
48.11367917060852,214253,2390244,2395060,2392710,19041,0,715,0
48.12885808944702,214253,2390244,2395060,2392710,19041,0,715,0
48.14439010620117,214253,2390244,2395060,2392710,19041,0,715,0
48.159834146499634,214253,2390244,2395060,2392710,19041,0,715,0
48.175106048583984,214253,2390244,2395060,2392710,19041,0,715,0
48.190500020980835,214253,2390244,2395060,2392710,19041,0,715,0
48.205902099609375,214253,2390244,2395060,2392710,19041,0,715,0
48.22135019302368,214253,2390244,2395060,2392710,19041,0,715,0
48.2374370098114,214253,2390244,2395060,2392710,19041,0,715,0
48.25299119949341,214253,2390244,2395060,2392710,19041,0,715,0
48.26835107803345,214253,2390244,2395060,2392710,19041,0,715,0
48.28372001647949,214253,2390244,2395060,2392710,19041,0,715,0
48.29891300201416,214253,2390244,2395060,2392710,19041,0,715,0
48.31410217285156,214253,2390244,2395060,2392710,19041,0,715,0
48.32957696914673,214253,2390244,2395060,2392710,19041,0,715,0
48.34495997428894,214253,2390244,2395060,2392710,19041,0,715,0
48.360435962677,214253,2390244,2395060,2392710,19041,0,715,0
48.37576198577881,214253,2390244,2395060,2392710,19041,0,715,0
48.39095711708069,214253,2390244,2395060,2392710,19041,0,715,0
48.40635800361633,214253,2390244,2395060,2392710,19041,0,715,0
48.421863079071045,214253,2390244,2395060,2392710,19041,0,715,0
48.43711519241333,214253,2390244,2395060,2392710,19041,0,715,0
48.45244598388672,214253,2390244,2395060,2392710,19041,0,715,0
48.4681921005249,214253,2390244,2395060,2392710,19041,0,715,0
48.48392605781555,214253,2390244,2395060,2392710,19041,0,715,0
48.49947500228882,214253,2390244,2395060,2392710,19041,0,715,0
48.51488518714905,214253,2390244,2395060,2392710,19041,0,715,0
48.52998614311218,214253,2390244,2395060,2392710,19041,0,715,0
48.545443058013916,214253,2390244,2395060,2392710,19041,0,715,0
48.56094217300415,214253,2390244,2395060,2392710,19041,0,715,0
48.576128005981445,214253,2390244,2395060,2392710,19041,0,715,0
48.59160900115967,214253,2390244,2395060,2392710,19041,0,715,0
48.60692000389099,214253,2390244,2395060,2392710,19041,0,715,0
48.62230110168457,214253,2390244,2395060,2392710,19041,0,715,0
48.63750100135803,214253,2390244,2395060,2392710,19041,0,715,0
48.653067111968994,214253,2390244,2395060,2392710,19041,0,715,0
48.66874098777771,214253,2390244,2395060,2392710,19041,0,715,0
48.683937072753906,214253,2390244,2395060,2392710,19041,0,715,0
48.69937705993652,214253,2390244,2395060,2392710,19041,0,715,0
48.71475601196289,214253,2390244,2395060,2392710,19041,0,715,0
48.729938983917236,214253,2390244,2395060,2392710,19041,0,715,0
48.74511218070984,214253,2390244,2395060,2392710,19041,0,715,0
48.76069712638855,214253,2390244,2395060,2392710,19041,0,715,0
48.775964975357056,214253,2390244,2395060,2392710,19041,0,715,0
48.79140305519104,214253,2390244,2395060,2392710,19041,0,715,0
48.8066520690918,214253,2390244,2395060,2392710,19041,0,715,0
48.82190704345703,214253,2390244,2395060,2392710,19041,0,715,0
48.836963176727295,214253,2390244,2395060,2392710,19041,0,715,0
48.85241508483887,214253,2390244,2395060,2392710,19041,0,715,0
48.86797308921814,214253,2390244,2395060,2392710,19041,0,715,0
48.883772134780884,214253,2390244,2395060,2392710,19041,0,715,0
48.898914098739624,214253,2390244,2395060,2392710,19041,0,715,0
48.91403603553772,214253,2390244,2395060,2392710,19041,0,715,0
48.92944002151489,214253,2390244,2395060,2392710,19041,0,715,0
48.94482207298279,214253,2390244,2395060,2392710,19041,0,715,0
48.96014714241028,214253,2390244,2395060,2392710,19041,0,715,0
48.97581601142883,214253,2390244,2395060,2392710,19041,0,715,0
48.99109411239624,214253,2390244,2395060,2392710,19041,0,715,0
49.006354093551636,214253,2390244,2395060,2392710,19041,0,715,0
49.02163314819336,214253,2390244,2395060,2392710,19041,0,715,0
49.0369610786438,214253,2390244,2395060,2392710,19041,0,715,0
49.05226707458496,214253,2390244,2395060,2392710,19041,0,715,0
49.06811308860779,214253,2390244,2395060,2392710,19041,0,715,0
49.08408498764038,214253,2390244,2395060,2392710,19041,0,715,0
49.099775075912476,214253,2390244,2227124,2392710,19041,0,711,0
49.1156849861145,214253,1972452,1977268,1974918,19041,0,706,0
49.13171100616455,214253,1972452,1977268,1974918,19041,0,706,0
49.147757053375244,214253,1972452,1977268,1974918,19041,0,706,0
49.16385102272034,214253,1972452,1977268,1974918,19041,0,706,0
49.1796350479126,214253,1972452,1977268,1974918,19041,0,706,0
49.19530510902405,214253,1972452,1977268,1974918,19041,0,706,0
49.210923194885254,214253,1972452,1977268,1974918,19041,0,706,0
49.22659206390381,214253,1972452,1977268,1974918,19041,0,706,0
49.242213010787964,214253,1972452,1977268,1974918,19041,0,706,0
49.257896184921265,214253,1972452,1977268,1974918,19041,0,706,0
49.273463010787964,214253,1972452,1977268,1974918,19041,0,706,0
49.288702964782715,214253,1972452,1977268,1974918,19041,0,706,0
49.304248094558716,214253,1972452,1977268,1974918,19041,0,706,0
49.319684982299805,214253,1972452,1977268,1974918,19041,0,706,0
49.33501410484314,214253,1972452,1977268,1974918,19041,0,706,0
49.35045409202576,214253,1972452,1977268,1974918,19041,0,706,0
49.36591410636902,214253,1972452,1977268,1974918,19041,0,706,0
49.381357192993164,214253,1972452,1977268,1974918,19041,0,706,0
49.39671516418457,214253,1972452,1977268,1974918,19041,0,706,0
49.41203713417053,214253,1972452,1977268,1974918,19041,0,706,0
49.427356004714966,214253,1972452,1977268,1974918,19041,0,706,0
49.44281196594238,214253,1972452,1977268,1974918,19041,0,706,0
49.458096981048584,214253,1972452,1977268,1974918,19041,0,706,0
49.47349500656128,214253,1972452,1977268,1974918,19041,0,706,0
49.48904609680176,214253,1972452,1977268,1974918,19041,0,706,0
49.505048990249634,214253,1972452,1977268,1974918,19041,0,706,0
49.520862102508545,214253,1972452,1977268,1974918,19041,0,706,0
49.53648519515991,214253,1972452,1977268,1974918,19041,0,706,0
49.5521559715271,214253,1972452,1977268,1974918,19041,0,706,0
49.56783699989319,214253,1972452,1977268,1974918,19041,0,706,0
49.5837299823761,214253,1972452,1977268,1974918,19041,0,706,0
49.599445104599,214253,1972452,1977268,1974918,19041,0,706,0
49.61519813537598,214253,1972452,1977268,1974918,19041,0,706,0
49.63089919090271,214253,1972452,1977268,1974918,19041,0,706,0
49.646602153778076,214253,1972452,1977268,1974918,19041,0,706,0
49.6624641418457,214253,1972452,1977268,1974918,19041,0,706,0
49.67828702926636,214253,1972452,1977268,1974918,19041,0,706,0
49.69402718544006,214253,1972452,1977268,1974918,19041,0,706,0
49.70982909202576,214253,1972452,1977268,1974918,19041,0,706,0
49.725730180740356,214253,1972452,1977268,1974918,19041,0,706,0
49.741509199142456,214253,1972452,1977268,1974918,19041,0,706,0
49.7571280002594,214253,1972452,1977268,1974918,19041,0,706,0
49.77268600463867,214253,1972452,1977268,1974918,19041,0,706,0
49.788132190704346,214253,1972452,1977268,1974918,19041,0,706,0
49.803521156311035,214253,1972452,1977268,1974918,19041,0,706,0
49.818910121917725,214253,1972452,1977268,1974918,19041,0,706,0
49.83424496650696,214253,1972452,1977268,1974918,19041,0,706,0
49.84968709945679,214253,1972452,1977268,1974918,19041,0,706,0
49.86502504348755,214253,1972452,1977268,1974918,19041,0,706,0
49.88033699989319,214253,1972452,1977268,1974918,19041,0,706,0
49.895869970321655,214253,1972452,1977268,1974918,19041,0,706,0
49.91215705871582,214253,1972452,1977268,1974918,19041,0,706,0
49.92835807800293,214253,1972452,1977268,1974918,19041,0,706,0
49.94415307044983,214253,1972452,1977268,1974918,19041,0,706,0
49.95998406410217,214253,1972452,1977268,1974918,19041,0,706,0
49.975603103637695,214253,1972452,1977268,1974918,19041,0,706,0
49.991058111190796,214253,1972452,1977268,1974918,19041,0,706,0
50.006532192230225,214253,1972452,1977268,1974918,19041,0,706,0
50.021926164627075,214253,1972452,1977268,1974918,19041,0,706,0
50.03735303878784,214253,1972452,1977268,1974918,19041,0,706,0
50.052956104278564,214253,1972452,1977268,1974918,19041,0,706,0
50.06793999671936,214253,1972452,1977268,1974918,19041,0,706,0
50.083508014678955,214253,1972452,1977268,1974918,19041,0,706,0
50.09895300865173,214253,1972452,1977268,1974918,19041,0,706,0
50.114238023757935,214253,1972452,1977268,1974918,19041,0,706,0
50.12997913360596,214253,1972452,1977268,1974918,19041,0,706,0
50.14538216590881,214253,1972452,1977268,1974918,19041,0,706,0
50.160902976989746,214253,1972452,1977268,1974918,19041,0,706,0
50.17637515068054,214253,1972452,1977268,1974918,19041,0,706,0
50.19191312789917,214253,1972452,1977268,1974918,19041,0,706,0
50.207372188568115,214253,1972452,1977268,1974918,19041,0,706,0
50.222758054733276,214253,1972452,1977268,1974918,19041,0,706,0
50.238054037094116,214253,1972452,1977268,1974918,19041,0,706,0
50.25339317321777,214253,1972452,1977268,1974918,19041,0,706,0
50.26876211166382,214253,1972452,1977268,1974918,19041,0,706,0
50.28393197059631,214253,1972452,1977268,1974918,19041,0,706,0
50.299389123916626,214253,1972452,1977268,1974918,19041,0,706,0
50.31507396697998,214253,1972452,1977268,1974918,19041,0,706,0
50.33088397979736,214253,1972452,1977268,1974918,19041,0,706,0
50.34670901298523,214253,1972452,1977268,1974918,19041,0,706,0
50.362038135528564,214253,0,0,0,19193,0,0,0
50.37652397155762,214253,0,0,0,19193,0,0,0
50.391080141067505,214253,0,0,0,19193,0,0,0
