elapsed_s,pid,uss,rss,pss,min_flt,maj_flt,oom,oomadj
0.009098052978515625,3873757,240,2032,727,357,4,666,0
0.009098052978515625,3873758,276,2392,855,384,4,666,0
0.009098052978515625,3873759,308,2436,853,382,3,666,0
0.009098052978515625,3873760,272,2444,832,372,2,666,0
0.02958989143371582,3873757,900,7712,2679,711,5,666,0
0.02958989143371582,3873758,1372,7904,3054,735,5,666,0
0.02958989143371582,3873759,988,7676,2751,741,3,666,0
0.02958989143371582,3873760,960,7672,2732,734,3,666,0
0.05213594436645508,3873757,1760,13776,4896,1145,7,666,0
0.05213594436645508,3873758,2496,14912,5745,1185,6,666,0
0.05213594436645508,3873759,1992,14828,5339,1208,5,666,0
0.05213594436645508,3873760,2120,14976,5463,1219,5,666,0
0.07822799682617188,3873757,2848,17200,6559,1467,7,666,0
0.07822799682617188,3873758,3600,17708,7229,1516,6,666,0
0.07822799682617188,3873759,3044,17756,6932,1529,5,666,0
0.07822799682617188,3873760,3504,18348,7366,1533,5,666,0
0.10570907592773438,3873757,3612,18604,7486,1590,7,666,0
0.10570907592773438,3873758,4476,20520,8681,1810,6,666,0
0.10570907592773438,3873759,4860,22680,9847,1866,5,666,0
0.10570907592773438,3873760,21732,40720,27197,3277,9,667,0
0.1362450122833252,3873757,10340,52464,20952,3881,7,667,0
0.1362450122833252,3873758,21100,63156,31821,6402,6,667,0
0.1362450122833252,3873759,18844,61344,29599,5903,5,667,0
0.1362450122833252,3873760,24544,66996,35405,7395,9,668,0
0.17034602165222168,3873757,43964,86840,54765,12302,7,668,0
0.17034602165222168,3873758,49092,91300,59777,13381,6,668,0
0.17034602165222168,3873759,48952,91280,59665,13493,5,668,0
0.17034602165222168,3873760,47860,90708,58679,13244,9,668,0
0.21195101737976074,3873757,59540,102304,70397,14267,7,668,0
0.21195101737976074,3873758,62024,104240,72735,14206,6,668,0
0.21195101737976074,3873759,59924,102232,70675,14285,5,668,0
0.21195101737976074,3873760,56584,99480,67435,14031,9,668,0
0.24204587936401367,3873757,61620,104384,72477,14278,7,668,0
0.24204587936401367,3873758,83428,125644,94139,14415,6,668,0
0.24204587936401367,3873759,62200,110684,72951,14344,5,668,0
0.24204587936401367,3873760,61204,103928,72055,14165,9,668,0
0.2872159481048584,3873757,82888,125652,93745,14350,7,668,0
0.2872159481048584,3873758,89572,131788,100283,14418,6,669,0
0.2872159481048584,3873759,85284,127624,96035,14360,5,668,0
0.2872159481048584,3873760,82688,125412,93539,14305,9,668,0
0.33461999893188477,3873757,89032,131796,99889,14353,7,669,0
0.33461999893188477,3873758,90468,132684,101179,14642,6,669,0
0.33461999893188477,3873759,89380,131720,100131,14362,5,669,0
0.33461999893188477,3873760,88832,131556,99683,14308,9,669,0
0.359576940536499,3873757,89032,131796,99889,14353,7,669,0
0.359576940536499,3873758,90280,132496,100991,14642,6,669,0
0.359576940536499,3873759,90276,132616,101027,14586,5,669,0
0.359576940536499,3873760,89720,132324,100571,14530,9,669,0
0.3850688934326172,3873757,89928,132692,100785,14577,7,669,0
0.3850688934326172,3873758,89560,131872,100271,14642,6,669,0
0.3850688934326172,3873759,90276,132616,101027,14586,5,669,0
0.3850688934326172,3873760,89720,132324,100571,14530,9,669,0
0.4114189147949219,3873757,89928,132692,100785,14577,7,669,0
0.4114189147949219,3873758,89560,131872,100271,14642,6,669,0
0.4114189147949219,3873759,89308,131668,100059,14586,5,669,0
0.4114189147949219,3873760,89560,132324,100411,14530,9,669,0
0.43811893463134766,3873757,88960,131744,99817,14577,7,669,0
0.43811893463134766,3873758,89560,131872,100271,14642,6,669,0
0.43811893463134766,3873759,89308,131668,100059,14586,5,669,0
0.43811893463134766,3873760,88828,131628,99679,14530,9,669,0
0.4653339385986328,3873757,88960,131744,99817,14577,7,669,0
0.4653339385986328,3873758,89560,131872,100271,14642,6,669,0
0.4653339385986328,3873759,89308,131668,100059,14586,5,669,0
0.4653339385986328,3873760,88828,131628,99679,14530,9,669,0
0.49289608001708984,3873757,88960,131744,99817,14577,7,669,0
0.49289608001708984,3873758,89560,131872,100271,14642,6,669,0
0.49289608001708984,3873759,89308,131668,100059,14586,5,669,0
0.49289608001708984,3873760,88828,131628,99679,14530,9,669,0
0.5208899974822998,3873757,88960,131744,99817,14577,7,669,0
0.5208899974822998,3873758,89560,131872,100271,14642,6,669,0
0.5208899974822998,3873759,89308,131668,100059,14586,5,669,0
0.5208899974822998,3873760,88828,131628,99679,14530,9,669,0
0.5498480796813965,3873757,88960,131744,99820,14577,7,669,0
0.5498480796813965,3873758,89560,131872,100274,14642,6,669,0
0.5498480796813965,3873759,89308,131668,100062,14586,5,669,0
0.5498480796813965,3873760,88828,131628,99682,14530,9,669,0
0.5786130428314209,3873757,88960,131744,99820,14577,7,669,0
0.5786130428314209,3873758,89560,131872,100274,14642,6,669,0
0.5786130428314209,3873759,89308,131668,100062,14586,5,669,0
0.5786130428314209,3873760,88828,131628,99682,14530,9,669,0
0.6075639724731445,3873757,88960,131744,99820,14577,7,669,0
0.6075639724731445,3873758,89560,131872,100274,14642,6,669,0
0.6075639724731445,3873759,89308,131668,100062,14586,5,669,0
0.6075639724731445,3873760,88828,131628,99682,14530,9,669,0
0.636807918548584,3873757,88960,131744,99820,14577,7,669,0
0.636807918548584,3873758,89560,131872,100274,14642,6,669,0
0.636807918548584,3873759,89308,131668,100062,14586,5,669,0
0.636807918548584,3873760,88828,131628,99682,14530,9,669,0
0.6670229434967041,3873757,88960,131744,99820,14577,7,669,0
0.6670229434967041,3873758,89560,131872,100274,14642,6,669,0
0.6670229434967041,3873759,89308,131668,100062,14586,5,669,0
0.6670229434967041,3873760,88828,131628,99682,14530,9,669,0
0.6978878974914551,3873757,88960,131744,99820,14577,7,669,0
0.6978878974914551,3873758,89560,131872,100274,14642,6,669,0
0.6978878974914551,3873759,89308,131668,100062,14586,5,669,0
0.6978878974914551,3873760,88828,131628,99682,14530,9,669,0
0.7293539047241211,3873757,88960,131744,99820,14577,7,669,0
0.7293539047241211,3873758,89560,131872,100274,14642,6,669,0
0.7293539047241211,3873759,89308,131668,100062,14586,5,669,0
0.7293539047241211,3873760,88828,131628,99682,14530,9,669,0
0.7612810134887695,3873757,88960,131744,99820,14577,7,669,0
0.7612810134887695,3873758,89560,131872,100274,14642,6,669,0
0.7612810134887695,3873759,89308,131668,100062,14586,5,669,0
0.7612810134887695,3873760,88828,131628,99682,14530,9,669,0
0.7935268878936768,3873757,88960,131744,99820,14577,7,669,0
0.7935268878936768,3873758,89560,131872,100274,14642,6,669,0
0.7935268878936768,3873759,89308,131668,100062,14586,5,669,0
0.7935268878936768,3873760,88828,131628,99682,14530,9,669,0
0.8269710540771484,3873757,88960,131744,99820,14577,7,669,0
0.8269710540771484,3873758,89560,131872,100274,14642,6,669,0
0.8269710540771484,3873759,89308,131668,100062,14586,5,669,0
0.8269710540771484,3873760,88828,131628,99682,14530,9,669,0
0.8612780570983887,3873757,88960,131744,99820,14577,7,669,0
0.8612780570983887,3873758,89560,131872,100274,14642,6,669,0
0.8612780570983887,3873759,89308,131668,100062,14586,5,669,0
0.8612780570983887,3873760,88828,131628,99682,14530,9,669,0
0.8963871002197266,3873757,88960,131744,99820,14577,7,669,0
0.8963871002197266,3873758,89560,131872,100274,14642,6,669,0
0.8963871002197266,3873759,89308,131668,100062,14586,5,669,0
0.8963871002197266,3873760,88828,131628,99682,14530,9,669,0
0.9319980144500732,3873757,88960,131744,99820,14577,7,669,0
0.9319980144500732,3873758,89560,131872,100274,14642,6,669,0
0.9319980144500732,3873759,89308,131668,100062,14586,5,669,0
0.9319980144500732,3873760,88828,131628,99682,14530,9,669,0
0.9686050415039062,3873757,88960,131744,99820,14577,7,669,0
0.9686050415039062,3873758,89560,131872,100274,14642,6,669,0
0.9686050415039062,3873759,89308,131668,100062,14586,5,669,0
0.9686050415039062,3873760,88828,131628,99682,14530,9,669,0
1.0054841041564941,3873757,88960,131744,99820,14577,7,669,0
1.0054841041564941,3873758,89560,131872,100274,14642,6,669,0
1.0054841041564941,3873759,89308,131668,100062,14586,5,669,0
1.0054841041564941,3873760,88828,131628,99682,14530,9,669,0
1.042543888092041,3873757,88960,131744,99820,14577,7,669,0
1.042543888092041,3873758,89560,131872,100274,14642,6,669,0
1.042543888092041,3873759,89308,131668,100062,14586,5,669,0
1.042543888092041,3873760,88828,131628,99682,14530,9,669,0
1.081589937210083,3873757,88960,131744,99820,14577,7,669,0
1.081589937210083,3873758,89560,131872,100274,14642,6,669,0
1.081589937210083,3873759,89308,131668,100062,14586,5,669,0
1.081589937210083,3873760,88828,131628,99682,14530,9,669,0
1.1212420463562012,3873757,88960,131744,99820,14577,7,669,0
1.1212420463562012,3873758,89560,131872,100274,14642,6,669,0
1.1212420463562012,3873759,89308,131668,100062,14586,5,669,0
1.1212420463562012,3873760,88828,131628,99682,14530,9,669,0
1.161642074584961,3873757,88960,131744,99820,14577,7,669,0
1.161642074584961,3873758,89560,131872,100274,14642,6,669,0
1.161642074584961,3873759,89308,131668,100062,14586,5,669,0
1.161642074584961,3873760,88828,131628,99682,14530,9,669,0
1.2027010917663574,3873757,88960,131744,99820,14577,7,669,0
1.2027010917663574,3873758,89560,131872,100274,14642,6,669,0
1.2027010917663574,3873759,89308,131668,100062,14586,5,669,0
1.2027010917663574,3873760,88828,131628,99682,14530,9,669,0
1.2436509132385254,3873757,88960,131744,99820,14577,7,669,0
1.2436509132385254,3873758,89560,131872,100274,14642,6,669,0
1.2436509132385254,3873759,89308,131668,100062,14586,5,669,0
1.2436509132385254,3873760,88828,131628,99682,14530,9,669,0
1.2859339714050293,3873757,88960,131744,99820,14577,7,669,0
1.2859339714050293,3873758,89560,131872,100274,14642,6,669,0
1.2859339714050293,3873759,89308,131668,100062,14586,5,669,0
1.2859339714050293,3873760,88828,131628,99682,14530,9,669,0
1.3281850814819336,3873757,88960,131744,99820,14577,7,669,0
1.3281850814819336,3873758,89560,131872,100274,14642,6,669,0
1.3281850814819336,3873759,89308,131668,100062,14586,5,669,0
1.3281850814819336,3873760,88828,131628,99682,14530,9,669,0
1.371872901916504,3873757,88960,131744,99820,14577,7,669,0
1.371872901916504,3873758,89560,131872,100274,14642,6,669,0
1.371872901916504,3873759,89308,131668,100062,14586,5,669,0
1.371872901916504,3873760,88828,131628,99682,14530,9,669,0
1.4165070056915283,3873757,88960,131744,99820,14577,7,669,0
1.4165070056915283,3873758,89560,131872,100274,14642,6,669,0
1.4165070056915283,3873759,89308,131668,100062,14586,5,669,0
1.4165070056915283,3873760,88828,131628,99682,14530,9,669,0
1.4620189666748047,3873757,88960,131744,99820,14577,7,669,0
1.4620189666748047,3873758,89560,131872,100274,14642,6,669,0
1.4620189666748047,3873759,89308,131668,100062,14586,5,669,0
1.4620189666748047,3873760,88828,131628,99682,14530,9,669,0
1.5080509185791016,3873757,88960,131744,99820,14577,7,669,0
1.5080509185791016,3873758,89560,131872,100274,14642,6,669,0
1.5080509185791016,3873759,89308,131668,100062,14586,5,669,0
1.5080509185791016,3873760,88828,131628,99682,14530,9,669,0
1.5534579753875732,3873757,88960,131744,99820,14577,7,669,0
1.5534579753875732,3873758,89560,131872,100274,14642,6,669,0
1.5534579753875732,3873759,89308,131668,100062,14586,5,669,0
1.5534579753875732,3873760,88828,131628,99682,14530,9,669,0
1.5991699695587158,3873757,88960,131744,99820,14577,7,669,0
1.5991699695587158,3873758,89560,131872,100274,14642,6,669,0
1.5991699695587158,3873759,89308,131668,100062,14586,5,669,0
1.5991699695587158,3873760,88828,131628,99682,14530,9,669,0
1.6460850238800049,3873757,88960,131744,99820,14577,7,669,0
1.6460850238800049,3873758,89560,131872,100274,14642,6,669,0
1.6460850238800049,3873759,89308,131668,100062,14586,5,669,0
1.6460850238800049,3873760,88828,131628,99682,14530,9,669,0
1.6949470043182373,3873757,88960,131744,99820,14577,7,669,0
1.6949470043182373,3873758,89560,131872,100274,14642,6,669,0
1.6949470043182373,3873759,89308,131668,100062,14586,5,669,0
1.6949470043182373,3873760,88828,131628,99682,14530,9,669,0
1.7433960437774658,3873757,88960,131744,99820,14577,7,669,0
1.7433960437774658,3873758,89560,131872,100274,14642,6,669,0
1.7433960437774658,3873759,89308,131668,100062,14586,5,669,0
1.7433960437774658,3873760,88828,131628,99682,14530,9,669,0
1.7920629978179932,3873757,88960,131744,99820,14577,7,669,0
1.7920629978179932,3873758,89560,131872,100274,14642,6,669,0
1.7920629978179932,3873759,89308,131668,100062,14586,5,669,0
1.7920629978179932,3873760,88828,131628,99682,14530,9,669,0
1.8413889408111572,3873757,88960,131744,99820,14577,7,669,0
1.8413889408111572,3873758,89560,131872,100274,14642,6,669,0
1.8413889408111572,3873759,89308,131668,100062,14586,5,669,0
1.8413889408111572,3873760,88828,131628,99682,14530,9,669,0
1.892204999923706,3873757,88960,131744,99820,14577,7,669,0
1.892204999923706,3873758,89560,131872,100274,14642,6,669,0
1.892204999923706,3873759,89308,131668,100062,14586,5,669,0
1.892204999923706,3873760,88828,131628,99682,14530,9,669,0
1.943518877029419,3873757,88960,131744,99820,14577,7,669,0
1.943518877029419,3873758,89560,131872,100274,14642,6,669,0
1.943518877029419,3873759,89308,131668,100062,14586,5,669,0
1.943518877029419,3873760,88828,131628,99682,14530,9,669,0
1.9960980415344238,3873757,88960,131744,99820,14577,7,669,0
1.9960980415344238,3873758,89560,131872,100274,14642,6,669,0
1.9960980415344238,3873759,89308,131668,100062,14586,5,669,0
1.9960980415344238,3873760,88828,131628,99682,14530,9,669,0
2.049304962158203,3873757,88960,131744,99820,14577,7,669,0
2.049304962158203,3873758,89560,131872,100274,14642,6,669,0
2.049304962158203,3873759,89308,131668,100062,14586,5,669,0
2.049304962158203,3873760,88828,131628,99682,14530,9,669,0
2.103440999984741,3873757,88960,131744,99820,14577,7,669,0
2.103440999984741,3873758,89560,131872,100274,14642,6,669,0
2.103440999984741,3873759,89308,131668,100062,14586,5,669,0
2.103440999984741,3873760,88828,131628,99682,14530,9,669,0
2.157573938369751,3873757,88960,131744,99820,14577,7,669,0
2.157573938369751,3873758,89560,131872,100274,14642,6,669,0
2.157573938369751,3873759,89308,131668,100062,14586,5,669,0
2.157573938369751,3873760,88828,131628,99682,14530,9,669,0
2.213650941848755,3873757,88960,131744,99820,14577,7,669,0
2.213650941848755,3873758,89560,131872,100274,14642,6,669,0
2.213650941848755,3873759,89308,131668,100062,14586,5,669,0
2.213650941848755,3873760,88828,131628,99682,14530,9,669,0
2.269270896911621,3873757,88960,131744,99820,14577,7,669,0
2.269270896911621,3873758,89560,131872,100274,14642,6,669,0
2.269270896911621,3873759,89308,131668,100062,14586,5,669,0
2.269270896911621,3873760,88828,131628,99682,14530,9,669,0
2.325731039047241,3873757,88960,131744,99820,14577,7,669,0
2.325731039047241,3873758,93656,135872,104370,14644,6,669,0
2.325731039047241,3873759,89308,131668,100062,14586,5,669,0
2.325731039047241,3873760,88828,131628,99682,14530,9,669,0
2.410336971282959,3873757,95104,137868,105964,14580,7,669,0
2.410336971282959,3873758,124376,166592,135090,14659,6,670,0
2.410336971282959,3873759,120028,162368,130782,14600,5,669,0
2.410336971282959,3873760,117500,160224,128354,14544,9,669,0
2.4993929862976074,3873757,123776,166540,134636,14594,7,670,0
2.4993929862976074,3873758,161240,203456,171954,14677,6,670,0
2.4993929862976074,3873759,165084,207424,175838,14623,5,670,0
2.4993929862976074,3873760,168700,211424,179554,14569,9,670,0
2.589963912963867,3873757,150400,193164,161260,14607,7,670,0
2.589963912963867,3873758,206296,248512,217073,15210,6,671,0
2.589963912963867,3873759,195788,238144,206558,15640,5,671,0
2.589963912963867,3873760,213756,256480,224644,15102,9,671,0
2.6862070560455322,3873757,160640,203404,171500,17167,7,670,0
2.6862070560455322,3873758,216536,258752,227250,17259,6,671,0
2.6862070560455322,3873759,210140,252480,220949,19244,5,671,0
2.6862070560455322,3873760,228092,270816,238962,18686,9,672,0
2.8157448768615723,3873757,160640,203404,171500,17167,7,670,0
2.8157448768615723,3873758,217320,259776,228182,17425,6,671,0
2.8157448768615723,3873759,218948,261696,229714,21292,5,671,0
2.8157448768615723,3873760,228920,272096,239774,18817,9,672,0
2.9207990169525146,3873757,171848,214796,182708,19898,7,670,0
2.9207990169525146,3873758,230432,272832,241146,20661,6,672,0
2.9207990169525146,3873759,234716,277056,245470,25275,5,672,0
2.9207990169525146,3873760,246712,290016,257566,22759,9,672,0
3.0297420024871826,3873757,180992,223884,191980,22287,7,670,0
3.0297420024871826,3873758,239064,281280,249778,22891,6,672,0
3.0297420024871826,3873759,244956,287296,255710,27948,5,672,0
3.0297420024871826,3873760,258776,301792,269630,25728,9,672,0
3.1401760578155518,3873757,193284,236172,204331,25359,7,671,0
3.1401760578155518,3873758,251344,293568,262153,25963,6,672,0
3.1401760578155518,3873759,259284,301632,270205,31532,5,672,0
3.1401760578155518,3873760,275080,317920,286113,29951,9,672,0
3.257925033569336,3873757,193348,236172,204268,25359,7,671,0
3.257925033569336,3873758,273880,316096,284594,31595,6,672,0
3.257925033569336,3873759,275676,318016,286430,35628,5,672,0
3.257925033569336,3873760,299756,342496,310626,36095,9,673,0
3.3856589794158936,3873757,199292,242188,210152,26735,7,671,0
3.3856589794158936,3873758,280048,322368,290762,33077,6,672,0
3.3856589794158936,3873759,275676,318016,286430,35628,5,672,0
3.3856589794158936,3873760,312020,354784,322874,38964,9,673,0
3.5118889808654785,3873757,205688,248460,216556,28431,7,671,0
3.5118889808654785,3873758,288216,330432,298930,35179,6,673,0
3.5118889808654785,3873759,275676,318016,286430,35628,5,672,0
3.5118889808654785,3873760,320252,362976,331106,41215,9,674,0
3.639288902282715,3873757,215892,258700,226796,30991,7,671,0
3.639288902282715,3873758,298260,340672,309170,37739,6,673,0
3.639288902282715,3873759,289948,332352,300766,39212,5,673,0
3.639288902282715,3873760,334964,378336,345818,44799,9,674,0
3.768224000930786,3873757,226072,268940,237036,33551,7,672,0
3.768224000930786,3873758,308648,350912,319410,40299,6,673,0
3.768224000930786,3873759,304348,346688,315102,42796,5,673,0
3.768224000930786,3873760,348860,391648,359778,48383,9,674,0
3.9004318714141846,3873757,238392,281228,249331,36112,7,672,0
3.9004318714141846,3873758,322916,365248,333746,43883,6,674,0
3.9004318714141846,3873759,322780,365120,333534,47404,5,674,0
3.9004318714141846,3873760,348868,391648,359778,48383,9,674,0
4.0372231006622314,3873757,246592,289420,257516,38160,7,672,0
4.0372231006622314,3873758,333204,375488,343986,46443,6,674,0
4.0372231006622314,3873759,337036,379456,347870,50988,5,674,0
4.0372231006622314,3873760,365308,408032,376162,52479,9,674,0
4.175924062728882,3873757,263420,306316,274280,42248,7,672,0
4.175924062728882,3873758,350704,393152,361418,50658,6,674,0
4.175924062728882,3873759,363756,406080,374510,57436,5,674,0
4.175924062728882,3873760,395452,438752,406306,59756,9,675,0
4.319092035293579,3873757,273980,316812,284840,44856,7,672,0
4.319092035293579,3873758,361064,403520,371778,53209,6,674,0
4.319092035293579,3873759,378540,421056,389294,61103,5,674,0
4.319092035293579,3873760,416408,459232,427262,64927,9,676,0
4.46768593788147,3873757,288236,331148,299096,48400,7,673,0
4.46768593788147,3873758,376280,418496,386994,57080,6,674,0
4.46768593788147,3873759,400040,442816,410794,66404,5,675,0
4.46768593788147,3873760,416508,459232,427362,65279,9,676,0
4.611555099487305,3873757,301948,344716,312812,51984,7,673,0
4.611555099487305,3873758,388524,430784,399282,60267,6,675,0
4.611555099487305,3873759,414724,457280,425694,70444,5,675,0
4.611555099487305,3873760,443084,485856,453986,71935,9,676,0
4.764514923095703,3873757,312160,354956,323052,54544,7,673,0
4.764514923095703,3873758,398796,441024,409522,62827,6,675,0
4.764514923095703,3873759,429228,471616,440030,74028,5,676,0
4.764514923095703,3873760,457452,500192,468322,75519,9,676,0
4.915549993515015,3873757,332672,375436,343532,59527,7,674,0
4.915549993515015,3873758,419288,461504,430002,67947,6,676,0
4.915549993515015,3873759,459996,502336,470750,81708,5,676,0
4.915549993515015,3873760,488144,530912,499042,83199,9,677,0
5.070129871368408,3873757,346960,389772,357868,63248,7,674,0
5.070129871368408,3873758,433592,475840,444338,71531,6,676,0
5.070129871368408,3873759,480316,522816,491230,86828,5,676,0
5.070129871368408,3873760,502496,545248,513378,86783,9,677,0
5.232758045196533,3873757,364776,407692,375636,67480,7,674,0
5.232758045196533,3873758,443472,485952,454186,73808,6,676,0
5.232758045196533,3873759,511196,553536,521950,94135,5,677,0
5.232758045196533,3873760,534512,577888,545366,94463,9,678,0
5.3977720737457275,3873757,379376,422540,390636,71440,7,674,0
5.3977720737457275,3873758,456136,498368,466866,77163,6,676,0
5.3977720737457275,3873759,527564,569920,538334,98604,5,678,0
5.3977720737457275,3873760,549460,592352,560482,98559,9,678,0
5.562520980834961,3873757,406400,449164,417260,77917,7,675,0
5.562520980834961,3873758,484816,527040,495538,84260,6,677,0
5.562520980834961,3873759,556036,598592,567006,105772,5,678,0
5.562520980834961,3873760,563792,606688,574818,102143,9,678,0
5.736182928085327,3873757,428928,471692,439788,83522,7,676,0
5.736182928085327,3873758,503192,545472,513906,88641,6,677,0
5.736182928085327,3873759,582876,625216,593630,112096,5,679,0
5.736182928085327,3873760,598780,641504,609634,110514,9,679,0
5.914792060852051,3873757,447032,490124,458220,88336,7,676,0
5.914792060852051,3873758,513364,555712,524210,91499,6,677,0
5.914792060852051,3873759,597620,640320,608374,116012,5,679,0
5.914792060852051,3873760,616288,659424,627142,114639,9,680,0
5.96660590171814,3873757,455476,498316,466336,90042,7,676,0
5.96660590171814,3873758,521788,564160,532502,93422,6,678,0
5.96660590171814,3873759,611520,653888,622302,119503,5,679,0
5.96660590171814,3873760,627332,670176,638306,118015,9,680,0
6.018938064575195,3873757,456868,500364,468460,90896,7,676,0
6.018938064575195,3873758,523584,565952,534450,94059,6,678,0
6.018938064575195,3873759,611428,653888,622302,119596,5,679,0
6.018938064575195,3873760,627064,670176,638306,118015,9,680,0
6.076413869857788,3873757,457388,500364,468460,90896,7,676,0
6.076413869857788,3873758,523712,565952,534450,94059,6,678,0
6.076413869857788,3873759,611128,653888,622302,119596,5,679,0
6.076413869857788,3873760,627080,670176,638306,118015,9,680,0
6.13615608215332,3873757,457452,500364,468460,90896,7,676,0
6.13615608215332,3873758,523600,565952,534450,94059,6,678,0
6.13615608215332,3873759,611188,653888,622302,119596,5,679,0
6.13615608215332,3873760,627056,670176,638306,118015,9,680,0
6.1966869831085205,3873757,457600,500364,468460,90896,7,676,0
6.1966869831085205,3873758,523732,565952,534450,94059,6,678,0
6.1966869831085205,3873759,611408,653888,622302,119596,5,679,0
6.1966869831085205,3873760,627356,670176,638306,118015,9,680,0
6.258671998977661,3873757,457528,500364,468460,90896,7,676,0
6.258671998977661,3873758,523536,565952,534450,94059,6,678,0
6.258671998977661,3873759,611440,653888,622302,119596,5,679,0
6.258671998977661,3873760,627068,670176,638306,118015,9,680,0
6.319581985473633,3873757,457220,500364,468460,90896,7,676,0
6.319581985473633,3873758,523588,565952,534450,94059,6,678,0
6.319581985473633,3873759,611404,653888,622302,119596,5,679,0
6.319581985473633,3873760,627280,670176,638306,118015,9,680,0
6.382095098495483,3873757,457576,500364,468460,90896,7,676,0
6.382095098495483,3873758,523608,565952,534450,94059,6,678,0
6.382095098495483,3873759,611152,653888,622302,119596,5,679,0
6.382095098495483,3873760,627356,670176,638306,118015,9,680,0
6.444725036621094,3873757,457400,500364,468460,90896,7,676,0
6.444725036621094,3873758,523496,565952,534450,94059,6,678,0
6.444725036621094,3873759,611244,653888,622302,119596,5,679,0
6.444725036621094,3873760,627192,670176,638306,118015,9,680,0
6.508481025695801,3873757,457476,500364,468460,90896,7,676,0
6.508481025695801,3873758,523508,565952,534450,94059,6,678,0
6.508481025695801,3873759,611432,653888,622302,119596,5,679,0
6.508481025695801,3873760,627204,670176,638306,118015,9,680,0
6.573189973831177,3873757,457408,500364,468460,90896,7,676,0
6.573189973831177,3873758,523676,565952,534450,94059,6,678,0
6.573189973831177,3873759,611528,653888,622302,119596,5,679,0
6.573189973831177,3873760,627384,670176,638306,118015,9,680,0
6.63675594329834,3873757,457280,500364,468460,90896,7,676,0
6.63675594329834,3873758,523664,565952,534450,94059,6,678,0
6.63675594329834,3873759,611408,653888,622302,119596,5,679,0
6.63675594329834,3873760,627296,670176,638306,118015,9,680,0
6.700655937194824,3873757,457384,500364,468472,90896,7,676,0
6.700655937194824,3873758,522976,565952,534450,94059,6,678,0
6.700655937194824,3873759,611428,653888,622302,119596,5,679,0
6.700655937194824,3873760,627248,670176,638306,118015,9,680,0
6.762360095977783,3873757,461536,504460,472396,91550,7,676,0
6.762360095977783,3873758,528360,570688,539074,95012,6,678,0
6.762360095977783,3873759,621788,664512,632542,121682,5,680,0
6.762360095977783,3873760,640824,684128,651678,120706,9,680,0
6.816195964813232,3873757,467660,510604,478757,93456,7,676,0
6.816195964813232,3873758,533788,576192,544690,96619,6,678,0
6.816195964813232,3873759,625732,668224,636638,123180,5,680,0
6.816195964813232,3873760,641604,684512,652645,121599,9,680,0
6.8757030963897705,3873757,467816,510604,478747,93456,7,676,0
6.8757030963897705,3873758,533788,576192,544690,96619,6,678,0
6.8757030963897705,3873759,625852,668224,636638,123180,5,680,0
6.8757030963897705,3873760,641576,684512,652642,121599,9,680,0
6.9359400272369385,3873757,467756,510604,478739,93456,7,676,0
6.9359400272369385,3873758,533916,576192,544690,96619,6,678,0
6.9359400272369385,3873759,625644,668224,636638,123180,5,680,0
6.9359400272369385,3873760,641644,684512,652642,121599,9,680,0
6.997106075286865,3873757,467692,510604,478700,93456,7,676,0
6.997106075286865,3873758,533856,576192,544834,96619,6,678,0
6.997106075286865,3873759,625720,668224,636638,123180,5,680,0
6.997106075286865,3873760,641640,684512,652642,121599,9,680,0
7.05687403678894,3873757,467672,510604,478796,93456,7,676,0
7.05687403678894,3873758,533680,576192,544801,96619,6,678,0
7.05687403678894,3873759,625788,668224,636638,123180,5,680,0
7.05687403678894,3873760,641672,684512,652642,121599,9,680,0
7.116071939468384,3873757,467792,510604,478714,93456,7,676,0
7.116071939468384,3873758,533940,576192,544723,96619,6,678,0
7.116071939468384,3873759,625568,668224,636638,123180,5,680,0
7.116071939468384,3873760,641692,684512,652645,121599,9,680,0
7.175671100616455,3873757,467244,510604,478723,93456,7,676,0
7.175671100616455,3873758,534504,577088,545387,96619,6,678,0
7.175671100616455,3873759,625852,668224,636643,123180,5,680,0
7.175671100616455,3873760,643704,686560,654695,121600,9,680,0
7.236892938613892,3873757,473868,516748,484844,94481,7,676,0
7.236892938613892,3873758,543908,586432,554930,97646,6,678,0
7.236892938613892,3873759,629728,672320,640737,123182,5,680,0
7.236892938613892,3873760,649664,692704,660834,121603,9,680,0
7.302471876144409,3873757,480128,522892,490988,95217,7,676,0
7.302471876144409,3873758,549820,592320,560534,98670,6,678,0
7.302471876144409,3873759,642268,684608,653022,125198,5,680,0
7.302471876144409,3873760,664148,707040,675002,124675,9,680,0
7.361073970794678,3873757,490368,533132,501228,97797,7,677,0
7.361073970794678,3873758,558260,600768,569266,101230,6,678,0
7.361073970794678,3873759,650080,692800,661238,127791,5,680,0
7.361073970794678,3873760,670264,713184,681314,126723,9,680,0
7.429713010787964,3873757,492164,535180,503292,98067,7,677,0
7.429713010787964,3873758,560308,602816,571323,101231,6,678,0
7.429713010787964,3873759,654240,696896,665376,127793,5,680,0
7.429713010787964,3873760,670148,713184,681347,126723,9,680,0
7.501578092575073,3873757,500700,543756,511588,99093,7,677,0
7.501578092575073,3873758,566744,608960,577458,102372,6,678,0
7.501578092575073,3873759,664840,707520,675594,129712,5,680,0
7.501578092575073,3873760,684372,727520,695226,129413,9,681,0
7.566474914550781,3873757,510848,553612,521708,101653,7,677,0
7.566474914550781,3873758,574936,617152,585650,104815,6,678,0
7.566474914550781,3873759,672972,715328,683742,132401,5,680,0
7.566474914550781,3873760,690788,733664,701794,131843,9,681,0
7.643932104110718,3873757,513468,556556,524444,102165,7,677,0
7.643932104110718,3873758,579032,621248,589746,105669,6,678,0
7.643932104110718,3873759,683664,726080,694418,134449,5,681,0
7.643932104110718,3873760,703148,745952,714002,133316,9,681,0
7.713141918182373,3873757,525232,568076,536092,105076,7,678,0
7.713141918182373,3873758,592832,635200,603546,108911,6,679,0
7.713141918182373,3873759,703708,746048,714462,139578,5,681,0
7.713141918182373,3873760,719612,762336,730466,137989,9,682,0
7.7880799770355225,3873757,527204,569996,538092,105749,7,678,0
7.7880799770355225,3873758,593360,635584,604082,109423,6,679,0
7.7880799770355225,3873759,703708,746048,714462,140081,5,681,0
7.7880799770355225,3873760,721684,765152,732538,137989,9,682,0
7.86909294128418,3873757,529528,572556,540388,106089,7,678,0
7.86909294128418,3873758,604292,646464,615006,111880,6,679,0
7.86909294128418,3873759,724188,766528,734942,144529,5,682,0
7.86909294128418,3873760,742140,785376,752994,142979,9,682,0
7.943043947219849,3873757,535424,578188,546284,107797,7,678,0
7.943043947219849,3873758,609220,651968,620466,113519,6,679,0
7.943043947219849,3873759,730332,772672,741086,146737,5,682,0
7.943043947219849,3873760,744104,786912,755042,144133,9,682,0
8.02953290939331,3873757,543616,586380,554476,109494,7,678,0
8.02953290939331,3873758,619900,662208,630614,115646,6,680,0
8.02953290939331,3873759,744668,787008,755422,150321,5,682,0
8.02953290939331,3873760,758484,801248,769378,147717,9,682,0
8.113205909729004,3873757,545664,588428,556524,110357,7,678,0
8.113205909729004,3873758,620480,662976,631194,116079,6,680,0
8.113205909729004,3873759,748764,791104,759518,150612,5,682,0
8.113205909729004,3873760,765492,808800,776346,148741,9,682,0
8.196283102035522,3873757,555848,598668,566764,112917,7,678,0
8.196283102035522,3873758,630136,672448,640946,118639,6,680,0
8.196283102035522,3873759,760404,803136,771158,153905,5,682,0
8.196283102035522,3873760,777440,820832,788294,151785,9,683,0
8.2813720703125,3873757,566144,608908,577004,115477,7,678,0
8.2813720703125,3873758,640472,682688,651186,121199,6,680,0
8.2813720703125,3873759,775364,817728,786142,158001,5,682,0
8.2813720703125,3873760,786992,829920,798050,154885,9,683,0
8.376676082611084,3873757,572288,615052,583148,116601,7,678,0
8.376676082611084,3873758,648664,690880,659378,122791,6,680,0
8.376676082611084,3873759,789724,832064,800478,160904,5,683,0
8.376676082611084,3873760,801520,844256,812386,158469,9,683,0
8.467834949493408,3873757,579276,622220,590136,118451,7,678,0
8.467834949493408,3873758,655660,698048,666374,124664,6,680,0
8.467834949493408,3873759,800840,843584,811594,163633,5,683,0
8.467834949493408,3873760,815868,858592,826722,161431,9,684,0
8.559117078781128,3873757,586988,630028,597848,120597,7,679,0
8.559117078781128,3873758,663588,706112,674302,126568,6,680,0
8.559117078781128,3873759,804060,846400,814814,165169,5,683,0
8.559117078781128,3873760,825684,868832,836554,163774,9,684,0
8.652071952819824,3873757,598856,641676,609772,123669,7,679,0
8.652071952819824,3873758,675280,717504,686002,129903,6,680,0
8.652071952819824,3873759,804208,847040,814970,165169,5,683,0
8.652071952819824,3873760,836196,879072,847202,167173,9,684,0
8.751359939575195,3873757,608908,651916,619768,125717,7,679,0
8.751359939575195,3873758,685528,727744,696242,132463,6,681,0
8.751359939575195,3873759,824540,866880,835294,170289,5,684,0
8.751359939575195,3873760,850684,893408,861538,170757,9,684,0
8.851646900177002,3873757,619224,662156,630084,128309,7,680,0
8.851646900177002,3873758,695692,737984,706482,134884,6,681,0
8.851646900177002,3873759,838836,881216,849630,173873,5,684,0
8.851646900177002,3873760,864900,907744,875874,174341,9,684,0
8.95484209060669,3873757,628940,671884,639800,130807,7,680,0
8.95484209060669,3873758,706008,748224,716722,137583,6,681,0
8.95484209060669,3873759,855244,897600,866014,177969,5,684,0
8.95484209060669,3873760,879324,922080,890210,177925,9,685,0
9.061939001083374,3873757,637228,680076,648088,132862,7,680,0
9.061939001083374,3873758,715776,758208,726490,139631,6,682,0
9.061939001083374,3873759,869556,911936,880350,181553,5,684,0
9.061939001083374,3873760,893692,936416,904546,181509,9,685,0
9.173196077346802,3873757,641920,684684,652780,133940,7,680,0
9.173196077346802,3873758,720204,762560,730918,140681,6,682,0
9.173196077346802,3873759,879264,921920,890018,183092,5,685,0
9.173196077346802,3873760,906672,949856,917526,184000,9,685,0
9.28089690208435,3873757,653296,696332,664156,136788,7,680,0
9.28089690208435,3873758,731912,774336,742626,143538,6,682,0
9.28089690208435,3873759,895960,938560,906714,187276,5,685,0
9.28089690208435,3873760,923696,967136,934582,188235,9,686,0
9.395159006118774,3873757,664040,706956,674900,139454,7,680,0
9.395159006118774,3873758,742656,785088,753370,146235,6,682,0
9.395159006118774,3873759,910408,952896,921162,190902,5,686,0
9.395159006118774,3873760,940472,983520,951374,192480,9,686,0
9.511705875396729,3873757,675968,718988,686828,142455,7,680,0
9.511705875396729,3873758,754308,796736,765022,149240,6,682,0
9.511705875396729,3873759,926940,969280,937694,195387,5,686,0
9.511705875396729,3873760,957180,999904,968034,197381,9,686,0
9.626511096954346,3873757,690944,733836,701832,146234,7,681,0
9.626511096954346,3873758,767448,809664,778162,152943,6,682,0
9.626511096954346,3873759,941232,983616,952030,199473,5,686,0
9.626511096954346,3873760,971448,1014240,982370,200965,9,686,0
9.74714994430542,3873757,701284,744076,712172,149224,7,681,0
9.74714994430542,3873758,777688,819904,788402,155503,6,683,0
9.74714994430542,3873759,955604,997952,966366,203057,5,686,0
9.74714994430542,3873760,987900,1031008,998754,204549,9,687,0
9.868098020553589,3873757,711552,754316,722412,151829,7,682,0
9.868098020553589,3873758,787904,830144,798642,158063,6,683,0
9.868098020553589,3873759,970536,1013312,981290,206641,5,686,0
9.868098020553589,3873760,1007340,1050720,1018194,208969,9,688,0
9.993014097213745,3873757,721764,764556,732652,154389,7,682,0
9.993014097213745,3873758,798084,840384,808882,160623,6,683,0
9.993014097213745,3873759,988380,1030720,999134,210225,5,687,0
9.993014097213745,3873760,1026812,1069664,1037666,213837,9,688,0
10.124260902404785,3873757,733140,776076,744000,156949,7,682,0
10.124260902404785,3873758,812176,854592,822890,163547,6,684,0
10.124260902404785,3873759,1009204,1051968,1019958,215584,5,688,0
10.124260902404785,3873760,1045540,1088992,1056394,218459,9,688,0
10.264482975006104,3873757,747136,790028,757996,160202,7,682,0
10.264482975006104,3873758,825860,868288,836574,166960,6,684,0
10.264482975006104,3873759,1029340,1071680,1040094,220911,5,688,0
10.264482975006104,3873760,1061620,1104352,1072482,223493,9,688,0
10.408446073532104,3873757,756784,799756,767644,162679,7,682,0
10.408446073532104,3873758,835500,877760,846214,169459,6,684,0
10.408446073532104,3873759,1044128,1086784,1054882,224080,5,688,0
10.408446073532104,3873760,1064728,1108064,1075582,223493,9,688,0
10.54054307937622,3873757,770696,813708,781804,166677,7,682,0
10.54054307937622,3873758,849248,891584,860082,173423,6,684,0
10.54054307937622,3873759,1061328,1103936,1072082,228657,5,688,0
10.54054307937622,3873760,1083668,1126880,1094522,227997,9,689,0
10.686943054199219,3873757,785292,828300,796152,169737,7,683,0
10.686943054199219,3873758,866148,908480,876862,177018,6,684,0
10.686943054199219,3873759,1086684,1129024,1097438,234801,5,689,0
10.686943054199219,3873760,1104636,1147360,1115490,234245,9,689,0
10.841202020645142,3873757,796196,839180,807056,172434,7,683,0
10.841202020645142,3873758,876864,919360,887578,179735,6,685,0
10.841202020645142,3873759,1101020,1143360,1111774,238527,5,689,0
10.841202020645142,3873760,1121012,1163744,1131874,238126,9,690,0
10.987422943115234,3873757,811888,854668,822764,176917,7,684,0
10.987422943115234,3873758,890328,932544,901042,183663,6,685,0
10.987422943115234,3873759,1117444,1160256,1128198,242993,5,690,0
10.987422943115234,3873760,1144144,1187552,1154998,243058,9,690,0
11.145809888839722,3873757,821928,864908,833004,179477,7,684,0
11.145809888839722,3873758,902760,945216,913474,186223,6,685,0
11.145809888839722,3873759,1138208,1180864,1148962,247601,5,690,0
11.145809888839722,3873760,1165252,1208672,1176106,248414,9,690,0
11.301759004592896,3873757,842580,885388,853484,184597,7,684,0
11.301759004592896,3873758,922860,965312,933574,191343,6,686,0
11.301759004592896,3873759,1166052,1208512,1176806,254493,5,690,0
11.301759004592896,3873760,1196372,1239520,1207226,256261,9,691,0
11.461581945419312,3873757,861056,903820,871916,189057,7,684,0
11.461581945419312,3873758,943572,985792,954290,196975,6,686,0
11.461581945419312,3873759,1193136,1235520,1203934,262449,5,691,0
11.461581945419312,3873760,1214960,1257952,1226082,261893,9,692,0
11.630493879318237,3873757,871232,914060,882156,191765,7,684,0
11.630493879318237,3873758,955864,998080,966578,199535,6,686,0
11.630493879318237,3873759,1207516,1249856,1218270,266033,5,692,0
11.630493879318237,3873760,1242356,1285728,1253234,267525,9,692,0
11.806291103363037,3873757,891060,933900,901944,196223,7,685,0
11.806291103363037,3873758,978800,1021120,989526,205178,6,687,0
11.806291103363037,3873759,1230044,1272384,1240798,270641,5,692,0
11.806291103363037,3873760,1253128,1296608,1263982,270597,9,692,0
11.974248886108398,3873757,906352,949260,917212,200469,7,685,0
11.974248886108398,3873758,995996,1038400,1006710,209488,6,687,0
11.974248886108398,3873759,1253836,1296320,1264590,276460,5,692,0
11.974248886108398,3873760,1298184,1341536,1309038,281415,9,693,0
12.14358901977539,3873757,930704,973708,941564,206101,7,686,0
12.14358901977539,3873758,1020852,1063360,1031566,215659,6,688,0
12.14358901977539,3873759,1289436,1331776,1300190,285917,5,693,0
12.14358901977539,3873760,1327644,1370592,1338722,290053,9,694,0
12.318396091461182,3873757,956524,999436,967384,212401,7,686,0
12.318396091461182,3873758,1044056,1086528,1054770,221551,6,688,0
12.318396091461182,3873759,1327952,1370432,1338706,294641,5,694,0
12.318396091461182,3873760,1356540,1399264,1367394,297221,9,694,0
12.495419025421143,3873757,984604,1027596,995464,219829,7,687,0
12.495419025421143,3873758,1062196,1104576,1072910,225919,6,688,0
12.495419025421143,3873759,1372940,1415616,1383694,305969,5,695,0
12.495419025421143,3873760,1385212,1427936,1396066,303877,9,695,0
12.678040027618408,3873757,1006464,1049228,1017324,225557,7,687,0
12.678040027618408,3873758,1097584,1140032,1108362,234813,6,689,0
12.678040027618408,3873759,1421276,1463872,1432114,318769,5,696,0
12.678040027618408,3873760,1385212,1427936,1396066,304389,9,695,0
12.879432916641235,3873757,1012536,1055372,1023396,226435,7,688,0
12.879432916641235,3873758,1110380,1152960,1121094,237935,6,690,0
12.879432916641235,3873759,1474200,1516864,1484954,331569,5,697,0
12.879432916641235,3873760,1399548,1442272,1410402,307973,9,695,0
13.068036079406738,3873757,1041280,1084044,1052140,234261,7,688,0
13.068036079406738,3873758,1145880,1188416,1156650,246818,6,690,0
13.068036079406738,3873759,1506476,1548864,1517278,340785,5,698,0
13.068036079406738,3873760,1402356,1445728,1413210,307973,9,696,0
13.269075870513916,3873757,1067400,1110284,1078260,240107,7,688,0
13.269075870513916,3873758,1170904,1213120,1181618,253807,6,690,0
13.269075870513916,3873759,1549480,1591872,1560286,351537,5,698,0
13.269075870513916,3873760,1453808,1497440,1464982,320261,9,696,0
13.473262071609497,3873757,1092428,1135244,1103340,246599,7,689,0
13.473262071609497,3873758,1193388,1235904,1204146,258927,6,691,0
13.473262071609497,3873759,1584348,1626816,1595102,358705,5,699,0
13.473262071609497,3873760,1500056,1543392,1510910,331738,9,698,0
13.677293062210083,3873757,1125776,1168652,1136636,254741,7,690,0
13.677293062210083,3873758,1229244,1271616,1239958,267631,6,692,0
13.677293062210083,3873759,1637324,1679936,1648078,372017,5,700,0
13.677293062210083,3873760,1561440,1604704,1572294,346996,9,698,0
13.87286901473999,3873757,1153852,1195276,1164712,262933,7,690,0
13.87286901473999,3873758,1262312,1302464,1273026,277359,6,692,0
13.87286901473999,3873759,1674696,1716928,1685450,383695,5,701,0
13.87286901473999,3873760,1594692,1636576,1605546,357204,9,699,0
14.115267992019653,3873757,1098760,1138316,1109620,266089,8,690,0
14.115267992019653,3873758,1235620,1275456,1246334,281455,6,693,0
14.115267992019653,3873759,1639924,1676608,1650678,388401,5,702,0
14.115267992019653,3873760,1547812,1583892,1558666,361222,9,700,0
14.320816040039062,3873757,1057920,1097868,1068780,270237,27,691,0
14.320816040039062,3873758,1196560,1235520,1207274,286066,12,693,0
14.320816040039062,3873759,1594228,1631424,1604982,395570,15,702,0
14.320816040039062,3873760,1487996,1526292,1498850,365319,15,700,0
14.529399871826172,3873757,1023808,1063564,1034668,274038,27,691,0
14.529399871826172,3873758,1148348,1187520,1159062,290362,12,694,0
14.529399871826172,3873759,1549944,1586752,1560698,402227,25,702,0
14.529399871826172,3873760,1432480,1469588,1443334,368904,15,700,0
14.749192953109741,3873757,992616,1032588,1003476,277864,43,692,0
14.749192953109741,3873758,1106276,1146048,1116990,294771,22,694,0
14.749192953109741,3873759,1502584,1539392,1513338,409395,25,703,0
14.749192953109741,3873760,1375204,1414804,1386058,372833,15,700,0
14.960700988769531,3873757,963460,1004300,974320,282119,43,692,0
14.960700988769531,3873758,1078604,1119168,1089318,299379,22,694,0
14.960700988769531,3873759,1471812,1511872,1482566,416823,25,704,0
14.960700988769531,3873760,1338940,1381908,1349794,377096,15,701,0
15.179653882980347,3873757,940476,981388,951336,286497,43,692,0
15.179653882980347,3873758,1058652,1098304,1069366,305523,22,695,0
15.179653882980347,3873759,1433792,1470656,1444546,421683,25,704,0
15.179653882980347,3873760,1295772,1335316,1306626,381275,15,701,0
15.395406007766724,3873757,921760,964108,932620,290635,43,692,0
15.395406007766724,3873758,1047820,1089600,1058534,312904,22,696,0
15.395406007766724,3873759,1411616,1452352,1422370,427828,27,704,0
15.395406007766724,3873760,1276816,1317908,1287670,386312,15,702,0
15.613470077514648,3873757,922196,964108,933056,296225,43,693,0
15.613470077514648,3873758,1049536,1092032,1060250,318951,22,696,0
15.613470077514648,3873759,1415212,1455808,1425966,437258,27,706,0
15.613470077514648,3873760,1266900,1307668,1277754,391908,15,702,0
15.832380056381226,3873757,926728,969100,937588,301857,43,694,0
15.832380056381226,3873758,1053916,1096000,1064630,324981,22,696,0
15.832380056381226,3873759,1422892,1465408,1433646,446771,27,706,0
15.832380056381226,3873760,1258832,1301396,1269686,397576,15,702,0
16.052677869796753,3873757,933492,976268,944352,307489,43,694,0
16.052677869796753,3873758,1063280,1104832,1073994,331635,22,697,0
16.052677869796753,3873759,1437720,1477824,1448474,456489,27,707,0
16.052677869796753,3873760,1256028,1298580,1266882,403366,15,703,0
16.27419090270996,3873757,944696,987148,955556,313633,43,694,0
16.27419090270996,3873758,1071776,1113152,1082490,338020,22,698,0
16.27419090270996,3873759,1453168,1494336,1463922,466133,27,708,0
16.27419090270996,3873760,1258936,1301268,1269790,409352,15,704,0
16.499243021011353,3873757,949152,991244,960012,319741,43,695,0
16.499243021011353,3873758,1079788,1121728,1090502,344761,22,698,0
16.499243021011353,3873759,1469352,1510976,1480106,476300,27,708,0
16.499243021011353,3873760,1260200,1301268,1271054,415496,15,704,0
16.727575063705444,3873757,951888,994444,962748,325515,43,696,0
16.727575063705444,3873758,1086444,1128128,1097158,351202,22,698,0
16.727575063705444,3873759,1490008,1531328,1500762,486479,27,710,0
16.727575063705444,3873760,1254292,1296148,1265146,421640,15,704,0
16.95732092857361,3873757,958956,1001100,969816,331553,43,696,0
16.95732092857361,3873758,1090768,1132736,1101482,357936,22,699,0
16.95732092857361,3873759,1501568,1542848,1512322,496947,27,710,0
16.95732092857361,3873760,1250348,1292308,1261202,427784,15,705,0
17.189109086990356,3873757,966368,1009036,977228,337697,43,696,0
17.189109086990356,3873758,1100508,1142848,1111222,364915,22,700,0
17.189109086990356,3873759,1521924,1562944,1532678,507419,27,711,0
17.189109086990356,3873760,1247620,1289108,1258474,433928,15,706,0
17.424547910690308,3873757,972940,1015308,983800,343841,43,697,0
17.424547910690308,3873758,1109348,1151424,1120062,371571,22,700,0
17.424547910690308,3873759,1536076,1577280,1546830,517939,27,712,0
17.424547910690308,3873760,1243224,1284116,1254078,440072,15,706,0
17.659574031829834,3873757,978020,1020172,988880,350058,43,698,0
17.659574031829834,3873758,1116080,1157952,1126794,378259,22,701,0
17.659574031829834,3873759,1554304,1595712,1565058,528691,27,713,0
17.659574031829834,3873760,1238868,1280532,1249722,446514,15,706,0
17.90104603767395,3873757,985620,1028108,996480,356577,43,698,0
17.90104603767395,3873758,1125372,1167168,1136086,385395,22,701,0
17.90104603767395,3873759,1570060,1610944,1580814,539443,27,714,0
17.90104603767395,3873760,1236100,1277716,1246954,452872,15,707,0
18.14704990386963,3873757,994148,1036428,1005008,363297,43,698,0
18.14704990386963,3873758,1132956,1175104,1143670,392107,22,702,0
18.14704990386963,3873759,1583776,1624256,1594530,549171,27,714,0
18.14704990386963,3873760,1244320,1287188,1255174,460587,15,708,0
18.262262105941772,3873757,997452,1040396,1008504,366193,43,699,0
18.262262105941772,3873758,1139960,1182144,1150674,395123,22,702,0
18.262262105941772,3873759,1593176,1635520,1603930,553779,27,715,0
18.262262105941772,3873760,1254460,1297812,1265314,465427,15,708,0
18.37527108192444,3873757,1006252,1047692,1017112,368930,43,699,0
18.37527108192444,3873758,1149152,1191616,1159866,398398,22,702,0
18.37527108192444,3873759,1603800,1645760,1614554,558387,27,715,0
18.37527108192444,3873760,1261540,1304724,1272550,470145,15,708,0
18.48966407775879,3873757,1012076,1054604,1022936,372016,43,699,0
18.48966407775879,3873758,1155824,1198400,1166538,401419,22,702,0
18.48966407775879,3873759,1609916,1651520,1620794,562828,27,716,0
18.48966407775879,3873760,1272636,1315348,1283490,473864,15,709,0
18.603157997131348,3873757,1020072,1062540,1030932,375390,43,700,0
18.603157997131348,3873758,1167748,1209536,1178462,405363,22,703,0
18.603157997131348,3873759,1615504,1658304,1626266,567091,27,716,0
18.603157997131348,3873760,1275248,1317012,1286102,476424,15,709,0
18.717936992645264,3873757,1025224,1067404,1036084,378145,43,700,0
18.717936992645264,3873758,1177280,1219648,1187994,409459,22,703,0
18.717936992645264,3873759,1630620,1672896,1641374,571699,27,716,0
18.717936992645264,3873760,1281100,1323284,1291954,479948,15,710,0
18.830736875534058,3873757,1030040,1073420,1041020,381217,43,700,0
18.830736875534058,3873758,1187088,1229376,1197802,413626,22,704,0
18.830736875534058,3873759,1640672,1681984,1651426,575904,27,717,0
18.830736875534058,3873760,1289304,1331860,1300158,483592,15,710,0
18.949388027191162,3873757,1037292,1080716,1048656,383935,43,700,0
18.949388027191162,3873758,1194104,1236288,1204818,416883,22,704,0
18.949388027191162,3873759,1645728,1685056,1656482,579020,27,717,0
18.949388027191162,3873760,1295372,1337620,1306226,486664,15,710,0
19.068299055099487,3873757,1044756,1087244,1055616,387361,43,700,0
19.068299055099487,3873758,1201604,1243968,1212318,420499,22,704,0
19.068299055099487,3873759,1653196,1695040,1664014,583365,27,717,0
19.068299055099487,3873760,1303600,1346836,1314538,491290,15,710,0
19.18886399269104,3873757,1055488,1097740,1066348,391230,43,701,0
19.18886399269104,3873758,1207620,1249600,1218334,423715,22,704,0
19.18886399269104,3873759,1664092,1704896,1674866,587951,27,718,0
19.18886399269104,3873760,1315140,1358228,1325994,495880,15,710,0
19.30673599243164,3873757,1062312,1104524,1073172,394813,43,701,0
19.30673599243164,3873758,1216784,1258944,1227626,427379,22,705,0
19.30673599243164,3873759,1673668,1713984,1684422,592691,27,718,0
19.30673599243164,3873760,1329956,1372820,1340810,500488,15,711,0
19.42508888244629,3873757,1069776,1112204,1080636,398483,43,701,0
19.42508888244629,3873758,1224812,1267776,1235526,430451,22,705,0
19.42508888244629,3873759,1683148,1724864,1693914,597232,27,718,0
19.42508888244629,3873760,1330352,1373588,1341406,503048,15,711,0
19.547863006591797,3873757,1082088,1124492,1092948,401917,43,702,0
19.547863006591797,3873758,1235904,1277632,1246618,434404,22,705,0
19.547863006591797,3873759,1697416,1738560,1708218,603256,27,719,0
19.547863006591797,3873760,1338892,1382292,1349746,506632,15,712,0
19.670921087265015,3873757,1089572,1132172,1100432,405263,43,702,0
19.670921087265015,3873758,1243840,1286208,1254554,437619,22,706,0
19.670921087265015,3873759,1702668,1744960,1713430,607027,27,719,0
19.670921087265015,3873760,1348592,1392532,1359942,511240,15,712,0
19.795156955718994,3873757,1088244,1131660,1099204,406817,43,702,0
19.795156955718994,3873758,1242224,1285440,1253270,438643,22,706,0
19.795156955718994,3873759,1701512,1744960,1712790,607539,27,719,0
19.795156955718994,3873760,1348900,1392532,1359942,511240,15,712,0
19.932480096817017,3873757,1088104,1131660,1099204,406817,43,702,0
19.932480096817017,3873758,1242420,1285440,1253270,438643,22,706,0
19.932480096817017,3873759,1701976,1744960,1712790,607539,27,719,0
19.932480096817017,3873760,1348824,1392532,1359942,511240,15,712,0
20.06496787071228,3873757,1088140,1130124,1099204,406817,43,702,0
20.06496787071228,3873758,1244816,1284672,1255530,438643,22,706,0
20.06496787071228,3873759,1703512,1742784,1714266,608563,27,720,0
20.06496787071228,3873760,1349184,1387164,1360038,513801,15,712,0
20.18647789955139,3873757,1085080,1126540,1095940,409889,43,702,0
20.18647789955139,3873758,1238212,1279040,1248926,442227,22,706,0
20.18647789955139,3873759,1693112,1735360,1704054,614195,27,720,0
20.18647789955139,3873760,1334772,1378460,1345922,517897,15,712,0
20.312395095825195,3873757,1081192,1124748,1092440,411425,43,702,0
20.312395095825195,3873758,1231700,1275200,1242886,443251,22,706,0
20.312395095825195,3873759,1694168,1735736,1705186,614195,27,720,0
20.312395095825195,3873760,1333196,1376924,1344330,517897,15,712,0
20.44325089454651,3873757,1080796,1124108,1091804,411425,43,702,0
20.44325089454651,3873758,1231652,1275072,1242722,443251,22,706,0
20.44325089454651,3873759,1692036,1735736,1703482,614196,27,720,0
20.44325089454651,3873760,1333204,1376796,1344330,517897,15,712,0
20.57828187942505,3873757,1081972,1125368,1093012,411426,43,702,0
20.57828187942505,3873758,1231316,1274816,1242470,443251,22,706,0
20.57828187942505,3873759,1692824,1736592,1704414,614196,27,720,0
20.57828187942505,3873760,1331744,1375516,1342903,517897,15,712,0
20.715895891189575,3873757,1083164,1126576,1094048,411427,43,702,0
20.715895891189575,3873758,1235808,1277376,1246522,443938,22,706,0
20.715895891189575,3873759,1691904,1737872,1703646,615221,27,720,0
20.715895891189575,3873760,1336676,1380636,1347530,518960,15,712,0
20.85049796104431,3873757,1092228,1135280,1103088,414023,43,703,0
20.85049796104431,3873758,1249084,1292096,1259798,447859,22,706,0
20.85049796104431,3873759,1713328,1756560,1724370,620342,27,720,0
20.85049796104431,3873760,1351588,1395356,1362938,525065,15,713,0
20.990169048309326,3873757,1096232,1139376,1107248,416035,43,703,0
20.990169048309326,3873758,1249388,1292608,1260254,448883,22,706,0
20.990169048309326,3873759,1721852,1765136,1732606,620599,27,720,0
20.990169048309326,3873760,1366372,1409692,1377266,527157,15,713,0
21.131911039352417,3873757,1104288,1147568,1115440,418083,43,703,0
21.131911039352417,3873758,1265304,1308352,1276154,451443,22,707,0
21.131911039352417,3873759,1741336,1784720,1752090,625462,27,721,0
21.131911039352417,3873760,1374584,1417884,1385438,530185,15,714,0
21.27623200416565,3873757,1115968,1159472,1127204,420643,43,703,0
21.27623200416565,3873758,1285200,1328192,1295914,456563,22,707,0
21.27623200416565,3873759,1752428,1795472,1763214,629558,27,721,0
21.27623200416565,3873760,1385392,1429276,1396454,532745,15,714,0
21.423578023910522,3873757,1126984,1170096,1137900,423715,43,704,0
21.423578023910522,3873758,1301008,1343936,1311722,461171,22,708,0
21.423578023910522,3873759,1766764,1809808,1777518,631417,27,722,0
21.423578023910522,3873760,1396532,1436572,1407402,535817,15,714,0
21.57597303390503,3873757,1141872,1185112,1152732,426788,43,704,0
21.57597303390503,3873758,1290500,1328448,1301254,463890,22,708,0
21.57597303390503,3873759,1783148,1826084,1793902,636216,27,722,0
21.57597303390503,3873760,1383640,1418832,1396546,537866,15,714,0
21.729469060897827,3873757,1153696,1196888,1164556,429333,43,704,0
21.729469060897827,3873758,1278748,1317204,1289462,468504,22,708,0
21.729469060897827,3873759,1805676,1848612,1816430,640314,27,722,0
21.729469060897827,3873760,1342780,1375200,1353634,540940,15,714,0
21.88354992866516,3873757,1167968,1211096,1178860,430376,43,704,0
21.88354992866516,3873758,1293164,1333016,1303236,469371,22,708,0
21.88354992866516,3873759,1844928,1878052,1853181,640842,27,723,0
21.88354992866516,3873760,1344216,1368548,1350702,541514,15,714,0
22.042654991149902,3873757,1194536,1201880,1196478,434125,43,704,0
22.042654991149902,3873758,1319020,1326616,1320774,474498,22,708,0
22.042654991149902,3873759,1868740,1874212,1870273,646990,27,723,0
22.042654991149902,3873760,1362948,1366244,1364306,548117,15,714,0
22.222543954849243,3873757,1204772,1207384,1205294,436218,43,704,0
22.222543954849243,3873758,1357872,1360792,1358478,484226,22,709,0
22.222543954849243,3873759,1885104,1888036,1885626,650575,27,723,0
22.222543954849243,3873760,1386184,1389540,1386706,551702,15,715,0
22.403021097183228,3873757,1219376,1221976,1219898,439730,43,704,0
22.403021097183228,3873758,1374276,1377176,1374862,488035,22,710,0
22.403021097183228,3873759,1907552,1910564,1908154,656207,27,724,0
22.403021097183228,3873760,1413352,1416676,1413874,558358,15,716,0
22.574644088745117,3873757,1231372,1234008,1231918,443695,43,705,0
22.574644088745117,3873758,1384736,1388184,1385762,490882,22,710,0
22.574644088745117,3873759,1931284,1934500,1931946,660098,27,724,0
22.574644088745117,3873760,1434952,1437924,1435474,564513,15,716,0
22.761687994003296,3873757,1244000,1246680,1244522,446255,43,705,0
22.761687994003296,3873758,1392740,1395608,1393294,492930,22,710,0
22.761687994003296,3873759,1952688,1955620,1953210,664973,27,724,0
22.761687994003296,3873760,1453336,1456356,1453906,570134,15,716,0
22.936678886413574,3873757,1272356,1274968,1272878,453169,43,706,0
22.936678886413574,3873758,1405060,1407896,1405582,496002,22,710,0
22.936678886413574,3873759,1977264,1980196,1977786,670544,27,725,0
22.936678886413574,3873760,1481992,1485028,1482578,576287,15,717,0
23.124074935913086,3873757,1292776,1295448,1293358,458347,43,706,0
23.124074935913086,3873758,1425516,1428376,1426062,501122,22,710,0
23.124074935913086,3873759,2000288,2003364,2000850,677712,27,726,0
23.124074935913086,3873760,1497716,1501028,1498238,580886,15,717,0
23.316286087036133,3873757,1313528,1316184,1314050,463105,43,706,0
23.316286087036133,3873758,1448068,1450904,1448590,505826,22,711,0
23.316286087036133,3873759,2028456,2031396,2028986,685904,27,726,0
23.316286087036133,3873760,1516776,1519844,1517394,586006,15,718,0
23.510354042053223,3873757,1337936,1340632,1338458,469295,43,707,0
23.510354042053223,3873758,1476700,1479576,1477222,512767,22,712,0
23.510354042053223,3873759,2042676,2045732,2043322,689488,27,726,0
23.510354042053223,3873760,1549408,1552484,1549930,592662,15,718,0
23.707841873168945,3873757,1355176,1357912,1355698,473903,43,707,0
23.707841873168945,3873758,1495172,1498008,1495694,517239,22,712,0
23.707841873168945,3873759,2071456,2074404,2071994,696226,27,727,0
23.707841873168945,3873760,1578312,1581412,1578834,599830,15,719,0
23.911297082901,3873757,1378428,1381080,1378950,479065,43,708,0
23.911297082901,3873758,1517528,1520408,1518050,522916,22,712,0
23.911297082901,3873759,2103660,2106660,2104182,703824,27,728,0
23.911297082901,3873760,1607540,1610852,1608062,607510,15,720,0
24.11944890022278,3873757,1404808,1407448,1405330,485693,43,708,0
24.11944890022278,3873758,1542276,1545112,1542798,529665,22,713,0
24.11944890022278,3873759,2141784,2144932,2142306,713040,27,728,0
24.11944890022278,3873760,1645212,1648356,1645734,615705,15,720,0
24.33165407180786,3873757,1428004,1430616,1428526,492847,43,709,0
24.33165407180786,3873758,1571688,1574552,1572210,536236,22,714,0
24.33165407180786,3873759,2180008,2182948,2180538,722022,27,729,0
24.33165407180786,3873760,1688376,1691620,1688898,627478,15,721,0
24.549736976623535,3873757,1457952,1460568,1458474,499091,43,710,0
24.549736976623535,3873758,1602944,1605784,1603474,544130,22,714,0
24.549736976623535,3873759,2208688,2211620,2209210,730960,27,730,0
24.549736976623535,3873760,1729816,1732836,1730386,639254,15,722,0
24.764631032943726,3873757,1496708,1499352,1497254,508842,43,710,0
24.764631032943726,3873758,1640556,1643416,1641102,554371,22,715,0
24.764631032943726,3873759,2223024,2225956,2223546,734544,27,730,0
24.764631032943726,3873760,1762632,1765604,1763154,647446,15,722,0
24.99682593345642,3873757,1533492,1536216,1534014,517975,43,711,0
24.99682593345642,3873758,1663108,1665944,1663630,559156,22,715,0
24.99682593345642,3873759,2268220,2271396,2268822,743211,27,731,0
24.99682593345642,3873760,1799064,1802340,1799586,654102,15,724,0
25.228800058364868,3873757,1572436,1575128,1572958,527665,43,712,0
25.228800058364868,3873758,1691736,1694616,1692302,566695,22,716,0
25.228800058364868,3873759,2296752,2299684,2297274,752976,27,732,0
25.228800058364868,3873760,1842396,1845476,1842918,664931,15,724,0
25.460097074508667,3873757,1609288,1611992,1609818,536710,43,712,0
25.460097074508667,3873758,1723632,1726616,1724154,574095,22,716,0
25.460097074508667,3873759,2354096,2357156,2354618,764321,27,732,0
25.460097074508667,3873760,1904392,1907812,1904914,679948,15,726,0
25.69916796684265,3873757,1635984,1638872,1636506,545583,43,713,0
25.69916796684265,3873758,1750596,1751576,1751118,582579,22,717,0
25.69916796684265,3873759,2355876,2358820,2356398,773087,27,733,0
25.69916796684265,3873760,1905484,1908196,1906006,688625,15,726,0
25.963100910186768,3873757,1631196,1630936,1631718,547785,43,713,0
25.963100910186768,3873758,1737492,1734680,1738014,584628,22,717,0
25.963100910186768,3873759,2328928,2321700,2329450,776016,27,733,0
25.963100910186768,3873760,1877240,1872100,1877762,692831,15,726,0
26.214613914489746,3873757,1592388,1591896,1592910,552422,47,714,0
26.214613914489746,3873758,1686148,1685144,1686670,590210,22,718,0
26.214613914489746,3873759,2241124,2231588,2241646,780624,27,734,0
26.214613914489746,3873760,1830376,1823716,1830898,701372,15,727,0
26.45291304588318,3873757,1554372,1552600,1554894,557359,47,714,0
26.45291304588318,3873758,1645576,1641752,1646098,595791,23,718,0
26.45291304588318,3873759,2143628,2136228,2144150,785643,28,734,0
26.45291304588318,3873760,1780832,1778276,1781354,710422,15,728,0
26.6975359916687,3873757,1511524,1511384,1512046,562202,47,714,0
26.6975359916687,3873758,1593980,1592856,1594502,600970,23,718,0
26.6975359916687,3873759,2052600,2049316,2053122,790352,28,734,0
26.6975359916687,3873760,1730616,1729252,1731138,717590,15,728,0
26.946407079696655,3873757,1463960,1463640,1464482,567061,47,715,0
26.946407079696655,3873758,1531596,1529752,1532118,605119,23,719,0
26.946407079696655,3873759,1966180,1963684,1966702,795472,31,735,0
26.946407079696655,3873760,1668628,1667172,1669150,723589,15,729,0
27.199687004089355,3873757,1421160,1421144,1421682,571978,47,715,0
27.199687004089355,3873758,1477544,1476632,1478066,610690,23,720,0
27.199687004089355,3873759,1888416,1885988,1888938,800353,31,735,0
27.199687004089355,3873760,1611148,1606756,1611670,732438,15,730,0
27.446791887283325,3873757,1392632,1393496,1393154,577327,47,716,0
27.446791887283325,3873758,1448372,1449752,1448894,616666,23,720,0
27.446791887283325,3873759,1837812,1840804,1838334,805730,31,736,0
27.446791887283325,3873760,1609644,1608548,1610166,742166,15,730,0
27.697824001312256,3873757,1377792,1377624,1378314,583118,47,716,0
27.697824001312256,3873758,1428532,1427864,1429054,622978,23,720,0
27.697824001312256,3873759,1773400,1771044,1773922,811344,31,736,0
27.697824001312256,3873760,1568288,1567460,1568810,751628,15,731,0
27.9490909576416,3873757,1344948,1347544,1345470,588277,47,716,0
27.9490909576416,3873758,1397556,1398936,1398078,628629,23,721,0
27.9490909576416,3873759,1722600,1721892,1723122,816770,31,736,0
27.9490909576416,3873760,1559708,1560932,1560230,761114,15,732,0
28.201674938201904,3873757,1339556,1339352,1340078,593711,47,717,0
28.201674938201904,3873758,1381108,1382168,1381630,634249,23,721,0
28.201674938201904,3873759,1696708,1698980,1697230,822027,31,737,0
28.201674938201904,3873760,1566324,1567844,1566846,770326,15,733,0
28.459155082702637,3873757,1338812,1341144,1339334,599855,47,718,0
28.459155082702637,3873758,1378104,1380248,1378626,641410,23,722,0
28.459155082702637,3873759,1701872,1702564,1702394,828752,31,738,0
28.459155082702637,3873760,1588280,1586916,1588802,781617,15,734,0
28.718710899353027,3873757,1349524,1352280,1350046,606882,47,718,0
28.718710899353027,3873758,1391120,1394072,1391642,649023,23,722,0
28.718710899353027,3873759,1710092,1712932,1710682,835730,31,738,0
28.718710899353027,3873760,1619852,1622116,1620374,793878,15,734,0
28.881058931350708,3873757,1366000,1368664,1366522,611119,47,718,0
28.881058931350708,3873758,1399680,1402648,1400438,653186,23,723,0
28.881058931350708,3873759,1719272,1721764,1719794,839042,31,738,0
28.881058931350708,3873760,1639676,1641700,1640198,800022,15,735,0
29.045172929763794,3873757,1381064,1383256,1381610,616239,47,719,0
29.045172929763794,3873758,1400504,1403032,1401046,655746,23,723,0
29.045172929763794,3873759,1721844,1723428,1722366,842576,31,738,0
29.045172929763794,3873760,1659584,1661924,1660114,807252,15,736,0
29.210767030715942,3873757,1391824,1394776,1392346,620847,47,719,0
29.210767030715942,3873758,1403620,1404824,1404142,658885,23,724,0
29.210767030715942,3873759,1727072,1729188,1727594,846160,31,739,0
29.210767030715942,3873760,1667588,1670500,1668498,813334,15,736,0
29.38050889968872,3873757,1399948,1402584,1400470,624088,47,720,0
29.38050889968872,3873758,1405184,1408024,1405706,663744,23,724,0
29.38050889968872,3873759,1729512,1732644,1730078,850529,31,739,0
29.38050889968872,3873760,1666052,1669348,1666882,816918,15,736,0
29.552459955215454,3873757,1401076,1403992,1401642,626479,47,720,0
29.552459955215454,3873758,1403292,1406616,1404010,664962,23,724,0
29.552459955215454,3873759,1729492,1732644,1730078,850768,31,739,0
29.552459955215454,3873760,1665804,1669348,1666882,816918,15,736,0
29.73340606689453,3873757,1400796,1403992,1401642,626479,47,720,0
29.73340606689453,3873758,1402872,1406616,1404010,664962,23,724,0
29.73340606689453,3873759,1729352,1732644,1730078,850768,31,739,0
29.73340606689453,3873760,1670456,1669348,1670978,816918,15,736,0
29.904857873916626,3873757,1403648,1405656,1404170,628015,47,720,0
29.904857873916626,3873758,1399420,1403032,1400658,667473,23,724,0
29.904857873916626,3873759,1726892,1730212,1727766,854352,31,740,0
29.904857873916626,3873760,1659228,1663060,1660518,820502,15,737,0
30.07555890083313,3873757,1398588,1402072,1399594,629039,47,720,0
30.07555890083313,3873758,1399348,1402392,1399950,667522,23,724,0
30.07555890083313,3873759,1725612,1729060,1726594,854352,31,740,0
30.07555890083313,3873760,1659556,1663060,1660518,820503,15,737,0
30.249119997024536,3873757,1398600,1401988,1399486,629040,47,720,0
30.249119997024536,3873758,1395752,1398680,1396547,667522,23,724,0
30.249119997024536,3873759,1727320,1729960,1728207,854354,31,740,0
30.249119997024536,3873760,1660508,1662584,1661271,820923,15,737,0
30.42615008354187,3873757,1402196,1403728,1402818,632625,47,720,0
30.42615008354187,3873758,1405036,1407768,1405958,671618,23,724,0
30.42615008354187,3873759,1744640,1748528,1746082,858455,31,740,0
30.42615008354187,3873760,1655024,1658836,1656362,823578,15,737,0
30.617790937423706,3873757,1402504,1405916,1403434,633649,47,720,0
30.617790937423706,3873758,1407140,1410072,1407662,671714,23,724,0
30.617790937423706,3873759,1759808,1757784,1760330,858633,31,740,0
30.617790937423706,3873760,1669992,1672984,1670578,826143,15,738,0
30.803988933563232,3873757,1414696,1417688,1415218,636723,47,720,0
30.803988933563232,3873758,1424992,1427980,1425514,674182,23,725,0
30.803988933563232,3873759,1746384,1733356,1747006,864083,31,741,0
30.803988933563232,3873760,1684576,1682224,1685098,829726,15,738,0
30.98838210105896,3873757,1417228,1418176,1417758,639797,47,721,0
30.98838210105896,3873758,1421516,1422148,1422038,676746,23,725,0
30.98838210105896,3873759,1726892,1722948,1728106,866655,31,741,0
30.98838210105896,3873760,1681636,1680012,1682158,831706,15,738,0
31.175684928894043,3873757,1400812,1395648,1401334,642359,47,721,0
31.175684928894043,3873758,1410940,1411776,1411466,680331,23,726,0
31.175684928894043,3873759,1728832,1731396,1729558,872288,31,742,0
31.175684928894043,3873760,1694284,1695984,1694806,837413,15,738,0
31.375595092773438,3873757,1381768,1377984,1382290,645431,47,722,0
31.375595092773438,3873758,1407956,1406656,1408478,682865,23,726,0
31.375595092773438,3873759,1735324,1738180,1735854,875872,31,742,0
31.375595092773438,3873760,1706172,1707376,1706694,842021,15,739,0
31.57563304901123,3873757,1379352,1382184,1379874,652088,47,722,0
31.57563304901123,3873758,1401336,1397184,1401858,685963,23,726,0
31.57563304901123,3873759,1754216,1748360,1754738,877930,31,742,0
31.57563304901123,3873760,1733924,1732500,1734446,846122,15,740,0
31.77250099182129,3873757,1386096,1386812,1386618,653626,47,722,0
31.77250099182129,3873758,1379104,1380512,1379626,688030,23,726,0
31.77250099182129,3873759,1738092,1739852,1738614,881340,31,743,0
31.77250099182129,3873760,1721544,1724820,1722066,850222,15,740,0
31.979242086410522,3873757,1383900,1385532,1384438,657245,47,722,0
31.979242086410522,3873758,1376884,1379744,1377406,691084,23,726,0
31.979242086410522,3873759,1740520,1743308,1741042,885106,31,743,0
31.979242086410522,3873760,1719924,1717780,1720446,854318,15,740,0
32.188469886779785,3873757,1381124,1384252,1381754,660282,47,722,0
32.188469886779785,3873758,1375624,1375264,1376146,693132,23,726,0
32.188469886779785,3873759,1741792,1742264,1742314,890268,31,744,0
32.188469886779785,3873760,1711344,1712884,1711498,859440,15,741,0
32.41415596008301,3873757,1397400,1398620,1397553,664823,47,723,0
32.41415596008301,3873758,1383544,1384952,1383697,696719,23,727,0
32.41415596008301,3873759,1760036,1761464,1760189,894837,31,744,0
32.41415596008301,3873760,1737968,1739424,1738121,864425,15,741,0
32.667202949523926,3873757,1438304,1439580,1438513,675170,47,724,0
32.667202949523926,3873758,1409828,1411192,1409981,702863,23,727,0
32.667202949523926,3873759,1796644,1797816,1796797,903476,31,745,0
32.667202949523926,3873760,1760520,1762080,1760673,870706,15,742,0
32.89651298522949,3873757,1467016,1468252,1467185,683323,47,724,0
32.89651298522949,3873758,1427236,1428600,1427421,707983,23,728,0
32.89651298522949,3873759,1823508,1824952,1823661,909173,31,746,0
32.89651298522949,3873760,1785072,1786528,1785225,876578,15,742,0
33.13412094116211,3873757,1493564,1494876,1493717,688443,47,725,0
33.13412094116211,3873758,1457924,1459320,1458077,713966,23,728,0
33.13412094116211,3873759,1856036,1857208,1856189,920099,31,746,0
33.13412094116211,3873760,1819124,1820704,1819285,883831,15,743,0
33.37437605857849,3873757,1528456,1529692,1528625,697694,47,726,0
33.37437605857849,3873758,1486524,1487864,1486677,721807,23,729,0
33.37437605857849,3873759,1899988,1901368,1900141,928190,31,747,0
33.37437605857849,3873760,1864904,1866400,1865097,894634,15,744,0
33.627690076828,3873757,1558396,1559900,1558549,703803,47,726,0
33.627690076828,3873758,1511208,1512568,1511389,727850,23,730,0
33.627690076828,3873759,1939712,1941176,1939865,937845,31,748,0
33.627690076828,3873760,1884900,1886880,1885577,902095,15,744,0
33.88547706604004,3873757,1601372,1602908,1601525,715067,47,727,0
33.88547706604004,3873758,1543232,1544568,1543385,735303,23,730,0
33.88547706604004,3873759,1984852,1986232,1985005,949211,31,749,0
33.88547706604004,3873760,1918192,1919648,1918345,909618,15,745,0
34.13239097595215,3873757,1649224,1650524,1649457,728891,47,728,0
34.13239097595215,3873758,1558340,1559672,1558493,740751,23,730,0
34.13239097595215,3873759,2055804,2057016,2055957,966775,31,750,0
34.13239097595215,3873760,1968276,1969824,1968429,920882,15,746,0
34.405991077423096,3873757,1649304,1650524,1649457,728891,47,728,0
34.405991077423096,3873758,1558340,1559672,1558493,740751,23,730,0
34.405991077423096,3873759,2126296,2127544,2126525,985178,31,752,0
34.405991077423096,3873760,2029416,2031136,2029569,936754,15,747,0
34.6647469997406,3873757,1671720,1673180,1671985,733317,47,729,0
34.6647469997406,3873758,1583912,1585272,1584065,746383,23,731,0
34.6647469997406,3873759,2161324,2162744,2161493,993127,31,752,0
34.6647469997406,3873760,2098416,2100000,2098569,952201,15,748,0
34.93384099006653,3873757,1720004,1721308,1720157,745125,47,730,0
34.93384099006653,3873758,1618424,1616632,1618577,755772,23,732,0
34.93384099006653,3873759,2179396,2177976,2179549,1001351,33,753,0
34.93384099006653,3873760,2145520,2145312,2145673,966450,15,750,0
35.13258409500122,3873757,1728288,1729500,1728441,752014,47,730,0
35.13258409500122,3873758,1625256,1626360,1625409,759183,23,732,0
35.13258409500122,3873759,2170048,2169400,2170201,1001351,33,753,0
35.13258409500122,3873760,2157440,2158880,2157593,972581,15,750,0
35.381108045578,3873757,1718720,1717084,1718873,756659,47,730,0
35.381108045578,3873758,1605268,1602680,1605421,762255,24,732,0
35.381108045578,3873759,2100260,2097208,2100413,1001351,33,753,0
35.381108045578,3873760,2117696,2111904,2117849,979909,15,751,0
35.64740300178528,3873757,1674448,1670748,1674601,765666,47,731,0
35.64740300178528,3873758,1549484,1546744,1549637,767375,24,732,0
35.64740300178528,3873759,2005908,2002744,2006061,1001351,33,753,0
35.64740300178528,3873760,2063064,2056608,2063217,989490,15,752,0
35.92360496520996,3873757,1613852,1610716,1614005,771685,47,732,0
35.92360496520996,3873758,1490192,1487736,1490345,773007,24,733,0
35.92360496520996,3873759,1911588,1908920,1911741,1001351,33,753,0
35.92360496520996,3873760,1996936,1991072,1997089,998194,15,752,0
36.197563886642456,3873757,1530840,1527388,1530993,776507,47,732,0
36.197563886642456,3873758,1416188,1414648,1416341,777399,24,733,0
36.197563886642456,3873759,1808072,1806264,1808225,1001351,33,753,0
36.197563886642456,3873760,1923228,1921440,1923381,1006769,15,753,0
36.49504590034485,3873757,1496428,1495388,1496581,783163,47,733,0
36.49504590034485,3873758,1388688,1388792,1388841,782735,24,734,0
36.49504590034485,3873759,1754400,1752632,1754553,1001351,33,753,0
36.49504590034485,3873760,1854952,1852960,1855105,1006916,17,753,0
36.679516077041626,3873757,1478140,1477852,1478293,790339,47,733,0
36.679516077041626,3873758,1365720,1365880,1365873,786795,24,734,0
36.679516077041626,3873759,1708832,1708216,1708985,1001351,33,753,0
36.679516077041626,3873760,1790060,1788192,1790213,1006916,17,753,0
36.87961006164551,3873757,1463276,1462364,1463429,797689,47,734,0
36.87961006164551,3873758,1344360,1343736,1344513,790927,24,734,0
36.87961006164551,3873759,1664732,1664184,1664885,1001351,34,753,0
36.87961006164551,3873760,1730488,1728416,1730641,1006916,17,753,0
37.063546895980835,3873757,1449092,1448924,1449245,805179,47,734,0
37.063546895980835,3873758,1312736,1312248,1312889,794603,24,735,0
37.063546895980835,3873759,1616736,1616184,1616889,1001351,34,753,0
37.063546895980835,3873760,1677576,1678752,1677729,1006916,17,753,0
37.25450301170349,3873757,1464036,1464668,1464189,813784,47,735,0
37.25450301170349,3873758,1318420,1319928,1318573,799631,24,735,0
37.25450301170349,3873759,1590284,1591864,1590437,1001351,34,753,0
37.25450301170349,3873760,1670452,1670176,1670637,1006916,17,753,0
37.38480997085571,3873757,1471408,1472576,1471657,816955,47,736,0
37.38480997085571,3873758,1318540,1319928,1318693,801167,24,735,0
37.38480997085571,3873759,1584912,1585848,1585065,1001351,34,753,0
37.38480997085571,3873760,1662700,1664288,1662885,1006916,17,753,0
37.516095876693726,3873757,1480092,1481644,1480429,816962,47,736,0
37.516095876693726,3873758,1315844,1317368,1315997,801167,24,735,0
37.516095876693726,3873759,1583808,1585464,1584149,1001351,34,753,0
37.516095876693726,3873760,1662676,1664288,1662885,1006916,17,753,0
37.6539409160614,3873757,1480276,1481644,1480429,816962,47,736,0
37.6539409160614,3873758,1315776,1317368,1315997,801167,24,735,0
37.6539409160614,3873759,1583952,1585464,1584149,1001351,34,753,0
37.6539409160614,3873760,1662624,1664288,1662885,1006916,17,753,0
37.79513502120972,3873757,1482248,1483656,1482477,816962,47,736,0
37.79513502120972,3873758,1315196,1316856,1315477,801167,24,735,0
37.79513502120972,3873759,1580712,1582520,1581129,1001351,34,753,0
37.79513502120972,3873760,1662204,1663904,1662609,1006916,17,753,0
37.93371105194092,3873757,1485340,1486672,1485493,816964,47,736,0
37.93371105194092,3873758,1316508,1317848,1316661,801167,24,735,0
37.93371105194092,3873759,1580112,1581624,1580277,1001351,34,753,0
37.93371105194092,3873760,1659676,1661088,1659865,1006916,17,753,0
38.067816972732544,3873757,1491028,1492316,1491181,816967,47,736,0
38.067816972732544,3873758,1318336,1319716,1318489,801169,24,735,0
38.067816972732544,3873759,1577932,1579064,1578149,1001351,34,753,0
38.067816972732544,3873760,1654268,1655712,1654481,1006916,17,753,0
38.198708057403564,3873757,1496296,1497432,1496449,816972,47,736,0
38.198708057403564,3873758,1318516,1319972,1318669,801170,24,735,0
38.198708057403564,3873759,1572884,1572920,1573553,1001351,34,753,0
38.198708057403564,3873760,1650096,1650592,1650253,1006916,17,753,0
38.328420877456665,3873757,1507336,1507860,1507509,816979,47,736,0
38.328420877456665,3873758,1327860,1329068,1328018,801686,24,736,0
38.328420877456665,3873759,1562632,1563320,1562818,1001351,34,753,0
38.328420877456665,3873760,1638156,1639072,1638394,1006916,17,753,0
38.45717692375183,3873757,1533316,1534312,1533497,819035,47,737,0
38.45717692375183,3873758,1353148,1354216,1353301,806821,24,736,0
38.45717692375183,3873759,1542500,1543224,1542653,1001351,34,753,0
38.45717692375183,3873760,1614124,1614496,1614429,1006916,17,753,0
38.67302894592285,3873757,1554692,1556296,1555533,826720,47,738,0
38.67302894592285,3873758,1360364,1361856,1360577,812956,24,737,0
38.67302894592285,3873759,1535892,1537848,1536513,1001351,34,753,0
38.67302894592285,3873760,1608744,1610912,1609657,1006916,17,753,0
38.81184697151184,3873757,1555252,1556820,1555737,826724,47,738,0
38.81184697151184,3873758,1362656,1364068,1362881,812958,24,737,0
38.81184697151184,3873759,1534204,1538232,1534389,1001351,34,753,0
38.81184697151184,3873760,1604560,1606176,1604961,1006916,17,753,0
38.94938588142395,3873757,1563640,1565464,1564261,826733,47,738,0
38.94938588142395,3873758,1361400,1362720,1361553,812960,24,737,0
38.94938588142395,3873759,1545016,1551672,1545169,1004655,533,753,0
38.94938588142395,3873760,1604336,1605792,1604489,1006916,17,753,0
39.09107208251953,3873757,1573628,1574296,1573781,828377,47,738,0
39.09107208251953,3873758,1372268,1373216,1372421,815599,24,737,0
39.09107208251953,3873759,1560568,1564728,1560721,1009762,1265,753,0
39.09107208251953,3873760,1592936,1591712,1593089,1006916,17,753,0
39.22633600234985,3873757,1593576,1594392,1593761,836461,47,739,0
39.22633600234985,3873758,1388412,1389984,1388629,823200,24,738,0
39.22633600234985,3873759,1570208,1576376,1570409,1013872,1873,753,0
39.22633600234985,3873760,1585156,1586592,1585309,1006916,17,753,0
39.37119388580322,3873757,1592956,1594392,1593169,837485,47,739,0
39.37119388580322,3873758,1388476,1389984,1388629,823200,24,738,0
39.37119388580322,3873759,1593468,1599672,1593621,1018928,2595,753,0
39.37119388580322,3873760,1583812,1584672,1583965,1006916,17,753,0
39.51901197433472,3873757,1595928,1597208,1596081,837601,47,739,0
39.51901197433472,3873758,1405880,1407264,1406033,827505,24,738,0
39.51901197433472,3873759,1612312,1618616,1612465,1024167,3344,753,0
39.51901197433472,3873760,1579332,1580832,1579485,1006916,17,753,0
39.661056995391846,3873757,1612280,1613592,1612433,843117,47,740,0
39.661056995391846,3873758,1416092,1417504,1416261,831392,24,738,0
39.661056995391846,3873759,1636232,1642680,1636477,1029413,4093,753,0
39.661056995391846,3873760,1579332,1580832,1579485,1006916,17,753,0
39.812073945999146,3873757,1630696,1631896,1630849,846498,47,740,0
39.812073945999146,3873758,1438636,1440032,1438789,836357,24,739,0
39.812073945999146,3873759,1662012,1667768,1662165,1035020,4894,753,0
39.812073945999146,3873760,1579320,1580832,1579473,1006916,17,753,0
39.96327495574951,3873757,1634784,1635992,1634945,848749,47,740,0
39.96327495574951,3873758,1438604,1440032,1438789,837024,24,739,0
39.96327495574951,3873759,1683572,1689016,1683725,1039738,5568,753,0
39.96327495574951,3873760,1579320,1580832,1579473,1006916,17,753,0
40.11820197105408,3873757,1651176,1652376,1651329,850948,47,740,0
40.11820197105408,3873758,1461164,1462560,1461317,841167,24,739,0
40.11820197105408,3873759,1707756,1713464,1708053,1045064,6329,753,0
40.11820197105408,3873760,1579304,1580832,1579457,1006916,17,753,0
40.278812885284424,3873757,1657320,1658520,1657473,854381,47,740,0
40.278812885284424,3873758,1471404,1472928,1471557,843258,24,740,0
40.278812885284424,3873759,1731548,1738040,1731701,1050211,7064,753,0
40.278812885284424,3873760,1581056,1590944,1581209,1007292,73,753,0
40.47322487831116,3873757,1679848,1681048,1680001,860013,47,741,0
40.47322487831116,3873758,1496384,1497888,1496537,849824,24,740,0
40.47322487831116,3873759,1766704,1774776,1766857,1057820,8151,753,0
40.47322487831116,3873760,1643168,1655456,1643321,1020832,2014,753,0
40.71518087387085,3873757,1716960,1718424,1717113,867181,47,742,0
40.71518087387085,3873758,1510984,1512480,1511137,854432,24,740,0
40.71518087387085,3873759,1803628,1811640,1803781,1065901,9306,753,0
40.71518087387085,3873760,1706100,1718944,1706253,1034525,3995,753,0
40.957279920578,3873757,1753568,1754776,1753729,878445,47,742,0
40.957279920578,3873758,1529660,1531168,1529813,859040,24,741,0
40.957279920578,3873759,1841884,1849912,1842037,1074271,10502,753,0
40.957279920578,3873760,1771868,1785376,1772021,1048826,6038,753,0
41.20969104766846,3873757,1804712,1805976,1804913,888173,47,744,0
41.20969104766846,3873758,1567660,1569056,1567813,869280,24,742,0
41.20969104766846,3873759,1884888,1893432,1885105,1083652,11842,753,0
41.20969104766846,3873760,1829204,1838880,1829357,1061401,7835,753,0
41.48635387420654,3873757,1847768,1848984,1847921,898560,47,744,0
41.48635387420654,3873758,1608604,1610016,1608773,877806,24,742,0
41.48635387420654,3873759,1928396,1935672,1928677,1093211,13207,753,0
41.48635387420654,3873760,1893276,1905696,1893429,1075295,9820,753,0
41.74605703353882,3873757,1887920,1889176,1888073,909719,47,745,0
41.74605703353882,3873758,1646240,1647904,1646393,885664,24,743,0
41.74605703353882,3873759,1971132,1979576,1971285,1102457,14528,753,0
41.74605703353882,3873760,1967380,1981472,1967533,1091456,12128,753,0
42.01381993293762,3873757,1943392,1944856,1943545,923504,47,746,0
42.01381993293762,3873758,1727856,1729312,1728009,906085,24,745,0
42.01381993293762,3873759,2016776,2025528,2016929,1112427,15952,753,0
42.01381993293762,3873760,2044244,2058272,2044397,1108259,14529,753,0
42.287901878356934,3873757,1999008,2000408,1999161,937325,47,748,0
42.287901878356934,3873758,1763796,1765664,1764421,918432,24,746,0
42.287901878356934,3873759,2063388,2069816,2063541,1122577,17403,753,0
42.287901878356934,3873760,2113080,2118560,2113233,1123472,16702,753,0
42.60741090774536,3873757,2000496,1999640,2000649,946327,47,748,0
42.60741090774536,3873758,1763668,1764512,1763821,924064,24,746,0
42.60741090774536,3873759,2030856,2034872,2031009,1128848,18298,753,0
42.60741090774536,3873760,2041640,2045472,2041793,1129032,17496,753,0
42.88578796386719,3873757,1962252,1959192,1962405,957138,47,749,0
42.88578796386719,3873758,1736856,1735840,1737009,930208,24,746,0
42.88578796386719,3873759,1956144,1959352,1956297,1135092,19191,753,0
42.88578796386719,3873760,1986184,1988384,1986337,1135101,18363,753,0
43.16512894630432,3873757,1946556,1947544,1946709,968045,47,750,0
43.16512894630432,3873758,1734420,1733920,1734573,936882,24,747,0
43.16512894630432,3873759,1928408,1931960,1928561,1140970,20031,753,0
43.16512894630432,3873760,1977780,1982368,1977933,1142122,19366,753,0
43.43962502479553,3873757,1942856,1943064,1943009,978797,47,751,0
43.43962502479553,3873758,1720900,1720864,1721053,943520,24,748,0
43.43962502479553,3873759,1899960,1904696,1900113,1147027,20897,753,0
43.43962502479553,3873760,1956852,1960736,1957005,1149395,20405,753,0
43.71943497657776,3873757,1941120,1940120,1941273,990029,47,752,0
43.71943497657776,3873758,1709208,1709216,1709361,950228,24,748,0
43.71943497657776,3873759,1873632,1877560,1873785,1153327,21796,753,0
43.71943497657776,3873760,1934324,1938592,1934477,1156738,21454,753,0
44.00055503845215,3873757,1931500,1927960,1931653,1000924,47,752,0
44.00055503845215,3873758,1689568,1687968,1689721,956688,24,748,0
44.00055503845215,3873759,1819464,1823800,1819617,1159599,22692,753,0
44.00055503845215,3873760,1879440,1883936,1879593,1163332,22396,753,0
44.28528690338135,3873757,1890376,1890712,1890529,1005951,48,753,0
44.28528690338135,3873758,1680960,1682080,1681113,962976,24,749,0
44.28528690338135,3873759,1801756,1805240,1801909,1164780,23433,753,0
44.28528690338135,3873760,1873672,1877792,1873825,1168666,23158,753,0
44.46967697143555,3873757,1869560,1870872,1869713,1005951,48,753,0
44.46967697143555,3873758,1702520,1703456,1702673,971467,24,750,0
44.46967697143555,3873759,1815348,1818936,1815501,1169756,24143,753,0
44.46967697143555,3873760,1896984,1900832,1897137,1173811,23893,753,0
44.65870809555054,3873757,1850932,1852056,1851085,1005951,48,753,0
44.65870809555054,3873758,1718364,1719456,1718517,979872,24,750,0
44.65870809555054,3873759,1818820,1821752,1818973,1174661,24844,753,0
44.65870809555054,3873760,1907552,1911584,1907705,1178702,24592,753,0
44.84679889678955,3873757,1838760,1840280,1838913,1005951,48,753,0
44.84679889678955,3873758,1734936,1734944,1735089,988480,24,751,0
44.84679889678955,3873759,1827108,1828024,1827261,1179465,25530,753,0
44.84679889678955,3873760,1929660,1933984,1929813,1183667,25301,753,0
45.03557801246643,3873757,1822508,1823896,1822661,1005951,48,753,0
45.03557801246643,3873758,1751884,1753120,1752037,997113,24,752,0
45.03557801246643,3873759,1830632,1832888,1830785,1184435,26240,753,0
45.03557801246643,3873760,1953296,1957664,1953449,1188833,26039,753,0
45.22487807273865,3873757,1811856,1813528,1812009,1005951,48,753,0
45.22487807273865,3873758,1774488,1775904,1774641,1005472,24,752,0
45.22487807273865,3873759,1833968,1835704,1834121,1189174,26917,753,0
45.22487807273865,3873760,1976028,1980320,1976181,1193810,26750,753,0
45.41655993461609,3873757,1803724,1805080,1803877,1005951,48,753,0
45.41655993461609,3873758,1774576,1775776,1774729,1009074,26,753,0
45.41655993461609,3873759,1843252,1846456,1843405,1194243,27642,753,0
45.41655993461609,3873760,2015808,2024480,2015961,1202223,27952,753,0
45.55567693710327,3873757,1798944,1800216,1799097,1005951,48,753,0
45.55567693710327,3873758,1770688,1772064,1770841,1009074,26,753,0
45.55567693710327,3873759,1859688,1863608,1859841,1199642,28413,753,0
45.55567693710327,3873760,2058388,2067104,2058541,1211512,29279,753,0
45.69399094581604,3873757,1797276,1798424,1797429,1005951,48,753,0
45.69399094581604,3873758,1765716,1767328,1765869,1009074,26,753,0
45.69399094581604,3873759,1881784,1890104,1881953,1205344,29227,753,0
45.69399094581604,3873760,2094568,2100384,2094785,1219608,30436,753,0
45.83290100097656,3873757,1796296,1798168,1796833,1005951,48,753,0
45.83290100097656,3873758,1765716,1767328,1765869,1009074,26,753,0
45.83290100097656,3873759,1924172,1932728,1924389,1214564,30545,753,0
45.83290100097656,3873760,2120660,2126880,2121253,1225387,31261,753,0
45.97105693817139,3873757,1796680,1798168,1796833,1005951,48,753,0
45.97105693817139,3873758,1765716,1767328,1765869,1009074,26,753,0
45.97105693817139,3873759,1966652,1974712,1966805,1223824,31868,753,0
45.97105693817139,3873760,2145860,2151200,2146013,1230783,32032,753,0
46.10883593559265,3873757,1796680,1798168,1796833,1005951,48,753,0
46.10883593559265,3873758,1765536,1767328,1765869,1009074,26,753,0
46.10883593559265,3873759,2007836,2014648,2007989,1232843,33158,753,0
46.10883593559265,3873760,2172004,2177568,2172181,1236500,32852,753,0
46.24945092201233,3873757,1796648,1798168,1796838,1005951,48,753,0
46.24945092201233,3873758,1765716,1767328,1765874,1009074,26,753,0
46.24945092201233,3873759,2045756,2053304,2045914,1241091,34336,753,0
46.24945092201233,3873760,2197596,2204960,2197998,1242023,33641,753,0
46.39626407623291,3873757,1796680,1798168,1796833,1005951,48,753,0
46.39626407623291,3873758,1765628,1767328,1765869,1009074,26,753,0
46.39626407623291,3873759,2099836,2110904,2100033,1252394,35951,753,0
46.39626407623291,3873760,2256716,2268960,2256885,1254290,35393,753,0
46.63256907463074,3873757,1796504,1798168,1796833,1005951,48,753,0
46.63256907463074,3873758,1765712,1767328,1765869,1009074,26,753,0
46.63256907463074,3873759,2167332,2177848,2167597,1267138,38057,753,0
46.63256907463074,3873760,2325716,2338208,2325941,1269293,37536,753,0
46.87711501121521,3873757,1796680,1798168,1796833,1005951,48,753,0
46.87711501121521,3873758,1765716,1767328,1765869,1009074,26,753,0
46.87711501121521,3873759,2223768,2231736,2223921,1279857,39874,753,0
46.87711501121521,3873760,2378220,2386464,2378373,1281202,39238,753,0
47.02300310134888,3873757,1796680,1798168,1796833,1005951,48,753,0
47.02300310134888,3873758,1765716,1767328,1765869,1009074,26,753,0
47.02300310134888,3873759,2271036,2278840,2271189,1290161,41346,753,0
47.02300310134888,3873760,2425972,2434080,2426125,1291625,40727,753,0
47.17380690574646,3873757,1796680,1798168,1796833,1005951,48,753,0
47.17380690574646,3873758,1765716,1767328,1765869,1009074,26,753,0
47.17380690574646,3873759,2320356,2328120,2320509,1300920,42884,753,0
47.17380690574646,3873760,2475684,2483744,2475837,1302489,42278,753,0
47.32380294799805,3873757,1796204,1798168,1796833,1005951,48,753,0
47.32380294799805,3873758,1765636,1767328,1765869,1009074,26,753,0
47.32380294799805,3873759,2367476,2374712,2367637,1311294,44365,753,0
47.32380294799805,3873760,2509468,2515232,2510597,1310515,43425,753,0
47.47974491119385,3873757,1796680,1798168,1796833,1005951,48,753,0
47.47974491119385,3873758,1765492,1767328,1765869,1009074,26,753,0
47.47974491119385,3873759,2411824,2419000,2412017,1321015,45754,753,0
47.47974491119385,3873760,2537512,2541856,2537797,1316415,44304,753,0
47.63845491409302,3873757,1796552,1798168,1796833,1005951,48,753,0
47.63845491409302,3873758,1765652,1767328,1765869,1009074,26,753,0
47.63845491409302,3873759,2455364,2461880,2455517,1330409,47207,753,0
47.63845491409302,3873760,2562104,2567328,2562321,1321655,45125,753,0
47.79943799972534,3873757,1796680,1798168,1796833,1005951,48,753,0
47.79943799972534,3873758,1765716,1767328,1765869,1009074,26,753,0
47.79943799972534,3873759,2499752,2501432,2499973,1339979,48697,753,0
47.79943799972534,3873760,2588544,2593568,2588697,1327324,46036,753,0
47.963042974472046,3873757,1796680,1798168,1796833,1005951,48,753,0
47.963042974472046,3873758,1765716,1767328,1765869,1009074,26,753,0
47.963042974472046,3873759,2501628,2503480,2501937,1341101,49011,753,0
47.963042974472046,3873760,2607980,2610208,2608717,1332051,46808,753,0
48.12877607345581,3873757,1796680,1798680,1796833,1005951,48,753,0
48.12877607345581,3873758,1765604,1767328,1765869,1009074,26,753,0
48.12877607345581,3873759,2502936,2504504,2503097,1341215,49178,753,0
48.12877607345581,3873760,2609676,2611232,2609889,1332186,46985,753,0
48.385396003723145,3873757,1824436,1835160,1824589,1011932,946,753,0
48.385396003723145,3873758,1765716,1767328,1765869,1009074,26,753,0
48.385396003723145,3873759,2504808,2509240,2504961,1341348,49327,753,0
48.385396003723145,3873760,2611020,2614048,2611173,1332241,47210,753,0
48.65113306045532,3873757,1878272,1889048,1878425,1023683,2627,753,0
48.65113306045532,3873758,1765716,1767328,1765869,1009074,26,753,0
48.65113306045532,3873759,2536812,2538808,2536965,1347497,50973,753,0
48.65113306045532,3873760,2633252,2635808,2633405,1336264,48454,753,0
48.92232704162598,3873757,1911332,1913880,1911485,1035178,4269,753,0
48.92232704162598,3873758,1736052,1736480,1736205,1009074,26,753,0
48.92232704162598,3873759,2479392,2463928,2479545,1347971,51137,753,0
48.92232704162598,3873760,2671300,2655648,2671453,1345510,49940,753,0
49.18555307388306,3873757,1900360,1903512,1900512,1042681,5340,753,0
49.18555307388306,3873758,1704680,1707296,1704832,1010134,183,753,0
49.18555307388306,3873759,2440572,2441656,2440724,1347971,51138,753,0
49.18555307388306,3873760,2658120,2659488,2658272,1352325,50914,753,0
49.66100597381592,3873757,1896456,1903768,1896608,1046510,5887,753,0
49.66100597381592,3873758,1684324,1688736,1684476,1012696,553,753,0
49.66100597381592,3873759,2400672,2391736,2400824,1347971,51138,753,0
49.66100597381592,3873760,2622576,2615840,2622728,1359587,51960,753,0
49.95926094055176,3873757,1892012,1900056,1892164,1056523,7318,753,0
49.95926094055176,3873758,1642212,1645088,1642364,1017360,1221,753,0
49.95926094055176,3873759,2336544,2330680,2336696,1347971,51138,753,0
49.95926094055176,3873760,2590828,2584608,2590980,1369441,53413,753,0
50.2313449382782,3873757,1884028,1889048,1884180,1066666,8767,753,0
50.2313449382782,3873758,1615456,1620768,1615608,1022198,1913,753,0
50.2313449382782,3873759,2294812,2287928,2294964,1347971,51138,753,0
50.2313449382782,3873760,2583288,2582816,2583440,1380499,55011,753,0
50.51356887817383,3873757,1880488,1885464,1880640,1073154,9694,753,0
50.51356887817383,3873758,1619200,1623584,1619352,1027744,2715,753,0
50.51356887817383,3873759,2250112,2248632,2250264,1347971,51138,753,0
50.51356887817383,3873760,2567968,2563488,2568120,1387504,56093,753,0
50.798656940460205,3873757,1878692,1883288,1878844,1079674,10625,753,0
50.798656940460205,3873758,1618832,1624224,1618984,1033160,3506,753,0
50.798656940460205,3873759,2208324,2203960,2208476,1347971,51139,753,0
50.798656940460205,3873760,2513844,2504480,2513996,1387504,56093,753,0
51.043076038360596,3873757,1897936,1907352,1898088,1087812,11788,753,0
51.043076038360596,3873758,1639316,1646368,1639468,1039630,4431,753,0
51.043076038360596,3873759,2184752,2183352,2184904,1347971,51139,753,0
51.043076038360596,3873760,2479844,2475808,2479996,1387504,56093,753,0
51.18156599998474,3873757,1936240,1946264,1936392,1097412,13159,753,0
51.18156599998474,3873758,1663804,1670944,1663956,1045725,5301,753,0
51.18156599998474,3873759,2175892,2177464,2176044,1347971,51139,753,0
51.18156599998474,3873760,2472280,2473760,2472432,1387504,56093,753,0
51.32047891616821,3873757,1981868,1991704,1982020,1107355,14580,753,0
51.32047891616821,3873758,1691592,1698592,1691744,1051794,6168,753,0
51.32047891616821,3873759,2175892,2177464,2176044,1347971,51139,753,0
51.32047891616821,3873760,2472280,2473760,2472432,1387504,56093,753,0
51.46032691001892,3873757,2026900,2036632,2027052,1117173,15982,753,0
51.46032691001892,3873758,1719016,1725856,1719168,1057785,7024,753,0
51.46032691001892,3873759,2175892,2177464,2176044,1347971,51139,753,0
51.46032691001892,3873760,2472280,2473760,2472432,1387504,56093,753,0
51.59758687019348,3873757,2072348,2082200,2072500,1127087,17399,753,0
51.59758687019348,3873758,1746708,1753760,1746860,1063824,7887,753,0
51.59758687019348,3873759,2175892,2177464,2176044,1347971,51139,753,0
51.59758687019348,3873760,2472280,2473760,2472432,1387504,56093,753,0
51.736811876297,3873757,2118008,2127768,2118165,1137036,18820,753,0
51.736811876297,3873758,1780468,1790752,1780625,1071121,8930,753,0
51.736811876297,3873759,2175892,2177464,2176049,1347971,51139,753,0
51.736811876297,3873760,2472280,2473760,2472437,1387504,56093,753,0
51.87617802619934,3873757,2163936,2173592,2164088,1147035,20248,753,0
51.87617802619934,3873758,1825460,1835680,1825612,1080921,10330,753,0
51.87617802619934,3873759,2175892,2177464,2176044,1347971,51139,753,0
51.87617802619934,3873760,2472280,2473760,2472432,1387504,56093,753,0
52.01954007148743,3873757,2211208,2220696,2211360,1157353,21722,753,0
52.01954007148743,3873758,1871712,1882016,1871864,1091008,11770,753,0
52.01954007148743,3873759,2175892,2177464,2176044,1347971,51139,753,0
52.01954007148743,3873760,2472280,2473760,2472432,1387504,56093,753,0
52.16568899154663,3873757,2259516,2268952,2259668,1167896,23229,753,0
52.16568899154663,3873758,1919132,1928992,1919284,1101355,13249,753,0
52.16568899154663,3873759,2175892,2177464,2176044,1347971,51139,753,0
52.16568899154663,3873760,2472280,2473760,2472432,1387504,56093,753,0
52.31509590148926,3873757,2307176,2316312,2307328,1178302,24715,753,0
52.31509590148926,3873758,1967708,1979040,1967860,1111937,14761,753,0
52.31509590148926,3873759,2175892,2177464,2176044,1347971,51139,753,0
52.31509590148926,3873760,2472280,2473760,2472432,1387504,56093,753,0
52.467798948287964,3873757,2356612,2365592,2356764,1189091,26256,753,0
52.467798948287964,3873758,2018916,2028960,2019068,1123115,16357,753,0
52.467798948287964,3873759,2175892,2177464,2176044,1347971,51139,753,0
52.467798948287964,3873760,2472280,2473760,2472432,1387504,56093,753,0
52.6187789440155,3873757,2405692,2414744,2405844,1199787,27787,753,0
52.6187789440155,3873758,2070104,2080160,2070256,1134280,17953,753,0
52.6187789440155,3873759,2175892,2177464,2176044,1347971,51139,753,0
52.6187789440155,3873760,2472280,2473760,2472432,1387504,56093,753,0
52.772337913513184,3873757,2455704,2464664,2455856,1210706,29347,753,0
52.772337913513184,3873758,2121840,2131744,2121992,1145584,19567,753,0
52.772337913513184,3873759,2175892,2177464,2176044,1347971,51139,753,0
52.772337913513184,3873760,2472280,2473760,2472432,1387504,56093,753,0
52.928637981414795,3873757,2505712,2513560,2505864,1221613,30948,753,0
52.928637981414795,3873758,2174328,2184096,2174480,1157033,21203,753,0
52.928637981414795,3873759,2181916,2187704,2182068,1349219,51395,753,0
52.928637981414795,3873760,2472280,2473760,2472432,1387504,56093,753,0
53.08829307556152,3873757,2542036,2543896,2542188,1229973,32358,753,0
53.08829307556152,3873758,2227088,2236704,2227240,1168552,22848,753,0
53.08829307556152,3873759,2198992,2204472,2199144,1352886,51976,753,0
53.08829307556152,3873760,2472280,2473760,2472432,1387504,56093,753,0
53.25075006484985,3873757,2543704,2545304,2543856,1230126,32606,753,0
53.25075006484985,3873758,2280584,2290080,2280736,1180220,24515,753,0
53.25075006484985,3873759,2221620,2228536,2221772,1357726,52766,753,0
53.25075006484985,3873760,2472280,2473760,2472432,1387504,56093,753,0
53.41714310646057,3873757,2545048,2549272,2545200,1230205,32804,753,0
53.41714310646057,3873758,2334948,2344352,2335100,1192100,26213,753,0
53.41714310646057,3873759,2251748,2258488,2251900,1364271,53742,753,0
53.41714310646057,3873760,2472280,2473760,2472432,1387504,56093,753,0
53.58181190490723,3873757,2563712,2565400,2563864,1233722,33832,753,0
53.58181190490723,3873758,2388344,2397472,2388496,1203762,27878,753,0
53.58181190490723,3873759,2280252,2286520,2280404,1370445,54683,753,0
53.58181190490723,3873760,2472280,2473760,2472432,1387504,56093,753,0
53.74852705001831,3873757,2585980,2593816,2586132,1237688,34638,753,0
53.74852705001831,3873758,2442024,2451232,2442176,1215479,29552,753,0
53.74852705001831,3873759,2302616,2309048,2302768,1375152,55554,753,0
53.74852705001831,3873760,2472280,2473760,2472432,1387504,56093,753,0
53.91592502593994,3873757,2640272,2647960,2640424,1249554,36348,753,0
53.91592502593994,3873758,2495288,2498208,2495440,1227295,31240,753,0
53.91592502593994,3873759,2328044,2329400,2328196,1380742,56406,753,0
53.91592502593994,3873760,2472280,2471584,2472432,1387504,56093,753,0
54.12280607223511,3873757,2654116,2660120,2654268,1256144,37291,753,0
54.12280607223511,3873758,2513992,2520352,2514144,1233533,32131,753,0
54.12280607223511,3873759,2283896,2279736,2284048,1383978,56923,753,0
54.12280607223511,3873760,2401372,2395680,2401524,1387504,56093,753,0
54.372081995010376,3873757,2673952,2678424,2674104,1263807,38421,753,0
54.372081995010376,3873758,2535128,2541728,2535280,1240902,33187,753,0
54.372081995010376,3873759,2218448,2213816,2218600,1387266,57426,753,0
54.372081995010376,3873760,2322540,2312352,2322692,1387504,56093,753,0
54.631125926971436,3873757,2698232,2703384,2698384,1272084,39635,753,0
54.631125926971436,3873758,2553464,2556960,2553616,1248779,34312,753,0
54.631125926971436,3873759,2137636,2133560,2137788,1391288,58009,753,0
54.631125926971436,3873760,2237116,2226976,2237268,1390393,56564,753,0
54.89066410064697,3873757,2702144,2698392,2702296,1280728,41017,753,0
54.89066410064697,3873758,2532572,2535584,2532724,1254121,35161,753,0
54.89066410064697,3873759,2100152,2101688,2100304,1395515,58640,753,0
54.89066410064697,3873760,2176636,2175520,2176788,1394678,57239,753,0
55.1490159034729,3873757,2675780,2675864,2675932,1288227,42182,753,0
55.1490159034729,3873758,2501960,2502176,2502112,1258306,35855,753,0
55.1490159034729,3873759,2066052,2068792,2066204,1399662,59244,753,0
55.1490159034729,3873760,2103256,2104352,2103408,1398735,57856,753,0
55.41014003753662,3873757,2661596,2663704,2661748,1297119,43567,753,0
55.41014003753662,3873758,2461244,2459680,2461396,1261924,36467,753,0
55.41014003753662,3873759,2030088,2034104,2030240,1403830,59870,753,0
55.41014003753662,3873760,2038604,2039200,2038756,1402844,58507,753,0
55.686816930770874,3873757,2649172,2650648,2649324,1305315,44823,753,0
55.686816930770874,3873758,2408516,2406304,2408668,1262133,36704,753,0
55.686816930770874,3873759,2002600,2004664,2002752,1408362,60532,753,0
55.686816930770874,3873760,1970756,1972256,1970908,1406637,59195,753,0
55.96728491783142,3873757,2643320,2644760,2643472,1315084,46244,753,0
55.96728491783142,3873758,2354516,2352672,2354668,1262178,36795,753,0
55.96728491783142,3873759,1971308,1973816,1971460,1412640,61180,753,0
55.96728491783142,3873760,1901668,1904160,1901820,1411247,59898,753,0
56.25467610359192,3873757,2608276,2609432,2608428,1320684,47044,753,0
56.25467610359192,3873758,2293444,2294176,2293596,1262328,36977,753,0
56.25467610359192,3873759,1940084,1944504,1940236,1417447,61867,753,0
56.25467610359192,3873760,1879248,1880736,1879400,1417563,60847,753,0
56.586045026779175,3873757,2599388,2602392,2599540,1325514,47734,753,0
56.586045026779175,3873758,2217716,2223136,2217868,1266864,37885,753,0
56.586045026779175,3873759,1940364,1942712,1940516,1421094,62388,753,0
56.586045026779175,3873760,1876732,1879712,1876866,1421077,61348,753,0
56.993934869766235,3873757,2602672,2607256,2602806,1330904,48505,753,0
56.993934869766235,3873758,2262684,2270112,2262818,1277023,39337,753,0
56.993934869766235,3873759,1973324,1983160,1973458,1428236,63443,753,0
56.993934869766235,3873760,1945228,1961120,1945362,1436101,63515,753,0
57.24483799934387,3873757,2644992,2650776,2645126,1339731,49768,753,0
57.24483799934387,3873758,2291660,2293792,2291794,1284141,40456,753,0
57.24483799934387,3873759,2034692,2049464,2034826,1441436,65335,753,0
57.24483799934387,3873760,1996360,2005792,1996494,1447357,65131,753,0
57.47456192970276,3873757,2686572,2692556,2686801,1349051,51103,753,0
57.47456192970276,3873758,2328948,2336360,2329183,1291334,41583,753,0
57.47456192970276,3873759,2083548,2086000,2083777,1452497,67071,753,0
57.47456192970276,3873760,2040420,2051008,2040629,1456953,66508,753,0
57.69908404350281,3873757,2732108,2740684,2732341,1358211,52440,753,0
57.69908404350281,3873758,2376992,2387560,2377231,1301206,42997,753,0
57.69908404350281,3873759,2086840,2088944,2087073,1452968,67395,753,0
57.69908404350281,3873760,2086212,2096832,2086426,1466915,67934,753,0
57.91701006889343,3873757,2794268,2795724,2794497,1373329,54603,753,0
57.91701006889343,3873758,2445476,2452200,2445711,1316634,45226,753,0
57.91701006889343,3873759,2090272,2092528,2090501,1453538,67682,753,0
57.91701006889343,3873760,2131180,2141888,2131389,1476730,69338,753,0
58.0914990901947,3873757,2794268,2795724,2794497,1373697,54656,753,0
58.0914990901947,3873758,2490572,2497000,2490807,1326501,46642,753,0
58.0914990901947,3873759,2091112,2092912,2091341,1453684,67773,753,0
58.0914990901947,3873760,2178296,2187072,2178505,1487005,70806,753,0
58.237643003463745,3873757,2794268,2795724,2794497,1373697,54656,753,0
58.237643003463745,3873758,2534688,2541544,2534923,1336095,48116,753,0
58.237643003463745,3873759,2093352,2095472,2093581,1454054,67957,753,0
58.237643003463745,3873760,2203700,2205504,2203909,1492741,71817,753,0
58.38708996772766,3873757,2794268,2795724,2794497,1373697,54656,753,0
58.38708996772766,3873758,2572148,2578408,2572383,1344102,49410,753,0
58.38708996772766,3873759,2102536,2107504,2102765,1455833,68333,753,0
58.38708996772766,3873760,2205580,2207296,2205789,1493036,71991,753,0
58.53600597381592,3873757,2794268,2795724,2794497,1373697,54656,753,0
58.53600597381592,3873758,2620516,2627176,2620751,1354492,50960,753,0
58.53600597381592,3873759,2115128,2117488,2115357,1458430,68834,753,0
58.53600597381592,3873760,2207084,2208832,2207293,1493204,72191,753,0
58.686935901641846,3873757,2794268,2795724,2794497,1373697,54656,753,0
58.686935901641846,3873758,2658988,2663272,2659223,1363570,52303,753,0
58.686935901641846,3873759,2129728,2135280,2129957,1461075,69648,753,0
58.686935901641846,3873760,2210476,2212288,2210685,1493749,72495,753,0
58.83935308456421,3873757,2794268,2795724,2794497,1373697,54656,753,0
58.83935308456421,3873758,2705120,2711656,2705355,1372833,53728,753,0
58.83935308456421,3873759,2155824,2160368,2156053,1466667,70576,753,0
58.83935308456421,3873760,2215552,2217280,2215761,1494582,72826,753,0
58.99317288398743,3873757,2794268,2795724,2794497,1373697,54656,753,0
58.99317288398743,3873758,2755572,2761576,2755807,1383841,55313,753,0
58.99317288398743,3873759,2169032,2171248,2169261,1469707,71222,753,0
58.99317288398743,3873760,2230816,2236224,2231025,1497770,73486,753,0
59.148170948028564,3873757,2794268,2795724,2794497,1373697,54656,753,0
59.148170948028564,3873758,2759812,2761576,2760047,1386040,55627,753,0
59.148170948028564,3873759,2171216,2173424,2171445,1470102,71385,753,0
59.148170948028564,3873760,2263284,2266176,2263493,1504165,74758,753,0
59.30601096153259,3873757,2794268,2795724,2794497,1373697,54656,753,0
59.30601096153259,3873758,2759812,2761576,2760047,1386040,55627,753,0
59.30601096153259,3873759,2179808,2181744,2180037,1471588,72031,753,0
59.30601096153259,3873760,2274944,2277824,2275153,1506692,75429,753,0
59.46600604057312,3873757,2794268,2795724,2794497,1373697,54656,753,0
59.46600604057312,3873758,2759812,2761576,2760047,1386040,55627,753,0
59.46600604057312,3873759,2184976,2188784,2185205,1472272,72195,753,0
59.46600604057312,3873760,2295056,2301888,2295265,1510450,76277,753,0
59.62443208694458,3873757,2794268,2795724,2794497,1373697,54656,753,0
59.62443208694458,3873758,2759812,2761576,2760047,1386040,55627,753,0
59.62443208694458,3873759,2205848,2209520,2206077,1476690,73028,753,0
59.62443208694458,3873760,2321588,2325568,2321797,1516278,77518,753,0
59.787935972213745,3873757,2794268,2795724,2794497,1373697,54656,753,0
59.787935972213745,3873758,2759812,2761576,2760047,1386040,55627,753,0
59.787935972213745,3873759,2222008,2226672,2222237,1479977,73716,753,0
59.787935972213745,3873760,2346424,2353600,2346633,1520972,78574,753,0
59.95293092727661,3873757,2794268,2795724,2794497,1373697,54656,753,0
59.95293092727661,3873758,2759812,2761576,2760047,1386040,55627,753,0
59.95293092727661,3873759,2245800,2250096,2246029,1485031,74565,753,0
59.95293092727661,3873760,2381972,2384448,2382181,1528476,79927,753,0
60.12706899642944,3873757,2792620,2792268,2792849,1373697,54656,753,0
60.12706899642944,3873758,2752208,2751720,2752443,1386040,55627,753,0
60.12706899642944,3873759,2254368,2256624,2254597,1487328,75051,753,0
60.12706899642944,3873760,2367568,2370752,2367777,1532287,80654,753,0
60.33534598350525,3873757,2742156,2741452,2742385,1373697,54656,753,0
60.33534598350525,3873758,2717732,2717544,2717967,1386040,55627,753,0
60.33534598350525,3873759,2266104,2269168,2266333,1489635,75529,753,0
60.33534598350525,3873760,2321628,2324544,2321837,1536323,81431,753,0
60.51324510574341,3873757,2699364,2699340,2699593,1373697,54656,753,0
60.51324510574341,3873758,2680468,2680552,2680703,1386040,55627,753,0
60.51324510574341,3873759,2278292,2280944,2278521,1492142,76052,753,0
60.51324510574341,3873760,2289956,2291392,2290165,1538150,81846,753,0
60.68870687484741,3873757,2629676,2628300,2629905,1373697,54656,753,0
60.68870687484741,3873758,2632708,2632936,2632943,1386040,55627,753,0
60.68870687484741,3873759,2288468,2291568,2288697,1494322,76488,753,0
60.68870687484741,3873760,2290320,2291776,2290529,1538169,81928,753,0
60.867435932159424,3873757,2545328,2546124,2545557,1373697,54656,753,0
60.867435932159424,3873758,2580360,2580072,2580595,1386040,55627,753,0
60.867435932159424,3873759,2302444,2305392,2302673,1497201,76991,753,0
60.867435932159424,3873760,2291780,2293184,2291989,1538335,82051,753,0
61.04241991043091,3873757,2501536,2503244,2501765,1373697,54656,753,0
61.04241991043091,3873758,2541244,2542952,2541479,1386040,55627,753,0
61.04241991043091,3873759,2314100,2310768,2314329,1500952,77691,753,0
61.04241991043091,3873760,2291532,2293184,2291741,1538528,82146,753,0
61.29027009010315,3873757,2499196,2485196,2499425,1373697,54656,753,0
61.29027009010315,3873758,2541072,2542952,2541307,1386040,55627,753,0
61.29027009010315,3873759,2280828,2277488,2281057,1503389,78094,753,0
61.29027009010315,3873760,2295728,2298048,2295937,1539195,82381,753,0
61.46854090690613,3873757,2410060,2402508,2410289,1373697,54656,753,0
61.46854090690613,3873758,2541012,2542824,2541247,1386040,55627,753,0
61.46854090690613,3873759,2269404,2270960,2269633,1505862,78475,753,0
61.46854090690613,3873760,2297760,2299328,2297969,1539769,82521,753,0
61.64847493171692,3873757,2398200,2399948,2398429,1373697,54656,753,0
61.64847493171692,3873758,2531892,2533736,2532127,1386040,55627,753,0
61.64847493171692,3873759,2213180,2210800,2213409,1507210,78682,753,0
61.64847493171692,3873760,2289144,2286528,2289353,1539776,82564,753,0
61.828064918518066,3873757,2398160,2399820,2398389,1373697,54656,753,0
61.828064918518066,3873758,2531816,2533608,2532051,1386040,55627,753,0
61.828064918518066,3873759,2170348,2171120,2170577,1509555,79051,753,0
61.828064918518066,3873760,2249816,2251456,2250025,1539787,82587,753,0
61.98468995094299,3873757,2385544,2394316,2385773,1374541,54785,753,0
61.98468995094299,3873758,2527976,2529768,2528211,1386040,55627,753,0
61.98468995094299,3873759,2188216,2193264,2188445,1513779,79713,753,0
61.98468995094299,3873760,2249816,2251456,2250025,1539787,82587,753,0
62.12523698806763,3873757,2417196,2429132,2417425,1381394,55800,753,0
62.12523698806763,3873758,2527976,2529768,2528211,1386040,55627,753,0
62.12523698806763,3873759,2194556,2196464,2194785,1515634,80062,753,0
62.12523698806763,3873760,2249816,2251456,2250025,1539787,82587,753,0
62.26729607582092,3873757,2463452,2475212,2463681,1391479,57242,753,0
62.26729607582092,3873758,2527976,2529768,2528211,1386040,55627,753,0
62.26729607582092,3873759,2195960,2197744,2196189,1515870,80206,753,0
62.26729607582092,3873760,2249816,2251456,2250025,1539787,82587,753,0
62.40717887878418,3873757,2499564,2511052,2499793,1399308,58403,753,0
62.40717887878418,3873758,2527976,2529768,2528215,1386040,55627,753,0
62.40717887878418,3873759,2196932,2198768,2197165,1515961,80341,753,0
62.40717887878418,3873760,2249816,2251456,2250030,1539787,82587,753,0
62.546314001083374,3873757,2519444,2521164,2519673,1403774,59061,753,0
62.546314001083374,3873758,2527976,2529768,2528211,1386040,55627,753,0
62.546314001083374,3873759,2197616,2199408,2197845,1516027,80477,753,0
62.546314001083374,3873760,2249816,2251456,2250025,1539787,82587,753,0
62.69174909591675,3873757,2519832,2521676,2520061,1403809,59121,753,0
62.69174909591675,3873758,2527976,2529768,2528211,1386040,55627,753,0
62.69174909591675,3873759,2198216,2199920,2198445,1516053,80589,753,0
62.69174909591675,3873760,2249816,2251456,2250025,1539787,82587,753,0
62.84126305580139,3873757,2520188,2521932,2520417,1403839,59182,753,0
62.84126305580139,3873758,2527976,2529768,2528211,1386040,55627,753,0
62.84126305580139,3873759,2217628,2221680,2217857,1519298,81422,753,0
62.84126305580139,3873760,2249816,2251456,2250025,1539787,82587,753,0
62.990586042404175,3873757,2520324,2522060,2520553,1403848,59207,753,0
62.990586042404175,3873758,2527976,2529768,2528211,1386040,55627,753,0
62.990586042404175,3873759,2230636,2232688,2230865,1522287,82308,753,0
62.990586042404175,3873760,2249816,2251456,2250025,1539787,82587,753,0
63.14331293106079,3873757,2520608,2522316,2520837,1403872,59254,753,0
63.14331293106079,3873758,2528020,2529768,2528255,1386041,55637,753,0
63.14331293106079,3873759,2232612,2234352,2232841,1522761,82499,753,0
63.14331293106079,3873760,2249816,2251456,2250025,1539787,82587,753,0
63.295438051223755,3873757,2520888,2522572,2521117,1403894,59302,753,0
63.295438051223755,3873758,2528364,2530152,2528599,1386063,55700,753,0
63.295438051223755,3873759,2232612,2234352,2232841,1522761,82499,753,0
63.295438051223755,3873760,2249816,2251456,2250025,1539787,82587,753,0
63.44999599456787,3873757,2520996,2522700,2521225,1403896,59327,753,0
63.44999599456787,3873758,2528648,2530408,2528883,1386077,55755,753,0
63.44999599456787,3873759,2232612,2234352,2232841,1522761,82499,753,0
63.44999599456787,3873760,2249816,2251456,2250025,1539787,82587,753,0
63.60685706138611,3873757,2520996,2522700,2521225,1403896,59327,753,0
63.60685706138611,3873758,2529064,2530920,2529299,1386110,55829,753,0
63.60685706138611,3873759,2232612,2234352,2232841,1522761,82499,753,0
63.60685706138611,3873760,2249816,2251456,2250025,1539787,82587,753,0
63.76319599151611,3873757,2520996,2522700,2521225,1403896,59327,753,0
63.76319599151611,3873758,2529620,2531432,2529855,1386148,55926,753,0
63.76319599151611,3873759,2232612,2234352,2232841,1522761,82499,753,0
63.76319599151611,3873760,2249816,2251456,2250025,1539787,82587,753,0
63.92163300514221,3873757,2521220,2522956,2521449,1403908,59371,753,0
63.92163300514221,3873758,2530108,2531816,2530343,1386183,56017,753,0
63.92163300514221,3873759,2232612,2234352,2232841,1522761,82499,753,0
63.92163300514221,3873760,2249816,2251456,2250025,1539787,82587,753,0
64.08150100708008,3873757,2521684,2523468,2521913,1403934,59461,753,0
64.08150100708008,3873758,2530400,2532072,2530635,1386208,56065,753,0
64.08150100708008,3873759,2232612,2234352,2232841,1522761,82499,753,0
64.08150100708008,3873760,2249816,2251456,2250025,1539787,82587,753,0
64.24300909042358,3873757,2522000,2523724,2522229,1403937,59536,753,0
64.24300909042358,3873758,2530400,2532072,2530635,1386208,56065,753,0
64.24300909042358,3873759,2232612,2234352,2232841,1522761,82499,753,0
64.24300909042358,3873760,2249816,2251456,2250025,1539787,82587,753,0
64.40603590011597,3873757,2522088,2523852,2522317,1403937,59559,753,0
64.40603590011597,3873758,2530400,2532072,2530635,1386208,56065,753,0
64.40603590011597,3873759,2232612,2234352,2232841,1522761,82499,753,0
64.40603590011597,3873760,2249816,2251456,2250025,1539787,82587,753,0
64.57123804092407,3873757,2522188,2523852,2522417,1403940,59581,753,0
64.57123804092407,3873758,2530400,2532072,2530635,1386208,56065,753,0
64.57123804092407,3873759,2232612,2234352,2232841,1522761,82499,753,0
64.57123804092407,3873760,2249816,2251456,2250025,1539787,82587,753,0
64.7369658946991,3873757,2522376,2524108,2522605,1403957,59608,753,0
64.7369658946991,3873758,2530400,2532072,2530635,1386208,56065,753,0
64.7369658946991,3873759,2232612,2234352,2232841,1522761,82499,753,0
64.7369658946991,3873760,2249816,2251456,2250025,1539787,82587,753,0
64.9046950340271,3873757,2522560,2524236,2522789,1403963,59649,753,0
64.9046950340271,3873758,2530400,2532072,2530635,1386208,56065,753,0
64.9046950340271,3873759,2232308,2234096,2232537,1522761,82499,753,0
64.9046950340271,3873760,2243488,2244672,2243697,1539787,82587,753,0
65.07803201675415,3873757,2502096,2502604,2502325,1403964,59665,753,0
65.07803201675415,3873758,2513528,2512872,2513763,1386219,56105,753,0
65.07803201675415,3873759,2209236,2210928,2209465,1522761,82499,753,0
65.07803201675415,3873760,2209848,2211264,2210057,1539787,82587,753,0
65.22877502441406,3873757,2487220,2487756,2487449,1403964,59672,753,0
65.22877502441406,3873758,2502748,2503528,2502983,1386259,56153,753,0
65.22877502441406,3873759,2202040,2203888,2202269,1522761,82499,753,0
65.22877502441406,3873760,2197480,2199104,2197689,1539787,82587,753,0
65.37098407745361,3873757,2483896,2485452,2484125,1403969,59694,753,0
65.37098407745361,3873758,2501048,2502632,2501283,1386266,56165,753,0
65.37098407745361,3873759,2202040,2203888,2202269,1522761,82499,753,0
65.37098407745361,3873760,2197480,2199104,2197694,1539787,82587,753,0
65.51085209846497,3873757,2484088,2485708,2484317,1403979,59726,753,0
65.51085209846497,3873758,2501184,2502760,2501419,1386276,56189,753,0
65.51085209846497,3873759,2202040,2203888,2202269,1522761,82499,753,0
65.51085209846497,3873760,2197480,2199104,2197689,1539787,82587,753,0
65.65524196624756,3873757,2484316,2485836,2484545,1404001,59775,753,0
65.65524196624756,3873758,2501640,2503272,2501875,1386320,56257,753,0
65.65524196624756,3873759,2202040,2203888,2202269,1522761,82499,753,0
65.65524196624756,3873760,2197480,2199104,2197689,1539787,82587,753,0
65.80613899230957,3873757,2484316,2485836,2484545,1404001,59775,753,0
65.80613899230957,3873758,2501960,2503528,2502195,1386347,56312,753,0
65.80613899230957,3873759,2202040,2203888,2202269,1522761,82499,753,0
65.80613899230957,3873760,2197480,2199104,2197689,1539787,82587,753,0
65.98117995262146,3873757,2484316,2485836,2484545,1404001,59775,753,0
65.98117995262146,3873758,2502208,2503784,2502443,1386357,56364,753,0
65.98117995262146,3873759,2202040,2203888,2202269,1522761,82499,753,0
65.98117995262146,3873760,2197540,2199104,2197749,1539788,82601,753,0
66.14896392822266,3873757,2484316,2485836,2484545,1404001,59775,753,0
66.14896392822266,3873758,2502480,2504168,2502715,1386371,56413,753,0
66.14896392822266,3873759,2202040,2203888,2202269,1522761,82499,753,0
66.14896392822266,3873760,2197604,2199104,2197813,1539790,82615,753,0
66.30113196372986,3873757,2484316,2485836,2484545,1404001,59775,753,0
66.30113196372986,3873758,2502944,2504552,2503179,1386382,56503,753,0
66.30113196372986,3873759,2202040,2203888,2202269,1522761,82499,753,0
66.30113196372986,3873760,2197616,2199104,2197825,1539790,82618,753,0
66.4552710056305,3873757,2484316,2485836,2484545,1404001,59775,753,0
66.4552710056305,3873758,2503056,2504680,2503291,1386386,56547,753,0
66.4552710056305,3873759,2202040,2203888,2202269,1522761,82499,753,0
66.4552710056305,3873760,2197616,2199104,2197825,1539790,82618,753,0
66.6116189956665,3873757,2484316,2485836,2484545,1404001,59775,753,0
66.6116189956665,3873758,2503104,2504680,2503339,1386386,56548,753,0
66.6116189956665,3873759,2202040,2203888,2202269,1522761,82499,753,0
66.6116189956665,3873760,2197616,2199104,2197825,1539790,82618,753,0
66.77029299736023,3873757,2484316,2485836,2484545,1404001,59775,753,0
66.77029299736023,3873758,2503168,2504808,2503403,1386395,56566,753,0
66.77029299736023,3873759,2202040,2203888,2202269,1522761,82499,753,0
66.77029299736023,3873760,2197636,2199104,2197845,1539790,82623,753,0
66.93829894065857,3873757,2484316,2485836,2484545,1404001,59775,753,0
66.93829894065857,3873758,2503168,2504808,2503403,1386395,56566,753,0
66.93829894065857,3873759,2202040,2203888,2202269,1522761,82499,753,0
66.93829894065857,3873760,2197636,2199104,2197845,1539790,82623,753,0
67.10235595703125,3873757,2484316,2485836,2484545,1404001,59775,753,0
67.10235595703125,3873758,2503172,2504808,2503407,1386395,56567,753,0
67.10235595703125,3873759,2202040,2203888,2202269,1522761,82499,753,0
67.10235595703125,3873760,2197636,2199104,2197845,1539790,82623,753,0
67.26718306541443,3873757,2484316,2485836,2484545,1404001,59775,753,0
67.26718306541443,3873758,2503236,2504808,2503471,1386396,56582,753,0
67.26718306541443,3873759,2202056,2203888,2202285,1522761,82503,753,0
67.26718306541443,3873760,2197636,2199104,2197845,1539790,82623,753,0
67.43386387825012,3873757,2484316,2485836,2484545,1404001,59775,753,0
67.43386387825012,3873758,2503240,2504808,2503475,1386396,56583,753,0
67.43386387825012,3873759,2202204,2204016,2202433,1522771,82530,753,0
67.43386387825012,3873760,2197636,2199104,2197845,1539790,82623,753,0
67.6023919582367,3873757,2484316,2485836,2484545,1404001,59775,753,0
67.6023919582367,3873758,2503240,2504808,2503475,1386396,56583,753,0
67.6023919582367,3873759,2202512,2204272,2202741,1522796,82582,753,0
67.6023919582367,3873760,2192808,2194112,2193017,1539790,82623,753,0
67.77441096305847,3873757,2471624,2472140,2471853,1404001,59775,753,0
67.77441096305847,3873758,2490480,2489704,2490715,1386396,56583,753,0
67.77441096305847,3873759,2181400,2183408,2181629,1523140,82732,753,0
67.77441096305847,3873760,2156148,2153536,2156357,1539790,82623,753,0
67.91699600219727,3873757,2458036,2459724,2458265,1404001,59775,753,0
67.91699600219727,3873758,2483456,2485096,2483691,1386396,56583,753,0
67.91699600219727,3873759,2169872,2171632,2170101,1523553,82835,753,0
67.91699600219727,3873760,2152232,2153664,2152441,1539790,82623,753,0
68.05774402618408,3873757,2458036,2459724,2458265,1404001,59775,753,0
68.05774402618408,3873758,2483456,2485096,2483691,1386396,56583,753,0
68.05774402618408,3873759,2170192,2171888,2170421,1523622,82860,753,0
68.05774402618408,3873760,2152376,2153792,2152585,1539798,82651,753,0
68.19677090644836,3873757,2458036,2459724,2458265,1404001,59775,753,0
68.19677090644836,3873758,2483456,2485096,2483691,1386396,56583,753,0
68.19677090644836,3873759,2170296,2172016,2170525,1523629,82879,753,0
68.19677090644836,3873760,2152484,2153792,2152693,1539806,82670,753,0
68.3350019454956,3873757,2458036,2459724,2458265,1404001,59775,753,0
68.3350019454956,3873758,2483456,2485096,2483695,1386396,56583,753,0
68.3350019454956,3873759,2170460,2172272,2170693,1523635,82914,753,0
68.3350019454956,3873760,2152540,2153920,2152754,1539810,82676,753,0
68.47209787368774,3873757,2458036,2459724,2458265,1404001,59775,753,0
68.47209787368774,3873758,2483456,2485096,2483691,1386396,56583,753,0
68.47209787368774,3873759,2170596,2172272,2170825,1523642,82941,753,0
68.47209787368774,3873760,2152564,2153920,2152773,1539816,82680,753,0
68.6147849559784,3873757,2458036,2459724,2458265,1404001,59775,753,0
68.6147849559784,3873758,2483456,2485096,2483691,1386396,56583,753,0
68.6147849559784,3873759,2170596,2172272,2170825,1523642,82941,753,0
68.6147849559784,3873760,2152564,2153920,2152773,1539816,82680,753,0
68.75989103317261,3873757,2458036,2459724,2458265,1404001,59775,753,0
68.75989103317261,3873758,2483456,2485096,2483691,1386396,56583,753,0
68.75989103317261,3873759,2170596,2172272,2170825,1523642,82941,753,0
68.75989103317261,3873760,2152564,2153920,2152773,1539816,82680,753,0
68.9085259437561,3873757,2458036,2459724,2458265,1404001,59775,753,0
68.9085259437561,3873758,2483456,2485096,2483691,1386396,56583,753,0
68.9085259437561,3873759,2170596,2172272,2170825,1523642,82941,753,0
68.9085259437561,3873760,2152564,2153920,2152773,1539816,82680,753,0
69.05930709838867,3873757,2458036,2459724,2458265,1404001,59775,753,0
69.05930709838867,3873758,2483456,2485096,2483691,1386396,56583,753,0
69.05930709838867,3873759,2170596,2172272,2170825,1523642,82941,753,0
69.05930709838867,3873760,2152616,2153920,2152825,1539817,82687,753,0
69.21245408058167,3873757,2458036,2459724,2458265,1404001,59775,753,0
69.21245408058167,3873758,2483456,2485096,2483691,1386396,56583,753,0
69.21245408058167,3873759,2170596,2172272,2170825,1523642,82941,753,0
69.21245408058167,3873760,2152636,2154048,2152845,1539820,82694,753,0
69.3679690361023,3873757,2458036,2459724,2458265,1404001,59775,753,0
69.3679690361023,3873758,2483456,2485096,2483691,1386396,56583,753,0
69.3679690361023,3873759,2170596,2172272,2170825,1523642,82941,753,0
69.3679690361023,3873760,2152636,2154048,2152845,1539820,82694,753,0
69.52547001838684,3873757,2458036,2459724,2458265,1404001,59775,753,0
69.52547001838684,3873758,2483456,2485096,2483691,1386396,56583,753,0
69.52547001838684,3873759,2170596,2172272,2170825,1523642,82941,753,0
69.52547001838684,3873760,2152636,2154048,2152845,1539820,82694,753,0
69.6837830543518,3873757,2458036,2459724,2458265,1404001,59775,753,0
69.6837830543518,3873758,2483456,2485096,2483691,1386396,56583,753,0
69.6837830543518,3873759,2170596,2172272,2170825,1523642,82941,753,0
69.6837830543518,3873760,2152636,2154048,2152845,1539820,82694,753,0
69.84249687194824,3873757,2458036,2459724,2458265,1404001,59775,753,0
69.84249687194824,3873758,2483456,2485096,2483691,1386396,56583,753,0
69.84249687194824,3873759,2170656,2172400,2170885,1523649,82949,753,0
69.84249687194824,3873760,2152636,2154048,2152845,1539820,82694,753,0
70.00508403778076,3873757,2458036,2459724,2458265,1404001,59775,753,0
70.00508403778076,3873758,2483456,2485096,2483691,1386396,56583,753,0
70.00508403778076,3873759,2170716,2172528,2170945,1523651,82957,753,0
70.00508403778076,3873760,2152636,2154048,2152845,1539820,82694,753,0
70.1714220046997,3873757,2458036,2459724,2458265,1404001,59775,753,0
70.1714220046997,3873758,2483456,2485096,2483691,1386396,56583,753,0
70.1714220046997,3873759,2170808,2172528,2171037,1523656,82980,753,0
70.1714220046997,3873760,2152636,2154048,2152845,1539820,82694,753,0
70.33790588378906,3873757,2458036,2459724,2458265,1404001,59775,753,0
70.33790588378906,3873758,2483456,2485096,2483691,1386396,56583,753,0
70.33790588378906,3873759,2170812,2172528,2171041,1523656,82981,753,0
70.33790588378906,3873760,2152636,2154048,2152845,1539820,82694,753,0
70.50597596168518,3873757,2458056,2459724,2458285,1404002,59779,753,0
70.50597596168518,3873758,2483456,2485096,2483691,1386396,56583,753,0
70.50597596168518,3873759,2170812,2172528,2171041,1523656,82981,753,0
70.50597596168518,3873760,2152636,2154048,2152845,1539820,82694,753,0
70.67661595344543,3873757,2458056,2459724,2458285,1404002,59779,753,0
70.67661595344543,3873758,2483456,2485096,2483691,1386396,56583,753,0
70.67661595344543,3873759,2170812,2172528,2171041,1523656,82981,753,0
70.67661595344543,3873760,2152636,2154048,2152845,1539820,82694,753,0
70.85061287879944,3873757,2453264,2454604,2453493,1404002,59779,753,0
70.85061287879944,3873758,2474096,2475752,2474331,1386396,56583,753,0
70.85061287879944,3873759,2170800,2172528,2171029,1523656,82981,753,0
70.85061287879944,3873760,2152636,2154048,2152845,1539820,82694,753,0
71.04861402511597,3873757,2432500,2433740,2432729,1404002,59779,753,0
71.04861402511597,3873758,2460220,2461800,2460455,1386396,56583,753,0
71.04861402511597,3873759,2170796,2172528,2171025,1523656,82981,753,0
71.04861402511597,3873760,2152636,2154048,2152845,1539820,82694,753,0
71.30377006530762,3873757,2393636,2395084,2393865,1404002,59779,753,0
71.30377006530762,3873758,2434560,2435944,2434795,1386396,56583,753,0
71.30377006530762,3873759,2170796,2172528,2171025,1523656,82981,753,0
71.30377006530762,3873760,2152636,2154048,2152845,1539820,82694,753,0
71.44471287727356,3873757,2358976,2360140,2359205,1404002,59779,753,0
71.44471287727356,3873758,2413212,2414440,2413447,1386396,56583,753,0
71.44471287727356,3873759,2170796,2172528,2171025,1523656,82981,753,0
71.44471287727356,3873760,2154596,2159316,2154821,1539820,82696,753,0
71.58792996406555,3873757,2350556,2352204,2350779,1404002,59779,753,0
71.58792996406555,3873758,2412780,2414312,2413009,1386396,56583,753,0
71.58792996406555,3873759,2170796,2172528,2171019,1523656,82981,753,0
71.58792996406555,3873760,2170528,2172096,2170753,1540293,83355,753,0
71.7554669380188,3873757,2350508,2352204,2350779,1404002,59779,753,0
71.7554669380188,3873758,2412028,2414312,2413014,1386396,56583,753,0
71.7554669380188,3873759,2170796,2172528,2171045,1523656,82981,753,0
71.7554669380188,3873760,0,0,0,1540433,83562,0,0
71.8724570274353,3873757,2350512,2352204,2350800,1404002,59779,753,0
71.8724570274353,3873758,2412792,2414312,2413042,1386396,56586,753,0
71.8724570274353,3873759,2170796,2172528,2171040,1523656,82981,753,0
71.8724570274353,3873760,0,0,0,1540433,83562,0,0
72.04440498352051,3873757,2350556,2352204,2350800,1404002,59779,753,0
72.04440498352051,3873758,2412792,2414312,2413042,1386396,56586,753,0
72.04440498352051,3873759,2170796,2172528,2171040,1523656,82981,753,0
72.04440498352051,3873760,0,0,0,1540433,83562,0,0
72.21864008903503,3873757,2350556,2352204,2350800,1404002,59779,753,0
72.21864008903503,3873758,2412792,2414312,2413042,1386396,56586,753,0
72.21864008903503,3873759,2170796,2172528,2171040,1523656,82981,753,0
72.21864008903503,3873760,0,0,0,1540433,83562,0,0
72.39784288406372,3873757,2350552,2352204,2350800,1404002,59779,753,0
72.39784288406372,3873758,2412644,2414312,2413042,1386396,56586,753,0
72.39784288406372,3873759,2170728,2172528,2171040,1523656,82981,753,0
72.39784288406372,3873760,0,0,0,1540433,83562,0,0
72.57937598228455,3873757,2350556,2352204,2350847,1404002,59779,753,0
72.57937598228455,3873758,2412788,2414312,2413095,1386397,56586,753,0
72.57937598228455,3873759,2170796,2172528,2171087,1523656,82981,753,0
72.57937598228455,3873760,0,0,0,1540433,83562,0,0
72.72280406951904,3873757,2350556,2352204,2350847,1404002,59779,753,0
72.72280406951904,3873758,2412788,2414312,2413095,1386397,56586,753,0
72.72280406951904,3873759,2170708,2172528,2171087,1523656,82981,753,0
72.72280406951904,3873760,0,0,0,1540433,83562,0,0
72.852854013443,3873757,2350508,2352204,2350847,1404002,59779,753,0
72.852854013443,3873758,2412468,2414312,2413095,1386397,56586,753,0
72.852854013443,3873759,2170796,2172528,2171087,1523656,82981,753,0
72.852854013443,3873760,0,0,0,1540433,83562,0,0
72.98800301551819,3873757,2350556,2352204,2350847,1404002,59779,753,0
72.98800301551819,3873758,2412784,2414312,2413095,1386397,56586,753,0
72.98800301551819,3873759,2170764,2172528,2171087,1523656,82981,753,0
72.98800301551819,3873760,0,0,0,1540433,83562,0,0
73.12251996994019,3873757,2350556,2352204,2350847,1404002,59779,753,0
73.12251996994019,3873758,2412804,2414312,2413095,1386397,56586,753,0
73.12251996994019,3873759,2170796,2172528,2171087,1523656,82981,753,0
73.12251996994019,3873760,0,0,0,1540433,83562,0,0
73.26030397415161,3873757,2350556,2352204,2350847,1404002,59779,753,0
73.26030397415161,3873758,2412752,2414312,2413095,1386397,56586,753,0
73.26030397415161,3873759,2180028,2185568,2180389,1523656,82981,753,0
73.26030397415161,3873760,0,0,0,1540433,83562,0,0
73.39733791351318,3873757,2350520,2352204,2350847,1404002,59779,753,0
73.39733791351318,3873758,2412760,2414312,2413130,1386397,56586,753,0
73.39733791351318,3873759,0,0,0,1524440,83679,0,0
73.39733791351318,3873760,0,0,0,1540433,83562,0,0
73.50524497032166,3873757,2350392,2352204,2350888,1404002,59779,753,0
73.50524497032166,3873758,2412696,2414312,2413130,1386400,56586,753,0
73.50524497032166,3873759,0,0,0,1524440,83679,0,0
73.50524497032166,3873760,0,0,0,1540433,83562,0,0
73.61543393135071,3873757,2350504,2352204,2350888,1404002,59779,753,0
73.61543393135071,3873758,2412736,2414312,2413130,1386400,56586,753,0
73.61543393135071,3873759,0,0,0,1524440,83679,0,0
73.61543393135071,3873760,0,0,0,1540433,83562,0,0
73.72819709777832,3873757,2350520,2352204,2350888,1404002,59779,753,0
73.72819709777832,3873758,2412728,2414312,2413130,1386400,56586,753,0
73.72819709777832,3873759,0,0,0,1524440,83679,0,0
73.72819709777832,3873760,0,0,0,1540433,83562,0,0
73.84327292442322,3873757,2350348,2352204,2350888,1404002,59779,753,0
73.84327292442322,3873758,2412704,2414312,2413130,1386400,56586,753,0
73.84327292442322,3873759,0,0,0,1524440,83679,0,0
73.84327292442322,3873760,0,0,0,1540433,83562,0,0
73.96121096611023,3873757,2350468,2352204,2350888,1404002,59779,753,0
73.96121096611023,3873758,2412744,2414312,2413130,1386400,56586,753,0
73.96121096611023,3873759,0,0,0,1524440,83679,0,0
73.96121096611023,3873760,0,0,0,1540433,83562,0,0
74.08211493492126,3873757,2350556,2352204,2350888,1404002,59779,753,0
74.08211493492126,3873758,2412792,2414312,2413130,1386400,56586,753,0
74.08211493492126,3873759,0,0,0,1524440,83679,0,0
74.08211493492126,3873760,0,0,0,1540433,83562,0,0
74.2013590335846,3873757,2350556,2352204,2350888,1404002,59779,753,0
74.2013590335846,3873758,2412792,2414312,2413130,1386400,56586,753,0
74.2013590335846,3873759,0,0,0,1524440,83679,0,0
74.2013590335846,3873760,0,0,0,1540433,83562,0,0
74.32193899154663,3873757,2350556,2352204,2350888,1404002,59779,753,0
74.32193899154663,3873758,2412792,2414312,2413130,1386400,56586,753,0
74.32193899154663,3873759,0,0,0,1524440,83679,0,0
74.32193899154663,3873760,0,0,0,1540433,83562,0,0
74.44322395324707,3873757,2350556,2352204,2350977,1404002,59779,753,0
74.44322395324707,3873758,2412804,2414312,2413225,1386400,56586,753,0
74.44322395324707,3873759,0,0,0,1524440,83679,0,0
74.44322395324707,3873760,0,0,0,1540433,83562,0,0
74.56542801856995,3873757,2350556,2352204,2350977,1404002,59779,753,0
74.56542801856995,3873758,2412804,2414312,2413225,1386400,56586,753,0
74.56542801856995,3873759,0,0,0,1524440,83679,0,0
74.56542801856995,3873760,0,0,0,1540433,83562,0,0
74.68874001502991,3873757,2350556,2352204,2350977,1404002,59779,753,0
74.68874001502991,3873758,2412804,2414312,2413225,1386400,56586,753,0
74.68874001502991,3873759,0,0,0,1524440,83679,0,0
74.68874001502991,3873760,0,0,0,1540433,83562,0,0
74.76931595802307,3873757,2350556,2352204,2350977,1404002,59779,753,0
74.76931595802307,3873758,2412804,2414312,2413225,1386400,56586,753,0
74.76931595802307,3873759,0,0,0,1524440,83679,0,0
74.76931595802307,3873760,0,0,0,1540433,83562,0,0
74.8513720035553,3873757,2350556,2352204,2350977,1404002,59779,753,0
74.8513720035553,3873758,2412804,2414312,2413225,1386400,56586,753,0
74.8513720035553,3873759,0,0,0,1524440,83679,0,0
74.8513720035553,3873760,0,0,0,1540433,83562,0,0
74.9308180809021,3873757,2350556,2352204,2350977,1404002,59779,753,0
74.9308180809021,3873758,2412804,2414312,2413225,1386400,56586,753,0
74.9308180809021,3873759,0,0,0,1524440,83679,0,0
74.9308180809021,3873760,0,0,0,1540433,83562,0,0
75.01083302497864,3873757,2350556,2352204,2350977,1404002,59779,753,0
75.01083302497864,3873758,2412804,2414312,2413240,1386400,56586,753,0
75.01083302497864,3873759,0,0,0,1524440,83679,0,0
75.01083302497864,3873760,0,0,0,1540433,83562,0,0
75.08984804153442,3873757,2350556,2352204,2350977,1404002,59779,753,0
75.08984804153442,3873758,2412804,2414312,2413225,1386400,56586,753,0
75.08984804153442,3873759,0,0,0,1524440,83679,0,0
75.08984804153442,3873760,0,0,0,1540433,83562,0,0
75.17055702209473,3873757,2350556,2352204,2350977,1404002,59779,753,0
75.17055702209473,3873758,2412804,2414312,2413225,1386400,56586,753,0
75.17055702209473,3873759,0,0,0,1524440,83679,0,0
75.17055702209473,3873760,0,0,0,1540433,83562,0,0
75.25207304954529,3873757,2350556,2352204,2350977,1404002,59779,753,0
75.25207304954529,3873758,2412804,2414312,2413225,1386400,56586,753,0
75.25207304954529,3873759,0,0,0,1524440,83679,0,0
75.25207304954529,3873760,0,0,0,1540433,83562,0,0
75.33468508720398,3873757,2350556,2352204,2350977,1404002,59779,753,0
75.33468508720398,3873758,2412804,2414312,2413225,1386400,56586,753,0
75.33468508720398,3873759,0,0,0,1524440,83679,0,0
75.33468508720398,3873760,0,0,0,1540433,83562,0,0
75.41911292076111,3873757,2350556,2352204,2350977,1404002,59779,753,0
75.41911292076111,3873758,2412804,2414312,2413225,1386400,56586,753,0
75.41911292076111,3873759,0,0,0,1524440,83679,0,0
75.41911292076111,3873760,0,0,0,1540433,83562,0,0
75.50515294075012,3873757,2350556,2352204,2350977,1404002,59779,753,0
75.50515294075012,3873758,2412804,2414312,2413225,1386400,56586,753,0
75.50515294075012,3873759,0,0,0,1524440,83679,0,0
75.50515294075012,3873760,0,0,0,1540433,83562,0,0
75.59307599067688,3873757,2350556,2352204,2350977,1404002,59779,753,0
75.59307599067688,3873758,2412804,2414312,2413225,1386400,56586,753,0
75.59307599067688,3873759,0,0,0,1524440,83679,0,0
75.59307599067688,3873760,0,0,0,1540433,83562,0,0
75.68259692192078,3873757,2350556,2352204,2350977,1404002,59779,753,0
75.68259692192078,3873758,2412804,2414312,2413225,1386400,56586,753,0
75.68259692192078,3873759,0,0,0,1524440,83679,0,0
75.68259692192078,3873760,0,0,0,1540433,83562,0,0
75.77435994148254,3873757,2350556,2352204,2350977,1404002,59779,753,0
75.77435994148254,3873758,2412804,2414312,2413225,1386400,56586,753,0
75.77435994148254,3873759,0,0,0,1524440,83679,0,0
75.77435994148254,3873760,0,0,0,1540433,83562,0,0
75.8676369190216,3873757,2350556,2352204,2350977,1404002,59779,753,0
75.8676369190216,3873758,2412804,2414312,2413225,1386400,56586,753,0
75.8676369190216,3873759,0,0,0,1524440,83679,0,0
75.8676369190216,3873760,0,0,0,1540433,83562,0,0
75.96247887611389,3873757,2350556,2352204,2350977,1404002,59779,753,0
75.96247887611389,3873758,2412804,2414312,2413225,1386400,56586,753,0
75.96247887611389,3873759,0,0,0,1524440,83679,0,0
75.96247887611389,3873760,0,0,0,1540433,83562,0,0
76.05909299850464,3873757,2350556,2352204,2350977,1404002,59779,753,0
76.05909299850464,3873758,2412804,2414312,2413225,1386400,56586,753,0
76.05909299850464,3873759,0,0,0,1524440,83679,0,0
76.05909299850464,3873760,0,0,0,1540433,83562,0,0
76.15767407417297,3873757,2350556,2352204,2350977,1404002,59779,753,0
76.15767407417297,3873758,2412804,2414312,2413225,1386400,56586,753,0
76.15767407417297,3873759,0,0,0,1524440,83679,0,0
76.15767407417297,3873760,0,0,0,1540433,83562,0,0
76.25845193862915,3873757,2350556,2352204,2350977,1404002,59779,753,0
76.25845193862915,3873758,2412804,2414312,2413225,1386400,56586,753,0
76.25845193862915,3873759,0,0,0,1524440,83679,0,0
76.25845193862915,3873760,0,0,0,1540433,83562,0,0
76.3607668876648,3873757,2350556,2352204,2350977,1404002,59779,753,0
76.3607668876648,3873758,2412804,2414312,2413225,1386400,56586,753,0
76.3607668876648,3873759,0,0,0,1524440,83679,0,0
76.3607668876648,3873760,0,0,0,1540433,83562,0,0
76.46326804161072,3873757,2350556,2352204,2350977,1404002,59779,753,0
76.46326804161072,3873758,2412804,2414312,2413225,1386400,56586,753,0
76.46326804161072,3873759,0,0,0,1524440,83679,0,0
76.46326804161072,3873760,0,0,0,1540433,83562,0,0
76.56683802604675,3873757,2350556,2352204,2350977,1404002,59779,753,0
76.56683802604675,3873758,2412804,2414312,2413225,1386400,56586,753,0
76.56683802604675,3873759,0,0,0,1524440,83679,0,0
76.56683802604675,3873760,0,0,0,1540433,83562,0,0
76.67226910591125,3873757,2350556,2352204,2350977,1404002,59779,753,0
76.67226910591125,3873758,2412804,2414312,2413225,1386400,56586,753,0
76.67226910591125,3873759,0,0,0,1524440,83679,0,0
76.67226910591125,3873760,0,0,0,1540433,83562,0,0
76.77912497520447,3873757,2350556,2352204,2350977,1404002,59779,753,0
76.77912497520447,3873758,2412792,2414312,2413219,1386400,56586,753,0
76.77912497520447,3873759,0,0,0,1524440,83679,0,0
76.77912497520447,3873760,0,0,0,1540433,83562,0,0
76.9166350364685,3873757,0,0,0,1404788,60470,0,0
76.9166350364685,3873758,2413040,2414312,2413343,1386400,56586,753,0
76.9166350364685,3873759,0,0,0,1524440,83679,0,0
76.9166350364685,3873760,0,0,0,1540433,83562,0,0
76.99797987937927,3873757,0,0,0,1404788,60470,0,0
76.99797987937927,3873758,2413040,2414312,2413343,1386400,56586,753,0
76.99797987937927,3873759,0,0,0,1524440,83679,0,0
76.99797987937927,3873760,0,0,0,1540433,83562,0,0
77.08082294464111,3873757,0,0,0,1404788,60470,0,0
77.08082294464111,3873758,2413040,2414312,2413343,1386400,56586,753,0
77.08082294464111,3873759,0,0,0,1524440,83679,0,0
77.08082294464111,3873760,0,0,0,1540433,83562,0,0
77.16631197929382,3873757,0,0,0,1404788,60470,0,0
77.16631197929382,3873758,2413040,2414312,2413343,1386400,56586,753,0
77.16631197929382,3873759,0,0,0,1524440,83679,0,0
77.16631197929382,3873760,0,0,0,1540433,83562,0,0
77.25382089614868,3873757,0,0,0,1404788,60470,0,0
77.25382089614868,3873758,2413040,2414312,2413343,1386400,56586,753,0
77.25382089614868,3873759,0,0,0,1524440,83679,0,0
77.25382089614868,3873760,0,0,0,1540433,83562,0,0
77.3427460193634,3873757,0,0,0,1404788,60470,0,0
77.3427460193634,3873758,2413040,2414312,2413343,1386400,56586,753,0
77.3427460193634,3873759,0,0,0,1524440,83679,0,0
77.3427460193634,3873760,0,0,0,1540433,83562,0,0
77.43292093276978,3873757,0,0,0,1404788,60470,0,0
77.43292093276978,3873758,2413404,2414312,2413586,1386400,56586,753,0
77.43292093276978,3873759,0,0,0,1524440,83679,0,0
77.43292093276978,3873760,0,0,0,1540433,83562,0,0
77.52384901046753,3873758,2413404,2414312,2413586,1386400,56586,753,0
77.52384901046753,3873759,0,0,0,1524440,83679,0,0
77.52384901046753,3873760,0,0,0,1540433,83562,0,0
77.62726092338562,3873758,2413404,2414312,2413586,1386400,56586,753,0
77.62726092338562,3873759,0,0,0,1524440,83679,0,0
77.62726092338562,3873760,0,0,0,1540433,83562,0,0
77.71968388557434,3873758,2413404,2414312,2413586,1386400,56586,753,0
77.71968388557434,3873759,0,0,0,1524440,83679,0,0
77.71968388557434,3873760,0,0,0,1540433,83562,0,0
77.81341791152954,3873758,2413404,2414312,2413586,1386400,56586,753,0
77.81341791152954,3873759,0,0,0,1524440,83679,0,0
77.81341791152954,3873760,0,0,0,1540433,83562,0,0
77.91181492805481,3873758,2413404,2414312,2413586,1386400,56586,753,0
77.91181492805481,3873759,0,0,0,1524440,83679,0,0
77.91181492805481,3873760,0,0,0,1540433,83562,0,0
78.01139497756958,3873758,2413404,2414312,2413586,1386400,56586,753,0
78.01139497756958,3873759,0,0,0,1524440,83679,0,0
78.01139497756958,3873760,0,0,0,1540433,83562,0,0
78.11053991317749,3873758,2413404,2414312,2413586,1386400,56586,753,0
78.11053991317749,3873759,0,0,0,1524440,83679,0,0
78.11053991317749,3873760,0,0,0,1540433,83562,0,0
78.21469807624817,3873758,2413404,2414312,2413586,1386400,56586,753,0
78.21469807624817,3873759,0,0,0,1524440,83679,0,0
78.21469807624817,3873760,0,0,0,1540433,83562,0,0
78.31811189651489,3873758,2413404,2414312,2413586,1386400,56586,753,0
78.31811189651489,3873759,0,0,0,1524440,83679,0,0
78.31811189651489,3873760,0,0,0,1540433,83562,0,0
78.42282509803772,3873758,0,0,0,1387182,57282,0,0
78.42282509803772,3873759,0,0,0,1524440,83679,0,0
78.42282509803772,3873760,0,0,0,1540433,83562,0,0
78.49755191802979,3873758,0,0,0,1387182,57282,0,0
78.49755191802979,3873759,0,0,0,1524440,83679,0,0
78.49755191802979,3873760,0,0,0,1540433,83562,0,0
78.57468605041504,3873758,0,0,0,1387182,57282,0,0
78.57468605041504,3873759,0,0,0,1524440,83679,0,0
78.57468605041504,3873760,0,0,0,1540433,83562,0,0
78.65309190750122,3873758,0,0,0,1387182,57282,0,0
78.65309190750122,3873759,0,0,0,1524440,83679,0,0
78.65309190750122,3873760,0,0,0,1540433,83562,0,0
78.73416090011597,3873758,0,0,0,1387182,57282,0,0
78.73416090011597,3873759,0,0,0,1524440,83679,0,0
78.73416090011597,3873760,0,0,0,1540433,83562,0,0
78.81854701042175,3873758,0,0,0,1387182,57282,0,0
78.81854701042175,3873759,0,0,0,1524440,83679,0,0
78.81854701042175,3873760,0,0,0,1540433,83562,0,0
78.90231609344482,3873758,0,0,0,1387182,57282,0,0
78.90231609344482,3873759,0,0,0,1524440,83679,0,0
78.90231609344482,3873760,0,0,0,1540433,83562,0,0
78.98800706863403,3873758,0,0,0,1387182,57282,0,0
78.98800706863403,3873759,0,0,0,1524440,83679,0,0
78.98800706863403,3873760,0,0,0,1540433,83562,0,0
79.07517409324646,3873758,0,0,0,1387182,57282,0,0
79.07517409324646,3873759,0,0,0,1524440,83679,0,0
79.07517409324646,3873760,0,0,0,1540433,83562,0,0
