elapsed_s,pid,uss,rss,pss,min_flt,maj_flt,oom,oomadj
9.742725133895874,3895335,69844,112276,83280,8791,170,668,0
9.742725133895874,3895343,61764,104240,75202,8546,0,668,0
9.742725133895874,3895350,51288,93872,64781,9068,0,668,0
9.742725133895874,3895357,3464,15156,6563,1245,0,666,0
9.773275136947632,3895335,69844,112276,83080,8791,170,668,0
9.773275136947632,3895343,61768,104240,74982,8546,0,668,0
9.773275136947632,3895350,51288,93872,64556,9068,0,668,0
9.773275136947632,3895357,3948,18204,7691,1525,0,666,0
9.802817106246948,3895335,69844,112276,82726,8791,170,668,0
9.802817106246948,3895343,61772,104240,74455,8546,0,668,0
9.802817106246948,3895350,53324,95920,65417,9069,0,668,0
9.802817106246948,3895357,9432,41340,17560,3395,0,667,0
9.832732200622559,3895335,69804,114324,80687,8791,170,668,0
9.832732200622559,3895343,61712,104240,72635,8546,0,668,0
9.832732200622559,3895350,53292,95920,64241,9069,0,668,0
9.832732200622559,3895357,16508,58696,27325,5370,0,667,0
9.858782052993774,3895335,71848,114324,82726,8792,170,668,0
9.858782052993774,3895343,61712,104240,72633,8546,0,668,0
9.858782052993774,3895350,53292,95920,64234,9069,0,668,0
9.858782052993774,3895357,33640,75868,44476,7739,0,668,0
9.891901016235352,3895335,71848,114324,82726,8792,170,668,0
9.891901016235352,3895343,61712,104240,72633,8546,0,668,0
9.891901016235352,3895350,53292,95920,64234,9069,0,668,0
9.891901016235352,3895357,36300,78452,47136,7894,0,668,0
9.925454139709473,3895335,73896,116372,84774,8793,170,668,0
9.925454139709473,3895343,61712,104240,72633,8546,0,668,0
9.925454139709473,3895350,55340,97968,66282,9070,0,668,0
9.925454139709473,3895357,36764,78964,47600,8010,0,668,0
9.956847190856934,3895335,73896,116372,84774,8793,170,668,0
9.956847190856934,3895343,61712,104240,72633,8546,0,668,0
9.956847190856934,3895350,55340,97968,66282,9070,0,668,0
9.956847190856934,3895357,28224,70476,39060,8010,0,668,0
9.992166996002197,3895335,73896,116372,84774,8793,170,668,0
9.992166996002197,3895343,61712,104240,72633,8546,0,668,0
9.992166996002197,3895350,55340,97968,66282,9070,0,668,0
9.992166996002197,3895357,28372,70604,39208,8047,0,668,0
10.028274059295654,3895335,73896,116372,84774,8793,170,668,0
10.028274059295654,3895343,61712,104240,72633,8546,0,668,0
10.028274059295654,3895350,55340,97968,66282,9070,0,668,0
10.028274059295654,3895357,28800,70988,39636,8154,0,668,0
10.060549020767212,3895335,73896,116372,84774,8793,170,668,0
10.060549020767212,3895343,61712,104240,72633,8546,0,668,0
10.060549020767212,3895350,55340,97968,66282,9070,0,668,0
10.060549020767212,3895357,28800,70988,39636,8154,0,668,0
10.093425035476685,3895335,73896,116372,84774,8793,170,668,0
10.093425035476685,3895343,61712,104240,72633,8546,0,668,0
10.093425035476685,3895350,55340,97968,66282,9070,0,668,0
10.093425035476685,3895357,28800,70988,39636,8154,0,668,0
10.128652095794678,3895335,73896,116372,84774,8793,170,668,0
10.128652095794678,3895343,63760,106288,74681,8547,0,668,0
10.128652095794678,3895350,55340,97968,66282,9070,0,668,0
10.128652095794678,3895357,28800,70988,39636,8154,0,668,0
10.162146091461182,3895335,73896,116372,84774,8793,170,668,0
10.162146091461182,3895343,63760,106288,74681,8547,0,668,0
10.162146091461182,3895350,55340,97968,66282,9070,0,668,0
10.162146091461182,3895357,28800,70988,39636,8154,0,668,0
10.195510149002075,3895335,73896,116372,84774,8793,170,668,0
10.195510149002075,3895343,63760,106288,74681,8547,0,668,0
10.195510149002075,3895350,55340,97968,66282,9070,0,668,0
10.195510149002075,3895357,28800,70988,39636,8154,0,668,0
10.229572057723999,3895335,73896,116372,84774,8793,170,668,0
10.229572057723999,3895343,63760,106288,74681,8547,0,668,0
10.229572057723999,3895350,57388,100016,68330,9071,0,668,0
10.229572057723999,3895357,28800,70988,39636,8154,0,668,0
10.262221097946167,3895335,73896,116372,84774,8793,170,668,0
10.262221097946167,3895343,63760,106288,74681,8547,0,668,0
10.262221097946167,3895350,57388,100016,68330,9071,0,668,0
10.262221097946167,3895357,28800,70988,39636,8154,0,668,0
10.294692039489746,3895335,75944,118420,86822,8794,170,668,0
10.294692039489746,3895343,63760,106288,74681,8547,0,668,0
10.294692039489746,3895350,57388,100016,68330,9071,0,668,0
10.294692039489746,3895357,28800,70988,39636,8154,0,668,0
10.327803134918213,3895335,75944,118420,86822,8794,170,668,0
10.327803134918213,3895343,63760,106288,74681,8547,0,668,0
10.327803134918213,3895350,57388,100016,68330,9071,0,668,0
10.327803134918213,3895357,28800,70988,39636,8154,0,668,0
10.361016035079956,3895335,77992,120468,88870,8795,170,668,0
10.361016035079956,3895343,65808,108336,76729,8548,0,668,0
10.361016035079956,3895350,57388,100016,68330,9071,0,668,0
10.361016035079956,3895357,28800,70988,39636,8154,0,668,0
10.39356017112732,3895335,77992,120468,88870,8795,170,668,0
10.39356017112732,3895343,65808,108336,76729,8548,0,668,0
10.39356017112732,3895350,57388,100016,68330,9071,0,668,0
10.39356017112732,3895357,28800,70988,39636,8154,0,668,0
10.427011013031006,3895335,77992,120468,88870,8795,170,668,0
10.427011013031006,3895343,65808,108336,76729,8548,0,668,0
10.427011013031006,3895350,57388,100016,68330,9071,0,668,0
10.427011013031006,3895357,28800,70988,39636,8154,0,668,0
10.459692001342773,3895335,77992,120468,88870,8795,170,668,0
10.459692001342773,3895343,65808,108336,76729,8548,0,668,0
10.459692001342773,3895350,57388,100016,68330,9071,0,668,0
10.459692001342773,3895357,30848,73100,41684,8155,0,668,0
10.492714166641235,3895335,77992,120468,88870,8795,170,668,0
10.492714166641235,3895343,65808,108336,76729,8548,0,668,0
10.492714166641235,3895350,57388,100016,68330,9071,0,668,0
10.492714166641235,3895357,30848,73100,41684,8155,0,668,0
10.525160074234009,3895335,77992,120468,88870,8795,170,668,0
10.525160074234009,3895343,69904,112432,80825,8550,0,668,0
10.525160074234009,3895350,57388,100016,68330,9071,0,668,0
10.525160074234009,3895357,30848,73100,41684,8155,0,668,0
10.558438062667847,3895335,77992,120468,88870,8795,170,668,0
10.558438062667847,3895343,69904,112432,80825,8550,0,668,0
10.558438062667847,3895350,57388,100016,68330,9071,0,668,0
10.558438062667847,3895357,30848,73100,41684,8155,0,668,0
10.591171026229858,3895335,77992,120468,88870,8795,170,668,0
10.591171026229858,3895343,69904,112432,80825,8550,0,668,0
10.591171026229858,3895350,57388,100016,68330,9071,0,668,0
10.591171026229858,3895357,30848,73100,41684,8155,0,668,0
10.62461805343628,3895335,77992,120468,88870,8795,170,668,0
10.62461805343628,3895343,69904,112432,80825,8550,0,668,0
10.62461805343628,3895350,59436,102064,70378,9072,0,668,0
10.62461805343628,3895357,30848,73100,41684,8155,0,668,0
10.656810998916626,3895335,77992,120468,88870,8795,170,668,0
10.656810998916626,3895343,69904,112432,80825,8550,0,668,0
10.656810998916626,3895350,59436,102064,70378,9072,0,668,0
10.656810998916626,3895357,37500,79732,48336,8796,0,668,0
10.68982219696045,3895335,78024,120468,88902,8803,170,668,0
10.68982219696045,3895343,69904,112432,80825,8550,0,668,0
10.68982219696045,3895350,59436,102064,70378,9072,0,668,0
10.68982219696045,3895357,35908,78060,46744,8829,0,668,0
10.722042083740234,3895335,78152,120596,89030,8835,170,668,0
10.722042083740234,3895343,69904,112432,80825,8550,0,668,0
10.722042083740234,3895350,59436,102064,70378,9072,0,668,0
10.722042083740234,3895357,39300,81516,50136,9677,0,668,0
10.751674175262451,3895335,78312,120724,89190,8875,170,668,0
10.751674175262451,3895343,69904,112432,80825,8550,0,668,0
10.751674175262451,3895350,59592,102192,70534,9111,0,668,0
10.751674175262451,3895357,39372,81516,50208,9695,0,668,0
10.785634994506836,3895335,78548,120980,89426,8934,170,668,0
10.785634994506836,3895343,69904,112432,80825,8550,0,668,0
10.785634994506836,3895350,59752,102320,70694,9151,0,668,0
10.785634994506836,3895357,39404,81644,50240,9703,0,668,0
10.817566156387329,3895335,78868,121236,89746,9014,170,668,0
10.817566156387329,3895343,69904,112432,80825,8550,0,668,0
10.817566156387329,3895350,59912,102448,70854,9191,0,668,0
10.817566156387329,3895357,39568,81772,50404,9744,0,668,0
10.850433111190796,3895335,79188,121620,90066,9092,170,668,0
10.850433111190796,3895343,69904,112432,80825,8550,0,668,0
10.850433111190796,3895350,60104,102704,71046,9239,0,668,0
10.850433111190796,3895357,39664,81900,50500,9768,0,668,0
10.883140087127686,3895335,79508,121876,90386,9174,170,668,0
10.883140087127686,3895343,71952,114480,82873,8551,0,668,0
10.883140087127686,3895350,60264,102832,71206,9281,0,668,0
10.883140087127686,3895357,39760,81900,50596,9792,0,668,0
10.915613174438477,3895335,79764,122260,90642,9238,170,668,0
10.915613174438477,3895343,71952,114480,82873,8551,0,668,0
10.915613174438477,3895350,60424,102960,71366,9321,0,668,0
10.915613174438477,3895357,39856,82028,50692,9816,0,668,0
10.948637008666992,3895335,80148,122516,91026,9334,170,668,0
10.948637008666992,3895343,71952,114480,82873,8551,0,668,0
10.948637008666992,3895350,60520,103088,71462,9345,0,668,0
10.948637008666992,3895357,40016,82156,50852,9856,0,668,0
10.9825119972229,3895335,80468,122900,91346,9414,170,668,0
10.9825119972229,3895343,74000,116528,84921,8552,0,668,0
10.9825119972229,3895350,60680,103216,71622,9385,0,668,0
10.9825119972229,3895357,40176,82412,51012,9897,0,668,0
11.01541519165039,3895335,80852,123284,91730,9510,170,668,0
11.01541519165039,3895343,74000,116528,84921,8552,0,668,0
11.01541519165039,3895350,60776,103344,71718,9409,0,668,0
11.01541519165039,3895357,40304,82540,51140,9929,0,668,0
11.047453165054321,3895335,81172,123540,92050,9590,170,668,0
11.047453165054321,3895343,74000,116528,84921,8552,0,668,0
11.047453165054321,3895350,60904,103472,71846,9441,0,668,0
11.047453165054321,3895357,40464,82668,51300,9969,0,668,0
11.082704067230225,3895335,81492,123924,92370,9672,170,668,0
11.082704067230225,3895343,74000,116528,84921,8553,0,668,0
11.082704067230225,3895350,60904,103472,71846,9441,0,668,0
11.082704067230225,3895357,40464,82668,51300,9969,0,668,0
11.124556064605713,3895335,81680,124052,92566,9721,170,668,0
11.124556064605713,3895343,74000,116528,84921,8554,0,668,0
11.124556064605713,3895350,60904,103472,71846,9441,0,668,0
11.124556064605713,3895357,40464,82668,51300,9969,0,668,0
11.163094997406006,3895335,81688,124052,92566,9721,170,668,0
11.163094997406006,3895343,74000,116528,84921,8554,0,668,0
11.163094997406006,3895350,60904,103472,71846,9441,0,668,0
11.163094997406006,3895357,40464,82668,51300,9969,0,668,0
11.20431113243103,3895335,81688,124052,92566,9721,170,668,0
11.20431113243103,3895343,74000,116528,84921,8558,0,668,0
11.20431113243103,3895350,60904,103472,71846,9441,0,668,0
11.20431113243103,3895357,40464,82668,51300,9969,0,668,0
11.243934154510498,3895335,81688,124052,92566,9721,170,668,0
11.243934154510498,3895343,74000,116528,84921,8558,0,668,0
11.243934154510498,3895350,60904,103472,71846,9441,0,668,0
11.243934154510498,3895357,40464,82668,51300,9969,0,668,0
11.281057119369507,3895335,81688,124052,92566,9721,170,668,0
11.281057119369507,3895343,74000,116528,84921,8560,0,668,0
11.281057119369507,3895350,60884,103472,71846,9441,0,668,0
11.281057119369507,3895357,40336,82668,51300,9969,0,668,0
11.318010091781616,3895335,81688,124052,92566,9721,170,668,0
11.318010091781616,3895343,74000,116528,84921,8560,0,668,0
11.318010091781616,3895350,60976,103600,71918,9459,0,668,0
11.318010091781616,3895357,40464,82668,51300,9969,0,668,0
11.355768203735352,3895335,81876,124308,92754,9768,170,668,0
11.355768203735352,3895343,74000,116528,84921,8561,0,668,0
11.355768203735352,3895350,61360,103984,72302,9540,0,668,0
11.355768203735352,3895357,42576,84764,53412,9986,0,668,0
11.389487028121948,3895335,82132,124564,93010,9832,170,668,0
11.389487028121948,3895343,74000,116528,84921,8561,0,668,0
11.389487028121948,3895350,61680,104240,72622,9636,0,668,0
11.389487028121948,3895357,42672,84892,53508,10010,0,668,0
11.422308206558228,3895335,82388,124820,93266,9896,170,668,0
11.422308206558228,3895343,74000,116528,84921,8561,0,668,0
11.422308206558228,3895350,62000,104624,72942,9700,0,668,0
11.422308206558228,3895357,42864,85020,53700,10058,0,668,0
11.453890085220337,3895335,82708,125076,93586,9976,170,668,0
11.453890085220337,3895343,74128,116656,85049,8593,0,668,0
11.453890085220337,3895350,62320,104880,73262,9796,0,668,0
11.453890085220337,3895357,42960,85148,53796,10082,0,668,0
11.487015008926392,3895335,83028,125460,93906,10056,170,668,0
11.487015008926392,3895343,74288,116784,85209,8633,0,668,0
11.487015008926392,3895350,62640,105264,73582,9876,0,668,0
11.487015008926392,3895357,43056,85276,53892,10106,0,668,0
11.52091908454895,3895335,83412,125844,94290,10152,170,668,0
11.52091908454895,3895343,74384,116912,85305,8657,0,668,0
11.52091908454895,3895350,63032,105648,73974,9974,0,668,0
11.52091908454895,3895357,43216,85404,54052,10146,0,668,0
11.5540771484375,3895335,83732,126100,94610,10232,170,668,0
11.5540771484375,3895343,74684,117168,85605,8732,0,668,0
11.5540771484375,3895350,63252,105776,74194,10029,0,668,0
11.5540771484375,3895357,43376,85532,54212,10186,0,668,0
11.587125062942505,3895335,84052,126484,94930,10296,170,668,0
11.587125062942505,3895343,74876,117296,85797,8780,0,668,0
11.587125062942505,3895350,63508,106032,74450,10093,0,668,0
11.587125062942505,3895357,43504,85660,54340,10218,0,668,0
11.619768142700195,3895335,84308,126740,95186,10376,170,668,0
11.619768142700195,3895343,75068,117552,85989,8828,0,668,0
11.619768142700195,3895350,63828,106416,74770,10173,0,668,0
11.619768142700195,3895357,43664,85916,54500,10258,0,668,0
11.652550220489502,3895335,84628,126996,95506,10456,170,668,0
11.652550220489502,3895343,75260,117680,86181,8860,0,668,0
11.652550220489502,3895350,64212,106800,75154,10269,0,668,0
11.652550220489502,3895357,43824,86044,54660,10298,0,668,0
11.686922073364258,3895335,84948,127380,95826,10536,170,668,0
11.686922073364258,3895343,75452,117936,86373,8924,0,668,0
11.686922073364258,3895350,64468,107056,75410,10333,0,668,0
11.686922073364258,3895357,44016,86172,54852,10346,0,668,0
11.720270156860352,3895335,85300,127764,96178,10624,170,668,0
11.720270156860352,3895343,75644,118064,86565,8972,0,668,0
11.720270156860352,3895350,64788,107312,75730,10413,0,668,0
11.720270156860352,3895357,44176,86428,55012,10378,0,668,0
11.753043174743652,3895335,85556,128020,96434,10688,170,668,0
11.753043174743652,3895343,75836,118320,86757,9020,0,668,0
11.753043174743652,3895350,65172,107696,76114,10509,0,668,0
11.753043174743652,3895357,44336,86556,55172,10426,0,668,0
11.786464214324951,3895335,85876,128276,96754,10768,170,668,0
11.786464214324951,3895343,76028,118576,86949,9068,0,668,0
11.786464214324951,3895350,65428,107952,76370,10573,0,668,0
11.786464214324951,3895357,44496,86684,55332,10466,0,668,0
11.819305181503296,3895335,86260,128660,97138,10864,170,668,0
11.819305181503296,3895343,76540,118960,87461,9180,0,668,0
11.819305181503296,3895350,65812,108336,76754,10669,0,668,0
11.819305181503296,3895357,44856,87068,55692,10556,0,668,0
11.864641189575195,3895335,86568,129044,97446,10941,170,668,0
11.864641189575195,3895343,76796,119216,87717,9260,0,668,0
11.864641189575195,3895350,65976,108592,76918,10701,0,668,0
11.864641189575195,3895357,45176,87324,56012,10636,0,668,0
11.899327993392944,3895335,86728,129172,97606,10973,170,668,0
11.899327993392944,3895343,77116,119600,88037,9331,0,668,0
11.899327993392944,3895350,66136,108720,77078,10749,0,668,0
11.899327993392944,3895357,45496,87708,56332,10716,0,668,0
11.932706117630005,3895335,86856,129300,97734,11013,170,668,0
11.932706117630005,3895343,77372,119856,88293,9404,0,668,0
11.932706117630005,3895350,66324,108848,77266,10797,0,668,0
11.932706117630005,3895357,45880,88092,56716,10812,0,668,0
11.96659517288208,3895335,86984,129428,97862,11045,170,668,0
11.96659517288208,3895343,77564,119984,88485,9452,0,668,0
11.96659517288208,3895350,66644,109232,77586,10877,0,668,0
11.96659517288208,3895357,46200,88348,57036,10892,0,668,0
12.000236988067627,3895335,87112,129556,97990,11077,170,668,0
12.000236988067627,3895343,77884,120368,88805,9532,0,668,0
12.000236988067627,3895350,66836,109360,77778,10925,0,668,0
12.000236988067627,3895357,46520,88732,57356,10972,0,668,0
12.034065008163452,3895335,87308,129684,98186,11118,170,668,0
12.034065008163452,3895343,78204,120624,89125,9612,0,668,0
12.034065008163452,3895350,67220,109744,78162,11021,0,668,0
12.034065008163452,3895357,46776,88988,57612,11036,0,668,0
12.070459127426147,3895335,87468,129940,98346,11166,170,668,0
12.070459127426147,3895343,78524,121008,89445,9692,0,668,0
12.070459127426147,3895350,67540,110128,78482,11101,0,668,0
12.070459127426147,3895357,46968,89116,57804,11084,0,668,0
12.104483127593994,3895335,88884,131348,99762,11520,170,669,0
12.104483127593994,3895343,78844,121264,89765,9772,0,668,0
12.104483127593994,3895350,67732,110256,78674,11149,0,668,0
12.104483127593994,3895357,47288,89500,58124,11164,0,668,0
12.13788914680481,3895335,107304,150548,118182,15975,170,669,0
12.13788914680481,3895343,79164,121648,90085,9852,0,668,0
12.13788914680481,3895350,67924,110512,78866,11197,0,668,0
12.13788914680481,3895357,47608,89756,58444,11244,0,668,0
12.172360181808472,3895335,123756,167048,134634,20445,170,670,0
12.172360181808472,3895343,79612,122032,90533,9964,0,668,0
12.172360181808472,3895350,68116,110640,79058,11245,0,668,0
12.172360181808472,3895357,47928,90140,58764,11324,0,668,0
12.208156108856201,3895335,142700,185352,153578,25212,170,670,0
12.208156108856201,3895343,79932,122416,90853,10044,0,668,0
12.208156108856201,3895350,68312,110896,79254,11294,0,668,0
12.208156108856201,3895357,48248,90396,59084,11404,0,668,0
12.243693113327026,3895335,146916,189320,157794,26376,170,670,0
12.243693113327026,3895343,80252,122672,91173,10124,0,668,0
12.243693113327026,3895350,68632,111152,79574,11374,0,668,0
12.243693113327026,3895357,48624,90780,59460,11493,0,668,0
12.277136087417603,3895335,146916,189320,157794,26376,170,670,0
12.277136087417603,3895343,80508,122928,91429,10188,0,668,0
12.277136087417603,3895350,68888,111536,79830,11439,0,668,0
12.277136087417603,3895357,48604,90780,59460,11498,0,668,0
12.31191611289978,3895335,146916,189320,157794,26376,170,670,0
12.31191611289978,3895343,80828,123312,91749,10268,0,668,0
12.31191611289978,3895350,69204,111792,80150,11520,0,668,0
12.31191611289978,3895357,48624,90780,59460,11498,0,668,0
12.347544193267822,3895335,146916,189320,157794,26376,170,670,0
12.347544193267822,3895343,81212,123696,92133,10364,0,668,0
12.347544193267822,3895350,69588,112176,80530,11600,0,668,0
12.347544193267822,3895357,48624,90780,59460,11498,0,668,0
12.383938074111938,3895335,146916,189320,157794,26376,170,670,0
12.383938074111938,3895343,81468,123952,92389,10432,0,668,0
12.383938074111938,3895350,69976,112560,80918,11699,0,668,0
12.383938074111938,3895357,48624,90780,59460,11498,0,668,0
12.423538208007812,3895335,152488,195336,163366,27580,170,670,0
12.423538208007812,3895343,81788,124208,92709,10512,0,668,0
12.423538208007812,3895350,70232,112816,81174,11779,0,668,0
12.423538208007812,3895357,48696,90908,59532,11516,0,668,0
12.45935606956482,3895335,165092,207752,175970,30712,170,670,0
12.45935606956482,3895343,82044,124464,92965,10576,0,668,0
12.45935606956482,3895350,70552,113072,81494,11859,0,668,0
12.45935606956482,3895357,49016,91164,59852,11596,0,668,0
12.494440078735352,3895335,178156,221064,189034,33870,170,670,0
12.494440078735352,3895343,82236,124720,93157,10624,0,668,0
12.494440078735352,3895350,70936,113456,81878,11955,0,668,0
12.494440078735352,3895357,49336,91548,60172,11676,0,668,0
12.530731201171875,3895335,185924,229128,196802,36108,170,671,0
12.530731201171875,3895343,82556,124976,93477,10704,0,668,0
12.530731201171875,3895350,71256,113840,82198,12036,0,668,0
12.530731201171875,3895357,49592,91804,60428,11740,0,668,0
12.567206144332886,3895335,198912,241544,209790,39267,170,671,0
12.567206144332886,3895343,82876,125360,93797,10784,0,668,0
12.567206144332886,3895350,71576,114096,82518,12116,0,668,0
12.567206144332886,3895357,49904,92060,60740,11804,0,668,0
12.602315187454224,3895335,199368,241800,210246,39493,170,671,0
12.602315187454224,3895343,83196,125616,94117,10864,0,668,0
12.602315187454224,3895350,71896,114480,82838,12196,0,668,0
12.602315187454224,3895357,50232,92444,61068,11900,0,668,0
12.632317066192627,3895335,224020,266376,234902,45657,170,672,0
12.632317066192627,3895343,83580,126000,94501,10960,0,668,0
12.632317066192627,3895350,72216,114736,83158,12276,0,668,0
12.632317066192627,3895357,50424,92572,61260,11948,0,668,0
12.671097993850708,3895335,224024,266376,234902,45657,170,672,0
12.671097993850708,3895343,83900,126384,94821,11042,0,668,0
12.671097993850708,3895350,72600,115120,83542,12372,0,668,0
12.671097993850708,3895357,50680,92828,61516,12012,0,668,0
12.709598064422607,3895335,224024,266376,234902,45657,170,672,0
12.709598064422607,3895343,84284,126768,95205,11138,0,668,0
12.709598064422607,3895350,72984,115504,83926,12468,0,668,0
12.709598064422607,3895357,50872,93084,61708,12062,0,668,0
12.748486995697021,3895335,260888,305032,271766,53793,170,672,0
12.748486995697021,3895343,84668,127152,95589,11218,0,668,0
12.748486995697021,3895350,73368,115888,84310,12564,0,668,0
12.748486995697021,3895357,51128,93340,61964,12126,0,668,0
12.787315130233765,3895335,295472,339336,306350,62073,170,673,0
12.787315130233765,3895343,84988,127536,95909,11314,0,668,0
12.787315130233765,3895350,73688,116272,84630,12644,0,668,0
12.787315130233765,3895357,51320,93468,62156,12174,0,668,0
12.826938152313232,3895335,314456,356872,325334,68265,170,673,0
12.826938152313232,3895343,85308,127792,96229,11394,0,668,0
12.826938152313232,3895350,74072,116656,85014,12740,0,668,0
12.826938152313232,3895357,51704,93852,62540,12270,0,668,0
12.867430210113525,3895335,333016,377864,343894,72302,170,674,0
12.867430210113525,3895343,85660,128176,96581,11482,0,668,0
12.867430210113525,3895350,74456,117040,85398,12836,0,668,0
12.867430210113525,3895357,52028,94236,62864,12335,0,668,0
12.905447006225586,3895335,348756,395016,359634,76840,170,674,0
12.905447006225586,3895343,86044,128560,96965,11578,0,668,0
12.905447006225586,3895350,74840,117424,85782,12932,0,668,0
12.905447006225586,3895357,52220,94364,63056,12399,0,668,0
12.947693109512329,3895335,363592,406024,374470,80549,170,674,0
12.947693109512329,3895343,86300,128816,97221,11642,0,668,0
12.947693109512329,3895350,75224,117808,86166,13028,0,668,0
12.947693109512329,3895357,52648,94876,63484,12495,0,668,0
12.987337112426758,3895335,363768,406152,374646,80593,170,674,0
12.987337112426758,3895343,86620,129072,97541,11722,0,668,0
12.987337112426758,3895350,75544,118064,86486,13108,0,668,0
12.987337112426758,3895357,52988,95132,63824,12575,0,668,0
13.022284984588623,3895335,365680,409992,376558,80908,170,674,0
13.022284984588623,3895343,86800,129328,97721,11767,0,668,0
13.022284984588623,3895350,75800,118320,86742,13172,0,668,0
13.022284984588623,3895357,53244,95388,64080,12655,0,668,0
13.05796217918396,3895335,369468,412040,380346,82018,170,674,0
13.05796217918396,3895343,86992,129456,97913,11815,0,668,0
13.05796217918396,3895350,76184,118704,87126,13252,0,668,0
13.05796217918396,3895357,53564,95772,64400,12735,0,668,0
13.092688083648682,3895335,375360,419464,386238,83478,170,674,0
13.092688083648682,3895343,87088,129584,98009,11839,0,668,0
13.092688083648682,3895350,76568,119088,87510,13364,0,668,0
13.092688083648682,3895357,53920,96156,64756,12824,0,668,0
13.133690118789673,3895335,373372,416076,384250,85152,170,674,0
13.133690118789673,3895343,87280,129712,98201,11879,0,668,0
13.133690118789673,3895350,76952,119472,87894,13460,0,668,0
13.133690118789673,3895357,54080,96284,64916,12864,0,668,0
13.17108416557312,3895335,382544,425036,393422,87314,170,674,0
13.17108416557312,3895343,87444,129968,98365,11928,0,668,0
13.17108416557312,3895350,77336,119856,88278,13556,0,668,0
13.17108416557312,3895357,54208,96412,65044,12896,0,668,0
13.208725214004517,3895335,383700,426188,394578,87854,170,675,0
13.208725214004517,3895343,87604,130096,98525,11968,0,668,0
13.208725214004517,3895350,77656,120240,88598,13636,0,668,0
13.208725214004517,3895357,54400,96540,65236,12944,0,668,0
13.244871139526367,3895335,388860,431948,399738,88986,170,675,0
13.244871139526367,3895343,88944,131376,99865,12303,0,669,0
13.244871139526367,3895350,78040,120624,88982,13732,0,668,0
13.244871139526367,3895357,54560,96796,65396,12984,0,668,0
13.283202171325684,3895335,395620,438988,406498,90609,170,675,0
13.283202171325684,3895343,108952,151984,119873,17191,0,669,0
13.283202171325684,3895350,78424,121008,89366,13828,0,668,0
13.283202171325684,3895357,54752,96924,65588,13032,0,668,0
13.321542024612427,3895335,402996,445388,413878,92527,170,675,0
13.321542024612427,3895343,118648,161100,129593,20013,0,669,0
13.321542024612427,3895350,78744,121264,89686,13908,0,668,0
13.321542024612427,3895357,54944,97180,65780,13080,0,668,0
13.361772060394287,3895335,409640,452172,420518,94255,170,675,0
13.361772060394287,3895343,121700,165196,132621,20646,0,670,0
13.361772060394287,3895350,79128,121648,90070,14004,0,668,0
13.361772060394287,3895357,55104,97308,65940,13120,0,668,0
13.402575016021729,3895335,409920,452300,420798,94417,170,675,0
13.402575016021729,3895343,143056,185676,153977,26016,0,670,0
13.402575016021729,3895350,79512,122032,90454,14100,0,668,0
13.402575016021729,3895357,55296,97436,66132,13168,0,668,0
13.440922021865845,3895335,409920,452300,420798,94417,170,675,0
13.440922021865845,3895343,155424,198092,166345,29070,0,670,0
13.440922021865845,3895350,79896,122416,90838,14180,0,668,0
13.440922021865845,3895357,55456,97692,66292,13208,0,668,0
13.478878021240234,3895335,409920,452300,420798,94417,170,675,0
13.478878021240234,3895343,159532,202060,170453,30234,0,670,0
13.478878021240234,3895350,80216,122800,91158,14276,0,668,0
13.478878021240234,3895357,55648,97820,66484,13256,0,668,0
13.517592191696167,3895335,410132,452684,421130,94500,170,675,0
13.517592191696167,3895343,159532,202060,170453,30234,0,670,0
13.517592191696167,3895350,80600,123184,91542,14372,0,668,0
13.517592191696167,3895357,55840,98076,66676,13304,0,668,0
13.55942416191101,3895335,411256,454220,422134,94679,170,675,0
13.55942416191101,3895343,165468,208204,176389,31594,0,670,0
13.55942416191101,3895350,80984,123568,91926,14468,0,668,0
13.55942416191101,3895357,56124,98332,66960,13375,0,668,0
13.598680019378662,3895335,412788,455244,423666,95088,170,675,0
13.598680019378662,3895343,179188,221900,190109,34973,0,670,0
13.598680019378662,3895350,81432,123952,92374,14580,0,668,0
13.598680019378662,3895357,56508,98716,67344,13455,0,668,0
13.63999605178833,3895335,413632,456140,424510,95337,170,675,0
13.63999605178833,3895343,199404,242124,210325,40036,0,671,0
13.63999605178833,3895350,81752,124336,92694,14660,0,668,0
13.63999605178833,3895357,56892,99100,67728,13567,0,668,0
13.684756994247437,3895335,415136,457548,426014,95704,170,675,0
13.684756994247437,3895343,199688,242124,210609,40276,0,671,0
13.684756994247437,3895350,82104,124720,93046,14748,0,668,0
13.684756994247437,3895357,57276,99484,68112,13663,0,668,0
13.72714114189148,3895335,415512,457932,426390,95827,170,675,0
13.72714114189148,3895343,203748,246312,214705,40789,0,671,0
13.72714114189148,3895350,82488,125104,93430,14844,0,668,0
13.72714114189148,3895357,57660,99868,68496,13759,0,668,0
13.76761507987976,3895335,418172,460748,429050,96444,170,676,0
13.76761507987976,3895343,232456,276136,243377,47445,0,672,0
13.76761507987976,3895350,82808,125360,93750,14924,0,668,0
13.76761507987976,3895357,58044,100252,68880,13855,0,668,0
13.810046195983887,3895335,423188,465868,434066,97703,170,676,0
13.810046195983887,3895343,260236,303656,271157,54130,0,672,0
13.810046195983887,3895350,83256,125872,94198,15037,0,668,0
13.810046195983887,3895357,58428,100636,69264,13951,0,668,0
13.85242509841919,3895335,426216,468684,437114,98509,170,676,0
13.85242509841919,3895343,271368,313896,282289,57685,0,672,0
13.85242509841919,3895350,83640,126256,94582,15133,0,668,0
13.85242509841919,3895357,58868,101020,69704,14047,0,668,0
13.895472049713135,3895335,426236,468684,437114,98509,170,676,0
13.895472049713135,3895343,286260,329896,297181,60757,0,673,0
13.895472049713135,3895350,83960,126512,94902,15213,0,668,0
13.895472049713135,3895357,59132,101276,69968,14127,0,668,0
13.92591118812561,3895335,426236,468684,437114,98509,170,676,0
13.92591118812561,3895343,310028,354472,320949,66901,0,673,0
13.92591118812561,3895350,84280,126896,95222,15293,0,668,0
13.92591118812561,3895357,59388,101532,70224,14191,0,668,0
13.955064058303833,3895335,426236,468684,437114,98509,170,676,0
13.955064058303833,3895343,316360,361128,327345,68949,0,674,0
13.955064058303833,3895350,84536,127152,95478,15357,0,668,0
13.955064058303833,3895357,59644,101788,70480,14255,0,668,0
13.98431921005249,3895335,426056,468552,436934,98509,170,676,0
13.98431921005249,3895343,347272,392360,358193,76178,0,674,0
13.98431921005249,3895350,84804,127408,95746,15422,0,668,0
13.98431921005249,3895357,59900,102044,70736,14319,0,668,0
14.01415205001831,3895335,426072,468552,436950,98513,170,676,0
14.01415205001831,3895343,353092,399272,364013,77560,0,674,0
14.01415205001831,3895350,85180,127792,96122,15518,0,668,0
14.01415205001831,3895357,60156,102300,70992,14383,0,668,0
14.050916194915771,3895335,426412,468808,437290,98585,170,676,0
14.050916194915771,3895343,364068,406696,374989,80746,0,674,0
14.050916194915771,3895350,88740,132656,99682,16239,0,669,0
14.050916194915771,3895357,60476,102684,71312,14463,0,668,0
14.090289115905762,3895335,426732,469192,437610,98677,170,676,0
14.090289115905762,3895343,365000,407464,375921,81093,0,674,0
14.090289115905762,3895350,114016,157296,124958,22911,0,669,0
14.090289115905762,3895357,60976,103196,71812,14587,0,668,0
14.137161016464233,3895335,427792,470216,438670,98930,170,676,0
14.137161016464233,3895343,370760,413224,381681,82533,0,674,0
14.137161016464233,3895350,132320,175600,143262,27792,0,670,0
14.137161016464233,3895357,60976,103196,71812,14588,0,668,0
14.179118156433105,3895335,427816,470216,438694,98952,170,676,0
14.179118156433105,3895343,371696,414248,382617,82681,0,674,0
14.179118156433105,3895350,147880,190704,158822,31568,0,670,0
14.179118156433105,3895357,61280,103452,72116,14664,0,668,0
14.21605110168457,3895335,427848,470216,438726,98960,170,676,0
14.21605110168457,3895343,381540,423656,392461,85204,0,674,0
14.21605110168457,3895350,161140,204144,172082,34915,0,670,0
14.21605110168457,3895357,61664,103964,72500,14760,0,668,0
14.25682020187378,3895335,427960,470344,438838,98988,170,676,0
14.25682020187378,3895343,381156,423596,392077,87401,0,674,0
14.25682020187378,3895350,175952,218992,186894,38444,0,670,0
14.25682020187378,3895357,62112,104348,72948,14872,0,668,0
14.30057406425476,3895335,430336,473032,441214,99139,170,676,0
14.30057406425476,3895343,384436,427436,395357,88253,0,675,0
14.30057406425476,3895350,196948,239728,207890,43863,0,671,0
14.30057406425476,3895357,62496,104732,73332,14968,0,668,0
14.34613299369812,3895335,433704,476232,444610,100431,170,676,0
14.34613299369812,3895343,391164,433708,402161,90006,0,675,0
14.34613299369812,3895350,196368,239728,208166,44105,0,671,0
14.34613299369812,3895357,62944,105116,73780,15064,0,668,0
14.392781019210815,3895335,434228,476616,445106,100555,170,676,0
14.392781019210815,3895343,401528,443948,412449,92371,0,675,0
14.392781019210815,3895350,232088,274672,243054,52827,0,672,0
14.392781019210815,3895357,63392,105628,74228,15176,0,668,0
14.438476085662842,3895335,434248,476616,445126,100562,170,676,0
14.438476085662842,3895343,408160,450732,419081,94153,0,675,0
14.438476085662842,3895350,261540,305392,272482,59340,0,672,0
14.438476085662842,3895357,63776,106012,74612,15288,0,668,0
14.488149166107178,3895335,434408,476872,445286,100602,170,676,0
14.488149166107178,3895343,408368,450860,419321,94296,0,675,0
14.488149166107178,3895350,268420,311536,279918,62043,0,672,0
14.488149166107178,3895357,64068,106268,74936,15369,0,668,0
14.536627054214478,3895335,434408,476872,445286,100602,170,676,0
14.536627054214478,3895343,408400,450860,419321,94296,0,675,0
14.536627054214478,3895350,300852,346352,311794,69217,0,673,0
14.536627054214478,3895357,64544,106780,75380,15464,0,668,0
14.585530042648315,3895335,434408,476872,445286,100602,170,676,0
14.585530042648315,3895343,408556,450988,419477,94335,0,675,0
14.585530042648315,3895350,312384,355056,323374,72907,0,673,0
14.585530042648315,3895357,64916,107164,75752,15573,0,668,0
14.631854057312012,3895335,434632,477000,445526,100646,170,676,0
14.631854057312012,3895343,408740,451244,419669,94384,0,675,0
14.631854057312012,3895350,316300,361200,327242,73419,0,674,0
14.631854057312012,3895357,64992,107164,75828,15592,0,668,0
14.681924104690552,3895335,434704,477128,445582,100676,170,676,0
14.681924104690552,3895343,409580,452140,420501,94583,0,675,0
14.681924104690552,3895350,346604,389232,357546,81450,0,674,0
14.681924104690552,3895357,65464,107676,76300,15704,0,668,0
14.731673002243042,3895335,434848,477256,445726,100712,170,676,0
14.731673002243042,3895343,412708,455212,423629,95357,0,675,0
14.731673002243042,3895350,353956,397168,364902,82610,0,674,0
14.731673002243042,3895357,65888,108060,76724,15816,0,668,0
14.784745216369629,3895335,434912,477384,445790,100728,170,676,0
14.784745216369629,3895343,414092,456620,425017,95726,0,675,0
14.784745216369629,3895350,354460,398320,365538,83448,0,674,0
14.784745216369629,3895357,66080,108316,76916,15864,0,668,0
14.838742017745972,3895335,434916,477384,445794,100729,170,676,0
14.838742017745972,3895343,415688,458284,426609,96145,0,675,0
14.838742017745972,3895350,360616,403312,371558,84864,0,674,0
14.838742017745972,3895357,66276,108444,77112,15913,0,668,0
14.896006107330322,3895335,434916,477384,445794,100729,170,676,0
14.896006107330322,3895343,418228,460716,429149,96810,0,676,0
14.896006107330322,3895350,361628,404208,372570,85206,0,674,0
14.896006107330322,3895357,66596,108828,77432,15993,0,668,0
14.944972038269043,3895335,434988,477384,445866,100739,170,676,0
14.944972038269043,3895343,418228,460716,429149,96810,0,676,0
14.944972038269043,3895350,367352,409968,378294,86637,0,674,0
14.944972038269043,3895357,66980,109212,77816,16073,0,668,0
14.987099170684814,3895335,435232,477640,446110,100808,170,676,0
14.987099170684814,3895343,418228,460716,429149,96810,0,676,0
14.987099170684814,3895350,368396,411120,379338,86781,0,674,0
14.987099170684814,3895357,67300,109468,78136,16169,0,668,0
15.019894123077393,3895335,435276,477640,446154,100819,170,676,0
15.019894123077393,3895343,418076,460716,428997,96810,0,676,0
15.019894123077393,3895350,377700,420336,388642,89137,0,674,0
15.019894123077393,3895357,67620,109852,78456,16233,0,668,0
15.05307912826538,3895335,435316,477768,446194,100828,170,676,0
15.05307912826538,3895343,418076,460716,428997,96810,0,676,0
15.05307912826538,3895350,373400,415972,384342,90432,0,674,0
15.05307912826538,3895357,67876,110108,78712,16313,0,668,0
15.089481115341187,3895335,436396,478792,447274,101099,170,676,0
15.089481115341187,3895343,418764,461228,429685,96977,0,676,0
15.089481115341187,3895350,381692,424292,392634,92414,0,674,0
15.089481115341187,3895357,68196,110364,79032,16393,0,668,0
15.142627000808716,3895335,436636,479048,447514,101159,170,676,0
15.142627000808716,3895343,419556,461996,430477,97180,0,676,0
15.142627000808716,3895350,390784,433380,401726,94778,0,675,0
15.142627000808716,3895357,68708,110876,79544,16521,0,668,0
15.187924146652222,3895335,436636,479048,447514,101162,170,676,0
15.187924146652222,3895343,419572,461996,430501,97194,0,676,0
15.187924146652222,3895350,390636,433380,401726,94778,0,675,0
15.187924146652222,3895357,69016,111260,79852,16598,0,668,0
15.239466190338135,3895335,436636,479048,447514,101172,170,676,0
15.239466190338135,3895343,419724,462252,430645,97220,0,676,0
15.239466190338135,3895350,398832,442468,409774,96544,0,675,0
15.239466190338135,3895357,69348,111516,80184,16665,0,668,0
15.290374994277954,3895335,436956,479432,447834,101228,170,676,0
15.290374994277954,3895343,419724,462252,430645,97236,0,676,0
15.290374994277954,3895350,405864,448484,416806,98548,0,675,0
15.290374994277954,3895357,69668,111900,80504,16761,0,668,0
15.324135065078735,3895335,437504,479944,448382,101389,170,676,0
15.324135065078735,3895343,419724,462252,430645,97236,0,676,0
15.324135065078735,3895350,405888,448484,416830,98554,0,675,0
15.324135065078735,3895357,69924,112156,80760,16825,0,668,0
15.356719017028809,3895335,437504,479944,448382,101389,170,676,0
15.356719017028809,3895343,419724,462252,430645,97236,0,676,0
15.356719017028809,3895350,405888,448484,416830,98554,0,675,0
15.356719017028809,3895357,70244,112412,81080,16905,0,668,0
15.389523029327393,3895335,437512,479944,448390,101391,170,676,0
15.389523029327393,3895343,419724,462252,430645,97236,0,676,0
15.389523029327393,3895350,405916,448484,416858,98561,0,675,0
15.389523029327393,3895357,70500,112668,81336,16969,0,668,0
15.423509120941162,3895335,437512,479944,448390,101391,170,676,0
15.423509120941162,3895343,419724,462252,430645,97236,0,676,0
15.423509120941162,3895350,406012,448612,416954,98585,0,675,0
15.423509120941162,3895357,70756,112924,81592,17033,0,668,0
15.459045171737671,3895335,437512,479944,448390,101391,170,676,0
15.459045171737671,3895343,419724,462252,430645,97236,0,676,0
15.459045171737671,3895350,406220,448868,417162,98628,0,675,0
15.459045171737671,3895357,71076,113308,81912,17113,0,668,0
15.493492126464844,3895335,437512,479944,448390,101391,170,676,0
15.493492126464844,3895343,419724,462252,430645,97236,0,676,0
15.493492126464844,3895350,406904,449508,417846,98797,0,675,0
15.493492126464844,3895357,71460,113692,82296,17209,0,668,0
15.532533168792725,3895335,438048,480456,448926,101493,170,676,0
15.532533168792725,3895343,419724,462252,430645,97236,0,676,0
15.532533168792725,3895350,408224,451172,419166,99045,0,675,0
15.532533168792725,3895357,71780,113948,82616,17289,0,668,0
15.566431999206543,3895335,438056,480456,448934,101527,170,676,0
15.566431999206543,3895343,419724,462252,430645,97236,0,676,0
15.566431999206543,3895350,410896,453476,421838,99777,0,675,0
15.566431999206543,3895357,72100,114332,82936,17369,0,668,0
15.600608110427856,3895335,438056,480456,448934,101527,170,676,0
15.600608110427856,3895343,419724,462252,430645,97236,0,676,0
15.600608110427856,3895350,412572,456036,423514,100193,0,675,0
15.600608110427856,3895357,72420,114716,83256,17449,0,668,0
15.63490915298462,3895335,438056,480456,448934,101527,170,676,0
15.63490915298462,3895343,419724,462252,430645,97236,0,676,0
15.63490915298462,3895350,416376,458980,427318,101142,0,676,0
15.63490915298462,3895357,72676,114972,83512,17513,0,668,0
15.667704105377197,3895335,438056,480456,448934,101527,170,676,0
15.667704105377197,3895343,419724,462252,430645,97236,0,676,0
15.667704105377197,3895350,416376,458980,427318,101176,0,676,0
15.667704105377197,3895357,73060,115228,83896,17609,0,668,0
15.700972080230713,3895335,438056,480456,448934,101527,170,676,0
15.700972080230713,3895343,419724,462252,430645,97236,0,676,0
15.700972080230713,3895350,416376,458980,427318,101176,0,676,0
15.700972080230713,3895357,73316,115612,84152,17673,0,668,0
15.733911037445068,3895335,438056,480456,448934,101527,170,676,0
15.733911037445068,3895343,419724,462252,430645,97236,0,676,0
15.733911037445068,3895350,416376,458980,427318,101176,0,676,0
15.733911037445068,3895357,73636,115868,84472,17753,0,668,0
15.770670175552368,3895335,441064,483528,451942,102160,170,676,0
15.770670175552368,3895343,425652,468140,436573,98459,0,676,0
15.770670175552368,3895350,416028,458656,426970,101176,0,676,0
15.770670175552368,3895357,74084,116252,84920,17865,0,668,0
15.817269086837769,3895335,441096,442560,451974,102287,170,675,0
15.817269086837769,3895343,426192,468652,437113,98853,0,676,0
15.817269086837769,3895350,416472,459040,427414,101275,0,676,0
15.817269086837769,3895357,74532,116764,85368,17977,0,668,0
15.86496114730835,3895335,389832,432236,400718,103312,170,675,0
15.86496114730835,3895343,425168,468652,437133,98863,0,676,0
15.86496114730835,3895350,416536,459552,427922,101425,0,676,0
15.86496114730835,3895357,74884,117148,85752,18073,0,668,0
15.915213108062744,3895335,389608,432236,400718,103312,170,675,0
15.915213108062744,3895343,425188,468780,437289,98936,0,676,0
15.915213108062744,3895350,416976,459552,427922,101425,0,676,0
15.915213108062744,3895357,75428,117660,86264,18201,0,668,0
15.964439153671265,3895335,390700,435180,401578,103312,170,675,0
15.964439153671265,3895343,426368,468780,437289,98947,0,676,0
15.964439153671265,3895350,417608,460192,428550,101582,0,676,0
15.964439153671265,3895357,75812,118044,86648,18299,0,668,0
16.015866994857788,3895335,393240,435692,404118,104162,170,675,0
16.015866994857788,3895343,426376,468780,437297,98949,0,676,0
16.015866994857788,3895350,417632,460192,428574,101588,0,676,0
16.015866994857788,3895357,76132,118300,86968,18379,0,668,0
16.05318021774292,3895335,393240,435692,404118,104162,170,675,0
16.05318021774292,3895343,426648,469164,437569,99016,0,676,0
16.05318021774292,3895350,417632,460192,428574,101588,0,676,0
16.05318021774292,3895357,76516,118684,87352,18475,0,668,0
16.096015214920044,3895335,393384,435820,404262,104198,170,675,0
16.096015214920044,3895343,426744,469164,437665,99041,0,676,0
16.096015214920044,3895350,417776,460320,428718,101624,0,676,0
16.096015214920044,3895357,77028,119196,87864,18587,0,668,0
16.148121118545532,3895335,393464,435948,404342,104214,170,675,0
16.148121118545532,3895343,426948,469420,437869,99088,0,676,0
16.148121118545532,3895350,423184,465696,434126,102612,0,676,0
16.148121118545532,3895357,77412,119580,88248,18699,0,668,0
16.195741176605225,3895335,393512,435948,404390,104230,170,675,0
16.195741176605225,3895343,427540,470060,438461,99236,0,676,0
16.195741176605225,3895350,423700,466208,434642,103101,0,676,0
16.195741176605225,3895357,77860,120092,88696,18811,0,668,0
16.245792150497437,3895335,393576,435948,404454,104242,170,675,0
16.245792150497437,3895343,427812,470316,438733,99304,0,676,0
16.245792150497437,3895350,423720,466336,434662,103110,0,676,0
16.245792150497437,3895357,78372,120604,89208,18923,0,668,0
16.298246145248413,3895335,393656,436076,404534,104266,170,675,0
16.298246145248413,3895343,427896,470316,438817,99329,0,676,0
16.298246145248413,3895350,423872,466464,434814,103148,0,676,0
16.298246145248413,3895357,78820,120988,89656,19051,0,668,0
16.347163200378418,3895335,393704,436076,404582,104278,170,675,0
16.347163200378418,3895343,428268,471084,439189,99367,0,676,0
16.347163200378418,3895350,423948,466592,434890,103151,0,676,0
16.347163200378418,3895357,79268,121500,90104,19147,0,668,0
16.39701008796692,3895335,393784,436204,404662,104294,170,675,0
16.39701008796692,3895343,428744,471212,439665,99539,0,676,0
16.39701008796692,3895350,424168,466720,435110,103217,0,676,0
16.39701008796692,3895357,79780,122012,90616,19291,0,668,0
16.449063062667847,3895335,393960,436460,404838,104339,170,675,0
16.449063062667847,3895343,429564,472236,440485,99718,0,676,0
16.449063062667847,3895350,424432,466976,435374,103262,0,676,0
16.449063062667847,3895357,80260,122524,91096,19411,0,668,0
16.501572132110596,3895335,394320,436716,405198,104432,170,675,0
16.501572132110596,3895343,430048,473644,440969,99867,0,676,0
16.501572132110596,3895350,424892,467488,435834,103399,0,676,0
16.501572132110596,3895357,80772,122908,91608,19523,0,668,0
16.553279161453247,3895335,398760,441196,409638,105312,170,675,0
16.553279161453247,3895343,436980,479404,447901,101600,0,676,0
16.553279161453247,3895350,424972,467488,435914,103418,0,676,0
16.553279161453247,3895357,81220,123420,92056,19651,0,668,0
16.602647066116333,3895335,402860,445292,413738,106566,170,675,0
16.602647066116333,3895343,445912,488364,456833,103833,0,676,0
16.602647066116333,3895350,425032,467616,435974,103437,0,676,0
16.602647066116333,3895357,81668,123932,92504,19763,0,668,0
16.65366506576538,3895335,403312,445676,414190,106680,170,675,0
16.65366506576538,3895343,445920,488364,456841,103835,0,676,0
16.65366506576538,3895350,425248,467872,436190,103492,0,676,0
16.65366506576538,3895357,82180,124316,93016,19875,0,668,0
16.70540714263916,3895335,403312,445676,414190,106680,170,675,0
16.70540714263916,3895343,446772,489260,457693,104048,0,676,0
16.70540714263916,3895350,425372,468000,436314,103523,0,676,0
16.70540714263916,3895357,82568,124828,93404,19988,0,668,0
16.755511045455933,3895335,405528,448492,416406,107107,170,675,0
16.755511045455933,3895343,446812,489260,457733,104057,0,676,0
16.755511045455933,3895350,425532,468128,436474,103563,0,676,0
16.755511045455933,3895357,83144,125340,93980,20132,0,668,0
16.8098042011261,3895335,408260,450668,419138,107917,170,675,0
16.8098042011261,3895343,385448,427960,396369,104092,0,675,0
16.8098042011261,3895350,425628,468256,436570,103591,0,676,0
16.8098042011261,3895357,97068,141168,107904,23285,0,669,0
16.863078117370605,3895335,408848,451308,419726,108051,170,675,0
16.863078117370605,3895343,385576,428088,396497,104131,0,675,0
16.863078117370605,3895350,427272,469920,438214,103958,0,676,0
16.863078117370605,3895357,123944,166784,134780,30202,0,670,0
16.920976161956787,3895335,409176,451564,420058,108155,170,675,0
16.920976161956787,3895343,385568,428088,396497,104137,0,675,0
16.920976161956787,3895350,429040,473504,440378,104161,0,676,0
16.920976161956787,3895357,135980,179072,146816,33513,0,670,0
16.97482705116272,3895335,411480,453996,422414,108536,170,675,0
16.97482705116272,3895343,385524,428088,396497,104156,0,675,0
16.97482705116272,3895350,432756,476192,444470,105610,0,676,0
16.97482705116272,3895357,152620,195200,163464,37590,0,670,0
17.026087045669556,3895335,413056,455532,423934,109094,170,675,0
17.026087045669556,3895343,385552,428088,396497,104176,0,675,0
17.026087045669556,3895350,432624,476320,444758,105693,0,676,0
17.026087045669556,3895357,163260,205568,174156,40458,0,670,0
17.081107139587402,3895335,412820,455532,423950,109134,170,675,0
17.081107139587402,3895343,385548,428088,396497,104218,0,675,0
17.081107139587402,3895350,435868,480672,446810,106212,0,676,0
17.081107139587402,3895357,174964,218368,185800,43019,0,670,0
17.130892992019653,3895335,413120,455532,423998,109145,170,675,0
17.130892992019653,3895343,385576,428088,396497,104221,0,675,0
17.130892992019653,3895350,438648,481184,449590,106908,0,676,0
17.130892992019653,3895357,199404,241536,210240,49463,0,671,0
17.186225175857544,3895335,416096,458476,426974,109845,170,676,0
17.186225175857544,3895343,385348,428088,396497,104221,0,675,0
17.186225175857544,3895350,438500,481184,449606,106914,0,676,0
17.186225175857544,3895357,225956,268672,236828,55104,0,672,0
17.238399028778076,3895335,417708,460908,428586,109992,170,676,0
17.238399028778076,3895343,385604,428088,396525,104238,0,675,0
17.238399028778076,3895350,438696,481312,449638,106925,0,676,0
17.238399028778076,3895357,267052,309248,277904,66400,0,672,0
17.296751022338867,3895335,422332,464748,433210,111452,170,676,0
17.296751022338867,3895343,385648,428088,396569,104250,0,675,0
17.296751022338867,3895350,438784,481312,449726,106959,0,676,0
17.296751022338867,3895357,294764,337920,305600,72032,0,673,0
17.35425615310669,3895335,424972,467436,435850,112095,170,676,0
17.35425615310669,3895343,385784,428472,396705,104274,0,675,0
17.35425615310669,3895350,438808,481440,449758,106963,0,676,0
17.35425615310669,3895357,330852,376320,341688,81360,0,674,0
17.410698175430298,3895335,426180,468716,437058,112290,170,676,0
17.410698175430298,3895343,389044,431672,399965,105100,0,675,0
17.410698175430298,3895350,438960,481568,449902,107003,0,676,0
17.410698175430298,3895357,354512,398976,365348,87130,0,674,0
17.47102117538452,3895335,428288,470764,439166,112917,170,676,0
17.47102117538452,3895343,392536,435000,403457,105906,0,675,0
17.47102117538452,3895350,439072,481696,450014,107027,0,676,0
17.47102117538452,3895357,363776,406016,374612,90575,0,674,0
17.524677991867065,3895335,428804,471276,439682,113063,170,676,0
17.524677991867065,3895343,394592,437304,405513,106430,0,675,0
17.524677991867065,3895350,439200,481824,450146,107064,0,676,0
17.524677991867065,3895357,368144,410496,379128,91706,0,674,0
17.581043004989624,3895335,429156,471532,440046,113164,170,676,0
17.581043004989624,3895343,394716,437304,405749,106546,0,675,0
17.581043004989624,3895350,439680,482208,450622,107163,0,676,0
17.581043004989624,3895357,367916,410496,379128,91706,0,674,0
17.63778018951416,3895335,429172,471532,440050,113175,170,676,0
17.63778018951416,3895343,394980,437432,405901,106582,0,675,0
17.63778018951416,3895350,383384,426264,394326,107343,0,675,0
17.63778018951416,3895357,370836,413360,381672,91821,0,674,0
17.69204616546631,3895335,429432,471916,440310,113240,170,676,0
17.69204616546631,3895343,395368,437816,406289,106679,0,675,0
17.69204616546631,3895350,390316,432920,401258,109113,0,675,0
17.69204616546631,3895357,381936,424240,392772,94508,0,674,0
17.746126174926758,3895335,429744,472172,440622,113317,170,676,0
17.746126174926758,3895343,395584,438072,406505,106735,0,675,0
17.746126174926758,3895350,391424,434200,402366,109285,0,675,0
17.746126174926758,3895357,383380,425660,394216,97471,0,675,0
17.80344009399414,3895335,430092,472556,440970,113399,170,676,0
17.80344009399414,3895343,395584,438072,406505,106735,0,675,0
17.80344009399414,3895350,392620,435224,403562,109781,0,675,0
17.80344009399414,3895357,393924,436924,404760,99756,0,675,0
17.860702991485596,3895335,430548,472940,441426,113518,170,676,0
17.860702991485596,3895343,395368,438072,406505,106735,0,675,0
17.860702991485596,3895350,392616,435352,403578,109788,0,675,0
17.860702991485596,3895357,397708,441148,409760,101382,0,675,0
17.917890071868896,3895335,430856,473324,441734,113604,170,676,0
17.917890071868896,3895343,395648,438072,406569,106751,0,675,0
17.917890071868896,3895350,396020,439192,406962,110625,0,675,0
17.917890071868896,3895357,404888,447804,415724,102456,0,675,0
17.973489999771118,3895335,431080,473580,441958,113655,170,676,0
17.973489999771118,3895343,396068,438584,406989,106850,0,675,0
17.973489999771118,3895350,400372,443160,411314,111722,0,675,0
17.973489999771118,3895357,409980,452156,420816,104146,0,675,0
18.028112173080444,3895335,431228,473580,442106,113700,170,676,0
18.028112173080444,3895343,397924,440376,408845,107320,0,675,0
18.028112173080444,3895350,400860,443416,411802,111855,0,675,0
18.028112173080444,3895357,409980,452156,420816,104146,0,675,0
18.081812143325806,3895335,431284,473708,442162,113713,170,676,0
18.081812143325806,3895343,398128,440632,409049,107355,0,675,0
18.081812143325806,3895350,402116,444696,413058,112169,0,675,0
18.081812143325806,3895357,410904,453052,421740,104374,0,675,0
18.13808012008667,3895335,431872,474348,442750,113828,170,676,0
18.13808012008667,3895343,403124,445880,414045,108571,0,675,0
18.13808012008667,3895350,402628,445336,413570,112297,0,675,0
18.13808012008667,3895357,413208,455484,424044,104915,0,675,0
18.19316005706787,3895335,431912,474348,442790,113871,170,676,0
18.19316005706787,3895343,403632,446136,414553,108747,0,675,0
18.19316005706787,3895350,402968,445592,413910,112368,0,675,0
18.19316005706787,3895357,417552,460732,428388,105615,0,676,0
18.24919605255127,3895335,435028,477420,445906,114650,170,676,0
18.24919605255127,3895343,403812,446264,414733,108794,0,675,0
18.24919605255127,3895350,404076,446616,415018,112658,0,675,0
18.24919605255127,3895357,421788,464188,432624,107084,0,676,0
18.30450415611267,3895335,435096,477548,445974,114670,170,676,0
18.30450415611267,3895343,405896,448440,416817,109307,0,675,0
18.30450415611267,3895350,406784,449304,417726,113336,0,675,0
18.30450415611267,3895357,426852,469052,437688,108363,0,676,0
18.359950065612793,3895335,435124,477548,446002,114677,170,676,0
18.359950065612793,3895343,406036,448440,416957,109350,0,675,0
18.359950065612793,3895350,406876,449432,417818,113358,0,675,0
18.359950065612793,3895357,426852,469052,437688,108371,0,676,0
18.3976891040802,3895335,435212,477676,446090,114699,170,676,0
18.3976891040802,3895343,411124,455096,422045,110220,0,675,0
18.3976891040802,3895350,407168,449688,418110,113428,0,675,0
18.3976891040802,3895357,426852,469052,437688,108371,0,676,0
18.4356369972229,3895335,435736,478188,446614,114801,170,676,0
18.4356369972229,3895343,416364,458936,427285,111900,0,676,0
18.4356369972229,3895350,408640,453016,419582,113738,0,675,0
18.4356369972229,3895357,426852,469052,437688,108371,0,676,0
18.473852157592773,3895335,438516,480876,449394,115438,170,676,0
18.473852157592773,3895343,416508,458936,427429,111968,0,676,0
18.473852157592773,3895350,415612,458264,426554,115518,0,675,0
18.473852157592773,3895357,426708,469052,437544,108371,0,676,0
18.51483702659607,3895335,440304,482796,451182,115879,170,676,0
18.51483702659607,3895343,417280,459832,428201,112135,0,676,0
18.51483702659607,3895350,416296,458904,427238,115710,0,676,0
18.51483702659607,3895357,427260,469436,438096,108485,0,676,0
18.5727059841156,3895335,441868,484588,452746,116350,170,676,0
18.5727059841156,3895343,417788,460344,428717,112276,0,676,0
18.5727059841156,3895350,416752,459288,427694,115799,0,676,0
18.5727059841156,3895357,428152,470332,438988,108738,0,676,0
18.631120204925537,3895335,443576,485996,454454,116763,170,676,0
18.631120204925537,3895343,418068,460600,428989,112360,0,676,0
18.631120204925537,3895350,417220,459800,428162,115945,0,676,0
18.631120204925537,3895357,428168,470332,439004,108742,0,676,0
18.678508043289185,3895335,443728,486124,454606,116822,170,676,0
18.678508043289185,3895343,418336,460856,429257,112429,0,676,0
18.678508043289185,3895350,417820,460440,428762,116083,0,676,0
18.678508043289185,3895357,428304,470460,439140,108760,0,676,0
18.736500024795532,3895335,444908,487660,455786,117038,170,676,0
18.736500024795532,3895343,418956,461496,429877,112575,0,676,0
18.736500024795532,3895350,418036,460568,428978,116149,0,676,0
18.736500024795532,3895357,428304,470460,439140,108776,0,676,0
18.795154094696045,3895335,452268,495084,463146,118758,170,676,0
18.795154094696045,3895343,419168,461624,430089,112637,0,676,0
18.795154094696045,3895350,418912,461464,429854,116320,0,676,0
18.795154094696045,3895357,428304,470460,439140,108776,0,676,0
18.85272717475891,3895335,455164,497644,466042,119686,170,676,0
18.85272717475891,3895343,419172,461624,430093,112638,0,676,0
18.85272717475891,3895350,419012,461592,429954,116393,0,676,0
18.85272717475891,3895357,428304,470460,439140,108776,0,676,0
18.914273023605347,3895335,455180,497644,466058,119691,170,676,0
18.914273023605347,3895343,419224,461752,430145,112651,0,676,0
18.914273023605347,3895350,419056,461720,429998,116404,0,676,0
18.914273023605347,3895357,428304,470460,439140,108776,0,676,0
18.98040199279785,3895335,455880,498284,466758,119861,170,676,0
18.98040199279785,3895343,419712,462136,430633,112773,0,676,0
18.98040199279785,3895350,419348,461976,430290,116477,0,676,0
18.98040199279785,3895357,428304,470460,439140,108776,0,676,0
19.105687141418457,3895335,457248,499692,468126,120208,170,676,0
19.105687141418457,3895343,419932,462392,430853,112828,0,676,0
19.105687141418457,3895350,420776,463384,431718,116754,0,676,0
19.105687141418457,3895357,428304,470460,439140,108776,0,676,0
19.195340156555176,3895335,457248,499692,468126,120208,170,676,0
19.195340156555176,3895343,420724,463288,431645,113026,0,676,0
19.195340156555176,3895350,420808,463384,431750,116842,0,676,0
19.195340156555176,3895357,428304,470460,439140,108776,0,676,0
19.233596086502075,3895335,457008,499488,467886,120208,170,676,0
19.233596086502075,3895343,425680,468152,436601,114265,0,676,0
19.233596086502075,3895350,420848,463384,431790,116852,0,676,0
19.233596086502075,3895357,428304,470460,439140,108776,0,676,0
19.272171020507812,3895335,457008,499488,467886,120208,170,676,0
19.272171020507812,3895343,425780,468280,436701,114290,0,676,0
19.272171020507812,3895350,420848,463384,431790,116852,0,676,0
19.272171020507812,3895357,428304,470460,439140,108776,0,676,0
19.309679985046387,3895335,457008,499488,467886,120208,170,676,0
19.309679985046387,3895343,426076,468536,436997,114364,0,676,0
19.309679985046387,3895350,420848,463384,431790,116852,0,676,0
19.309679985046387,3895357,428304,470460,439140,108776,0,676,0
19.348116159439087,3895335,457008,499488,467886,120208,170,676,0
19.348116159439087,3895343,426100,468536,437021,114370,0,676,0
19.348116159439087,3895350,420856,463384,431798,116854,0,676,0
19.348116159439087,3895357,428304,470460,439140,108776,0,676,0
19.385884046554565,3895335,457008,499488,467886,120208,170,676,0
19.385884046554565,3895343,426924,469688,437845,114570,0,676,0
19.385884046554565,3895350,420856,463384,431798,116854,0,676,0
19.385884046554565,3895357,428304,470460,439140,108776,0,676,0
19.424633026123047,3895335,457036,499488,467914,120215,170,676,0
19.424633026123047,3895343,429100,471608,440021,115120,0,676,0
19.424633026123047,3895350,420856,463384,431798,116854,0,676,0
19.424633026123047,3895357,428304,470460,439140,108776,0,676,0
19.46302318572998,3895335,457036,499488,467914,120215,170,676,0
19.46302318572998,3895343,429512,471992,440433,115216,0,676,0
19.46302318572998,3895350,420856,463384,431798,116854,0,676,0
19.46302318572998,3895357,428304,470460,439140,108776,0,676,0
19.502249002456665,3895335,457036,499488,467914,120215,170,676,0
19.502249002456665,3895343,431276,473912,442197,115662,0,676,0
19.502249002456665,3895350,420856,463384,431798,116854,0,676,0
19.502249002456665,3895357,428304,470460,439140,108776,0,676,0
19.540657997131348,3895335,457036,499488,467914,120215,170,676,0
19.540657997131348,3895343,432804,475448,443725,116046,0,676,0
19.540657997131348,3895350,420856,463384,431798,116854,0,676,0
19.540657997131348,3895357,428304,470460,439140,108776,0,676,0
19.58013105392456,3895335,457036,499488,467914,120215,170,676,0
19.58013105392456,3895343,434688,477240,445609,116504,0,676,0
19.58013105392456,3895350,420856,463384,431798,116854,0,676,0
19.58013105392456,3895357,428304,470460,439140,108776,0,676,0
19.619572162628174,3895335,457036,499488,467914,120215,170,676,0
19.619572162628174,3895343,437252,479800,448173,117059,0,676,0
19.619572162628174,3895350,420856,463384,431798,116854,0,676,0
19.619572162628174,3895357,428304,470460,439140,108776,0,676,0
19.658635139465332,3895335,457036,499488,467914,120215,170,676,0
19.658635139465332,3895343,438112,480568,449033,117328,0,676,0
19.658635139465332,3895350,420880,463384,431822,116860,0,676,0
19.658635139465332,3895357,428304,470460,439140,108776,0,676,0
19.70715022087097,3895335,457112,499488,467990,120234,170,676,0
19.70715022087097,3895343,438176,480696,449097,117389,0,676,0
19.70715022087097,3895350,420880,463384,431822,116860,0,676,0
19.70715022087097,3895357,428304,470460,439140,108776,0,676,0
19.745184183120728,3895335,457172,499616,468050,120247,170,676,0
19.745184183120728,3895343,438176,480696,449097,117389,0,676,0
19.745184183120728,3895350,420880,463384,431822,116860,0,676,0
19.745184183120728,3895357,428304,470460,439140,108776,0,676,0
19.784788131713867,3895335,457220,499616,468098,120258,170,676,0
19.784788131713867,3895343,438028,480540,448949,117393,0,676,0
19.784788131713867,3895350,420880,463384,431822,116860,0,676,0
19.784788131713867,3895357,428304,470460,439140,108776,0,676,0
19.824087142944336,3895335,457332,499744,468210,120289,170,676,0
19.824087142944336,3895343,438028,480540,448949,117393,0,676,0
19.824087142944336,3895350,420880,463384,431822,116860,0,676,0
19.824087142944336,3895357,428304,470460,439140,108776,0,676,0
19.867173194885254,3895335,457760,500256,468638,120380,170,676,0
19.867173194885254,3895343,438028,480540,448949,117393,0,676,0
19.867173194885254,3895350,420880,463384,431822,116860,0,676,0
19.867173194885254,3895357,428304,470460,439140,108776,0,676,0
19.909566164016724,3895335,458136,500512,469014,120490,170,676,0
19.909566164016724,3895343,438028,480540,448949,117393,0,676,0
19.909566164016724,3895350,420880,463384,431822,116860,0,676,0
19.909566164016724,3895357,428304,470460,439140,108776,0,676,0
19.952579021453857,3895335,459276,501792,470154,120519,170,676,0
19.952579021453857,3895343,440400,483612,451321,117899,0,676,0
19.952579021453857,3895350,424952,467736,435894,117372,0,676,0
19.952579021453857,3895357,433736,476220,444572,109467,0,676,0
20.008318185806274,3895335,462612,506272,473490,121397,170,676,0
20.008318185806274,3895343,448084,490652,459005,119912,0,676,0
20.008318185806274,3895350,425512,468120,436454,118024,0,676,0
20.008318185806274,3895357,434520,476732,445356,110343,0,676,0
20.06319808959961,3895335,465908,508320,476786,122427,170,676,0
20.06319808959961,3895343,448296,490780,459217,119965,0,676,0
20.06319808959961,3895350,427456,470040,438398,118510,0,676,0
20.06319808959961,3895357,434564,476732,445400,110351,0,676,0
20.1253080368042,3895335,466408,508832,477286,122533,170,676,0
20.1253080368042,3895343,448508,491292,459429,120007,0,676,0
20.1253080368042,3895350,427820,470424,438762,118601,0,676,0
20.1253080368042,3895357,434704,476860,445540,110389,0,676,0
20.183195114135742,3895335,468112,510496,478990,123024,170,676,0
20.183195114135742,3895343,453380,495900,464301,121167,0,676,0
20.183195114135742,3895350,429304,471832,440246,118911,0,676,0
20.183195114135742,3895357,434868,477116,445704,110430,0,676,0
20.241799116134644,3895335,468480,510880,479358,123096,170,676,0
20.241799116134644,3895343,454212,496668,465133,121429,0,676,0
20.241799116134644,3895350,430212,472728,441154,119199,0,676,0
20.241799116134644,3895357,435160,477372,446020,110512,0,676,0
20.301940202713013,3895335,469276,512160,480262,123156,170,676,0
20.301940202713013,3895343,455064,497692,466001,121670,0,676,0
20.301940202713013,3895350,430484,473624,441426,119230,0,676,0
20.301940202713013,3895357,361712,403964,372548,110581,0,674,0
20.358126163482666,3895335,472720,515196,483598,123684,170,676,0
20.358126163482666,3895343,456184,498716,467105,121946,0,676,0
20.358126163482666,3895350,434684,477208,445626,120304,0,676,0
20.358126163482666,3895357,362332,404476,373168,110736,0,674,0
20.415425062179565,3895335,479036,521724,489914,125263,170,676,0
20.415425062179565,3895343,456344,498844,467265,121986,0,676,0
20.415425062179565,3895350,436340,479128,447282,120727,0,676,0
20.415425062179565,3895357,362412,404604,373248,110756,0,674,0
20.472041130065918,3895335,479424,521852,490302,125360,170,676,0
20.472041130065918,3895343,456536,498972,467457,122033,0,676,0
20.472041130065918,3895350,437640,480280,448582,121056,0,676,0
20.472041130065918,3895357,362620,404860,373456,110808,0,674,0
20.528356075286865,3895335,479892,522364,490770,125373,170,676,0
20.528356075286865,3895343,456792,499228,467713,122098,0,676,0
20.528356075286865,3895350,440156,482840,451098,121620,0,676,0
20.528356075286865,3895357,362808,404988,373644,110828,0,674,0
20.58629608154297,3895335,480264,522748,491142,125501,170,676,0
20.58629608154297,3895343,460356,503068,471277,122982,0,676,0
20.58629608154297,3895350,442152,484760,453094,122138,0,676,0
20.58629608154297,3895357,363596,405756,374432,111042,0,674,0
20.645673036575317,3895335,484792,527356,495670,126607,170,677,0
20.645673036575317,3895343,462024,504476,472945,123406,0,676,0
20.645673036575317,3895350,446820,489368,457762,123333,0,676,0
20.645673036575317,3895357,364096,406524,374932,111157,0,674,0
20.702611207962036,3895335,488252,530684,499138,127569,170,677,0
20.702611207962036,3895343,462416,504860,473337,123504,0,676,0
20.702611207962036,3895350,446804,489368,457802,123363,0,676,0
20.702611207962036,3895357,366796,410364,378988,112174,0,674,0
20.76160216331482,3895335,489452,531836,500330,127865,170,677,0
20.76160216331482,3895343,463172,505756,474093,123729,0,676,0
20.76160216331482,3895350,447164,489752,458106,123443,0,676,0
20.76160216331482,3895357,374732,417660,385568,113372,0,674,0
20.81257915496826,3895335,489948,532348,500826,127993,170,677,0
20.81257915496826,3895343,463248,505756,474169,123754,0,676,0
20.81257915496826,3895350,447528,490264,458470,123516,0,676,0
20.81257915496826,3895357,376768,418940,387604,114352,0,674,0
20.850189208984375,3895335,489948,532348,500826,127993,170,677,0
20.850189208984375,3895343,463316,505756,474237,123771,0,676,0
20.850189208984375,3895350,451992,494616,462934,124678,0,676,0
20.850189208984375,3895357,387084,429308,397920,116931,0,675,0
20.88928198814392,3895335,489948,532348,500826,127993,170,677,0
20.88928198814392,3895343,463480,505884,474401,123812,0,676,0
20.88928198814392,3895350,452184,494744,463126,124753,0,676,0
20.88928198814392,3895357,387132,429308,397968,116943,0,675,0
20.92819905281067,3895335,489948,532348,500826,127993,170,677,0
20.92819905281067,3895343,467612,510364,478533,124841,0,676,0
20.92819905281067,3895350,452672,495384,463614,124871,0,676,0
20.92819905281067,3895357,388572,430844,399408,117167,0,675,0
20.966777086257935,3895335,489948,532348,500826,127993,170,677,0
20.966777086257935,3895343,468000,510492,478921,124934,0,676,0
20.966777086257935,3895350,455000,498456,465942,125449,0,676,0
20.966777086257935,3895357,388752,430972,399588,117348,0,675,0
21.005275011062622,3895335,489948,532348,500826,127993,170,677,0
21.005275011062622,3895343,468056,510492,478977,124956,0,676,0
21.005275011062622,3895350,457828,500376,468770,126155,0,676,0
21.005275011062622,3895357,388896,431100,399732,117384,0,675,0
21.042996168136597,3895335,489948,532348,500826,127993,170,677,0
21.042996168136597,3895343,471720,514332,482641,125728,0,676,0
21.042996168136597,3895350,459116,501656,470058,126475,0,676,0
21.042996168136597,3895357,389032,431228,399876,117423,0,675,0
21.08169412612915,3895335,489948,532348,500826,127993,170,677,0
21.08169412612915,3895343,471920,514332,482841,125922,0,676,0
21.08169412612915,3895350,459240,501784,470182,126516,0,676,0
21.08169412612915,3895357,389204,431356,400040,117469,0,675,0
21.12099599838257,3895335,489948,532348,500826,127993,170,677,0
21.12099599838257,3895343,476544,519068,487465,127078,0,676,0
21.12099599838257,3895350,459652,502296,470594,126612,0,676,0
21.12099599838257,3895357,389348,431484,400184,117508,0,675,0
21.15903902053833,3895335,489948,532348,500826,127993,170,677,0
21.15903902053833,3895343,477264,519708,488185,127258,0,676,0
21.15903902053833,3895350,459784,502296,470726,126658,0,676,0
21.15903902053833,3895357,389448,431612,400284,117533,0,675,0
21.19665217399597,3895335,489948,532348,500826,127993,170,677,0
21.19665217399597,3895343,477496,519964,488417,127309,0,676,0
21.19665217399597,3895350,459888,502424,470830,126683,0,676,0
21.19665217399597,3895357,389544,431740,400380,117557,0,675,0
21.234628200531006,3895335,489948,532348,500826,127993,170,677,0
21.234628200531006,3895343,477496,519964,488417,127316,0,676,0
21.234628200531006,3895350,459764,502424,470706,126693,0,676,0
21.234628200531006,3895357,389608,431868,400444,117570,0,675,0
21.272229194641113,3895335,489948,532348,500826,127993,170,677,0
21.272229194641113,3895343,477552,519964,488473,127330,0,676,0
21.272229194641113,3895350,464172,506776,475114,127795,0,676,0
21.272229194641113,3895357,389728,431868,400564,117603,0,675,0
21.31026816368103,3895335,489948,532348,500826,127993,170,677,0
21.31026816368103,3895343,479032,521500,489953,127681,0,676,0
21.31026816368103,3895350,464204,506776,475146,127803,0,676,0
21.31026816368103,3895357,389840,431996,400676,117631,0,675,0
21.349359035491943,3895335,489948,532348,500826,127993,170,677,0
21.349359035491943,3895343,479236,521756,490157,127746,0,676,0
21.349359035491943,3895350,464332,506904,475274,127835,0,676,0
21.349359035491943,3895357,392040,434428,402876,118006,0,675,0
21.388978004455566,3895335,489948,532348,500826,127993,170,677,0
21.388978004455566,3895343,479432,521884,490353,127800,0,676,0
21.388978004455566,3895350,465440,508184,476382,128112,0,676,0
21.388978004455566,3895357,395192,437372,406028,118934,0,675,0
21.427869081497192,3895335,489948,532348,500826,127993,170,677,0
21.427869081497192,3895343,479432,521884,490353,127800,0,676,0
21.427869081497192,3895350,466644,509208,477586,128391,0,676,0
21.427869081497192,3895357,396904,439164,407740,119397,0,675,0
21.465898990631104,3895335,489948,532348,500826,127993,170,677,0
21.465898990631104,3895343,479432,521884,490353,127800,0,676,0
21.465898990631104,3895350,467712,510232,478654,128679,0,676,0
21.465898990631104,3895357,396964,439164,407800,119412,0,675,0
21.504086017608643,3895335,489948,532348,500826,127993,170,677,0
21.504086017608643,3895343,479432,521884,490353,127800,0,676,0
21.504086017608643,3895350,467776,510360,478718,128688,0,676,0
21.504086017608643,3895357,397612,439804,408448,119441,0,675,0
21.54235315322876,3895335,489948,532348,500826,127993,170,677,0
21.54235315322876,3895343,479432,521884,490353,127800,0,676,0
21.54235315322876,3895350,468444,511000,479386,128859,0,676,0
21.54235315322876,3895357,399168,441340,410004,119963,0,675,0
21.5811710357666,3895335,489948,532348,500826,127993,170,677,0
21.5811710357666,3895343,479432,521884,490353,127800,0,676,0
21.5811710357666,3895350,470092,512664,481034,129273,0,676,0
21.5811710357666,3895357,402256,444796,413092,120679,0,675,0
21.621926069259644,3895335,489948,532348,500826,127993,170,677,0
21.621926069259644,3895343,479432,521884,490353,127800,0,676,0
21.621926069259644,3895350,475216,519320,486158,130482,0,676,0
21.621926069259644,3895357,406072,449148,416908,121687,0,675,0
21.660534143447876,3895335,489948,532348,500826,127993,170,677,0
21.660534143447876,3895343,479432,521884,490353,127800,0,676,0
21.660534143447876,3895350,478572,521112,489514,131395,0,676,0
21.660534143447876,3895357,407548,449788,418384,122058,0,675,0
21.69878911972046,3895335,489948,532348,500826,127993,170,677,0
21.69878911972046,3895343,479432,521884,490353,127800,0,676,0
21.69878911972046,3895350,478616,521240,489558,131405,0,676,0
21.69878911972046,3895357,408172,450300,419008,122214,0,675,0
21.736860036849976,3895335,489948,532348,500826,127993,170,677,0
21.736860036849976,3895343,479432,521884,490353,127800,0,676,0
21.736860036849976,3895350,478616,521240,489558,131406,0,676,0
21.736860036849976,3895357,408708,450940,419544,122260,0,675,0
21.775200128555298,3895335,490872,534012,501750,127993,170,677,0
21.775200128555298,3895343,479432,521884,490353,127800,0,676,0
21.775200128555298,3895350,479524,522136,490490,131639,0,676,0
21.775200128555298,3895357,409244,451452,420080,122475,0,675,0
21.814122200012207,3895335,492432,534908,503318,128616,170,677,0
21.814122200012207,3895343,478920,521884,490353,127800,0,676,0
21.814122200012207,3895350,479688,522392,490750,131704,0,676,0
21.814122200012207,3895357,409248,451452,420144,122516,0,675,0
21.854989051818848,3895335,492424,534908,503318,128616,170,677,0
21.854989051818848,3895343,479432,521884,490353,127800,0,676,0
21.854989051818848,3895350,479840,522392,490782,131716,0,676,0
21.854989051818848,3895357,409816,451964,420652,122652,0,675,0
21.8937771320343,3895335,502088,545148,512966,130690,170,677,0
21.8937771320343,3895343,479432,521884,490353,127800,0,676,0
21.8937771320343,3895350,479964,522520,490906,131747,0,676,0
21.8937771320343,3895357,409968,452220,420804,122694,0,675,0
21.93208408355713,3895335,514488,557436,525366,133782,170,678,0
21.93208408355713,3895343,479432,521884,490353,127800,0,676,0
21.93208408355713,3895350,479984,522520,490926,131752,0,676,0
21.93208408355713,3895357,410564,452988,421400,122797,0,675,0
21.97027015686035,3895335,526896,569852,537774,136883,170,678,0
21.97027015686035,3895343,479432,521884,490353,127800,0,676,0
21.97027015686035,3895350,479984,522520,490926,131752,0,676,0
21.97027015686035,3895357,413576,455804,424412,123590,0,675,0
22.0075581073761,3895335,533996,576764,544874,138874,170,678,0
22.0075581073761,3895343,479432,521884,490353,127800,0,676,0
22.0075581073761,3895350,480008,522520,490950,131756,0,676,0
22.0075581073761,3895357,413772,455932,424608,123654,0,675,0
22.046617031097412,3895335,545760,588540,556638,141745,170,678,0
22.046617031097412,3895343,479432,521884,490353,127800,0,676,0
22.046617031097412,3895350,480124,522648,491066,131787,0,676,0
22.046617031097412,3895357,413904,456060,424740,123688,0,675,0
22.091302156448364,3895335,556612,590552,567490,144506,170,678,0
22.091302156448364,3895343,483036,526108,493957,128468,0,677,0
22.091302156448364,3895350,480676,523288,491618,131925,0,676,0
22.091302156448364,3895357,422412,464636,433256,125807,0,676,0
22.151769161224365,3895335,552756,595160,563686,146042,170,678,0
22.151769161224365,3895343,485652,528156,496665,129378,0,677,0
22.151769161224365,3895350,480644,523288,491618,131925,0,676,0
22.151769161224365,3895357,422500,465020,433596,125938,0,676,0
22.19512701034546,3895335,552752,595160,563686,146042,170,678,0
22.19512701034546,3895343,485732,528156,496665,129378,0,677,0
22.19512701034546,3895350,480600,523288,491618,131925,0,676,0
22.19512701034546,3895357,422560,465148,433740,126011,0,676,0
22.237668991088867,3895335,554548,597336,565426,146101,170,678,0
22.237668991088867,3895343,487332,530460,498253,129524,0,677,0
22.237668991088867,3895350,480676,523288,491618,131925,0,676,0
22.237668991088867,3895357,423376,465532,434212,126150,0,676,0
22.277480125427246,3895335,566732,609752,577610,149149,170,678,0
22.277480125427246,3895343,500080,543388,511001,132701,0,677,0
22.277480125427246,3895350,480676,523288,491618,131925,0,676,0
22.277480125427246,3895357,423576,465788,434412,126205,0,676,0
22.316549062728882,3895335,578712,621784,589590,152186,170,678,0
22.316549062728882,3895343,511408,554780,522329,135522,0,677,0
22.316549062728882,3895350,480676,523288,491618,131925,0,676,0
22.316549062728882,3895357,424056,466300,434892,126297,0,676,0
22.35611605644226,3895335,591444,634328,602322,155298,170,679,0
22.35611605644226,3895343,524288,567452,535209,138721,0,678,0
22.35611605644226,3895350,480676,523288,491618,131925,0,676,0
22.35611605644226,3895357,424308,466556,435144,126388,0,676,0
22.396038055419922,3895335,597668,640216,608742,157306,170,679,0
22.396038055419922,3895343,530704,573212,541721,140642,0,678,0
22.396038055419922,3895350,480628,523288,491618,131925,0,676,0
22.396038055419922,3895357,424308,466556,435156,126391,0,676,0
22.440566062927246,3895335,601940,644824,612818,157919,170,679,0
22.440566062927246,3895343,536572,579740,547493,141800,0,678,0
22.440566062927246,3895350,480676,523288,491618,131925,0,676,0
22.440566062927246,3895357,424944,467196,435780,126542,0,676,0
22.480698108673096,3895335,614248,657368,625126,161029,170,680,0
22.480698108673096,3895343,549472,592796,560393,145054,0,678,0
22.480698108673096,3895350,480676,523288,491618,131925,0,676,0
22.480698108673096,3895357,425208,467580,436044,126607,0,676,0
22.521023988723755,3895335,620372,662744,631270,162938,170,680,0
22.521023988723755,3895343,559200,602140,570121,147544,0,678,0
22.521023988723755,3895350,480676,523288,491618,131925,0,676,0
22.521023988723755,3895357,425948,468092,436784,126746,0,676,0
22.56317901611328,3895335,620380,662744,631270,162938,170,680,0
22.56317901611328,3895343,569904,613276,580825,150176,0,678,0
22.56317901611328,3895350,480676,523288,491618,131925,0,676,0
22.56317901611328,3895357,426120,468348,436956,126853,0,676,0
22.605332136154175,3895335,626628,669784,637506,164137,170,680,0
22.605332136154175,3895343,582680,626076,593601,153324,0,679,0
22.605332136154175,3895350,480676,523288,491618,131925,0,676,0
22.605332136154175,3895357,426208,468348,437044,126876,0,676,0
22.64595103263855,3895335,639676,682840,650554,167373,170,680,0
22.64595103263855,3895343,596088,639260,607009,156614,0,679,0
22.64595103263855,3895350,480676,523288,491618,131925,0,676,0
22.64595103263855,3895357,426272,468604,437132,126898,0,676,0
22.68753218650818,3895335,650208,693336,661086,170011,170,680,0
22.68753218650818,3895343,608068,651164,618989,159599,0,679,0
22.68753218650818,3895350,480676,523288,491618,131925,0,676,0
22.68753218650818,3895357,426608,468860,437444,126978,0,676,0
22.72829008102417,3895335,663400,705752,674278,173246,170,680,0
22.72829008102417,3895343,620900,663324,631833,163002,0,680,0
22.72829008102417,3895350,480676,523288,491618,131925,0,676,0
22.72829008102417,3895357,429400,471548,440240,127681,0,676,0
22.771353006362915,3895335,663300,705752,674278,173690,170,680,0
22.771353006362915,3895343,620820,663324,631833,163170,0,680,0
22.771353006362915,3895350,480676,523288,491618,131925,0,676,0
22.771353006362915,3895357,429460,471676,440296,127701,0,676,0
22.816044092178345,3895335,669132,712024,680010,174722,170,680,0
22.816044092178345,3895343,629068,672156,639989,164837,0,680,0
22.816044092178345,3895350,480676,523288,491618,131925,0,676,0
22.816044092178345,3895357,430172,472316,441008,127880,0,676,0
22.857269048690796,3895335,682128,725336,693006,177945,170,681,0
22.857269048690796,3895343,642460,685852,653381,168222,0,680,0
22.857269048690796,3895350,480676,523288,491618,131925,0,676,0
22.857269048690796,3895357,430328,472572,441164,127920,0,676,0
22.900344133377075,3895335,694684,738392,705562,180866,170,681,0
22.900344133377075,3895343,658080,701980,669001,171909,0,680,0
22.900344133377075,3895350,482768,526232,493710,132284,0,677,0
22.900344133377075,3895357,431536,473724,442372,128222,0,676,0
22.961968183517456,3895335,710056,753496,720934,184607,170,681,0
22.961968183517456,3895343,671020,714524,681941,175153,0,680,0
22.961968183517456,3895350,492404,535576,503346,134584,0,677,0
22.961968183517456,3895357,431776,473980,442612,128288,0,676,0
23.026573181152344,3895335,724764,767320,735750,189058,170,682,0
23.026573181152344,3895343,685524,728860,696453,178893,0,681,0
23.026573181152344,3895350,502684,545688,513626,137167,0,677,0
23.026573181152344,3895357,433264,475644,444100,128665,0,676,0
23.09406614303589,3895335,724872,767320,735750,189058,170,682,0
23.09406614303589,3895343,703008,746780,713929,183138,0,681,0
23.09406614303589,3895350,513988,557336,524930,140021,0,678,0
23.09406614303589,3895357,436176,478460,447012,129348,0,676,0
23.1601459980011,3895335,739008,781656,750090,192419,170,682,0
23.1601459980011,3895343,718608,761628,730137,187746,0,682,0
23.1601459980011,3895350,525316,567960,536290,143093,0,678,0
23.1601459980011,3895357,437196,479356,448032,129651,0,676,0
23.230192184448242,3895335,745936,789592,756814,193632,170,682,0
23.230192184448242,3895343,730544,774172,741465,189965,0,682,0
23.230192184448242,3895350,537636,580248,548578,146125,0,678,0
23.230192184448242,3895357,438772,481020,449608,130034,0,676,0
23.2957501411438,3895335,761672,805208,772550,197406,170,682,0
23.2957501411438,3895343,747760,791452,758681,194164,0,682,0
23.2957501411438,3895350,552032,595480,562974,149184,0,678,0
23.2957501411438,3895357,441832,484092,452676,130808,0,676,0
23.36631202697754,3895335,778124,821720,789002,201590,170,683,0
23.36631202697754,3895343,758160,801180,769081,197064,0,682,0
23.36631202697754,3895350,570460,613912,581402,153806,0,678,0
23.36631202697754,3895357,444388,486908,455224,131275,0,676,0
23.434041023254395,3895335,792928,836696,803806,205304,170,683,0
23.434041023254395,3895343,767484,810780,778405,199402,0,682,0
23.434041023254395,3895350,585508,628888,596450,157533,0,679,0
23.434041023254395,3895357,450404,492632,461240,132992,0,676,0
23.502814054489136,3895335,803760,847192,815626,209027,170,683,0
23.502814054489136,3895343,772200,815004,783417,201066,0,682,0
23.502814054489136,3895350,588052,632344,600682,159191,0,679,0
23.502814054489136,3895357,450436,492760,461372,133106,0,676,0
23.581022024154663,3895335,808844,851960,819722,209028,170,683,0
23.581022024154663,3895343,782736,825244,793657,203205,0,683,0
23.581022024154663,3895350,599980,642608,610922,161239,0,679,0
23.581022024154663,3895357,451872,494168,462708,133442,0,676,0
23.65484309196472,3895335,819084,861560,829962,210413,170,684,0
23.65484309196472,3895343,792976,835504,803897,204142,0,683,0
23.65484309196472,3895350,608028,651312,618973,161754,0,679,0
23.65484309196472,3895357,453128,495320,463964,133763,0,676,0
23.7298800945282,3895335,835644,879356,846522,213952,170,684,0
23.7298800945282,3895343,804580,847792,815501,206614,0,683,0
23.7298800945282,3895350,627300,670256,638242,166751,0,680,0
23.7298800945282,3895357,456616,498904,467452,134562,0,676,0
23.79908800125122,3895335,857464,900860,868342,219272,170,684,0
23.79908800125122,3895343,815216,858032,826177,209550,0,684,0
23.79908800125122,3895350,642408,685616,653930,170970,0,680,0
23.79908800125122,3895357,459092,501336,469988,135189,0,676,0
23.87368416786194,3895335,864944,908796,876234,221345,170,684,0
23.87368416786194,3895343,824628,868272,835813,211412,0,684,0
23.87368416786194,3895350,642932,685616,653930,170970,0,680,0
23.87368416786194,3895357,459252,501464,470088,135317,0,676,0
23.947136163711548,3895335,886576,930044,897454,226781,170,685,0
23.947136163711548,3895343,847480,891184,858401,216973,0,684,0
23.947136163711548,3895350,657324,699952,668266,174135,0,680,0
23.947136163711548,3895357,459568,501720,470428,135402,0,676,0
24.021310091018677,3895335,901984,945532,912862,230361,170,685,0
24.021310091018677,3895343,856680,900016,867601,219627,0,684,0
24.021310091018677,3895350,672092,715824,683034,177626,0,680,0
24.021310091018677,3895357,462172,504272,473008,136034,0,676,0
24.094727993011475,3895335,911240,953724,922126,233608,170,686,0
24.094727993011475,3895343,867280,910896,878485,222218,0,684,0
24.094727993011475,3895350,673592,716336,684650,178650,0,680,0
24.094727993011475,3895357,461948,504400,473044,136126,0,676,0
24.169903993606567,3895335,911232,953724,922126,233608,170,686,0
24.169903993606567,3895343,886316,929712,897237,226798,0,685,0
24.169903993606567,3895350,679912,723376,690898,179682,0,681,0
24.169903993606567,3895357,463032,505552,473868,136305,0,676,0
24.244956016540527,3895335,911248,953724,922126,233608,170,686,0
24.244956016540527,3895343,903556,946096,914529,231603,0,685,0
24.244956016540527,3895350,691940,734768,703114,183266,0,681,0
24.244956016540527,3895357,465580,507856,476508,137017,0,676,0
24.323044061660767,3895335,916324,959868,927470,234117,170,686,0
24.323044061660767,3895343,902884,946096,914529,231803,0,685,0
24.323044061660767,3895350,693184,736816,704126,183266,0,681,0
24.323044061660767,3895357,466608,509008,477444,137221,0,676,0
24.397159099578857,3895335,937684,980348,948562,239560,170,686,0
24.397159099578857,3895343,917944,960432,928865,235387,0,686,0
24.397159099578857,3895350,708328,751152,719498,187362,0,681,0
24.397159099578857,3895357,466992,509136,477828,137386,0,676,0
24.47540807723999,3895335,947840,991228,958718,241800,170,686,0
24.47540807723999,3895343,928860,971568,939781,237164,0,686,0
24.47540807723999,3895350,726880,770096,737930,191970,0,682,0
24.47540807723999,3895357,471476,513616,482312,138508,0,676,0
24.553524017333984,3895335,967220,1010940,978098,246568,170,686,0
24.553524017333984,3895343,946428,990000,957449,242269,0,686,0
24.553524017333984,3895350,748436,792112,759378,196578,0,682,0
24.553524017333984,3895357,471952,514128,482788,138631,0,676,0
24.63197612762451,3895335,984964,1028604,995866,251528,170,687,0
24.63197612762451,3895343,969196,1012528,980117,247245,0,686,0
24.63197612762451,3895350,771272,814896,782214,202210,0,682,0
24.63197612762451,3895357,474896,517200,485732,139274,0,676,0
24.713417053222656,3895335,1002888,1046012,1013774,255680,170,687,0
24.713417053222656,3895343,988964,1032496,999949,252309,0,687,0
24.713417053222656,3895350,774020,816688,785034,203748,0,682,0
24.713417053222656,3895357,480688,522832,491528,140539,0,676,0
24.791762113571167,3895335,1025500,1068796,1036378,261083,170,688,0
24.791762113571167,3895343,1005928,1049008,1016849,256761,0,688,0
24.791762113571167,3895350,790256,833072,801418,207332,0,683,0
24.791762113571167,3895357,484764,527056,495720,141878,0,677,0
24.871860027313232,3895335,1032080,1074556,1042958,263816,170,688,0
24.871860027313232,3895343,1019532,1063088,1030489,259880,0,688,0
24.871860027313232,3895350,807816,851248,818758,211616,0,683,0
24.871860027313232,3895357,484972,527184,495808,141905,0,677,0
24.951171159744263,3895335,1048256,1091452,1059342,267553,170,688,0
24.951171159744263,3895343,1040204,1083696,1051125,264948,0,688,0
24.951171159744263,3895350,827976,871600,838918,216419,0,684,0
24.951171159744263,3895357,489068,531280,499904,142402,0,677,0
25.03060007095337,3895335,1065368,1108988,1076462,271497,170,688,0
25.03060007095337,3895343,1055944,1099056,1066869,269168,0,688,0
25.03060007095337,3895350,833468,876080,844426,218596,0,684,0
25.03060007095337,3895357,489084,531280,499920,142936,0,677,0
25.111146211624146,3895335,1086960,1129852,1098254,276904,170,689,0
25.111146211624146,3895343,1072172,1114928,1083401,274025,0,689,0
25.111146211624146,3895350,835268,878512,846210,218596,0,684,0
25.111146211624146,3895357,489084,531280,499920,142936,0,677,0
25.193210124969482,3895335,1104264,1147772,1115142,280713,170,690,0
25.193210124969482,3895343,1089480,1133360,1101833,278633,0,689,0
25.193210124969482,3895350,847456,890416,858398,221668,0,684,0
25.193210124969482,3895357,489148,531280,499984,142954,0,677,0
25.276183128356934,3895335,1123904,1166716,1134782,285618,170,690,0
25.276183128356934,3895343,1105868,1148976,1116825,282190,0,690,0
25.276183128356934,3895350,860092,902704,871050,225252,0,684,0
25.276183128356934,3895357,489152,531280,499988,142956,0,677,0
25.362040996551514,3895335,1141612,1185148,1152490,290118,170,690,0
25.362040996551514,3895343,1124564,1168048,1135485,285983,0,690,0
25.362040996551514,3895350,865932,909360,876874,225785,0,684,0
25.362040996551514,3895357,489236,531408,500072,142977,0,677,0
25.442748069763184,3895335,1162036,1205244,1172918,296073,170,690,0
25.442748069763184,3895343,1142544,1185712,1153465,290850,0,690,0
25.442748069763184,3895350,884004,927280,894946,230673,0,685,0
25.442748069763184,3895357,489252,531408,500088,142981,0,677,0
25.50483202934265,3895335,1177416,1219964,1188366,299860,170,691,0
25.50483202934265,3895343,1156220,1200048,1167489,294508,0,690,0
25.50483202934265,3895350,892876,935472,903818,233444,0,685,0
25.50483202934265,3895357,494644,537424,505492,144041,0,677,0
25.582993984222412,3895335,1193856,1236348,1204750,304265,170,691,0
25.582993984222412,3895343,1176864,1219888,1187825,299466,0,691,0
25.582993984222412,3895350,892828,935472,903818,233444,0,685,0
25.582993984222412,3895357,508576,551504,519412,147523,0,677,0
25.675397157669067,3895335,1201500,1244668,1212378,304933,170,691,0
25.675397157669067,3895343,1201812,1245104,1212733,305244,0,691,0
25.675397157669067,3895350,912588,956080,924302,238565,0,686,0
25.675397157669067,3895357,521932,564560,532768,150805,0,678,0
25.763972997665405,3895335,1220336,1262972,1231390,309903,170,692,0
25.763972997665405,3895343,1219480,1262896,1230689,310381,0,692,0
25.763972997665405,3895350,926152,969264,937134,241656,0,686,0
25.763972997665405,3895357,528508,570704,539384,152808,0,678,0
25.85235619544983,3895335,1241036,1284860,1252454,314995,170,692,0
25.85235619544983,3895343,1237184,1280816,1249297,315341,0,692,0
25.85235619544983,3895350,942948,986416,953890,245240,0,686,0
25.85235619544983,3895357,528548,570704,539384,152808,0,678,0
25.94011116027832,3895335,1258284,1301884,1270302,319943,170,692,0
25.94011116027832,3895343,1258320,1301424,1269257,319597,0,692,0
25.94011116027832,3895350,963196,1006512,974138,250312,0,686,0
25.94011116027832,3895357,528548,570704,539384,152808,0,678,0
26.02744221687317,3895335,1275512,1318268,1286686,324751,170,693,0
26.02744221687317,3895343,1273056,1316272,1283977,323693,0,693,0
26.02744221687317,3895350,977448,1020976,988390,253644,0,687,0
26.02744221687317,3895357,536564,579024,547400,154473,0,678,0
26.12072515487671,3895335,1288168,1331964,1299046,327319,170,693,0
26.12072515487671,3895343,1285456,1327920,1296401,327277,0,693,0
26.12072515487671,3895350,997184,1041200,1008410,258631,0,687,0
26.12072515487671,3895357,550160,592976,560996,157926,0,678,0
26.21373414993286,3895335,1312036,1355132,1323582,333463,170,694,0
26.21373414993286,3895343,1300480,1344048,1311465,330349,0,693,0
26.21373414993286,3895350,1009700,1052336,1020666,262656,0,688,0
26.21373414993286,3895357,563744,606544,574592,161269,0,678,0
26.307446002960205,3895335,1328928,1371516,1339966,338071,170,694,0
26.307446002960205,3895343,1323108,1366704,1334301,335612,0,694,0
26.307446002960205,3895350,1010552,1053616,1021494,262656,0,688,0
26.307446002960205,3895357,586276,629456,597112,166714,0,679,0
26.4009850025177,3895335,1339788,1384060,1351298,340714,170,694,0
26.4009850025177,3895343,1342060,1389360,1353033,341193,0,694,0
26.4009850025177,3895350,1017916,1060528,1028858,264704,0,688,0
26.4009850025177,3895357,602492,645668,613384,171835,0,679,0
26.49443817138672,3895335,1357728,1400188,1368638,345239,170,694,0
26.49443817138672,3895343,1359496,1405232,1370481,345738,0,694,0
26.49443817138672,3895350,1027064,1070512,1038006,266032,0,688,0
26.49443817138672,3895357,626108,669092,636944,177583,0,680,0
26.591386079788208,3895335,1369972,1414524,1380926,348311,170,695,0
26.591386079788208,3895343,1369408,1412912,1380369,348269,0,695,0
26.591386079788208,3895350,1047368,1090992,1058310,271045,0,688,0
26.591386079788208,3895357,647868,691108,658704,183016,0,680,0
26.684730052947998,3895335,1392076,1439868,1402954,353431,170,695,0
26.684730052947998,3895343,1385820,1434032,1396741,352100,0,695,0
26.684730052947998,3895350,1064232,1107376,1075174,275971,0,688,0
26.684730052947998,3895357,671680,714660,682516,188913,0,680,0
26.781784057617188,3895335,1419176,1466492,1430078,360599,170,696,0
26.781784057617188,3895343,1406372,1450800,1417293,357485,0,696,0
26.781784057617188,3895350,1087560,1130160,1098502,281502,0,689,0
26.781784057617188,3895357,694412,736676,705272,195304,0,681,0
26.88223099708557,3895335,1441072,1488252,1451950,365805,170,696,0
26.88223099708557,3895343,1413148,1458608,1424273,359239,0,696,0
26.88223099708557,3895350,1095656,1138992,1106598,283131,0,689,0
26.88223099708557,3895357,707020,750116,717856,197795,0,681,0
26.982709169387817,3895335,1462148,1509372,1473390,371351,170,697,0
26.982709169387817,3895343,1421604,1467312,1432525,361158,0,696,0
26.982709169387817,3895350,1105884,1149360,1116826,285720,0,690,0
26.982709169387817,3895357,729240,771492,740088,203448,0,682,0
27.08170509338379,3895335,1480180,1526396,1491518,375959,170,697,0
27.08170509338379,3895343,1435948,1481648,1446869,364752,0,696,0
27.08170509338379,3895350,1128572,1171120,1139522,291355,0,690,0
27.08170509338379,3895357,749188,792996,760696,209128,0,682,0
27.182817220687866,3895335,1495108,1542140,1505986,379576,170,698,0
27.182817220687866,3895343,1457560,1503408,1468481,370297,0,696,0
27.182817220687866,3895350,1154964,1198384,1165906,297813,0,690,0
27.182817220687866,3895357,767120,809892,777956,213019,0,682,0
27.2826189994812,3895335,1520456,1568124,1531334,385417,170,698,0
27.2826189994812,3895343,1478380,1522608,1489361,375316,0,697,0
27.2826189994812,3895350,1180296,1223600,1191238,304146,0,691,0
27.2826189994812,3895357,791352,834596,802188,218748,0,683,0
27.384788036346436,3895335,1537824,1580412,1548862,390296,170,698,0
27.384788036346436,3895343,1498164,1545520,1509085,380118,0,698,0
27.384788036346436,3895350,1195636,1238704,1206622,308575,0,691,0
27.384788036346436,3895357,816824,859556,827660,225165,0,684,0
27.494084119796753,3895335,1537612,1581308,1548862,390296,170,698,0
27.494084119796753,3895343,1519000,1564720,1529921,385419,0,698,0
27.494084119796753,3895350,1211172,1254832,1222114,311826,0,692,0
27.494084119796753,3895357,829292,871844,840444,228945,0,684,0
27.60454821586609,3895335,1552320,1598972,1563198,393880,170,698,0
27.60454821586609,3895343,1530776,1578800,1541697,388217,0,698,0
27.60454821586609,3895350,1222748,1265328,1233734,315873,0,692,0
27.60454821586609,3895357,854508,897444,865344,234621,0,684,0
27.709362983703613,3895335,1572628,1617020,1583526,398684,170,699,0
27.709362983703613,3895343,1551772,1597744,1562693,393665,0,698,0
27.709362983703613,3895350,1235424,1278640,1246374,317861,0,692,0
27.709362983703613,3895357,880780,923044,891644,241897,0,685,0
27.816559076309204,3895335,1592120,1640316,1602998,403337,170,700,0
27.816559076309204,3895343,1566104,1610032,1577025,397176,0,699,0
27.816559076309204,3895350,1255560,1300784,1266502,323311,0,692,0
27.816559076309204,3895357,906656,949668,917492,247464,0,685,0
27.923094034194946,3895335,1618572,1666428,1629450,409770,170,700,0
27.923094034194946,3895343,1588100,1633328,1599225,402471,0,699,0
27.923094034194946,3895350,1272192,1317168,1283134,328211,0,693,0
27.923094034194946,3895357,933752,976676,944588,254185,0,686,0
28.03092122077942,3895335,1642456,1686652,1653342,416416,170,700,0
28.03092122077942,3895343,1609112,1654704,1620033,407898,0,700,0
28.03092122077942,3895350,1293372,1339056,1304314,333331,0,693,0
28.03092122077942,3895357,953556,996772,964416,259817,0,686,0
28.144256114959717,3895335,1669064,1713532,1679966,422418,170,701,0
28.144256114959717,3895343,1624676,1668912,1635633,411769,0,700,0
28.144256114959717,3895350,1317372,1365516,1328314,338835,0,694,0
28.144256114959717,3895357,980896,1023396,991732,265961,0,687,0
28.256200075149536,3895335,1685436,1727868,1696350,427168,170,701,0
28.256200075149536,3895343,1633340,1678000,1644609,414329,0,700,0
28.256200075149536,3895350,1330732,1378188,1341674,342193,0,694,0
28.256200075149536,3895357,995200,1038116,1006036,269457,0,687,0
28.37351107597351,3895335,1685440,1727868,1696350,427168,170,701,0
28.37351107597351,3895343,1654088,1702704,1665089,418956,0,700,0
28.37351107597351,3895350,1352276,1396492,1363282,347668,0,694,0
28.37351107597351,3895357,1022808,1066020,1033704,276715,0,688,0
28.49259614944458,3895335,1693292,1740156,1704170,428470,170,702,0
28.49259614944458,3895343,1679832,1728176,1690753,425593,0,701,0
28.49259614944458,3895350,1376328,1423116,1387270,353525,0,695,0
28.49259614944458,3895357,1040836,1083684,1051672,281816,0,688,0
28.608309984207153,3895335,1723336,1769468,1734214,435994,170,702,0
28.608309984207153,3895343,1704704,1750576,1715625,431737,0,702,0
28.608309984207153,3895350,1405064,1449740,1416006,360571,0,696,0
28.608309984207153,3895357,1065104,1107364,1076008,287990,0,688,0
28.726256132125854,3895335,1747900,1794940,1758778,442008,170,702,0
28.726256132125854,3895343,1719232,1762224,1730525,435360,0,702,0
28.726256132125854,3895350,1425528,1473036,1436486,366103,0,696,0
28.726256132125854,3895357,1088864,1131940,1099700,292770,0,689,0
28.84711503982544,3895335,1773536,1821308,1784414,448358,170,703,0
28.84711503982544,3895343,1742192,1784752,1753153,440793,0,702,0
28.84711503982544,3895350,1450932,1496076,1463110,372759,0,696,0
28.84711503982544,3895357,1103560,1146276,1114396,296858,0,689,0
28.97087812423706,3895335,1796028,1843580,1806942,454786,170,704,0
28.97087812423706,3895343,1758960,1804720,1769881,445243,0,703,0
28.97087812423706,3895350,1480700,1526284,1492206,379653,0,697,0
28.97087812423706,3895357,1128548,1171492,1139384,302545,0,690,0
29.093011140823364,3895335,1824728,1867132,1835614,461984,170,704,0
29.093011140823364,3895343,1777916,1823408,1788837,449985,0,703,0
29.093011140823364,3895350,1511424,1558284,1522366,387205,0,698,0
29.093011140823364,3895357,1156396,1199524,1167520,310519,0,690,0
29.220214128494263,3895335,1828456,1871228,1839710,463008,170,704,0
29.220214128494263,3895343,1788044,1833648,1798965,452729,0,703,0
29.220214128494263,3895350,1530192,1577996,1541134,391199,0,698,0
29.220214128494263,3895357,1173660,1215908,1184556,315128,0,691,0
29.34731411933899,3895335,1856360,1903484,1867238,468919,170,705,0
29.34731411933899,3895343,1807440,1852336,1818697,457435,0,704,0
29.34731411933899,3895350,1560280,1608332,1571222,398872,0,699,0
29.34731411933899,3895357,1198300,1241508,1209136,319994,0,691,0
29.472037076950073,3895335,1887816,1935228,1898694,476784,170,706,0
29.472037076950073,3895343,1825576,1871152,1837121,462157,0,704,0
29.472037076950073,3895350,1593156,1640460,1604098,407045,0,700,0
29.472037076950073,3895357,1212612,1254820,1223468,324856,0,692,0
29.59867811203003,3895335,1917312,1965436,1928190,484134,170,706,0
29.59867811203003,3895343,1852468,1896752,1863421,468094,0,704,0
29.59867811203003,3895350,1618056,1664140,1628998,413387,0,700,0
29.59867811203003,3895357,1237212,1279396,1248048,330019,0,692,0
29.74048900604248,3895335,1950176,1996924,1961053,492601,170,706,0
29.74048900604248,3895343,1868296,1913392,1879217,472719,0,705,0
29.74048900604248,3895350,1648080,1694604,1659021,420888,0,700,0
29.74048900604248,3895357,1262684,1305764,1273526,336121,0,692,0
29.879975080490112,3895335,1964752,2012796,1975629,496288,170,707,0
29.879975080490112,3895343,1881176,1925936,1892097,476180,0,705,0
29.879975080490112,3895350,1683496,1731084,1694453,429274,0,701,0
29.879975080490112,3895357,1296648,1339684,1307482,344641,0,693,0
30.02351999282837,3895335,1998816,2045308,2009693,504385,170,708,0
30.02351999282837,3895343,1910484,1958704,1921405,482920,0,706,0
30.02351999282837,3895350,1707840,1753356,1718781,435736,0,702,0
30.02351999282837,3895357,1333340,1376164,1344174,353846,0,694,0
30.15360403060913,3895335,2035952,2082172,2046829,513696,170,708,0
30.15360403060913,3895343,1939852,1985584,1950773,490647,0,706,0
30.15360403060913,3895350,1734792,1781516,1745733,442133,0,702,0
30.15360403060913,3895357,1363816,1406372,1375066,362758,0,694,0
30.289599180221558,3895335,2066672,2110844,2077549,521366,170,709,0
30.289599180221558,3895343,1966628,2014896,1977549,496791,0,707,0
30.289599180221558,3895350,1756260,1801484,1767201,447837,0,702,0
30.289599180221558,3895357,1395276,1443236,1406110,370192,0,696,0
30.42550802230835,3895335,2100724,2147708,2111681,530080,170,710,0
30.42550802230835,3895343,1998140,2043184,2009061,504795,0,708,0
30.42550802230835,3895350,1765020,1808140,1776453,450584,0,703,0
30.42550802230835,3895357,1421496,1467684,1432414,377095,0,696,0
30.56881618499756,3895335,2131160,2174332,2142181,537253,170,710,0
30.56881618499756,3895343,2001832,2044848,2013361,506519,0,708,0
30.56881618499756,3895350,1793380,1840652,1804321,456640,0,704,0
30.56881618499756,3895357,1448852,1494436,1459794,383644,0,696,0
30.71251106262207,3895335,2157928,2204796,2168805,543928,170,711,0
30.71251106262207,3895343,2022920,2065328,2033841,511639,0,708,0
30.71251106262207,3895350,1832188,1879820,1843129,466322,0,704,0
30.71251106262207,3895357,1472604,1516964,1483438,389668,0,697,0
30.853495121002197,3895335,2185096,2227580,2196061,552101,170,711,0
30.853495121002197,3895343,2047384,2090672,2058361,517154,0,708,0
30.853495121002197,3895350,1866944,1914636,1877885,475067,0,705,0
30.853495121002197,3895357,1505560,1551780,1516394,397639,0,698,0
30.999154090881348,3895335,2209760,2254204,2220637,556842,170,712,0
30.999154090881348,3895343,2068040,2113968,2078961,522391,0,709,0
30.999154090881348,3895350,1894992,1939212,1905933,482451,0,706,0
30.999154090881348,3895357,1540152,1582500,1551206,406801,0,698,0
31.14650821685791,3895335,2238432,2284924,2249309,563923,170,712,0
31.14650821685791,3895343,2084360,2128816,2095281,526999,0,709,0
31.14650821685791,3895350,1920868,1968012,1931809,488437,0,706,0
31.14650821685791,3895357,1575064,1617316,1586022,415014,0,699,0
31.297214031219482,3895335,2270980,2318588,2281857,572070,170,713,0
31.297214031219482,3895343,2103124,2148656,2114205,531095,0,710,0
31.297214031219482,3895350,1942968,1990156,1953925,494085,0,706,0
31.297214031219482,3895357,1589524,1631652,1600358,419089,0,699,0
31.448098182678223,3895335,2308360,2355324,2319237,581548,170,714,0
31.448098182678223,3895343,2127344,2170416,2138289,537227,0,710,0
31.448098182678223,3895350,1966988,2012300,1977929,500342,0,707,0
31.448098182678223,3895357,1613556,1660836,1624390,424621,0,700,0
31.61382508277893,3895335,2344804,2390780,2355805,591700,170,714,0
31.61382508277893,3895343,2154552,2199856,2165473,543895,0,711,0
31.61382508277893,3895350,2000336,2047244,2011277,508361,0,708,0
31.61382508277893,3895357,1651148,1698340,1661982,433993,0,700,0
31.77724599838257,3895335,2384528,2429564,2395405,600518,170,716,0
31.77724599838257,3895343,2180544,2223024,2191537,551063,0,711,0
31.77724599838257,3895350,2027568,2072332,2038609,515564,0,708,0
31.77724599838257,3895357,1687788,1733540,1698662,443665,0,701,0
31.93483304977417,3895335,2416340,2462844,2427485,608828,170,716,0
31.93483304977417,3895343,2195436,2240688,2206357,554136,0,712,0
31.93483304977417,3895350,2058192,2101900,2069329,523005,0,709,0
31.93483304977417,3895357,1716500,1764004,1727334,450833,0,702,0
32.0889790058136,3895335,2447240,2489724,2458205,617213,170,716,0
32.0889790058136,3895343,2211332,2256432,2222253,558231,0,712,0
32.0889790058136,3895350,2074772,2117388,2085713,527904,0,709,0
32.0889790058136,3895357,1748652,1796132,1759486,458367,0,702,0
32.24701905250549,3895335,2475436,2520444,2486877,624806,170,717,0
32.24701905250549,3895343,2231856,2277040,2242777,563203,0,712,0
32.24701905250549,3895350,2104532,2151180,2115473,534183,0,710,0
32.24701905250549,3895357,1785760,1832356,1796594,467337,0,703,0
32.40567898750305,3895335,2513472,2559996,2524349,632559,170,718,0
32.40567898750305,3895343,2252284,2294704,2263217,568983,0,712,0
32.40567898750305,3895350,2143048,2190220,2153989,543837,0,710,0
32.40567898750305,3895357,1825044,1869220,1835878,477249,0,704,0
32.56091618537903,3895335,2548908,2595708,2559785,641362,170,719,0
32.56091618537903,3895343,2278388,2325296,2289345,574515,0,713,0
32.56091618537903,3895350,2170640,2217228,2181581,550433,0,711,0
32.56091618537903,3895357,1847572,1892004,1858406,483167,0,704,0
32.72066020965576,3895335,2583476,2629628,2594353,650220,170,720,0
32.72066020965576,3895343,2318400,2364336,2329321,584397,0,714,0
32.72066020965576,3895350,2187376,2230540,2198353,556064,0,712,0
32.72066020965576,3895357,1880852,1928356,1891686,491062,0,705,0
32.8815701007843,3895335,2620880,2667388,2631757,659110,170,720,0
32.8815701007843,3895343,2344504,2389808,2355477,591428,0,714,0
32.8815701007843,3895350,2225096,2270988,2236053,564329,0,712,0
32.8815701007843,3895357,1904884,1947044,1915750,497937,0,706,0
33.04750299453735,3895335,2651080,2697724,2662049,667213,170,721,0
33.04750299453735,3895343,2357468,2402352,2368389,594466,0,715,0
33.04750299453735,3895350,2254776,2301708,2265725,571690,0,713,0
33.04750299453735,3895357,1930100,1977380,1941102,503534,0,706,0
33.21213507652283,3895335,2671868,2718716,2682745,671910,170,721,0
33.21213507652283,3895343,2383368,2428464,2394289,600991,0,716,0
33.21213507652283,3895350,2297780,2344588,2308721,582176,0,714,0
33.21213507652283,3895357,1972184,2018980,1983018,513861,0,707,0
33.376275062561035,3895335,2716816,2763516,2727693,683209,170,722,0
33.376275062561035,3895343,2410384,2455600,2421305,607748,0,716,0
33.376275062561035,3895350,2341608,2388364,2352549,593281,0,714,0
33.376275062561035,3895357,2015500,2062756,2026342,524953,0,708,0
33.540127992630005,3895335,2756572,2798972,2767453,694950,170,723,0
33.540127992630005,3895343,2437316,2482864,2448301,614477,0,716,0
33.540127992630005,3895350,2383020,2429452,2394129,603912,0,716,0
33.540127992630005,3895357,2027792,2069924,2038630,528657,0,708,0
33.7201931476593,3895335,2761968,2808060,2772845,694950,170,723,0
33.7201931476593,3895343,2456644,2499504,2467565,619221,0,717,0
33.7201931476593,3895350,2406580,2454156,2417573,610848,0,716,0
33.7201931476593,3895357,2042916,2087588,2053750,531865,0,708,0
33.894347190856934,3895335,2798308,2844028,2809185,703403,170,724,0
33.894347190856934,3895343,2475512,2517936,2486449,624791,0,717,0
33.894347190856934,3895350,2450392,2496268,2461413,620317,0,717,0
33.894347190856934,3895357,2080380,2127396,2091214,540803,0,709,0
34.06490421295166,3895335,2815912,2860412,2826845,709755,170,724,0
34.06490421295166,3895343,2489008,2533936,2499929,627126,0,718,0
34.06490421295166,3895350,2479876,2522892,2491217,629280,0,717,0
34.06490421295166,3895357,2117952,2165284,2128786,550172,0,710,0
34.242146015167236,3895335,2853060,2900092,2863937,717225,170,725,0
34.242146015167236,3895343,2525776,2571952,2536721,635784,0,718,0
34.242146015167236,3895350,2510708,2553612,2521665,635893,0,718,0
34.242146015167236,3895357,2144840,2191652,2155674,556828,0,710,0
34.41953921318054,3895335,2887532,2931068,2898525,727718,170,726,0
34.41953921318054,3895343,2556228,2601136,2567149,643889,0,719,0
34.41953921318054,3895350,2537472,2580236,2548561,642538,0,718,0
34.41953921318054,3895357,2165392,2212388,2176226,561948,0,711,0
34.60299611091614,3895335,2924032,2969340,2934909,735842,170,726,0
34.60299611091614,3895343,2576088,2620336,2587009,648960,0,719,0
34.60299611091614,3895350,2575204,2621068,2586145,651808,0,719,0
34.60299611091614,3895357,2201148,2246104,2211982,572714,0,712,0
34.781283140182495,3895335,2965392,3007868,2976349,745700,170,727,0
34.781283140182495,3895343,2606012,2652464,2616933,656023,0,720,0
34.781283140182495,3895350,2600960,2643724,2612049,658871,0,720,0
34.781283140182495,3895357,2234236,2281688,2245070,581404,0,712,0
34.96557807922363,3895335,3004160,3048828,3015037,754342,170,728,0
34.96557807922363,3895343,2635544,2679984,2646469,663899,0,720,0
34.96557807922363,3895350,2632108,2678156,2643049,665598,0,720,0
34.96557807922363,3895357,2279944,2326872,2290778,593040,0,713,0
35.14697813987732,3895335,3049180,3093756,3060113,766350,170,729,0
35.14697813987732,3895343,2656124,2700848,2667045,669335,0,721,0
35.14697813987732,3895350,2677204,2723212,2688233,676751,0,722,0
35.14697813987732,3895357,2325672,2372440,2336506,603579,0,714,0
35.32784414291382,3895335,3085728,3131132,3096605,775846,170,730,0
35.32784414291382,3895343,2685564,2732336,2696485,675525,0,722,0
35.32784414291382,3895350,2707340,2751372,2718281,684849,0,722,0
35.32784414291382,3895357,2365840,2413272,2376674,613685,0,715,0
35.515849113464355,3895335,3124008,3169660,3134885,786598,170,730,0
35.515849113464355,3895343,2717780,2761776,2728701,684250,0,722,0
35.515849113464355,3895350,2733780,2780044,2744721,691232,0,722,0
35.515849113464355,3895357,2403528,2446296,2414362,623371,0,716,0
35.70862317085266,3895335,3168300,3213948,3179177,796028,170,731,0
35.70862317085266,3895343,2742144,2786352,2753065,690335,0,722,0
35.70862317085266,3895350,2776188,2822028,2787129,701472,0,724,0
35.70862317085266,3895357,2448072,2494808,2458906,634371,0,717,0
35.896470069885254,3895335,3219268,3264380,3230145,808102,170,732,0
35.896470069885254,3895343,2768196,2812976,2779345,697904,0,723,0
35.896470069885254,3895350,2821692,2866444,2832633,712082,0,724,0
35.896470069885254,3895357,2493404,2540376,2504238,645306,0,718,0
36.090421199798584,3895335,3265096,3307516,3275973,819749,170,733,0
36.090421199798584,3895343,2795048,2837552,2805969,703374,0,724,0
36.090421199798584,3895350,2860276,2905356,2871217,722464,0,725,0
36.090421199798584,3895357,2539816,2586200,2550650,657046,0,718,0
36.28524899482727,3895335,3291996,3346300,3302873,828720,170,734,0
36.28524899482727,3895343,2821900,2866864,2832929,710303,0,724,0
36.28524899482727,3895350,2904212,2949132,2915153,733216,0,726,0
36.28524899482727,3895357,2579656,2625880,2590490,667245,0,720,0
36.483503103256226,3895335,3343096,3398908,3353973,841506,170,735,0
36.483503103256226,3895343,2855696,2900784,2866681,718562,0,725,0
36.483503103256226,3895350,2959344,3004172,2970285,746595,0,727,0
36.483503103256226,3895357,2627824,2674904,2638658,679196,0,720,0
36.68751502037048,3895335,3397384,3453052,3408261,854976,170,736,0
36.68751502037048,3895343,2887520,2932016,2898441,726687,0,726,0
36.68751502037048,3895350,2996520,3040524,3007493,757123,0,728,0
36.68751502037048,3895357,2683252,2729432,2694470,692938,0,722,0
36.8978910446167,3895335,3426752,3477372,3437645,862498,170,737,0
36.8978910446167,3895343,2930164,2974256,2941085,736939,0,726,0
36.8978910446167,3895350,3043280,3088140,3054221,767552,0,729,0
36.8978910446167,3895357,2737760,2784344,2748594,706160,0,722,0
37.098998069763184,3895335,3474080,3530236,3484957,874245,170,738,0
37.098998069763184,3895343,2975404,3020208,2986325,747536,0,728,0
37.098998069763184,3895350,3079964,3124620,3091429,777847,0,730,0
37.098998069763184,3895357,2792996,2839256,2803830,719906,0,724,0
37.302730083465576,3895335,3528540,3583740,3539417,887711,170,739,0
37.302730083465576,3895343,3027948,3072432,3038869,760382,0,728,0
37.302730083465576,3895350,3113920,3157772,3124861,786148,0,730,0
37.302730083465576,3895357,2846240,2893016,2857074,733764,0,725,0
37.50580906867981,3895335,3584472,3638652,3595349,901832,170,740,0
37.50580906867981,3895343,3081832,3126320,3092753,774038,0,730,0
37.50580906867981,3895350,3146020,3190284,3156961,794376,0,731,0
37.50580906867981,3895357,2895804,2943320,2907930,746890,0,726,0
37.71751117706299,3895335,3631576,3673980,3642453,913700,170,741,0
37.71751117706299,3895343,3104296,3146800,3115217,781983,0,730,0
37.71751117706299,3895350,3158164,3202828,3169105,796704,0,731,0
37.71751117706299,3895357,2908172,2952920,2918886,749852,0,726,0
38.06499409675598,3895335,3655024,3709564,3666047,919332,170,742,0
38.06499409675598,3895343,3148236,3192240,3159072,791061,0,731,0
38.06499409675598,3895350,3205144,3247756,3215928,809000,0,732,0
38.06499409675598,3895357,2929256,2968280,2939950,756508,0,726,0
38.28103804588318,3895335,3686700,3740156,3697507,929744,170,742,0
38.28103804588318,3895343,3177420,3218224,3188256,801982,0,732,0
38.28103804588318,3895350,3208624,3254924,3219408,815074,7,732,0
38.28103804588318,3895357,2958948,2999896,2969642,765745,0,727,0
38.51594805717468,3895335,3701108,3746556,3711915,938626,172,743,0
38.51594805717468,3895343,3182092,3229104,3192928,810023,13,732,0
38.51594805717468,3895350,3212272,3258636,3223056,821960,26,733,0
38.51594805717468,3895357,2979672,3015896,2990366,774340,0,728,0
38.72733020782471,3895335,3710152,3747324,3720959,943926,172,743,0
38.72733020782471,3895343,3192180,3237552,3203016,816825,74,733,0
38.72733020782471,3895350,3216244,3260428,3227028,828816,26,734,0
38.72733020782471,3895357,2961072,2995160,2971766,780573,1,728,0
38.940683126449585,3895335,3695520,3738620,3706327,948562,172,744,0
38.940683126449585,3895343,3167888,3205296,3178724,822461,74,733,0
38.940683126449585,3895350,3230996,3271564,3242140,835484,28,734,0
38.940683126449585,3895357,2980904,3024344,2991598,787832,38,729,0
39.158427000045776,3895335,3661864,3705724,3672671,956678,190,744,0
39.158427000045776,3895343,3115100,3149104,3125936,828579,74,734,0
39.158427000045776,3895350,3226004,3275020,3237124,841642,30,735,0
39.158427000045776,3895357,2998280,3038296,3008974,793747,40,730,0
39.37899208068848,3895335,3619864,3661948,3630671,963421,200,745,0
39.37899208068848,3895343,3084608,3126832,3095444,835496,74,734,0
39.37899208068848,3895350,3236288,3281420,3247072,847283,30,735,0
39.37899208068848,3895357,3002676,3039576,3013370,799881,41,730,0
39.59714317321777,3895335,3594296,3636348,3605103,969064,200,745,0
39.59714317321777,3895343,3081764,3128240,3092608,841535,75,735,0
39.59714317321777,3895350,3222320,3256984,3233104,852859,81,736,0
39.59714317321777,3895357,3008888,3050840,3019582,805787,44,730,0
39.81458401679993,3895335,3577724,3623420,3588531,972906,200,746,0
39.81458401679993,3895343,3064452,3109168,3075432,847952,86,736,0
39.81458401679993,3895350,3183032,3223576,3193816,857965,86,736,0
39.81458401679993,3895357,3027792,3070680,3038538,812613,48,731,0
40.033732175827026,3895335,3549804,3594492,3560611,979898,201,746,0
40.033732175827026,3895343,3041812,3086512,3052760,855794,86,736,0
40.033732175827026,3895350,3145712,3188120,3156496,862637,90,736,0
40.033732175827026,3895357,3053400,3096536,3064094,819700,53,732,0
40.25472903251648,3895335,3517412,3561852,3528219,987019,202,747,0
40.25472903251648,3895343,3006056,3052208,3016892,862581,91,736,0
40.25472903251648,3895350,3126412,3170840,3137544,868867,97,737,0
40.25472903251648,3895357,3078336,3118424,3089030,826704,56,732,0
40.47579908370972,3895335,3488228,3533308,3499035,992149,202,747,0
40.47579908370972,3895343,2973192,3018032,2984028,868655,99,737,0
40.47579908370972,3895350,3111816,3156760,3122732,875568,168,738,0
40.47579908370972,3895357,3103776,3146840,3114522,834892,60,733,0
40.698620080947876,3895335,3453812,3499772,3464619,998818,202,748,0
40.698620080947876,3895343,2937564,2981936,2948400,874835,117,738,0
40.698620080947876,3895350,3098428,3145112,3109212,882760,174,738,0
40.698620080947876,3895357,3127012,3173848,3137706,842254,612,734,0
40.921138048172,3895335,3412756,3461500,3423563,1003033,202,748,0
40.921138048172,3895343,2909728,2956464,2920696,881991,123,738,0
40.921138048172,3895350,3086376,3131416,3097160,888933,194,738,0
40.921138048172,3895357,3138508,3183960,3149202,849092,640,734,0
41.147627115249634,3895335,3386860,3433980,3397875,1010617,203,749,0
41.147627115249634,3895343,2871116,2916144,2881952,888182,184,738,0
41.147627115249634,3895350,3067512,3112984,3078296,894729,234,739,0
41.147627115249634,3895357,3153060,3198424,3163782,855904,722,734,0
41.37431716918945,3895335,3361632,3406076,3372439,1018010,203,749,0
41.37431716918945,3895343,2838100,2886064,2848936,893866,219,739,0
41.37431716918945,3895350,3050880,3095960,3061680,900698,251,740,0
41.37431716918945,3895357,3153556,3200216,3164250,862097,777,735,0
41.60161519050598,3895335,3345464,3386108,3356271,1024903,203,750,0
41.60161519050598,3895343,2812528,2859184,2823364,900042,234,740,0
41.60161519050598,3895350,3048272,3094296,3059624,907854,261,740,0
41.60161519050598,3895357,3144072,3186648,3154766,870294,822,736,0
41.82889199256897,3895335,3337168,3375612,3348059,1032676,203,750,0
41.82889199256897,3895343,2808440,2855984,2819276,906730,258,740,0
41.82889199256897,3895350,3043944,3089560,3054760,914117,282,740,0
41.82889199256897,3895357,3122400,3164504,3133114,875514,848,736,0
42.061493158340454,3895335,3317760,3357436,3328567,1040703,204,751,0
42.061493158340454,3895343,2808096,2854064,2818932,912929,290,741,0
42.061493158340454,3895350,3046380,3092504,3057164,921424,295,741,0
42.061493158340454,3895357,3114036,3159256,3124730,882802,888,737,0
42.291675090789795,3895335,3300088,3345148,3311355,1045501,204,752,0
42.291675090789795,3895343,2795776,2836144,2806612,920653,336,741,0
42.291675090789795,3895350,3028252,3075096,3039036,927516,303,742,0
42.291675090789795,3895357,3087932,3135576,3098626,889938,927,737,0
42.524482011795044,3895335,3291052,3329276,3301859,1052683,210,752,0
42.524482011795044,3895343,2783192,2827312,2794028,927440,359,742,0
42.524482011795044,3895350,3024012,3070360,3034796,934170,314,742,0
42.524482011795044,3895357,3058132,3103704,3068826,895803,959,738,0
42.755645990371704,3895335,3270292,3313404,3281771,1058326,210,752,0
42.755645990371704,3895343,2766388,2808624,2777228,933501,374,742,0
42.755645990371704,3895350,3015652,3062808,3026524,941447,325,743,0
42.755645990371704,3895357,3044776,3091544,3055470,902752,1000,738,0
42.98986506462097,3895335,3254848,3297660,3265655,1064995,216,753,0
42.98986506462097,3895343,2753448,2798128,2764284,938867,381,743,0
42.98986506462097,3895350,3008740,3057304,3019524,950118,337,744,0
42.98986506462097,3895357,3034344,3078872,3045350,908532,1045,739,0
43.22674798965454,3895335,3240448,3284092,3251291,1070969,216,754,0
43.22674798965454,3895343,2748212,2791216,2759048,947883,394,744,0
43.22674798965454,3895350,2996252,3037848,3007036,958848,417,744,0
43.22674798965454,3895357,3026232,3072216,3036934,915248,1088,739,0
43.461759090423584,3895335,3221292,3262588,3232175,1075768,217,754,0
43.461759090423584,3895343,2737168,2781872,2748004,954209,434,744,0
43.461759090423584,3895350,2987996,3031064,2999360,967343,484,745,0
43.461759090423584,3895357,3012164,3060824,3022858,921948,1125,740,0
43.70140314102173,3895335,3198516,3239676,3209467,1080898,217,754,0
43.70140314102173,3895343,2724916,2768688,2735752,961294,475,744,0
43.70140314102173,3895350,2979512,3022360,2990296,974875,521,746,0
43.70140314102173,3895357,3003032,3050584,3013726,928679,1177,740,0
43.938775062561035,3895335,3175904,3219964,3186711,1085515,217,755,0
43.938775062561035,3895343,2715076,2757936,2725912,968998,478,745,0
43.938775062561035,3895350,2955368,2995096,2966308,980993,552,746,0
43.938775062561035,3895357,2996372,3043032,3007066,936669,1208,741,0
44.17625617980957,3895335,3163824,3206012,3174631,1093434,229,756,0
44.17625617980957,3895343,2706572,2749872,2717408,977710,486,746,0
44.17625617980957,3895350,2933532,2974360,2944316,987269,587,746,0
44.17625617980957,3895357,2991000,3037656,3001790,945092,1225,742,0
44.41760516166687,3895335,3145116,3187324,3156107,1099269,231,756,0
44.41760516166687,3895343,2697700,2741552,2708536,985375,486,746,0
44.41760516166687,3895350,2907640,2950552,2918424,993726,628,747,0
44.41760516166687,3895357,2986340,3033688,2997034,953671,1243,742,0
44.65934205055237,3895335,3140092,3183356,3150899,1107061,233,756,0
44.65934205055237,3895343,2698824,2740400,2709660,993613,522,747,0
44.65934205055237,3895350,2898812,2940312,2909596,999033,638,748,0
44.65934205055237,3895357,2987276,3033560,2997970,962120,1262,743,0
44.900729179382324,3895335,3121536,3164028,3132343,1114243,234,757,0
44.900729179382324,3895343,2696928,2742064,2707980,1001345,576,748,0
44.900729179382324,3895350,2882068,2925464,2892852,1004733,644,748,0
44.900729179382324,3895357,2985200,3027416,2995894,970846,1305,744,0
45.14499616622925,3895335,3096840,3136508,3107835,1118860,235,758,0
45.14499616622925,3895343,2700268,2742064,2711104,1009686,596,748,0
45.14499616622925,3895350,2867016,2905240,2877808,1011370,652,748,0
45.14499616622925,3895357,2979352,3021912,2990182,977061,1341,744,0
45.390257120132446,3895335,3079372,3122172,3090535,1124505,236,758,0
45.390257120132446,3895343,2700240,2746288,2711076,1018182,683,749,0
45.390257120132446,3895350,2841028,2880408,2851884,1017537,676,749,0
45.390257120132446,3895357,2960164,3005784,2971034,984255,1362,745,0
45.63955521583557,3895335,3057880,3100924,3068687,1130659,236,758,0
45.63955521583557,3895343,2693296,2736176,2704132,1026445,736,750,0
45.63955521583557,3895350,2823296,2865048,2834148,1024218,704,750,0
45.63955521583557,3895357,2951368,2991064,2962070,991960,1449,746,0
45.88141417503357,3895335,3044180,3085692,3054987,1139380,237,759,0
45.88141417503357,3895343,2693356,2738224,2704192,1033627,738,750,0
45.88141417503357,3895350,2802120,2844440,2812904,1033998,725,750,0
45.88141417503357,3895357,2935388,2976088,2946114,999710,1498,746,0
46.12785506248474,3895335,3016308,3060348,3027115,1144510,238,760,0
46.12785506248474,3895343,2704764,2752944,2715600,1043887,768,752,0
46.12785506248474,3895350,2804060,2842776,2814900,1043556,744,751,0
46.12785506248474,3895357,2923800,2964056,2934494,1007471,1518,747,0
46.37361001968384,3895335,2986472,3026684,2997387,1150817,241,760,0
46.37361001968384,3895343,2706760,2752560,2717596,1052608,777,752,0
46.37361001968384,3895350,2785856,2829464,2796696,1050459,757,752,0
46.37361001968384,3895357,2904228,2943576,2915018,1015160,1556,748,0
46.62452816963196,3895335,2952032,2995836,2962839,1155796,243,760,0
46.62452816963196,3895343,2701064,2742448,2711900,1059790,780,752,0
46.62452816963196,3895350,2782196,2825240,2792980,1058695,795,752,0
46.62452816963196,3895357,2882768,2925016,2893618,1022879,1577,748,0
46.87367916107178,3895335,2929768,2972028,2940575,1164004,244,761,0
46.87367916107178,3895343,2692536,2740528,2703372,1064920,790,753,0
46.87367916107178,3895350,2779536,2824472,2790384,1067323,826,753,0
46.87367916107178,3895357,2877872,2919256,2888674,1030580,1595,748,0
47.126283168792725,3895335,2889356,2928764,2900163,1165203,414,761,0
47.126283168792725,3895343,2688336,2734768,2699640,1073641,812,754,0
47.126283168792725,3895350,2785220,2831512,2796004,1075191,849,754,0
47.126283168792725,3895357,2865736,2907224,2876522,1038275,1616,749,0
47.37471914291382,3895335,2851392,2891772,2862199,1165205,417,761,0
47.37471914291382,3895343,2691228,2733616,2702208,1081276,842,754,0
47.37471914291382,3895350,2783312,2828824,2794096,1081889,867,754,0
47.37471914291382,3895357,2856792,2901336,2867486,1044446,1638,750,0
47.538087129592896,3895335,2821680,2864892,2833047,1165205,417,761,0
47.538087129592896,3895343,2690680,2735920,2701516,1086466,852,755,0
47.538087129592896,3895350,2779160,2825112,2789944,1088068,892,755,0
47.538087129592896,3895357,2850884,2892632,2861886,1050622,1659,750,0
47.70114517211914,3895335,2794020,2834684,2804827,1165205,417,761,0
47.70114517211914,3895343,2696268,2738992,2707104,1093135,925,755,0
47.70114517211914,3895350,2767092,2812312,2777876,1094255,919,755,0
47.70114517211914,3895357,2848156,2893016,2858850,1056705,1674,751,0
47.86338520050049,3895335,2761796,2801660,2772603,1165205,417,761,0
47.86338520050049,3895343,2700476,2745648,2711312,1099291,970,756,0
47.86338520050049,3895350,2757840,2800920,2768624,1100945,937,756,0
47.86338520050049,3895357,2843068,2886872,2853850,1063465,1680,751,0
48.024882078170776,3895335,2732312,2773884,2743119,1165205,417,761,0
48.024882078170776,3895343,2704672,2752944,2715508,1106234,974,756,0
48.024882078170776,3895350,2748652,2796568,2759436,1108146,949,756,0
48.024882078170776,3895357,2847400,2891864,2858094,1070911,1693,752,0
48.187435150146484,3895335,2706156,2741884,2716963,1165205,417,761,0
48.187435150146484,3895343,2717104,2762288,2727940,1114168,974,757,0
48.187435150146484,3895350,2759360,2807472,2770144,1115893,962,757,0
48.187435150146484,3895357,2850768,2896216,2861550,1078362,1733,752,0
48.351142168045044,3895335,2674512,2711036,2685319,1165205,417,761,0
48.351142168045044,3895343,2721776,2764480,2732612,1120839,1013,758,0
48.351142168045044,3895350,2762644,2809392,2773496,1122155,972,758,0
48.351142168045044,3895357,2849012,2891224,2859782,1082500,1742,752,0
48.52031707763672,3895335,2660408,2699516,2671219,1165205,417,761,0
48.52031707763672,3895343,2720056,2765120,2730892,1121865,1014,758,0
48.52031707763672,3895350,2776860,2823600,2787644,1128585,994,758,0
48.52031707763672,3895357,2848812,2891480,2859522,1086326,1747,753,0
48.68894100189209,3895335,2643476,2680188,2654283,1165205,417,761,0
48.68894100189209,3895343,2724760,2769600,2735596,1126482,1057,758,0
48.68894100189209,3895350,2781656,2827056,2792440,1133424,1006,758,0
48.68894100189209,3895357,2840948,2883288,2851642,1090716,1784,753,0
48.85560917854309,3895335,2626604,2669308,2637411,1165205,417,761,0
48.85560917854309,3895343,2752604,2801344,2763440,1134810,1100,759,0
48.85560917854309,3895350,2810372,2855088,2821156,1141962,1010,759,0
48.85560917854309,3895357,2856524,2900952,2867298,1094831,1808,754,0
49.034568071365356,3895335,1923576,1966392,1934415,1165208,435,746,0
49.034568071365356,3895343,2746960,2787648,2757828,1139307,1110,759,0
49.034568071365356,3895350,2790176,2832560,2800960,1145172,1014,759,0
49.034568071365356,3895357,2872984,2916796,2883678,1098432,1821,754,0
49.20935416221619,3895335,1918116,1961016,1928955,1165209,443,746,0
49.20935416221619,3895343,2740568,2784704,2752636,1141359,1114,759,0
49.20935416221619,3895350,2784148,2826544,2795072,1146713,1015,760,0
49.20935416221619,3895357,2875660,2921916,2886354,1099461,1824,754,0
49.38795518875122,3895335,1914460,1956408,1925299,1165387,630,746,0
49.38795518875122,3895343,2728568,2773440,2739436,1144088,1322,760,0
49.38795518875122,3895350,2789868,2831792,2800652,1150171,1031,760,0
49.38795518875122,3895357,2885336,2929980,2896522,1103056,1827,754,0
49.54770112037659,3895335,1896760,1937976,1907599,1165387,631,746,0
49.54770112037659,3895343,2731900,2775104,2742768,1147166,1329,760,0
49.54770112037659,3895350,2783912,2823984,2794696,1153409,1042,760,0
49.54770112037659,3895357,2875532,2917436,2886226,1106201,1832,754,0
49.709100008010864,3895335,1887868,1927736,1898707,1165402,640,746,0
49.709100008010864,3895343,2743948,2788672,2754816,1151270,1337,760,0
49.709100008010864,3895350,2795552,2839856,2806336,1157518,1046,760,0
49.709100008010864,3895357,2844148,2882108,2854842,1109822,1850,755,0
49.87900114059448,3895335,1881092,1923896,1891951,1165402,642,746,0
49.87900114059448,3895343,2748984,2791104,2760008,1155341,1352,760,0
49.87900114059448,3895350,2802180,2844464,2812964,1162139,1052,761,0
49.87900114059448,3895357,2834132,2874812,2844826,1112330,1872,755,0
50.040083169937134,3895335,1869496,1911480,1880335,1165402,642,746,0
50.040083169937134,3895343,2746472,2792000,2757796,1158967,1391,760,0
50.040083169937134,3895350,2805304,2849712,2816088,1166086,1060,761,0
50.040083169937134,3895357,2814252,2855228,2824946,1115961,1897,756,0
50.20389914512634,3895335,1854028,1896888,1864999,1165402,642,746,0
50.20389914512634,3895343,2753780,2800192,2764648,1162557,1432,761,0
50.20389914512634,3895350,2810304,2851760,2821088,1169387,1309,761,0
50.20389914512634,3895357,2808096,2851004,2818790,1120096,1932,756,0
50.36629915237427,3895335,1847108,1889720,1857947,1165402,642,746,0
50.36629915237427,3895343,2763084,2806336,2773952,1166702,1632,761,0
50.36629915237427,3895350,2806428,2848944,2817212,1169815,2032,761,0
50.36629915237427,3895357,2814144,2858684,2824838,1124749,1975,756,0
50.527929067611694,3895335,1841456,1884600,1852285,1165402,642,746,0
50.527929067611694,3895343,2758884,2800704,2769741,1167436,2371,761,0
50.527929067611694,3895350,2798804,2840880,2809609,1169856,2109,761,0
50.527929067611694,3895357,2830528,2875324,2841222,1129410,2015,756,0
50.70567202568054,3895335,1836820,1878968,1847649,1165438,1505,746,0
50.70567202568054,3895343,2752148,2793920,2763005,1167445,2403,761,0
50.70567202568054,3895350,2795236,2837936,2806041,1170201,2601,761,0
50.70567202568054,3895357,2838628,2883004,2849322,1134591,2038,757,0
50.88902807235718,3895335,1832628,1874488,1843457,1165438,1508,746,0
50.88902807235718,3895343,2747160,2789952,2758021,1167445,2405,761,0
50.88902807235718,3895350,2790916,2833712,2801721,1170201,2601,761,0
50.88902807235718,3895357,2846632,2890556,2857326,1139281,2065,758,0
51.05904817581177,3895335,1826712,1851792,1837541,1165438,1515,746,0
51.05904817581177,3895343,2740452,2784960,2751309,1167445,2408,761,0
51.05904817581177,3895350,2787624,2830384,2798429,1170201,2601,761,0
51.05904817581177,3895357,2862432,2908860,2873126,1145330,2085,758,0
51.23001313209534,3895335,1243032,1285692,1253861,1165438,1516,730,0
51.23001313209534,3895343,2735420,2778176,2746305,1167523,3586,761,0
51.23001313209534,3895350,2787548,2830384,2798353,1170201,2602,761,0
51.23001313209534,3895357,2873040,2916732,2883770,1148612,2111,758,0
51.397011041641235,3895335,1241308,1284156,1252153,1165594,1634,730,0
51.397011041641235,3895343,2732068,2774976,2743121,1167523,3586,761,0
51.397011041641235,3895350,2787508,2830384,2798353,1170201,2602,761,0
51.397011041641235,3895357,2873908,2918524,2884734,1148634,2128,758,0
51.56746006011963,3895335,1267108,1313340,1277937,1169325,4161,730,0
51.56746006011963,3895343,2731688,2773312,2742545,1167523,3587,761,0
51.56746006011963,3895350,2791656,2835760,2802461,1170273,3504,761,0
51.56746006011963,3895357,2878900,2923180,2889762,1150805,2145,758,0
51.733445167541504,3895335,1275960,1318460,1286789,1174449,4753,730,0
51.733445167541504,3895343,2713324,2754880,2724217,1167524,3600,761,0
51.733445167541504,3895350,2793080,2835888,2803885,1170298,3921,761,0
51.733445167541504,3895357,2890260,2935852,2900954,1156395,2202,759,0
51.9027841091156,3895335,1273000,1316412,1283858,1176719,4820,731,0
51.9027841091156,3895343,2697048,2736960,2707933,1167529,3668,761,0
51.9027841091156,3895350,2778348,2819888,2789152,1170298,3921,761,0
51.9027841091156,3895357,2899656,2946652,2910350,1161960,2238,760,0
52.06634211540222,3895335,1303476,1348156,1314334,1184912,5543,731,0
52.06634211540222,3895343,2681260,2723136,2692145,1167529,3670,761,0
52.06634211540222,3895350,2768672,2811184,2779476,1170301,3938,761,0
52.06634211540222,3895357,2918460,2961116,2929202,1168336,2270,760,0
52.232028007507324,3895335,1341160,1386300,1352050,1193848,6954,731,0
52.232028007507324,3895343,2678512,2721472,2689585,1167529,3670,761,0
52.232028007507324,3895350,2727256,2436756,2738352,1170301,3938,754,0
52.232028007507324,3895357,2918404,2961116,2929202,1168336,2270,760,0
52.4410982131958,3895335,1380004,1425724,1390926,1202429,8288,731,0
52.4410982131958,3895343,2017252,2060284,2028329,1167533,3700,746,0
52.4410982131958,3895350,2140908,2183944,2151876,1170310,3969,746,0
52.4410982131958,3895357,2918412,2961116,2929202,1168336,2270,760,0
52.59971499443054,3895335,1418180,1463484,1429174,1210856,9529,731,0
52.59971499443054,3895343,2017444,2059772,2028329,1167533,3700,746,0
52.59971499443054,3895350,2138852,2180872,2149656,1170310,3969,746,0
52.59971499443054,3895357,2926616,2972892,2937310,1170920,2284,760,0
52.752822160720825,3895335,1436664,1478972,1447522,1216855,10496,731,0
52.752822160720825,3895343,2012904,2054780,2023789,1167533,3700,746,0
52.752822160720825,3895350,2131104,2173192,2141908,1170310,3972,746,0
52.752822160720825,3895357,2944768,2992732,2955462,1177144,2325,761,0
52.90462613105774,3895335,1445896,1489468,1456989,1221163,11212,731,0
52.90462613105774,3895343,2008260,2051068,2019135,1167533,3700,746,0
52.90462613105774,3895350,2128992,2171784,2139815,1170314,4052,746,0
52.90462613105774,3895357,2949608,2992348,2960434,1179222,2334,761,0
53.06360220909119,3895335,1477692,1522620,1488541,1227138,12151,731,0
53.06360220909119,3895343,2007148,2049020,2018023,1167533,3702,746,0
53.06360220909119,3895350,2121732,2164488,2132555,1170314,4052,746,0
53.06360220909119,3895357,2969812,3013212,2980506,1183926,2476,761,0
53.21439719200134,3895335,1379860,1398120,1390709,1233515,13144,726,0
53.21439719200134,3895343,2005416,2048252,2016291,1167533,3719,746,0
53.21439719200134,3895350,2121732,2164488,2132555,1170314,4052,746,0
53.21439719200134,3895357,2994288,3037276,3004982,1188942,3577,761,0
53.36401414871216,3895335,1151164,1179720,1162013,1236663,13629,717,0
53.36401414871216,3895343,2005416,2048252,2016291,1167533,3719,746,0
53.36401414871216,3895350,2121732,2164488,2132555,1170314,4052,746,0
53.36401414871216,3895357,3011232,3053660,3021926,1192943,5286,761,0
53.50895118713379,3895335,1163360,1210040,1174209,1243711,14695,716,0
53.50895118713379,3895343,2005416,2048252,2016291,1167533,3719,746,0
53.50895118713379,3895350,2121732,2164488,2132555,1170314,4052,746,0
53.50895118713379,3895357,3011540,3054044,3022234,1192959,5353,761,0
53.65499711036682,3895335,1203812,1250232,1214661,1252456,15992,716,0
53.65499711036682,3895343,2005416,2048252,2016291,1167533,3719,746,0
53.65499711036682,3895350,2121732,2164488,2132555,1170314,4052,746,0
53.65499711036682,3895357,3011576,3054044,3022270,1192959,5362,761,0
53.79972004890442,3895335,1242604,1289400,1253453,1260956,17311,716,0
53.79972004890442,3895343,2005416,2048252,2016291,1167533,3719,746,0
53.79972004890442,3895350,2121736,2164488,2132559,1170314,4053,746,0
53.79972004890442,3895357,3011576,3054044,3022270,1192959,5362,761,0
53.94679117202759,3895335,1282508,1329592,1293357,1269629,18587,716,0
53.94679117202759,3895343,2005416,2048252,2016291,1167533,3719,746,0
53.94679117202759,3895350,2121752,2164488,2132575,1170317,4054,746,0
53.94679117202759,3895357,3011576,3054044,3022270,1192959,5362,761,0
54.0945680141449,3895335,1322544,1369272,1333393,1278259,19916,716,0
54.0945680141449,3895343,2005416,2048252,2016291,1167533,3719,746,0
54.0945680141449,3895350,2121752,2164488,2132575,1170317,4054,746,0
54.0945680141449,3895357,3011576,3054044,3022270,1192959,5362,761,0
54.24202108383179,3895335,1362588,1410104,1373437,1287082,21224,716,0
54.24202108383179,3895343,2005416,2048252,2016291,1167533,3719,746,0
54.24202108383179,3895350,2121752,2164488,2132575,1170317,4054,746,0
54.24202108383179,3895357,3011576,3054044,3022270,1192959,5362,761,0
54.39004707336426,3895335,1403712,1451064,1414561,1295989,22572,716,0
54.39004707336426,3895343,2005416,2048252,2016291,1167533,3719,746,0
54.39004707336426,3895350,2121752,2164488,2132575,1170317,4054,746,0
54.39004707336426,3895357,3016660,3059164,3027354,1193122,6469,761,0
54.543737173080444,3895335,1446320,1493688,1457169,1305238,23940,716,0
54.543737173080444,3895343,1317720,1295740,1328595,1167533,3719,730,0
54.543737173080444,3895350,1353932,1396752,1364755,1170318,4060,730,0
54.543737173080444,3895357,3016660,3059164,3027354,1193122,6469,761,0
54.67385506629944,3895335,1486792,1530296,1497641,1313256,25110,716,0
54.67385506629944,3895343,1252876,1298556,1263751,1167533,3735,730,0
54.67385506629944,3895350,1379532,1423504,1390355,1173106,6514,730,0
54.67385506629944,3895357,3016672,3059164,3027366,1193123,6471,761,0
54.80137610435486,3895335,1522884,1566392,1533733,1321114,26285,716,0
54.80137610435486,3895343,1282344,1327484,1293219,1171224,6489,730,0
54.80137610435486,3895350,1415112,1459492,1425935,1179261,7343,731,0
54.80137610435486,3895357,3015908,3058396,3026602,1193123,6474,761,0
54.933693170547485,3895335,1548648,1592632,1559949,1327432,27244,716,0
54.933693170547485,3895343,1295736,1338748,1306707,1175360,6873,730,0
54.933693170547485,3895350,1422704,1465892,1433755,1182845,7343,731,0
54.933693170547485,3895357,3015424,3058396,3026670,1193125,6490,761,0
55.07467699050903,3895335,1576312,1620152,1587277,1333022,28083,716,0
55.07467699050903,3895343,1295400,1338748,1306707,1175362,6873,730,0
55.07467699050903,3895350,1422764,1465892,1433755,1182845,7343,731,0
55.07467699050903,3895357,3012692,2715116,3023518,1193127,6490,754,0
55.227519035339355,3895335,1617064,1661368,1627913,1341091,29283,716,0
55.227519035339355,3895343,1300668,1345404,1311538,1178458,6897,731,0
55.227519035339355,3895350,1431704,1474676,1442522,1185984,7393,731,0
55.227519035339355,3895357,2291540,2333952,2302250,1193145,6585,746,0
55.36793518066406,3895335,1652580,1696568,1663423,1349391,30496,716,0
55.36793518066406,3895343,1316852,1360124,1327722,1183435,7500,731,0
55.36793518066406,3895350,1437964,1481844,1448782,1186639,7736,731,0
55.36793518066406,3895357,2291540,2333952,2302250,1193145,6585,746,0
55.49190807342529,3895335,1659380,1702260,1670223,1355211,31344,712,0
55.49190807342529,3895343,1339212,1384060,1350082,1187375,8353,731,0
55.49190807342529,3895350,1455564,1500020,1466382,1190174,8831,731,0
55.49190807342529,3895357,2291540,2333952,2302250,1193145,6585,746,0
55.615050077438354,3895335,1687272,1731280,1698115,1361102,32214,710,0
55.615050077438354,3895343,1365008,1409148,1375878,1193177,9528,731,0
55.615050077438354,3895350,1480496,1524852,1491314,1194880,9788,731,0
55.615050077438354,3895357,2291540,2333952,2302250,1193145,6585,746,0
55.736836194992065,3895335,1722092,1766352,1732935,1368710,33325,710,0
55.736836194992065,3895343,1393724,1439100,1404594,1198871,10558,731,0
55.736836194992065,3895350,1506604,1552372,1517422,1200375,10843,731,0
55.736836194992065,3895357,2291540,2333952,2302250,1193145,6585,746,0
55.861502170562744,3895335,1756700,1801168,1767543,1376288,34434,710,0
55.861502170562744,3895343,1427492,1473148,1438362,1205957,11677,731,0
55.861502170562744,3895350,1534032,1578868,1544850,1206191,12055,731,0
55.861502170562744,3895357,2291540,2333952,2302250,1193145,6585,746,0
55.98400902748108,3895335,1791820,1836368,1802663,1383953,35555,710,0
55.98400902748108,3895343,1460052,1505276,1470922,1213065,12767,731,0
55.98400902748108,3895350,1557672,1602676,1568490,1210891,13038,731,0
55.98400902748108,3895357,2291540,2333952,2302250,1193145,6585,746,0
56.106834173202515,3895335,1826344,1871056,1837187,1391509,36655,710,0
56.106834173202515,3895343,1492860,1538428,1503730,1220166,13925,731,0
56.106834173202515,3895350,1591236,1636852,1602054,1218004,14147,731,0
56.106834173202515,3895357,2291540,2333952,2302250,1193145,6585,746,0
56.22979021072388,3895335,1861668,1906384,1872511,1399204,37778,710,0
56.22979021072388,3895343,1518864,1564796,1529734,1225949,14797,731,0
56.22979021072388,3895350,1621980,1668212,1632798,1224765,15206,731,0
56.22979021072388,3895357,2291540,2333952,2302250,1193145,6585,746,0
56.35305619239807,3895335,1896820,1941712,1907663,1406905,38901,710,0
56.35305619239807,3895343,1550856,1595772,1561726,1232989,15867,731,0
56.35305619239807,3895350,1656044,1701620,1666862,1232089,16356,731,0
56.35305619239807,3895357,2291540,2333952,2302250,1193145,6585,746,0
56.4775550365448,3895335,1932456,1977424,1943299,1414701,40034,710,0
56.4775550365448,3895343,1568400,1613180,1579270,1236923,16560,731,0
56.4775550365448,3895350,1690292,1736052,1701110,1239426,17509,731,0
56.4775550365448,3895357,2291540,2333952,2302250,1193145,6585,746,0
56.6020941734314,3895335,1968576,2013776,1979419,1422574,41185,710,0
56.6020941734314,3895343,1467580,1380184,1478450,1242559,17432,726,0
56.6020941734314,3895350,1351264,1365308,1362082,1243941,18225,722,0
56.6020941734314,3895357,2291548,2334080,2302258,1193145,6587,746,0
56.723525047302246,3895335,2003636,2048848,2014479,1430226,42303,710,0
56.723525047302246,3895343,1156072,1200964,1166942,1245226,17924,719,0
56.723525047302246,3895350,1209556,1255312,1220406,1245796,18522,716,0
56.723525047302246,3895357,2291368,2334080,2302314,1193145,6601,746,0
56.84670400619507,3895335,2018872,2061964,2029955,1433281,42598,711,0
56.84670400619507,3895343,1172988,1221924,1183946,1250145,18716,716,0
56.84670400619507,3895350,1231508,1276304,1242430,1250466,19330,716,0
56.84670400619507,3895357,2291528,2334080,2302314,1193146,6601,746,0
57.04524111747742,3895335,2019004,2061964,2029955,1433282,42598,711,0
57.04524111747742,3895343,1213540,1260452,1224526,1259051,20045,716,0
57.04524111747742,3895350,1255880,1301776,1266934,1255691,20164,716,0
57.04524111747742,3895357,2291356,2334080,2302314,1193146,6601,746,0
57.1642951965332,3895335,2019000,2061964,2029955,1433282,42598,711,0
57.1642951965332,3895343,1243444,1291300,1254542,1265592,21011,716,0
57.1642951965332,3895350,1282136,1329936,1293050,1261258,21082,716,0
57.1642951965332,3895357,1807808,1766340,1818602,1193146,6607,734,0
57.309959173202515,3895335,2018948,2064012,2029955,1433287,42598,711,0
57.309959173202515,3895343,1281240,1327268,1292110,1273715,22256,716,0
57.309959173202515,3895350,1313676,1359888,1324678,1268128,22201,716,0
57.309959173202515,3895357,1598676,1641360,1609538,1193147,6608,730,0
57.43202018737793,3895335,2023020,2066060,2034055,1433290,42599,711,0
57.43202018737793,3895343,1308972,1357988,1319920,1279691,23175,716,0
57.43202018737793,3895350,1340808,1389712,1351762,1273680,23089,716,0
57.43202018737793,3895357,1598592,1641360,1609566,1193151,6613,730,0
57.593284130096436,3895335,2026168,2045460,2037067,1433802,42599,710,0
57.593284130096436,3895343,1351756,1400868,1362634,1288886,24610,716,0
57.593284130096436,3895350,1382412,1431824,1393230,1282873,24473,716,0
57.593284130096436,3895357,1615744,1659280,1626454,1194391,8731,730,0
57.76541519165039,3895335,2052048,2097812,2062891,1444328,42600,712,0
57.76541519165039,3895343,1404388,1447972,1415258,1298908,26075,716,0
57.76541519165039,3895350,1430204,1479696,1441022,1293190,25997,716,0
57.76541519165039,3895357,1634308,1677968,1645018,1198148,9357,730,0
57.94021415710449,3895335,2086352,2129556,2097547,1455306,42600,712,0
57.94021415710449,3895343,1446724,1490596,1457722,1308465,27473,716,0
57.94021415710449,3895350,1470408,1519248,1481378,1302022,27334,716,0
57.94021415710449,3895357,1643812,1691536,1654522,1201021,9436,731,0
58.116618156433105,3895335,2111256,2154132,2122123,1461043,42600,712,0
58.116618156433105,3895343,1480596,1524132,1491574,1316629,28665,716,0
58.116618156433105,3895350,1511952,1555856,1522830,1309992,28615,716,0
58.116618156433105,3895357,1660488,1703056,1671230,1205188,9436,731,0
58.306310176849365,3895335,2122588,2168596,2133431,1461962,42600,713,0
58.306310176849365,3895343,1516936,1561124,1527806,1323505,29680,716,0
58.306310176849365,3895350,1555384,1599504,1566202,1319145,30070,716,0
58.306310176849365,3895357,1660964,1703440,1671674,1205802,9491,731,0
58.48365306854248,3895335,2156212,2199188,2167179,1472714,42600,714,0
58.48365306854248,3895343,1555076,1598756,1565946,1332590,31007,716,0
58.48365306854248,3895350,1594472,1638544,1605290,1327717,31511,716,0
58.48365306854248,3895357,1661136,1703696,1671846,1205814,9509,731,0
58.66196799278259,3895335,2201376,2244244,2212235,1482587,42600,714,0
58.66196799278259,3895343,1583736,1627428,1594606,1339002,31947,716,0
58.66196799278259,3895350,1631644,1675792,1642622,1335784,32869,716,0
58.66196799278259,3895357,1663508,1706000,1674218,1206242,9687,731,0
58.843629121780396,3895335,2230376,2276116,2241219,1488709,42607,715,0
58.843629121780396,3895343,1579800,1623676,1590670,1344167,32706,713,0
58.843629121780396,3895350,1619668,1664356,1630838,1341777,33881,710,0
58.843629121780396,3895357,1664112,1706640,1674822,1206336,9739,731,0
59.01562714576721,3895335,2263044,2309780,2273887,1497092,42609,716,0
59.01562714576721,3895343,1592048,1636300,1602918,1348384,33322,710,0
59.01562714576721,3895350,1665488,1710564,1676306,1350996,35221,710,0
59.01562714576721,3895357,1664760,1707280,1675470,1206410,9806,731,0
59.18927311897278,3895335,2306664,2353812,2317507,1507948,42609,717,0
59.18927311897278,3895343,1621556,1665740,1632426,1354855,34266,710,0
59.18927311897278,3895350,1711828,1757156,1722646,1361117,36702,710,0
59.18927311897278,3895357,1665008,1445404,1675726,1206463,9837,726,0
59.36355900764465,3895335,2336580,2379412,2347439,1517770,42609,717,0
59.36355900764465,3895343,1651292,1695948,1662462,1361379,35224,710,0
59.36355900764465,3895350,1757428,1803364,1768342,1371131,38162,710,0
59.36355900764465,3895357,1257380,1296156,1268090,1208380,10526,717,0
59.53673601150513,3895335,2369368,2416660,2380211,1523573,42610,718,0
59.53673601150513,3895343,1680292,1724492,1691162,1367741,36159,710,0
59.53673601150513,3895350,1802788,1848548,1813606,1381328,39648,710,0
59.53673601150513,3895357,1291160,1340700,1301870,1216418,11750,717,0
59.70966911315918,3895335,2388604,2437780,2399447,1528834,42610,718,0
59.70966911315918,3895343,1706968,1751500,1717838,1373489,37005,710,0
59.70966911315918,3895350,1847300,1893732,1858118,1390869,41040,710,0
59.70966911315918,3895357,1326276,1375132,1336986,1224107,12925,717,0
59.87803912162781,3895335,2400016,2442856,2410939,1539786,42612,718,0
59.87803912162781,3895343,1733384,1778252,1744522,1379394,37867,710,0
59.87803912162781,3895350,1891732,1935716,1902550,1399889,42357,710,0
59.87803912162781,3895357,1358060,1407004,1368770,1230918,13967,717,0
60.05075120925903,3895335,2424488,2467432,2435515,1545930,42612,719,0
60.05075120925903,3895343,1761200,1805900,1772070,1385367,38737,710,0
60.05075120925903,3895350,1927440,1971556,1938258,1408568,42525,711,0
60.05075120925903,3895357,1398128,1443996,1408838,1240224,15357,717,0
60.2276930809021,3895335,2451328,2500328,2462171,1552074,42613,720,0
60.2276930809021,3895343,1787748,1832396,1798618,1391185,39586,710,0
60.2276930809021,3895350,1953164,1996132,1964102,1416389,42529,712,0
60.2276930809021,3895357,1429184,1472156,1439930,1246968,16381,717,0
60.406574010849,3895335,2481248,2530152,2492091,1558359,42613,720,0
60.406574010849,3895343,1813888,1858636,1824758,1396907,40424,710,0
60.406574010849,3895350,1975752,2018660,1986630,1421135,42529,712,0
60.406574010849,3895357,1455532,1498780,1466318,1251867,17149,717,0
60.58397912979126,3895335,2518328,2567528,2529171,1567488,42613,721,0
60.58397912979126,3895343,1841356,1885900,1852298,1403011,41313,710,0
60.58397912979126,3895350,2006532,2052068,2017350,1428622,42529,713,0
60.58397912979126,3895357,1480420,1524380,1491130,1257093,17979,717,0
60.758305072784424,3895335,2551404,2594408,2562495,1577674,42613,722,0
60.758305072784424,3895343,1872236,1917644,1883170,1409626,42281,710,0
60.758305072784424,3895350,2022852,2065764,2033734,1434766,42529,713,0
60.758305072784424,3895357,1515064,1558428,1525774,1264430,19140,717,0
60.93471598625183,3895335,2574040,2623336,2584883,1581767,42613,722,0
60.93471598625183,3895343,1904788,1949900,1915658,1416774,43324,710,0
60.93471598625183,3895350,2020800,2066256,2031618,1436304,42531,713,0
60.93471598625183,3895357,1558304,1602332,1569038,1273395,20520,717,0
61.113685131073,3895335,2613872,2662888,2624715,1592010,42615,723,0
61.113685131073,3895343,1901764,1944628,1912674,1421703,43804,710,0
61.113685131073,3895350,2047252,2091472,2058338,1445008,42534,714,0
61.113685131073,3895357,1594552,1638812,1605262,1281223,21768,717,0
61.29102301597595,3895335,2636160,2678888,2647003,1598799,42615,723,0
61.29102301597595,3895343,1932308,1977396,1943178,1428031,43810,710,0
61.29102301597595,3895350,2082336,2126800,2093154,1452376,42534,714,0
61.29102301597595,3895357,1636688,1680796,1647478,1290546,23204,717,0
61.470245122909546,3895335,2636164,2679016,2647007,1598799,42616,723,0
61.470245122909546,3895343,1961052,2004916,1971922,1436205,43811,711,0
61.470245122909546,3895350,2094268,2138704,2105086,1455313,42534,714,0
61.470245122909546,3895357,1628236,1672028,1638946,1294996,23867,714,0
61.5849130153656,3895335,2636164,2679016,2647007,1598799,42616,723,0
61.5849130153656,3895343,1981308,2024628,1992606,1442590,43811,711,0
61.5849130153656,3895350,2115892,2160848,2126710,1460785,42534,715,0
61.5849130153656,3895357,1643128,1686932,1653838,1299075,24468,711,0
61.701170206069946,3895335,2636168,2679016,2647011,1598799,42616,723,0
61.701170206069946,3895343,1988232,2032564,1999102,1442934,43811,712,0
61.701170206069946,3895350,2149064,2194000,2159882,1469103,42534,716,0
61.701170206069946,3895357,1672368,1716500,1683078,1305223,25379,711,0
61.81324005126953,3895335,2636172,2679016,2647015,1598799,42618,723,0
61.81324005126953,3895343,2019488,2063796,2030358,1450750,43811,712,0
61.81324005126953,3895350,2183140,2227664,2193958,1477570,42534,716,0
61.81324005126953,3895357,1700060,1745044,1711590,1311478,26343,711,0
61.92648005485535,3895335,2636172,2679016,2647015,1598799,42618,723,0
61.92648005485535,3895343,2047060,2091572,2057930,1457560,43811,712,0
61.92648005485535,3895350,2212188,2256976,2223006,1484802,42535,717,0
61.92648005485535,3895357,1731676,1775892,1742386,1318159,27320,711,0
62.03786301612854,3895335,2636172,2679016,2647015,1598799,42618,723,0
62.03786301612854,3895343,2080016,2124596,2090886,1465790,43811,713,0
62.03786301612854,3895350,2246560,2292432,2257378,1493550,42536,718,0
62.03786301612854,3895357,1761908,1806356,1772618,1324770,28285,711,0
62.14967203140259,3895335,2636172,2679016,2647015,1598799,42618,723,0
62.14967203140259,3895343,2114200,2158772,2125070,1474395,43811,714,0
62.14967203140259,3895350,2278800,2321872,2289770,1502385,42536,718,0
62.14967203140259,3895357,1790324,1834388,1801250,1331151,29221,711,0
62.2662250995636,3895335,2636172,2679016,2647015,1598799,42618,723,0
62.2662250995636,3895343,2129088,2174004,2139958,1478109,43811,714,0
62.2662250995636,3895350,2297848,2343760,2308666,1506448,42536,718,0
62.2662250995636,3895357,1819104,1862932,1829858,1337382,30135,711,0
62.382100105285645,3895335,2636172,2679016,2647015,1598799,42618,723,0
62.382100105285645,3895343,2156504,2201396,2167374,1484902,43811,715,0
62.382100105285645,3895350,2326032,2368976,2336874,1513807,42536,719,0
62.382100105285645,3895357,1846548,1890708,1857354,1343477,31024,711,0
62.50929021835327,3895335,2636172,2679016,2647015,1598799,42618,723,0
62.50929021835327,3895343,2178660,2223540,2189530,1490551,43811,715,0
62.50929021835327,3895350,2339848,2384976,2350666,1516688,42536,720,0
62.50929021835327,3895357,1874744,1919380,1885454,1349438,31901,711,0
62.624237060546875,3895335,2636172,2679016,2647015,1598799,42618,723,0
62.624237060546875,3895343,2202940,2247860,2213810,1496634,43811,716,0
62.624237060546875,3895350,2365460,2409936,2376278,1523344,42536,720,0
62.624237060546875,3895357,1901756,1944212,1912466,1356518,32449,712,0
62.74181818962097,3895335,2263436,2306288,2274279,1598799,42618,716,0
62.74181818962097,3895343,2241368,2284740,2252702,1505146,43811,716,0
62.74181818962097,3895350,2389404,2432504,2400374,1530001,42539,720,0
62.74181818962097,3895357,1922508,1965040,1933234,1360168,32468,712,0
62.93189215660095,3895335,2263436,2306288,2274279,1598799,42618,716,0
62.93189215660095,3895343,2258208,2302788,2269086,1510307,43811,717,0
62.93189215660095,3895350,2410372,2455032,2421198,1534297,42539,721,0
62.93189215660095,3895357,1922508,1965040,1933234,1360168,32468,712,0
63.04967403411865,3895335,2263476,2306288,2274319,1598800,42627,716,0
63.04967403411865,3895343,2278276,2323780,2289146,1515136,43811,717,0
63.04967403411865,3895350,2418664,2465144,2429482,1536310,42539,721,0
63.04967403411865,3895357,1949704,1993968,1960414,1365828,32471,712,0
63.166362047195435,3895335,2263476,2306288,2274319,1598800,42627,716,0
63.166362047195435,3895343,2318964,2365636,2329842,1524851,43811,718,0
63.166362047195435,3895350,2438952,2481784,2449774,1542292,42598,722,0
63.166362047195435,3895357,1992044,2036976,2002990,1377232,32471,713,0
63.35492920875549,3895335,2263476,2306288,2274319,1598800,42627,716,0
63.35492920875549,3895343,2350584,2396484,2361454,1533321,43811,719,0
63.35492920875549,3895350,2464404,2510072,2475222,1547485,42598,722,0
63.35492920875549,3895357,2025056,2067568,2035774,1384975,32471,714,0
63.47248911857605,3895335,2263476,2306288,2274319,1598800,42627,716,0
63.47248911857605,3895343,2378096,2424004,2388966,1540102,43811,719,0
63.47248911857605,3895350,2485696,2530296,2496878,1553956,42598,722,0
63.47248911857605,3895357,2047452,2091760,2058162,1390184,32471,714,0
63.5909321308136,3895335,2263476,2306288,2274319,1598800,42627,716,0
63.5909321308136,3895343,2404880,2450756,2415750,1546810,43811,720,0
63.5909321308136,3895350,2516800,2559736,2527618,1560735,42601,723,0
63.5909321308136,3895357,2055776,2098196,2066498,1397577,32471,714,0
63.71074604988098,3895335,2263476,2306288,2274319,1598800,42627,716,0
63.71074604988098,3895343,2430676,2476868,2441546,1553230,43837,720,0
63.71074604988098,3895350,2516028,2561788,2526846,1566651,42610,723,0
63.71074604988098,3895357,2071936,2114580,2082882,1401463,32471,715,0
63.83103799819946,3895335,2263476,2306288,2274319,1598800,42627,716,0
63.83103799819946,3895343,2438636,2481472,2449506,1559307,43839,720,0
63.83103799819946,3895350,2535152,2578940,2546150,1572509,42619,724,0
63.83103799819946,3895357,2094696,2139284,2105406,1406002,32473,716,0
63.95292901992798,3895335,2263476,2306288,2274319,1598800,42627,716,0
63.95292901992798,3895343,2463844,2510144,2474714,1565493,43839,721,0
63.95292901992798,3895350,2541592,2584444,2552410,1574072,42621,724,0
63.95292901992798,3895357,2130312,2175892,2141022,1415092,32473,716,0
64.0712480545044,3895335,2263476,2306288,2274319,1598800,42627,716,0
64.0712480545044,3895343,2481644,2524480,2492514,1571124,43839,722,0
64.0712480545044,3895350,2541596,2584444,2552414,1574072,42622,724,0
64.0712480545044,3895357,2151480,2196372,2162198,1420297,32473,716,0
64.19781804084778,3895335,2263476,2306288,2274319,1598800,42627,716,0
64.19781804084778,3895343,2501156,2547648,2512026,1574831,43839,722,0
64.19781804084778,3895350,2541596,2584444,2552414,1574072,42622,724,0
64.19781804084778,3895357,2178204,2223252,2188914,1427273,32473,717,0
64.3228211402893,3895335,2263476,2306288,2274319,1598800,42627,716,0
64.3228211402893,3895343,2528984,2575936,2539854,1582064,43839,722,0
64.3228211402893,3895350,2541596,2584444,2552414,1574072,42622,724,0
64.3228211402893,3895357,2213048,2258068,2223758,1435607,32474,718,0
64.44737219810486,3895335,2263476,2306288,2274319,1598800,42627,716,0
64.44737219810486,3895343,2566400,2613056,2577270,1591126,43839,723,0
64.44737219810486,3895350,2541596,2584444,2552414,1574072,42622,724,0
64.44737219810486,3895357,2250192,2295060,2260902,1444869,32474,718,0
64.57012701034546,3895335,2263476,2306288,2274319,1598800,42627,716,0
64.57012701034546,3895343,2598228,2641216,2609250,1600308,43839,724,0
64.57012701034546,3895350,2541596,2584444,2552414,1574072,42622,724,0
64.57012701034546,3895357,2275108,2321172,2285818,1451305,32474,719,0
64.70022106170654,3895335,2263476,2306288,2274319,1598800,42627,716,0
64.70022106170654,3895343,2608880,2651712,2619750,1602933,43839,724,0
64.70022106170654,3895350,2541596,2584444,2552414,1574072,42622,724,0
64.70022106170654,3895357,2299516,2346900,2310230,1458507,32474,720,0
64.8397171497345,3895335,1845684,1888536,1856527,1598800,42627,707,0
64.8397171497345,3895343,2608880,2651712,2619750,1602933,43839,724,0
64.8397171497345,3895350,2541596,2584444,2552414,1574072,42622,724,0
64.8397171497345,3895357,2340456,2386580,2351166,1467492,32474,720,0
64.96382713317871,3895335,1845684,1888536,1856527,1598800,42627,707,0
64.96382713317871,3895343,2608672,2651712,2619750,1602933,43839,724,0
64.96382713317871,3895350,2541532,2584444,2552414,1574072,42622,724,0
64.96382713317871,3895357,2344508,2388884,2355286,1469771,32474,720,0
65.09455418586731,3895335,1845684,1888536,1856527,1598800,42627,707,0
65.09455418586731,3895343,2608880,2651712,2619750,1602933,43839,724,0
65.09455418586731,3895350,2541596,2584444,2552414,1574072,42622,724,0
65.09455418586731,3895357,2383568,2430228,2394278,1478276,32474,721,0
65.22199010848999,3895335,1845684,1888536,1856527,1598800,42627,707,0
65.22199010848999,3895343,2608504,2651712,2619754,1602933,43840,724,0
65.22199010848999,3895350,2541596,2584444,2552414,1574072,42622,724,0
65.22199010848999,3895357,2398512,2445332,2409222,1482130,32474,722,0
65.3519241809845,3895335,1845684,1888536,1856527,1598800,42627,707,0
65.3519241809845,3895343,2608884,2651712,2619754,1602933,43840,724,0
65.3519241809845,3895350,2541596,2584444,2552414,1574072,42622,724,0
65.3519241809845,3895357,2434680,2477204,2445398,1492034,32474,722,0
65.47559714317322,3895335,1845684,1888536,1856527,1598800,42627,707,0
65.47559714317322,3895343,2608884,2651712,2619754,1602933,43840,724,0
65.47559714317322,3895350,2541596,2584444,2552414,1574072,42622,724,0
65.47559714317322,3895357,2469952,2516628,2480662,1499912,32474,723,0
65.59864902496338,3895335,1845684,1888536,1856527,1598800,42627,707,0
65.59864902496338,3895343,2608880,2651712,2619754,1602933,43840,724,0
65.59864902496338,3895350,2541596,2584444,2552414,1574072,42622,724,0
65.59864902496338,3895357,2480316,2527124,2491026,1503563,32474,723,0
65.72573208808899,3895335,1845684,1888536,1856527,1598800,42627,707,0
65.72573208808899,3895343,2608884,2651712,2619754,1602933,43840,724,0
65.72573208808899,3895350,2541596,2584444,2552414,1574072,42622,724,0
65.72573208808899,3895357,2519304,2567060,2530014,1512436,32474,724,0
65.84777903556824,3895335,1845684,1888536,1856527,1598800,42627,707,0
65.84777903556824,3895343,2608884,2651712,2619754,1602933,43840,724,0
65.84777903556824,3895350,2541596,2584444,2552414,1574072,42622,724,0
65.84777903556824,3895357,2543864,2586388,2554574,1519592,32475,724,0
65.96975421905518,3895335,1845684,1888536,1856527,1598800,42627,707,0
65.96975421905518,3895343,2225908,2268816,2236778,1602933,43840,716,0
65.96975421905518,3895350,2230312,2224108,2241130,1574074,42623,716,0
65.96975421905518,3895357,2543864,2586388,2554574,1519592,32475,724,0
66.0816400051117,3895335,1845684,1888536,1856527,1598800,42627,707,0
66.0816400051117,3895343,2225908,2268816,2236778,1602933,43840,716,0
66.0816400051117,3895350,2181164,2224108,2191982,1574074,42623,716,0
66.0816400051117,3895357,2167044,2209576,2177754,1519594,32476,717,0
66.19002318382263,3895335,1845728,1888536,1856571,1598803,42627,707,0
66.19002318382263,3895343,2225908,2268816,2236778,1602933,43840,716,0
66.19002318382263,3895350,2181164,2224108,2191982,1574074,42624,716,0
66.19002318382263,3895357,2167044,2209576,2177754,1519594,32476,717,0
66.30085921287537,3895335,1855396,1902344,1866239,1599181,42627,708,0
66.30085921287537,3895343,2225908,2268816,2236778,1602933,43840,716,0
66.30085921287537,3895350,2181164,2224108,2191982,1574074,42624,716,0
66.30085921287537,3895357,2167044,2209576,2177754,1519594,32476,717,0
66.41319298744202,3895335,1882020,1924872,1892863,1603796,42627,708,0
66.41319298744202,3895343,2225908,2268816,2236778,1602933,43840,716,0
66.41319298744202,3895350,2181164,2224108,2191982,1574074,42624,716,0
66.41319298744202,3895357,2167044,2209576,2177754,1519594,32476,717,0
66.52355599403381,3895335,1882020,1924872,1892863,1603796,42627,708,0
66.52355599403381,3895343,2225908,2268816,2236778,1602933,43840,716,0
66.52355599403381,3895350,2181164,2224108,2191982,1574074,42624,716,0
66.52355599403381,3895357,2167044,2209576,2177754,1519594,32476,717,0
66.63288021087646,3895335,1882020,1924872,1892863,1603796,42627,708,0
66.63288021087646,3895343,2225908,2268816,2236778,1602933,43840,716,0
66.63288021087646,3895350,2181164,2224108,2191982,1574074,42624,716,0
66.63288021087646,3895357,2167052,2209576,2177762,1519596,32476,717,0
66.74477410316467,3895335,1882020,1924872,1892863,1603796,42627,708,0
66.74477410316467,3895343,2225908,2268816,2236778,1602933,43840,716,0
66.74477410316467,3895350,2181164,2224108,2191982,1574074,42624,716,0
66.74477410316467,3895357,2167052,2209576,2177762,1519596,32476,717,0
66.85216116905212,3895335,1882020,1924872,1892863,1603796,42627,708,0
66.85216116905212,3895343,2225908,2268816,2236778,1602933,43840,716,0
66.85216116905212,3895350,2181164,2224108,2191982,1574074,42624,716,0
66.85216116905212,3895357,2167052,2209576,2177762,1519596,32476,717,0
66.96063303947449,3895335,1478564,1524744,1489407,1603796,42627,700,0
66.96063303947449,3895343,2225908,2268816,2236778,1602933,43840,716,0
66.96063303947449,3895350,2181164,2224108,2191982,1574074,42624,716,0
66.96063303947449,3895357,2167052,2209576,2177762,1519596,32476,717,0
67.06795907020569,3895335,1482660,1525512,1493503,1604309,42627,700,0
67.06795907020569,3895343,2225908,2268816,2236778,1602933,43840,716,0
67.06795907020569,3895350,2181164,2224108,2191982,1574074,42624,716,0
67.06795907020569,3895357,2167264,2209704,2177974,1519617,32508,717,0
67.17514610290527,3895335,1482660,1525512,1493503,1604309,42627,700,0
67.17514610290527,3895343,2225908,2268816,2236778,1602933,43840,716,0
67.17514610290527,3895350,2181164,2224108,2191982,1574074,42624,716,0
67.17514610290527,3895357,2167264,2209704,2177974,1519617,32508,717,0
67.28307008743286,3895335,1482660,1525512,1493503,1604309,42627,700,0
67.28307008743286,3895343,2225908,2268816,2236778,1602933,43840,716,0
67.28307008743286,3895350,2181164,2224108,2191982,1574074,42624,716,0
67.28307008743286,3895357,2167264,2209704,2177974,1519617,32508,717,0
67.3906581401825,3895335,1482664,1525512,1493507,1604309,42628,700,0
67.3906581401825,3895343,2225908,2268816,2236778,1602933,43840,716,0
67.3906581401825,3895350,2181164,2224108,2191982,1574074,42624,716,0
67.3906581401825,3895357,2167264,2209704,2177974,1519617,32508,717,0
67.49968719482422,3895335,1482664,1525512,1493507,1604309,42628,700,0
67.49968719482422,3895343,2225912,2268816,2236782,1602933,43841,716,0
67.49968719482422,3895350,2181164,2224108,2191982,1574074,42624,716,0
67.49968719482422,3895357,2167264,2209704,2177974,1519617,32508,717,0
67.60796213150024,3895335,1482664,1527560,1493507,1604309,42628,700,0
67.60796213150024,3895343,2225812,2268816,2236782,1602933,43841,716,0
67.60796213150024,3895350,2181168,2224108,2191986,1574074,42625,716,0
67.60796213150024,3895357,2167264,2209704,2177974,1519617,32508,717,0
67.7221109867096,3895335,1484712,1527560,1495555,1604821,42628,700,0
67.7221109867096,3895343,2225440,2268816,2236782,1602933,43841,716,0
67.7221109867096,3895350,2180636,2224108,2191986,1574074,42625,716,0
67.7221109867096,3895357,2167264,2209704,2177974,1519617,32508,717,0
67.83605718612671,3895335,1501380,1547016,1512223,1608218,42628,700,0
67.83605718612671,3895343,2225912,2268816,2236782,1602933,43841,716,0
67.83605718612671,3895350,2181168,2224108,2191986,1574074,42625,716,0
67.83605718612671,3895357,2167264,2209704,2177974,1519617,32508,717,0
67.94526219367981,3895335,1529768,1572616,1540611,1616085,42628,701,0
67.94526219367981,3895343,1857276,1859224,1868146,1602933,43842,708,0
67.94526219367981,3895350,2181072,2224108,2191986,1574074,42625,716,0
67.94526219367981,3895357,2167240,2209704,2177974,1519617,32508,717,0
68.05970120429993,3895335,1529584,1572616,1540611,1616085,42628,701,0
68.05970120429993,3895343,1816312,1859224,1827186,1602933,43842,708,0
68.05970120429993,3895350,1775364,1818624,1786494,1574075,42627,708,0
68.05970120429993,3895357,1763776,1806344,1774522,1519618,32508,708,0
68.21600103378296,3895335,1529676,1572616,1540611,1616085,42628,701,0
68.21600103378296,3895343,1816272,1859224,1827186,1602933,43842,708,0
68.21600103378296,3895350,1775540,1818624,1786494,1574075,42627,708,0
68.21600103378296,3895357,1763812,1806344,1774522,1519618,32508,708,0
68.31987810134888,3895335,1529692,1572616,1540611,1616085,42628,701,0
68.31987810134888,3895343,1816316,1859224,1827186,1602933,43842,708,0
68.31987810134888,3895350,1775664,1818624,1786494,1574075,42627,708,0
68.31987810134888,3895357,1763812,1806344,1774522,1519618,32508,708,0
68.42466306686401,3895335,1529536,1572616,1540611,1616085,42628,701,0
68.42466306686401,3895343,1816316,1859224,1827186,1602933,43842,708,0
68.42466306686401,3895350,1775660,1818624,1786494,1574075,42627,708,0
68.42466306686401,3895357,1763616,1806344,1774522,1519618,32508,708,0
68.52995610237122,3895335,1529652,1573768,1540611,1616085,42628,701,0
68.52995610237122,3895343,1816316,1859224,1827186,1602933,43842,708,0
68.52995610237122,3895350,1775676,1818624,1786494,1574075,42627,708,0
68.52995610237122,3895357,1763812,1806344,1774522,1519618,32508,708,0
68.6276650428772,3895335,1559960,1605640,1570803,1622853,42634,702,0
68.6276650428772,3895343,1816316,1859224,1827186,1602933,43842,708,0
68.6276650428772,3895350,1775676,1818624,1786494,1574075,42627,708,0
68.6276650428772,3895357,1763820,1806344,1774530,1519618,32508,708,0
68.72677206993103,3895335,1574624,1617672,1585699,1627351,42634,702,0
68.72677206993103,3895343,1816188,1859224,1827186,1602933,43842,708,0
68.72677206993103,3895350,1775676,1818624,1786494,1574077,42627,708,0
68.72677206993103,3895357,1763820,1806344,1774530,1519620,32508,708,0
68.82668399810791,3895335,1598496,1645576,1609339,1632799,42634,702,0
68.82668399810791,3895343,1816328,1859224,1827198,1602934,43845,708,0
68.82668399810791,3895350,1775676,1818624,1786494,1574077,42627,708,0
68.82668399810791,3895357,1763812,1806344,1774530,1519620,32508,708,0
68.92283821105957,3895335,1626032,1668908,1636899,1638617,42634,703,0
68.92283821105957,3895343,1816328,1859224,1827198,1602935,43845,708,0
68.92283821105957,3895350,1775820,1819008,1786642,1574082,42627,708,0
68.92283821105957,3895357,1763816,1806344,1774530,1519620,32508,708,0
69.02230215072632,3895335,1625992,1656620,1636905,1638618,42634,702,0
69.02230215072632,3895343,1816212,1859224,1827198,1602935,43845,708,0
69.02230215072632,3895350,1781660,1828352,1792530,1574967,42627,708,0
69.02230215072632,3895357,1763812,1806344,1774530,1519620,32508,708,0
69.12167406082153,3895335,1634872,1681580,1645715,1642914,42634,703,0
69.12167406082153,3895343,1816328,1859224,1827198,1602938,43845,708,0
69.12167406082153,3895350,1810180,1853312,1821202,1582438,42627,708,0
69.12167406082153,3895357,1763608,1806344,1774530,1519620,32508,708,0
69.2228000164032,3895335,1646348,1689388,1657379,1646302,42634,703,0
69.2228000164032,3895343,1816060,1859224,1827198,1602938,43845,708,0
69.2228000164032,3895350,1810296,1853312,1821202,1582759,42627,708,0
69.2228000164032,3895357,1763820,1806344,1774530,1519620,32508,708,0
69.3256311416626,3895335,1668836,1715500,1679679,1651422,42634,704,0
69.3256311416626,3895343,1816272,1859224,1827198,1602946,43845,708,0
69.3256311416626,3895350,1810380,1853312,1821202,1582759,42627,708,0
69.3256311416626,3895357,1763820,1806344,1774530,1519620,32508,708,0
69.42550420761108,3895335,1698084,1745452,1708922,1658673,42634,704,0
69.42550420761108,3895343,1816328,1859224,1827193,1602946,43845,708,0
69.42550420761108,3895350,1820624,1863552,1831436,1585319,42627,709,0
69.42550420761108,3895357,1763832,1806344,1774558,1519622,32510,708,0
69.52413702011108,3895335,1722304,1765164,1733150,1665246,42634,705,0
69.52413702011108,3895343,1816288,1859224,1827193,1602947,43845,708,0
69.52413702011108,3895350,1820624,1863552,1831436,1585319,42627,709,0
69.52413702011108,3895357,1763832,1806344,1774558,1519622,32510,708,0
69.62400412559509,3895335,1740512,1787820,1751350,1669337,42634,705,0
69.62400412559509,3895343,1816452,1859480,1827317,1602954,43845,708,0
69.62400412559509,3895350,1820624,1863552,1831436,1585319,42627,709,0
69.62400412559509,3895357,1763832,1806344,1774558,1519622,32510,708,0
69.72119307518005,3895335,1767164,1810220,1778206,1676510,42634,706,0
69.72119307518005,3895343,1822304,1867160,1833169,1603394,43845,708,0
69.72119307518005,3895350,1820624,1863552,1831436,1585319,42627,709,0
69.72119307518005,3895357,1763832,1806344,1774558,1519622,32510,708,0
69.82194209098816,3895335,1789888,1832748,1800734,1682142,42634,706,0
69.82194209098816,3895343,1840416,1884056,1851509,1609026,43845,708,0
69.82194209098816,3895350,1820624,1863552,1831436,1585319,42627,709,0
69.82194209098816,3895357,1763832,1806344,1774558,1519622,32510,708,0
69.92604112625122,3895335,1811124,1858988,1821962,1686988,42634,706,0
69.92604112625122,3895343,1848840,1891736,1859705,1611075,43845,708,0
69.92604112625122,3895350,1820624,1863552,1831436,1585319,42627,709,0
69.92604112625122,3895357,1763836,1806344,1774562,1519622,32510,708,0
70.03844714164734,3895335,1846012,1897388,1856850,1695480,42634,708,0
70.03844714164734,3895343,1439240,1482148,1450105,1611075,43845,700,0
70.03844714164734,3895350,1820624,1863552,1831436,1585319,42627,709,0
70.03844714164734,3895357,1722876,1716260,1733606,1519622,32511,707,0
70.19257307052612,3895335,1871572,1914668,1882666,1702622,42637,708,0
70.19257307052612,3895343,1438992,1482148,1450109,1611076,43845,700,0
70.19257307052612,3895350,1542008,1585052,1552920,1585320,42629,703,0
70.19257307052612,3895357,1355960,1398824,1367018,1519625,32511,700,0
70.33925700187683,3895335,1871680,1914668,1882666,1702622,42637,708,0
70.33925700187683,3895343,1439184,1482148,1450109,1611076,43845,700,0
70.33925700187683,3895350,1541704,1585052,1552920,1585320,42629,703,0
70.33925700187683,3895357,1356144,1398824,1367018,1519626,32511,700,0
70.49015021324158,3895335,1871632,1914668,1882666,1702622,42637,708,0
70.49015021324158,3895343,1439152,1482148,1450109,1611079,43845,700,0
70.49015021324158,3895350,1541848,1585052,1552920,1585322,42629,703,0
70.49015021324158,3895357,1356200,1398824,1367018,1519627,32511,700,0
70.64047122001648,3895335,1885944,1937592,1896782,1704278,42637,708,0
70.64047122001648,3895343,1439244,1482148,1450109,1611081,43845,700,0
70.64047122001648,3895350,1542108,1585052,1552920,1585324,42629,703,0
70.64047122001648,3895357,1356212,1398824,1367030,1519627,32514,700,0
70.78636312484741,3895335,1914816,1964984,1925674,1712353,42637,709,0
70.78636312484741,3895343,1439244,1482148,1450109,1611084,43845,700,0
70.78636312484741,3895350,1542108,1585052,1552920,1585326,42629,703,0
70.78636312484741,3895357,1356304,1398824,1367030,1519630,32514,700,0
70.93406009674072,3895335,1959892,2002744,1970730,1723606,42637,710,0
70.93406009674072,3895343,1439244,1482148,1450109,1611084,43845,700,0
70.93406009674072,3895350,1542108,1585052,1552920,1585326,42629,703,0
70.93406009674072,3895357,1356304,1398824,1367030,1519630,32514,700,0
71.08614110946655,3895335,2004404,2048568,2015250,1732153,42637,710,0
71.08614110946655,3895343,1439140,1482148,1450109,1611084,43845,700,0
71.08614110946655,3895350,1542344,1588764,1553252,1585330,42630,703,0
71.08614110946655,3895357,1356444,1398952,1367170,1519639,32514,700,0
71.23614120483398,3895335,2039424,2082616,2050602,1743303,42637,711,0
71.23614120483398,3895343,1451228,1497252,1462181,1612795,43845,700,0
71.23614120483398,3895350,1580052,1625628,1590864,1593200,42630,704,0
71.23614120483398,3895357,1357680,1400232,1368450,1519992,32514,700,0
71.39419412612915,3895335,2071708,2115384,2082562,1749652,42637,712,0
71.39419412612915,3895343,1478016,1525156,1489021,1620813,43845,701,0
71.39419412612915,3895350,1610140,1658780,1620952,1601667,42630,705,0
71.39419412612915,3895357,1367696,1410600,1378422,1521954,32514,700,0
71.54561614990234,3895335,2100976,2147000,2112042,1758013,42637,712,0
71.54561614990234,3895343,1512396,1560612,1523261,1628810,43845,702,0
71.54561614990234,3895350,1644036,1687452,1654872,1610265,42630,705,0
71.54561614990234,3895357,1384348,1428008,1395074,1526648,32514,701,0
71.70403504371643,3895335,2122952,2168632,2133790,1763238,42640,713,0
71.70403504371643,3895343,1537384,1581220,1548413,1635661,43845,702,0
71.70403504371643,3895350,1662452,1708828,1673264,1614884,42630,706,0
71.70403504371643,3895357,1392540,1435048,1403266,1528696,32514,701,0
71.85787415504456,3895335,2140132,2182884,2150970,1772461,42640,713,0
71.85787415504456,3895343,1570328,1613220,1581193,1643856,43845,703,0
71.85787415504456,3895350,1695540,1744668,1706360,1623018,42630,706,0
71.85787415504456,3895357,1392540,1435048,1403266,1528696,32514,701,0
72.01454305648804,3895335,2174384,2219620,2185222,1780967,42640,714,0
72.01454305648804,3895343,1598712,1641892,1609577,1650424,43845,704,0
72.01454305648804,3895350,1733196,1782940,1744008,1632436,42630,707,0
72.01454305648804,3895357,1392540,1435048,1403266,1528696,32514,701,0
72.17246317863464,3895335,2212864,2258760,2223702,1790183,42640,715,0
72.17246317863464,3895343,1615100,1664492,1625965,1659216,43846,704,0
72.17246317863464,3895350,1774924,1806276,1785736,1642705,42630,708,0
72.17246317863464,3895357,1392576,1435048,1403302,1528698,32519,701,0
72.3289999961853,3895335,2248620,2291528,2259546,1801337,42640,716,0
72.3289999961853,3895343,1644628,1692780,1656973,1667408,43846,704,0
72.3289999961853,3895350,1787092,1836868,1797904,1649845,42631,708,0
72.3289999961853,3895357,1021828,1064452,1032650,1528875,32529,694,0
72.49319219589233,3895335,2278132,2322248,2288970,1806584,42640,716,0
72.49319219589233,3895343,1672728,1719660,1683597,1674064,43846,705,0
72.49319219589233,3895350,1819952,1867588,1830764,1658109,42631,709,0
72.49319219589233,3895357,1040348,1083268,1051082,1533819,32529,694,0
72.65035510063171,3895335,2305376,2349768,2316922,1814573,42640,716,0
72.65035510063171,3895343,1703844,1752812,1714709,1681147,43846,706,0
72.65035510063171,3895350,1851376,1894340,1862212,1666272,42632,710,0
72.65035510063171,3895357,1068368,1111556,1079754,1540987,32529,694,0
72.81414318084717,3895335,2328612,2371400,2339450,1819407,42640,717,0
72.81414318084717,3895343,1725652,1775852,1736845,1687376,43846,706,0
72.81414318084717,3895350,1875836,1923012,1886648,1672208,42634,710,0
72.81414318084717,3895357,1086744,1130884,1097470,1545085,32529,695,0
72.97453117370605,3895335,2358196,2404680,2369034,1828074,42640,718,0
72.97453117370605,3895343,1759836,1809900,1770701,1695275,43846,707,0
72.97453117370605,3895350,1898368,1942724,1909372,1678530,42635,710,0
72.97453117370605,3895357,1118188,1163268,1128914,1552336,32529,696,0
73.13622999191284,3895335,2383908,2431816,2394746,1835255,42640,718,0
73.13622999191284,3895343,1792388,1840492,1803253,1703476,43846,708,0
73.13622999191284,3895350,1914912,1962052,1925972,1682626,42635,711,0
73.13622999191284,3895357,1153684,1199620,1164410,1561471,32529,696,0
73.30283904075623,3895335,2423112,2467144,2433950,1842235,42640,719,0
73.30283904075623,3895343,1822220,1865068,1833101,1711440,43846,708,0
73.30283904075623,3895350,1934964,1981892,1945776,1687144,42636,711,0
73.30283904075623,3895357,1186436,1232772,1197162,1569717,32529,697,0
73.4688332080841,3895335,2453468,2498504,2464378,1851966,42640,720,0
73.4688332080841,3895343,1844632,1889260,1855497,1715109,43846,708,0
73.4688332080841,3895350,1955860,1999044,1966724,1692507,42636,712,0
73.4688332080841,3895357,1218540,1264644,1229266,1577468,32529,698,0
73.63998317718506,3895335,2487448,2533576,2498286,1859831,42640,720,0
73.63998317718506,3895343,1875324,1918316,1886349,1723216,43846,709,0
73.63998317718506,3895350,1976392,2020548,1987204,1696963,42636,712,0
73.63998317718506,3895357,1255028,1299972,1265754,1586799,32529,698,0
73.80917310714722,3895335,2517152,2565576,2527990,1866999,42640,721,0
73.80917310714722,3895343,1905820,1949804,1916685,1730814,43846,710,0
73.80917310714722,3895350,1996872,2039748,2007684,1701738,42636,712,0
73.80917310714722,3895357,1287576,1334404,1298302,1595262,32529,699,0
73.97864103317261,3895335,2542120,2585032,2553018,1874820,42643,722,0
73.97864103317261,3895343,1947180,1991020,1958045,1740356,43846,710,0
73.97864103317261,3895350,2019344,2062276,2030212,1707787,42636,713,0
73.97864103317261,3895357,1324784,1371396,1335766,1604990,32529,700,0
74.15323519706726,3895335,2542188,2585032,2553026,1874821,42644,722,0
74.15323519706726,3895343,1969644,2012524,1980557,1748304,43846,711,0
74.15323519706726,3895350,2037000,2081092,2047812,1712323,42636,713,0
74.15323519706726,3895357,1350356,1395460,1361082,1610725,32529,700,0
74.26207709312439,3895335,2542188,2585032,2553026,1874821,42644,722,0
74.26207709312439,3895343,1995708,2039660,2006573,1753534,43846,712,0
74.26207709312439,3895350,2067624,2111556,2078436,1719588,42636,714,0
74.26207709312439,3895357,1380272,1426180,1390998,1618348,32529,701,0
74.36750912666321,3895335,2542188,2585032,2553026,1874821,42644,722,0
74.36750912666321,3895343,2024936,2068972,2035849,1760866,43846,712,0
74.36750912666321,3895350,2084648,2128708,2095460,1723587,42637,714,0
74.36750912666321,3895357,1409356,1455492,1420082,1625689,32529,702,0
74.47439503669739,3895335,2542184,2585032,2553026,1874821,42644,722,0
74.47439503669739,3895343,2040900,2084204,2052237,1766224,43846,712,0
74.47439503669739,3895350,2098452,2142532,2109300,1727683,42637,714,0
74.47439503669739,3895357,1422284,1467524,1433010,1629008,32529,702,0
74.59028720855713,3895335,2542188,2585032,2553026,1874821,42644,722,0
74.59028720855713,3895343,2055708,2098540,2066573,1768648,43846,713,0
74.59028720855713,3895350,2121024,2165188,2132616,1734281,42637,715,0
74.59028720855713,3895357,1445528,1491972,1456762,1634851,32530,702,0
74.70174503326416,3895335,2542188,2585032,2553026,1874821,42644,722,0
74.70174503326416,3895343,2069920,2112876,2080909,1773392,43846,713,0
74.70174503326416,3895350,2121064,2166832,2131876,1738950,42639,715,0
74.70174503326416,3895357,1472504,1517596,1483230,1640832,32530,703,0
74.82960319519043,3895335,2159200,2202068,2170054,1874821,42645,714,0
74.82960319519043,3895343,2092152,2135480,2103437,1777491,43846,714,0
74.82960319519043,3895350,2137088,2181688,2147924,1743057,42640,716,0
74.82960319519043,3895357,1483932,1529372,1494658,1643099,32532,703,0
74.94800519943237,3895335,2159216,2202068,2170054,1874821,42645,714,0
74.94800519943237,3895343,2100032,2145468,2110897,1782422,43847,714,0
74.94800519943237,3895350,2168164,2211896,2178976,1749715,42640,716,0
74.94800519943237,3895357,1494468,1537752,1505390,1650050,32533,703,0
75.05443620681763,3895335,2159216,2202068,2170054,1874821,42645,714,0
75.05443620681763,3895343,2123204,2166204,2134177,1789162,43848,714,0
75.05443620681763,3895350,2189748,2234424,2200560,1755353,42641,716,0
75.05443620681763,3895357,1519636,1563096,1530362,1655645,32534,704,0
75.16328120231628,3895335,2159216,2202068,2170054,1874821,42645,714,0
75.16328120231628,3895343,2145356,2188988,2156221,1793366,43848,714,0
75.16328120231628,3895350,2214108,2258744,2224920,1761110,42641,717,0
75.16328120231628,3895357,1542112,1584600,1552894,1661827,32535,704,0
75.27451419830322,3895335,2159216,2202068,2170054,1874821,42645,714,0
75.27451419830322,3895343,2172332,2215356,2183197,1800056,43850,715,0
75.27451419830322,3895350,2234444,2277432,2245364,1767643,42642,717,0
75.27451419830322,3895357,1558408,1600984,1569278,1666436,32535,704,0
75.38779211044312,3895335,2159216,2202068,2170054,1874821,42645,714,0
75.38779211044312,3895343,2186808,2229692,2197677,1804119,43850,716,0
75.38779211044312,3895350,2254756,2298936,2265568,1771739,42642,718,0
75.38779211044312,3895357,1585212,1628248,1595938,1671887,32538,705,0
75.49639916419983,3895335,2159216,2202068,2170054,1874821,42645,714,0
75.49639916419983,3895343,2207908,2252092,2218773,1808922,43850,716,0
75.49639916419983,3895350,2280896,2325304,2291708,1777822,42642,718,0
75.49639916419983,3895357,1611560,1654872,1622286,1678430,32540,706,0
75.60710501670837,3895335,2159216,2202068,2170054,1874821,42645,714,0
75.60710501670837,3895343,2231624,2274748,2242733,1816407,43850,716,0
75.60710501670837,3895350,2305528,2349880,2316340,1784027,42642,719,0
75.60710501670837,3895357,1636252,1679576,1646978,1684706,32540,706,0
75.71961808204651,3895335,2159216,2202068,2170054,1874821,42645,714,0
75.71961808204651,3895343,2247732,2291132,2259145,1820510,43850,716,0
75.71961808204651,3895350,2321652,2366392,2332464,1788123,42642,719,0
75.71961808204651,3895357,1652468,1695704,1663194,1688776,32540,706,0
75.83465814590454,3895335,2159216,2202068,2170054,1874821,42645,714,0
75.83465814590454,3895343,2274696,2318396,2285561,1825631,43850,717,0
75.83465814590454,3895350,2346748,2390072,2357592,1794277,42642,720,0
75.83465814590454,3895357,1677000,1720664,1687726,1695118,32540,707,0
75.94731616973877,3895335,2159216,2202068,2170054,1874821,42645,714,0
75.94731616973877,3895343,2295388,2339004,2306253,1832287,43850,718,0
75.94731616973877,3895350,2371812,2416696,2382624,1800603,42642,720,0
75.94731616973877,3895357,1704928,1748568,1715654,1701850,32540,708,0
76.05947804450989,3895335,2159216,2202068,2170054,1874821,42645,714,0
76.05947804450989,3895343,2315768,2359484,2326637,1836076,43850,718,0
76.05947804450989,3895350,2384724,2429240,2395536,1803995,42642,720,0
76.05947804450989,3895357,1726644,1770456,1737370,1707383,32540,708,0
76.17411017417908,3895335,2159216,2202068,2170054,1874821,42645,714,0
76.17411017417908,3895343,2339488,2383292,2350353,1841707,43850,718,0
76.17411017417908,3895350,2413876,2457656,2424688,1810976,42642,721,0
76.17411017417908,3895357,1749256,1792984,1759982,1713408,32540,708,0
76.2889711856842,3895335,2159216,2202068,2170054,1874821,42645,714,0
76.2889711856842,3895343,2362532,2405820,2373837,1849183,43850,719,0
76.2889711856842,3895350,2435156,2479800,2445968,1816795,42642,722,0
76.2889711856842,3895357,1773656,1818072,1784382,1719183,32540,709,0
76.40489315986633,3895335,2159216,2202068,2170054,1874821,42645,714,0
76.40489315986633,3895343,2390644,2434620,2401509,1854484,43850,720,0
76.40489315986633,3895350,2453808,2496696,2464620,1822455,42644,722,0
76.40489315986633,3895357,1798224,1840728,1808958,1726351,32540,709,0
76.52019309997559,3895335,2159216,2202068,2170054,1874821,42645,714,0
76.52019309997559,3895343,2403468,2447292,2414333,1858399,43850,720,0
76.52019309997559,3895350,2453808,2496696,2464620,1822455,42644,722,0
76.52019309997559,3895357,1812704,1859928,1823430,1729608,32540,710,0
76.63723301887512,3895335,2159216,2202068,2170054,1874821,42645,714,0
76.63723301887512,3895343,2436872,2481084,2447737,1866037,43850,720,0
76.63723301887512,3895350,2453808,2496696,2464620,1822455,42644,722,0
76.63723301887512,3895357,1844832,1887832,1856066,1738128,32540,710,0
76.75687599182129,3895335,2159216,2202068,2170054,1874821,42645,714,0
76.75687599182129,3895343,2451076,2497852,2461941,1870175,43850,721,0
76.75687599182129,3895350,2453808,2496696,2464620,1822455,42644,722,0
76.75687599182129,3895357,1878116,1922696,1888842,1743489,32540,711,0
76.89605903625488,3895335,1753712,1796564,1764550,1874821,42645,706,0
76.89605903625488,3895343,2474904,2518520,2486477,1875299,43850,721,0
76.89605903625488,3895350,2453144,2496696,2464620,1822455,42644,722,0
76.89605903625488,3895357,1883116,1926408,1893842,1744278,32541,711,0
77.02374815940857,3895335,1753712,1796564,1764550,1874821,42645,706,0
77.02374815940857,3895343,2466460,2513148,2477325,1878014,43850,721,0
77.02374815940857,3895350,2453808,2496696,2464620,1822455,42644,722,0
77.02374815940857,3895357,1891036,1934672,1901762,1751753,32543,711,0
77.13858819007874,3895335,1753712,1796564,1764550,1874821,42645,706,0
77.13858819007874,3895343,2498404,2541308,2509269,1886315,43850,722,0
77.13858819007874,3895350,2453808,2496696,2464620,1822455,42644,722,0
77.13858819007874,3895357,1924772,1970768,1935498,1760620,32543,712,0
77.25551915168762,3895335,1753712,1796564,1764550,1874821,42645,706,0
77.25551915168762,3895343,2498376,2541308,2509269,1887140,43851,722,0
77.25551915168762,3895350,2453800,2496696,2464620,1822455,42644,722,0
77.25551915168762,3895357,1941260,1984080,1952342,1765783,32543,712,0
77.37432408332825,3895335,1753712,1796564,1764550,1874821,42645,706,0
77.37432408332825,3895343,2498404,2541308,2509269,1887140,43851,722,0
77.37432408332825,3895350,2453808,2496696,2464620,1822455,42644,722,0
77.37432408332825,3895357,1978412,2021584,1989138,1773254,32543,713,0
77.49248814582825,3895335,1753712,1796564,1764550,1874821,42645,706,0
77.49248814582825,3895343,2497988,2541308,2509269,1887140,43851,722,0
77.49248814582825,3895350,2453808,2496696,2464620,1822455,42644,722,0
77.49248814582825,3895357,1999480,2042832,2010206,1778532,32543,714,0
77.61392521858215,3895335,1753712,1796564,1764550,1874821,42645,706,0
77.61392521858215,3895343,2498404,2541308,2509269,1887140,43851,722,0
77.61392521858215,3895350,2453808,2496696,2464620,1822455,42644,722,0
77.61392521858215,3895357,2031728,2074192,2042454,1788098,32543,714,0
77.73269701004028,3895335,1753712,1796564,1764550,1874821,42645,706,0
77.73269701004028,3895343,2498292,2541308,2509269,1887140,43851,722,0
77.73269701004028,3895350,2074932,2117880,2085744,1822456,42644,714,0
77.73269701004028,3895357,2037340,2080592,2048066,1788311,32543,714,0
77.84894704818726,3895335,1753712,1796564,1764550,1874821,42645,706,0
77.84894704818726,3895343,2498404,2541308,2509269,1887140,43851,722,0
77.84894704818726,3895350,2074932,2117880,2085744,1822456,42644,714,0
77.84894704818726,3895357,2070948,2117200,2081674,1797161,32543,715,0
77.96084117889404,3895335,1753712,1796564,1764550,1874821,42645,706,0
77.96084117889404,3895343,2498388,2541308,2509269,1887140,43851,722,0
77.96084117889404,3895350,2074932,2117880,2085744,1822456,42644,714,0
77.96084117889404,3895357,2076776,2119248,2087510,1799575,32543,715,0
78.07697105407715,3895335,1753712,1796564,1764550,1874821,42645,706,0
78.07697105407715,3895343,2498376,2541308,2509269,1887140,43851,722,0
78.07697105407715,3895350,2074836,2117880,2085744,1822456,42644,714,0
78.07697105407715,3895357,2076568,2119248,2087510,1799575,32543,715,0
78.19584512710571,3895335,1753712,1796564,1764550,1874821,42645,706,0
78.19584512710571,3895343,2498404,2541308,2509269,1887140,43851,722,0
78.19584512710571,3895350,2074932,2117880,2085744,1822456,42644,714,0
78.19584512710571,3895357,2107724,2154192,2118450,1806356,32543,716,0
78.3069760799408,3895335,1753712,1796564,1764550,1874821,42645,706,0
78.3069760799408,3895343,2498400,2541308,2509269,1887140,43851,722,0
78.3069760799408,3895350,2074924,2117880,2085744,1822456,42644,714,0
78.3069760799408,3895357,2125072,2171600,2135798,1810840,32544,716,0
78.42191910743713,3895335,1753712,1796564,1764550,1874821,42645,706,0
78.42191910743713,3895343,2498404,2541308,2509269,1887140,43851,722,0
78.42191910743713,3895350,2074940,2117880,2085752,1822457,42645,714,0
78.42191910743713,3895357,2164516,2208464,2175242,1819900,32544,717,0
78.5307559967041,3895335,1753712,1796564,1764550,1874821,42645,706,0
78.5307559967041,3895343,2498404,2541308,2509269,1887140,43851,722,0
78.5307559967041,3895350,2074940,2117880,2085752,1822457,42645,714,0
78.5307559967041,3895357,2193912,2239184,2204638,1827531,32545,718,0
78.64208817481995,3895335,1753712,1796564,1764550,1874821,42645,706,0
78.64208817481995,3895343,2498404,2541308,2509269,1887140,43851,722,0
78.64208817481995,3895350,2074940,2117880,2085752,1822457,42645,714,0
78.64208817481995,3895357,2223296,2268624,2234022,1834852,32545,718,0
78.75486016273499,3895335,1753712,1796564,1764550,1874821,42645,706,0
78.75486016273499,3895343,2498404,2541308,2509269,1887140,43851,722,0
78.75486016273499,3895350,2074940,2117880,2085752,1822457,42645,714,0
78.75486016273499,3895357,2257004,2299472,2267746,1844139,32545,718,0
78.867112159729,3895335,1753716,1796564,1764554,1874821,42645,706,0
78.867112159729,3895343,2498404,2541308,2509269,1887140,43851,722,0
78.867112159729,3895350,2074940,2117880,2085752,1822457,42645,714,0
78.867112159729,3895357,2286984,2332240,2297710,1850817,32546,719,0
78.97873902320862,3895335,1479764,1403832,1490602,1874942,42645,698,0
78.97873902320862,3895343,2498396,2541308,2509269,1887140,43851,722,0
78.97873902320862,3895350,2074748,2117880,2085752,1822457,42645,714,0
78.97873902320862,3895357,2303992,2346664,2314858,1855898,32546,720,0
79.09866619110107,3895335,1349604,1392568,1360558,1875198,42646,697,0
79.09866619110107,3895343,2497676,2541308,2509269,1887140,43851,722,0
79.09866619110107,3895350,2074940,2117880,2085752,1822457,42645,714,0
79.09866619110107,3895357,2317168,2360488,2327894,1857395,32546,720,0
79.21682405471802,3895335,1369812,1416504,1380650,1879882,42646,698,0
79.21682405471802,3895343,2119424,2162432,2130389,1887140,43851,714,0
79.21682405471802,3895350,2074940,2117880,2085752,1822457,42645,714,0
79.21682405471802,3895357,2335052,2378688,2346002,1861536,32549,720,0
79.33023619651794,3895335,1384536,1427388,1395374,1883391,42646,698,0
79.33023619651794,3895343,2119524,2162432,2130389,1887140,43851,714,0
79.33023619651794,3895350,2074940,2117880,2085752,1822457,42645,714,0
79.33023619651794,3895357,2365616,2408128,2376342,1869429,32549,721,0
79.43705821037292,3895335,1384536,1427388,1395374,1883391,42646,698,0
79.43705821037292,3895343,2119404,2162432,2130389,1887140,43851,714,0
79.43705821037292,3895350,2074364,2117880,2085752,1822457,42645,714,0
79.43705821037292,3895357,2365540,2408128,2376342,1870242,32551,721,0
79.54879117012024,3895335,1386568,1429308,1397406,1883832,42713,698,0
79.54879117012024,3895343,2119452,2162432,2130389,1887140,43851,714,0
79.54879117012024,3895350,2074692,2117880,2085752,1822457,42645,714,0
79.54879117012024,3895357,2365300,2408128,2376342,1870242,32551,721,0
79.6621150970459,3895335,1386520,1429308,1397406,1883832,42713,698,0
79.6621150970459,3895343,2119524,2162432,2130389,1887140,43851,714,0
79.6621150970459,3895350,2074940,2117880,2085752,1822457,42645,714,0
79.6621150970459,3895357,2387224,2430656,2397950,1873705,32551,721,0
79.77125906944275,3895335,1386568,1429308,1397406,1883832,42713,698,0
79.77125906944275,3895343,2119524,2162432,2130389,1887140,43851,714,0
79.77125906944275,3895350,1665352,1708300,1676164,1822459,42646,706,0
79.77125906944275,3895357,2410668,2453184,2421398,1881506,32551,722,0
79.89546012878418,3895335,1386568,1429308,1397406,1883832,42713,698,0
79.89546012878418,3895343,2119512,2162432,2130389,1887140,43851,714,0
79.89546012878418,3895350,1665348,1708300,1676164,1822459,42646,706,0
79.89546012878418,3895357,2420908,2463444,2431638,1882905,32551,722,0
80.00225615501404,3895335,1386568,1429308,1397406,1883832,42713,698,0
80.00225615501404,3895343,2119524,2162432,2130389,1887140,43851,714,0
80.00225615501404,3895350,1665352,1708300,1676164,1822459,42646,706,0
80.00225615501404,3895357,2437928,2480340,2448654,1886786,32552,722,0
80.1082820892334,3895335,1386568,1429308,1397406,1883832,42713,698,0
80.1082820892334,3895343,2119524,2162432,2130389,1887140,43851,714,0
80.1082820892334,3895350,1665352,1708300,1676164,1822459,42646,706,0
80.1082820892334,3895357,2437928,2480340,2448654,1886786,32552,722,0
80.21367502212524,3895335,1386572,1429308,1397410,1883832,42714,698,0
80.21367502212524,3895343,2119524,2162432,2130389,1887140,43851,714,0
80.21367502212524,3895350,1665352,1708300,1676164,1822459,42646,706,0
80.21367502212524,3895357,2057008,2099540,2067734,1886788,32552,714,0
80.31136107444763,3895335,1386572,1429308,1397410,1883832,42714,698,0
80.31136107444763,3895343,2119524,2162432,2130389,1887140,43851,714,0
80.31136107444763,3895350,1665352,1708300,1676164,1822459,42646,706,0
80.31136107444763,3895357,2057008,2099540,2067734,1886788,32552,714,0
80.4080262184143,3895335,1386572,1429308,1397410,1883832,42714,698,0
80.4080262184143,3895343,2119524,2162432,2130389,1887140,43851,714,0
80.4080262184143,3895350,1665352,1708300,1676164,1822459,42646,706,0
80.4080262184143,3895357,2057008,2099540,2067734,1886788,32552,714,0
80.50848412513733,3895335,1386572,1429308,1397410,1883832,42714,698,0
80.50848412513733,3895343,2119524,2162432,2130389,1887140,43851,714,0
80.50848412513733,3895350,1665356,1708300,1676168,1822460,42646,706,0
80.50848412513733,3895357,2057008,2099540,2067734,1886788,32552,714,0
80.60943412780762,3895335,1392716,1439664,1403554,1883833,42714,698,0
80.60943412780762,3895343,2121556,2164352,2132421,1887479,43902,714,0
80.60943412780762,3895350,1665376,1708300,1676188,1822460,42651,706,0
80.60943412780762,3895357,2057008,2099540,2067734,1886788,32552,714,0
80.70909214019775,3895335,1427532,1473968,1438370,1889531,42714,699,0
80.70909214019775,3895343,2121556,2164352,2132421,1887582,43917,714,0
80.70909214019775,3895350,1665376,1708300,1676188,1822460,42651,706,0
80.70909214019775,3895357,2057008,2099540,2067734,1886788,32552,714,0
80.8101110458374,3895335,1460468,1507248,1471306,1897797,42714,700,0
80.8101110458374,3895343,2121556,2164352,2132421,1887582,43917,714,0
80.8101110458374,3895350,1665360,1708300,1676188,1822460,42651,706,0
80.8101110458374,3895357,2057000,2099540,2067734,1886788,32552,714,0
80.91583514213562,3895335,1476312,1519536,1487522,1902272,42714,700,0
80.91583514213562,3895343,2121336,2164352,2132421,1887582,43917,714,0
80.91583514213562,3895350,1665372,1708300,1676188,1822460,42651,706,0
80.91583514213562,3895357,2057012,2099540,2067738,1886788,32553,714,0
81.02481198310852,3895335,1476672,1519536,1487522,1902272,42714,700,0
81.02481198310852,3895343,2121544,2164352,2132421,1887582,43917,714,0
81.02481198310852,3895350,1665376,1708300,1676188,1822460,42651,706,0
81.02481198310852,3895357,2057012,2099540,2067738,1886788,32553,714,0
81.12871408462524,3895335,1485692,1531316,1496530,1907878,42714,700,0
81.12871408462524,3895343,2121556,2164352,2132421,1887582,43917,714,0
81.12871408462524,3895350,1665376,1708300,1676188,1822460,42651,706,0
81.12871408462524,3895357,2057012,2099540,2067738,1886788,32553,714,0
81.23192620277405,3895335,1505332,1548084,1516194,1913536,42714,700,0
81.23192620277405,3895343,2086700,1971956,2097609,1887582,43917,710,0
81.23192620277405,3895350,1665272,1708300,1676188,1822460,42651,706,0
81.23192620277405,3895357,2056864,2099540,2067738,1886788,32553,714,0
81.34029603004456,3895335,1505348,1548084,1516194,1913536,42714,700,0
81.34029603004456,3895343,1716048,1758964,1726921,1887583,43918,706,0
81.34029603004456,3895350,1665372,1708300,1676188,1822460,42651,706,0
81.34029603004456,3895357,2056924,2099540,2067738,1886788,32553,714,0
81.44175314903259,3895335,1505324,1548084,1516194,1913536,42714,700,0
81.44175314903259,3895343,1716056,1758964,1726921,1887583,43918,706,0
81.44175314903259,3895350,1667532,1710476,1678344,1822900,42718,706,0
81.44175314903259,3895357,2057012,2099540,2067738,1886788,32553,714,0
81.5405261516571,3895335,1528532,1573940,1539370,1918630,42714,701,0
81.5405261516571,3895343,1716056,1758964,1726921,1887583,43918,706,0
81.5405261516571,3895350,1679492,1722508,1690376,1824916,42718,706,0
81.5405261516571,3895357,2056516,2099540,2067738,1886788,32553,714,0
81.641841173172,3895335,1542396,1588020,1553238,1922252,42747,701,0
81.641841173172,3895343,1716056,1758964,1726921,1887583,43918,706,0
81.641841173172,3895350,1693316,1740556,1704128,1828972,42718,706,0
81.641841173172,3895357,2057004,2099540,2067738,1886788,32553,714,0
81.74680399894714,3895335,1562792,1608244,1573718,1927884,42747,702,0
81.74680399894714,3895343,1715916,1758964,1726921,1887583,43918,706,0
81.74680399894714,3895350,1705688,1751180,1716500,1832084,42718,706,0
81.74680399894714,3895357,2057012,2099540,2067738,1886788,32553,714,0
81.84883618354797,3895335,1595240,1641140,1606078,1935214,42747,702,0
81.84883618354797,3895343,1716056,1758964,1726921,1887583,43918,706,0
81.84883618354797,3895350,1568980,1603736,1579792,1833109,42719,704,0
81.84883618354797,3895357,2057012,2099540,2067738,1886788,32553,714,0
81.94669508934021,3895335,1616072,1658980,1626966,1940685,42747,702,0
81.94669508934021,3895343,1715876,1758964,1726921,1887586,43918,706,0
81.94669508934021,3895350,1298552,1341596,1309460,1833110,42719,698,0
81.94669508934021,3895357,2056752,2099540,2067738,1886788,32553,714,0
82.04686617851257,3895335,1616004,1658980,1626966,1940685,42747,702,0
82.04686617851257,3895343,1715872,1758964,1726921,1887591,43918,706,0
82.04686617851257,3895350,1298592,1341596,1309460,1833110,42719,698,0
82.04686617851257,3895357,2056604,2099540,2067738,1886788,32553,714,0
82.14972805976868,3895335,1615624,1659492,1626966,1940685,42747,702,0
82.14972805976868,3895343,1716920,1759732,1727785,1887736,43929,706,0
82.14972805976868,3895350,1298648,1341596,1309460,1833110,42719,698,0
82.14972805976868,3895357,2057016,2099540,2067742,1886788,32553,714,0
82.24634218215942,3895335,1642752,1685604,1653590,1946899,42747,703,0
82.24634218215942,3895343,1736372,1783380,1747241,1892660,43929,706,0
82.24634218215942,3895350,1298648,1341596,1309460,1833110,42719,698,0
82.24634218215942,3895357,1682260,1692060,1693022,1886797,32561,706,0
82.36350512504578,3895335,1653596,1699304,1664434,1948177,42748,704,0
82.36350512504578,3895343,1750712,1793620,1761577,1895733,43929,706,0
82.36350512504578,3895350,1298648,1341596,1309460,1833110,42719,698,0
82.36350512504578,3895357,1649528,1692060,1660254,1886797,32561,706,0
82.45460104942322,3895335,1684184,1728616,1695022,1955849,42748,704,0
82.45460104942322,3895343,1750648,1793620,1761577,1895733,43929,706,0
82.45460104942322,3895350,1298804,1341724,1309652,1833130,42747,698,0
82.45460104942322,3895357,1648948,1692060,1660254,1886797,32561,706,0
82.54945802688599,3895335,1685616,1728616,1696602,1957071,42748,704,0
82.54945802688599,3895343,1750064,1793620,1761577,1895733,43929,706,0
82.54945802688599,3895350,1298844,1341724,1309656,1833130,42748,698,0
82.54945802688599,3895357,1649528,1692060,1660254,1886797,32561,706,0
82.64362716674805,3895335,1705100,1751016,1715938,1961078,42748,704,0
82.64362716674805,3895343,1750712,1793620,1761577,1895733,43929,706,0
82.64362716674805,3895350,1298844,1341724,1309656,1833130,42748,698,0
82.64362716674805,3895357,1649528,1692060,1660254,1886797,32561,706,0
82.73500204086304,3895335,1730820,1773672,1741658,1968335,42748,705,0
82.73500204086304,3895343,1750692,1793620,1761577,1895733,43929,706,0
82.73500204086304,3895350,1298844,1341724,1309656,1833130,42748,698,0
82.73500204086304,3895357,1649528,1692060,1660254,1886797,32561,706,0
82.82983303070068,3895335,1751032,1799016,1761870,1973016,42761,706,0
82.82983303070068,3895343,1750712,1793620,1761577,1895733,43929,706,0
82.82983303070068,3895350,1298844,1341724,1309656,1833130,42748,698,0
82.82983303070068,3895357,1649528,1692060,1660254,1886797,32561,706,0
82.92256021499634,3895335,1775564,1821672,1786766,1979599,42761,706,0
82.92256021499634,3895343,1750712,1793620,1761577,1895733,43929,706,0
82.92256021499634,3895350,1298844,1341724,1309656,1833130,42748,698,0
82.92256021499634,3895357,1649536,1692060,1660262,1886797,32561,706,0
83.01762413978577,3895335,1805300,1853416,1816138,1986585,42761,706,0
83.01762413978577,3895343,1750712,1793620,1761577,1895733,43929,706,0
83.01762413978577,3895350,1301432,1346332,1312244,1833219,42748,698,0
83.01762413978577,3895357,1649536,1692060,1660262,1886799,32561,706,0
83.11346006393433,3895335,1830488,1878504,1841326,1992968,42761,707,0
83.11346006393433,3895343,1750712,1793620,1761577,1895733,43929,706,0
83.11346006393433,3895350,1327516,1370396,1338328,1840298,42748,699,0
83.11346006393433,3895357,1649536,1692060,1660262,1886799,32561,706,0
83.21081018447876,3895335,1841556,1890024,1852394,1995983,42761,707,0
83.21081018447876,3895343,1750732,1793620,1761597,1895733,43934,706,0
83.21081018447876,3895350,1342992,1387676,1353804,1843370,42748,699,0
83.21081018447876,3895357,1649536,1692060,1660262,1886799,32561,706,0
83.30640006065369,3895335,1863052,1912348,1874830,2001615,42761,708,0
83.30640006065369,3895343,1560268,1537640,1571133,1895733,43934,701,0
83.30640006065369,3895350,1365296,1411612,1376108,1849286,42748,700,0
83.30640006065369,3895357,1649536,1692060,1660262,1886799,32561,706,0
83.40046715736389,3895335,1885812,1929372,1897358,2006736,42761,708,0
83.40046715736389,3895343,1475272,1519208,1487165,1896245,43934,701,0
83.40046715736389,3895350,1374600,1417500,1385432,1852074,42748,700,0
83.40046715736389,3895357,1649300,1692060,1660262,1886799,32561,706,0
83.50357508659363,3895335,1890892,1938716,1901730,2007462,42761,708,0
83.50357508659363,3895343,1476300,1519208,1487165,1896246,43934,701,0
83.50357508659363,3895350,1391152,1437980,1401964,1855822,42748,700,0
83.50357508659363,3895357,1649536,1692060,1660262,1886800,32561,706,0
83.597647190094,3895335,1912916,1960476,1923754,2012881,42761,708,0
83.597647190094,3895343,1476300,1519208,1487165,1896246,43934,701,0
83.597647190094,3895350,1415364,1462044,1426176,1861830,42748,700,0
83.597647190094,3895357,1649536,1692060,1660262,1886800,32561,706,0
83.69151616096497,3895335,1934236,1982364,1945074,2018179,42761,709,0
83.69151616096497,3895343,1476300,1519208,1487165,1896246,43934,701,0
83.69151616096497,3895350,1442204,1485468,1453016,1867763,42748,701,0
83.69151616096497,3895357,1650732,1693596,1661458,1886800,32561,706,0
83.79057908058167,3895335,1954080,1996064,1964942,2023633,42761,710,0
83.79057908058167,3895343,1476300,1519208,1487165,1896246,43934,701,0
83.79057908058167,3895350,1459912,1503516,1470724,1872191,42748,702,0
83.79057908058167,3895357,1651128,1693596,1661854,1887141,32618,706,0
83.88622403144836,3895335,1972040,2015904,1983374,2028753,42761,710,0
83.88622403144836,3895343,1487048,1531112,1497913,1897934,43934,701,0
83.88622403144836,3895350,1477640,1522204,1488452,1877004,42755,702,0
83.88622403144836,3895357,1651128,1693596,1661854,1887141,32618,706,0
83.98510217666626,3895335,1993616,2041120,2004454,2033503,42761,710,0
83.98510217666626,3895343,1511528,1556456,1522393,1904195,43934,702,0
83.98510217666626,3895350,1485256,1528080,1496068,1882797,42756,702,0
83.98510217666626,3895357,1651128,1693596,1661854,1887141,32618,706,0
84.08408403396606,3895335,2018164,2064416,2029002,2039346,42761,711,0
84.08408403396606,3895343,1529168,1572456,1540413,1909558,43934,702,0
84.08408403396606,3895350,1503620,1549712,1514500,1887917,42756,702,0
84.08408403396606,3895357,1651132,1693596,1661858,1887141,32619,706,0
84.24674320220947,3895335,2038068,2081824,2048910,2044567,42761,711,0
84.24674320220947,3895343,1553292,1600360,1564157,1914327,43934,702,0
84.24674320220947,3895350,1538548,1585424,1549360,1895989,42756,703,0
84.24674320220947,3895357,1651132,1679332,1661858,1887141,32619,706,0
84.4105281829834,3895335,2073324,2123808,2084162,2053071,42761,712,0
84.4105281829834,3895343,1580584,1623656,1591613,1921447,43934,703,0
84.4105281829834,3895350,1564384,1607952,1575940,1903277,42756,704,0
84.4105281829834,3895357,1243584,1286116,1254310,1887142,32619,698,0
84.57126021385193,3895335,2095960,2142240,2106798,2058861,42761,712,0
84.57126021385193,3895343,1592364,1638632,1603901,1925430,43934,703,0
84.57126021385193,3895350,1590388,1639312,1601200,1908910,42756,704,0
84.57126021385193,3895357,1243584,1286116,1254310,1887144,32619,698,0
84.72786402702332,3895335,2134328,2178208,2145166,2066651,42761,713,0
84.72786402702332,3895343,1627620,1674856,1638485,1932893,43934,704,0
84.72786402702332,3895350,1634748,1677712,1645576,1919346,42756,705,0
84.72786402702332,3895357,1243864,1286372,1254590,1887180,32653,698,0
84.88970398902893,3895335,2166712,2211872,2177550,2074866,42761,714,0
84.88970398902893,3895343,1647536,1693672,1659197,1939078,43934,704,0
84.88970398902893,3895350,1662980,1710224,1673792,1926382,42756,706,0
84.88970398902893,3895357,1243864,1286372,1254590,1887180,32653,698,0
85.04783701896667,3895335,2197816,2243360,2208654,2082626,42761,714,0
85.04783701896667,3895343,1670860,1713768,1681725,1944340,43934,705,0
85.04783701896667,3895350,1691096,1739152,1701908,1934510,42756,706,0
85.04783701896667,3895357,1246812,1289956,1257538,1887279,32654,698,0
85.20630407333374,3895335,2231588,2276640,2242426,2091217,42761,715,0
85.20630407333374,3895343,1689292,1732200,1700157,1949116,43934,705,0
85.20630407333374,3895350,1724244,1771664,1735056,1942190,42756,707,0
85.20630407333374,3895357,1278040,1322596,1288782,1894878,32654,699,0
85.36911916732788,3895335,2264208,2311968,2275046,2099841,42761,716,0
85.36911916732788,3895343,1695408,1736248,1706301,1954181,43934,705,0
85.36911916732788,3895350,1753196,1805200,1764360,1950382,42756,708,0
85.36911916732788,3895357,1282152,1324644,1292878,1896751,32654,699,0
85.53118705749512,3895335,2298072,2345504,2308910,2108246,42761,716,0
85.53118705749512,3895343,1712316,1756984,1723181,1958354,43934,706,0
85.53118705749512,3895350,1790172,1833360,1801224,1959275,42756,708,0
85.53118705749512,3895357,1282152,1324644,1292878,1896751,32654,699,0
85.69556903839111,3895335,2328888,2380448,2339726,2116979,42761,717,0
85.69556903839111,3895343,1745940,1791672,1756805,1966081,43934,706,0
85.69556903839111,3895350,1814900,1859728,1825800,1965710,42756,709,0
85.69556903839111,3895357,1282152,1324644,1292878,1896751,32654,699,0
85.85856509208679,3895335,2365648,2413728,2376590,2126935,42761,718,0
85.85856509208679,3895343,1783500,1827000,1794365,1974965,43934,707,0
85.85856509208679,3895350,1835420,1878416,1846232,1970572,42756,709,0
85.85856509208679,3895357,1282152,1324644,1292878,1896751,32654,699,0
86.02813220024109,3895335,2399244,2445088,2410082,2132956,42761,718,0
86.02813220024109,3895343,1807692,1852216,1819305,1982675,43934,708,0
86.02813220024109,3895350,1848852,1896976,1859664,1973956,42756,710,0
86.02813220024109,3895357,1282152,1324644,1292878,1896751,32654,699,0
86.19530510902405,3895335,2437432,2480160,2448270,2142417,42761,719,0
86.19530510902405,3895343,1848476,1892024,1859341,1991990,43934,708,0
86.19530510902405,3895350,1876428,1924112,1887240,1980720,42756,710,0
86.19530510902405,3895357,1282192,1324644,1292918,1896754,32661,699,0
86.36303210258484,3895335,2455864,2507168,2466702,2149585,42761,720,0
86.36303210258484,3895343,1878264,1921976,1889129,1999465,43938,709,0
86.36303210258484,3895350,1906792,1958288,1917960,1988445,42756,711,0
86.36303210258484,3895357,1282192,1324644,1292918,1896754,32661,699,0
86.53233003616333,3895335,2470628,2513568,2481646,2153321,42761,720,0
86.53233003616333,3895343,1906396,1957624,1917261,2007351,43938,710,0
86.53233003616333,3895350,1937888,1985808,1948700,1996160,42757,711,0
86.53233003616333,3895357,1295912,1339320,1306638,1902516,32662,699,0
86.70450210571289,3895335,2470808,2513568,2481646,2153321,42761,720,0
86.70450210571289,3895343,1945300,1988216,1956173,2016971,43938,710,0
86.70450210571289,3895350,1943960,1986856,1954836,2004143,42758,711,0
86.70450210571289,3895357,1319096,1363000,1329822,1909554,32662,700,0
86.8856520652771,3895335,2470808,2513568,2481646,2153321,42761,720,0
86.8856520652771,3895343,1959116,2002808,1970509,2020663,43938,711,0
86.8856520652771,3895350,1962412,2010408,1973224,2008320,42758,712,0
86.8856520652771,3895357,1343744,1387320,1354470,1915277,32662,700,0
86.99259305000305,3895335,2470684,2513568,2481646,2153321,42761,720,0
86.99259305000305,3895343,1985596,2030968,1996461,2026189,43938,711,0
86.99259305000305,3895350,1993156,2036520,2003988,2015269,42758,712,0
86.99259305000305,3895357,1370712,1414328,1381438,1921965,32662,700,0
87.09746813774109,3895335,2470808,2513568,2481646,2153321,42761,720,0
87.09746813774109,3895343,2013084,2056952,2024113,2032951,43938,712,0
87.09746813774109,3895350,2018248,2064296,2029060,2021821,42758,713,0
87.09746813774109,3895357,1395644,1441720,1406370,1929011,32663,701,0
87.20360898971558,3895335,2470820,2513568,2481658,2153321,42764,720,0
87.20360898971558,3895343,2025068,2068088,2036045,2037047,43938,712,0
87.20360898971558,3895350,2044716,2091304,2055560,2029010,42758,714,0
87.20360898971558,3895357,1421252,1463992,1432194,1935667,32663,702,0
87.31480717658997,3895335,2470820,2513568,2481658,2153321,42764,720,0
87.31480717658997,3895343,2037468,2084472,2048333,2039676,43938,712,0
87.31480717658997,3895350,2067148,2112936,2077960,2033850,42758,714,0
87.31480717658997,3895357,1450140,1493304,1460866,1941747,32663,702,0
87.42126512527466,3895335,2470820,2513568,2481658,2153321,42764,720,0
87.42126512527466,3895343,2055712,2098808,2066765,2044727,43938,712,0
87.42126512527466,3895350,2084028,2128168,2094840,2037935,42758,714,0
87.42126512527466,3895357,1464952,1508280,1475678,1945422,32663,702,0
87.5349190235138,3895335,2470820,2513568,2481658,2153321,42764,720,0
87.5349190235138,3895343,2072284,2120568,2083149,2048495,43938,713,0
87.5349190235138,3895350,2107864,2152104,2118676,2043806,42760,715,0
87.5349190235138,3895357,1487424,1530808,1498150,1951539,32663,703,0
87.64595818519592,3895335,2470820,2513568,2481658,2153321,42764,720,0
87.64595818519592,3895343,2102188,2148216,2113053,2055974,43938,714,0
87.64595818519592,3895350,2136864,2181544,2147676,2050849,42760,715,0
87.64595818519592,3895357,1518052,1561272,1528778,1958707,32663,704,0
87.75499606132507,3895335,2470844,2513696,2481682,2153321,42770,720,0
87.75499606132507,3895343,2116532,2164472,2128205,2060087,43938,714,0
87.75499606132507,3895350,2152932,2197928,2163744,2055335,42760,716,0
87.75499606132507,3895357,1532152,1578680,1542878,1963038,32663,704,0
87.86814403533936,3895335,2470844,2513696,2481682,2153321,42770,720,0
87.86814403533936,3895343,2120128,2168952,2130993,2064695,43938,714,0
87.86814403533936,3895350,2168420,2216360,2179232,2059928,42760,716,0
87.86814403533936,3895357,1552472,1598264,1563198,1968023,32663,704,0
87.9806079864502,3895335,2470844,2513696,2481682,2153321,42770,720,0
87.9806079864502,3895343,2148048,2194296,2158925,2071863,43938,714,0
87.9806079864502,3895350,2195940,2244904,2206752,2066916,42760,716,0
87.9806079864502,3895357,1577620,1625400,1588346,1974504,32663,705,0
88.09118604660034,3895335,2470844,2513696,2481682,2153321,42770,720,0
88.09118604660034,3895343,2180828,2223736,2191693,2078857,43938,715,0
88.09118604660034,3895350,2222532,2265512,2233416,2073780,42766,717,0
88.09118604660034,3895357,1599516,1644600,1610370,1980211,32663,705,0
88.2069821357727,3895335,2470844,2513696,2481682,2153321,42770,720,0
88.2069821357727,3895343,2199100,2244216,2210125,2084151,43938,716,0
88.2069821357727,3895350,2246324,2295336,2257136,2079442,42766,718,0
88.2069821357727,3895357,1630312,1676984,1641038,1987586,32663,706,0
88.34422898292542,3895335,2470844,2513696,2481682,2153321,42770,720,0
88.34422898292542,3895343,2227932,2270840,2238797,2091375,43938,716,0
88.34422898292542,3895350,2271608,2316200,2282568,2086068,42766,718,0
88.34422898292542,3895357,1653440,1699512,1664166,1993428,32663,706,0
88.46105408668518,3895335,2415548,2245412,2426386,2153321,42770,714,0
88.46105408668518,3895343,2238920,2284152,2249785,2093053,43938,716,0
88.46105408668518,3895350,2302448,2347472,2313260,2092856,42766,718,0
88.46105408668518,3895357,1680980,1727800,1692290,2000691,32663,707,0
88.60351014137268,3895335,2121456,2165668,2132294,2153455,43722,713,0
88.60351014137268,3895343,2264456,2310904,2275325,2099512,43938,717,0
88.60351014137268,3895350,2322572,2371280,2333384,2097890,42768,719,0
88.60351014137268,3895357,1722364,1770808,1733090,2009907,32663,708,0
88.78706121444702,3895335,2134216,2177316,2145078,2154741,45764,713,0
88.78706121444702,3895343,2296436,2342776,2307317,2108216,43938,718,0
88.78706121444702,3895350,2360004,2402896,2370816,2107617,42768,720,0
88.78706121444702,3895357,1772844,1816248,1783570,2022835,32663,709,0
88.95693707466125,3895335,2134596,2177572,2145602,2154780,45872,713,0
88.95693707466125,3895343,2330536,2375032,2341401,2115384,43943,718,0
88.95693707466125,3895350,2360004,2402896,2370816,2107617,42768,720,0
88.95693707466125,3895357,1771852,1818140,1782590,2028831,32663,709,0
89.07076406478882,3895335,2134868,2177956,2145706,2154780,45872,713,0
89.07076406478882,3895343,2364232,2408056,2375097,2124051,43943,719,0
89.07076406478882,3895350,2360000,2402896,2370816,2107617,42768,720,0
89.07076406478882,3895357,1796992,1842844,1807718,2034996,32663,709,0
89.18872618675232,3895335,2138080,2181668,2148918,2155100,46348,713,0
89.18872618675232,3895343,2387608,2430584,2398561,2130280,43943,720,0
89.18872618675232,3895350,2360004,2402896,2370816,2107617,42768,720,0
89.18872618675232,3895357,1831076,1877404,1841802,2043563,32664,710,0
89.30584502220154,3895335,2143032,2187556,2153870,2155511,47181,713,0
89.30584502220154,3895343,2418688,2461560,2429553,2137220,43943,720,0
89.30584502220154,3895350,2360004,2402896,2370816,2107617,42768,720,0
89.30584502220154,3895357,1865536,1912348,1876262,2052024,32664,711,0
89.42645716667175,3895335,2148452,2191396,2159290,2156108,47872,713,0
89.42645716667175,3895343,2418688,2461560,2429553,2139004,43943,720,0
89.42645716667175,3895350,2360004,2402896,2370816,2107617,42768,720,0
89.42645716667175,3895357,1904700,1948828,1915426,2061174,32664,712,0
89.54276204109192,3895335,2150724,2193572,2161562,2156355,48283,713,0
89.54276204109192,3895343,2418688,2461560,2429553,2139004,43943,720,0
89.54276204109192,3895350,2360004,2402896,2370816,2107617,42768,720,0
89.54276204109192,3895357,1929228,1975708,1939954,2067837,32664,712,0
89.66303205490112,3895335,2150724,2193572,2161562,2156355,48283,713,0
89.66303205490112,3895343,2418688,2461560,2429553,2139004,43943,720,0
89.66303205490112,3895350,1997576,2040524,2008388,2107623,42779,712,0
89.66303205490112,3895357,1966212,2010780,1976938,2077097,32664,713,0
89.78946900367737,3895335,2150728,2193572,2161566,2156355,48284,713,0
89.78946900367737,3895343,2418688,2461560,2429553,2139004,43943,720,0
89.78946900367737,3895350,1997576,2040524,2008388,2107623,42779,712,0
89.78946900367737,3895357,1970232,2014932,1981074,2078516,32664,713,0
89.94131302833557,3895335,2152840,2196352,2163702,2156534,48557,713,0
89.94131302833557,3895343,2039728,2082716,2050670,2139004,43943,712,0
89.94131302833557,3895350,1996972,2040524,2008384,2107623,42779,712,0
89.94131302833557,3895357,1972368,2014932,1984051,2078521,32664,713,0
90.10579705238342,3895335,0,0,0,2156936,48946,0,0
90.10579705238342,3895343,2039688,2082716,2051563,2139004,43943,712,0
90.10579705238342,3895350,1997576,2040524,2009311,2107623,42779,712,0
90.10579705238342,3895357,1994940,2041556,2006579,2078528,32664,713,0
90.19498109817505,3895335,0,0,0,2156936,48946,0,0
90.19498109817505,3895343,2039808,2082716,2051563,2139004,43943,712,0
90.19498109817505,3895350,1997576,2040524,2009311,2107623,42779,712,0
90.19498109817505,3895357,2035900,2082516,2047539,2078549,32664,714,0
90.28276705741882,3895335,0,0,0,2156936,48946,0,0
90.28276705741882,3895343,2040036,2082716,2054307,2139004,43943,712,0
90.28276705741882,3895350,1997696,2040524,2012011,2107623,42779,712,0
90.28276705741882,3895357,2058524,2100948,2072697,2078561,32664,714,0
90.37202310562134,3895343,2040044,2082716,2054307,2139004,43943,712,0
90.37202310562134,3895350,1997732,2040524,2012011,2107623,42779,712,0
90.37202310562134,3895357,2082084,2126036,2096257,2083024,32666,715,0
90.4647901058197,3895343,2040044,2082716,2054307,2139004,43943,712,0
90.4647901058197,3895350,1997732,2040524,2012011,2107623,42779,712,0
90.4647901058197,3895357,2111468,2155732,2125641,2090342,32666,716,0
90.5499541759491,3895343,2040044,2082716,2054307,2139004,43943,712,0
90.5499541759491,3895350,1997732,2040524,2012011,2107623,42779,712,0
90.5499541759491,3895357,2139396,2183508,2153569,2097335,32666,716,0
90.63551616668701,3895343,2040012,2082716,2054307,2139004,43943,712,0
90.63551616668701,3895350,1997720,2040524,2012011,2107623,42779,712,0
90.63551616668701,3895357,2148436,2191060,2162829,2101094,32666,716,0
90.72546100616455,3895343,2040044,2082716,2054307,2139004,43943,712,0
90.72546100616455,3895350,1997616,2040524,2012019,2107623,42781,712,0
90.72546100616455,3895357,2148324,2191060,2162829,2101094,32666,716,0
90.816721200943,3895343,2039692,2082716,2054307,2139004,43943,712,0
90.816721200943,3895350,1997588,2040524,2012019,2107623,42781,712,0
90.816721200943,3895357,2148612,2191060,2162829,2101094,32666,716,0
90.90856599807739,3895343,2040044,2082716,2054307,2139004,43943,712,0
90.90856599807739,3895350,1997316,2040524,2012019,2107623,42781,712,0
90.90856599807739,3895357,2147832,2191060,2162829,2101094,32666,716,0
90.99933314323425,3895343,2040044,2082716,2054307,2139004,43943,712,0
90.99933314323425,3895350,2002312,2046796,2016591,2107781,43599,712,0
90.99933314323425,3895357,2169884,2214100,2184057,2104890,32666,717,0
91.08639407157898,3895343,2040044,2082716,2054307,2139004,43943,712,0
91.08639407157898,3895350,2008288,2052556,2022567,2108000,44921,712,0
91.08639407157898,3895357,2191436,2234068,2205837,2111846,32666,717,0
91.17489004135132,3895343,2039860,2082716,2054307,2139004,43943,712,0
91.17489004135132,3895350,2018808,2063308,2033523,2109197,46456,712,0
91.17489004135132,3895357,2191268,2234068,2205837,2111846,32666,717,0
91.26778817176819,3895343,2039996,2082716,2054307,2139004,43943,712,0
91.26778817176819,3895350,2021304,2064332,2035815,2109380,46956,712,0
91.26778817176819,3895357,2193708,2238188,2207889,2111848,32666,717,0
91.35875415802002,3895343,2039880,2082716,2054307,2139004,43943,712,0
91.35875415802002,3895350,2021752,2064460,2036035,2109405,46995,712,0
91.35875415802002,3895357,2203944,2246380,2218129,2113385,32666,718,0
91.4471321105957,3895343,2040040,2082716,2054307,2139004,43943,712,0
91.4471321105957,3895350,2021740,2064460,2036039,2109405,46996,712,0
91.4471321105957,3895357,2205916,2248428,2220273,2113901,32687,718,0
91.53657007217407,3895343,2045724,2089244,2060151,2139265,45059,712,0
91.53657007217407,3895350,2022684,2065612,2036970,2109445,47126,712,0
91.53657007217407,3895357,2210056,2252524,2224369,2114925,32687,718,0
91.62898802757263,3895343,2049308,2093596,2063611,2139350,45876,712,0
91.62898802757263,3895350,2024828,2068428,2039107,2109669,47500,712,0
91.62898802757263,3895357,2230028,2274796,2244201,2118481,32687,718,0
91.71840119361877,3895343,2059624,2102684,2073887,2140499,47312,712,0
91.71840119361877,3895350,1924612,1902428,1938891,2110118,48089,709,0
91.71840119361877,3895357,2258544,2303212,2272717,2125635,32687,718,0
91.8050811290741,3895343,2060468,2103068,2074731,2140555,47510,712,0
91.8050811290741,3895350,1640504,1683440,1654783,2110416,48444,704,0
91.8050811290741,3895357,2284740,2329580,2298913,2132129,32687,719,0
91.88808917999268,3895343,2060584,2103196,2074859,2140557,47539,712,0
91.88808917999268,3895350,1644588,1689200,1658871,2110896,48894,704,0
91.88808917999268,3895357,2295976,2338540,2310385,2136431,32687,720,0
91.97916603088379,3895343,1667412,1710096,1681687,2140558,47551,704,0
91.97916603088379,3895350,1654320,1698544,1668655,2112797,49469,704,0
91.97916603088379,3895357,2295756,2338540,2310385,2136431,32687,720,0
92.07017111778259,3895343,1668136,1711120,1682403,2140597,47688,704,0
92.07017111778259,3895350,1660740,1704432,1675155,2113847,50112,704,0
92.07017111778259,3895357,2295680,2338540,2310385,2136431,32687,720,0
92.15854907035828,3895343,1671232,1714320,1685503,2140840,48171,704,0
92.15854907035828,3895350,1664272,1707248,1678747,2114241,50640,704,0
92.15854907035828,3895357,2296032,2338540,2310385,2136431,32687,720,0
92.24925518035889,3895343,1675264,1718160,1689639,2141209,48842,704,0
92.24925518035889,3895350,1664308,1707248,1678747,2114241,50640,704,0
92.24925518035889,3895357,2296012,2338540,2310385,2136432,32687,720,0
92.33829307556152,3895343,1679568,1722640,1693983,2141780,49395,704,0
92.33829307556152,3895350,1664328,1707248,1678747,2114245,50640,704,0
92.33829307556152,3895357,2296616,2325336,2310973,2136432,32687,719,0
92.42970108985901,3895343,1683704,1727632,1697967,2142251,49732,704,0
92.42970108985901,3895350,1664468,1707248,1678747,2114245,50640,704,0
92.42970108985901,3895357,2307036,2352472,2321209,2141883,32689,720,0
92.51327300071716,3895343,1687308,1730576,1701571,2142768,50306,704,0
92.51327300071716,3895350,1666668,1710320,1681015,2114497,50905,704,0
92.51327300071716,3895357,2322596,2365144,2337017,2147184,32689,720,0
92.5997200012207,3895343,1687920,1730576,1702251,2142830,50426,704,0
92.5997200012207,3895350,0,0,0,2115188,51683,0,0
92.5997200012207,3895357,2322684,2365144,2337017,2147184,32689,720,0
92.66324210166931,3895343,1687972,1730576,1704080,2142832,50426,704,0
92.66324210166931,3895350,0,0,0,2115188,51683,0,0
92.66324210166931,3895357,2322856,2365144,2338894,2147190,32689,720,0
92.73022508621216,3895343,1688148,1730576,1704080,2142832,50426,704,0
92.73022508621216,3895350,0,0,0,2115188,51683,0,0
92.73022508621216,3895357,2329248,2371412,2345042,2147193,32690,720,0
92.79501605033875,3895343,1688148,1730576,1704080,2142832,50426,704,0
92.79501605033875,3895350,0,0,0,2115188,51683,0,0
92.79501605033875,3895357,2329248,2371412,2345042,2147193,32690,720,0
92.85896921157837,3895343,1688764,1730704,1709422,2142832,50426,704,0
92.85896921157837,3895350,0,0,0,2115188,51683,0,0
92.85896921157837,3895357,2329580,2371412,2350238,2147193,32690,720,0
92.92134308815002,3895343,1690932,1732752,1711590,2143044,50758,704,0
92.92134308815002,3895350,0,0,0,2115188,51683,0,0
92.92134308815002,3895357,2329576,2371412,2350236,2147193,32690,720,0
92.98236417770386,3895343,0,0,0,2143615,51416,0,0
92.98236417770386,3895350,0,0,0,2115188,51683,0,0
92.98236417770386,3895357,2329576,2371412,2350236,2147193,32690,720,0
93.02479100227356,3895343,0,0,0,2143615,51416,0,0
93.02479100227356,3895350,0,0,0,2115188,51683,0,0
93.02479100227356,3895357,2340136,2371412,2355516,2147193,32690,720,0
93.06781506538391,3895343,0,0,0,2143615,51416,0,0
93.06781506538391,3895350,0,0,0,2115188,51683,0,0
93.06781506538391,3895357,2340136,2371412,2355516,2147193,32690,720,0
93.11074209213257,3895343,0,0,0,2143615,51416,0,0
93.11074209213257,3895350,0,0,0,2115188,51683,0,0
93.11074209213257,3895357,2340136,2371412,2355516,2147193,32690,720,0
93.15325021743774,3895343,0,0,0,2143615,51416,0,0
93.15325021743774,3895350,0,0,0,2115188,51683,0,0
93.15325021743774,3895357,2340136,2371412,2355516,2147193,32690,720,0
93.19584608078003,3895343,0,0,0,2143615,51416,0,0
93.19584608078003,3895350,0,0,0,2115188,51683,0,0
93.19584608078003,3895357,2370548,2371412,2370810,2147193,32690,720,0
93.23703598976135,3895343,0,0,0,2143615,51416,0,0
93.23703598976135,3895350,0,0,0,2115188,51683,0,0
93.23703598976135,3895357,2370548,2371412,2370810,2147193,32690,720,0
93.27684712409973,3895357,2370548,2371412,2370810,2147193,32690,720,0
93.32370018959045,3895357,2370552,2371412,2370814,2147193,32690,720,0
93.36326718330383,3895357,2370552,2371412,2370814,2147193,32691,720,0
93.40268421173096,3895357,2370552,2371412,2370814,2147193,32691,720,0
93.4418580532074,3895357,2370552,2371412,2370814,2147193,32691,720,0
93.48180818557739,3895357,2370552,2371412,2370814,2147193,32691,720,0
93.52240204811096,3895357,2370552,2371412,2370814,2147193,32691,720,0
93.56249499320984,3895357,2370552,2371412,2370814,2147193,32691,720,0
93.60281109809875,3895357,2370552,2371412,2370814,2147193,32691,720,0
93.64264917373657,3895357,2370552,2371412,2370814,2147193,32691,720,0
93.68284702301025,3895357,2370552,2371412,2370814,2147193,32691,720,0
93.72326016426086,3895357,2370552,2371412,2370814,2147193,32691,720,0
93.76380610466003,3895357,2370552,2371412,2370814,2147193,32691,720,0
93.8036241531372,3895357,2370552,2371412,2370814,2147193,32691,720,0
93.8428521156311,3895357,2370552,2371412,2370814,2147193,32691,720,0
93.8832950592041,3895357,2370552,2371412,2370814,2147193,32691,720,0
93.92422914505005,3895357,2370552,2371412,2370814,2147193,32691,720,0
93.9643440246582,3895357,2370552,2371412,2370814,2147193,32691,720,0
94.00481820106506,3895357,2370552,2371412,2370814,2147193,32691,720,0
94.04529309272766,3895357,2370552,2371412,2370814,2147193,32691,720,0
94.08558702468872,3895357,2370552,2371412,2370814,2147193,32691,720,0
94.12527203559875,3895357,2370552,2371412,2370814,2147193,32691,720,0
94.16481804847717,3895357,2370552,2371412,2370814,2147193,32691,720,0
94.20527815818787,3895357,2370552,2371412,2370814,2147193,32691,720,0
94.2457001209259,3895357,2370552,2371412,2370814,2147193,32691,720,0
94.28580808639526,3895357,2370552,2371412,2370814,2147193,32691,720,0
94.32580900192261,3895357,2370552,2371412,2370814,2147193,32691,720,0
94.36576318740845,3895357,2370552,2371412,2370814,2147193,32691,720,0
94.40856099128723,3895357,2364416,2250600,2364678,2147193,32691,718,0
94.45704007148743,3895357,2018308,2008936,2018570,2147193,32694,712,0
94.49465107917786,3895357,2008068,2008936,2008330,2147193,32694,712,0
94.53180313110352,3895357,2008068,2008936,2008330,2147193,32694,712,0
94.56787705421448,3895357,2008068,2008936,2008330,2147193,32694,712,0
94.60447812080383,3895357,2008068,2008936,2008330,2147193,32694,712,0
94.64154410362244,3895357,2008068,2008936,2008330,2147193,32694,712,0
94.67854809761047,3895357,2008068,2008936,2008330,2147193,32694,712,0
94.71543002128601,3895357,2008068,2008936,2008330,2147193,32694,712,0
94.75280809402466,3895357,2008068,2008936,2008330,2147193,32694,712,0
94.78981709480286,3895357,2008068,2008936,2008330,2147193,32694,712,0
94.82660698890686,3895357,2008068,2008936,2008330,2147193,32694,712,0
94.863694190979,3895357,2008764,2012392,2009026,2147193,32694,712,0
94.90072011947632,3895357,2015256,2017512,2015518,2147496,34010,712,0
94.93818521499634,3895357,2017940,2019816,2018202,2147633,34561,712,0
94.97608804702759,3895357,2020836,2023016,2021098,2147733,35192,712,0
95.01327514648438,3895357,2024720,2027752,2024982,2147914,35867,712,0
95.05081915855408,3895357,2031632,2033896,2031894,2148811,36847,712,0
95.08813619613647,3895357,2033852,2035048,2034114,2148989,37292,712,0
95.12520003318787,3895357,2034492,2035304,2034754,2149049,37424,712,0
95.16270303726196,3895357,2034600,2035432,2034862,2149058,37455,712,0
95.19981813430786,3895357,2034660,2035432,2034922,2149063,37466,712,0
95.23668503761292,3895357,2034660,2035432,2034922,2149063,37466,712,0
95.27382707595825,3895357,2034664,2035432,2034926,2149063,37466,712,0
95.31084299087524,3895357,2034664,2035432,2034926,2149064,37466,712,0
95.348069190979,3895357,2034664,2035432,2034926,2149064,37466,712,0
95.38482403755188,3895357,2034972,2036072,2035234,2149064,37466,712,0
95.42233800888062,3895357,2036008,2037224,2036270,2149127,37661,712,0
95.45965814590454,3895357,2037072,2038632,2037334,2149190,37844,712,0
95.49744009971619,3895357,2039808,2040936,2040070,2149422,38260,712,0
95.53502321243286,3895357,2041392,2043240,2041654,2149614,38466,712,0
95.57269716262817,3895357,2043972,2045544,2044234,2149858,38883,712,0
95.61034202575684,3895357,2045668,2046696,2045930,2150133,39090,712,0
95.64835214614868,3895357,2046944,2048872,2047206,2150285,39261,712,0
95.6862280368805,3895357,2049824,2052328,2050086,2150545,39640,712,0
95.72429513931274,3895357,2052532,2054888,2052794,2151062,39867,712,0
95.76361513137817,3895357,2055664,2058344,2055926,2151757,40012,712,0
95.80175018310547,3895357,2058532,2060904,2058794,2152313,40116,712,0
95.83957600593567,3895357,2061456,2062568,2061718,2152871,40305,712,0
95.87787699699402,3895357,2063308,2064616,2063570,2152998,40484,712,0
95.91571116447449,3895357,2063900,2064744,2064162,2153196,40635,712,0
95.9523561000824,3895357,2063904,2064744,2064166,2153196,40635,712,0
95.98871898651123,3895357,2064052,2066152,2064314,2153198,40638,712,0
96.0275330543518,3895357,2066848,2068200,2067110,2153690,40823,712,0
96.06661605834961,3895357,2069648,2071272,2069910,2153892,41090,712,0
96.10555720329285,3895357,2070776,2071528,2071038,2154191,41359,712,0
96.14289212226868,3895357,2070776,2071528,2071038,2154191,41359,712,0
96.1805911064148,3895357,2070776,2071528,2071038,2154191,41359,712,0
96.21785616874695,3895357,2070776,2071528,2071038,2154191,41359,712,0
96.25529098510742,3895357,2070776,2071528,2071038,2154191,41359,712,0
96.29277801513672,3895357,2070776,2071528,2071038,2154191,41359,712,0
96.33012819290161,3895357,2070776,2071528,2071038,2154191,41359,712,0
96.36760401725769,3895357,2070776,2071528,2071038,2154191,41359,712,0
96.40485310554504,3895357,2070776,2071528,2071038,2154191,41359,712,0
96.442467212677,3895357,2071908,2073320,2072170,2154212,41378,712,0
96.48123216629028,3895357,1938772,1878564,1939034,2154592,41739,708,0
96.51861619949341,3895357,1695728,1696592,1695990,2154621,41874,705,0
96.5540041923523,3895357,1697600,1698512,1697862,2154874,42111,705,0
96.58895611763,3895357,0,0,0,2155350,42585,0,0
96.60511517524719,3895357,0,0,0,2155350,42585,0,0
96.62115621566772,3895357,0,0,0,2155350,42585,0,0
96.6374921798706,3895357,0,0,0,2155350,42585,0,0
96.65360999107361,3895357,0,0,0,2155350,42585,0,0
96.6697142124176,3895357,0,0,0,2155350,42585,0,0
96.6863009929657,3895357,0,0,0,2155350,42585,0,0
96.70280909538269,3895357,0,0,0,2155350,42585,0,0
96.7190101146698,3895357,0,0,0,2155350,42585,0,0
96.73576712608337,3895357,0,0,0,2155350,42585,0,0
96.7524790763855,3895357,0,0,0,2155350,42585,0,0
96.7688410282135,3895357,0,0,0,2155350,42585,0,0
96.7854790687561,3895357,0,0,0,2155350,42585,0,0
96.80217409133911,3895357,0,0,0,2155350,42585,0,0
96.8187620639801,3895357,0,0,0,2155350,42585,0,0
96.83537602424622,3895357,0,0,0,2155350,42585,0,0
96.85218000411987,3895357,0,0,0,2155350,42585,0,0
96.86870312690735,3895357,0,0,0,2155350,42585,0,0
96.88408517837524,3895357,0,0,0,2155350,42585,0,0
