elapsed_s,pid,uss,rss,pss,min_flt,maj_flt,oom,oomadj
0.01069784164428711,334986,184,1548,584,330,5,666,0
0.01069784164428711,334987,260,1520,624,330,5,666,0
0.01069784164428711,334988,188,1624,597,336,4,666,0
0.01069784164428711,334989,176,1540,581,321,3,666,0
0.029531002044677734,334986,548,4892,1696,514,9,666,0
0.029531002044677734,334987,652,4872,1777,519,8,666,0
0.029531002044677734,334988,556,5088,1766,531,8,666,0
0.029531002044677734,334989,576,4924,1747,515,8,666,0
0.04841279983520508,334986,1064,8064,2948,746,16,666,0
0.04841279983520508,334987,1124,8032,2990,754,14,666,0
0.04841279983520508,334988,1028,8028,2948,761,11,666,0
0.04841279983520508,334989,1048,8228,2923,749,13,666,0
0.06832289695739746,334986,1748,13340,4865,1103,24,666,0
0.06832289695739746,334987,1884,13732,5018,1111,20,666,0
0.06832289695739746,334988,1784,13928,5009,1136,15,666,0
0.06832289695739746,334989,1872,14212,5089,1136,16,666,0
0.0906839370727539,334986,3044,18248,7294,1518,25,666,0
0.0906839370727539,334987,3196,18436,7478,1523,20,666,0
0.0906839370727539,334988,2548,16488,6228,1339,15,666,0
0.0906839370727539,334989,2944,17404,6801,1475,16,666,0
0.11557388305664062,334986,9660,40244,20936,3251,29,667,0
0.11557388305664062,334987,9976,41580,21855,3408,25,667,0
0.11557388305664062,334988,3560,18512,7515,1536,15,666,0
0.11557388305664062,334989,3808,19796,8100,1721,16,666,0
0.14484882354736328,334986,18504,61988,31383,5884,29,667,0
0.14484882354736328,334987,20776,62800,33648,6415,26,667,0
0.14484882354736328,334988,6052,26908,11087,2356,15,666,0
0.14484882354736328,334989,18280,62120,31021,5641,16,667,0
0.17299795150756836,334986,48708,90948,59587,13494,29,668,0
0.17299795150756836,334987,49108,91344,60012,13570,26,668,0
0.17299795150756836,334988,24172,68264,35211,7164,15,668,0
0.17299795150756836,334989,48896,91208,59875,13548,16,668,0
0.20589280128479004,334986,61460,103712,72368,14220,29,668,0
0.20589280128479004,334987,61548,103820,72460,14211,26,668,0
0.20589280128479004,334988,53784,96644,64888,13799,15,668,0
0.20589280128479004,334989,56720,96744,67745,14274,16,668,0
0.2387239933013916,334986,88456,130708,99351,14327,29,668,0
0.2387239933013916,334987,82932,125320,93844,14421,26,668,0
0.2387239933013916,334988,61788,104648,72892,14290,15,668,0
0.2387239933013916,334989,83468,126148,94493,14473,16,668,0
0.2766838073730469,334986,82780,125032,93675,14328,29,668,0
0.2766838073730469,334987,89076,131348,99988,14424,26,669,0
0.2766838073730469,334988,88660,131520,99764,14366,15,669,0
0.2766838073730469,334989,89000,131684,100025,14476,16,669,0
0.31665682792663574,334986,88924,131176,99819,14331,29,669,0
0.31665682792663574,334987,89976,132244,100888,14649,26,669,0
0.31665682792663574,334988,83076,125936,94180,14367,15,668,0
0.31665682792663574,334989,89884,132452,100909,14697,16,669,0
0.3551797866821289,334986,88924,131176,99819,14331,29,669,0
0.3551797866821289,334987,89976,132244,100888,14649,26,669,0
0.3551797866821289,334988,89220,132080,100324,14370,15,669,0
0.3551797866821289,334989,89884,132452,100909,14697,16,669,0
0.37751078605651855,334986,89816,131944,100711,14554,29,669,0
0.37751078605651855,334987,89976,132244,100888,14649,26,669,0
0.37751078605651855,334988,89220,132080,100324,14370,15,669,0
0.37751078605651855,334989,89884,132452,100909,14697,16,669,0
0.3999629020690918,334986,89816,131944,100711,14554,29,669,0
0.3999629020690918,334987,89240,131524,100152,14649,26,669,0
0.3999629020690918,334988,89220,132080,100324,14370,15,669,0
0.3999629020690918,334989,89012,131768,100037,14697,16,669,0
0.4229288101196289,334986,88932,131208,99827,14554,29,669,0
0.4229288101196289,334987,89240,131524,100152,14649,26,669,0
0.4229288101196289,334988,89780,132848,100884,14510,15,669,0
0.4229288101196289,334989,89012,131768,100037,14697,16,669,0
0.4458189010620117,334986,88932,131208,99827,14554,29,669,0
0.4458189010620117,334987,89240,131524,100152,14649,26,669,0
0.4458189010620117,334988,90092,132848,101196,14588,15,669,0
0.4458189010620117,334989,89012,131768,100037,14697,16,669,0
0.46912288665771484,334986,88932,131208,99827,14554,29,669,0
0.46912288665771484,334987,89240,131524,100152,14649,26,669,0
0.46912288665771484,334988,90092,132848,101196,14588,15,669,0
0.46912288665771484,334989,89012,131768,100037,14697,16,669,0
0.49304890632629395,334986,88932,131208,99827,14554,29,669,0
0.49304890632629395,334987,89240,131524,100152,14649,26,669,0
0.49304890632629395,334988,89180,132040,100284,14588,15,669,0
0.49304890632629395,334989,89012,131768,100037,14697,16,669,0
0.5166058540344238,334986,88932,131208,99827,14554,29,669,0
0.5166058540344238,334987,89240,131524,100152,14649,26,669,0
0.5166058540344238,334988,89180,132040,100284,14588,15,669,0
0.5166058540344238,334989,89012,131768,100037,14697,16,669,0
0.540327787399292,334986,88932,131208,99827,14554,29,669,0
0.540327787399292,334987,89240,131524,100152,14649,26,669,0
0.540327787399292,334988,89180,132040,100284,14588,15,669,0
0.540327787399292,334989,89012,131768,100037,14697,16,669,0
0.5642650127410889,334986,88932,131208,99827,14554,29,669,0
0.5642650127410889,334987,89240,131524,100152,14649,26,669,0
0.5642650127410889,334988,89180,132040,100284,14588,15,669,0
0.5642650127410889,334989,89012,131768,100037,14697,16,669,0
0.5886199474334717,334986,88932,131208,99827,14554,29,669,0
0.5886199474334717,334987,89240,131524,100152,14649,26,669,0
0.5886199474334717,334988,89180,132040,100284,14588,15,669,0
0.5886199474334717,334989,89012,131768,100037,14697,16,669,0
0.6134920120239258,334986,88932,131208,99827,14554,29,669,0
0.6134920120239258,334987,89240,131524,100152,14649,26,669,0
0.6134920120239258,334988,89180,132040,100284,14588,15,669,0
0.6134920120239258,334989,89012,131768,100037,14697,16,669,0
0.6385998725891113,334986,88932,131208,99827,14554,29,669,0
0.6385998725891113,334987,89240,131524,100152,14649,26,669,0
0.6385998725891113,334988,89180,132040,100284,14588,15,669,0
0.6385998725891113,334989,89012,131768,100037,14697,16,669,0
0.6638360023498535,334986,88932,131208,99827,14554,29,669,0
0.6638360023498535,334987,89240,131524,100152,14649,26,669,0
0.6638360023498535,334988,89180,132040,100284,14588,15,669,0
0.6638360023498535,334989,89012,131768,100037,14697,16,669,0
0.6895408630371094,334986,88932,131208,99827,14554,29,669,0
0.6895408630371094,334987,89240,131524,100152,14649,26,669,0
0.6895408630371094,334988,89180,132040,100284,14588,15,669,0
0.6895408630371094,334989,89012,131768,100037,14697,16,669,0
0.716284990310669,334986,88932,131208,99827,14554,29,669,0
0.716284990310669,334987,89240,131524,100152,14649,26,669,0
0.716284990310669,334988,89180,132040,100284,14588,15,669,0
0.716284990310669,334989,89012,131768,100037,14697,16,669,0
0.7426209449768066,334986,88932,131208,99827,14554,29,669,0
0.7426209449768066,334987,89240,131524,100152,14649,26,669,0
0.7426209449768066,334988,89180,132040,100284,14588,15,669,0
0.7426209449768066,334989,89012,131768,100037,14697,16,669,0
0.7693748474121094,334986,88932,131208,99827,14554,29,669,0
0.7693748474121094,334987,89240,131524,100152,14649,26,669,0
0.7693748474121094,334988,89180,132040,100284,14588,15,669,0
0.7693748474121094,334989,89012,131768,100037,14697,16,669,0
0.7964010238647461,334986,88932,131208,99827,14554,29,669,0
0.7964010238647461,334987,89240,131524,100152,14649,26,669,0
0.7964010238647461,334988,89180,132040,100284,14588,15,669,0
0.7964010238647461,334989,89012,131768,100037,14697,16,669,0
0.8243939876556396,334986,88932,131208,99827,14554,29,669,0
0.8243939876556396,334987,89240,131524,100152,14649,26,669,0
0.8243939876556396,334988,89180,132040,100284,14588,15,669,0
0.8243939876556396,334989,89012,131768,100037,14697,16,669,0
0.8528709411621094,334986,88932,131208,99827,14554,29,669,0
0.8528709411621094,334987,89240,131524,100152,14649,26,669,0
0.8528709411621094,334988,89180,132040,100284,14588,15,669,0
0.8528709411621094,334989,89012,131768,100037,14697,16,669,0
0.881572961807251,334986,88932,131208,99827,14554,29,669,0
0.881572961807251,334987,89240,131524,100152,14649,26,669,0
0.881572961807251,334988,89180,132040,100284,14588,15,669,0
0.881572961807251,334989,89012,131768,100037,14697,16,669,0
0.9109578132629395,334986,88932,131208,99827,14554,29,669,0
0.9109578132629395,334987,89240,131524,100152,14649,26,669,0
0.9109578132629395,334988,89180,132040,100284,14588,15,669,0
0.9109578132629395,334989,89012,131768,100037,14697,16,669,0
0.9405148029327393,334986,88932,131208,99827,14554,29,669,0
0.9405148029327393,334987,89240,131524,100152,14649,26,669,0
0.9405148029327393,334988,89180,132040,100284,14588,15,669,0
0.9405148029327393,334989,89012,131768,100037,14697,16,669,0
0.9697258472442627,334986,88932,131208,99827,14554,29,669,0
0.9697258472442627,334987,89240,131524,100152,14649,26,669,0
0.9697258472442627,334988,89180,132040,100284,14588,15,669,0
0.9697258472442627,334989,89012,131768,100037,14697,16,669,0
0.9993939399719238,334986,88932,131208,99827,14554,29,669,0
0.9993939399719238,334987,89240,131524,100152,14649,26,669,0
0.9993939399719238,334988,89180,132040,100284,14588,15,669,0
0.9993939399719238,334989,89012,131768,100037,14697,16,669,0
1.0293409824371338,334986,88932,131208,99827,14554,29,669,0
1.0293409824371338,334987,89240,131524,100152,14649,26,669,0
1.0293409824371338,334988,89180,132040,100284,14588,15,669,0
1.0293409824371338,334989,89012,131768,100037,14697,16,669,0
1.0597879886627197,334986,88932,131208,99827,14554,29,669,0
1.0597879886627197,334987,89240,131524,100152,14649,26,669,0
1.0597879886627197,334988,89180,132040,100284,14588,15,669,0
1.0597879886627197,334989,89012,131768,100037,14697,16,669,0
1.09061598777771,334986,88932,131208,99827,14554,29,669,0
1.09061598777771,334987,89240,131524,100152,14649,26,669,0
1.09061598777771,334988,89180,132040,100284,14588,15,669,0
1.09061598777771,334989,89012,131768,100037,14697,16,669,0
1.1243438720703125,334986,88932,131208,99827,14554,29,669,0
1.1243438720703125,334987,89240,131524,100152,14649,26,669,0
1.1243438720703125,334988,89180,132040,100284,14588,15,669,0
1.1243438720703125,334989,89012,131768,100037,14697,16,669,0
1.1558539867401123,334986,88932,131208,99827,14554,29,669,0
1.1558539867401123,334987,89240,131524,100152,14649,26,669,0
1.1558539867401123,334988,89180,132040,100284,14588,15,669,0
1.1558539867401123,334989,89012,131768,100037,14697,16,669,0
1.1878290176391602,334986,88932,131208,99827,14554,29,669,0
1.1878290176391602,334987,89240,131524,100152,14649,26,669,0
1.1878290176391602,334988,89180,132040,100284,14588,15,669,0
1.1878290176391602,334989,89012,131768,100037,14697,16,669,0
1.220073938369751,334986,88932,131208,99827,14554,29,669,0
1.220073938369751,334987,89240,131524,100152,14649,26,669,0
1.220073938369751,334988,89180,132040,100284,14588,15,669,0
1.220073938369751,334989,89012,131768,100037,14697,16,669,0
1.2529499530792236,334986,88932,131208,99827,14554,29,669,0
1.2529499530792236,334987,89240,131524,100152,14649,26,669,0
1.2529499530792236,334988,89180,132040,100284,14588,15,669,0
1.2529499530792236,334989,89012,131768,100037,14697,16,669,0
1.2859888076782227,334986,88932,131208,99827,14554,29,669,0
1.2859888076782227,334987,89240,131524,100152,14649,26,669,0
1.2859888076782227,334988,89180,132040,100284,14588,15,669,0
1.2859888076782227,334989,89012,131768,100037,14697,16,669,0
1.3196039199829102,334986,88932,131208,99827,14554,29,669,0
1.3196039199829102,334987,89240,131524,100152,14649,26,669,0
1.3196039199829102,334988,89180,132040,100284,14588,15,669,0
1.3196039199829102,334989,89012,131768,100037,14697,16,669,0
1.3537859916687012,334986,88932,131208,99827,14554,29,669,0
1.3537859916687012,334987,89240,131524,100152,14649,26,669,0
1.3537859916687012,334988,89180,132040,100284,14588,15,669,0
1.3537859916687012,334989,89012,131768,100037,14697,16,669,0
1.3882148265838623,334986,88932,131208,99827,14554,29,669,0
1.3882148265838623,334987,89240,131524,100152,14649,26,669,0
1.3882148265838623,334988,89180,132040,100284,14588,15,669,0
1.3882148265838623,334989,89012,131768,100037,14697,16,669,0
1.4231388568878174,334986,88932,131208,99827,14554,29,669,0
1.4231388568878174,334987,89240,131524,100152,14649,26,669,0
1.4231388568878174,334988,89180,132040,100284,14588,15,669,0
1.4231388568878174,334989,89012,131768,100037,14697,16,669,0
1.457913875579834,334986,88932,131208,99827,14554,29,669,0
1.457913875579834,334987,89240,131524,100152,14649,26,669,0
1.457913875579834,334988,89180,132040,100284,14588,15,669,0
1.457913875579834,334989,89012,131768,100037,14697,16,669,0
1.4930620193481445,334986,88932,131208,99827,14554,29,669,0
1.4930620193481445,334987,89240,131524,100152,14649,26,669,0
1.4930620193481445,334988,89180,132040,100284,14588,15,669,0
1.4930620193481445,334989,89012,131768,100037,14697,16,669,0
1.5291178226470947,334986,88932,131208,99827,14554,29,669,0
1.5291178226470947,334987,89240,131524,100152,14649,26,669,0
1.5291178226470947,334988,89180,132040,100284,14588,15,669,0
1.5291178226470947,334989,89012,131768,100037,14697,16,669,0
1.565809965133667,334986,88932,131208,99827,14554,29,669,0
1.565809965133667,334987,89240,131524,100152,14649,26,669,0
1.565809965133667,334988,89180,132040,100284,14588,15,669,0
1.565809965133667,334989,89012,131768,100037,14697,16,669,0
1.6028048992156982,334986,88932,131208,99827,14554,29,669,0
1.6028048992156982,334987,89240,131524,100152,14649,26,669,0
1.6028048992156982,334988,89180,132040,100284,14588,15,669,0
1.6028048992156982,334989,89012,131768,100037,14697,16,669,0
1.640383005142212,334986,88932,131208,99827,14554,29,669,0
1.640383005142212,334987,89240,131524,100152,14649,26,669,0
1.640383005142212,334988,89180,132040,100284,14588,15,669,0
1.640383005142212,334989,89012,131768,100037,14697,16,669,0
1.6783277988433838,334986,88932,131208,99827,14554,29,669,0
1.6783277988433838,334987,89240,131524,100152,14649,26,669,0
1.6783277988433838,334988,89180,132040,100284,14588,15,669,0
1.6783277988433838,334989,89012,131768,100037,14697,16,669,0
1.716702938079834,334986,88932,131208,99827,14554,29,669,0
1.716702938079834,334987,89240,131524,100152,14649,26,669,0
1.716702938079834,334988,89180,132040,100284,14588,15,669,0
1.716702938079834,334989,89012,131768,100037,14697,16,669,0
1.7560019493103027,334986,88932,131208,99827,14554,29,669,0
1.7560019493103027,334987,89240,131524,100152,14649,26,669,0
1.7560019493103027,334988,89180,132040,100284,14588,15,669,0
1.7560019493103027,334989,89012,131768,100037,14697,16,669,0
1.7957148551940918,334986,88932,131208,99827,14554,29,669,0
1.7957148551940918,334987,89240,131524,100152,14649,26,669,0
1.7957148551940918,334988,89180,132040,100284,14588,15,669,0
1.7957148551940918,334989,89012,131768,100037,14697,16,669,0
1.835404872894287,334986,88932,131208,99827,14554,29,669,0
1.835404872894287,334987,89240,131524,100152,14649,26,669,0
1.835404872894287,334988,89180,132040,100284,14588,15,669,0
1.835404872894287,334989,89012,131768,100037,14697,16,669,0
1.8762619495391846,334986,88932,131208,99827,14554,29,669,0
1.8762619495391846,334987,89240,131524,100152,14649,26,669,0
1.8762619495391846,334988,89180,132040,100284,14588,15,669,0
1.8762619495391846,334989,89012,131768,100037,14697,16,669,0
1.9166958332061768,334986,88932,131208,99827,14554,29,669,0
1.9166958332061768,334987,89240,131524,100152,14649,26,669,0
1.9166958332061768,334988,89180,132040,100284,14588,15,669,0
1.9166958332061768,334989,89012,131768,100037,14697,16,669,0
1.9578838348388672,334986,88932,131208,99827,14554,29,669,0
1.9578838348388672,334987,89240,131524,100152,14649,26,669,0
1.9578838348388672,334988,89180,132040,100284,14588,15,669,0
1.9578838348388672,334989,89012,131768,100037,14697,16,669,0
1.9992778301239014,334986,88932,131208,99827,14554,29,669,0
1.9992778301239014,334987,89240,131524,100152,14649,26,669,0
1.9992778301239014,334988,89180,132040,100284,14588,15,669,0
1.9992778301239014,334989,89012,131768,100037,14697,16,669,0
2.042567014694214,334986,88932,131208,99827,14554,29,669,0
2.042567014694214,334987,89240,131524,100152,14649,26,669,0
2.042567014694214,334988,89180,132040,100284,14588,15,669,0
2.042567014694214,334989,89012,131768,100037,14697,16,669,0
2.08695387840271,334986,88932,131208,99827,14554,29,669,0
2.08695387840271,334987,89240,131524,100152,14649,26,669,0
2.08695387840271,334988,89180,132040,100284,14588,15,669,0
2.08695387840271,334989,89012,131768,100037,14697,16,669,0
2.1310629844665527,334986,88932,131208,99827,14554,29,669,0
2.1310629844665527,334987,89240,131524,100152,14649,26,669,0
2.1310629844665527,334988,89180,132040,100284,14588,15,669,0
2.1310629844665527,334989,89012,131768,100037,14697,16,669,0
2.1754658222198486,334986,88932,131208,99827,14554,29,669,0
2.1754658222198486,334987,89240,131524,100152,14649,26,669,0
2.1754658222198486,334988,89180,132040,100284,14588,15,669,0
2.1754658222198486,334989,89012,131768,100037,14697,16,669,0
2.219028949737549,334986,88932,131208,99827,14554,29,669,0
2.219028949737549,334987,89240,131524,100152,14649,26,669,0
2.219028949737549,334988,89180,132040,100284,14588,15,669,0
2.219028949737549,334989,89012,131768,100037,14697,16,669,0
2.2633309364318848,334986,88932,131208,99827,14554,29,669,0
2.2633309364318848,334987,89240,131524,100152,14649,26,669,0
2.2633309364318848,334988,89180,132040,100284,14588,15,669,0
2.2633309364318848,334989,89012,131768,100037,14697,16,669,0
2.307785987854004,334986,88932,131208,99827,14554,29,669,0
2.307785987854004,334987,89240,131524,100152,14649,26,669,0
2.307785987854004,334988,89180,132040,100284,14588,15,669,0
2.307785987854004,334989,89012,131768,100037,14697,16,669,0
2.3550689220428467,334986,88932,131208,99827,14554,29,669,0
2.3550689220428467,334987,99480,143800,110392,14654,26,669,0
2.3550689220428467,334988,89180,132040,100284,14588,15,669,0
2.3550689220428467,334989,93108,135788,104133,14699,16,669,0
2.421144962310791,334986,109412,151664,120307,14564,29,669,0
2.421144962310791,334987,146584,188856,157496,14677,26,670,0
2.421144962310791,334988,89180,132040,100284,14588,15,669,0
2.421144962310791,334989,125876,170604,136901,14715,16,670,0
2.4883928298950195,334986,156516,198768,167411,14587,29,670,0
2.4883928298950195,334987,191640,233912,202552,14699,26,671,0
2.4883928298950195,334988,101468,146376,112572,14594,15,669,0
2.4883928298950195,334989,150452,193132,161477,14726,16,670,0
2.556513786315918,334986,197476,239728,208371,14607,29,671,0
2.556513786315918,334987,236696,281016,247608,14721,26,672,0
2.556513786315918,334988,123996,166856,135100,14605,15,670,0
2.556513786315918,334989,181172,223852,192197,14741,16,670,0
2.625826835632324,334986,220004,262256,230899,14618,29,672,0
2.625826835632324,334987,283800,328120,294712,14744,26,673,0
2.625826835632324,334988,144476,189384,155580,14615,15,670,0
2.625826835632324,334989,228276,270956,239301,14764,16,672,0
2.6958909034729004,334986,244580,286832,255475,14630,29,672,0
2.6958909034729004,334987,330904,375224,341816,14767,26,674,0
2.6958909034729004,334988,167004,209864,178108,14626,15,670,0
2.6958909034729004,334989,275380,320108,286405,14788,16,672,0
2.7669479846954346,334986,269156,311408,280051,14642,29,672,0
2.7669479846954346,334987,380056,422328,390968,14791,26,674,0
2.7669479846954346,334988,189532,232392,200636,14637,15,671,0
2.7669479846954346,334989,324532,367212,335557,14812,16,674,0
2.8395638465881348,334986,293732,335984,304627,14654,29,673,0
2.8395638465881348,334987,429208,471480,440120,14815,26,676,0
2.8395638465881348,334988,212060,254920,223164,14648,15,671,0
2.8395638465881348,334989,373684,418412,384709,14836,16,674,0
2.9130728244781494,334986,324452,366704,335347,14669,29,674,0
2.9130728244781494,334987,478360,522680,489272,14839,26,676,0
2.9130728244781494,334988,234588,277448,245692,14659,15,672,0
2.9130728244781494,334989,416692,459372,427717,14857,16,676,0
2.9875168800354004,334986,375652,417904,386547,14694,29,674,0
2.9875168800354004,334987,529560,571832,540472,14864,26,678,0
2.9875168800354004,334988,259164,302024,270268,14671,15,672,0
2.9875168800354004,334989,443316,485996,454341,14870,16,676,0
3.065187931060791,334986,422756,465008,433651,14717,29,676,0
3.065187931060791,334987,580760,623032,591672,14889,26,679,0
3.065187931060791,334988,283740,326600,294844,14682,15,672,0
3.065187931060791,334989,476084,520812,487109,14886,16,676,0
3.141366958618164,334986,453476,497776,464371,14732,29,676,0
3.141366958618164,334987,631960,676280,642872,14914,26,680,0
3.141366958618164,334988,306268,349128,317372,14694,15,673,0
3.141366958618164,334989,521140,563820,532165,14908,16,678,0
3.2191169261932373,334986,500580,544880,511475,14755,29,677,0
3.2191169261932373,334987,685208,727480,696120,14940,26,681,0
3.2191169261932373,334988,330844,373704,341948,14706,15,674,0
3.2191169261932373,334989,555956,598636,566981,14924,16,678,0
3.297372817993164,334986,533348,577648,544243,14771,29,678,0
3.297372817993164,334987,738456,780728,749368,14966,26,682,0
3.297372817993164,334988,355420,398280,366524,14718,15,674,0
3.297372817993164,334989,601012,643692,612037,14947,16,679,0
3.3775827884674072,334986,588644,630896,599539,14798,29,679,0
3.3775827884674072,334987,791704,836024,802616,14992,26,683,0
3.3775827884674072,334988,379996,422856,391100,14730,15,674,0
3.3775827884674072,334989,627636,670316,638661,14960,16,680,0
3.4585227966308594,334986,643940,686192,654835,14825,29,680,0
3.4585227966308594,334987,847000,889272,857912,15019,26,684,0
3.4585227966308594,334988,404572,449480,415676,14742,15,675,0
3.4585227966308594,334989,656308,698988,667333,14973,16,680,0
3.5410778522491455,334986,701284,743536,712179,14852,29,681,0
3.5410778522491455,334987,902296,944568,913208,15046,26,685,0
3.5410778522491455,334988,431196,474056,442300,14755,15,676,0
3.5410778522491455,334989,682932,725612,693957,14987,16,681,0
3.6245739459991455,334986,756580,800880,767475,14880,29,682,0
3.6245739459991455,334987,957592,999864,968504,15073,26,686,0
3.6245739459991455,334988,457820,500680,468924,14767,15,676,0
3.6245739459991455,334989,711604,754284,722629,15000,16,682,0
3.7092058658599854,334986,813924,858224,824819,14908,29,684,0
3.7092058658599854,334987,1014936,1057208,1025848,15101,26,688,0
3.7092058658599854,334988,482396,525256,493500,14780,15,677,0
3.7092058658599854,334989,738228,782956,749253,15014,16,682,0
3.794588804244995,334986,873316,915568,884211,14937,29,684,0
3.794588804244995,334987,1072280,1114552,1083192,15129,26,688,0
3.794588804244995,334988,509020,551880,520124,14793,15,677,0
3.794588804244995,334989,766900,809580,777925,15028,16,682,0
3.881736993789673,334986,932708,974960,943603,14966,29,686,0
3.881736993789673,334987,1129624,1173944,1140536,15157,26,690,0
3.881736993789673,334988,535644,580552,546748,14806,15,678,0
3.881736993789673,334989,797620,840300,808645,15042,16,683,0
3.9699718952178955,334986,992100,1034352,1002995,14995,29,687,0
3.9699718952178955,334987,1189016,1231288,1199928,15186,26,691,0
3.9699718952178955,334988,564316,607176,575420,14820,15,678,0
3.9699718952178955,334989,826292,868972,837317,15057,16,684,0
4.0619988441467285,334986,1055588,1097840,1066483,15026,29,688,0
4.0619988441467285,334987,1250456,1292728,1261368,15216,26,692,0
4.0619988441467285,334988,592988,635848,604092,14834,15,679,0
4.0619988441467285,334989,857012,899692,868037,15072,16,684,0
4.152523994445801,334986,1117028,1159280,1127923,15056,29,690,0
4.152523994445801,334987,1311896,1354168,1322808,15245,26,694,0
4.152523994445801,334988,619612,664520,630716,14847,15,680,0
4.152523994445801,334989,887732,930412,898757,15087,16,685,0
4.244181871414185,334986,1178468,1222768,1189363,15086,29,691,0
4.244181871414185,334987,1373336,1415608,1384248,15275,26,695,0
4.244181871414185,334988,648284,691144,659388,14861,15,680,0
4.244181871414185,334989,916404,961132,927429,15101,16,686,0
4.337247848510742,334986,1241956,1286256,1252851,15117,29,692,0
4.337247848510742,334987,1434776,1479096,1445688,15306,26,696,0
4.337247848510742,334988,676956,721864,688060,14875,15,681,0
4.337247848510742,334989,949172,991852,960197,15116,16,686,0
4.431814908981323,334986,1307492,1349744,1318387,15148,29,694,0
4.431814908981323,334987,1498264,1542584,1509176,15337,26,698,0
4.431814908981323,334988,707676,750536,718780,14890,15,681,0
4.431814908981323,334989,979892,1022572,990917,15132,16,687,0
4.5282018184661865,334986,1370980,1415280,1381875,15180,29,695,0
4.5282018184661865,334987,1563800,1606072,1574712,15368,26,698,0
4.5282018184661865,334988,736348,779208,747452,14904,15,682,0
4.5282018184661865,334989,1012660,1055340,1023685,15147,16,688,0
4.625528812408447,334986,1438564,1480816,1449459,15213,29,696,0
4.625528812408447,334987,1629336,1671608,1640248,15400,26,700,0
4.625528812408447,334988,767068,809928,778172,14919,15,682,0
4.625528812408447,334989,1043380,1086060,1054405,15163,16,688,0
4.724567890167236,334986,1506148,1548400,1517043,15245,29,698,0
4.724567890167236,334987,1694872,1737144,1705784,15433,26,701,0
4.724567890167236,334988,797788,840648,808892,14934,15,683,0
4.724567890167236,334989,1076148,1118828,1087173,15179,16,689,0
4.824481010437012,334986,1573732,1615984,1584627,15279,29,699,0
4.824481010437012,334987,1762456,1804728,1773368,15466,26,703,0
4.824481010437012,334988,828508,871368,839612,14949,15,684,0
4.824481010437012,334989,1110964,1153644,1121989,15195,16,690,0
4.925836801528931,334986,1641316,1685616,1652211,15312,29,700,0
4.925836801528931,334987,1830040,1872312,1840952,15499,26,704,0
4.925836801528931,334988,859228,902088,870332,14964,15,684,0
4.925836801528931,334989,1143732,1186412,1154757,15212,16,690,0
5.0308239459991455,334986,1712996,1757296,1723891,15347,29,702,0
5.0308239459991455,334987,1899672,1941944,1910584,15533,26,706,0
5.0308239459991455,334988,891996,934856,903100,14980,15,685,0
5.0308239459991455,334989,1178548,1221228,1189573,15229,16,691,0
5.134507894515991,334986,1784676,1826928,1795571,15381,29,703,0
5.134507894515991,334987,1969304,2011576,1980216,15567,26,707,0
5.134507894515991,334988,924764,967624,935868,14996,15,686,0
5.134507894515991,334989,1213364,1256044,1224389,15246,16,692,0
5.24102783203125,334986,1846116,1888368,1857011,15412,29,704,0
5.24102783203125,334987,2010264,2052536,2021176,15587,26,708,0
5.24102783203125,334988,955484,998344,966588,15011,15,686,0
5.24102783203125,334989,1248180,1290860,1259205,15263,16,692,0
5.366901874542236,334986,1862244,1905264,1873139,19694,29,705,0
5.366901874542236,334987,2017572,2060088,2028484,17729,26,708,0
5.366901874542236,334988,960200,1003208,971304,16547,15,686,0
5.366901874542236,334989,1254852,1297644,1265877,17311,16,692,0
5.47655987739563,334986,1867668,1910000,1878563,23712,29,705,0
5.47655987739563,334987,2016296,2058808,2027208,20195,26,708,0
5.47655987739563,334988,965564,1008584,976668,18292,15,686,0
5.47655987739563,334989,1261160,1303532,1272185,19871,16,692,0
5.595632791519165,334986,1864604,1907184,1875499,26676,29,705,0
5.595632791519165,334987,2008564,2051384,2019476,21731,26,708,0
5.595632791519165,334988,964500,1007816,975604,19619,15,687,0
5.595632791519165,334989,1242520,1285740,1253545,21407,16,693,0
5.72209095954895,334986,1857000,1899760,1867895,28724,29,706,0
5.72209095954895,334987,1996508,2039352,2007420,22757,38,708,0
5.72209095954895,334988,958616,1001288,969720,20643,15,687,0
5.72209095954895,334989,1234780,1278060,1245805,22431,16,693,0
5.837932825088501,334986,1868800,1911592,1879695,32309,29,706,0
5.837932825088501,334987,1998340,2040760,2009252,24805,38,708,0
5.837932825088501,334988,939984,983624,951088,22334,15,687,0
5.837932825088501,334989,1240876,1284304,1251901,24169,16,693,0
5.951802968978882,334986,1884284,1926952,1895179,36920,51,706,0
5.951802968978882,334987,2007404,2050232,2018316,27822,38,708,0
5.951802968978882,334988,946692,990180,957796,24731,15,687,0
5.951802968978882,334989,1249512,1292624,1260537,27041,16,693,0
6.068151950836182,334986,1904620,1947176,1915515,42040,51,706,0
6.068151950836182,334987,2019656,2062392,2030568,30876,38,709,0
6.068151950836182,334988,954704,998244,965808,26783,15,687,0
6.068151950836182,334989,1262188,1305748,1273213,29635,16,694,0
6.182935953140259,334986,1925100,1967912,1935995,47160,51,707,0
6.182935953140259,334987,2031948,2074680,2042860,34021,38,709,0
6.182935953140259,334988,962988,1006436,974092,28839,35,688,0
6.182935953140259,334989,1275620,1318932,1286645,32958,47,694,0
6.300391912460327,334986,1947668,1990312,1958563,52639,61,708,0
6.300391912460327,334987,2044472,2087480,2055384,37093,38,710,0
6.300391912460327,334988,971180,1014628,982284,30887,35,688,0
6.300391912460327,334989,1288512,1331732,1299537,36268,71,694,0
6.4181809425354,334986,1968856,2011976,1979751,56421,61,708,0
6.4181809425354,334987,2058064,2101164,2068976,39925,38,710,0
6.4181809425354,334988,980660,1024196,991764,32709,35,688,0
6.4181809425354,334989,1298752,1341972,1309777,38828,71,694,0
6.5375659465789795,334986,1989280,2032328,2000175,61499,61,708,0
6.5375659465789795,334987,2070860,2113708,2081772,43238,38,710,0
6.5375659465789795,334988,989612,1033156,1000716,34984,35,688,0
6.5375659465789795,334989,1311040,1354260,1322065,41900,71,694,0
6.658244848251343,334986,2008528,2051400,2019423,66108,61,708,0
6.658244848251343,334987,2083060,2125996,2093972,46166,38,710,0
6.658244848251343,334988,997804,1041348,1008908,37032,35,688,0
6.658244848251343,334989,1323796,1367188,1334821,44972,71,695,0
6.781552791595459,334986,2029540,2072264,2040483,71739,61,709,0
6.781552791595459,334987,2095436,2138284,2106348,49382,38,710,0
6.781552791595459,334988,1006412,1050052,1017536,39123,35,688,0
6.781552791595459,334989,1337472,1380884,1348689,48556,71,695,0
6.906771898269653,334986,2047944,2090696,2058915,76347,61,710,0
6.906771898269653,334987,2109176,2152236,2120152,52709,38,711,0
6.906771898269653,334988,1014188,1057732,1025292,41128,35,688,0
6.906771898269653,334989,1352000,1395220,1363025,52140,71,695,0
7.035905838012695,334986,2070548,2113224,2081443,81979,61,710,0
7.035905838012695,334987,2122440,2165548,2133352,56038,38,711,0
7.035905838012695,334988,1024012,1067588,1035116,43509,35,688,0
7.035905838012695,334989,1366336,1409556,1377361,55620,71,696,0
7.1647789478302,334986,2093076,2135752,2103971,87611,61,710,0
7.1647789478302,334987,2136396,2179244,2147308,59622,38,711,0
7.1647789478302,334988,1032620,1076164,1043724,45736,35,689,0
7.1647789478302,334989,1379180,1422484,1390205,58887,71,696,0
7.290573835372925,334986,2108420,2151496,2119315,91195,61,710,0
7.290573835372925,334987,2144916,2187948,2155828,61670,38,712,0
7.290573835372925,334988,1038508,1082052,1049612,47133,35,689,0
7.290573835372925,334989,1388864,1432084,1399889,61349,71,696,0
7.421144008636475,334986,2129940,2172616,2140835,96316,61,711,0
7.421144008636475,334987,2159260,2202156,2170172,65254,38,712,0
7.421144008636475,334988,1047644,1091268,1058748,49413,35,689,0
7.421144008636475,334989,1403200,1446420,1414225,64940,71,696,0
7.553548812866211,334986,2149672,2192712,2160567,100413,61,712,0
7.553548812866211,334987,2174316,2217388,2185228,68921,38,712,0
7.553548812866211,334988,1057196,1100740,1068300,51880,35,689,0
7.553548812866211,334989,1418004,1461396,1429029,68524,71,696,0
7.688395023345947,334986,2174676,2217672,2185571,106557,61,712,0
7.688395023345947,334987,2189644,2232492,2200556,72850,38,712,0
7.688395023345947,334988,1067432,1110980,1078536,54440,35,690,0
7.688395023345947,334989,1433920,1477140,1444945,72475,71,697,0
7.824052810668945,334986,2195476,2238152,2206371,111239,61,712,0
7.824052810668945,334987,2204052,2247084,2214964,76518,38,712,0
7.824052810668945,334988,1077672,1121220,1088776,56999,35,690,0
7.824052810668945,334989,1448836,1492244,1459861,76204,71,697,0
7.965001821517944,334986,2220028,2262728,2230923,117771,61,713,0
7.965001821517944,334987,2217108,2260140,2228020,79082,38,713,0
7.965001821517944,334988,1088004,1131588,1099108,59049,35,690,0
7.965001821517944,334989,1463088,1506456,1474113,79277,71,698,0
8.104827880859375,334986,2242608,2285640,2253503,122432,61,714,0
8.104827880859375,334987,2232652,2275500,2243564,83175,38,713,0
8.104827880859375,334988,1098416,1141956,1109520,61609,35,690,0
8.104827880859375,334989,1478976,1522200,1490001,83373,71,698,0
8.245520830154419,334986,2269180,2311880,2280075,128106,61,714,0
8.245520830154419,334987,2247328,2290348,2258240,85737,38,714,0
8.245520830154419,334988,1108564,1152196,1119668,63658,35,690,0
8.245520830154419,334989,1495360,1538584,1506385,86784,71,698,0
8.38702392578125,334986,2285628,2328392,2296523,132162,61,714,0
8.38702392578125,334987,2263296,2306220,2274208,89614,38,714,0
8.38702392578125,334988,1119556,1163204,1130687,66361,35,690,0
8.38702392578125,334989,1499456,1542680,1510481,87982,71,698,0
8.533410787582397,334986,2309748,2352840,2320643,137794,61,715,0
8.533410787582397,334987,2277720,2320684,2288632,93417,38,714,0
8.533410787582397,334988,1130436,1174084,1141540,69034,35,691,0
8.533410787582397,334989,1513792,1557016,1524817,91554,71,698,0
8.6785569190979,334986,2333424,2376648,2344351,143938,61,715,0
8.6785569190979,334987,2294092,2336940,2305004,97382,38,714,0
8.6785569190979,334988,1140524,1184068,1151628,71612,35,691,0
8.6785569190979,334989,1528628,1571992,1539653,95150,71,699,0
8.828099012374878,334986,2365436,2408136,2376331,151692,61,716,0
8.828099012374878,334987,2311484,2354604,2322396,101649,38,715,0
8.828099012374878,334988,1153448,1196996,1164552,74850,35,691,0
8.828099012374878,334989,1548608,1591832,1559633,100096,71,699,0
8.98146390914917,334986,2404064,2447048,2414959,161325,61,716,0
8.98146390914917,334987,2332772,2375852,2343684,106979,38,715,0
8.98146390914917,334988,1167388,1210948,1178492,78294,35,692,0
8.98146390914917,334989,1569088,1612312,1580113,105277,71,700,0
9.135507822036743,334986,2440248,2483400,2451143,170479,61,718,0
9.135507822036743,334987,2354160,2397228,2365072,112361,38,716,0
9.135507822036743,334988,1180528,1224132,1191632,81588,35,692,0
9.135507822036743,334989,1591096,1634328,1602121,110620,71,700,0
9.290165901184082,334986,2479232,2522312,2490127,180031,61,718,0
9.290165901184082,334987,2376012,2418860,2386924,117816,38,716,0
9.290165901184082,334988,1194412,1237956,1205516,85138,35,692,0
9.290165901184082,334989,1611948,1655320,1622973,115807,71,700,0
9.446451902389526,334986,2518600,2561608,2529495,189978,61,719,0
9.446451902389526,334987,2397032,2440108,2407944,123113,38,716,0
9.446451902389526,334988,1208744,1252292,1219848,88717,35,692,0
9.446451902389526,334989,1633472,1676824,1644497,121262,71,701,0
9.606822967529297,334986,2555496,2598600,2566391,199234,61,720,0
9.606822967529297,334987,2420316,2463276,2431228,128801,38,717,0
9.606822967529297,334988,1223080,1266628,1234184,92239,35,692,0
9.606822967529297,334989,1657152,1700376,1668177,127253,71,702,0
9.769282817840576,334986,2594812,2637512,2605707,208962,61,720,0
9.769282817840576,334987,2443176,2486060,2454088,134481,38,718,0
9.769282817840576,334988,1237416,1280964,1248520,95884,35,693,0
9.769282817840576,334989,1679668,1722904,1690693,132740,71,702,0
9.935786008834839,334986,2637820,2680520,2648715,219536,61,722,0
9.935786008834839,334987,2466124,2508972,2477036,140270,38,718,0
9.935786008834839,334988,1251752,1295300,1262856,99498,35,693,0
9.935786008834839,334989,1701824,1745176,1712849,138276,71,702,0
10.10175895690918,334986,2676732,2719560,2687627,229442,61,722,0
10.10175895690918,334987,2489096,2532012,2500008,145982,38,718,0
10.10175895690918,334988,1266920,1310404,1278024,103119,35,694,0
10.10175895690918,334989,1725112,1768344,1736137,144260,71,703,0
10.270692825317383,334986,2717068,2760136,2727963,239616,61,723,0
10.270692825317383,334987,2511180,2554156,2522092,151670,38,719,0
10.270692825317383,334988,1281792,1325380,1292896,106856,35,694,0
10.270692825317383,334989,1747724,1791128,1758749,149934,71,703,0
10.440329790115356,334986,2760676,2803400,2771571,250049,61,724,0
10.440329790115356,334987,2534868,2577708,2545780,157417,38,720,0
10.440329790115356,334988,1294916,1338436,1306020,110250,35,694,0
10.440329790115356,334989,1770748,1814168,1781773,155566,71,704,0
10.613547801971436,334986,2801660,2844360,2812555,260624,61,725,0
10.613547801971436,334987,2556236,2599084,2567148,162922,38,720,0
10.613547801971436,334988,1309188,1352772,1320292,113834,35,694,0
10.613547801971436,334989,1795364,1838744,1806389,161710,71,704,0
10.786170959472656,334986,2845656,2888776,2856551,271426,61,726,0
10.786170959472656,334987,2578764,2621612,2589676,168402,38,720,0
10.786170959472656,334988,1324980,1368516,1336084,117652,35,695,0
10.786170959472656,334989,1819476,1862936,1830501,167854,71,705,0
10.964707851409912,334986,2889324,2932296,2900219,282178,61,726,0
10.964707851409912,334987,2601708,2644780,2612620,174284,38,721,0
10.964707851409912,334988,1339748,1383364,1350852,121341,35,695,0
10.964707851409912,334989,1844480,1887768,1855505,173998,71,705,0
11.144255876541138,334986,2930684,2973384,2941579,292868,61,728,0
11.144255876541138,334987,2625868,2668716,2636780,180193,38,721,0
11.144255876541138,334988,1354336,1397956,1365440,125098,35,696,0
11.144255876541138,334989,1869572,1912984,1880597,180142,71,706,0
11.324896812438965,334986,2975740,3018440,2986635,303929,61,728,0
11.324896812438965,334987,2649896,2692908,2660808,186089,38,722,0
11.324896812438965,334988,1370196,1413700,1381300,128958,35,696,0
11.324896812438965,334989,1896004,1939352,1907029,186798,71,706,0
11.50946593284607,334986,3016920,3060040,3027815,314434,61,729,0
11.50946593284607,334987,2675020,2717868,2685932,192355,38,722,0
11.50946593284607,334988,1386024,1429700,1397128,132862,35,696,0
11.50946593284607,334989,1922188,1965592,1933213,193310,71,707,0
11.693723917007446,334986,3061756,3104456,3072651,325344,61,730,0
11.693723917007446,334987,2700900,2743852,2711812,198889,38,723,0
11.693723917007446,334988,1401256,1444804,1412360,136835,35,696,0
11.693723917007446,334989,1945920,1989144,1956945,199516,71,708,0
11.883332967758179,334986,3090052,3132952,3101139,332867,61,730,0
11.883332967758179,334987,2717996,2760876,2728940,203497,38,723,0
11.883332967758179,334988,1415068,1458740,1426496,139947,35,696,0
11.883332967758179,334989,1964060,2007576,1975281,204206,71,708,0
12.073702812194824,334986,3117060,3159832,3127955,339011,61,731,0
12.073702812194824,334987,2730320,2773292,2741232,206468,38,723,0
12.073702812194824,334988,1429728,1473076,1440832,143499,35,697,0
12.073702812194824,334989,1983328,2026684,1994353,208303,71,708,0
12.264243841171265,334986,3121836,3160088,3132731,347437,61,732,0
12.264243841171265,334987,2715344,2755372,2726256,210665,38,724,0
12.264243841171265,334988,1410060,1451188,1421164,147647,35,697,0
12.264243841171265,334989,1957672,1998396,1968697,212837,71,708,0
12.474234819412231,334986,3083924,3121560,3094819,355395,61,732,0
12.474234819412231,334987,2663380,2705196,2675980,215785,38,724,0
12.474234819412231,334988,1367316,1408948,1378420,152288,35,698,0
12.474234819412231,334989,1909756,1950140,1920781,217519,71,709,0
12.689443826675415,334986,3049596,3088920,3060491,363587,61,733,0
12.689443826675415,334987,2619160,2657068,2630072,221681,38,724,0
12.689443826675415,334988,1325292,1366836,1336396,156331,35,698,0
12.689443826675415,334989,1866444,1905852,1877469,222677,71,709,0
12.908819913864136,334986,3010012,3048600,3020907,373315,61,734,0
12.908819913864136,334987,2563616,2603336,2574528,226538,38,725,0
12.908819913864136,334988,1285976,1327668,1297080,161876,35,698,0
12.908819913864136,334989,1822520,1863100,1833545,228271,71,710,0
13.126016855239868,334986,2965804,3003088,2976699,382531,61,734,0
13.126016855239868,334987,2503468,2543048,2514380,231146,38,725,0
13.126016855239868,334988,1247692,1289696,1258796,166571,35,698,0
13.126016855239868,334989,1782680,1822636,1793705,233174,71,710,0
13.356719970703125,334986,2921708,2958544,2932603,392260,61,736,0
13.356719970703125,334987,2444236,2485320,2455148,235782,38,726,0
13.356719970703125,334988,1206312,1247968,1217416,172204,35,699,0
13.356719970703125,334989,1748392,1788204,1759417,239537,71,710,0
13.585755825042725,334986,2875332,2911440,2886227,402500,61,736,0
13.585755825042725,334987,2383136,2422688,2394048,240250,38,726,0
13.585755825042725,334988,1164240,1205924,1175344,176814,35,700,0
13.585755825042725,334989,1709436,1750200,1720461,245486,71,711,0
13.686187982559204,334986,2855480,2894208,2866375,406084,61,736,0
13.686187982559204,334987,2367276,2406916,2378188,241391,38,726,0
13.686187982559204,334988,1162320,1205540,1173424,177843,35,700,0
13.686187982559204,334989,1706436,1749048,1717705,246199,71,712,0
13.790557861328125,334986,2856940,2894688,2868051,406098,61,737,0
13.790557861328125,334987,2347836,2387540,2358764,241396,38,726,0
13.790557861328125,334988,1168156,1209636,1179260,177853,35,700,0
13.790557861328125,334989,1694476,1735864,1705757,246204,71,712,0
13.894981861114502,334986,2849464,2888288,2860359,406109,61,738,0
13.894981861114502,334987,2330568,2370400,2341504,241400,38,727,0
13.894981861114502,334988,1170204,1213348,1181308,177860,35,700,0
13.894981861114502,334989,1696012,1735992,1707037,246211,71,712,0
13.999243974685669,334986,2831340,2868016,2842363,406627,61,738,0
13.999243974685669,334987,2309052,2348352,2319964,242689,38,727,0
13.999243974685669,334988,1170204,1212196,1181308,179404,35,701,0
13.999243974685669,334989,1692176,1733560,1703249,247752,71,712,0
14.106330871582031,334986,2822164,2859696,2833059,407149,61,738,0
14.106330871582031,334987,2301924,2340368,2312836,242947,38,727,0
14.106330871582031,334988,1180444,1223972,1191548,179417,35,702,0
14.106330871582031,334989,1700652,1743544,1711677,247764,71,713,0
14.215094804763794,334986,2805216,2843184,2817231,407158,61,739,0
14.215094804763794,334987,2296012,2336912,2306924,242959,38,728,0
14.215094804763794,334988,1221416,1264932,1232532,179441,35,703,0
14.215094804763794,334989,1712704,1755960,1723729,247776,71,713,0
14.325304985046387,334986,2806188,2844976,2817083,407168,61,739,0
14.325304985046387,334987,2302456,2342076,2313368,242969,38,728,0
14.325304985046387,334988,1257140,1299748,1268368,179465,35,704,0
14.325304985046387,334989,1722852,1766200,1734161,247788,71,714,0
14.434196949005127,334986,2814644,2855940,2827343,407179,61,740,0
14.434196949005127,334987,2316120,2358332,2327032,242984,38,729,0
14.434196949005127,334988,1284864,1326372,1295996,179484,35,704,0
14.434196949005127,334989,1739328,1781688,1750353,247801,71,714,0
14.544813871383667,334986,2812644,2851332,2823539,407189,61,740,0
14.544813871383667,334987,2302408,2342260,2313320,242993,38,729,0
14.544813871383667,334988,1297524,1340708,1308628,179497,35,705,0
14.544813871383667,334989,1736920,1778488,1747945,247808,71,714,0
14.65213680267334,334986,2818520,2861672,2829415,407789,61,741,0
14.65213680267334,334987,2308648,2346864,2318757,245026,38,730,0
14.65213680267334,334988,1329740,1357732,1337002,185252,35,706,0
14.65213680267334,334989,1749852,1777720,1756868,251395,71,714,0
14.773363828659058,334986,2833664,2861416,2840785,414370,61,741,0
14.773363828659058,334987,2322300,2350832,2329470,247099,38,730,0
14.773363828659058,334988,1341664,1369764,1348630,186335,35,706,0
14.773363828659058,334989,1774964,1803064,1781856,253232,71,715,0
14.896775007247925,334986,2852920,2880744,2860053,417443,61,741,0
14.896775007247925,334987,2361112,2389104,2368018,254805,38,730,0
14.896775007247925,334988,1362772,1390884,1369738,191717,35,706,0
14.896775007247925,334989,1801408,1829304,1808444,260931,71,716,0
15.01105785369873,334986,2869004,2896616,2875897,421027,61,742,0
15.01105785369873,334987,2388636,2417008,2395542,261898,38,731,0
15.01105785369873,334988,1373972,1402148,1380938,194868,35,706,0
15.01105785369873,334989,1830444,1858488,1837336,266944,71,716,0
15.125837802886963,334986,2885076,2912616,2891985,426659,61,742,0
15.125837802886963,334987,2424088,2452464,2430994,270482,38,732,0
15.125837802886963,334988,1393228,1421220,1400194,199187,35,706,0
15.125837802886963,334989,1862608,1890360,1869508,276118,71,717,0
15.239092826843262,334986,2903524,2931048,2910417,429668,61,742,0
15.239092826843262,334987,2457304,2485488,2464210,279830,38,732,0
15.239092826843262,334988,1411820,1439908,1418786,202927,35,707,0
15.239092826843262,334989,1893272,1921080,1900228,283232,71,718,0
15.356637001037598,334986,2919904,2947432,2926801,433618,61,742,0
15.356637001037598,334987,2496280,2524144,2503186,285503,38,733,0
15.356637001037598,334988,1436236,1464228,1443202,205628,35,708,0
15.356637001037598,334989,1940188,1968184,1947332,286231,71,718,0
15.475857019424438,334986,2948564,2976104,2955473,433841,61,743,0
15.475857019424438,334987,2541260,2571248,2548242,285526,38,734,0
15.475857019424438,334988,1464888,1492900,1471874,205642,35,708,0
15.475857019424438,334989,1981312,2009144,1988292,286253,71,719,0
15.598653793334961,334986,2977232,3004776,2984145,433854,61,744,0
15.598653793334961,334987,2591856,2620400,2599442,285551,38,735,0
15.598653793334961,334988,1493452,1521572,1500546,205656,35,709,0
15.598653793334961,334989,2008812,2036792,2015892,286268,71,720,0
15.721206903457642,334986,3002356,3029992,3009277,435649,61,744,0
15.721206903457642,334987,2627328,2655472,2634258,291018,38,736,0
15.721206903457642,334988,1513664,1542052,1521026,210237,35,709,0
15.721206903457642,334989,2025936,2054200,2033348,290877,71,720,0
15.841861009597778,334986,3018048,3045736,3025105,438987,61,744,0
15.841861009597778,334987,2645704,2673648,2652690,293242,38,736,0
15.841861009597778,334988,1526156,1556388,1533314,210783,35,710,0
15.841861009597778,334989,2046896,2074680,2053828,290884,71,720,0
15.971328973770142,334986,3044756,3072360,3051734,439508,61,745,0
15.971328973770142,334987,2701028,2728944,2707991,293266,38,737,0
15.971328973770142,334988,1575500,1603492,1582471,210804,35,710,0
15.971328973770142,334989,2079472,2107448,2086601,290900,71,721,0
16.101562023162842,334986,3075332,3103080,3082449,439524,61,746,0
16.101562023162842,334987,2750220,2780144,2757138,293292,38,738,0
16.101562023162842,334988,1612352,1640356,1619330,210824,35,711,0
16.101562023162842,334989,2108264,2136120,2115268,290915,71,722,0
16.230812788009644,334986,3101704,3129704,3109073,439536,61,746,0
16.230812788009644,334987,2790588,2819056,2798098,293315,38,739,0
16.230812788009644,334988,1665596,1693604,1672578,210848,35,712,0
16.230812788009644,334989,2141128,2168888,2148054,290930,71,722,0
16.362721920013428,334986,3124436,3152232,3131601,439549,61,746,0
16.362721920013428,334987,2821880,2849776,2828818,293330,38,740,0
16.362721920013428,334988,1722912,1750948,1729922,210876,35,714,0
16.362721920013428,334989,2171720,2199608,2178756,290945,71,723,0
16.496701955795288,334986,3153300,3180904,3160273,439561,61,747,0
16.496701955795288,334987,2854440,2882544,2861586,293346,38,740,0
16.496701955795288,334988,1780288,1810340,1787266,210905,35,714,0
16.496701955795288,334989,2202440,2230328,2209476,290960,71,724,0
16.633687019348145,334986,3179836,3207528,3186897,439575,61,748,0
16.633687019348145,334987,2889452,2917360,2896402,293362,38,741,0
16.633687019348145,334988,1837608,1865636,1844610,210933,35,716,0
16.633687019348145,334989,2235288,2263096,2242304,290976,71,724,0
16.7743239402771,334986,3208068,3236200,3215569,439589,61,748,0
16.7743239402771,334987,2920076,2948080,2927122,293379,38,742,0
16.7743239402771,334988,1890812,1918884,1897858,210961,35,717,0
16.7743239402771,334989,2274188,2302008,2281156,290994,71,725,0
16.91592288017273,334986,3235580,3263208,3242493,439603,61,749,0
16.91592288017273,334987,2950024,2978160,2956930,293904,38,742,0
16.91592288017273,334988,1941684,1969956,1948650,214445,35,718,0
16.91592288017273,334989,2319300,2347064,2326212,295383,71,726,0
17.055699825286865,334986,3247388,3275112,3254481,443188,61,749,0
17.055699825286865,334987,2972320,3000560,2979326,296981,38,743,0
17.055699825286865,334988,1949748,1978020,1956714,216611,35,718,0
17.055699825286865,334989,2360280,2390072,2367172,298161,71,727,0
17.204406023025513,334986,3270116,3297640,3277009,444729,61,750,0
17.204406023025513,334987,2991832,3019760,2998802,299037,38,743,0
17.204406023025513,334988,1991240,2021284,1998210,219184,35,719,0
17.204406023025513,334989,2401824,2429880,2408716,299744,71,728,0
17.351817846298218,334986,3284092,3311976,3291345,447294,61,750,0
17.351817846298218,334987,3003904,3032048,3011090,302109,38,744,0
17.351817846298218,334988,2019272,2047652,2026238,224160,35,720,0
17.351817846298218,334989,2423068,2451000,2429960,305062,71,728,0
17.504730939865112,334986,3296612,3324264,3303505,449343,61,750,0
17.504730939865112,334987,3033748,3062128,3040654,305666,38,744,0
17.504730939865112,334988,2044492,2072484,2051458,231102,35,720,0
17.504730939865112,334989,2435032,2463032,2441924,308961,71,728,0
17.665769815444946,334986,3315140,3342696,3322065,454463,61,750,0
17.665769815444946,334987,3057240,3085296,3064146,312352,38,744,0
17.665769815444946,334988,2071276,2099620,2078242,236662,35,720,0
17.665769815444946,334989,2454440,2482232,2461380,313409,71,729,0
17.827910900115967,334986,3331556,3359080,3338449,457535,61,751,0
17.827910900115967,334987,3081992,3109872,3088914,320032,38,745,0
17.827910900115967,334988,2103884,2131876,2110850,244506,35,721,0
17.827910900115967,334989,2471404,2499256,2478296,317119,71,729,0
17.99011778831482,334986,3345252,3372904,3352145,460607,61,751,0
17.99011778831482,334987,3110592,3138544,3117586,326194,38,746,0
17.99011778831482,334988,2140016,2168356,2146982,254517,35,722,0
17.99011778831482,334989,2493500,2521400,2500392,322767,71,730,0
18.157299995422363,334986,3366372,3393896,3373265,465708,61,752,0
18.157299995422363,334987,3149120,3177456,3156030,334368,38,746,0
18.157299995422363,334988,2171444,2199460,2178434,263221,35,722,0
18.157299995422363,334989,2521880,2549816,2528964,329695,71,730,0
18.330729007720947,334986,3374564,3402088,3381457,467775,61,752,0
18.330729007720947,334987,3202092,3230320,3208998,347594,38,748,0
18.330729007720947,334988,2185804,2213796,2192770,266805,35,723,0
18.330729007720947,334989,2537184,2565048,2544076,334049,71,730,0
18.500049829483032,334986,3399948,3427560,3406841,474431,61,752,0
18.500049829483032,334987,3239684,3267824,3246590,356738,38,748,0
18.500049829483032,334988,2218028,2246564,2225538,274997,35,724,0
18.500049829483032,334989,2567960,2595896,2574852,341490,71,731,0
18.679571866989136,334986,3421456,3449064,3428397,481087,61,753,0
18.679571866989136,334987,3250916,3278448,3257822,365600,38,749,0
18.679571866989136,334988,2235496,2258980,2242462,278723,35,724,0
18.679571866989136,334989,2566392,2593976,2573284,345179,71,732,0
18.84654688835144,334986,3411224,3435752,3418117,483747,61,753,0
18.84654688835144,334987,3243928,3268464,3250834,367540,38,749,0
18.84654688835144,334988,2231000,2258980,2237966,283502,35,724,0
18.84654688835144,334989,2552544,2580024,2559436,347361,71,732,0
19.06577491760254,334986,3380976,3404136,3387869,485968,61,753,0
19.06577491760254,334987,3223784,3239024,3230690,370107,38,749,0
19.06577491760254,334988,2225884,2249892,2232850,288309,39,724,0
19.06577491760254,334989,2544380,2560696,2551272,350859,71,732,0
19.303953886032104,334986,3354484,3372776,3361377,489809,80,754,0
19.303953886032104,334987,3148804,3164656,3155710,373755,42,750,0
19.303953886032104,334988,2212328,2236324,2219294,294675,39,725,0
19.303953886032104,334989,2474392,2493368,2481284,354215,82,732,0
19.485116958618164,334986,3308828,3327848,3315721,489809,80,754,0
19.485116958618164,334987,3082764,3100528,3089670,376836,42,750,0
19.485116958618164,334988,2199268,2226212,2206234,301229,39,726,0
19.485116958618164,334989,2428484,2448056,2435376,357443,82,732,0
19.678815841674805,334986,3228204,3244520,3235097,489809,80,754,0
19.678815841674805,334987,3011320,3026160,3018226,380563,42,750,0
19.678815841674805,334988,2204040,2230692,2211006,308789,39,726,0
19.678815841674805,334989,2396944,2422328,2403836,361699,82,733,0
19.872878789901733,334986,3147712,3161576,3154605,489809,80,754,0
19.872878789901733,334987,2930872,2947696,2937778,384032,42,750,0
19.872878789901733,334988,2205672,2231588,2212638,315957,39,727,0
19.872878789901733,334989,2388408,2412088,2395300,367509,82,733,0
20.07033681869507,334986,3054096,3068520,3060989,489809,80,754,0
20.07033681869507,334987,2853068,2871280,2859974,387302,42,750,0
20.07033681869507,334988,2204068,2231204,2211034,323637,39,728,0
20.07033681869507,334989,2372936,2400440,2379828,372789,82,734,0
20.268800973892212,334986,2958456,2977512,2965349,489809,80,754,0
20.268800973892212,334987,2771684,2787184,2778590,390734,42,751,0
20.268800973892212,334988,2199072,2226980,2206038,330293,39,728,0
20.268800973892212,334989,2347672,2372152,2354564,375701,82,734,0
20.468479871749878,334986,2868604,2888424,2875497,489809,80,754,0
20.468479871749878,334987,2720316,2744432,2727222,394644,42,751,0
20.468479871749878,334988,2198396,2225444,2205362,337703,39,728,0
20.468479871749878,334989,2314408,2340408,2321300,379299,82,734,0
20.67558193206787,334986,2751896,2777832,2758789,489809,80,754,0
20.67558193206787,334987,2617756,2642928,2624662,397877,42,752,0
20.67558193206787,334988,2165268,2190756,2172234,344949,39,729,0
20.67558193206787,334989,2233540,2258616,2240432,382612,82,734,0
20.951812982559204,334986,2679304,2699368,2686197,489809,80,754,0
20.951812982559204,334987,2557320,2581488,2564226,400928,42,752,0
20.951812982559204,334988,2143108,2168612,2150074,351797,39,730,0
20.951812982559204,334989,2180288,2204728,2187180,386254,82,735,0
21.162014961242676,334986,2571828,2592488,2578721,489809,80,754,0
21.162014961242676,334987,2509364,2533360,2516270,404298,42,752,0
21.162014961242676,334988,2130172,2154660,2137138,360405,39,730,0
21.162014961242676,334989,2136964,2161592,2143856,390083,82,735,0
21.372228860855103,334986,2501268,2526184,2508161,489809,80,754,0
21.372228860855103,334987,2485868,2511344,2492774,408096,42,752,0
21.372228860855103,334988,2131764,2158372,2138730,368021,39,731,0
21.372228860855103,334989,2120408,2145848,2127300,395276,82,736,0
21.584993839263916,334986,2441604,2463208,2448497,489809,80,754,0
21.584993839263916,334987,2467128,2494924,2474034,412784,42,753,0
21.584993839263916,334988,2146744,2173220,2153710,376373,39,732,0
21.584993839263916,334989,2116844,2142500,2123740,399592,82,736,0
21.741737842559814,334986,2399296,2424552,2406237,489809,80,754,0
21.741737842559814,334987,2469628,2495388,2476534,413738,42,753,0
21.741737842559814,334988,2165692,2192068,2172674,376391,39,732,0
21.741737842559814,334989,2097864,2123664,2104756,399597,82,736,0
21.892616987228394,334986,2365772,2392168,2372721,489809,80,754,0
21.892616987228394,334987,2460396,2487972,2467334,413746,43,754,0
21.892616987228394,334988,2183184,2208884,2190150,376408,39,733,0
21.892616987228394,334989,2111464,2138852,2118356,399606,82,737,0
22.013195991516113,334986,2357100,2383976,2363993,489809,80,754,0
22.013195991516113,334987,2455220,2482852,2462126,413746,43,754,0
22.013195991516113,334988,2223512,2251052,2230483,376428,39,734,0
22.013195991516113,334989,2143544,2170332,2150441,399623,82,738,0
22.114731788635254,334986,2350340,2378344,2357497,489809,80,754,0
22.114731788635254,334987,2450952,2477860,2457858,413746,43,754,0
22.114731788635254,334988,2259164,2289092,2266138,376448,39,735,0
22.114731788635254,334989,2182124,2209752,2189016,399646,82,738,0
22.2180118560791,334986,2340244,2368232,2347289,489809,80,754,0
22.2180118560791,334987,2446372,2473764,2453278,413746,43,754,0
22.2180118560791,334988,2280840,2307708,2287806,376462,39,736,0
22.2180118560791,334989,2210300,2237088,2217192,399663,82,739,0
22.322682857513428,334986,2325800,2352872,2332693,489809,80,754,0
22.322682857513428,334987,2439532,2466980,2446438,413746,43,754,0
22.322682857513428,334988,2312784,2340604,2319770,376479,39,736,0
22.322682857513428,334989,2246528,2273836,2253420,399683,82,740,0
22.429236888885498,334986,2316172,2343272,2323077,489809,80,754,0
22.429236888885498,334987,2433152,2461092,2440698,413746,43,754,0
22.429236888885498,334988,2356228,2383960,2363226,376501,39,737,0
22.429236888885498,334989,2277044,2303944,2283936,399701,82,741,0
22.53935694694519,334986,2307948,2335720,2315217,489809,80,754,0
22.53935694694519,334987,2426548,2454180,2433454,413746,43,754,0
22.53935694694519,334988,2391208,2418848,2398174,376522,39,738,0
22.53935694694519,334989,2312412,2341080,2320612,399719,82,742,0
22.651026964187622,334986,2301100,2328680,2308033,489809,80,754,0
22.651026964187622,334987,2421480,2448932,2428386,413746,43,754,0
22.651026964187622,334988,2433100,2460780,2440066,376543,39,739,0
22.651026964187622,334989,2327416,2354268,2334340,399732,82,742,0
22.7673978805542,334986,2294072,2321256,2300965,489809,80,754,0
22.7673978805542,334987,2416436,2444708,2423734,413746,43,754,0
22.7673978805542,334988,2444132,2471460,2451246,376553,39,739,0
22.7673978805542,334989,2335420,2362156,2342312,399739,82,742,0
22.887274980545044,334986,2283756,2311016,2290649,489809,80,754,0
22.887274980545044,334987,2408744,2436132,2415778,413746,43,754,0
22.887274980545044,334988,2472976,2500492,2479986,376567,39,740,0
22.887274980545044,334989,2344320,2371280,2351212,399746,82,742,0
23.006932020187378,334986,2270972,2296808,2277865,489809,80,754,0
23.006932020187378,334987,2399864,2426788,2406770,413746,43,754,0
23.006932020187378,334988,2513468,2540704,2520606,376590,39,741,0
23.006932020187378,334989,2358744,2385788,2365652,399758,82,743,0
23.18828797340393,334986,2248724,2275560,2255713,489809,80,754,0
23.18828797340393,334987,2388048,2415268,2395082,413746,43,754,0
23.18828797340393,334988,2558788,2586808,2565858,376612,39,742,0
23.18828797340393,334989,2384324,2411896,2391216,399772,82,744,0
23.375921964645386,334986,2238724,2265192,2245617,490148,142,754,0
23.375921964645386,334987,2379648,2406948,2386554,413746,43,754,0
23.375921964645386,334988,2601308,2628624,2608274,379421,39,743,0
23.375921964645386,334989,2399580,2426196,2406472,403365,82,744,0
23.497339010238647,334986,2226236,2254696,2233129,491305,329,754,0
23.497339010238647,334987,2367972,2395428,2374878,413746,43,754,0
23.497339010238647,334988,2616076,2643248,2623042,385341,39,744,0
23.497339010238647,334989,2408100,2435656,2414992,407973,82,745,0
23.624030828475952,334986,2236360,2265704,2243437,494803,846,754,0
23.624030828475952,334987,2365292,2393124,2372198,413746,43,754,0
23.624030828475952,334988,2621128,2649008,2628094,385857,39,744,0
23.624030828475952,334989,2421512,2449312,2428404,407982,82,745,0
23.752437829971313,334986,2241696,2269544,2248589,497322,1235,754,0
23.752437829971313,334987,2356108,2382372,2363014,413746,43,754,0
23.752437829971313,334988,2626756,2653224,2633722,388930,39,744,0
23.752437829971313,334989,2429984,2457132,2436876,411058,82,746,0
23.877004861831665,334986,2237428,2269416,2244321,501262,1813,754,0
23.877004861831665,334987,2340204,2367780,2347110,413746,43,754,0
23.877004861831665,334988,2631616,2657832,2638582,395074,39,744,0
23.877004861831665,334989,2433324,2460716,2440216,417202,82,746,0
24.006850004196167,334986,2248072,2278760,2254965,505149,2389,754,0
24.006850004196167,334987,2334380,2362148,2341286,413746,43,754,0
24.006850004196167,334988,2642412,2670248,2649378,399170,39,745,0
24.006850004196167,334989,2442136,2469804,2449028,420786,82,746,0
24.14362096786499,334986,2266192,2297960,2273189,509222,2987,754,0
24.14362096786499,334987,2333368,2360740,2340274,413746,43,754,0
24.14362096786499,334988,2649328,2676520,2656294,400194,39,745,0
24.14362096786499,334989,2466556,2493996,2473448,425906,82,747,0
24.275014877319336,334986,2281040,2310888,2287941,514012,3678,754,0
24.275014877319336,334987,2328596,2356388,2335502,413746,43,754,0
24.275014877319336,334988,2657772,2685480,2664738,404290,39,745,0
24.275014877319336,334989,2480860,2508332,2487752,430459,82,747,0
24.411245822906494,334986,2292288,2323048,2299189,518234,4293,754,0
24.411245822906494,334987,2322904,2350628,2329810,413746,43,754,0
24.411245822906494,334988,2668592,2695976,2675558,407578,39,746,0
24.411245822906494,334989,2500660,2527660,2507552,438706,82,748,0
24.546019792556763,334986,2290808,2322152,2297701,521661,4792,754,0
24.546019792556763,334987,2316908,2344740,2323814,413746,43,754,0
24.546019792556763,334988,2669884,2697768,2676850,409922,39,746,0
24.546019792556763,334989,2518736,2546476,2525628,443314,82,748,0
24.683616876602173,334986,2305684,2335848,2312577,524894,5277,754,0
24.683616876602173,334987,2316908,2344740,2323814,413746,43,754,0
24.683616876602173,334988,2704000,2732072,2710966,416727,39,746,0
24.683616876602173,334989,2544212,2563756,2549245,451506,82,748,0
24.82083797454834,334986,2318156,2323048,2318310,527567,5677,753,0
24.82083797454834,334987,2316876,2318372,2317029,413746,43,753,0
24.82083797454834,334988,2741536,2742696,2741691,426306,39,746,0
24.82083797454834,334989,2579248,2580524,2579401,458674,82,749,0
24.994167804718018,334986,2333944,2339304,2334098,530963,6177,753,0
24.994167804718018,334987,2314172,2315684,2314325,413746,43,753,0
24.994167804718018,334988,2758584,2759976,2758739,432450,39,747,0
24.994167804718018,334989,2595400,2596652,2595553,464306,82,749,0
25.1644389629364,334986,2345892,2346216,2346046,535936,6892,753,0
25.1644389629364,334987,2285048,2285988,2285201,413746,43,753,0
25.1644389629364,334988,2742264,2743464,2742419,437893,39,748,0
25.1644389629364,334989,2597632,2598828,2597785,470962,82,750,0
25.397341012954712,334986,2340332,2344424,2340486,538803,7325,753,0
25.397341012954712,334987,2271028,2272548,2271181,413746,43,753,0
25.397341012954712,334988,2765420,2766120,2765575,447828,39,748,0
25.397341012954712,334989,2628984,2629676,2629137,481262,92,751,0
25.617921829223633,334986,2351356,2355688,2351510,541838,7774,753,0
25.617921829223633,334987,2262420,2263972,2262573,413746,43,753,0
25.617921829223633,334988,2798312,2799272,2798467,459074,39,749,0
25.617921829223633,334989,2665512,2666540,2665665,492348,92,752,0
25.820395946502686,334986,2361736,2366824,2361890,546091,8392,753,0
25.820395946502686,334987,2246568,2247716,2246721,413746,43,753,0
25.820395946502686,334988,2818308,2818088,2818463,468742,39,750,0
25.820395946502686,334989,2675372,2676396,2675525,500146,92,752,0
26.034281969070435,334986,2358592,2362984,2358746,551020,9101,753,0
26.034281969070435,334987,2207332,2208932,2207485,414598,196,753,0
26.034281969070435,334988,2822640,2822696,2822795,479042,39,751,0
26.034281969070435,334989,2668020,2667820,2668173,505778,92,752,0
26.25356888771057,334986,2360212,2361448,2360366,555583,9775,753,0
26.25356888771057,334987,2167620,2170404,2167773,416908,560,753,0
26.25356888771057,334988,2837612,2838568,2837767,488258,39,752,0
26.25356888771057,334989,2652924,2653356,2653077,508868,94,753,0
26.41348385810852,334986,2363688,2367336,2363842,557847,10103,753,0
26.41348385810852,334987,2156168,2160420,2156321,420100,1040,753,0
26.41348385810852,334988,2848584,2849576,2848739,495211,39,752,0
26.41348385810852,334989,2641892,2643244,2642045,508868,94,753,0
26.520721912384033,334986,2371484,2375144,2371638,560582,10505,753,0
26.520721912384033,334987,2164344,2168228,2164497,423108,1483,753,0
26.520721912384033,334988,2850256,2851240,2850427,497986,39,752,0
26.520721912384033,334989,2638912,2640172,2639069,508868,94,753,0
26.63130497932434,334986,2387456,2393064,2387674,564447,11066,753,0
26.63130497932434,334987,2172772,2178596,2172925,425706,1882,753,0
26.63130497932434,334988,2851208,2851368,2851363,498498,39,752,0
26.63130497932434,334989,2634408,2635308,2634561,508868,94,753,0
26.740577936172485,334986,2396132,2399848,2396286,567556,11535,753,0
26.740577936172485,334987,2182296,2187684,2182449,429435,2432,753,0
26.740577936172485,334988,2859368,2859688,2859523,504060,39,753,0
26.740577936172485,334989,2624584,2625836,2624737,508868,94,753,0
26.84767198562622,334986,2407380,2413032,2407534,571232,12078,753,0
26.84767198562622,334987,2190436,2196004,2190589,433128,2976,753,0
26.84767198562622,334988,2847156,2847144,2847311,505684,41,753,0
26.84767198562622,334989,2619936,2620844,2620089,508868,94,753,0
26.95363998413086,334986,2420988,2425576,2421142,574767,12601,753,0
26.95363998413086,334987,2205656,2213668,2205809,437368,3596,753,0
26.95363998413086,334988,2840664,2842024,2840819,505684,41,753,0
26.95363998413086,334989,2618220,2619564,2618405,508868,94,753,0
27.063496828079224,334986,2437636,2442984,2437790,578520,13159,753,0
27.063496828079224,334987,2234492,2241444,2234645,443662,4527,753,0
27.063496828079224,334988,2840480,2842024,2840819,505684,41,753,0
27.063496828079224,334989,2617980,2619564,2618405,508868,94,753,0
27.175038814544678,334986,2453816,2457320,2453970,581944,13669,753,0
27.175038814544678,334987,2264912,2272164,2265089,450237,5491,753,0
27.175038814544678,334988,2840552,2842024,2840819,505684,41,753,0
27.175038814544678,334989,2618236,2619564,2618405,508868,94,753,0
27.2851619720459,334986,2469108,2474216,2469434,585295,14162,753,0
27.2851619720459,334987,2295540,2303012,2295742,456985,6477,753,0
27.2851619720459,334988,2840664,2842024,2840824,505684,41,753,0
27.2851619720459,334989,2618220,2619564,2618410,508868,94,753,0
27.397947788238525,334986,2491576,2497512,2491734,590114,14878,753,0
27.397947788238525,334987,2316820,2320932,2317005,461592,7167,753,0
27.397947788238525,334988,2840664,2842024,2840819,505684,41,753,0
27.397947788238525,334989,2618252,2619564,2618405,508868,94,753,0
27.51011896133423,334986,2508712,2517224,2508866,593824,15428,753,0
27.51011896133423,334987,2331368,2336548,2331521,464736,7632,753,0
27.51011896133423,334988,2840664,2842024,2840819,505684,41,753,0
27.51011896133423,334989,2618252,2619564,2618405,508868,94,753,0
27.62125301361084,334986,2541952,2550248,2542106,600804,16456,753,0
27.62125301361084,334987,2342404,2344612,2342557,467288,8011,753,0
27.62125301361084,334988,2840664,2842024,2840819,505684,41,753,0
27.62125301361084,334989,2618252,2619564,2618405,508868,94,753,0
27.733597993850708,334986,2578900,2587496,2579054,608830,17624,753,0
27.733597993850708,334987,2355192,2359460,2355345,469910,8402,753,0
27.733597993850708,334988,2840664,2842024,2840819,505684,41,753,0
27.733597993850708,334989,2618252,2619564,2618405,508868,94,753,0
27.847330808639526,334986,2616892,2625256,2617046,617359,18861,753,0
27.847330808639526,334987,2370580,2374820,2370733,473255,8899,753,0
27.847330808639526,334988,2840664,2842024,2840819,505684,41,753,0
27.847330808639526,334989,2618252,2619564,2618405,508868,94,753,0
27.96349000930786,334986,2655292,2661864,2655446,625520,20045,753,0
27.96349000930786,334987,2388472,2392868,2388629,477212,9472,753,0
27.96349000930786,334988,2840664,2842024,2840819,505684,41,753,0
27.96349000930786,334989,2618252,2619564,2618405,508868,94,753,0
28.08325481414795,334986,2692468,2696168,2692626,633598,21216,753,0
28.08325481414795,334987,2400880,2404004,2401033,479846,9866,753,0
28.08325481414795,334988,2840548,2842024,2840819,505684,41,753,0
28.08325481414795,334989,2618252,2619564,2618405,508868,94,753,0
28.204396963119507,334986,2721084,2729192,2721238,639755,22127,753,0
28.204396963119507,334987,2415448,2420772,2415601,482998,10343,753,0
28.204396963119507,334988,2840664,2842024,2840819,505684,41,753,0
28.204396963119507,334989,2618252,2619564,2618405,508868,94,753,0
28.32733392715454,334986,2756008,2764008,2756162,647335,23238,753,0
28.32733392715454,334987,2432780,2436644,2432933,486760,10903,753,0
28.32733392715454,334988,2840664,2842024,2840819,505684,41,753,0
28.32733392715454,334989,2618252,2619564,2618405,508868,94,753,0
28.44866681098938,334986,2797092,2804456,2797246,656383,24551,753,0
28.44866681098938,334987,2444892,2449828,2445045,489592,11329,753,0
28.44866681098938,334988,2840664,2842024,2840819,505684,41,753,0
28.44866681098938,334989,2618252,2619564,2618405,508868,94,753,0
28.570557832717896,334986,2839868,2846440,2840022,665575,25881,753,0
28.570557832717896,334987,2462352,2466084,2462505,493189,11859,753,0
28.570557832717896,334988,2840664,2842024,2840819,505684,41,753,0
28.570557832717896,334989,2618252,2619564,2618405,508868,94,753,0
28.693240880966187,334986,2881460,2888168,2881614,674617,27198,753,0
28.693240880966187,334987,2474392,2478756,2474545,495807,12244,753,0
28.693240880966187,334988,2840664,2842024,2840819,505684,41,753,0
28.693240880966187,334989,2618252,2619564,2618405,508868,94,753,0
28.81723380088806,334986,2918296,2922472,2918450,682724,28385,753,0
28.81723380088806,334987,2494152,2498980,2494305,500129,12875,753,0
28.81723380088806,334988,2840664,2842024,2840819,505684,41,753,0
28.81723380088806,334989,2618252,2619564,2618405,508868,94,753,0
28.941788911819458,334986,2953204,2959080,2953358,690334,29506,753,0
28.941788911819458,334987,2515128,2520356,2515281,504687,13535,753,0
28.941788911819458,334988,2840664,2842024,2840819,505684,41,753,0
28.941788911819458,334989,2618252,2619564,2618405,508868,94,753,0
29.067281007766724,334986,2993392,3000040,2993546,698962,30772,753,0
29.067281007766724,334987,2530780,2535972,2530933,508089,14039,753,0
29.067281007766724,334988,2840664,2842024,2840819,505684,41,753,0
29.067281007766724,334989,2618252,2619564,2618405,508868,94,753,0
29.194872856140137,334986,3038696,3045736,3038850,708866,32200,753,0
29.194872856140137,334987,2550552,2555556,2550705,512506,14684,753,0
29.194872856140137,334988,2840664,2842024,2840819,505684,41,753,0
29.194872856140137,334989,2618252,2619564,2618405,508868,94,753,0
29.32584285736084,334986,3088484,3095528,3088638,719710,33757,753,0
29.32584285736084,334987,2573832,2578852,2573985,517580,15426,753,0
29.32584285736084,334988,2840664,2842024,2840819,505684,41,753,0
29.32584285736084,334989,2618252,2619564,2618405,508868,94,753,0
29.45721197128296,334986,3126004,3130728,3126158,729053,35108,753,0
29.45721197128296,334987,2578120,2580516,2578273,522010,16076,753,0
29.45721197128296,334988,2812188,2810408,2812343,505684,41,753,0
29.45721197128296,334989,2599004,2599468,2599157,508868,94,753,0
29.588393926620483,334986,3134904,3139688,3135058,736263,36145,753,0
29.588393926620483,334987,2550912,2553380,2551065,524373,16424,753,0
29.588393926620483,334988,2770216,2770216,2770371,505684,41,753,0
29.588393926620483,334989,2571992,2571820,2572145,508868,94,753,0
29.721717834472656,334986,3143712,3147752,3143866,743112,37124,753,0
29.721717834472656,334987,2533544,2535972,2533697,526870,16795,753,0
29.721717834472656,334988,2727452,2725800,2727607,505684,41,753,0
29.721717834472656,334989,2537744,2539052,2537897,508868,94,753,0
29.85492491722107,334986,3151128,3152360,3151282,748431,37897,753,0
29.85492491722107,334987,2525260,2526756,2525413,528818,17079,753,0
29.85492491722107,334988,2709288,2710824,2709443,505684,41,753,0
29.85492491722107,334989,2530900,2532396,2531053,508868,94,753,0
30.10425591468811,334986,3180784,3187304,3180938,754567,38781,753,0
30.10425591468811,334987,2542532,2545572,2542685,532351,17592,753,0
30.10425591468811,334988,2709200,2710696,2709355,505684,41,753,0
30.10425591468811,334989,2530872,2532396,2531025,508868,94,753,0
30.244611978530884,334986,3215784,3220840,3215938,762173,39901,753,0
30.244611978530884,334987,2558352,2559780,2558505,536031,18140,753,0
30.244611978530884,334988,2709200,2710696,2709355,505684,41,753,0
30.244611978530884,334989,2531036,2534700,2531189,508887,116,753,0
30.39590883255005,334986,3239924,3244776,3240078,767060,41118,753,0
30.39590883255005,334987,2572372,2576804,2572525,538788,18545,753,0
30.39590883255005,334988,2709200,2710696,2709355,505684,41,753,0
30.39590883255005,334989,2556428,2558508,2556581,514333,949,753,0
30.55054783821106,334986,3246688,3240296,3246842,772413,42186,753,0
30.55054783821106,334987,2584792,2586148,2584945,541715,18983,753,0
30.55054783821106,334988,2669452,2667816,2669607,505684,41,753,0
30.55054783821106,334989,2533616,2540076,2533769,519800,1750,753,0
30.747702836990356,334986,3234044,3228648,3234198,777592,43257,753,0
30.747702836990356,334987,2591260,2593060,2591413,544784,19429,753,0
30.747702836990356,334988,2614548,2615464,2614703,505684,41,753,0
30.747702836990356,334989,2479724,2482092,2479877,526759,2772,753,0
30.95357394218445,334986,3208276,3205736,3208430,783594,44383,753,0
30.95357394218445,334987,2587764,2586532,2587917,548136,19928,753,0
30.95357394218445,334988,2570492,2573864,2570647,508845,510,753,0
30.95357394218445,334989,2445624,2449068,2445777,530751,3353,753,0
31.165706872940063,334986,3223052,3226088,3223206,790169,45798,753,0
31.165706872940063,334987,2603644,2607140,2603797,552862,20615,753,0
31.165706872940063,334988,2588076,2592552,2588231,512956,1101,753,0
31.165706872940063,334989,2459368,2462764,2459521,533771,3804,753,0
31.388463020324707,334986,3224660,3225960,3224814,791557,46086,753,0
31.388463020324707,334987,2623760,2627108,2623913,557455,21289,753,0
31.388463020324707,334988,2603836,2606760,2603991,516384,1597,753,0
31.388463020324707,334989,2481376,2486828,2481529,538494,4492,753,0
31.526274919509888,334986,3224584,3225832,3224738,791557,46086,753,0
31.526274919509888,334987,2639664,2642980,2639817,560920,21789,753,0
31.526274919509888,334988,2615552,2618792,2615707,518954,1964,753,0
31.526274919509888,334989,2502256,2506924,2502409,543076,5168,753,0
31.66315984725952,334986,3224476,3225832,3224630,791557,46086,753,0
31.66315984725952,334987,2653012,2656420,2653165,563873,22221,753,0
31.66315984725952,334988,2627324,2630440,2627479,521525,2331,753,0
31.66315984725952,334989,2524828,2530092,2524981,547961,5885,753,0
31.799843788146973,334986,3220288,3218920,3220442,791557,46086,753,0
31.799843788146973,334987,2663800,2666404,2663953,567183,22697,753,0
31.799843788146973,334988,2639280,2642472,2639435,524134,2707,753,0
31.799843788146973,334989,2552152,2557356,2552305,553888,6752,753,0
31.937357902526855,334986,3208280,3208680,3208434,791557,46086,753,0
31.937357902526855,334987,2681036,2684836,2681189,572197,23415,753,0
31.937357902526855,334988,2659472,2663464,2659627,528508,3331,753,0
31.937357902526855,334989,2585748,2592812,2585901,561252,7822,753,0
32.04517102241516,334986,3203596,3203432,3203750,791557,46086,753,0
32.04517102241516,334987,2698424,2698404,2698577,576631,24055,753,0
32.04517102241516,334988,2682336,2686376,2682491,533490,4050,753,0
32.04517102241516,334989,2619688,2627500,2619841,568655,8896,753,0
32.153111934661865,334986,3194124,3192808,3194278,791557,46086,753,0
32.153111934661865,334987,2702924,2706596,2703077,578563,24355,753,0
32.153111934661865,334988,2701852,2706984,2702007,537746,4666,753,0
32.153111934661865,334989,2645144,2652716,2645297,574543,9775,753,0
32.2619149684906,334986,3179252,3179496,3179406,791557,46086,753,0
32.2619149684906,334987,2718732,2722084,2718885,583225,25026,753,0
32.2619149684906,334988,2705160,2709928,2705315,541172,5166,753,0
32.2619149684906,334989,2668352,2675884,2668505,581651,10810,753,0
32.37044882774353,334986,3174916,3176296,3175070,791557,46086,753,0
32.37044882774353,334987,2729212,2732708,2729365,585935,25431,753,0
32.37044882774353,334988,2735344,2743848,2735499,548063,6159,753,0
32.37044882774353,334989,2705856,2713772,2706009,589790,11990,753,0
32.4787437915802,334986,3174916,3176296,3175075,791557,46086,753,0
32.4787437915802,334987,2748308,2755364,2748466,590160,26053,753,0
32.4787437915802,334988,2770188,2778536,2770348,555597,7263,753,0
32.4787437915802,334989,2743420,2748588,2743578,597948,13168,753,0
32.58733081817627,334986,3174916,3176296,3175070,791557,46086,753,0
32.58733081817627,334987,2793084,2802852,2793237,598998,27354,753,0
32.58733081817627,334988,2813084,2825512,2813239,564809,8603,753,0
32.58733081817627,334989,2790480,2801452,2790633,607849,14609,753,0
32.768543004989624,334986,3174916,3176296,3175070,791557,46086,753,0
32.768543004989624,334987,2850840,2861092,2850993,611403,29173,753,0
32.768543004989624,334988,2868868,2878504,2869023,577254,10413,753,0
32.768543004989624,334989,2855672,2867372,2855825,621999,16644,753,0
32.95559000968933,334986,3174916,3176296,3175070,791557,46086,753,0
32.95559000968933,334987,2911568,2917796,2911721,624573,31092,753,0
32.95559000968933,334988,2932324,2944040,2932479,590816,12373,753,0
32.95559000968933,334989,2905616,2912300,2905785,633512,18318,753,0
33.14859986305237,334986,3174852,3176296,3175070,791557,46086,753,0
33.14859986305237,334987,2964556,2969252,2964729,636460,32827,753,0
33.14859986305237,334988,2989624,2994344,2989867,603330,14175,753,0
33.14859986305237,334989,2955856,2964652,2956013,643912,19820,753,0
33.34346795082092,334986,3174848,3176296,3175070,791557,46086,753,0
33.34346795082092,334987,3005588,3013540,3006361,645371,34123,753,0
33.34346795082092,334988,3022708,3029800,3022967,610501,15213,753,0
33.34346795082092,334989,2993868,2999852,2994021,652528,21063,753,0
33.539079904556274,334986,3174916,3176296,3175070,791557,46086,753,0
33.539079904556274,334987,3065856,3074724,3066037,658398,36006,753,0
33.539079904556274,334988,3066372,3077544,3066527,619720,16531,753,0
33.539079904556274,334989,3029888,3036460,3030041,660364,22193,753,0
33.73453378677368,334986,3174916,3172968,3175070,791557,46086,753,0
33.73453378677368,334987,3119160,3120164,3119313,671896,37967,753,0
33.73453378677368,334988,3107844,3110696,3107999,630400,18065,753,0
33.73453378677368,334989,3063908,3067052,3064061,669805,23546,753,0
33.93380880355835,334986,3167724,3169128,3167878,791557,46086,753,0
33.93380880355835,334987,3122584,3124004,3122737,673606,38211,753,0
33.93380880355835,334988,3091512,3092392,3091667,632041,18304,753,0
33.93380880355835,334989,3059236,3060908,3059389,671498,23792,753,0
34.169286012649536,334986,3130692,3130728,3130846,791557,46086,753,0
34.169286012649536,334987,3120340,3123236,3120493,678944,38977,753,0
34.169286012649536,334988,3056892,3054760,3057047,634743,18690,753,0
34.169286012649536,334989,3020112,3019948,3020265,674363,24202,753,0
34.40446901321411,334986,3075504,3075176,3075658,791557,46086,753,0
34.40446901321411,334987,3099644,3104292,3099797,688023,40291,753,0
34.40446901321411,334988,3007168,3005352,3007323,637188,19040,753,0
34.40446901321411,334989,2978028,2979756,2978181,677392,24634,753,0
34.60136795043945,334986,3021584,3021800,3021738,791557,46086,753,0
34.60136795043945,334987,3081700,3083812,3081853,696213,41484,753,0
34.60136795043945,334988,2958800,2956456,2958955,640372,19495,753,0
34.60136795043945,334989,2931524,2933676,2931677,680554,25088,753,0
34.814934968948364,334986,2995216,2996712,2995370,791557,46086,753,0
34.814934968948364,334987,3083360,3084708,3083513,701219,42416,753,0
34.814934968948364,334988,2957892,2960552,2958047,642387,19782,753,0
34.814934968948364,334989,2947860,2955692,2948013,683757,25546,753,0
35.07779097557068,334986,2995216,2996712,2995370,791557,46086,753,0
35.07779097557068,334987,3104068,3109540,3104221,704578,43306,753,0
35.07779097557068,334988,2981548,2986408,2981703,647438,20504,753,0
35.07779097557068,334989,3000984,3007404,3001137,695240,27186,753,0
35.31735181808472,334986,2995232,2996712,2995386,791557,46090,753,0
35.31735181808472,334987,3128976,3132196,3129129,710278,44462,753,0
35.31735181808472,334988,3026320,3034536,3026475,656940,21861,753,0
35.31735181808472,334989,3017392,3021228,3017545,699475,27863,753,0
35.52732491493225,334986,2995304,2996712,2995458,791567,46098,753,0
35.52732491493225,334987,3148992,3150372,3149145,714523,45296,753,0
35.52732491493225,334988,3070804,3075496,3070959,666830,23289,753,0
35.52732491493225,334989,3029480,3032236,3029633,701875,28477,753,0
35.69663190841675,334986,2997808,2998888,2997962,792085,46206,753,0
35.69663190841675,334987,3147236,3146788,3147389,714859,45346,753,0
35.69663190841675,334988,3088976,3091624,3089131,671110,24262,753,0
35.69663190841675,334989,3035848,3037100,3036001,704417,29011,753,0
35.81972289085388,334986,2998028,3000936,2998182,793414,46429,753,0
35.81972289085388,334987,3140748,3142052,3140901,714859,45346,753,0
35.81972289085388,334988,3107844,3113384,3107999,675220,25227,753,0
35.81972289085388,334989,3041532,3044524,3041685,706019,29407,753,0
35.94271683692932,334986,3003452,3006696,3003606,795395,46818,753,0
35.94271683692932,334987,3136992,3137060,3137145,714859,45346,753,0
35.94271683692932,334988,3134128,3140648,3134283,681406,26528,753,0
35.94271683692932,334989,3049256,3050796,3049409,708673,29953,753,0
36.06513500213623,334986,3001936,3001192,3002090,799827,47471,753,0
36.06513500213623,334987,3129292,3129508,3129445,714859,45346,753,0
36.06513500213623,334988,3160892,3166632,3161047,687483,27670,753,0
36.06513500213623,334989,3062320,3065260,3062473,711869,30556,753,0
36.18636393547058,334986,2999732,3005800,2999891,802517,47872,753,0
36.18636393547058,334987,3123912,3125412,3124070,714859,45346,753,0
36.18636393547058,334988,3189672,3193768,3189832,693922,29036,753,0
36.18636393547058,334989,3089520,3095468,3089678,717084,31656,753,0
36.30734086036682,334986,3024384,3032040,3024538,807781,48656,753,0
36.30734086036682,334987,3123912,3125412,3124065,714859,45346,753,0
36.30734086036682,334988,3212308,3215912,3212463,698816,30049,753,0
36.30734086036682,334989,3121268,3123756,3121421,723986,33028,753,0
36.43299698829651,334986,3043624,3050216,3043778,811960,49320,753,0
36.43299698829651,334987,3123912,3125412,3124065,714859,45346,753,0
36.43299698829651,334988,3226532,3229992,3226687,701543,30739,753,0
36.43299698829651,334989,3153960,3157420,3154113,730427,34186,753,0
36.55753183364868,334986,3071508,3072744,3071662,818140,50284,753,0
36.55753183364868,334987,3123912,3125412,3124065,714859,45346,753,0
36.55753183364868,334988,3239964,3242792,3240119,704360,31382,753,0
36.55753183364868,334989,3181336,3184940,3181489,736617,35512,753,0
36.685813903808594,334986,3071884,3073128,3072038,818188,50324,753,0
36.685813903808594,334987,3123912,3125412,3124065,714859,45346,753,0
36.685813903808594,334988,3250360,3253800,3250515,706579,31927,753,0
36.685813903808594,334989,3214528,3219884,3214681,743125,36823,753,0
36.81465792655945,334986,3074976,3077224,3075130,818760,50527,753,0
36.81465792655945,334987,3123912,3125412,3124065,714859,45346,753,0
36.81465792655945,334988,3260824,3263144,3260979,708665,32443,753,0
36.81465792655945,334989,3243108,3246508,3243261,749294,38170,753,0
36.94439697265625,334986,3085856,3094248,3086010,820638,51189,753,0
36.94439697265625,334987,3123912,3125412,3124065,714859,45346,753,0
36.94439697265625,334988,3270340,3272872,3270495,710427,32918,753,0
36.94439697265625,334989,3269764,3273260,3269917,754542,39377,753,0
37.072935819625854,334986,3112028,3113576,3112182,826336,52218,753,0
37.072935819625854,334987,3123912,3125412,3124065,714859,45346,753,0
37.072935819625854,334988,3282012,3284520,3282167,712746,33491,753,0
37.072935819625854,334989,3290248,3293612,3290401,758705,40447,753,0
37.205703020095825,334986,3116932,3118184,3117086,827170,52402,753,0
37.205703020095825,334987,3123912,3125412,3124065,714859,45346,753,0
37.205703020095825,334988,3296496,3300520,3296651,715650,34028,753,0
37.205703020095825,334989,3311200,3314476,3311353,762729,41470,753,0
37.339197874069214,334986,3130056,3131240,3130210,830038,53019,753,0
37.339197874069214,334987,3123912,3125412,3124065,714859,45346,753,0
37.339197874069214,334988,3317156,3319464,3317311,720292,34819,753,0
37.339197874069214,334989,3329828,3330220,3329981,767010,42536,753,0
37.470953941345215,334986,3122704,3122280,3122858,831190,53254,753,0
37.470953941345215,334987,3106676,3104676,3106829,714859,45346,753,0
37.470953941345215,334988,3318220,3317288,3318375,722621,35342,753,0
37.470953941345215,334989,3321572,3319596,3321725,768933,42873,753,0
37.606858015060425,334986,3109252,3105768,3109406,834565,53866,753,0
37.606858015060425,334987,3080764,3078180,3080917,714859,45346,753,0
37.606858015060425,334988,3312000,3313064,3312155,724189,35720,753,0
37.606858015060425,334989,3310864,3309484,3311017,771322,43224,753,0
37.75201392173767,334986,3084988,3086184,3085142,835047,53968,753,0
37.75201392173767,334987,3059760,3061284,3059913,714859,45346,753,0
37.75201392173767,334988,3312024,3310888,3312179,725220,35985,753,0
37.75201392173767,334989,3301592,3301292,3301745,773027,43468,753,0
37.966179847717285,334986,3071240,3074536,3071394,836381,54190,753,0
37.966179847717285,334987,3028928,3028772,3029081,714859,45346,753,0
37.966179847717285,334988,3302992,3301800,3303147,726886,36369,753,0
37.966179847717285,334989,3292340,3287212,3292493,775398,43878,753,0
38.105374813079834,334986,3063584,3065960,3063738,839590,54721,753,0
38.105374813079834,334987,2996060,2995620,2996213,714859,45346,753,0
38.105374813079834,334988,3285736,3284520,3285891,728081,36702,753,0
38.105374813079834,334989,3269348,3267884,3269501,777196,44220,753,0
38.3366858959198,334986,3075848,3078888,3076002,842529,55183,753,0
38.3366858959198,334987,2975132,2974500,2975285,714859,45346,753,0
38.3366858959198,334988,3271492,3270696,3271647,728980,36970,753,0
38.3366858959198,334989,3255524,3255468,3255677,778358,44488,753,0
38.4788339138031,334986,3079340,3081576,3079494,845662,55676,753,0
38.4788339138031,334987,2949972,2951332,2950086,714859,45346,753,0
38.4788339138031,334988,3265272,3267368,3265322,730412,37290,753,0
38.4788339138031,334989,3251684,3253676,3251686,780114,44875,753,0
38.7542610168457,334986,3117144,3127980,3117661,853374,56857,753,0
38.7542610168457,334987,2949972,2950948,2949974,714859,45346,753,0
38.7542610168457,334988,3282112,3286156,3282588,734030,38006,753,0
38.7542610168457,334989,3281456,3284504,3281964,785819,46183,753,0
38.95422887802124,334986,3133288,3144748,3133706,857121,57442,753,0
38.95422887802124,334987,2949952,2950948,2949954,714859,45346,753,0
38.95422887802124,334988,3290984,3292940,3291460,735672,38254,753,0
38.95422887802124,334989,3290468,3292440,3290976,788223,46794,753,0
39.0932719707489,334986,3163732,3165612,3164150,864216,58493,753,0
39.0932719707489,334987,2949952,2950948,2949954,714859,45346,753,0
39.0932719707489,334988,3305976,3311372,3306452,739211,38783,753,0
39.0932719707489,334989,3290468,3292440,3290976,788223,46794,753,0
39.21816396713257,334986,3174896,3176876,3175314,866582,58911,753,0
39.21816396713257,334987,2949952,2950948,2949954,714859,45346,753,0
39.21816396713257,334988,3324116,3328780,3324592,742592,39285,753,0
39.21816396713257,334989,3290468,3292440,3290976,788223,46794,753,0
39.34497880935669,334986,3176384,3178412,3176815,866620,58997,753,0
39.34497880935669,334987,2949952,2951996,2950184,714866,45346,753,0
39.34497880935669,334988,3354700,3361200,3355303,748299,40779,753,0
39.34497880935669,334989,3290440,3293000,3291064,788232,46798,753,0
39.47430896759033,334986,3176544,3178956,3177069,866838,59109,753,0
39.47430896759033,334987,2949988,2951996,2950302,714878,45347,753,0
39.47430896759033,334988,3396260,3401520,3396863,757363,42242,753,0
39.47430896759033,334989,3290440,3293000,3291064,788232,46798,753,0
39.604312896728516,334986,3176444,3183052,3176988,866838,59110,753,0
39.604312896728516,334987,2950184,2952824,2950692,714890,45352,753,0
39.604312896728516,334988,3419096,3423280,3419677,762615,43158,753,0
39.604312896728516,334989,3290440,3293000,3291018,788232,46798,753,0
39.734411001205444,334986,3197948,3200460,3198492,871334,59990,753,0
39.734411001205444,334987,2950192,2952824,2950700,714890,45354,753,0
39.734411001205444,334988,3447288,3449904,3447869,767895,44571,753,0
39.734411001205444,334989,3290440,3293000,3291018,788232,46798,753,0
39.867071866989136,334986,3198100,3200588,3198644,871345,60013,753,0
39.867071866989136,334987,2950256,2952824,2950764,714895,45365,753,0
39.867071866989136,334988,3453716,3456304,3454297,770065,44896,753,0
39.867071866989136,334989,3290440,3293000,3291018,788232,46798,753,0
40.001266956329346,334986,3198236,3200716,3198780,871356,60037,753,0
40.001266956329346,334987,2950584,2953208,2951092,714915,45427,753,0
40.001266956329346,334988,3453072,3452592,3453653,770065,44896,753,0
40.001266956329346,334989,3287136,3288008,3287714,788232,46798,753,0
40.15829801559448,334986,3195536,3197900,3196080,871357,60040,753,0
40.15829801559448,334987,2923708,2923000,2924216,715187,45515,753,0
40.15829801559448,334988,3425336,3421744,3425917,770065,44896,753,0
40.15829801559448,334989,3272100,3271880,3272678,788232,46798,753,0
40.29147982597351,334986,3195536,3197900,3196080,871357,60040,753,0
40.29147982597351,334987,2901072,2902520,2901580,715433,45599,753,0
40.29147982597351,334988,3409920,3410096,3410501,770065,44896,753,0
40.29147982597351,334989,3254064,3255880,3254642,788232,46798,753,0
40.42627286911011,334986,3195536,3197900,3196080,871357,60040,753,0
40.42627286911011,334987,2852924,2849656,2853432,715895,45736,753,0
40.42627286911011,334988,3398000,3398704,3398581,770065,44896,753,0
40.42627286911011,334989,3240824,3241928,3241402,788232,46798,753,0
40.547508001327515,334986,3195536,3197900,3196080,871357,60040,753,0
40.547508001327515,334987,2826508,2826744,2827016,716552,45973,753,0
40.547508001327515,334988,3383888,3384752,3384469,770065,44896,753,0
40.547508001327515,334989,3223336,3225288,3223914,788232,46798,753,0
40.667428970336914,334986,3195536,3197900,3196080,871357,60040,753,0
40.667428970336914,334987,2820516,2827000,2821024,719166,46562,753,0
40.667428970336914,334988,3380900,3383344,3381481,770065,44896,753,0
40.667428970336914,334989,3222512,3225288,3223090,788232,46798,753,0
40.787853956222534,334986,3195536,3197900,3196080,871357,60040,753,0
40.787853956222534,334987,2840552,2847352,2841060,723276,47304,753,0
40.787853956222534,334988,3380900,3383344,3381481,770065,44896,753,0
40.787853956222534,334989,3222512,3225288,3223090,788232,46798,753,0
40.91086483001709,334986,3195536,3197900,3196080,871357,60040,753,0
40.91086483001709,334987,2846720,2850168,2847228,724661,47668,753,0
40.91086483001709,334988,3380900,3383344,3381481,770065,44896,753,0
40.91086483001709,334989,3222512,3225288,3223090,788232,46798,753,0
41.034857988357544,334986,3195536,3197900,3196080,871357,60040,753,0
41.034857988357544,334987,2852704,2855416,2853212,725884,47941,753,0
41.034857988357544,334988,3380900,3383344,3381481,770065,44896,753,0
41.034857988357544,334989,3222512,3225288,3223090,788232,46798,753,0
41.160642862319946,334986,3195536,3197900,3196080,871357,60040,753,0
41.160642862319946,334987,2860732,2863352,2861240,727531,48264,753,0
41.160642862319946,334988,3380900,3383344,3381481,770065,44896,753,0
41.160642862319946,334989,3222512,3225288,3223090,788232,46798,753,0
41.28755497932434,334986,3195536,3197900,3196080,871357,60040,753,0
41.28755497932434,334987,2866280,2870904,2866788,728691,48478,753,0
41.28755497932434,334988,3380900,3383344,3381481,770065,44896,753,0
41.28755497932434,334989,3222512,3225288,3223090,788232,46798,753,0
41.416409969329834,334986,3195536,3197900,3196080,871357,60040,753,0
41.416409969329834,334987,2880452,2883448,2880960,731761,49001,753,0
41.416409969329834,334988,3380900,3383344,3381481,770065,44896,753,0
41.416409969329834,334989,3222512,3225288,3223090,788232,46798,753,0
41.545538902282715,334986,3195536,3197900,3196080,871357,60040,753,0
41.545538902282715,334987,2898448,2902520,2898956,735633,49627,753,0
41.545538902282715,334988,3380900,3383344,3381481,770065,44896,753,0
41.545538902282715,334989,3222512,3225288,3223090,788232,46798,753,0
41.677143812179565,334986,3195536,3197900,3196080,871357,60040,753,0
41.677143812179565,334987,2915180,2918008,2915688,739222,50212,753,0
41.677143812179565,334988,3380900,3383344,3381481,770065,44896,753,0
41.677143812179565,334989,3222512,3223752,3223090,788232,46798,753,0
41.811911821365356,334986,3195536,3197900,3196080,871357,60040,753,0
41.811911821365356,334987,2911200,2912632,2911708,739253,50303,753,0
41.811911821365356,334988,3370428,3369776,3371009,770065,44896,753,0
41.811911821365356,334989,3202868,3202504,3203446,788232,46798,753,0
41.95134997367859,334986,3195536,3197900,3196080,871357,60040,753,0
41.95134997367859,334987,2897484,2898040,2897992,739390,50373,753,0
41.95134997367859,334988,3348552,3348400,3349133,770065,44896,753,0
41.95134997367859,334989,3184392,3185864,3184970,788232,46798,753,0
42.09579086303711,334986,3195536,3197772,3196080,871357,60040,753,0
42.09579086303711,334987,2882876,2885624,2883384,739392,50394,753,0
42.09579086303711,334988,3325956,3327152,3326537,770065,44896,753,0
42.09579086303711,334989,3174620,3175752,3175198,788232,46798,753,0
42.225791931152344,334986,3193920,3195468,3194464,871357,60040,753,0
42.225791931152344,334987,2897812,2903160,2898320,742342,50834,753,0
42.225791931152344,334988,3315696,3316656,3316277,770065,44896,753,0
42.225791931152344,334989,3169672,3172168,3170250,788232,46798,753,0
42.34839487075806,334986,3188980,3190476,3189524,871357,60040,753,0
42.34839487075806,334987,2902540,2905336,2903048,743619,51077,753,0
42.34839487075806,334988,3308760,3311664,3309341,770065,44896,753,0
42.34839487075806,334989,3167284,3169992,3167862,788232,46798,753,0
42.4703688621521,334986,3188112,3190476,3188656,871357,60040,753,0
42.4703688621521,334987,2902872,2905592,2903380,743628,51141,753,0
42.4703688621521,334988,3308760,3311664,3309341,770065,44896,753,0
42.4703688621521,334989,3167284,3169992,3167862,788232,46798,753,0
42.59455990791321,334986,3188112,3190476,3188656,871357,60040,753,0
42.59455990791321,334987,2915744,2922744,2916252,746096,51688,753,0
42.59455990791321,334988,3308760,3311664,3309341,770065,44896,753,0
42.59455990791321,334989,3167284,3169992,3167862,788232,46798,753,0
42.72029495239258,334986,3188112,3190476,3188656,871357,60040,753,0
42.72029495239258,334987,2924988,2930296,2925496,748134,52179,753,0
42.72029495239258,334988,3308760,3311664,3309341,770065,44896,753,0
42.72029495239258,334989,3167284,3169992,3167862,788232,46798,753,0
42.84784388542175,334986,3188112,3190476,3188656,871357,60040,753,0
42.84784388542175,334987,2930680,2933368,2931188,749220,52500,753,0
42.84784388542175,334988,3308760,3311664,3309341,770065,44896,753,0
42.84784388542175,334989,3167284,3169992,3167862,788232,46798,753,0
42.97633385658264,334986,3188112,3190476,3188656,871357,60040,753,0
42.97633385658264,334987,2934104,2936824,2934612,749710,52657,753,0
42.97633385658264,334988,3308760,3311664,3309341,770065,44896,753,0
42.97633385658264,334989,3167284,3169992,3167862,788232,46798,753,0
43.10696983337402,334986,3188112,3190476,3188656,871357,60040,753,0
43.10696983337402,334987,2947488,2950520,2947996,752289,53091,753,0
43.10696983337402,334988,3308760,3311664,3309341,770065,44896,753,0
43.10696983337402,334989,3172136,3178440,3172714,789253,46959,753,0
43.2387809753418,334986,3188112,3190476,3188656,871357,60040,753,0
43.2387809753418,334987,2959380,2963960,2959888,755303,53607,753,0
43.2387809753418,334988,3308760,3311664,3309341,770065,44896,753,0
43.2387809753418,334989,3186952,3192008,3187530,792464,47458,753,0
43.37274789810181,334986,3188112,3190476,3188656,871357,60040,753,0
43.37274789810181,334987,2979760,2984824,2980268,759388,54247,753,0
43.37274789810181,334988,3304968,3305648,3305549,770065,44896,753,0
43.37274789810181,334989,3187780,3190216,3188358,793817,47741,753,0
43.50731587409973,334986,3172548,3170764,3173092,871357,60040,753,0
43.50731587409973,334987,2987920,2991096,2988428,761311,54528,753,0
43.50731587409973,334988,3288508,3288880,3289089,770065,44896,753,0
43.50731587409973,334989,3170680,3171144,3171258,793841,47805,753,0
43.64952993392944,334986,3150940,3149388,3151484,871357,60040,753,0
43.64952993392944,334987,2995076,2998136,2995584,762929,54760,753,0
43.64952993392944,334988,3271724,3272752,3272305,770065,44896,753,0
43.64952993392944,334989,3152340,3153480,3152918,793845,47832,753,0
43.80273485183716,334986,3141260,3143244,3141804,871357,60040,753,0
43.80273485183716,334987,3002056,3005304,3002564,764464,54979,753,0
43.80273485183716,334988,3255856,3256880,3256437,770065,44896,753,0
43.80273485183716,334989,3140800,3143368,3141378,794363,47980,753,0
43.953571796417236,334986,3128200,3130700,3128744,871357,60040,753,0
43.953571796417236,334987,3023552,3031288,3024060,767793,55461,753,0
43.953571796417236,334988,3249624,3252400,3250205,770069,44921,753,0
43.953571796417236,334989,3155348,3161800,3155926,798483,48892,753,0
44.15145301818848,334986,3128200,3130700,3128744,871357,60040,753,0
44.15145301818848,334987,3085832,3096184,3086340,781200,57403,753,0
44.15145301818848,334988,3253076,3259824,3253657,770708,45127,753,0
44.15145301818848,334989,3162108,3170120,3162686,799935,49346,753,0
44.335901975631714,334986,3141056,3146700,3141600,873957,60577,753,0
44.335901975631714,334987,3149308,3159800,3149816,795197,59416,753,0
44.335901975631714,334988,3264536,3267504,3265117,773070,45644,753,0
44.335901975631714,334989,3171212,3173960,3171790,801746,49821,753,0
44.52327084541321,334986,3154660,3158348,3155204,876739,61180,753,0
44.52327084541321,334987,3182196,3184888,3182704,803862,60733,753,0
44.52327084541321,334988,3271428,3277232,3272009,774351,45997,753,0
44.52327084541321,334989,3178992,3183176,3179570,802652,50041,753,0
44.71599197387695,334986,3162812,3167308,3163356,878399,61559,753,0
44.71599197387695,334987,3190812,3195768,3191320,805213,61124,753,0
44.71599197387695,334988,3275228,3278256,3275809,775190,46201,753,0
44.71599197387695,334989,3199428,3203400,3200006,807512,50853,753,0
44.91235685348511,334986,3167832,3171148,3168376,879500,61805,753,0
44.91235685348511,334987,3204520,3209720,3205028,807843,61732,753,0
44.91235685348511,334988,3289824,3297968,3290405,778143,46778,753,0
44.91235685348511,334989,3254924,3268424,3255502,818849,52526,753,0
45.10734701156616,334986,3177184,3179596,3177728,881394,62249,753,0
45.10734701156616,334987,3214352,3217016,3214860,810316,62339,753,0
45.10734701156616,334988,3310656,3320752,3311237,782308,47473,753,0
45.10734701156616,334989,3305664,3315016,3306242,830301,54165,753,0
45.23875594139099,334986,3177184,3179596,3177728,881394,62249,753,0
45.23875594139099,334987,3214352,3217016,3214860,810316,62339,753,0
45.23875594139099,334988,3355820,3359664,3356401,792794,48970,753,0
45.23875594139099,334989,3338568,3343560,3339146,838593,55495,753,0
45.372466802597046,334986,3171356,3173708,3171900,881394,62249,753,0
45.372466802597046,334987,3194040,3196536,3194548,810316,62339,753,0
45.372466802597046,334988,3322092,3323952,3322673,795297,49333,753,0
45.372466802597046,334989,3326096,3329480,3326674,841799,56159,753,0
45.51147794723511,334986,3170768,3173324,3171312,881394,62249,753,0
45.51147794723511,334987,3173584,3175928,3174092,810316,62339,753,0
45.51147794723511,334988,3290776,3291824,3291357,797050,49588,753,0
45.51147794723511,334989,3304612,3309000,3305190,844210,56652,753,0
45.65005588531494,334986,3168440,3171020,3168984,881401,62253,753,0
45.65005588531494,334987,3148632,3150712,3149140,810316,62339,753,0
45.65005588531494,334988,3250848,3252400,3251429,798979,49866,753,0
45.65005588531494,334989,3292972,3296328,3293550,846535,57279,753,0
45.79011392593384,334986,3168880,3171404,3169424,881484,62280,753,0
45.79011392593384,334987,3125624,3128184,3126132,810316,62339,753,0
45.79011392593384,334988,3209068,3210032,3209649,801088,50167,753,0
45.79011392593384,334989,3277728,3280584,3278306,848128,57689,753,0
45.92800283432007,334986,3169908,3172556,3170452,881663,62358,753,0
45.92800283432007,334987,3104172,3106808,3104680,810316,62339,753,0
45.92800283432007,334988,3168372,3170480,3168953,802958,50437,753,0
45.92800283432007,334989,3258124,3260488,3258702,849781,58088,753,0
46.06943488121033,334986,3173008,3175756,3173552,882242,62528,753,0
46.06943488121033,334987,3080836,3083640,3081344,810316,62339,753,0
46.06943488121033,334988,3146868,3152816,3147449,805898,50857,753,0
46.06943488121033,334989,3245512,3248968,3246090,851728,58616,753,0
46.19495701789856,334986,3173688,3176012,3174232,882390,62576,753,0
46.19495701789856,334987,3061336,3063928,3061844,810316,62339,753,0
46.19495701789856,334988,3168184,3172656,3168765,810705,51558,753,0
46.19495701789856,334989,3239752,3243208,3240330,853245,59031,753,0
46.31619381904602,334986,3173344,3175884,3173888,882406,62582,753,0
46.31619381904602,334987,3042028,3044856,3042536,810316,62339,753,0
46.31619381904602,334988,3188716,3194416,3189297,814848,52370,753,0
46.31619381904602,334989,3235564,3238216,3236142,854941,59459,753,0
46.4378228187561,334986,3174728,3177804,3175272,882614,62635,753,0
46.4378228187561,334987,3042028,3044856,3042536,810316,62339,753,0
46.4378228187561,334988,3217964,3224240,3218545,820679,53565,753,0
46.4378228187561,334989,3242028,3245256,3242606,856169,59787,753,0
46.646055936813354,334986,3177780,3180748,3178324,883188,62786,753,0
46.646055936813354,334987,3042028,3044856,3042536,810316,62339,753,0
46.646055936813354,334988,3240740,3244592,3241321,825552,54767,753,0
46.646055936813354,334989,3246700,3249736,3247278,857121,60085,753,0
46.85871696472168,334986,3182472,3187020,3183016,883947,62975,753,0
46.85871696472168,334987,3042028,3044856,3042536,810316,62339,753,0
46.85871696472168,334988,3254972,3259184,3255553,828507,55516,753,0
46.85871696472168,334989,3253188,3257288,3253766,857613,60224,753,0
47.07446789741516,334986,3189028,3191372,3189572,885617,63324,753,0
47.07446789741516,334987,3042028,3044856,3042536,810316,62339,753,0
47.07446789741516,334988,3274440,3277616,3275021,832417,56559,753,0
47.07446789741516,334989,3260588,3263176,3261166,859886,60808,753,0
47.27394986152649,334986,3189028,3191372,3189572,885617,63324,753,0
47.27394986152649,334987,3042028,3044856,3042536,810316,62339,753,0
47.27394986152649,334988,3282964,3287088,3283545,834065,57059,753,0
47.27394986152649,334989,3260588,3263176,3261166,859886,60808,753,0
47.4755699634552,334986,3189028,3191372,3189572,885617,63324,753,0
47.4755699634552,334987,3041420,3044216,3041928,810316,62339,753,0
47.4755699634552,334988,3291584,3294384,3292165,836096,57595,753,0
47.4755699634552,334989,3225956,3227336,3226534,859886,60808,753,0
47.614882946014404,334986,3188392,3190732,3188936,885617,63324,753,0
47.614882946014404,334987,3040068,3043064,3040576,810316,62339,753,0
47.614882946014404,334988,3261908,3264816,3262489,836424,57723,753,0
47.614882946014404,334989,3186852,3189576,3187430,859886,60808,753,0
47.7739679813385,334986,3182868,3181516,3183412,885617,63324,753,0
47.7739679813385,334987,3011072,3010808,3011580,810316,62339,753,0
47.7739679813385,334988,3263340,3266352,3263921,836698,57810,753,0
47.7739679813385,334989,3186768,3189576,3187346,859886,60808,753,0
47.905781984329224,334986,3156056,3157580,3156600,885617,63324,753,0
47.905781984329224,334987,2995072,2997112,2995580,810316,62339,753,0
47.905781984329224,334988,3264272,3266992,3264853,836919,57864,753,0
47.905781984329224,334989,3186768,3189576,3187346,859886,60808,753,0
48.026511907577515,334986,3137736,3138508,3138280,885617,63324,753,0
48.026511907577515,334987,2982480,2985336,2982988,810316,62339,753,0
48.026511907577515,334988,3264272,3266992,3264853,836919,57864,753,0
48.026511907577515,334989,3186768,3189576,3187346,859886,60808,753,0
48.15327787399292,334986,3135152,3137612,3135696,885617,63324,753,0
48.15327787399292,334987,2982480,2985336,2982988,810316,62339,753,0
48.15327787399292,334988,3264272,3266992,3264853,836919,57864,753,0
48.15327787399292,334989,3186768,3189576,3187346,859886,60808,753,0
48.28157091140747,334986,3135168,3137612,3135712,885617,63324,753,0
48.28157091140747,334987,2982480,2985336,2982988,810316,62339,753,0
48.28157091140747,334988,3264272,3266992,3264853,836919,57864,753,0
48.28157091140747,334989,3186768,3189576,3187346,859886,60808,753,0
48.411404848098755,334986,3135196,3137612,3135740,885617,63333,753,0
48.411404848098755,334987,2982480,2985336,2982988,810316,62339,753,0
48.411404848098755,334988,3264272,3266992,3264853,836919,57864,753,0
48.411404848098755,334989,3186768,3189576,3187346,859886,60808,753,0
48.54318284988403,334986,3135200,3137612,3135744,885617,63336,753,0
48.54318284988403,334987,2982480,2985336,2982988,810316,62339,753,0
48.54318284988403,334988,3264272,3266992,3264853,836919,57864,753,0
48.54318284988403,334989,3186768,3189576,3187346,859886,60808,753,0
48.67558789253235,334986,3135200,3137612,3135744,885617,63336,753,0
48.67558789253235,334987,2982480,2985336,2982988,810316,62339,753,0
48.67558789253235,334988,3264272,3266992,3264853,836919,57864,753,0
48.67558789253235,334989,3186768,3189576,3187346,859886,60808,753,0
48.80770683288574,334986,3135200,3137612,3135744,885617,63336,753,0
48.80770683288574,334987,2982480,2985336,2982988,810316,62339,753,0
48.80770683288574,334988,3264272,3266992,3264853,836919,57864,753,0
48.80770683288574,334989,3186768,3189576,3187346,859886,60808,753,0
48.940372943878174,334986,3135200,3137612,3135744,885617,63336,753,0
48.940372943878174,334987,2982480,2985336,2982988,810316,62339,753,0
48.940372943878174,334988,3264272,3266992,3264853,836919,57864,753,0
48.940372943878174,334989,3186768,3189576,3187346,859886,60808,753,0
49.07638597488403,334986,3123416,3121740,3123960,885617,63336,753,0
49.07638597488403,334987,2971648,2972536,2972156,810316,62339,753,0
49.07638597488403,334988,3264272,3266992,3264853,836919,57864,753,0
49.07638597488403,334989,3186768,3189576,3187346,859886,60808,753,0
49.19647979736328,334986,3086416,3085644,3086960,885617,63336,753,0
49.19647979736328,334987,2951152,2952056,2951660,810316,62339,753,0
49.19647979736328,334988,3264272,3266992,3264853,836919,57864,753,0
49.19647979736328,334989,3186768,3189576,3187346,859886,60808,753,0
49.318153858184814,334986,3065412,3067852,3065956,885617,63336,753,0
49.318153858184814,334987,2941536,2944376,2942044,810316,62339,753,0
49.318153858184814,334988,3264272,3266992,3264853,836919,57864,753,0
49.318153858184814,334989,3186768,3189576,3187346,859886,60808,753,0
49.437705993652344,334986,3065412,3067852,3065956,885617,63336,753,0
49.437705993652344,334987,2941536,2944376,2942044,810316,62339,753,0
49.437705993652344,334988,3264272,3266992,3264853,836919,57864,753,0
49.437705993652344,334989,3186768,3189576,3187346,859886,60808,753,0
49.56148886680603,334986,3065412,3067852,3065956,885617,63336,753,0
49.56148886680603,334987,2941536,2944376,2942044,810316,62339,753,0
49.56148886680603,334988,3264272,3266992,3264853,836919,57864,753,0
49.56148886680603,334989,3186768,3189576,3187346,859886,60808,753,0
49.68941688537598,334986,3065412,3067852,3065956,885617,63336,753,0
49.68941688537598,334987,2941536,2944376,2942044,810316,62339,753,0
49.68941688537598,334988,3264272,3266992,3264853,836919,57864,753,0
49.68941688537598,334989,3186768,3189576,3187346,859886,60808,753,0
49.81717300415039,334986,3065412,3067852,3065956,885617,63336,753,0
49.81717300415039,334987,2941536,2944376,2942044,810316,62339,753,0
49.81717300415039,334988,3264272,3266992,3264853,836919,57864,753,0
49.81717300415039,334989,3186768,3189576,3187346,859886,60808,753,0
49.9448778629303,334986,3065412,3067852,3065956,885617,63336,753,0
49.9448778629303,334987,2941536,2944376,2942044,810316,62339,753,0
49.9448778629303,334988,3264272,3266992,3264853,836919,57864,753,0
49.9448778629303,334989,3186768,3189576,3187346,859886,60808,753,0
50.07594084739685,334986,3065412,3067852,3065956,885617,63336,753,0
50.07594084739685,334987,2941536,2944376,2942044,810316,62339,753,0
50.07594084739685,334988,3264272,3266992,3264853,836919,57864,753,0
50.07594084739685,334989,3186768,3189576,3187346,859886,60808,753,0
50.208534955978394,334986,3065412,3067852,3065956,885617,63336,753,0
50.208534955978394,334987,2941536,2944376,2942044,810316,62339,753,0
50.208534955978394,334988,3264272,3266992,3264853,836919,57864,753,0
50.208534955978394,334989,3186768,3189576,3187346,859886,60808,753,0
50.340399980545044,334986,3065412,3067852,3065956,885617,63336,753,0
50.340399980545044,334987,2941536,2944376,2942044,810316,62339,753,0
50.340399980545044,334988,3264272,3266992,3264853,836919,57864,753,0
50.340399980545044,334989,3186768,3189576,3187346,859886,60808,753,0
50.47670292854309,334986,3065412,3067852,3065956,885617,63336,753,0
50.47670292854309,334987,2940312,2942200,2940820,810316,62339,753,0
50.47670292854309,334988,3264272,3266992,3264853,836919,57864,753,0
50.47670292854309,334989,3186768,3189576,3187346,859886,60808,753,0
50.61165690422058,334986,3039296,3043016,3040098,885617,63336,753,0
50.61165690422058,334987,2921788,2923640,2922304,810316,62339,753,0
50.61165690422058,334988,3264224,3266992,3264810,836919,57864,753,0
50.61165690422058,334989,3186736,3189576,3187313,859886,60808,753,0
50.74501895904541,334986,3026004,3027860,3026924,886053,63949,753,0
50.74501895904541,334987,2908616,2910200,2909132,810316,62339,753,0
50.74501895904541,334988,3264224,3266992,3264810,836919,57864,753,0
50.74501895904541,334989,3186736,3189576,3187313,859886,60808,753,0
50.87890100479126,334986,0,0,0,886229,64200,0,0
50.87890100479126,334987,2890368,2893048,2890887,810316,62339,753,0
50.87890100479126,334988,3264268,3266992,3264960,836919,57864,753,0
50.87890100479126,334989,3186820,3189576,3187484,859886,60808,753,0
50.97389578819275,334986,0,0,0,886229,64200,0,0
50.97389578819275,334987,2890368,2893048,2890887,810316,62339,753,0
50.97389578819275,334988,3264268,3266992,3264960,836919,57864,753,0
50.97389578819275,334989,3186820,3189576,3187484,859886,60808,753,0
51.07076096534729,334986,0,0,0,886229,64200,0,0
51.07076096534729,334987,2890368,2893048,2890887,810316,62339,753,0
51.07076096534729,334988,3264268,3266992,3264960,836919,57864,753,0
51.07076096534729,334989,3186820,3189576,3187484,859886,60808,753,0
51.16895389556885,334986,0,0,0,886229,64200,0,0
51.16895389556885,334987,2890368,2893048,2890887,810316,62339,753,0
51.16895389556885,334988,3264268,3266992,3264960,836919,57864,753,0
51.16895389556885,334989,3186820,3189576,3187484,859886,60808,753,0
51.26987290382385,334986,0,0,0,886229,64200,0,0
51.26987290382385,334987,2890368,2893048,2890926,810316,62339,753,0
51.26987290382385,334988,3264280,3266992,3265008,836919,57864,753,0
51.26987290382385,334989,3186820,3189576,3187526,859886,60808,753,0
51.38719201087952,334987,2890368,2893048,2890926,810316,62339,753,0
51.38719201087952,334988,3264280,3266992,3265008,836919,57864,753,0
51.38719201087952,334989,3186820,3189576,3187526,859886,60808,753,0
51.492496967315674,334987,2890368,2893048,2890926,810316,62339,753,0
51.492496967315674,334988,3264280,3266992,3265008,836919,57864,753,0
51.492496967315674,334989,3186820,3189576,3187526,859886,60808,753,0
51.59820079803467,334987,2890368,2893048,2890926,810316,62339,753,0
51.59820079803467,334988,3264280,3266992,3265008,836919,57864,753,0
51.59820079803467,334989,3186820,3189576,3187526,859886,60808,753,0
51.70555400848389,334987,2890368,2893048,2890926,810316,62339,753,0
51.70555400848389,334988,3264280,3266992,3265008,836919,57864,753,0
51.70555400848389,334989,3186820,3189576,3187526,859886,60808,753,0
51.81457591056824,334987,2890368,2893048,2890926,810316,62339,753,0
51.81457591056824,334988,3264280,3266992,3265008,836919,57864,753,0
51.81457591056824,334989,3186820,3189576,3187526,859886,60808,753,0
51.925719022750854,334987,2890368,2893048,2890926,810316,62339,753,0
51.925719022750854,334988,3264280,3266992,3265008,836919,57864,753,0
51.925719022750854,334989,3186820,3189576,3187526,859886,60808,753,0
52.037946939468384,334987,2890368,2893048,2890926,810316,62339,753,0
52.037946939468384,334988,3264280,3266992,3265008,836919,57864,753,0
52.037946939468384,334989,3186820,3189576,3187526,859886,60808,753,0
52.1314640045166,334987,2890368,2893048,2890926,810316,62339,753,0
52.1314640045166,334988,3264280,3266992,3265008,836919,57864,753,0
52.1314640045166,334989,3186820,3189576,3187526,859886,60808,753,0
52.2246778011322,334987,2890368,2893048,2890926,810316,62339,753,0
52.2246778011322,334988,3264280,3266992,3265008,836919,57864,753,0
52.2246778011322,334989,3186820,3189576,3187526,859886,60808,753,0
52.317646980285645,334987,2890448,2893048,2891006,810319,62347,753,0
52.317646980285645,334988,3264280,3266992,3265008,836919,57864,753,0
52.317646980285645,334989,3186820,3189576,3187526,859886,60808,753,0
52.41353797912598,334987,2890468,2893048,2891026,810320,62359,753,0
52.41353797912598,334988,3264280,3266992,3265008,836919,57864,753,0
52.41353797912598,334989,3186820,3189576,3187526,859886,60808,753,0
52.51077699661255,334987,2890468,2893048,2891026,810320,62360,753,0
52.51077699661255,334988,3264280,3266992,3265008,836919,57864,753,0
52.51077699661255,334989,3186820,3189576,3187526,859886,60808,753,0
52.60810089111328,334987,2890468,2893048,2891026,810320,62360,753,0
52.60810089111328,334988,3264280,3266992,3265008,836919,57864,753,0
52.60810089111328,334989,3186820,3189576,3187526,859886,60808,753,0
52.70781683921814,334987,2890468,2893048,2891026,810320,62360,753,0
52.70781683921814,334988,3264280,3266992,3265008,836919,57864,753,0
52.70781683921814,334989,3186820,3189576,3187526,859886,60808,753,0
52.80885195732117,334987,2890468,2893048,2891026,810320,62360,753,0
52.80885195732117,334988,3264280,3266992,3265008,836919,57864,753,0
52.80885195732117,334989,3186820,3189576,3187526,859886,60808,753,0
52.911781787872314,334987,2890468,2893048,2891026,810320,62360,753,0
52.911781787872314,334988,3264280,3266992,3265008,836919,57864,753,0
52.911781787872314,334989,3186820,3189576,3187526,859886,60808,753,0
53.01732802391052,334987,2890468,2893048,2891026,810320,62360,753,0
53.01732802391052,334988,3264280,3266992,3265008,836919,57864,753,0
53.01732802391052,334989,3186836,3189576,3187542,859888,60810,753,0
53.12614679336548,334987,2890468,2893048,2891026,810320,62360,753,0
53.12614679336548,334988,3264280,3266992,3265008,836919,57864,753,0
53.12614679336548,334989,3186892,3189576,3187598,859893,60819,753,0
53.23652791976929,334987,2890468,2893048,2891026,810320,62360,753,0
53.23652791976929,334988,3264280,3266992,3265008,836919,57864,753,0
53.23652791976929,334989,3186904,3189576,3187610,859894,60821,753,0
53.34859800338745,334987,2890468,2893048,2891026,810320,62360,753,0
53.34859800338745,334988,3264280,3266992,3265008,836919,57864,753,0
53.34859800338745,334989,3186904,3189576,3187610,859894,60821,753,0
53.462307929992676,334987,2890468,2893048,2891026,810320,62360,753,0
53.462307929992676,334988,3264280,3266992,3265008,836919,57864,753,0
53.462307929992676,334989,3186904,3189576,3187610,859894,60821,753,0
53.57775592803955,334987,2890468,2893048,2891026,810320,62360,753,0
53.57775592803955,334988,3264280,3266992,3265008,836919,57864,753,0
53.57775592803955,334989,3186904,3189576,3187610,859894,60821,753,0
53.694113969802856,334987,2890468,2893048,2891026,810320,62360,753,0
53.694113969802856,334988,3264280,3266992,3265008,836919,57864,753,0
53.694113969802856,334989,3186904,3189576,3187610,859894,60821,753,0
53.81230187416077,334987,2890468,2893048,2891026,810320,62360,753,0
53.81230187416077,334988,3264280,3266992,3265008,836919,57864,753,0
53.81230187416077,334989,3186904,3189576,3187610,859894,60821,753,0
53.931641817092896,334987,2890468,2893048,2891026,810320,62360,753,0
53.931641817092896,334988,3264280,3266992,3265008,836919,57864,753,0
53.931641817092896,334989,3186904,3189576,3187610,859894,60821,753,0
54.05344200134277,334987,2890468,2893048,2891026,810320,62360,753,0
54.05344200134277,334988,3264280,3266992,3265008,836919,57864,753,0
54.05344200134277,334989,3186904,3189576,3187610,859894,60821,753,0
54.17591691017151,334987,2890468,2893048,2891026,810320,62360,753,0
54.17591691017151,334988,3264296,3266992,3265024,836920,57867,753,0
54.17591691017151,334989,3186904,3189576,3187610,859894,60821,753,0
54.30022597312927,334987,2890468,2893048,2891026,810320,62360,753,0
54.30022597312927,334988,3264312,3266992,3265040,836921,57870,753,0
54.30022597312927,334989,3186904,3189576,3187610,859894,60821,753,0
54.42467498779297,334987,2890468,2893048,2891026,810320,62360,753,0
54.42467498779297,334988,3264312,3266992,3265040,836921,57870,753,0
54.42467498779297,334989,3186904,3189576,3187608,859894,60821,753,0
54.57838296890259,334987,0,0,0,811102,63053,0,0
54.57838296890259,334988,3264412,3266992,3265238,836921,57870,753,0
54.57838296890259,334989,3186972,3189576,3187792,859894,60821,753,0
54.682353019714355,334987,0,0,0,811102,63053,0,0
54.682353019714355,334988,3264412,3266992,3265238,836921,57870,753,0
54.682353019714355,334989,3186972,3189576,3187792,859894,60821,753,0
54.78677582740784,334987,0,0,0,811102,63053,0,0
54.78677582740784,334988,3264412,3266992,3265238,836921,57870,753,0
54.78677582740784,334989,3186972,3189576,3187792,859894,60821,753,0
54.89290690422058,334987,0,0,0,811102,63053,0,0
54.89290690422058,334988,3264412,3266992,3265238,836921,57870,753,0
54.89290690422058,334989,3186972,3189576,3187792,859894,60821,753,0
55.00156879425049,334987,0,0,0,811102,63053,0,0
55.00156879425049,334988,3264424,3266992,3265322,836921,57870,753,0
55.00156879425049,334989,3186972,3189576,3187870,859894,60821,753,0
55.06852102279663,334988,3264424,3266992,3265322,836921,57870,753,0
55.06852102279663,334989,3186972,3189576,3187870,859894,60821,753,0
55.13434600830078,334988,3264424,3266992,3265322,836921,57870,753,0
55.13434600830078,334989,3186972,3189576,3187870,859894,60821,753,0
55.199357986450195,334988,3264424,3266992,3265322,836921,57870,753,0
55.199357986450195,334989,3186972,3189576,3187870,859894,60821,753,0
55.264378786087036,334988,3264424,3266992,3265322,836921,57870,753,0
55.264378786087036,334989,3186972,3189576,3187870,859894,60821,753,0
55.329530000686646,334988,3264424,3266992,3265322,836921,57870,753,0
55.329530000686646,334989,3186972,3189576,3187870,859894,60821,753,0
55.394537925720215,334988,3264424,3266992,3265322,836921,57870,753,0
55.394537925720215,334989,3186972,3189576,3187870,859894,60821,753,0
55.46007680892944,334988,3264424,3266992,3265322,836921,57870,753,0
55.46007680892944,334989,3186972,3189576,3187870,859894,60821,753,0
55.526885986328125,334988,3264424,3266992,3265322,836921,57870,753,0
55.526885986328125,334989,3186972,3189576,3187870,859894,60821,753,0
55.5948588848114,334988,3264424,3266992,3265322,836921,57870,753,0
55.5948588848114,334989,3186972,3189576,3187870,859894,60821,753,0
55.66454482078552,334988,3264424,3266992,3265322,836921,57870,753,0
55.66454482078552,334989,3186972,3189576,3187870,859894,60821,753,0
55.73499894142151,334988,3264424,3266992,3265322,836921,57870,753,0
55.73499894142151,334989,3186972,3189576,3187870,859894,60821,753,0
55.80672478675842,334988,3264424,3266992,3265322,836921,57870,753,0
55.80672478675842,334989,3186972,3189576,3187870,859894,60821,753,0
55.880553007125854,334988,3264424,3266992,3265322,836921,57870,753,0
55.880553007125854,334989,3186972,3189576,3187870,859894,60821,753,0
55.95501685142517,334988,3264424,3266992,3265322,836921,57870,753,0
55.95501685142517,334989,3186972,3189576,3187870,859894,60821,753,0
56.030925989151,334988,3264424,3266992,3265322,836921,57870,753,0
56.030925989151,334989,3186972,3189576,3187870,859894,60821,753,0
56.109130859375,334988,3264424,3266992,3265322,836921,57870,753,0
56.109130859375,334989,3186972,3189576,3187870,859894,60821,753,0
56.18691301345825,334988,3264424,3266992,3265322,836921,57870,753,0
56.18691301345825,334989,3186972,3189576,3187870,859894,60821,753,0
56.267743825912476,334988,3264424,3266992,3265322,836921,57870,753,0
56.267743825912476,334989,3186972,3189576,3187870,859894,60821,753,0
56.35024094581604,334988,3264340,3266992,3265280,836921,57870,753,0
56.35024094581604,334989,0,0,0,860668,61516,0,0
56.40679883956909,334988,3265708,3266992,3265964,836921,57870,753,0
56.40679883956909,334989,0,0,0,860668,61516,0,0
56.46550989151001,334988,3265708,3266992,3265964,836921,57870,753,0
56.46550989151001,334989,0,0,0,860668,61516,0,0
56.52508783340454,334988,3265708,3266992,3265964,836921,57870,753,0
56.52508783340454,334989,0,0,0,860668,61516,0,0
56.58600091934204,334988,3265708,3266992,3265964,836921,57870,753,0
56.58600091934204,334989,0,0,0,860668,61516,0,0
56.64678382873535,334988,3265708,3266992,3265964,836921,57870,753,0
56.64678382873535,334989,0,0,0,860668,61516,0,0
56.71007299423218,334988,3265708,3266992,3265964,836921,57870,753,0
56.71007299423218,334989,0,0,0,860668,61516,0,0
56.773247957229614,334988,3266088,3266992,3266188,836921,57870,753,0
56.773247957229614,334989,0,0,0,860668,61516,0,0
56.838231801986694,334988,3266088,3266992,3266188,836921,57870,753,0
56.838231801986694,334989,0,0,0,860668,61516,0,0
56.90295386314392,334988,3266088,3266992,3266188,836921,57870,753,0
56.90295386314392,334989,0,0,0,860668,61516,0,0
56.968708992004395,334988,3266088,3266992,3266188,836921,57870,753,0
56.968708992004395,334989,0,0,0,860668,61516,0,0
57.03474283218384,334988,3266088,3266992,3266188,836921,57870,753,0
57.03474283218384,334989,0,0,0,860668,61516,0,0
57.10213899612427,334988,3266088,3266992,3266188,836921,57870,753,0
57.10213899612427,334989,0,0,0,860668,61516,0,0
57.17229700088501,334988,3266088,3266992,3266188,836921,57870,753,0
57.17229700088501,334989,0,0,0,860668,61516,0,0
57.24334979057312,334988,3266088,3266992,3266188,836921,57870,753,0
57.24334979057312,334989,0,0,0,860668,61516,0,0
57.316640853881836,334988,3266088,3266992,3266188,836921,57870,753,0
57.316640853881836,334989,0,0,0,860668,61516,0,0
57.39108490943909,334988,3266088,3266992,3266188,836921,57870,753,0
57.39108490943909,334989,0,0,0,860668,61516,0,0
57.46607685089111,334988,3266088,3266992,3266188,836921,57870,753,0
57.46607685089111,334989,0,0,0,860668,61516,0,0
57.54288101196289,334988,3266088,3266992,3266188,836921,57870,753,0
57.54288101196289,334989,0,0,0,860668,61516,0,0
57.621017932891846,334988,3266088,3266992,3266188,836921,57870,753,0
57.621017932891846,334989,0,0,0,860668,61516,0,0
57.700721979141235,334988,3266088,3266992,3266188,836921,57870,753,0
57.700721979141235,334989,0,0,0,860668,61516,0,0
57.77920484542847,334988,3266088,3266992,3266188,836921,57870,753,0
57.77920484542847,334989,0,0,0,860668,61516,0,0
57.85945796966553,334988,3275028,3279256,3275384,836921,57870,753,0
57.85945796966553,334989,0,0,0,860668,61516,0,0
57.96939182281494,334988,0,0,0,837691,58566,0,0
57.96939182281494,334989,0,0,0,860668,61516,0,0
58.02901792526245,334988,0,0,0,837691,58566,0,0
58.02901792526245,334989,0,0,0,860668,61516,0,0
58.090553998947144,334988,0,0,0,837691,58566,0,0
58.090553998947144,334989,0,0,0,860668,61516,0,0
58.152485847473145,334988,0,0,0,837691,58566,0,0
58.152485847473145,334989,0,0,0,860668,61516,0,0
58.21493601799011,334988,0,0,0,837691,58566,0,0
58.21493601799011,334989,0,0,0,860668,61516,0,0
58.27891778945923,334988,0,0,0,837691,58566,0,0
58.27891778945923,334989,0,0,0,860668,61516,0,0
58.34425187110901,334988,0,0,0,837691,58566,0,0
58.34425187110901,334989,0,0,0,860668,61516,0,0
