elapsed_s,pid,uss,rss,pss,min_flt,maj_flt,oom,oomadj
2.953044891357422,347329,78304,85516,81966,8223,0,668,0
2.953044891357422,347338,2580,9184,5976,817,0,666,0
2.980375051498413,347329,75496,85516,80561,8223,0,668,0
2.980375051498413,347338,3876,13864,8900,1136,0,666,0
3.0189359188079834,347329,74036,85516,79822,8223,0,668,0
3.0189359188079834,347338,4068,15128,9618,1220,0,666,0
3.0644428730010986,347329,72868,85516,79234,8223,0,668,0
3.0644428730010986,347338,4180,16500,10322,1339,0,666,0
3.0908310413360596,347329,74212,87564,80930,8224,0,668,0
3.0908310413360596,347338,4584,17408,11078,1473,0,666,0
3.116415023803711,347329,73236,87564,80442,8224,0,668,0
3.116415023803711,347338,4648,18620,11630,1535,0,666,0
3.175140857696533,347329,72548,87564,80099,8224,0,668,0
3.175140857696533,347338,4812,19316,12133,1689,0,666,0
3.208997964859009,347329,51176,87564,69346,8224,0,668,0
3.208997964859009,347338,11392,52388,31688,3827,0,667,0
3.236762046813965,347329,45896,87564,66706,8224,0,668,0
3.236762046813965,347338,14492,56000,35302,4625,0,667,0
3.27580189704895,347329,45832,87564,66674,8224,0,668,0
3.27580189704895,347338,17368,58944,38180,5345,0,667,0
3.3064050674438477,347329,45832,87564,66674,8224,0,668,0
3.3064050674438477,347338,18256,59840,39068,5567,0,667,0
3.331784963607788,347329,45832,87564,66674,8224,0,668,0
3.331784963607788,347338,19648,61120,40460,5915,0,667,0
3.3588709831237793,347329,47816,89612,68690,8225,0,668,0
3.3588709831237793,347338,22952,64616,43796,6778,0,667,0
3.421401023864746,347329,47624,89612,68594,8225,0,668,0
3.421401023864746,347338,30348,72276,51288,7162,0,668,0
3.45639705657959,347329,47624,89612,68594,8225,0,668,0
3.45639705657959,347338,31072,72916,52012,7351,0,668,0
3.4835598468780518,347329,47624,89612,68594,8225,0,668,0
3.4835598468780518,347338,31260,73172,52200,7398,0,668,0
3.530470848083496,347329,47624,89612,68594,8225,0,668,0
3.530470848083496,347338,31356,73172,52296,7422,0,668,0
3.557209014892578,347329,47624,89612,68594,8225,0,668,0
3.557209014892578,347338,31440,73300,52380,7443,0,668,0
3.593665838241577,347329,47624,89612,68594,8225,0,668,0
3.593665838241577,347338,35660,77588,56600,7477,0,668,0
3.6185648441314697,347329,47624,89612,68594,8225,0,668,0
3.6185648441314697,347338,35736,77588,56676,7496,0,668,0
3.666991949081421,347329,47624,89612,68594,8225,0,668,0
3.666991949081421,347338,28656,70700,49596,7496,0,668,0
3.6960959434509277,347329,47624,89612,68594,8225,0,668,0
3.6960959434509277,347338,28928,70828,49868,7564,0,668,0
3.7492969036102295,347329,47624,89612,68594,8225,0,668,0
3.7492969036102295,347338,29240,71084,50180,7642,0,668,0
3.777108907699585,347329,47624,89612,68594,8225,0,668,0
3.777108907699585,347338,28880,70780,49820,7719,0,668,0
3.7950289249420166,347329,47624,89612,68594,8225,0,668,0
3.7950289249420166,347338,28880,70780,49820,7719,0,668,0
3.8118388652801514,347329,47624,89612,68594,8225,0,668,0
3.8118388652801514,347338,28880,70780,49820,7719,0,668,0
3.829406976699829,347329,47624,89612,68594,8225,0,668,0
3.829406976699829,347338,28880,70780,49820,7719,0,668,0
3.8467118740081787,347329,47624,89612,68594,8225,0,668,0
3.8467118740081787,347338,28880,70780,49820,7719,0,668,0
3.863787889480591,347329,49672,91660,70642,8226,0,668,0
3.863787889480591,347338,29112,71036,50052,7777,0,668,0
3.8814899921417236,347329,49672,91660,70642,8226,0,668,0
3.8814899921417236,347338,29452,71292,50392,7862,0,668,0
3.898939847946167,347329,49672,91660,70642,8226,0,668,0
3.898939847946167,347338,29452,71292,50392,7862,0,668,0
3.916693925857544,347329,49672,91660,70642,8226,0,668,0
3.916693925857544,347338,29452,71292,50392,7862,0,668,0
3.9341180324554443,347329,49672,91660,70642,8226,0,668,0
3.9341180324554443,347338,29452,71292,50392,7862,0,668,0
3.950371026992798,347329,49672,91660,70642,8226,0,668,0
3.950371026992798,347338,29452,71292,50392,7862,0,668,0
3.966547966003418,347329,49672,91660,70642,8226,0,668,0
3.966547966003418,347338,29452,71292,50392,7862,0,668,0
3.982393980026245,347329,49672,91660,70642,8226,0,668,0
3.982393980026245,347338,29452,71292,50392,7862,0,668,0
3.998323917388916,347329,51720,93708,72690,8227,0,668,0
3.998323917388916,347338,29452,71292,50392,7862,0,668,0
4.014373064041138,347329,51720,93708,72690,8227,0,668,0
4.014373064041138,347338,29452,71292,50392,7862,0,668,0
4.030268907546997,347329,51720,93708,72690,8227,0,668,0
4.030268907546997,347338,29452,71292,50392,7862,0,668,0
4.0461390018463135,347329,51720,93708,72690,8227,0,668,0
4.0461390018463135,347338,29452,71292,50392,7862,0,668,0
4.064686059951782,347329,51720,93708,72690,8227,0,668,0
4.064686059951782,347338,29452,71292,50392,7862,0,668,0
4.080549955368042,347329,51720,93708,72690,8227,0,668,0
4.080549955368042,347338,29452,71292,50392,7862,0,668,0
4.096344947814941,347329,51720,93708,72690,8227,0,668,0
4.096344947814941,347338,29452,71292,50392,7862,0,668,0
4.112340927124023,347329,51720,93708,72690,8227,0,668,0
4.112340927124023,347338,29452,71292,50392,7862,0,668,0
4.128237009048462,347329,51720,93708,72690,8227,0,668,0
4.128237009048462,347338,29452,71292,50392,7862,0,668,0
4.144152879714966,347329,51720,93708,72690,8227,0,668,0
4.144152879714966,347338,29452,71292,50392,7862,0,668,0
4.160030841827393,347329,51720,93708,72690,8227,0,668,0
4.160030841827393,347338,31500,73428,52440,7863,0,668,0
4.1762590408325195,347329,51720,93708,72690,8227,0,668,0
4.1762590408325195,347338,31500,73428,52440,7863,0,668,0
4.192292928695679,347329,51720,93708,72690,8227,0,668,0
4.192292928695679,347338,31500,73428,52440,7863,0,668,0
4.208245038986206,347329,51720,93708,72690,8227,0,668,0
4.208245038986206,347338,31500,73428,52440,7863,0,668,0
4.224204063415527,347329,51720,93708,72690,8227,0,668,0
4.224204063415527,347338,31500,73428,52440,7863,0,668,0
4.240043878555298,347329,51720,93708,72690,8227,0,668,0
4.240043878555298,347338,31500,73428,52440,7863,0,668,0
4.255943059921265,347329,51720,93708,72690,8227,0,668,0
4.255943059921265,347338,31500,73428,52440,7863,0,668,0
4.27181601524353,347329,51720,93708,72690,8227,0,668,0
4.27181601524353,347338,31500,73428,52440,7863,0,668,0
4.287636041641235,347329,51720,93708,72690,8227,0,668,0
4.287636041641235,347338,39020,80944,59960,8210,0,668,0
4.3038108348846436,347329,51720,93708,72690,8227,0,668,0
4.3038108348846436,347338,39020,80944,59960,8210,0,668,0
4.319849014282227,347329,53768,95756,74738,8228,0,668,0
4.319849014282227,347338,41068,82996,62008,8211,0,668,0
4.335815906524658,347329,53768,95756,74738,8228,0,668,0
4.335815906524658,347338,43116,85044,64056,8212,0,668,0
4.351834058761597,347329,53768,95756,74738,8228,0,668,0
4.351834058761597,347338,41704,83632,62644,8212,0,668,0
4.3677849769592285,347329,53768,95756,74738,8228,0,668,0
4.3677849769592285,347338,41704,83632,62644,8212,0,668,0
4.384135007858276,347329,53768,95756,74738,8228,0,668,0
4.384135007858276,347338,43752,85680,64692,8213,0,668,0
4.400148868560791,347329,53768,95756,74738,8228,0,668,0
4.400148868560791,347338,43752,85680,64692,8213,0,668,0
4.416035890579224,347329,53768,95756,74738,8228,0,668,0
4.416035890579224,347338,43752,85680,64692,8213,0,668,0
4.432044982910156,347329,53768,95756,74738,8228,0,668,0
4.432044982910156,347338,43752,85680,64692,8213,0,668,0
4.447895050048828,347329,55816,97804,76786,8229,0,668,0
4.447895050048828,347338,43752,85680,64692,8213,0,668,0
4.46372389793396,347329,55816,97804,76786,8229,0,668,0
4.46372389793396,347338,43752,85680,64692,8213,0,668,0
4.47957706451416,347329,55816,97804,76786,8229,0,668,0
4.47957706451416,347338,43752,85680,64692,8213,0,668,0
4.4953999519348145,347329,55816,97804,76786,8229,0,668,0
4.4953999519348145,347338,43752,85680,64692,8213,0,668,0
4.511267900466919,347329,55816,97804,76786,8229,0,668,0
4.511267900466919,347338,43752,85680,64692,8213,0,668,0
4.527192831039429,347329,55816,97804,76786,8229,0,668,0
4.527192831039429,347338,43752,85680,64692,8213,0,668,0
4.543148040771484,347329,55816,97804,76786,8229,0,668,0
4.543148040771484,347338,43752,85680,64692,8213,0,668,0
4.558949947357178,347329,55816,97804,76786,8229,0,668,0
4.558949947357178,347338,43752,85680,64692,8213,0,668,0
4.574848890304565,347329,55816,97804,76786,8229,0,668,0
4.574848890304565,347338,43752,85680,64692,8213,0,668,0
4.591050863265991,347329,55816,97804,76786,8229,0,668,0
4.591050863265991,347338,45800,87728,66740,8214,0,668,0
4.606986045837402,347329,55816,97804,76786,8229,0,668,0
4.606986045837402,347338,45800,87728,66740,8214,0,668,0
4.62290096282959,347329,55816,97804,76786,8229,0,668,0
4.62290096282959,347338,45800,87728,66740,8214,0,668,0
4.638895034790039,347329,55816,97804,76786,8229,0,668,0
4.638895034790039,347338,45800,87728,66740,8214,0,668,0
4.654783010482788,347329,55816,97804,76786,8229,0,668,0
4.654783010482788,347338,45800,87728,66740,8214,0,668,0
4.670580863952637,347329,55816,97804,76786,8229,0,668,0
4.670580863952637,347338,45800,87728,66740,8214,0,668,0
4.68664288520813,347329,55816,97804,76786,8229,0,668,0
4.68664288520813,347338,45800,87728,66740,8214,0,668,0
4.702415943145752,347329,55816,97804,76786,8229,0,668,0
4.702415943145752,347338,47848,89776,68788,8215,0,668,0
4.718363046646118,347329,55816,97804,76786,8229,0,668,0
4.718363046646118,347338,47848,89776,68788,8215,0,668,0
4.7343809604644775,347329,55816,97804,76786,8229,0,668,0
4.7343809604644775,347338,47848,89776,68788,8215,0,668,0
4.750324010848999,347329,57864,99852,78834,8230,0,668,0
4.750324010848999,347338,47848,89776,68788,8215,0,668,0
4.7662529945373535,347329,57864,99852,78834,8230,0,668,0
4.7662529945373535,347338,47848,89776,68788,8215,0,668,0
4.782168865203857,347329,57864,99852,78834,8230,0,668,0
4.782168865203857,347338,47848,89776,68788,8215,0,668,0
4.7983009815216064,347329,57864,99852,78834,8230,0,668,0
4.7983009815216064,347338,47848,89776,68788,8215,0,668,0
4.814213991165161,347329,57864,99852,78834,8230,0,668,0
4.814213991165161,347338,47848,89776,68788,8215,0,668,0
4.829972982406616,347329,57864,99852,78834,8230,0,668,0
4.829972982406616,347338,47848,89776,68788,8215,0,668,0
4.845830917358398,347329,57864,99852,78834,8230,0,668,0
4.845830917358398,347338,47848,89776,68788,8215,0,668,0
4.861692905426025,347329,57864,99852,78834,8230,0,668,0
4.861692905426025,347338,47848,89776,68788,8215,0,668,0
4.877588987350464,347329,57864,99852,78834,8230,0,668,0
4.877588987350464,347338,47848,89776,68788,8215,0,668,0
4.893326044082642,347329,57864,99852,78834,8230,0,668,0
4.893326044082642,347338,47848,89776,68788,8215,0,668,0
4.909131050109863,347329,57864,99852,78834,8230,0,668,0
4.909131050109863,347338,47848,89776,68788,8215,0,668,0
4.925114870071411,347329,57864,99852,78834,8230,0,668,0
4.925114870071411,347338,47848,89776,68788,8215,0,668,0
4.940965890884399,347329,57864,99852,78834,8230,0,668,0
4.940965890884399,347338,47848,89776,68788,8215,0,668,0
4.956799030303955,347329,57864,99852,78834,8230,0,668,0
4.956799030303955,347338,47848,89776,68788,8215,0,668,0
4.972862958908081,347329,57864,99852,78834,8230,0,668,0
4.972862958908081,347338,47848,89776,68788,8215,0,668,0
4.990325927734375,347329,57864,99852,78834,8230,0,668,0
4.990325927734375,347338,47848,89776,68788,8215,0,668,0
5.007806062698364,347329,57864,99852,78834,8230,0,668,0
5.007806062698364,347338,49896,91824,70836,8216,0,668,0
5.02468204498291,347329,57864,99852,78834,8230,0,668,0
5.02468204498291,347338,49896,91824,70836,8216,0,668,0
5.043619871139526,347329,57864,99852,78834,8230,0,668,0
5.043619871139526,347338,49896,91824,70836,8216,0,668,0
5.059937953948975,347329,57864,99852,78834,8230,0,668,0
5.059937953948975,347338,49896,91824,70836,8216,0,668,0
5.076488018035889,347329,57864,99852,78834,8230,0,668,0
5.076488018035889,347338,49896,91824,70836,8216,0,668,0
5.092927932739258,347329,57864,99852,78834,8230,0,668,0
5.092927932739258,347338,49896,91824,70836,8216,0,668,0
5.109482049942017,347329,57864,99852,78834,8230,0,668,0
5.109482049942017,347338,49896,91824,70836,8216,0,668,0
5.126030921936035,347329,57864,99852,78834,8230,0,668,0
5.126030921936035,347338,49896,93872,70836,8216,0,668,0
5.14264988899231,347329,57864,99852,78834,8230,0,668,0
5.14264988899231,347338,51944,93872,72884,8217,0,668,0
5.159581899642944,347329,57864,99852,78834,8230,0,668,0
5.159581899642944,347338,51944,93872,72884,8217,0,668,0
5.176507949829102,347329,59912,101900,80882,8231,0,668,0
5.176507949829102,347338,51944,93872,72884,8217,0,668,0
5.193289041519165,347329,59912,101900,80882,8231,0,668,0
5.193289041519165,347338,51944,93872,72884,8217,0,668,0
5.210471868515015,347329,59912,101900,80882,8231,0,668,0
5.210471868515015,347338,51944,93872,72884,8217,0,668,0
5.227200984954834,347329,59912,101900,80882,8231,0,668,0
5.227200984954834,347338,51944,93872,72884,8217,0,668,0
5.243844032287598,347329,59912,101900,80882,8231,0,668,0
5.243844032287598,347338,51944,93872,72884,8217,0,668,0
5.260548830032349,347329,59912,101900,80882,8231,0,668,0
5.260548830032349,347338,51944,93872,72884,8217,0,668,0
5.2777419090271,347329,59912,101900,80882,8231,0,668,0
5.2777419090271,347338,51944,93872,72884,8217,0,668,0
5.294407844543457,347329,59912,101900,80882,8231,0,668,0
5.294407844543457,347338,51944,93872,72884,8217,0,668,0
5.311318874359131,347329,61960,103948,82930,8232,0,668,0
5.311318874359131,347338,51944,93872,72884,8217,0,668,0
5.3287999629974365,347329,61960,103948,82930,8232,0,668,0
5.3287999629974365,347338,51944,93872,72884,8217,0,668,0
5.345685958862305,347329,61960,103948,82930,8232,0,668,0
5.345685958862305,347338,51944,93872,72884,8217,0,668,0
5.362462043762207,347329,61960,103948,82930,8232,0,668,0
5.362462043762207,347338,51944,93872,72884,8217,0,668,0
5.379106044769287,347329,61960,103948,82930,8232,0,668,0
5.379106044769287,347338,51944,93872,72884,8217,0,668,0
5.395709037780762,347329,61960,103948,82930,8232,0,668,0
5.395709037780762,347338,51944,93872,72884,8217,0,668,0
5.413096904754639,347329,61960,103948,82930,8232,0,668,0
5.413096904754639,347338,51944,93872,72884,8217,0,668,0
5.430088043212891,347329,61960,103948,82930,8232,0,668,0
5.430088043212891,347338,53992,95920,74932,8218,0,668,0
5.447165012359619,347329,61960,103948,82930,8232,0,668,0
5.447165012359619,347338,53992,95920,74932,8218,0,668,0
5.463824987411499,347329,61960,103948,82930,8232,0,668,0
5.463824987411499,347338,53992,95920,74932,8218,0,668,0
5.480587005615234,347329,61960,103948,82930,8232,0,668,0
5.480587005615234,347338,53992,95920,74932,8218,0,668,0
5.497323989868164,347329,61960,103948,82930,8232,0,668,0
5.497323989868164,347338,53992,95920,74932,8218,0,668,0
5.514135837554932,347329,61960,103948,82930,8232,0,668,0
5.514135837554932,347338,53992,95920,74932,8218,0,668,0
5.531236886978149,347329,61960,103948,82930,8232,0,668,0
5.531236886978149,347338,53992,95920,74932,8218,0,668,0
5.548095941543579,347329,61960,103948,82930,8232,0,668,0
5.548095941543579,347338,56040,97968,76980,8219,0,668,0
5.565392971038818,347329,61960,103948,82930,8232,0,668,0
5.565392971038818,347338,56040,97968,76980,8219,0,668,0
5.58230996131897,347329,61960,103948,82930,8232,0,668,0
5.58230996131897,347338,56040,97968,76980,8219,0,668,0
5.599035978317261,347329,61960,103948,82930,8232,0,668,0
5.599035978317261,347338,56040,97968,76980,8219,0,668,0
5.616174936294556,347329,61960,103948,82930,8232,0,668,0
5.616174936294556,347338,56040,97968,76980,8219,0,668,0
5.632994890213013,347329,64008,105996,84978,8233,0,668,0
5.632994890213013,347338,56040,97968,76980,8219,0,668,0
5.650099992752075,347329,64008,105996,84978,8233,0,668,0
5.650099992752075,347338,56040,97968,76980,8219,0,668,0
5.66682505607605,347329,64008,105996,84978,8233,0,668,0
5.66682505607605,347338,56040,97968,76980,8219,0,668,0
5.683552980422974,347329,64008,105996,84978,8233,0,668,0
5.683552980422974,347338,56040,97968,76980,8219,0,668,0
5.700410842895508,347329,64008,105996,84978,8233,0,668,0
5.700410842895508,347338,56040,97968,76980,8219,0,668,0
5.717126846313477,347329,64008,105996,84978,8233,0,668,0
5.717126846313477,347338,56040,97968,76980,8219,0,668,0
5.7345099449157715,347329,64008,105996,84978,8233,0,668,0
5.7345099449157715,347338,56040,97968,76980,8219,0,668,0
5.7515950202941895,347329,64008,105996,84978,8233,0,668,0
5.7515950202941895,347338,56040,97968,76980,8219,0,668,0
5.768919944763184,347329,64008,105996,84978,8233,0,668,0
5.768919944763184,347338,56040,97968,76980,8219,0,668,0
5.786289930343628,347329,66056,108044,87026,8234,0,668,0
5.786289930343628,347338,56040,97968,76980,8219,0,668,0
5.803295850753784,347329,66056,108044,87026,8234,0,668,0
5.803295850753784,347338,56040,97968,76980,8219,0,668,0
5.820158004760742,347329,66056,108044,87026,8234,0,668,0
5.820158004760742,347338,56040,97968,76980,8219,0,668,0
5.837337970733643,347329,66056,108044,87026,8234,0,668,0
5.837337970733643,347338,58088,100016,79028,8220,0,668,0
5.854212045669556,347329,66056,108044,87026,8234,0,668,0
5.854212045669556,347338,58088,100016,79028,8220,0,668,0
5.871116876602173,347329,66056,108044,87026,8234,0,668,0
5.871116876602173,347338,58088,100016,79028,8220,0,668,0
5.887939929962158,347329,70152,112140,91122,8236,0,668,0
5.887939929962158,347338,58088,100016,79028,8220,0,668,0
5.905220031738281,347329,70152,112140,91122,8236,0,668,0
5.905220031738281,347338,58088,100016,79028,8220,0,668,0
5.922415018081665,347329,70152,112140,91122,8236,0,668,0
5.922415018081665,347338,58088,100016,79028,8220,0,668,0
5.9395458698272705,347329,70152,112140,91122,8236,0,668,0
5.9395458698272705,347338,58088,100016,79028,8220,0,668,0
5.956295013427734,347329,70152,112140,91122,8236,0,668,0
5.956295013427734,347338,58088,100016,79028,8220,0,668,0
5.9736268520355225,347329,70152,112140,91122,8236,0,668,0
5.9736268520355225,347338,58088,100016,79028,8220,0,668,0
5.990417957305908,347329,70152,112140,91122,8236,0,668,0
5.990417957305908,347338,58088,100016,79028,8220,0,668,0
6.007493019104004,347329,70152,112140,91122,8236,0,668,0
6.007493019104004,347338,58088,100016,79028,8220,0,668,0
6.023503065109253,347329,70152,112140,91122,8236,0,668,0
6.023503065109253,347338,58088,100016,79028,8220,0,668,0
6.039340019226074,347329,70152,112140,91122,8236,0,668,0
6.039340019226074,347338,58088,100016,79028,8220,0,668,0
6.055275917053223,347329,70152,112140,91122,8236,0,668,0
6.055275917053223,347338,58088,100016,79028,8220,0,668,0
6.071207046508789,347329,70152,112140,91122,8236,0,668,0
6.071207046508789,347338,58088,100016,79028,8220,0,668,0
6.087080955505371,347329,70152,112140,91122,8236,0,668,0
6.087080955505371,347338,58088,100016,79028,8220,0,668,0
6.1029908657073975,347329,70152,112140,91122,8236,0,668,0
6.1029908657073975,347338,58088,100016,79028,8220,0,668,0
6.119227886199951,347329,70152,112140,91122,8236,0,668,0
6.119227886199951,347338,58088,100016,79028,8220,0,668,0
6.135058879852295,347329,70152,112140,91122,8236,0,668,0
6.135058879852295,347338,58088,100016,79028,8220,0,668,0
6.150969982147217,347329,70152,112140,91122,8236,0,668,0
6.150969982147217,347338,58088,100016,79028,8220,0,668,0
6.166967868804932,347329,70152,112140,91122,8236,0,668,0
6.166967868804932,347338,58088,100016,79028,8220,0,668,0
6.182842016220093,347329,70152,112140,91122,8236,0,668,0
6.182842016220093,347338,58088,100016,79028,8220,0,668,0
6.198683977127075,347329,70152,112140,91122,8236,0,668,0
6.198683977127075,347338,58088,100016,79028,8220,0,668,0
6.214582920074463,347329,72200,114188,93170,8237,0,668,0
6.214582920074463,347338,58088,100016,79028,8220,0,668,0
6.23042893409729,347329,72200,114188,93170,8237,0,668,0
6.23042893409729,347338,58088,100016,79028,8220,0,668,0
6.246638059616089,347329,72200,114188,93170,8237,0,668,0
6.246638059616089,347338,58088,100016,79028,8220,0,668,0
6.262624025344849,347329,72200,114188,93170,8237,0,668,0
6.262624025344849,347338,58088,100016,79028,8220,0,668,0
6.278435945510864,347329,72200,114188,93170,8237,0,668,0
6.278435945510864,347338,60136,102064,81076,8221,0,668,0
6.294445037841797,347329,74248,116236,95218,8238,0,668,0
6.294445037841797,347338,60136,102064,81076,8221,0,668,0
6.310395002365112,347329,74248,116236,95218,8238,0,668,0
6.310395002365112,347338,60136,102064,81076,8221,0,668,0
6.326308012008667,347329,74248,116236,95218,8238,0,668,0
6.326308012008667,347338,60136,102064,81076,8221,0,668,0
6.342180967330933,347329,74248,116236,95218,8238,0,668,0
6.342180967330933,347338,60136,102064,81076,8221,0,668,0
6.358132839202881,347329,74248,116236,95218,8238,0,668,0
6.358132839202881,347338,60136,102064,81076,8221,0,668,0
6.374058961868286,347329,74248,116236,95218,8238,0,668,0
6.374058961868286,347338,60136,102064,81076,8221,0,668,0
6.3900909423828125,347329,74248,116236,95218,8238,0,668,0
6.3900909423828125,347338,60136,102064,81076,8221,0,668,0
6.405855894088745,347329,74248,116236,95218,8238,0,668,0
6.405855894088745,347338,62184,104112,83124,8222,0,668,0
6.421849012374878,347329,74248,116236,95218,8238,0,668,0
6.421849012374878,347338,62184,104112,83124,8222,0,668,0
6.437753915786743,347329,74248,116236,95218,8238,0,668,0
6.437753915786743,347338,62184,104112,83124,8222,0,668,0
6.453409910202026,347329,74248,116236,95218,8238,0,668,0
6.453409910202026,347338,62184,104112,83124,8222,0,668,0
6.469761848449707,347329,74248,116236,95218,8238,0,668,0
6.469761848449707,347338,62184,104112,83124,8222,0,668,0
6.485580921173096,347329,74248,116236,95218,8238,0,668,0
6.485580921173096,347338,62184,104112,83124,8222,0,668,0
6.501431941986084,347329,74248,116236,95218,8238,0,668,0
6.501431941986084,347338,62184,104112,83124,8222,0,668,0
6.517329931259155,347329,74248,116236,95218,8238,0,668,0
6.517329931259155,347338,62184,104112,83124,8222,0,668,0
6.533298969268799,347329,74248,116236,95218,8238,0,668,0
6.533298969268799,347338,62184,104112,83124,8222,0,668,0
6.549263000488281,347329,74248,116236,95218,8238,0,668,0
6.549263000488281,347338,62184,104112,83124,8222,0,668,0
6.565341949462891,347329,74248,116236,95218,8238,0,668,0
6.565341949462891,347338,62184,104112,83124,8222,0,668,0
6.581430912017822,347329,74248,116236,95218,8238,0,668,0
6.581430912017822,347338,62184,104112,83124,8222,0,668,0
6.597341060638428,347329,74248,116236,95218,8238,0,668,0
6.597341060638428,347338,62184,104112,83124,8222,0,668,0
6.6133339405059814,347329,74248,116236,95218,8238,0,668,0
6.6133339405059814,347338,62184,104112,83124,8222,0,668,0
6.629334926605225,347329,74248,116236,95218,8238,0,668,0
6.629334926605225,347338,62184,104112,83124,8222,0,668,0
6.645228862762451,347329,76296,118284,97266,8239,0,668,0
6.645228862762451,347338,62184,104112,83124,8222,0,668,0
6.661190032958984,347329,76296,118284,97266,8239,0,668,0
6.661190032958984,347338,62184,104112,83124,8222,0,668,0
6.677356958389282,347329,76296,118284,97266,8239,0,668,0
6.677356958389282,347338,62184,104112,83124,8222,0,668,0
6.693342924118042,347329,76296,118284,97266,8239,0,668,0
6.693342924118042,347338,62184,104112,83124,8222,0,668,0
6.7093260288238525,347329,76296,118284,97266,8239,0,668,0
6.7093260288238525,347338,64232,106160,85172,8223,0,668,0
6.725306034088135,347329,78344,120332,99314,8240,0,668,0
6.725306034088135,347338,64232,106160,85172,8223,0,668,0
6.7412450313568115,347329,78344,120332,99314,8240,0,668,0
6.7412450313568115,347338,64232,106160,85172,8223,0,668,0
6.757150888442993,347329,78344,120332,99314,8240,0,668,0
6.757150888442993,347338,64232,106160,85172,8223,0,668,0
6.7731170654296875,347329,78344,120332,99314,8240,0,668,0
6.7731170654296875,347338,64232,106160,85172,8223,0,668,0
6.789128065109253,347329,78344,120332,99314,8240,0,668,0
6.789128065109253,347338,64232,106160,85172,8223,0,668,0
6.80492901802063,347329,78344,120332,99314,8240,0,668,0
6.80492901802063,347338,64232,106160,85172,8223,0,668,0
6.8209168910980225,347329,78344,120332,99314,8240,0,668,0
6.8209168910980225,347338,66280,108208,87220,8224,0,668,0
6.836825847625732,347329,78344,120332,99314,8240,0,668,0
6.836825847625732,347338,66280,108208,87220,8224,0,668,0
6.8526129722595215,347329,78344,120332,99314,8240,0,668,0
6.8526129722595215,347338,66280,108208,87220,8224,0,668,0
6.86845588684082,347329,78344,120332,99314,8240,0,668,0
6.86845588684082,347338,66280,108208,87220,8224,0,668,0
6.884711980819702,347329,78344,120332,99314,8240,0,668,0
6.884711980819702,347338,66280,108208,87220,8224,0,668,0
6.900490045547485,347329,78344,120332,99314,8240,0,668,0
6.900490045547485,347338,66280,108208,87220,8224,0,668,0
6.916308879852295,347329,78344,120332,99314,8240,0,668,0
6.916308879852295,347338,70376,112304,91316,8226,0,668,0
6.932231903076172,347329,78344,120332,99314,8240,0,668,0
6.932231903076172,347338,70376,112304,91316,8226,0,668,0
6.948135852813721,347329,78344,120332,99314,8240,0,668,0
6.948135852813721,347338,70376,112304,91316,8226,0,668,0
6.964079856872559,347329,78344,120332,99314,8240,0,668,0
6.964079856872559,347338,70376,112304,91316,8226,0,668,0
6.980039834976196,347329,78344,120332,99314,8240,0,668,0
6.980039834976196,347338,70376,112304,91316,8226,0,668,0
6.996131896972656,347329,78344,120332,99314,8240,0,668,0
6.996131896972656,347338,70376,112304,91316,8226,0,668,0
7.012027978897095,347329,78344,120332,99314,8240,0,668,0
7.012027978897095,347338,70376,112304,91316,8226,0,668,0
7.027868032455444,347329,78344,120332,99314,8240,0,668,0
7.027868032455444,347338,70376,112304,91316,8226,0,668,0
7.043673992156982,347329,78344,120332,99314,8240,0,668,0
7.043673992156982,347338,70376,112304,91316,8226,0,668,0
7.059458017349243,347329,78344,120332,99314,8240,0,668,0
7.059458017349243,347338,70376,112304,91316,8226,0,668,0
7.075376987457275,347329,80392,122380,101362,8241,0,668,0
7.075376987457275,347338,70376,112304,91316,8226,0,668,0
7.091691017150879,347329,80392,122380,101362,8241,0,668,0
7.091691017150879,347338,70376,112304,91316,8226,0,668,0
7.107583999633789,347329,80392,122380,101362,8241,0,668,0
7.107583999633789,347338,70376,112304,91316,8226,0,668,0
7.123679876327515,347329,80392,122380,101362,8241,0,668,0
7.123679876327515,347338,70376,112304,91316,8226,0,668,0
7.139440059661865,347329,80392,122380,101362,8241,0,668,0
7.139440059661865,347338,70376,112304,91316,8226,0,668,0
7.155281066894531,347329,82440,124428,103410,8242,0,668,0
7.155281066894531,347338,70376,112304,91316,8226,0,668,0
7.171331882476807,347329,82440,124428,103410,8242,0,668,0
7.171331882476807,347338,70376,112304,91316,8226,0,668,0
7.18737006187439,347329,82440,124428,103410,8242,0,668,0
7.18737006187439,347338,70376,112304,91316,8226,0,668,0
7.203249931335449,347329,82440,124428,103410,8242,0,668,0
7.203249931335449,347338,70376,112304,91316,8226,0,668,0
7.219166040420532,347329,82440,124428,103410,8242,0,668,0
7.219166040420532,347338,70376,112304,91316,8226,0,668,0
7.234990835189819,347329,82440,124428,103410,8242,0,668,0
7.234990835189819,347338,72424,114352,93364,8227,0,668,0
7.250859975814819,347329,82440,124428,103410,8242,0,668,0
7.250859975814819,347338,72424,114352,93364,8227,0,668,0
7.266605854034424,347329,82440,124428,103410,8242,0,668,0
7.266605854034424,347338,72424,114352,93364,8227,0,668,0
7.282441854476929,347329,82440,124428,103410,8242,0,668,0
7.282441854476929,347338,72424,114352,93364,8227,0,668,0
7.2985999584198,347329,82440,124428,103410,8242,0,668,0
7.2985999584198,347338,72424,114352,93364,8227,0,668,0
7.314399003982544,347329,82440,124428,103410,8242,0,668,0
7.314399003982544,347338,74472,116400,95412,8228,0,668,0
7.330365896224976,347329,82440,124428,103410,8242,0,668,0
7.330365896224976,347338,74472,116400,95412,8228,0,668,0
7.346353054046631,347329,82440,124428,103410,8242,0,668,0
7.346353054046631,347338,74472,116400,95412,8228,0,668,0
7.36224889755249,347329,82440,124428,103410,8242,0,668,0
7.36224889755249,347338,74472,116400,95412,8228,0,668,0
7.37813401222229,347329,82440,124428,103410,8242,0,668,0
7.37813401222229,347338,74472,116400,95412,8228,0,668,0
7.393986940383911,347329,82440,124428,103410,8242,0,668,0
7.393986940383911,347338,74472,116400,95412,8228,0,668,0
7.4098968505859375,347329,82440,124428,103410,8242,0,668,0
7.4098968505859375,347338,74472,116400,95412,8228,0,668,0
7.425715923309326,347329,82440,124428,103410,8242,0,668,0
7.425715923309326,347338,74472,116400,95412,8228,0,668,0
7.441450834274292,347329,82440,124428,103410,8242,0,668,0
7.441450834274292,347338,74472,116400,95412,8228,0,668,0
7.457324981689453,347329,82440,124428,103410,8242,0,668,0
7.457324981689453,347338,74472,116400,95412,8228,0,668,0
7.473185062408447,347329,82440,124428,103410,8242,0,668,0
7.473185062408447,347338,74472,116400,95412,8228,0,668,0
7.489086866378784,347329,82440,124428,103410,8242,0,668,0
7.489086866378784,347338,74472,116400,95412,8228,0,668,0
7.505393981933594,347329,84488,126476,105458,8243,0,668,0
7.505393981933594,347338,74472,116400,95412,8228,0,668,0
7.52131199836731,347329,84488,126476,105458,8243,0,668,0
7.52131199836731,347338,74472,116400,95412,8228,0,668,0
7.53723406791687,347329,84488,126476,105458,8243,0,668,0
7.53723406791687,347338,74472,116400,95412,8228,0,668,0
7.553252935409546,347329,84488,126476,105458,8243,0,668,0
7.553252935409546,347338,74472,116400,95412,8228,0,668,0
7.569110870361328,347329,84488,126476,105458,8243,0,668,0
7.569110870361328,347338,74472,116400,95412,8228,0,668,0
7.584943056106567,347329,86536,128524,107506,8244,0,668,0
7.584943056106567,347338,74472,116400,95412,8228,0,668,0
7.600972890853882,347329,86536,128524,107506,8244,0,668,0
7.600972890853882,347338,74472,116400,95412,8228,0,668,0
7.6169798374176025,347329,86536,128524,107506,8244,0,668,0
7.6169798374176025,347338,74472,116400,95412,8228,0,668,0
7.632827997207642,347329,86536,128524,107506,8244,0,668,0
7.632827997207642,347338,74472,116400,95412,8228,0,668,0
7.648674964904785,347329,86536,128524,107506,8244,0,668,0
7.648674964904785,347338,74472,116400,95412,8228,0,668,0
7.664435863494873,347329,86536,128524,107506,8244,0,668,0
7.664435863494873,347338,76520,118448,97460,8229,0,668,0
7.680386066436768,347329,86536,128524,107506,8244,0,668,0
7.680386066436768,347338,76520,118448,97460,8229,0,668,0
7.696238994598389,347329,86536,128524,107506,8244,0,668,0
7.696238994598389,347338,76520,118448,97460,8229,0,668,0
7.712360858917236,347329,86536,128524,107506,8244,0,668,0
7.712360858917236,347338,76520,118448,97460,8229,0,668,0
7.728255033493042,347329,86536,128524,107506,8244,0,668,0
7.728255033493042,347338,76520,118448,97460,8229,0,668,0
7.744147062301636,347329,86536,128524,107506,8244,0,668,0
7.744147062301636,347338,78568,120496,99508,8230,0,668,0
7.760164022445679,347329,86536,128524,107506,8244,0,668,0
7.760164022445679,347338,78568,120496,99508,8230,0,668,0
7.776041030883789,347329,86536,128524,107506,8244,0,668,0
7.776041030883789,347338,78568,120496,99508,8230,0,668,0
7.791980981826782,347329,86536,128524,107506,8244,0,668,0
7.791980981826782,347338,78568,120496,99508,8230,0,668,0
7.807827949523926,347329,86536,128524,107506,8244,0,668,0
7.807827949523926,347338,78568,120496,99508,8230,0,668,0
7.823673963546753,347329,86536,128524,107506,8244,0,668,0
7.823673963546753,347338,78568,120496,99508,8230,0,668,0
7.839616060256958,347329,86536,128524,107506,8244,0,668,0
7.839616060256958,347338,78568,120496,99508,8230,0,668,0
7.855432033538818,347329,86536,128524,107506,8244,0,668,0
7.855432033538818,347338,78568,120496,99508,8230,0,668,0
7.87127685546875,347329,86536,128524,107506,8244,0,668,0
7.87127685546875,347338,78568,120496,99508,8230,0,668,0
7.8871588706970215,347329,86536,128524,107506,8244,0,668,0
7.8871588706970215,347338,78568,120496,99508,8230,0,668,0
7.903105020523071,347329,86536,128524,107506,8244,0,668,0
7.903105020523071,347338,78568,120496,99508,8230,0,668,0
7.919370889663696,347329,86536,128524,107506,8244,0,668,0
7.919370889663696,347338,78568,120496,99508,8230,0,668,0
7.935219049453735,347329,88584,130572,109554,8245,0,669,0
7.935219049453735,347338,78568,120496,99508,8230,0,668,0
7.951330900192261,347329,88584,130572,109554,8245,0,669,0
7.951330900192261,347338,78568,120496,99508,8230,0,668,0
7.967305898666382,347329,88584,130572,109554,8245,0,669,0
7.967305898666382,347338,78568,120496,99508,8230,0,668,0
7.983162879943848,347329,88584,130572,109554,8245,0,669,0
7.983162879943848,347338,78568,120496,99508,8230,0,668,0
7.999168872833252,347329,88584,130572,109554,8245,0,669,0
7.999168872833252,347338,78568,120496,99508,8230,0,668,0
8.014997005462646,347329,88584,130572,109554,8245,0,669,0
8.014997005462646,347338,78568,120496,99508,8230,0,668,0
8.03088903427124,347329,88584,130572,109554,8245,0,669,0
8.03088903427124,347338,78568,120496,99508,8230,0,668,0
8.046722888946533,347329,88584,130572,109554,8245,0,669,0
8.046722888946533,347338,78568,120496,99508,8230,0,668,0
8.062581062316895,347329,88584,130572,109554,8245,0,669,0
8.062581062316895,347338,78568,120496,99508,8230,0,668,0
8.078558921813965,347329,88584,130572,109554,8245,0,669,0
8.078558921813965,347338,78568,120496,99508,8230,0,668,0
8.094377994537354,347329,88584,130572,109554,8245,0,669,0
8.094377994537354,347338,80616,122544,101556,8231,0,668,0
8.110329866409302,347329,88584,130572,109554,8245,0,669,0
8.110329866409302,347338,80616,122544,101556,8231,0,668,0
8.1264488697052,347329,88584,130572,109554,8245,0,669,0
8.1264488697052,347338,80616,122544,101556,8231,0,668,0
8.142374992370605,347329,88584,130572,109554,8245,0,669,0
8.142374992370605,347338,80616,122544,101556,8231,0,668,0
8.15823483467102,347329,88584,130572,109554,8245,0,669,0
8.15823483467102,347338,80616,122544,101556,8231,0,668,0
8.17418384552002,347329,88584,130572,109554,8245,0,669,0
8.17418384552002,347338,82664,124592,103604,8232,0,668,0
8.190109014511108,347329,88584,130572,109554,8245,0,669,0
8.190109014511108,347338,82664,124592,103604,8232,0,668,0
8.206101894378662,347329,88584,130572,109554,8245,0,669,0
8.206101894378662,347338,82664,124592,103604,8232,0,668,0
8.221924066543579,347329,89648,131596,110618,8511,0,669,0
8.221924066543579,347338,82664,124592,103604,8232,0,668,0
8.238278865814209,347329,114224,158260,135194,8533,0,669,0
8.238278865814209,347338,82664,124592,103604,8232,0,668,0
8.25465703010559,347329,146992,191028,167962,8560,0,670,0
8.25465703010559,347338,82664,124592,103604,8232,0,668,0
8.27125883102417,347329,157232,201268,178202,8565,0,670,0
8.27125883102417,347338,82664,124592,103604,8232,0,668,0
8.287726879119873,347329,166576,208564,187546,8570,0,670,0
8.287726879119873,347338,82664,124592,103604,8232,0,668,0
8.304035902023315,347329,174768,216756,195738,8574,0,670,0
8.304035902023315,347338,82664,124592,103604,8232,0,668,0
8.320266962051392,347329,185008,226996,205978,8579,0,670,0
8.320266962051392,347338,82664,124592,103604,8232,0,668,0
8.336820840835571,347329,203440,245428,224410,8588,0,671,0
8.336820840835571,347338,82664,124592,103604,8232,0,668,0
8.353386878967285,347329,203440,245428,224410,8588,0,671,0
8.353386878967285,347338,82664,124592,103604,8232,0,668,0
8.370149850845337,347329,279216,329396,300186,8622,0,673,0
8.370149850845337,347338,82664,124592,103604,8232,0,668,0
8.38740086555481,347329,354992,396980,375962,8662,0,674,0
8.38740086555481,347338,82664,124592,103604,8232,0,668,0
8.405336856842041,347329,369328,411316,390298,8668,0,674,0
8.405336856842041,347338,82664,124592,103604,8232,0,668,0
8.422194957733154,347329,373424,415412,394394,8671,0,674,0
8.422194957733154,347338,82664,124592,103604,8232,0,668,0
8.438324928283691,347329,373424,415412,394394,8671,0,674,0
8.438324928283691,347338,82664,124592,103604,8232,0,668,0
8.454368829727173,347329,373424,415412,394394,8671,0,674,0
8.454368829727173,347338,82664,124592,103604,8232,0,668,0
8.470345973968506,347329,373424,415412,394394,8671,0,674,0
8.470345973968506,347338,82664,124592,103604,8232,0,668,0
8.486327886581421,347329,379568,421556,400538,8674,0,674,0
8.486327886581421,347338,82664,124592,103604,8232,0,668,0
8.50244402885437,347329,379568,421556,400538,8674,0,674,0
8.50244402885437,347338,82664,124592,103604,8232,0,668,0
8.518334865570068,347329,379852,421812,400822,8745,0,674,0
8.518334865570068,347338,84712,126640,105652,8233,0,668,0
8.534401893615723,347329,385364,427316,406334,10123,0,675,0
8.534401893615723,347338,84712,126640,105652,8233,0,668,0
8.551395893096924,347329,387332,431368,408302,10209,0,675,0
8.551395893096924,347338,84712,126640,105652,8233,0,668,0
8.5676109790802,347329,391860,433848,412830,10214,0,675,0
8.5676109790802,347338,84712,126640,105652,8233,0,668,0
8.583952903747559,347329,393908,435896,414878,10215,0,675,0
8.583952903747559,347338,84712,126640,105652,8233,0,668,0
8.600425004959106,347329,393908,435896,414878,10215,0,675,0
8.600425004959106,347338,86760,128688,107700,8234,0,668,0
8.616617918014526,347329,398004,439992,418974,10217,0,675,0
8.616617918014526,347338,86760,128688,107700,8234,0,668,0
8.632884979248047,347329,406196,448184,427166,10221,0,675,0
8.632884979248047,347338,86760,128688,107700,8234,0,668,0
8.649302005767822,347329,416436,458424,437406,10226,0,675,0
8.649302005767822,347338,86760,128688,107700,8234,0,668,0
8.665801048278809,347329,416436,458424,437406,10226,0,675,0
8.665801048278809,347338,86760,128688,107700,8234,0,668,0
8.681966066360474,347329,416436,458424,437406,10226,0,675,0
8.681966066360474,347338,86760,128688,107700,8234,0,668,0
8.697999954223633,347329,416436,458424,437406,10226,0,675,0
8.697999954223633,347338,86760,128688,107700,8234,0,668,0
8.71391487121582,347329,416436,458424,437406,10226,0,675,0
8.71391487121582,347338,86760,128688,107700,8234,0,668,0
8.729806900024414,347329,416436,458424,437406,10226,0,675,0
8.729806900024414,347338,86760,128688,107700,8234,0,668,0
8.745693922042847,347329,416436,458424,437406,10226,0,675,0
8.745693922042847,347338,86760,128688,107700,8234,0,668,0
8.761623859405518,347329,416436,458424,437406,10226,0,675,0
8.761623859405518,347338,86760,128688,107700,8234,0,668,0
8.77766489982605,347329,416436,458424,437406,10226,0,675,0
8.77766489982605,347338,86760,128688,107700,8234,0,668,0
8.793843030929565,347329,416436,458424,437406,10226,0,675,0
8.793843030929565,347338,86760,128688,107700,8234,0,668,0
8.80990195274353,347329,416436,458424,437406,10226,0,675,0
8.80990195274353,347338,86760,128688,107700,8234,0,668,0
8.826175928115845,347329,416436,458424,437406,10226,0,675,0
8.826175928115845,347338,86760,128688,107700,8234,0,668,0
8.842318058013916,347329,416436,458424,437406,10226,0,675,0
8.842318058013916,347338,86760,128688,107700,8234,0,668,0
8.858320951461792,347329,416436,458424,437406,10226,0,675,0
8.858320951461792,347338,86760,128688,107700,8234,0,668,0
8.87438702583313,347329,420532,462520,441502,10228,0,676,0
8.87438702583313,347338,86760,128688,107700,8234,0,668,0
8.890640020370483,347329,420532,462520,441502,10228,0,676,0
8.890640020370483,347338,86760,128688,107700,8234,0,668,0
8.906723976135254,347329,422580,464568,443550,10229,0,676,0
8.906723976135254,347338,86760,128688,107700,8234,0,668,0
8.92297101020813,347329,424628,466616,445598,10230,0,676,0
8.92297101020813,347338,86760,128688,107700,8234,0,668,0
8.93909502029419,347329,424628,466616,445598,10230,0,676,0
8.93909502029419,347338,86760,128688,107700,8234,0,668,0
8.955169916152954,347329,424760,466744,445730,10263,0,676,0
8.955169916152954,347338,88808,130736,109748,8235,0,669,0
8.97144103050232,347329,424760,466744,445730,10263,0,676,0
8.97144103050232,347338,88808,130736,109748,8235,0,669,0
8.987846851348877,347329,424760,466744,445730,10263,0,676,0
8.987846851348877,347338,88808,130736,109748,8235,0,669,0
9.004178047180176,347329,424760,466744,445730,10263,0,676,0
9.004178047180176,347338,88808,130736,109748,8235,0,669,0
9.020496845245361,347329,424524,466540,445494,10263,0,676,0
9.020496845245361,347338,88808,130736,109748,8235,0,669,0
9.03695797920227,347329,424524,466540,445494,10263,0,676,0
9.03695797920227,347338,88808,130736,109748,8235,0,669,0
9.053299903869629,347329,424524,466540,445494,10263,0,676,0
9.053299903869629,347338,88808,130736,109748,8235,0,669,0
9.069494009017944,347329,424524,466540,445494,10263,0,676,0
9.069494009017944,347338,88808,130736,109748,8235,0,669,0
9.088433980941772,347329,424524,466540,445494,10263,0,676,0
9.088433980941772,347338,88808,130736,109748,8235,0,669,0
9.122426986694336,347329,424524,466540,445494,10263,0,676,0
9.122426986694336,347338,88808,130736,109748,8235,0,669,0
9.173946857452393,347329,424588,466540,445558,10279,0,676,0
9.173946857452393,347338,88808,130736,109748,8235,0,669,0
9.196493864059448,347329,424588,466540,445558,10279,0,676,0
9.196493864059448,347338,88808,130736,109748,8235,0,669,0
9.228442907333374,347329,426636,468624,447606,10280,0,676,0
9.228442907333374,347338,88808,130736,109748,8235,0,669,0
9.251390933990479,347329,426636,468624,447606,10280,0,676,0
9.251390933990479,347338,88808,130736,109748,8235,0,669,0
9.270135879516602,347329,426636,468624,447606,10280,0,676,0
9.270135879516602,347338,88808,130736,109748,8235,0,669,0
9.287226915359497,347329,426636,468624,447606,10280,0,676,0
9.287226915359497,347338,88808,130736,109748,8235,0,669,0
9.307683944702148,347329,426636,468624,447606,10280,0,676,0
9.307683944702148,347338,88808,130736,109748,8235,0,669,0
9.327139854431152,347329,426636,468624,447606,10280,0,676,0
9.327139854431152,347338,88808,130736,109748,8235,0,669,0
9.343415975570679,347329,426700,468624,447670,10296,0,676,0
9.343415975570679,347338,89880,131760,110820,8502,0,669,0
9.359895944595337,347329,426700,468624,447670,10296,0,676,0
9.359895944595337,347338,102168,146144,123108,8513,0,669,0
9.37716293334961,347329,426700,468624,447670,10296,0,676,0
9.37716293334961,347338,145176,189152,166116,8550,0,670,0
9.394198894500732,347329,430796,472784,451766,10298,0,676,0
9.394198894500732,347338,155416,197344,176356,8556,0,670,0
9.41056203842163,347329,432844,474832,453814,10299,0,676,0
9.41056203842163,347338,162700,204628,183640,8560,0,670,0
9.426969051361084,347329,434892,476880,455862,10300,0,676,0
9.426969051361084,347338,172940,214868,193880,8565,0,670,0
9.443477869033813,347329,434940,476880,455910,10312,0,676,0
9.443477869033813,347338,183180,225108,204120,8570,0,670,0
9.459728956222534,347329,434940,476880,455910,10312,0,676,0
9.459728956222534,347338,193420,237396,214360,8575,0,671,0
9.47603988647461,347329,434940,476880,455910,10312,0,676,0
9.47603988647461,347338,203660,245588,224600,8580,0,671,0
9.493361949920654,347329,434940,476880,455910,10312,0,676,0
9.493361949920654,347338,226188,276308,247128,8588,0,672,0
9.510802984237671,347329,434940,476880,455910,10312,0,676,0
9.510802984237671,347338,355212,397140,376152,8653,0,674,0
9.52917194366455,347329,434940,476880,455910,10312,0,676,0
9.52917194366455,347338,355212,397140,376152,8654,0,674,0
9.547520875930786,347329,434940,476880,455910,10312,0,676,0
9.547520875930786,347338,373644,415572,394584,8663,0,674,0
9.563849925994873,347329,434940,476880,455910,10312,0,676,0
9.563849925994873,347338,373644,415572,394584,8663,0,674,0
9.580343961715698,347329,435068,477008,456038,10344,0,676,0
9.580343961715698,347338,373644,415572,394584,8663,0,674,0
9.59668493270874,347329,435144,477008,456114,10363,0,676,0
9.59668493270874,347338,373644,415572,394584,8663,0,674,0
9.612872838973999,347329,435148,477136,456118,10364,0,676,0
9.612872838973999,347338,379788,421716,400728,8666,0,674,0
9.62952995300293,347329,435152,477136,456122,10365,0,676,0
9.62952995300293,347338,379788,421716,400728,8666,0,674,0
9.645843982696533,347329,435152,477136,456122,10365,0,676,0
9.645843982696533,347338,380072,421972,401012,8737,0,674,0
9.662221908569336,347329,435152,477136,456122,10365,0,676,0
9.662221908569336,347338,385324,427348,406264,10045,0,675,0
9.679606914520264,347329,435152,477136,456122,10365,0,676,0
9.679606914520264,347338,388300,430228,409240,10473,0,675,0
9.695992946624756,347329,435152,477136,456122,10365,0,676,0
9.695992946624756,347338,387904,429832,408844,10475,0,675,0
9.71244192123413,347329,435152,477136,456122,10365,0,676,0
9.71244192123413,347338,394048,435976,414988,10479,0,675,0
9.72909688949585,347329,435152,477136,456122,10365,0,676,0
9.72909688949585,347338,396096,438024,417036,10480,0,675,0
9.745616912841797,347329,435152,477136,456122,10365,0,676,0
9.745616912841797,347338,398144,442120,419084,10481,0,675,0
9.76195502281189,347329,435152,477136,456122,10365,0,676,0
9.76195502281189,347338,406336,448264,427276,10485,0,675,0
9.778496980667114,347329,435216,477136,456186,10381,0,676,0
9.778496980667114,347338,414528,456456,435468,10489,0,675,0
9.795454978942871,347329,435220,477136,456190,10382,0,676,0
9.795454978942871,347338,418624,460552,439564,10491,0,676,0
9.811962842941284,347329,435220,477136,456190,10382,0,676,0
9.811962842941284,347338,418624,460552,439564,10491,0,676,0
9.830134868621826,347329,435220,477136,456190,10382,0,676,0
9.830134868621826,347338,418624,460552,439564,10491,0,676,0
9.846283912658691,347329,435220,477136,456190,10382,0,676,0
9.846283912658691,347338,418624,460552,439564,10491,0,676,0
9.862372875213623,347329,435220,477136,456190,10382,0,676,0
9.862372875213623,347338,418624,460552,439564,10491,0,676,0
9.878506898880005,347329,435220,477136,456190,10382,0,676,0
9.878506898880005,347338,418624,460552,439564,10491,0,676,0
9.896966934204102,347329,435220,477136,456190,10382,0,676,0
9.896966934204102,347338,418624,460552,439564,10491,0,676,0
9.913378953933716,347329,435220,477136,456190,10382,0,676,0
9.913378953933716,347338,418624,460552,439564,10491,0,676,0
9.929548978805542,347329,435220,477136,456190,10382,0,676,0
9.929548978805542,347338,418624,460552,439564,10491,0,676,0
9.945940017700195,347329,435224,477136,456194,10383,0,676,0
9.945940017700195,347338,418624,460552,439564,10491,0,676,0
9.962378978729248,347329,435224,477136,456194,10383,0,676,0
9.962378978729248,347338,420672,462600,441612,10492,0,676,0
9.978760004043579,347329,435224,477136,456194,10383,0,676,0
9.978760004043579,347338,420672,462600,441612,10492,0,676,0
9.99528694152832,347329,435224,477136,456194,10383,0,676,0
9.99528694152832,347338,420672,462600,441612,10492,0,676,0
10.011714935302734,347329,435224,477136,456194,10383,0,676,0
10.011714935302734,347338,420672,462600,441612,10492,0,676,0
10.03084683418274,347329,441368,483356,462338,10386,0,676,0
10.03084683418274,347338,422720,464648,443660,10493,0,676,0
10.047343969345093,347329,441368,483356,462338,10386,0,676,0
10.047343969345093,347338,422720,464648,443660,10493,0,676,0
10.063443899154663,347329,441368,483356,462338,10386,0,676,0
10.063443899154663,347338,422720,464648,443660,10493,0,676,0
10.079690933227539,347329,443416,487452,464386,10387,0,676,0
10.079690933227539,347338,424768,466696,445708,10494,0,676,0
10.096111059188843,347329,447512,489500,468482,10389,0,676,0
10.096111059188843,347338,426816,468744,447756,10495,0,676,0
10.112315893173218,347329,447512,489500,468482,10389,0,676,0
10.112315893173218,347338,426948,468872,447888,10528,0,676,0
10.128613948822021,347329,447512,489500,468482,10389,0,676,0
10.128613948822021,347338,426948,468872,447888,10528,0,676,0
10.14543890953064,347329,447512,489500,468482,10389,0,676,0
10.14543890953064,347338,426948,468872,447888,10528,0,676,0
10.162989854812622,347329,447512,489500,468482,10389,0,676,0
10.162989854812622,347338,426948,468872,447888,10528,0,676,0
10.180434942245483,347329,447512,489500,468482,10389,0,676,0
10.180434942245483,347338,426760,468692,447700,10528,0,676,0
10.199418067932129,347329,447512,489500,468482,10389,0,676,0
10.199418067932129,347338,426760,468692,447700,10528,0,676,0
10.217164993286133,347329,447512,489500,468482,10389,0,676,0
10.217164993286133,347338,426760,468692,447700,10528,0,676,0
10.235547065734863,347329,447512,489500,468482,10389,0,676,0
10.235547065734863,347338,426760,468692,447700,10528,0,676,0
10.252339839935303,347329,447512,489500,468482,10389,0,676,0
10.252339839935303,347338,426760,468692,447700,10528,0,676,0
10.268893003463745,347329,447512,489500,468482,10389,0,676,0
10.268893003463745,347338,426760,468692,447700,10528,0,676,0
10.28736686706543,347329,447512,489500,468482,10389,0,676,0
10.28736686706543,347338,426760,468692,447700,10528,0,676,0
10.305700063705444,347329,447512,489500,468482,10389,0,676,0
10.305700063705444,347338,426824,468692,447764,10544,0,676,0
10.322351932525635,347329,447512,489500,468482,10389,0,676,0
10.322351932525635,347338,426824,468692,447764,10544,0,676,0
10.339079856872559,347329,447512,489500,468482,10389,0,676,0
10.339079856872559,347338,428872,470800,449812,10545,0,676,0
10.356531858444214,347329,447512,489500,468482,10389,0,676,0
10.356531858444214,347338,428872,470800,449812,10545,0,676,0
10.376540899276733,347329,447512,489500,468482,10389,0,676,0
10.376540899276733,347338,428872,470800,449812,10545,0,676,0
10.394511938095093,347329,447512,489500,468482,10389,0,676,0
10.394511938095093,347338,428872,470800,449812,10545,0,676,0
10.411885023117065,347329,447512,489500,468482,10389,0,676,0
10.411885023117065,347338,428872,470800,449812,10545,0,676,0
10.428860902786255,347329,447512,489500,468482,10389,0,676,0
10.428860902786255,347338,428872,470800,449812,10545,0,676,0
10.44544792175293,347329,447512,489500,468482,10389,0,676,0
10.44544792175293,347338,428872,470800,449812,10545,0,676,0
10.46298098564148,347329,447512,489500,468482,10389,0,676,0
10.46298098564148,347338,428936,470800,449876,10561,0,676,0
10.486170053482056,347329,447512,489500,468482,10389,0,676,0
10.486170053482056,347338,428936,470800,449876,10561,0,676,0
10.511893033981323,347329,447512,489500,468482,10389,0,676,0
10.511893033981323,347338,428936,470800,449876,10561,0,676,0
10.529376029968262,347329,447512,489500,468482,10389,0,676,0
10.529376029968262,347338,428936,470800,449876,10561,0,676,0
10.54788088798523,347329,447512,489500,468482,10389,0,676,0
10.54788088798523,347338,428936,470800,449876,10561,0,676,0
10.565639019012451,347329,447512,489500,468482,10389,0,676,0
10.565639019012451,347338,428936,470800,449876,10561,0,676,0
10.58423399925232,347329,447512,489500,468482,10389,0,676,0
10.58423399925232,347338,428936,470800,449876,10561,0,676,0
10.600965976715088,347329,447512,489500,468482,10389,0,676,0
10.600965976715088,347338,428936,470800,449876,10561,0,676,0
10.618162870407104,347329,447512,489500,468482,10389,0,676,0
10.618162870407104,347338,428936,470800,449876,10561,0,676,0
10.635304927825928,347329,449560,491548,470530,10390,0,676,0
10.635304927825928,347338,428936,470800,449876,10561,0,676,0
10.652143955230713,347329,453656,495644,474626,10392,0,676,0
10.652143955230713,347338,428936,470800,449876,10561,0,676,0
10.674856901168823,347329,453656,495644,474626,10392,0,676,0
10.674856901168823,347338,428936,470800,449876,10561,0,676,0
10.709048986434937,347329,457752,499740,478722,10394,0,676,0
10.709048986434937,347338,428936,470800,449876,10561,0,676,0
10.768138885498047,347329,457752,499740,478722,10394,0,676,0
10.768138885498047,347338,428936,470800,449876,10561,0,676,0
10.83285903930664,347329,457752,499740,478722,10394,0,676,0
10.83285903930664,347338,428936,470800,449876,10561,0,676,0
10.880818843841553,347329,457752,499740,478722,10394,0,676,0
10.880818843841553,347338,428936,470800,449876,10561,0,676,0
10.910038948059082,347329,457752,499740,478722,10394,0,676,0
10.910038948059082,347338,428936,470800,449876,10561,0,676,0
10.945462942123413,347329,457752,499740,478722,10394,0,676,0
10.945462942123413,347338,428936,470800,449876,10561,0,676,0
10.969797849655151,347329,457752,499740,478722,10394,0,676,0
10.969797849655151,347338,428936,470800,449876,10561,0,676,0
10.989797830581665,347329,457752,499740,478722,10394,0,676,0
10.989797830581665,347338,428936,470800,449876,10561,0,676,0
11.006203889846802,347329,457752,499740,478722,10394,0,676,0
11.006203889846802,347338,428936,470800,449876,10561,0,676,0
11.022400856018066,347329,457752,499740,478722,10394,0,676,0
11.022400856018066,347338,433032,474960,453972,10563,0,676,0
11.039140939712524,347329,457752,499740,478722,10394,0,676,0
11.039140939712524,347338,433032,474960,453972,10563,0,676,0
11.055470943450928,347329,457752,499740,478722,10394,0,676,0
11.055470943450928,347338,433032,474960,453972,10563,0,676,0
11.071814060211182,347329,457752,499740,478722,10394,0,676,0
11.071814060211182,347338,433032,474960,453972,10563,0,676,0
11.088165998458862,347329,461848,503836,482818,10396,0,676,0
11.088165998458862,347338,433032,474960,453972,10563,0,676,0
11.104424953460693,347329,465944,507932,486914,10398,0,676,0
11.104424953460693,347338,433032,474960,453972,10563,0,676,0
11.120991945266724,347329,466008,507932,486978,10414,0,676,0
11.120991945266724,347338,433032,474960,453972,10563,0,676,0
11.137460947036743,347329,466008,507932,486978,10414,0,676,0
11.137460947036743,347338,433032,474960,453972,10563,0,676,0
11.153975009918213,347329,466008,507932,486978,10414,0,676,0
11.153975009918213,347338,433032,474960,453972,10563,0,676,0
11.170646905899048,347329,466008,507932,486978,10414,0,676,0
11.170646905899048,347338,433032,474960,453972,10563,0,676,0
11.186930894851685,347329,466072,508060,487042,10430,0,676,0
11.186930894851685,347338,433032,474960,453972,10563,0,676,0
11.203366994857788,347329,468120,510108,489090,10431,0,676,0
11.203366994857788,347338,433160,475088,454100,10595,0,676,0
11.21989393234253,347329,468120,510108,489090,10431,0,676,0
11.21989393234253,347338,433228,475088,454168,10612,0,676,0
11.236397981643677,347329,468120,510108,489090,10431,0,676,0
11.236397981643677,347338,433232,475088,454172,10613,0,676,0
11.252931833267212,347329,468120,510108,489090,10431,0,676,0
11.252931833267212,347338,433232,475088,454172,10613,0,676,0
11.26943302154541,347329,468120,510108,489090,10431,0,676,0
11.26943302154541,347338,433232,475088,454172,10613,0,676,0
11.285939931869507,347329,468120,510108,489090,10431,0,676,0
11.285939931869507,347338,433236,475088,454176,10614,0,676,0
11.302579879760742,347329,468120,510108,489090,10431,0,676,0
11.302579879760742,347338,433236,475088,454176,10614,0,676,0
11.319123029708862,347329,468120,510108,489090,10431,0,676,0
11.319123029708862,347338,433236,475088,454176,10614,0,676,0
11.335723876953125,347329,468120,510108,489090,10431,0,676,0
11.335723876953125,347338,433236,475088,454176,10614,0,676,0
11.35216498374939,347329,468120,510108,489090,10431,0,676,0
11.35216498374939,347338,433236,475088,454176,10614,0,676,0
11.368721008300781,347329,468120,510108,489090,10431,0,676,0
11.368721008300781,347338,433236,475088,454176,10614,0,676,0
11.385071992874146,347329,468120,512156,489090,10431,0,676,0
11.385071992874146,347338,433236,475088,454176,10614,0,676,0
11.401402950286865,347329,472216,514204,493186,10432,0,676,0
11.401402950286865,347338,433300,475216,454240,10630,0,676,0
11.417990922927856,347329,474264,516252,495234,10434,0,676,0
11.417990922927856,347338,435348,477276,456288,10630,0,676,0
11.434514999389648,347329,474264,516252,495234,10434,0,676,0
11.434514999389648,347338,435352,477276,456292,10632,0,676,0
11.45163893699646,347329,474268,516252,495238,10435,0,676,0
11.45163893699646,347338,435352,477276,456292,10632,0,676,0
11.470139980316162,347329,474268,516252,495238,10435,0,676,0
11.470139980316162,347338,435352,477276,456292,10632,0,676,0
11.487377882003784,347329,474268,516252,495238,10435,0,676,0
11.487377882003784,347338,435352,477276,456292,10632,0,676,0
11.504410028457642,347329,474268,516252,495238,10435,0,676,0
11.504410028457642,347338,435352,477276,456292,10632,0,676,0
11.521477937698364,347329,474268,516252,495238,10435,0,676,0
11.521477937698364,347338,435352,477276,456292,10632,0,676,0
11.53801703453064,347329,478364,524448,499334,10435,0,677,0
11.53801703453064,347338,435352,477276,456292,10632,0,676,0
11.554805994033813,347329,482460,524448,503430,10439,0,677,0
11.554805994033813,347338,435352,477276,456292,10632,0,676,0
11.571358919143677,347329,482460,524448,503430,10439,0,677,0
11.571358919143677,347338,435352,477276,456292,10632,0,676,0
11.587996006011963,347329,482460,524448,503430,10439,0,677,0
11.587996006011963,347338,435352,477276,456292,10632,0,676,0
11.60470986366272,347329,482460,524448,503430,10439,0,677,0
11.60470986366272,347338,435352,477276,456292,10632,0,676,0
11.62139892578125,347329,482460,524448,503430,10439,0,677,0
11.62139892578125,347338,435352,477276,456292,10632,0,676,0
11.638038873672485,347329,484508,526496,505478,10440,0,677,0
11.638038873672485,347338,435352,477276,456292,10632,0,676,0
11.656198024749756,347329,484508,526496,505478,10440,0,677,0
11.656198024749756,347338,435352,477276,456292,10632,0,676,0
11.674515008926392,347329,484508,526496,505478,10440,0,677,0
11.674515008926392,347338,441496,483424,462436,10635,0,676,0
11.692466020584106,347329,484508,526496,505478,10440,0,677,0
11.692466020584106,347338,441496,483424,462436,10635,0,676,0
11.710370063781738,347329,484508,526496,505478,10440,0,677,0
11.710370063781738,347338,441496,483424,462436,10635,0,676,0
11.726726055145264,347329,484508,526496,505478,10440,0,677,0
11.726726055145264,347338,449688,491616,470628,10639,0,676,0
11.7433500289917,347329,484508,526496,505478,10440,0,677,0
11.7433500289917,347338,449688,491616,470628,10639,0,676,0
11.759966850280762,347329,486556,528544,507526,10441,0,677,0
11.759966850280762,347338,449688,491616,470628,10639,0,676,0
11.776667833328247,347329,486556,528544,507526,10441,0,677,0
11.776667833328247,347338,449688,491616,470628,10639,0,676,0
11.793413877487183,347329,486556,528544,507526,10441,0,677,0
11.793413877487183,347338,449688,491616,470628,10639,0,676,0
11.809991836547852,347329,486556,528544,507526,10441,0,677,0
11.809991836547852,347338,449688,491616,470628,10639,0,676,0
11.827913999557495,347329,486556,528544,507526,10441,0,677,0
11.827913999557495,347338,449688,491616,470628,10639,0,676,0
11.844712018966675,347329,486556,528544,507526,10441,0,677,0
11.844712018966675,347338,449688,491616,470628,10639,0,676,0
11.861100912094116,347329,486556,528544,507526,10441,0,677,0
11.861100912094116,347338,449688,491616,470628,10639,0,676,0
11.877804040908813,347329,486556,528544,507526,10441,0,677,0
11.877804040908813,347338,449688,491616,470628,10639,0,676,0
11.89432406425476,347329,486556,528544,507526,10441,0,677,0
11.89432406425476,347338,449688,491616,470628,10639,0,676,0
11.91072392463684,347329,486556,528544,507526,10441,0,677,0
11.91072392463684,347338,449688,491616,470628,10639,0,676,0
11.927268028259277,347329,486556,528544,507526,10441,0,677,0
11.927268028259277,347338,449688,491616,470628,10639,0,676,0
11.943793058395386,347329,486556,528544,507526,10441,0,677,0
11.943793058395386,347338,449688,491616,470628,10639,0,676,0
11.960294961929321,347329,486556,528544,507526,10441,0,677,0
11.960294961929321,347338,449688,491616,470628,10639,0,676,0
11.976861000061035,347329,486556,528544,507526,10441,0,677,0
11.976861000061035,347338,449688,491616,470628,10639,0,676,0
11.993288040161133,347329,486556,528544,507526,10441,0,677,0
11.993288040161133,347338,449688,491616,470628,10639,0,676,0
12.00973391532898,347329,486556,528544,507526,10441,0,677,0
12.00973391532898,347338,449688,491616,470628,10639,0,676,0
12.026181936264038,347329,488604,530592,509574,10442,0,677,0
12.026181936264038,347338,449688,491616,470628,10639,0,676,0
12.042567014694214,347329,488604,530592,509574,10442,0,677,0
12.042567014694214,347338,449688,491616,470628,10639,0,676,0
12.059043884277344,347329,488604,530592,509574,10442,0,677,0
12.059043884277344,347338,449688,491616,470628,10639,0,676,0
12.075891971588135,347329,488604,530592,509574,10442,0,677,0
12.075891971588135,347338,449688,491616,470628,10639,0,676,0
12.09256100654602,347329,488604,530592,509574,10442,0,677,0
12.09256100654602,347338,449688,491616,470628,10639,0,676,0
12.109176874160767,347329,488604,530592,509574,10442,0,677,0
12.109176874160767,347338,449688,491616,470628,10639,0,676,0
12.125730037689209,347329,488604,530592,509574,10442,0,677,0
12.125730037689209,347338,449688,491616,470628,10639,0,676,0
12.142369985580444,347329,488604,530592,509574,10442,0,677,0
12.142369985580444,347338,449688,491616,470628,10639,0,676,0
12.158972024917603,347329,488604,530592,509574,10442,0,677,0
12.158972024917603,347338,449688,491616,470628,10639,0,676,0
12.175811052322388,347329,488604,530592,509574,10442,0,677,0
12.175811052322388,347338,449688,491616,470628,10639,0,676,0
12.192529916763306,347329,488604,530592,509574,10442,0,677,0
12.192529916763306,347338,453784,495712,474724,10641,0,676,0
12.209367990493774,347329,488604,530592,509574,10442,0,677,0
12.209367990493774,347338,455832,497760,476772,10642,0,676,0
12.226073026657104,347329,488604,530592,509574,10442,0,677,0
12.226073026657104,347338,457880,499808,478820,10643,0,676,0
12.242694854736328,347329,488604,530592,509574,10442,0,677,0
12.242694854736328,347338,457880,499808,478820,10643,0,676,0
12.259373903274536,347329,490652,532640,511622,10443,0,677,0
12.259373903274536,347338,457880,499808,478820,10643,0,676,0
12.276087999343872,347329,490652,532640,511622,10443,0,677,0
12.276087999343872,347338,457880,499808,478820,10643,0,676,0
12.2931649684906,347329,490652,532640,511622,10443,0,677,0
12.2931649684906,347338,457880,499808,478820,10643,0,676,0
12.309628009796143,347329,490652,532640,511622,10443,0,677,0
12.309628009796143,347338,457880,499808,478820,10643,0,676,0
12.326161861419678,347329,492700,534688,513670,10444,0,677,0
12.326161861419678,347338,457880,499808,478820,10643,0,676,0
12.342723846435547,347329,492700,534688,513670,10444,0,677,0
12.342723846435547,347338,457880,499808,478820,10643,0,676,0
12.359292984008789,347329,492700,534688,513670,10444,0,677,0
12.359292984008789,347338,457880,499808,478820,10643,0,676,0
12.375953912734985,347329,496796,538784,517766,10446,0,677,0
12.375953912734985,347338,464024,505952,484964,10646,0,676,0
12.392498970031738,347329,496796,538784,517766,10446,0,677,0
12.392498970031738,347338,466072,508000,487012,10647,0,676,0
12.409255027770996,347329,498844,540832,519814,10447,0,677,0
12.409255027770996,347338,468120,510048,489060,10648,0,676,0
12.425984859466553,347329,498844,540832,519814,10447,0,677,0
12.425984859466553,347338,470168,512096,491108,10649,0,676,0
12.442452907562256,347329,500892,542880,521862,10448,0,677,0
12.442452907562256,347338,470168,512096,491108,10649,0,676,0
12.458844900131226,347329,500892,542880,521862,10448,0,677,0
12.458844900131226,347338,470232,512096,491172,10665,0,676,0
12.475345849990845,347329,502940,544928,523910,10449,0,677,0
12.475345849990845,347338,470232,512096,491172,10665,0,676,0
12.491881847381592,347329,502940,544928,523910,10449,0,677,0
12.491881847381592,347338,470232,512096,491172,10665,0,676,0
12.508478879928589,347329,502940,544928,523910,10449,0,677,0
12.508478879928589,347338,470232,512096,491172,10665,0,676,0
12.525426864624023,347329,502940,544928,523910,10449,0,677,0
12.525426864624023,347338,470232,512096,491172,10665,0,676,0
12.541879892349243,347329,505144,547104,526114,10489,0,677,0
12.541879892349243,347338,470296,512224,491236,10681,0,676,0
12.558313846588135,347329,505144,547104,526114,10489,0,677,0
12.558313846588135,347338,470296,512224,491236,10681,0,676,0
12.574769020080566,347329,505144,547104,526114,10489,0,677,0
12.574769020080566,347338,470296,512224,491236,10681,0,676,0
12.591133832931519,347329,505144,547104,526114,10489,0,677,0
12.591133832931519,347338,470296,512224,491236,10681,0,676,0
12.607743978500366,347329,507056,549052,528026,10490,0,677,0
12.607743978500366,347338,470296,512224,491236,10681,0,676,0
12.624161958694458,347329,507056,549052,528026,10490,0,677,0
12.624161958694458,347338,470296,512224,491236,10681,0,676,0
12.640687942504883,347329,507184,549052,528154,10522,0,677,0
12.640687942504883,347338,470296,512224,491236,10681,0,676,0
12.657789945602417,347329,507184,549052,528154,10522,0,677,0
12.657789945602417,347338,472344,514272,493284,10682,0,676,0
12.67428183555603,347329,507184,549052,528154,10522,0,677,0
12.67428183555603,347338,472344,514272,493284,10682,0,676,0
12.69088101387024,347329,509084,551072,530054,10523,0,677,0
12.69088101387024,347338,472344,514272,493284,10682,0,676,0
12.707459926605225,347329,509084,551072,530054,10523,0,677,0
12.707459926605225,347338,472344,514272,493284,10682,0,676,0
12.723978996276855,347329,509084,551072,530054,10523,0,677,0
12.723978996276855,347338,474392,516320,495332,10683,0,676,0
12.740687847137451,347329,509084,551072,530054,10523,0,677,0
12.740687847137451,347338,474392,516320,495332,10683,0,676,0
12.757091045379639,347329,511132,553120,532102,10524,0,677,0
12.757091045379639,347338,474392,516320,495332,10683,0,676,0
12.773401021957397,347329,511132,553120,532102,10524,0,677,0
12.773401021957397,347338,474392,516320,495332,10683,0,676,0
12.789989948272705,347329,517276,559264,538246,10527,0,678,0
12.789989948272705,347338,474392,516320,495332,10683,0,676,0
12.806618928909302,347329,519324,561312,540294,10528,0,678,0
12.806618928909302,347338,474392,516320,495332,10683,0,676,0
12.82307505607605,347329,519324,561312,540294,10528,0,678,0
12.82307505607605,347338,474392,516320,495332,10683,0,676,0
12.839335918426514,347329,519324,561312,540294,10528,0,678,0
12.839335918426514,347338,474392,516320,495332,10683,0,676,0
12.855762004852295,347329,519324,561312,540294,10528,0,678,0
12.855762004852295,347338,482584,524512,503524,10687,0,677,0
12.872278928756714,347329,521372,563360,542342,10529,0,678,0
12.872278928756714,347338,484632,526560,505572,10688,0,677,0
12.888828992843628,347329,523420,565408,544390,10530,0,678,0
12.888828992843628,347338,484632,526560,505572,10688,0,677,0
12.905412912368774,347329,523420,565408,544390,10530,0,678,0
12.905412912368774,347338,484632,526560,505572,10688,0,677,0
12.9219388961792,347329,523420,565408,544390,10530,0,678,0
12.9219388961792,347338,484632,526560,505572,10688,0,677,0
12.93835997581482,347329,525468,567456,546438,10530,0,678,0
12.93835997581482,347338,484632,526560,505572,10688,0,677,0
12.954920053482056,347329,527516,569504,548486,10532,0,678,0
12.954920053482056,347338,484632,526560,505572,10688,0,677,0
12.971675872802734,347329,527516,569504,548486,10532,0,678,0
12.971675872802734,347338,484632,526560,505572,10688,0,677,0
12.98838496208191,347329,527516,569504,548486,10532,0,678,0
12.98838496208191,347338,484632,526560,505572,10688,0,677,0
13.004885911941528,347329,527516,569504,548486,10532,0,678,0
13.004885911941528,347338,484632,526560,505572,10688,0,677,0
13.021443843841553,347329,527516,569504,548486,10532,0,678,0
13.021443843841553,347338,486680,528608,507620,10689,0,677,0
13.037891864776611,347329,527516,569504,548486,10532,0,678,0
13.037891864776611,347338,486680,528608,507620,10689,0,677,0
13.05440902709961,347329,527516,569504,548486,10532,0,678,0
13.05440902709961,347338,486680,528608,507620,10689,0,677,0
13.070940017700195,347329,529564,571552,550534,10533,0,678,0
13.070940017700195,347338,486680,528608,507620,10689,0,677,0
13.087461948394775,347329,529564,571552,550534,10533,0,678,0
13.087461948394775,347338,486680,528608,507620,10689,0,677,0
13.103836059570312,347329,529564,571552,550534,10533,0,678,0
13.103836059570312,347338,486680,528608,507620,10689,0,677,0
13.120486974716187,347329,529564,571552,550534,10533,0,678,0
13.120486974716187,347338,488728,530656,509668,10690,0,677,0
13.136934995651245,347329,529564,571552,550534,10533,0,678,0
13.136934995651245,347338,488728,530656,509668,10690,0,677,0
13.153403997421265,347329,529564,571552,550534,10533,0,678,0
13.153403997421265,347338,488728,530656,509668,10690,0,677,0
13.170122861862183,347329,531612,573600,552582,10534,0,678,0
13.170122861862183,347338,488728,530656,509668,10690,0,677,0
13.186662912368774,347329,531612,573600,552582,10534,0,678,0
13.186662912368774,347338,488728,530656,509668,10690,0,677,0
13.203264951705933,347329,531612,573600,552582,10534,0,678,0
13.203264951705933,347338,488728,530656,509668,10690,0,677,0
13.219851016998291,347329,531612,573600,552582,10534,0,678,0
13.219851016998291,347338,488728,530656,509668,10690,0,677,0
13.236471891403198,347329,531612,573600,552582,10534,0,678,0
13.236471891403198,347338,490776,532704,511716,10691,0,677,0
13.252851009368896,347329,531612,573600,552582,10534,0,678,0
13.252851009368896,347338,490776,532704,511716,10691,0,677,0
13.269304037094116,347329,531612,573600,552582,10534,0,678,0
13.269304037094116,347338,490776,532704,511716,10691,0,677,0
13.28582501411438,347329,533660,575648,554630,10535,0,678,0
13.28582501411438,347338,490776,532704,511716,10691,0,677,0
13.302454948425293,347329,533660,575648,554630,10535,0,678,0
13.302454948425293,347338,490776,532704,511716,10691,0,677,0
13.31895399093628,347329,535708,577696,556678,10536,0,678,0
13.31895399093628,347338,490780,532704,511720,10692,0,677,0
13.335482835769653,347329,535708,577696,556678,10536,0,678,0
13.335482835769653,347338,490780,532704,511720,10692,0,677,0
13.3521249294281,347329,535708,577696,556678,10536,0,678,0
13.3521249294281,347338,490780,532704,511720,10692,0,677,0
13.36893105506897,347329,535708,577696,556678,10536,0,678,0
13.36893105506897,347338,490780,532704,511720,10692,0,677,0
13.386096000671387,347329,535708,577696,556678,10536,0,678,0
13.386096000671387,347338,490784,532704,511724,10693,0,677,0
13.402750968933105,347329,535708,577696,556678,10536,0,678,0
13.402750968933105,347338,490784,532704,511724,10693,0,677,0
13.41930603981018,347329,535708,577696,556678,10536,0,678,0
13.41930603981018,347338,490784,532704,511724,10693,0,677,0
13.435950994491577,347329,535708,577696,556678,10536,0,678,0
13.435950994491577,347338,492832,534760,513772,10694,0,677,0
13.452873945236206,347329,535708,577696,556678,10536,0,678,0
13.452873945236206,347338,492832,534760,513772,10694,0,677,0
13.469388008117676,347329,537756,579744,558726,10537,0,678,0
13.469388008117676,347338,492832,534760,513772,10694,0,677,0
13.485864877700806,347329,539804,583840,560774,10538,0,678,0
13.485864877700806,347338,492832,534760,513772,10694,0,677,0
13.502351999282837,347329,543900,585888,564870,10540,0,678,0
13.502351999282837,347338,494880,538856,515820,10695,0,677,0
13.518808841705322,347329,543900,585888,564870,10540,0,678,0
13.518808841705322,347338,496928,538856,517868,10696,0,677,0
13.535263061523438,347329,543900,585888,564870,10540,0,678,0
13.535263061523438,347338,496928,540904,517868,10696,0,677,0
13.55171799659729,347329,543900,585888,564870,10540,0,678,0
13.55171799659729,347338,498976,540904,519916,10697,0,677,0
13.567993879318237,347329,543900,585888,564870,10540,0,678,0
13.567993879318237,347338,498976,540904,519916,10697,0,677,0
13.584204912185669,347329,545948,587936,566918,10541,0,678,0
13.584204912185669,347338,501024,542952,521964,10697,0,677,0
13.600632905960083,347329,545948,587936,566918,10541,0,678,0
13.600632905960083,347338,501024,542952,521964,10698,0,677,0
13.616981029510498,347329,545948,587936,566918,10541,0,678,0
13.616981029510498,347338,501024,542952,521964,10698,0,677,0
13.63330602645874,347329,545948,587936,566918,10541,0,678,0
13.63330602645874,347338,501024,542952,521964,10698,0,677,0
13.649483919143677,347329,545948,587936,566918,10541,0,678,0
13.649483919143677,347338,501024,542952,521964,10698,0,677,0
13.665874004364014,347329,545948,587936,566918,10541,0,678,0
13.665874004364014,347338,501024,542952,521964,10698,0,677,0
13.682325839996338,347329,545948,587936,566918,10541,0,678,0
13.682325839996338,347338,501024,542952,521964,10698,0,677,0
13.698904037475586,347329,545948,587936,566918,10541,0,678,0
13.698904037475586,347338,501024,542952,521964,10698,0,677,0
13.71544885635376,347329,545948,587936,566918,10541,0,678,0
13.71544885635376,347338,501024,542952,521964,10698,0,677,0
13.73210096359253,347329,545948,587936,566918,10541,0,678,0
13.73210096359253,347338,501024,542952,521964,10698,0,677,0
13.749265909194946,347329,545948,587936,566918,10541,0,678,0
13.749265909194946,347338,501024,542952,521964,10698,0,677,0
13.765957832336426,347329,545948,587936,566918,10541,0,678,0
13.765957832336426,347338,503072,545000,524012,10699,0,677,0
13.784421920776367,347329,545948,587936,566918,10541,0,678,0
13.784421920776367,347338,503072,545000,524012,10699,0,677,0
13.801175832748413,347329,545948,587936,566918,10541,0,678,0
13.801175832748413,347338,505120,547048,526060,10700,0,677,0
13.818176984786987,347329,545948,587936,566918,10541,0,678,0
13.818176984786987,347338,505120,547048,526060,10700,0,677,0
13.835155010223389,347329,545948,587936,566918,10541,0,678,0
13.835155010223389,347338,509216,551144,530156,10702,0,677,0
13.851939916610718,347329,545948,587936,566918,10541,0,678,0
13.851939916610718,347338,509216,551144,530156,10702,0,677,0
13.869197845458984,347329,545948,587936,566918,10541,0,678,0
13.869197845458984,347338,509216,551144,530156,10702,0,677,0
13.885907888412476,347329,545948,587936,566918,10541,0,678,0
13.885907888412476,347338,509216,551144,530156,10702,0,677,0
13.902513027191162,347329,545948,587936,566918,10541,0,678,0
13.902513027191162,347338,509376,551272,530316,10742,0,677,0
13.919270992279053,347329,545948,587936,566918,10541,0,678,0
13.919270992279053,347338,509376,551272,530316,10742,0,677,0
13.93591594696045,347329,545948,587936,566918,10541,0,678,0
13.93591594696045,347338,511424,553352,532364,10742,0,677,0
13.953104019165039,347329,545948,587936,566918,10541,0,678,0
13.953104019165039,347338,511312,553352,532252,10743,0,677,0
13.969735860824585,347329,545948,587936,566918,10541,0,678,0
13.969735860824585,347338,511312,553352,532252,10743,0,677,0
13.986340045928955,347329,545948,587936,566918,10541,0,678,0
13.986340045928955,347338,511312,553352,532252,10743,0,677,0
14.003188848495483,347329,545948,587936,566918,10541,0,678,0
14.003188848495483,347338,511432,553352,532372,10773,0,677,0
14.020112037658691,347329,545948,587936,566918,10541,0,678,0
14.020112037658691,347338,513480,555408,534420,10774,0,677,0
14.036964893341064,347329,545948,587936,566918,10541,0,678,0
14.036964893341064,347338,513480,555408,534420,10774,0,677,0
14.05407190322876,347329,545948,587936,566918,10541,0,678,0
14.05407190322876,347338,513480,555408,534420,10774,0,677,0
14.070826053619385,347329,545948,587936,566918,10541,0,678,0
14.070826053619385,347338,513320,555248,534260,10774,0,677,0
14.087602853775024,347329,545948,587936,566918,10541,0,678,0
14.087602853775024,347338,513320,555248,534260,10774,0,677,0
14.104464054107666,347329,545948,587936,566918,10541,0,678,0
14.104464054107666,347338,513320,555248,534260,10774,0,677,0
14.121348857879639,347329,545948,587936,566918,10541,0,678,0
14.121348857879639,347338,513320,555248,534260,10774,0,677,0
14.138147830963135,347329,545948,587936,566918,10541,0,678,0
14.138147830963135,347338,517416,559344,538356,10776,0,678,0
14.155312061309814,347329,545948,587936,566918,10541,0,678,0
14.155312061309814,347338,517416,559344,538356,10776,0,678,0
14.17215085029602,347329,545948,587936,566918,10541,0,678,0
14.17215085029602,347338,521512,563440,542452,10778,0,678,0
14.189051866531372,347329,545948,587936,566918,10541,0,678,0
14.189051866531372,347338,523560,565488,544500,10779,0,678,0
14.205858945846558,347329,545948,587936,566918,10541,0,678,0
14.205858945846558,347338,523560,565488,544500,10779,0,678,0
14.222564935684204,347329,545948,587936,566918,10541,0,678,0
14.222564935684204,347338,523560,565488,544500,10779,0,678,0
14.23937702178955,347329,545948,587936,566918,10541,0,678,0
14.23937702178955,347338,523560,565488,544500,10779,0,678,0
14.25629997253418,347329,545948,587936,566918,10541,0,678,0
14.25629997253418,347338,523560,565488,544500,10779,0,678,0
14.273189067840576,347329,545948,587936,566918,10541,0,678,0
14.273189067840576,347338,523560,567536,544500,10779,0,678,0
14.289954900741577,347329,545948,587936,566918,10541,0,678,0
14.289954900741577,347338,525608,567536,546548,10780,0,678,0
14.30684494972229,347329,545948,587936,566918,10541,0,678,0
14.30684494972229,347338,527656,569584,548596,10781,0,678,0
14.323742866516113,347329,545948,587936,566918,10541,0,678,0
14.323742866516113,347338,529704,571632,550644,10782,0,678,0
14.340442895889282,347329,545948,587936,566918,10541,0,678,0
14.340442895889282,347338,529704,571632,550644,10782,0,678,0
14.357257843017578,347329,545948,587936,566918,10541,0,678,0
14.357257843017578,347338,533800,575728,554740,10784,0,678,0
14.374467849731445,347329,545948,587936,566918,10541,0,678,0
14.374467849731445,347338,533800,575728,554740,10784,0,678,0
14.391198873519897,347329,545948,587936,566918,10541,0,678,0
14.391198873519897,347338,533800,575728,554740,10784,0,678,0
14.407832860946655,347329,545948,587936,566918,10541,0,678,0
14.407832860946655,347338,533800,575728,554740,10784,0,678,0
14.424535989761353,347329,545948,587936,566918,10541,0,678,0
14.424535989761353,347338,533800,575728,554740,10784,0,678,0
14.441421031951904,347329,545948,587936,566918,10541,0,678,0
14.441421031951904,347338,533800,575728,554740,10784,0,678,0
14.45829701423645,347329,545948,587936,566918,10541,0,678,0
14.45829701423645,347338,533800,575728,554740,10784,0,678,0
14.475167989730835,347329,545948,587936,566918,10541,0,678,0
14.475167989730835,347338,533800,575728,554740,10784,0,678,0
14.492074012756348,347329,545948,587936,566918,10541,0,678,0
14.492074012756348,347338,533800,575728,554740,10784,0,678,0
14.508810997009277,347329,545948,587936,566918,10541,0,678,0
14.508810997009277,347338,533800,575728,554740,10784,0,678,0
14.525421857833862,347329,545948,587936,566918,10541,0,678,0
14.525421857833862,347338,533800,575728,554740,10784,0,678,0
14.541888952255249,347329,545948,587936,566918,10541,0,678,0
14.541888952255249,347338,533800,575728,554740,10784,0,678,0
14.558475971221924,347329,545948,587936,566918,10541,0,678,0
14.558475971221924,347338,533800,575728,554740,10784,0,678,0
14.575718879699707,347329,545948,587936,566918,10541,0,678,0
14.575718879699707,347338,533800,575728,554740,10784,0,678,0
14.592445850372314,347329,545948,587936,566918,10541,0,678,0
14.592445850372314,347338,533800,575728,554740,10784,0,678,0
14.609261989593506,347329,545948,587936,566918,10541,0,678,0
14.609261989593506,347338,533800,575728,554740,10784,0,678,0
14.626106023788452,347329,545948,587936,566918,10541,0,678,0
14.626106023788452,347338,533800,575728,554740,10784,0,678,0
14.64286994934082,347329,545948,587936,566918,10541,0,678,0
14.64286994934082,347338,533800,575728,554740,10784,0,678,0
14.659567832946777,347329,545948,587936,566918,10541,0,678,0
14.659567832946777,347338,533800,575728,554740,10784,0,678,0
14.676408052444458,347329,545948,587936,566918,10541,0,678,0
14.676408052444458,347338,535848,577776,556788,10785,0,678,0
14.693187952041626,347329,545948,587936,566918,10541,0,678,0
14.693187952041626,347338,535848,577776,556788,10785,0,678,0
14.71010684967041,347329,545948,587936,566918,10541,0,678,0
14.71010684967041,347338,535848,577776,556788,10785,0,678,0
14.726911067962646,347329,545948,587936,566918,10541,0,678,0
14.726911067962646,347338,535848,577776,556788,10785,0,678,0
14.74373197555542,347329,545948,587936,566918,10541,0,678,0
14.74373197555542,347338,537896,579824,558836,10786,0,678,0
14.760880947113037,347329,545948,587936,566918,10541,0,678,0
14.760880947113037,347338,539944,581872,560884,10787,0,678,0
14.777782917022705,347329,545948,587936,566918,10541,0,678,0
14.777782917022705,347338,544040,585968,564980,10789,0,678,0
14.794502973556519,347329,545948,587936,566918,10541,0,678,0
14.794502973556519,347338,546088,588016,567028,10790,0,678,0
14.811346054077148,347329,545948,587936,566918,10541,0,678,0
14.811346054077148,347338,548136,590064,569076,10791,0,678,0
14.827913999557495,347329,545948,587936,566918,10541,0,678,0
14.827913999557495,347338,548136,590064,569076,10791,0,678,0
14.844339847564697,347329,545948,587936,566918,10541,0,678,0
14.844339847564697,347338,548136,590064,569076,10791,0,678,0
14.86095905303955,347329,545948,587936,566918,10541,0,678,0
14.86095905303955,347338,548136,590064,569076,10791,0,678,0
14.877840995788574,347329,545948,587936,566918,10541,0,678,0
14.877840995788574,347338,548136,590064,569076,10791,0,678,0
14.894460916519165,347329,545948,587936,566918,10541,0,678,0
14.894460916519165,347338,548136,590064,569076,10791,0,678,0
14.911087989807129,347329,545948,587936,566918,10541,0,678,0
14.911087989807129,347338,548136,590064,569076,10791,0,678,0
14.92776083946228,347329,545948,587936,566918,10541,0,678,0
14.92776083946228,347338,548136,590064,569076,10791,0,678,0
14.944208860397339,347329,545948,587936,566918,10541,0,678,0
14.944208860397339,347338,548136,590064,569076,10791,0,678,0
14.960784912109375,347329,545948,587936,566918,10541,0,678,0
14.960784912109375,347338,548136,590064,569076,10791,0,678,0
14.977269887924194,347329,545948,587936,566918,10541,0,678,0
14.977269887924194,347338,548136,590064,569076,10791,0,678,0
14.994156837463379,347329,545948,587936,566918,10541,0,678,0
14.994156837463379,347338,548136,590064,569076,10791,0,678,0
15.010455846786499,347329,552092,596128,573062,10544,0,678,0
15.010455846786499,347338,548136,590064,569076,10791,0,678,0
15.026908874511719,347329,562332,604320,583302,10548,0,678,0
15.026908874511719,347338,548136,590064,569076,10791,0,678,0
15.043455839157104,347329,570524,612512,591494,10553,0,678,0
15.043455839157104,347338,548136,590064,569076,10791,0,678,0
15.059777975082397,347329,578716,620704,599686,10557,0,678,0
15.059777975082397,347338,548136,590064,569076,10791,0,678,0
15.076395988464355,347329,586908,628896,607878,10561,0,679,0
15.076395988464355,347338,548136,590064,569076,10791,0,678,0
15.092566967010498,347329,595100,637088,616070,10565,0,679,0
15.092566967010498,347338,548136,590064,569076,10791,0,678,0
15.108828067779541,347329,603292,645280,624262,10569,0,679,0
15.108828067779541,347338,548136,590064,569076,10791,0,678,0
15.1250479221344,347329,611484,653472,632454,10573,0,679,0
15.1250479221344,347338,548136,590064,569076,10791,0,678,0
15.141343832015991,347329,619676,661664,640646,10577,0,680,0
15.141343832015991,347338,548136,590064,569076,10791,0,678,0
15.157780885696411,347329,627868,669856,648838,10581,0,680,0
15.157780885696411,347338,548136,590064,569076,10791,0,678,0
15.174182891845703,347329,636060,678048,657030,10585,0,680,0
15.174182891845703,347338,548136,590064,569076,10791,0,678,0
15.19052505493164,347329,644252,686240,665222,10589,0,680,0
15.19052505493164,347338,548136,590064,569076,10791,0,678,0
15.206938028335571,347329,652444,696480,673414,10593,0,680,0
15.206938028335571,347338,548136,590064,569076,10791,0,678,0
15.22316288948059,347329,660636,704672,681606,10597,0,680,0
15.22316288948059,347338,548136,590064,569076,10791,0,678,0
15.239443063735962,347329,670876,712864,691846,10601,0,680,0
15.239443063735962,347338,548136,590064,569076,10791,0,678,0
15.255635976791382,347329,679068,721056,700038,10605,0,681,0
15.255635976791382,347338,548136,590064,569076,10791,0,678,0
15.271911859512329,347329,687260,729248,708230,10610,0,681,0
15.271911859512329,347338,548136,590064,569076,10791,0,678,0
15.288280010223389,347329,695452,737440,716422,10614,0,681,0
15.288280010223389,347338,548136,590064,569076,10791,0,678,0
15.30469799041748,347329,703644,745632,724614,10618,0,681,0
15.30469799041748,347338,548136,590064,569076,10791,0,678,0
15.320973873138428,347329,711836,753824,732806,10622,0,682,0
15.320973873138428,347338,548136,590064,569076,10791,0,678,0
15.337255954742432,347329,720028,762016,740998,10626,0,682,0
15.337255954742432,347338,548136,590064,569076,10791,0,678,0
15.35343885421753,347329,728220,770208,749190,10630,0,682,0
15.35343885421753,347338,548136,590064,569076,10791,0,678,0
15.369572877883911,347329,736412,778400,757382,10634,0,682,0
15.369572877883911,347338,548136,590064,569076,10791,0,678,0
15.38596487045288,347329,744604,786592,765574,10638,0,682,0
15.38596487045288,347338,548136,590064,569076,10791,0,678,0
15.402442932128906,347329,752796,794784,773766,10642,0,682,0
15.402442932128906,347338,548136,590064,569076,10791,0,678,0
15.418730020523071,347329,760988,802976,781958,10646,0,682,0
15.418730020523071,347338,548136,590064,569076,10791,0,678,0
15.434990882873535,347329,769180,813216,790150,10650,0,682,0
15.434990882873535,347338,548136,590064,569076,10791,0,678,0
15.45133090019226,347329,777372,821408,798342,10654,0,683,0
15.45133090019226,347338,548136,590064,569076,10791,0,678,0
15.46746301651001,347329,787612,829600,808582,10658,0,683,0
15.46746301651001,347338,548136,590064,569076,10791,0,678,0
15.48380184173584,347329,795804,837792,816774,10662,0,683,0
15.48380184173584,347338,548136,590064,569076,10791,0,678,0
15.500118970870972,347329,803996,845984,824966,10667,0,683,0
15.500118970870972,347338,548136,590064,569076,10791,0,678,0
15.516371965408325,347329,812188,854176,833158,10671,0,684,0
15.516371965408325,347338,548136,590064,569076,10791,0,678,0
15.532546043395996,347329,820380,862368,841350,10675,0,684,0
15.532546043395996,347338,548136,590064,569076,10791,0,678,0
15.548884868621826,347329,828572,870560,849542,10679,0,684,0
15.548884868621826,347338,548136,590064,569076,10791,0,678,0
15.56519889831543,347329,836764,878752,857734,10683,0,684,0
15.56519889831543,347338,548136,590064,569076,10791,0,678,0
15.581460952758789,347329,844956,886944,865926,10687,0,684,0
15.581460952758789,347338,548136,590064,569076,10791,0,678,0
15.597638845443726,347329,853148,895136,874118,10691,0,684,0
15.597638845443726,347338,548136,590064,569076,10791,0,678,0
15.61392092704773,347329,861340,903328,882310,10695,0,684,0
15.61392092704773,347338,548136,590064,569076,10791,0,678,0
15.630336046218872,347329,869532,911520,890502,10699,0,684,0
15.630336046218872,347338,548136,590064,569076,10791,0,678,0
15.64655590057373,347329,877724,919712,898694,10703,0,685,0
15.64655590057373,347338,548136,590064,569076,10791,0,678,0
15.662790060043335,347329,885916,927904,906886,10707,0,685,0
15.662790060043335,347338,548136,590064,569076,10791,0,678,0
15.679147005081177,347329,894108,938144,915078,10711,0,685,0
15.679147005081177,347338,548136,590064,569076,10791,0,678,0
15.695487022399902,347329,902300,946336,923270,10715,0,685,0
15.695487022399902,347338,548136,590064,569076,10791,0,678,0
15.711732864379883,347329,912540,954528,933510,10719,0,686,0
15.711732864379883,347338,548136,590064,569076,10791,0,678,0
15.731582880020142,347329,920732,964768,941702,10724,0,686,0
15.731582880020142,347338,548136,590064,569076,10791,0,678,0
15.747865915298462,347329,930972,972960,951942,10728,0,686,0
15.747865915298462,347338,548136,590064,569076,10791,0,678,0
15.764181852340698,347329,937116,979104,958086,10732,0,686,0
15.764181852340698,347338,548136,590064,569076,10791,0,678,0
15.780492067337036,347329,943260,987296,964230,10735,0,686,0
15.780492067337036,347338,548136,590064,569076,10791,0,678,0
15.796886920928955,347329,951452,993440,972422,10739,0,686,0
15.796886920928955,347338,548136,590064,569076,10791,0,678,0
15.813263893127441,347329,959644,1003680,980614,10743,0,686,0
15.813263893127441,347338,548136,590064,569076,10791,0,678,0
15.829594850540161,347329,967836,1011872,988806,10747,0,686,0
15.829594850540161,347338,548136,590064,569076,10791,0,678,0
15.84580683708191,347329,976028,1020064,996998,10751,0,687,0
15.84580683708191,347338,548136,590064,569076,10791,0,678,0
15.862077951431274,347329,986268,1028256,1007238,10755,0,687,0
15.862077951431274,347338,548136,590064,569076,10791,0,678,0
15.878412961959839,347329,994460,1036448,1015430,10759,0,687,0
15.878412961959839,347338,548136,590064,569076,10791,0,678,0
15.894686937332153,347329,1002652,1044640,1023622,10764,0,687,0
15.894686937332153,347338,548136,590064,569076,10791,0,678,0
15.911049842834473,347329,1010844,1052832,1031814,10768,0,688,0
15.911049842834473,347338,548136,590064,569076,10791,0,678,0
15.927420854568481,347329,1019036,1061024,1040006,10772,0,688,0
15.927420854568481,347338,548136,590064,569076,10791,0,678,0
15.943642854690552,347329,1027228,1069216,1048198,10776,0,688,0
15.943642854690552,347338,548136,590064,569076,10791,0,678,0
15.959867000579834,347329,1035420,1077408,1056390,10780,0,688,0
15.959867000579834,347338,548136,590064,569076,10791,0,678,0
15.976096868515015,347329,1043612,1085600,1064582,10784,0,688,0
15.976096868515015,347338,548136,590064,569076,10791,0,678,0
15.992456912994385,347329,1051804,1093792,1072774,10788,0,688,0
15.992456912994385,347338,548136,590064,569076,10791,0,678,0
16.008853912353516,347329,1059996,1101984,1080966,10792,0,688,0
16.008853912353516,347338,548136,590064,569076,10791,0,678,0
16.025048971176147,347329,1068188,1110176,1089158,10796,0,688,0
16.025048971176147,347338,548136,590064,569076,10791,0,678,0
16.041393995285034,347329,1076380,1118368,1097350,10800,0,689,0
16.041393995285034,347338,548136,590064,569076,10791,0,678,0
16.05766797065735,347329,1084572,1128608,1105542,10804,0,689,0
16.05766797065735,347338,548136,590064,569076,10791,0,678,0
16.073466062545776,347329,1092764,1134752,1113734,10808,0,689,0
16.073466062545776,347338,548136,590064,569076,10791,0,678,0
16.09027600288391,347329,1100956,1144992,1121926,10812,0,689,0
16.09027600288391,347338,548136,590064,569076,10791,0,678,0
16.10697293281555,347329,1111196,1153184,1132166,10816,0,690,0
16.10697293281555,347338,548136,590064,569076,10791,0,678,0
16.123525857925415,347329,1119388,1161376,1140358,10821,0,690,0
16.123525857925415,347338,548136,590064,569076,10791,0,678,0
16.14035201072693,347329,1127580,1169568,1148550,10825,0,690,0
16.14035201072693,347338,548136,590064,569076,10791,0,678,0
16.15686583518982,347329,1135772,1177760,1156742,10829,0,690,0
16.15686583518982,347338,548136,590064,569076,10791,0,678,0
16.173192977905273,347329,1143964,1185952,1164934,10833,0,690,0
16.173192977905273,347338,548136,590064,569076,10791,0,678,0
16.189374923706055,347329,1152156,1194144,1173126,10837,0,690,0
16.189374923706055,347338,548136,590064,569076,10791,0,678,0
16.205549001693726,347329,1160348,1202336,1181318,10841,0,690,0
16.205549001693726,347338,548136,590064,569076,10791,0,678,0
16.22179889678955,347329,1168540,1210528,1189510,10845,0,690,0
16.22179889678955,347338,548136,590064,569076,10791,0,678,0
16.23837900161743,347329,1176732,1218720,1197702,10849,0,691,0
16.23837900161743,347338,548136,590064,569076,10791,0,678,0
16.254739999771118,347329,1180828,1222816,1201798,10851,0,691,0
16.254739999771118,347338,554280,598256,575220,10794,0,678,0
16.271044969558716,347329,1186972,1228960,1207942,10853,0,691,0
16.271044969558716,347338,562472,606448,583412,10798,0,678,0
16.28740406036377,347329,1195164,1237152,1216134,10857,0,691,0
16.28740406036377,347338,572712,614640,593652,10802,0,678,0
16.303748846054077,347329,1203356,1245344,1224326,10862,0,691,0
16.303748846054077,347338,580904,622832,601844,10807,0,679,0
16.320142030715942,347329,1211548,1253536,1232518,10866,0,692,0
16.320142030715942,347338,589096,631024,610036,10811,0,679,0
16.336468935012817,347329,1219740,1261728,1240710,10870,0,692,0
16.336468935012817,347338,597288,639216,618228,10815,0,679,0
16.35280704498291,347329,1227932,1269920,1248902,10874,0,692,0
16.35280704498291,347338,605480,647408,626420,10819,0,679,0
16.369076013565063,347329,1236124,1278112,1257094,10878,0,692,0
16.369076013565063,347338,613672,655600,634612,10823,0,680,0
16.385417938232422,347329,1244316,1286304,1265286,10882,0,692,0
16.385417938232422,347338,621864,663792,642804,10827,0,680,0
16.401793003082275,347329,1252508,1294496,1273478,10886,0,692,0
16.401793003082275,347338,630056,671984,650996,10831,0,680,0
16.41810703277588,347329,1260700,1302688,1281670,10890,0,692,0
16.41810703277588,347338,638248,680176,659188,10835,0,680,0
16.434540033340454,347329,1268892,1310880,1289862,10894,0,692,0
16.434540033340454,347338,646440,688368,667380,10839,0,680,0
16.451303958892822,347329,1277084,1321120,1298054,10898,0,693,0
16.451303958892822,347338,654632,698608,675572,10843,0,680,0
16.467723846435547,347329,1285276,1329312,1306246,10902,0,693,0
16.467723846435547,347338,662824,706800,683764,10847,0,680,0
16.483996868133545,347329,1295516,1337504,1316486,10906,0,693,0
16.483996868133545,347338,673064,714992,694004,10851,0,680,0
16.50045084953308,347329,1303708,1345696,1324678,10911,0,694,0
16.50045084953308,347338,681256,723184,702196,10856,0,681,0
16.51680588722229,347329,1311900,1353888,1332870,10915,0,694,0
16.51680588722229,347338,689448,731376,710388,10860,0,681,0
16.533129930496216,347329,1320092,1362080,1341062,10919,0,694,0
16.533129930496216,347338,697640,739568,718580,10864,0,681,0
16.549492835998535,347329,1328284,1370272,1349254,10923,0,694,0
16.549492835998535,347338,705832,747760,726772,10868,0,681,0
16.56577205657959,347329,1336476,1378464,1357446,10927,0,694,0
16.56577205657959,347338,714024,755952,734964,10872,0,682,0
16.58218789100647,347329,1344668,1386656,1365638,10931,0,694,0
16.58218789100647,347338,722216,764144,743156,10876,0,682,0
16.59843397140503,347329,1352860,1394848,1373830,10935,0,694,0
16.59843397140503,347338,730408,772336,751348,10880,0,682,0
16.61497187614441,347329,1361052,1403040,1382022,10939,0,694,0
16.61497187614441,347338,738600,780528,759540,10884,0,682,0
16.631414890289307,347329,1369244,1411232,1390214,10943,0,695,0
16.631414890289307,347338,746792,790768,767732,10888,0,682,0
16.647812843322754,347329,1377436,1419424,1398406,10947,0,695,0
16.647812843322754,347338,754984,798960,775924,10892,0,682,0
16.664419889450073,347329,1385628,1427616,1406598,10951,0,695,0
16.664419889450073,347338,765224,807152,786164,10896,0,682,0
16.6808660030365,347329,1393820,1437856,1414790,10955,0,695,0
16.6808660030365,347338,773416,815344,794356,10901,0,682,0
16.697545051574707,347329,1404060,1446048,1425030,10960,0,696,0
16.697545051574707,347338,781608,823536,802548,10905,0,683,0
16.716431856155396,347329,1412252,1456288,1433222,10964,0,696,0
16.716431856155396,347338,789800,831728,810740,10909,0,683,0
16.733098030090332,347329,1420444,1464480,1441414,10968,0,696,0
16.733098030090332,347338,797992,841968,818932,10913,0,683,0
16.749493837356567,347329,1430684,1472672,1451654,10972,0,696,0
16.749493837356567,347338,806184,850160,827124,10917,0,683,0
16.76584792137146,347329,1438876,1480864,1459846,10977,0,696,0
16.76584792137146,347338,816424,858352,837364,10921,0,684,0
16.782307863235474,347329,1447068,1489056,1468038,10981,0,696,0
16.782307863235474,347338,824616,866544,845556,10925,0,684,0
16.798841953277588,347329,1447068,1489056,1468038,10981,0,696,0
16.798841953277588,347338,832808,874736,853748,10930,0,684,0
16.815443992614746,347329,1449116,1491104,1470086,10982,0,696,0
16.815443992614746,347338,841000,882928,861940,10934,0,684,0
16.831848859786987,347329,1457308,1499296,1478278,10986,0,696,0
16.831848859786987,347338,849192,891120,870132,10938,0,684,0
16.848299026489258,347329,1465500,1507488,1486470,10990,0,696,0
16.848299026489258,347338,857384,899312,878324,10942,0,684,0
16.864850997924805,347329,1473692,1515680,1494662,10994,0,697,0
16.864850997924805,347338,865576,907504,886516,10946,0,684,0
16.881386041641235,347329,1481884,1523872,1502854,10998,0,697,0
16.881386041641235,347338,873768,915696,894708,10950,0,684,0
16.897886037826538,347329,1488092,1530080,1509062,11017,0,697,0
16.897886037826538,347338,881960,925936,902900,10954,0,685,0
16.914443969726562,347329,1496284,1538272,1517254,11021,0,697,0
16.914443969726562,347338,890152,934128,911092,10958,0,685,0
16.9308819770813,347329,1504476,1546464,1525446,11025,0,698,0
16.9308819770813,347338,900392,942320,921332,10962,0,685,0
16.947301864624023,347329,1512668,1554656,1533638,11029,0,698,0
16.947301864624023,347338,908584,950512,929524,10967,0,686,0
16.96379590034485,347329,1520860,1562848,1541830,11033,0,698,0
16.96379590034485,347338,916776,958704,937716,10971,0,686,0
16.980252981185913,347329,1529052,1573088,1550022,11037,0,698,0
16.980252981185913,347338,924968,966896,945908,10975,0,686,0
16.996749877929688,347329,1537244,1581280,1558214,11041,0,698,0
16.996749877929688,347338,933160,975088,954100,10979,0,686,0
17.013246059417725,347329,1545436,1589472,1566406,11045,0,698,0
17.013246059417725,347338,941352,983280,962292,10983,0,686,0
17.029590845108032,347329,1555676,1597664,1576646,11049,0,698,0
17.029590845108032,347338,949544,991472,970484,10987,0,686,0
17.04594898223877,347329,1563868,1605856,1584838,11054,0,698,0
17.04594898223877,347338,957736,999664,978676,10991,0,686,0
17.062438011169434,347329,1572060,1614048,1593030,11058,0,699,0
17.062438011169434,347338,965928,1009904,986868,10995,0,686,0
17.078788995742798,347329,1580252,1622240,1601222,11062,0,699,0
17.078788995742798,347338,974120,1018096,995060,10999,0,687,0
17.0951509475708,347329,1588444,1630432,1609414,11066,0,699,0
17.0951509475708,347338,980264,1022192,1001204,11002,0,687,0
17.111562967300415,347329,1596636,1638624,1617606,11070,0,699,0
17.111562967300415,347338,988456,1030384,1009396,11006,0,687,0
17.127856016159058,347329,1604828,1646816,1625798,11074,0,700,0
17.127856016159058,347338,996648,1038576,1017588,11010,0,687,0
17.14418888092041,347329,1613020,1655008,1633990,11078,0,700,0
17.14418888092041,347338,1004840,1046768,1025780,11014,0,687,0
17.160573959350586,347329,1621212,1663200,1642182,11082,0,700,0
17.160573959350586,347338,1013032,1057008,1033972,11018,0,688,0
17.176897048950195,347329,1629404,1671392,1650374,11086,0,700,0
17.176897048950195,347338,1021224,1065200,1042164,11022,0,688,0
17.193325996398926,347329,1637596,1679584,1658566,11090,0,700,0
17.193325996398926,347338,1029416,1073392,1050356,11026,0,688,0
17.209800004959106,347329,1645788,1687776,1666758,11094,0,700,0
17.209800004959106,347338,1039656,1081584,1060596,11030,0,688,0
17.226261854171753,347329,1653980,1695968,1674950,11098,0,700,0
17.226261854171753,347338,1047848,1089776,1068788,11035,0,688,0
17.24264097213745,347329,1662172,1706208,1683142,11102,0,701,0
17.24264097213745,347338,1056040,1097968,1076980,11039,0,688,0
17.2590389251709,347329,1670364,1714400,1691334,11106,0,701,0
17.2590389251709,347338,1064232,1106160,1085172,11043,0,688,0
17.275872945785522,347329,1678556,1722592,1699526,11110,0,701,0
17.275872945785522,347338,1072424,1114352,1093364,11047,0,688,0
17.292381048202515,347329,1688796,1730784,1709766,11114,0,701,0
17.292381048202515,347338,1080616,1122544,1101556,11051,0,689,0
17.30877685546875,347329,1696988,1738976,1717958,11119,0,702,0
17.30877685546875,347338,1088808,1130736,1109748,11055,0,689,0
17.32526397705078,347329,1705180,1747168,1726150,11123,0,702,0
17.32526397705078,347338,1097000,1138928,1117940,11059,0,689,0
17.34155297279358,347329,1713372,1755360,1734342,11127,0,702,0
17.34155297279358,347338,1105192,1147120,1126132,11063,0,689,0
17.357836961746216,347329,1721564,1763552,1742534,11131,0,702,0
17.357836961746216,347338,1113384,1155312,1134324,11067,0,690,0
17.37420392036438,347329,1729756,1771744,1750726,11135,0,702,0
17.37420392036438,347338,1121576,1165552,1142516,11071,0,690,0
17.390662908554077,347329,1737948,1779936,1758918,11139,0,702,0
17.390662908554077,347338,1129768,1173744,1150708,11075,0,690,0
17.407081842422485,347329,1746140,1788128,1767110,11143,0,702,0
17.407081842422485,347338,1140008,1181936,1160948,11079,0,690,0
17.423771858215332,347329,1754332,1796320,1775302,11147,0,702,0
17.423771858215332,347338,1148200,1190128,1169140,11083,0,690,0
17.440134048461914,347329,1762524,1806560,1783494,11151,0,703,0
17.440134048461914,347338,1156392,1198320,1177332,11088,0,690,0
17.456501960754395,347329,1770716,1814752,1791686,11155,0,703,0
17.456501960754395,347338,1164584,1206512,1185524,11092,0,690,0
17.472826957702637,347329,1778908,1822944,1799878,11159,0,703,0
17.472826957702637,347338,1172776,1214704,1193716,11096,0,691,0
17.489557027816772,347329,1789148,1831136,1810118,11163,0,703,0
17.489557027816772,347338,1180968,1222896,1201908,11100,0,691,0
17.505905866622925,347329,1797340,1839328,1818310,11168,0,704,0
17.505905866622925,347338,1189160,1231088,1210100,11104,0,691,0
17.522253036499023,347329,1805532,1847520,1826502,11172,0,704,0
17.522253036499023,347338,1197352,1239280,1218292,11108,0,691,0
17.538497924804688,347329,1813724,1855712,1834694,11176,0,704,0
17.538497924804688,347338,1205544,1247472,1226484,11112,0,692,0
17.554821968078613,347329,1821916,1863904,1842886,11180,0,704,0
17.554821968078613,347338,1213736,1255664,1234676,11116,0,692,0
17.571128845214844,347329,1830108,1872096,1851078,11184,0,704,0
17.571128845214844,347338,1221928,1263856,1242868,11120,0,692,0
17.587430000305176,347329,1838300,1880288,1859270,11188,0,704,0
17.587430000305176,347338,1230120,1272048,1251060,11124,0,692,0
17.603984832763672,347329,1846492,1888480,1867462,11192,0,704,0
17.603984832763672,347338,1238312,1282288,1259252,11128,0,692,0
17.62045383453369,347329,1854684,1898720,1875654,11196,0,704,0
17.62045383453369,347338,1248552,1290480,1269492,11132,0,692,0
17.636831045150757,347329,1862876,1906912,1883846,11200,0,705,0
17.636831045150757,347338,1256744,1298672,1277684,11137,0,692,0
17.653218030929565,347329,1873116,1915104,1894086,11204,0,705,0
17.653218030929565,347338,1264936,1306864,1285876,11141,0,692,0
17.66960883140564,347329,1881308,1923296,1902278,11209,0,705,0
17.66960883140564,347338,1273128,1315056,1294068,11145,0,693,0
17.68824005126953,347329,1889500,1931488,1910470,11213,0,705,0
17.68824005126953,347338,1281320,1323248,1302260,11149,0,693,0
17.70468306541443,347329,1897692,1939680,1918662,11217,0,706,0
17.70468306541443,347338,1289512,1331440,1310452,11153,0,693,0
17.72105097770691,347329,1905884,1949920,1926854,11221,0,706,0
17.72105097770691,347338,1297704,1339632,1318644,11157,0,693,0
17.73744297027588,347329,1916124,1958112,1937094,11225,0,706,0
17.73744297027588,347338,1305896,1347824,1326836,11161,0,694,0
17.753906965255737,347329,1924316,1966304,1945286,11230,0,706,0
17.753906965255737,347338,1314088,1356016,1335028,11165,0,694,0
17.770351886749268,347329,1930460,1972448,1951430,11233,0,706,0
17.770351886749268,347338,1322280,1366256,1343220,11169,0,694,0
17.786784887313843,347329,1938652,1980640,1959622,11237,0,706,0
17.786784887313843,347338,1332520,1374448,1353460,11173,0,694,0
17.80342698097229,347329,1946844,1988832,1967814,11241,0,706,0
17.80342698097229,347338,1340712,1382640,1361652,11177,0,694,0
17.819774866104126,347329,1955036,1997024,1976006,11244,0,706,0
17.819774866104126,347338,1348904,1390832,1369844,11182,0,694,0
17.83635902404785,347329,1963228,2005216,1984198,11249,0,707,0
17.83635902404785,347338,1357096,1399024,1378036,11186,0,694,0
17.852894067764282,347329,1971420,2013408,1992390,11253,0,707,0
17.852894067764282,347338,1365288,1407216,1386228,11190,0,694,0
17.8694748878479,347329,1979612,2021600,2000582,11257,0,707,0
17.8694748878479,347338,1373480,1415408,1394420,11194,0,695,0
17.885833978652954,347329,1987804,2029792,2008774,11261,0,707,0
17.885833978652954,347338,1381672,1423600,1402612,11198,0,695,0
17.902334928512573,347329,1995996,2037984,2016966,11265,0,708,0
17.902334928512573,347338,1389864,1431792,1410804,11202,0,695,0
17.91893196105957,347329,2004188,2048224,2025158,11269,0,708,0
17.91893196105957,347338,1398056,1442032,1418996,11206,0,695,0
17.93581986427307,347329,2014428,2056416,2035398,11273,0,708,0
17.93581986427307,347338,1408296,1450224,1429236,11210,0,696,0
17.952374935150146,347329,2022620,2064608,2043590,11278,0,708,0
17.952374935150146,347338,1416488,1458416,1437428,11215,0,696,0
17.968878984451294,347329,2030812,2072800,2051782,11282,0,708,0
17.968878984451294,347338,1424680,1466608,1445620,11219,0,696,0
17.985481023788452,347329,2039004,2080992,2059974,11286,0,708,0
17.985481023788452,347338,1432872,1474800,1453812,11223,0,696,0
18.001869916915894,347329,2047196,2089184,2068166,11290,0,708,0
18.001869916915894,347338,1441064,1482992,1462004,11227,0,696,0
18.01832103729248,347329,2055388,2097376,2076358,11294,0,708,0
18.01832103729248,347338,1449256,1491184,1470196,11231,0,696,0
18.034790992736816,347329,2063580,2105568,2084550,11298,0,709,0
18.034790992736816,347338,1457448,1499376,1478388,11235,0,696,0
18.051321983337402,347329,2071772,2115808,2092742,11302,0,709,0
18.051321983337402,347338,1461544,1503472,1482484,11237,0,696,0
18.06787896156311,347329,2082012,2124000,2102982,11306,0,709,0
18.06787896156311,347338,1461544,1503472,1482484,11237,0,696,0
18.08436894416809,347329,2090204,2132192,2111174,11311,0,710,0
18.08436894416809,347338,1469736,1511664,1490676,11241,0,697,0
18.10109806060791,347329,2098396,2140384,2119366,11315,0,710,0
18.10109806060791,347338,1477928,1519856,1498868,11245,0,697,0
18.117675065994263,347329,2106588,2148576,2127558,11319,0,710,0
18.117675065994263,347338,1486120,1528048,1507060,11249,0,697,0
18.134119033813477,347329,2114780,2156768,2135750,11323,0,710,0
18.134119033813477,347338,1494312,1536240,1515252,11253,0,697,0
18.15074896812439,347329,2122972,2164960,2143942,11327,0,710,0
18.15074896812439,347338,1502504,1544432,1523444,11257,0,698,0
18.16724991798401,347329,2131164,2173152,2152134,11331,0,710,0
18.16724991798401,347338,1510696,1554672,1531636,11261,0,698,0
18.18368101119995,347329,2139356,2181344,2160326,11335,0,710,0
18.18368101119995,347338,1518888,1562864,1539828,11265,0,698,0
18.200105905532837,347329,2147548,2189536,2168518,11339,0,710,0
18.200105905532837,347338,1527080,1571056,1548020,11269,0,698,0
18.216487884521484,347329,2155740,2199776,2176710,11343,0,711,0
18.216487884521484,347338,1537320,1579248,1558260,11273,0,698,0
18.23298192024231,347329,2165980,2207968,2186950,11347,0,711,0
18.23298192024231,347338,1545512,1587440,1566452,11278,0,698,0
18.24972891807556,347329,2174172,2216160,2195142,11352,0,711,0
18.24972891807556,347338,1553704,1595632,1574644,11282,0,698,0
18.26622200012207,347329,2182364,2224352,2203334,11356,0,711,0
18.26622200012207,347338,1561896,1603824,1582836,11286,0,698,0
18.282713890075684,347329,2190556,2232544,2211526,11360,0,712,0
18.282713890075684,347338,1570088,1612016,1591028,11290,0,699,0
18.29919195175171,347329,2198748,2240736,2219718,11364,0,712,0
18.29919195175171,347338,1578280,1620208,1599220,11294,0,699,0
18.315675973892212,347329,2206940,2248928,2227910,11368,0,712,0
18.315675973892212,347338,1584484,1626352,1605424,11312,0,699,0
18.33247399330139,347329,2215132,2259168,2236102,11372,0,712,0
18.33247399330139,347338,1592676,1634604,1613616,11316,0,699,0
18.349125862121582,347329,2225372,2267360,2246342,11376,0,712,0
18.349125862121582,347338,1600868,1642796,1621808,11320,0,700,0
18.365521907806396,347329,2233564,2275552,2254534,11381,0,712,0
18.365521907806396,347338,1609060,1650988,1630000,11324,0,700,0
18.382094860076904,347329,2241756,2283744,2262726,11385,0,712,0
18.382094860076904,347338,1617252,1659180,1638192,11328,0,700,0
18.39850902557373,347329,2249948,2291936,2270918,11389,0,712,0
18.39850902557373,347338,1625444,1669420,1646384,11332,0,700,0
18.415125846862793,347329,2258140,2300128,2279110,11393,0,713,0
18.415125846862793,347338,1633636,1677612,1654576,11336,0,700,0
18.431555032730103,347329,2266332,2308320,2287302,11397,0,713,0
18.431555032730103,347338,1643876,1685804,1664816,11340,0,700,0
18.448221921920776,347329,2274524,2316512,2295494,11401,0,713,0
18.448221921920776,347338,1652068,1693996,1673008,11345,0,700,0
18.464730978012085,347329,2282716,2326752,2303686,11405,0,713,0
18.464730978012085,347338,1660260,1702188,1681200,11349,0,700,0
18.48134684562683,347329,2290908,2332896,2311878,11409,0,714,0
18.48134684562683,347338,1668452,1710380,1689392,11353,0,701,0
18.498138904571533,347329,2299100,2341088,2320070,11413,0,714,0
18.498138904571533,347338,1676644,1718572,1697584,11357,0,701,0
18.514647960662842,347329,2307292,2349280,2328262,11417,0,714,0
18.514647960662842,347338,1684836,1726764,1705776,11361,0,701,0
18.531446933746338,347329,2315484,2357472,2336454,11421,0,714,0
18.531446933746338,347338,1693028,1737004,1713968,11365,0,701,0
18.54819083213806,347329,2323676,2367712,2344646,11425,0,714,0
18.54819083213806,347338,1701220,1745196,1722160,11369,0,702,0
18.56474804878235,347329,2333916,2375904,2354886,11429,0,714,0
18.56474804878235,347338,1711460,1753388,1732400,11373,0,702,0
18.581330060958862,347329,2342108,2384096,2363078,11433,0,714,0
18.581330060958862,347338,1719652,1761580,1740592,11378,0,702,0
18.597847938537598,347329,2350300,2392288,2371270,11438,0,714,0
18.597847938537598,347338,1727844,1769772,1748784,11382,0,702,0
18.61433696746826,347329,2358492,2400480,2379462,11442,0,715,0
18.61433696746826,347338,1736036,1777964,1756976,11386,0,702,0
18.63082003593445,347329,2366684,2408672,2387654,11446,0,715,0
18.63082003593445,347338,1744228,1786156,1765168,11390,0,702,0
18.64885687828064,347329,2374876,2418912,2395846,11450,0,715,0
18.64885687828064,347338,1752420,1794348,1773360,11394,0,702,0
18.665499925613403,347329,2383068,2427104,2404038,11454,0,716,0
18.665499925613403,347338,1760612,1802540,1781552,11398,0,702,0
18.68197798728943,347329,2393308,2435296,2414278,11458,0,716,0
18.68197798728943,347338,1768804,1812780,1789744,11402,0,703,0
18.698490858078003,347329,2401500,2443488,2422470,11463,0,716,0
18.698490858078003,347338,1779044,1820972,1799984,11406,0,703,0
18.714972972869873,347329,2409692,2451680,2430662,11467,0,716,0
18.714972972869873,347338,1785188,1827116,1806128,11410,0,703,0
18.731873035430908,347329,2417884,2459872,2438854,11471,0,716,0
18.731873035430908,347338,1793380,1837356,1814320,11414,0,704,0
18.748435974121094,347329,2426076,2468064,2447046,11475,0,716,0
18.748435974121094,347338,1801572,1843500,1822512,11418,0,704,0
18.765169858932495,347329,2434268,2478304,2455238,11479,0,716,0
18.765169858932495,347338,1809764,1853740,1830704,11422,0,704,0
18.781733989715576,347329,2444508,2486496,2465478,11483,0,716,0
18.781733989715576,347338,1820004,1861932,1840944,11426,0,704,0
18.798280954360962,347329,2452700,2494688,2473670,11488,0,717,0
18.798280954360962,347338,1828196,1870124,1849136,11431,0,704,0
18.814882040023804,347329,2456796,2498784,2477766,11490,0,717,0
18.814882040023804,347338,1836388,1878316,1857328,11435,0,704,0
18.831516981124878,347329,2462940,2504928,2483910,11493,0,717,0
18.831516981124878,347338,1844580,1886508,1865520,11439,0,704,0
18.84817600250244,347329,2471132,2513120,2492102,11497,0,717,0
18.84817600250244,347338,1852772,1894700,1873712,11443,0,704,0
18.864776849746704,347329,2479324,2521312,2500294,11501,0,717,0
18.864776849746704,347338,1860964,1902892,1881904,11447,0,705,0
18.881340980529785,347329,2487516,2529504,2508486,11505,0,718,0
18.881340980529785,347338,1869156,1911084,1890096,11451,0,705,0
18.89792490005493,347329,2495708,2539744,2516678,11509,0,718,0
18.89792490005493,347338,1877348,1921324,1898288,11455,0,705,0
18.914438009262085,347329,2503900,2547936,2524870,11513,0,718,0
18.914438009262085,347338,1887588,1929516,1908528,11459,0,705,0
18.930989980697632,347329,2514140,2556128,2535110,11517,0,718,0
18.930989980697632,347338,1895780,1937708,1916720,11464,0,706,0
18.947942972183228,347329,2522332,2564320,2543302,11522,0,718,0
18.947942972183228,347338,1903972,1945900,1924912,11468,0,706,0
18.964494943618774,347329,2530524,2572512,2551494,11526,0,718,0
18.964494943618774,347338,1912164,1954092,1933104,11472,0,706,0
18.98098587989807,347329,2538716,2580704,2559686,11530,0,718,0
18.98098587989807,347338,1920356,1962284,1941296,11476,0,706,0
18.997421979904175,347329,2546908,2588896,2567878,11534,0,718,0
18.997421979904175,347338,1928548,1970476,1949488,11480,0,706,0
19.013941049575806,347329,2555100,2599136,2576070,11538,0,719,0
19.013941049575806,347338,1936740,1978668,1957680,11484,0,706,0
19.030438899993896,347329,2565340,2607328,2586310,11542,0,719,0
19.030438899993896,347338,1944932,1988908,1965872,11488,0,706,0
19.047168970108032,347329,2573532,2615520,2594502,11546,0,719,0
19.047168970108032,347338,1955172,1997100,1976112,11492,0,706,0
19.063755989074707,347329,2581724,2623712,2602694,11551,0,720,0
19.063755989074707,347338,1963364,2005292,1984304,11497,0,707,0
19.080291032791138,347329,2589916,2631904,2610886,11555,0,720,0
19.080291032791138,347338,1971556,2013484,1992496,11501,0,707,0
19.096853017807007,347329,2598108,2640096,2619078,11559,0,720,0
19.096853017807007,347338,1979748,2021676,2000688,11505,0,707,0
19.113391876220703,347329,2606300,2648288,2627270,11563,0,720,0
19.113391876220703,347338,1987940,2029868,2008880,11509,0,707,0
19.12996792793274,347329,2614492,2656480,2635462,11567,0,720,0
19.12996792793274,347338,1996132,2038060,2017072,11513,0,708,0
19.146896839141846,347329,2622684,2666720,2643654,11571,0,720,0
19.146896839141846,347338,2004324,2046252,2025264,11517,0,708,0
19.163846015930176,347329,2626780,2668768,2647750,11573,0,720,0
19.163846015930176,347338,2012516,2054444,2033456,11521,0,708,0
19.18044686317444,347329,2630876,2672864,2651846,11575,0,720,0
19.18044686317444,347338,2020708,2062636,2041648,11525,0,708,0
19.197028875350952,347329,2639068,2681056,2660038,11579,0,720,0
19.197028875350952,347338,2028900,2072876,2049840,11529,0,708,0
19.213698863983154,347329,2647260,2689248,2668230,11583,0,721,0
19.213698863983154,347338,2037092,2079020,2058032,11533,0,708,0
19.23041796684265,347329,2655452,2699488,2676422,11587,0,721,0
19.23041796684265,347338,2045284,2087212,2066224,11537,0,708,0
19.247292041778564,347329,2665692,2707680,2686662,11591,0,721,0
19.247292041778564,347338,2053476,2095404,2074416,11541,0,708,0
19.263838052749634,347329,2673884,2715872,2694854,11596,0,721,0
19.263838052749634,347338,2061668,2103596,2082608,11545,0,709,0
19.280380964279175,347329,2682076,2724064,2703046,11600,0,722,0
19.280380964279175,347338,2069860,2111788,2090800,11549,0,709,0
19.29692506790161,347329,2690268,2732256,2711238,11604,0,722,0
19.29692506790161,347338,2078052,2122028,2098992,11553,0,709,0
19.313429832458496,347329,2698460,2740448,2719430,11608,0,722,0
19.313429832458496,347338,2088292,2130220,2109232,11557,0,709,0
19.329992055892944,347329,2706652,2748640,2727622,11612,0,722,0
19.329992055892944,347338,2096484,2138412,2117424,11561,0,710,0
19.3465359210968,347329,2714844,2758880,2735814,11616,0,722,0
19.3465359210968,347338,2104676,2146604,2125616,11566,0,710,0
19.363281965255737,347329,2725084,2767072,2746054,11620,0,722,0
19.363281965255737,347338,2112868,2154796,2133808,11570,0,710,0
19.38002586364746,347329,2733276,2775264,2754246,11625,0,722,0
19.38002586364746,347338,2121060,2162988,2142000,11574,0,710,0
19.396461963653564,347329,2741468,2783456,2762438,11629,0,722,0
19.396461963653564,347338,2129252,2171180,2150192,11578,0,710,0
19.412909984588623,347329,2749660,2791648,2770630,11633,0,723,0
19.412909984588623,347338,2137444,2179372,2158384,11582,0,710,0
19.42966389656067,347329,2757852,2799840,2778822,11637,0,723,0
19.42966389656067,347338,2145636,2189612,2166576,11586,0,710,0
19.4459969997406,347329,2766044,2810080,2787014,11641,0,723,0
19.4459969997406,347338,2155876,2197804,2176816,11590,0,711,0
19.462523937225342,347329,2774236,2818272,2795206,11645,0,723,0
19.462523937225342,347338,2164068,2205996,2185008,11595,0,711,0
19.479074001312256,347329,2784476,2826464,2805446,11649,0,724,0
19.479074001312256,347338,2172260,2214188,2193200,11599,0,711,0
19.495585918426514,347329,2792668,2834656,2813638,11654,0,724,0
19.495585918426514,347338,2180452,2222380,2201392,11603,0,711,0
19.51215696334839,347329,2800860,2842848,2821830,11658,0,724,0
19.51215696334839,347338,2188644,2230572,2209584,11607,0,712,0
19.528671979904175,347329,2809052,2851040,2830022,11662,0,724,0
19.528671979904175,347338,2196836,2238764,2217776,11611,0,712,0
19.545119047164917,347329,2817244,2859232,2838214,11666,0,724,0
19.545119047164917,347338,2205028,2246956,2225968,11615,0,712,0
19.561543941497803,347329,2825436,2867424,2846406,11670,0,724,0
19.561543941497803,347338,2213220,2257196,2234160,11619,0,712,0
19.578278064727783,347329,2833628,2877664,2854598,11674,0,724,0
19.578278064727783,347338,2223460,2265388,2244400,11623,0,712,0
19.594778060913086,347329,2843868,2885856,2864838,11678,0,724,0
19.594778060913086,347338,2231652,2273580,2252592,11628,0,712,0
19.61136794090271,347329,2854108,2896096,2875078,11683,0,725,0
19.61136794090271,347338,2241892,2283820,2262832,11633,0,712,0
19.631474018096924,347329,2862300,2904288,2883270,11688,0,725,0
19.631474018096924,347338,2250084,2292012,2271024,11637,0,712,0
19.647929906845093,347329,2870492,2912480,2891462,11692,0,725,0
19.647929906845093,347338,2258276,2300204,2279216,11641,0,713,0
19.664484977722168,347329,2878684,2920672,2899654,11696,0,726,0
19.664484977722168,347338,2266468,2308396,2287408,11645,0,713,0
19.680945873260498,347329,2886876,2928864,2907846,11700,0,726,0
19.680945873260498,347338,2274660,2316588,2295600,11649,0,713,0
19.69743299484253,347329,2895068,2937056,2916038,11704,0,726,0
19.69743299484253,347338,2282852,2324780,2303792,11653,0,713,0
19.71393084526062,347329,2903260,2945248,2924230,11708,0,726,0
19.71393084526062,347338,2291044,2335020,2311984,11657,0,714,0
19.73044490814209,347329,2911452,2955488,2932422,11712,0,726,0
19.73044490814209,347338,2299236,2341164,2320176,11661,0,714,0
19.74692702293396,347329,2919644,2963680,2940614,11716,0,726,0
19.74692702293396,347338,2307428,2351404,2328368,11665,0,714,0
19.7634539604187,347329,2929884,2971872,2950854,11720,0,726,0
19.7634539604187,347338,2317668,2359596,2338608,11669,0,714,0
19.78041696548462,347329,2938076,2980064,2959046,11725,0,726,0
19.78041696548462,347338,2325860,2367788,2346800,11673,0,714,0
19.796895027160645,347329,2946268,2988256,2967238,11729,0,727,0
19.796895027160645,347338,2334052,2375980,2354992,11678,0,714,0
19.813359022140503,347329,2954460,2996448,2975430,11733,0,727,0
19.813359022140503,347338,2342244,2384172,2363184,11682,0,714,0
19.829885005950928,347329,2962652,3004640,2983622,11737,0,727,0
19.829885005950928,347338,2350436,2392364,2371376,11686,0,714,0
19.846473932266235,347329,2970844,3014880,2991814,11741,0,727,0
19.846473932266235,347338,2358628,2400556,2379568,11690,0,715,0
19.864893913269043,347329,2981084,3023072,3002054,11746,0,728,0
19.864893913269043,347338,2368868,2410796,2389808,11695,0,715,0
19.88385796546936,347329,2989276,3031264,3010246,11750,0,728,0
19.88385796546936,347338,2377060,2418988,2398000,11699,0,715,0
19.902511835098267,347329,2999516,3041504,3020486,11756,0,728,0
19.902511835098267,347338,2387300,2429228,2408240,11703,0,716,0
19.92124605178833,347329,3007708,3051744,3028678,11760,0,728,0
19.92124605178833,347338,2395492,2437420,2416432,11708,0,716,0
19.939854860305786,347329,3017948,3059936,3038918,11765,0,728,0
19.939854860305786,347338,2405732,2447660,2426672,11713,0,716,0
19.95808696746826,347329,3026140,3070176,3047110,11769,0,728,0
19.95808696746826,347338,2413924,2455852,2434864,11717,0,716,0
19.976801872253418,347329,3036380,3078368,3057350,11774,0,728,0
19.976801872253418,347338,2424164,2466092,2445104,11721,0,716,0
19.996039867401123,347329,3042524,3086560,3063494,11777,0,729,0
19.996039867401123,347338,2432256,2474284,2453296,11726,0,716,0
20.015230894088745,347329,3052764,3094752,3073734,11782,0,729,0
20.015230894088745,347338,2442596,2484524,2463536,11731,0,716,0
20.03384494781494,347329,3060956,3104992,3081926,11786,0,729,0
20.03384494781494,347338,2450788,2492716,2471728,11735,0,717,0
20.052568912506104,347329,3071196,3113184,3092166,11791,0,729,0
20.052568912506104,347338,2461028,2502956,2481968,11740,0,717,0
20.07123899459839,347329,3081432,3123424,3102406,11795,0,730,0
20.07123899459839,347338,2467172,2509100,2488112,11743,0,717,0
20.090280055999756,347329,3089628,3131616,3110598,11807,0,730,0
20.090280055999756,347338,2471268,2513196,2492208,11745,0,717,0
20.1091148853302,347329,3099868,3141856,3120838,11811,0,730,0
20.1091148853302,347338,2479460,2523436,2500400,11749,0,717,0
20.12779188156128,347329,3108004,3150048,3129030,11818,0,730,0
20.12779188156128,347338,2489700,2531628,2510640,11754,0,718,0
20.14656090736389,347329,3118300,3160288,3139270,11825,0,730,0
20.14656090736389,347338,2497892,2541868,2518832,11758,0,718,0
20.165268898010254,347329,3126492,3168480,3147462,11829,0,730,0
20.165268898010254,347338,2508132,2550060,2529072,11763,0,718,0
20.183933973312378,347329,3134684,3176672,3155654,11833,0,730,0
20.183933973312378,347338,2516324,2560300,2537264,11767,0,718,0
20.203053951263428,347329,3144924,3186912,3165894,11838,0,731,0
20.203053951263428,347338,2526564,2568492,2547504,11771,0,718,0
20.222069025039673,347329,3153116,3197152,3174086,11842,0,731,0
20.222069025039673,347338,2534756,2576684,2555696,11776,0,718,0
20.240731954574585,347329,3161308,3203296,3182278,11846,0,731,0
20.240731954574585,347338,2542948,2584876,2563888,11780,0,718,0
20.260288953781128,347329,3167452,3209440,3188422,11849,0,731,0
20.260288953781128,347338,2549064,2591020,2570032,11782,0,719,0
20.27998185157776,347329,3170864,3213024,3191834,12132,0,731,0
20.27998185157776,347338,2553188,2595116,2574128,12786,0,719,0
20.297703981399536,347329,3173596,3215584,3194566,12362,0,732,0
20.297703981399536,347338,2557284,2599212,2578224,13320,0,719,0
20.314581871032715,347329,3176196,3218400,3197166,12951,0,732,0
20.314581871032715,347338,2561380,2603308,2582320,13833,0,719,0
20.331732034683228,347329,3181788,3223776,3202758,13900,0,732,0
20.331732034683228,347338,2565476,2607404,2586416,14857,0,719,0
20.34891390800476,347329,3185268,3227488,3206238,14707,0,732,0
20.34891390800476,347338,2570180,2612268,2591120,15978,0,719,0
20.366333961486816,347329,3190544,3232736,3211514,16028,0,732,0
20.366333961486816,347338,2574036,2616108,2594976,16991,0,719,0
20.383349895477295,347329,3196124,3238112,3217094,17474,0,732,0
20.383349895477295,347338,2577764,2619692,2598704,17417,0,719,0
20.401315927505493,347329,3200220,3242336,3221190,18508,0,732,0
20.401315927505493,347338,2580684,2622636,2601624,18095,0,719,0
20.41887402534485,347329,3206176,3248352,3227146,19910,0,732,0
20.41887402534485,347338,2581860,2623788,2602800,18442,0,720,0
20.43637490272522,347329,3211940,3254112,3232910,21340,0,732,0
20.43637490272522,347338,2581860,2623788,2602800,18442,0,720,0
20.454028844833374,347329,3218652,3260640,3239622,22605,0,732,0
20.454028844833374,347338,2590052,2631980,2610992,18957,0,720,0
20.471456050872803,347329,3224796,3266912,3245766,23062,0,732,0
20.471456050872803,347338,2596184,2638124,2617124,19385,0,720,0
20.488870859146118,347329,3230660,3272800,3251630,24479,0,732,0
20.488870859146118,347338,2601752,2643884,2622692,20773,0,720,0
20.506428956985474,347329,3236188,3278432,3257158,25866,0,732,0
20.506428956985474,347338,2607520,2649644,2628460,22209,0,720,0
20.523979902267456,347329,3241180,3283168,3262150,26704,0,733,0
20.523979902267456,347338,2614628,2656556,2635568,23057,0,720,0
20.54211401939392,347329,3249372,3291360,3270342,26708,0,733,0
20.54211401939392,347338,2620772,2662700,2641712,23060,0,720,0
20.56014895439148,347329,3255516,3297504,3276486,26711,0,733,0
20.56014895439148,347338,2626916,2668844,2647856,23063,0,720,0
20.578256845474243,347329,3257564,3299552,3278534,26712,0,733,0
20.578256845474243,347338,2626908,2668844,2647856,23064,0,720,0
20.600043058395386,347329,3263700,3305696,3284678,26715,0,733,0
20.600043058395386,347338,2626916,2668844,2647856,23064,0,720,0
20.61911392211914,347329,3265316,3307488,3286286,27003,0,733,0
20.61911392211914,347338,2628964,2670892,2649904,23552,0,720,0
20.637616872787476,347329,3269852,3311840,3290822,28141,0,733,0
20.637616872787476,347338,2633596,2675756,2654536,24632,0,720,0
20.655410051345825,347329,3271900,3313888,3292870,28764,0,734,0
20.655410051345825,347338,2639340,2681516,2660280,26118,0,720,0
20.673512935638428,347329,3277440,3319648,3298410,30024,0,734,0
20.673512935638428,347338,2645348,2687404,2666288,27613,0,720,0
20.691390991210938,347329,3280964,3322848,3301934,31030,0,734,0
20.691390991210938,347338,2651492,2693420,2672432,29114,0,721,0
20.709447860717773,347329,3280964,3322848,3301934,31030,0,734,0
20.709447860717773,347338,2657568,2699564,2678508,30603,0,721,0
20.727561950683594,347329,3285780,3328352,3306750,32185,0,734,0
20.727561950683594,347338,2663624,2705708,2684564,32113,0,721,0
20.745688915252686,347329,3287084,3328992,3308078,32566,0,734,0
20.745688915252686,347338,2667876,2709804,2688816,33305,0,721,0
20.76402997970581,347329,3287108,3328992,3308078,32566,0,734,0
20.76402997970581,347338,2667804,2709804,2688816,33305,0,721,0
20.78250503540039,347329,3287104,3328992,3308078,32566,0,734,0
20.78250503540039,347338,2667844,2709804,2688816,33305,0,721,0
20.80121684074402,347329,3287100,3328992,3308078,32566,0,734,0
20.80121684074402,347338,2667876,2709804,2688816,33305,0,721,0
20.820332050323486,347329,3287108,3328992,3308078,32566,0,734,0
20.820332050323486,347338,2669060,2711212,2690000,33469,0,721,0
20.838990926742554,347329,3287108,3328992,3308078,32566,0,734,0
20.838990926742554,347338,2675228,2717356,2696168,35000,0,721,0
20.857451915740967,347329,3287488,3330016,3308458,32616,0,734,0
20.857451915740967,347338,2681288,2723372,2702228,36513,0,722,0
20.875964879989624,347329,3293252,3335776,3314222,34102,0,734,0
20.875964879989624,347338,2687252,2729388,2708192,37999,0,722,0
20.89467692375183,347329,3299396,3341920,3320366,35638,0,734,0
20.89467692375183,347338,2693628,2735788,2714568,39586,0,722,0
20.913413047790527,347329,3301444,3343328,3322414,36150,0,734,0
20.913413047790527,347338,2694500,2736428,2715440,39961,0,722,0
20.9325749874115,347329,3301420,3343328,3322414,36150,0,734,0
20.9325749874115,347338,2697212,2739244,2718152,40542,0,722,0
20.95152497291565,347329,3303004,3345376,3323974,36485,0,734,0
20.95152497291565,347338,2702632,2744620,2723572,41851,0,722,0
20.970316886901855,347329,3309288,3351520,3330258,38051,0,734,0
20.970316886901855,347338,2708836,2750764,2729776,43392,0,722,0
20.989027976989746,347329,3315396,3357664,3336366,39572,0,734,0
20.989027976989746,347338,2714708,2756780,2735648,44851,0,722,0
21.007983922958374,347329,3321592,3363936,3342562,41116,0,734,0
21.007983922958374,347338,2720964,2763052,2741904,46411,0,722,0
21.027039051055908,347329,3323932,3365856,3344942,41782,0,734,0
21.027039051055908,347338,2721048,2763052,2742064,46619,0,722,0
21.04681897163391,347329,3324356,3366880,3345326,41805,0,734,0
21.04681897163391,347338,2722572,2764716,2743512,46816,0,722,0
21.066144943237305,347329,3330504,3373024,3351474,43346,0,734,0
21.066144943237305,347338,2728696,2770860,2749636,48342,0,722,0
21.085219860076904,347329,3336696,3379168,3357666,44888,0,735,0
21.085219860076904,347338,2734912,2777004,2755852,49897,0,722,0
21.104280948638916,347329,3343004,3385440,3363974,46452,0,735,0
21.104280948638916,347338,2741292,2783404,2762232,51481,0,722,0
21.12343406677246,347329,3346500,3388384,3367470,47414,0,735,0
21.12343406677246,347338,2743632,2785580,2764592,52251,0,722,0
21.143362998962402,347329,3346460,3388384,3367470,47414,0,735,0
21.143362998962402,347338,2743216,2785580,2764592,52251,0,722,0
21.16364097595215,347329,3346500,3388384,3367470,47414,0,735,0
21.16364097595215,347338,2743628,2785580,2764592,52251,0,722,0
21.184818983078003,347329,3346500,3388384,3367470,47414,0,735,0
21.184818983078003,347338,2745700,2787628,2766640,52252,0,723,0
21.206148862838745,347329,3349944,3392480,3370914,48175,0,735,0
21.206148862838745,347338,2750408,2792492,2771348,53276,0,723,0
21.226237058639526,347329,3356384,3398624,3377354,49778,0,735,0
21.226237058639526,347338,2756444,2798508,2777384,54812,0,723,0
21.246243953704834,347329,3362576,3404896,3383546,51324,0,735,0
21.246243953704834,347338,2762096,2804268,2783036,56195,0,723,0
21.26625084877014,347329,3369028,3411552,3389998,52985,0,736,0
21.26625084877014,347338,2768860,2811052,2789800,57884,0,723,0
21.28616189956665,347329,3375756,3418208,3396726,54612,0,736,0
21.28616189956665,347338,2775512,2817580,2796452,59484,0,723,0
21.306405067443848,347329,3381324,3423840,3402294,56053,0,736,0
21.306405067443848,347338,2781820,2823980,2802760,61055,0,724,0
21.32655692100525,347329,3388024,3430624,3408994,57673,0,736,0
21.32655692100525,347338,2788536,2830636,2809476,62729,0,724,0
21.346755981445312,347329,3394800,3437280,3415770,59351,0,736,0
21.346755981445312,347338,2795060,2837164,2816000,64418,0,724,0
21.36696696281433,347329,3399668,3441632,3420718,60726,0,736,0
21.36696696281433,347338,2798936,2840876,2819888,65564,0,724,0
21.38799500465393,347329,3399296,3441632,3420718,60726,0,736,0
21.38799500465393,347338,2798912,2840876,2819888,65564,0,724,0
21.409630060195923,347329,3399608,3441632,3420718,60726,0,736,0
21.409630060195923,347338,2798832,2840876,2819888,65564,0,724,0
21.431598901748657,347329,3403844,3446216,3424814,61239,0,736,0
21.431598901748657,347338,2803404,2845484,2824344,66486,0,724,0
21.452306985855103,347329,3410648,3453256,3431618,62795,0,736,0
21.452306985855103,347338,2810360,2852524,2831300,68173,0,724,0
21.472893953323364,347329,3417552,3460040,3438522,64520,0,736,0
21.472893953323364,347338,2817380,2859308,2838320,69924,0,724,0
21.49365496635437,347329,3424084,3466312,3445294,66256,0,736,0
21.49365496635437,347338,2821476,2863404,2842416,71196,0,724,0
21.51527690887451,347329,3424008,3466312,3445294,66359,0,736,0
21.51527690887451,347338,2821232,2863404,2842416,71196,0,724,0
21.53720498085022,347329,3429404,3471944,3450374,67465,0,736,0
21.53720498085022,347338,2828028,2870188,2848968,72638,0,724,0
21.55808186531067,347329,3436684,3479240,3457654,69345,0,737,0
21.55808186531067,347338,2835860,2877996,2856800,74580,0,724,0
21.582067012786865,347329,3442944,3485384,3463914,70941,0,737,0
21.582067012786865,347338,2842924,2885036,2863864,76316,0,724,0
21.603304862976074,347329,3443468,3486920,3465830,71493,0,737,0
21.603304862976074,347338,2846052,2887980,2866992,76828,0,725,0
21.625947952270508,347329,3451028,3493016,3471998,72012,0,737,0
21.625947952270508,347338,2852196,2896172,2873136,76832,0,725,0
21.64788293838501,347329,3455140,3497128,3476110,72019,0,737,0
21.64788293838501,347338,2856292,2898220,2877232,76834,0,725,0
21.669198036193848,347329,3459236,3503272,3480206,72021,0,737,0
21.669198036193848,347338,2864484,2906412,2885424,76837,0,725,0
21.69077706336975,347329,3465380,3507368,3486350,72024,0,737,0
21.69077706336975,347338,2872676,2914604,2893616,76841,0,725,0
21.712376832962036,347329,3467428,3509416,3488398,72025,0,738,0
21.712376832962036,347338,2880868,2922796,2901808,76846,0,726,0
21.733989000320435,347329,3475620,3519656,3496590,72029,0,738,0
21.733989000320435,347338,2889060,2933036,2910000,76850,0,726,0
21.755584001541138,347329,3485860,3527848,3506830,72033,0,738,0
21.755584001541138,347338,2899300,2941228,2920240,76854,0,726,0
21.777174949645996,347329,3494052,3536040,3515022,72038,0,738,0
21.777174949645996,347338,2907492,2949420,2928432,76858,0,726,0
21.798502922058105,347329,3502244,3546280,3523214,72042,0,738,0
21.798502922058105,347338,2915684,2959660,2936624,76863,0,726,0
21.82009983062744,347329,3512484,3554472,3533454,72046,0,738,0
21.82009983062744,347338,2925908,2967852,2946864,76867,0,726,0
21.841825008392334,347329,3520660,3564712,3541646,72051,0,738,0
21.841825008392334,347338,2934116,2976044,2955056,76871,0,726,0
21.86351490020752,347329,3528868,3572904,3549838,72055,0,738,0
21.86351490020752,347338,2942308,2984236,2963248,76876,0,726,0
21.885283946990967,347329,3539108,3581096,3560078,72059,0,739,0
21.885283946990967,347338,2950440,2994476,2971440,76880,0,727,0
21.906739950180054,347329,3545252,3587240,3566222,72063,0,739,0
21.906739950180054,347338,2956644,3000620,2977584,76883,0,727,0
21.92886996269226,347329,3549348,3591336,3570318,72065,0,739,0
21.92886996269226,347338,2962788,3006764,2983728,76886,0,727,0
21.950899839401245,347329,3555492,3597480,3576462,72578,0,739,0
21.950899839401245,347338,2968932,3010860,2989872,76889,0,727,0
21.972836017608643,347329,3558384,3600936,3579354,72619,0,739,0
21.972836017608643,347338,2973028,3014956,2993968,77263,0,727,0
21.994765043258667,347329,3564672,3607208,3585642,74196,0,739,0
21.994765043258667,347338,2979172,3021100,3000112,78706,0,728,0
22.01604986190796,347329,3571652,3613864,3592622,75925,0,740,0
22.01604986190796,347338,2984824,3026988,3005764,80081,0,728,0
22.037461042404175,347329,3578020,3622056,3598990,77690,0,740,0
22.037461042404175,347338,2991460,3033388,3012400,81896,0,728,0
22.059442043304443,347329,3584832,3627304,3605802,78725,0,740,0
22.059442043304443,347338,2997716,3039788,3018656,82855,0,728,0
22.080891847610474,347329,3591516,3634088,3612486,80361,0,740,0
22.080891847610474,347338,3004644,3046828,3025584,84571,0,728,0
22.102300882339478,347329,3598500,3640872,3619470,82123,0,740,0
22.102300882339478,347338,3011812,3053868,3032752,86296,0,728,0
22.123937845230103,347329,3605700,3648168,3626670,83901,0,740,0
22.123937845230103,347338,3018948,3061036,3039888,88132,0,728,0
22.14579701423645,347329,3612836,3655208,3633806,85709,0,740,0
22.14579701423645,347338,3026276,3068204,3047216,89914,0,728,0
22.167558908462524,347329,3619964,3662504,3640934,87458,0,740,0
22.167558908462524,347338,3033432,3075500,3054372,91739,0,728,0
22.189451932907104,347329,3629048,3671208,3650018,89727,0,740,0
22.189451932907104,347338,3040600,3082540,3061552,93787,0,728,0
22.2182879447937,347329,3628888,3671208,3650190,89989,0,740,0
22.2182879447937,347338,3040544,3082540,3061552,93787,0,728,0
22.241822957992554,347329,3629196,3671208,3650190,89989,0,740,0
22.241822957992554,347338,3042412,3084844,3063692,93788,0,729,0
22.264567852020264,347329,3631268,3675304,3652238,90501,0,741,0
22.264567852020264,347338,3046756,3088684,3067696,94301,0,729,0
22.28898000717163,347329,3637412,3679400,3658382,90503,0,741,0
22.28898000717163,347338,3046756,3088684,3067696,94301,0,729,0
22.31309199333191,347329,3647652,3689640,3668622,90508,0,741,0
22.31309199333191,347338,3056996,3098924,3077936,94816,0,729,0
22.33645486831665,347329,3653796,3696296,3674766,90836,0,741,0
22.33645486831665,347338,3062220,3104300,3083160,95330,0,729,0
22.358947038650513,347329,3660908,3703464,3681878,92581,0,741,0
22.358947038650513,347338,3069284,3111340,3090224,97073,0,729,0
22.381449937820435,347329,3668132,3710504,3689102,94398,0,742,0
22.381449937820435,347338,3076792,3118892,3097732,98921,0,730,0
22.404042959213257,347329,3675452,3717928,3696422,96200,0,742,0
22.404042959213257,347338,3083992,3126060,3104932,100777,0,730,0
22.426609992980957,347329,3682752,3725224,3703722,98078,0,742,0
22.426609992980957,347338,3091760,3133740,3112700,102662,0,730,0
22.449445962905884,347329,3690488,3732776,3711458,99937,0,742,0
22.449445962905884,347338,3099300,3141420,3120240,104546,0,730,0
22.472115993499756,347329,3696768,3738792,3717774,101775,0,742,0
22.472115993499756,347338,3103872,3146028,3125040,106082,0,730,0
22.49592399597168,347329,3695660,3738792,3717774,101775,0,742,0
22.49592399597168,347338,3103132,3146028,3125040,106082,0,730,0
22.52097988128662,347329,3700900,3743016,3721870,102588,0,742,0
22.52097988128662,347338,3110224,3152172,3131164,107222,0,730,0
22.545187950134277,347329,3708268,3750824,3729238,104366,0,742,0
22.545187950134277,347338,3117808,3159980,3138748,109154,0,730,0
22.568222999572754,347329,3715928,3758504,3736898,106322,0,742,0
22.568222999572754,347338,3125716,3167916,3146656,111143,0,730,0
22.592082977294922,347329,3719296,3761320,3740302,107407,0,742,0
22.592082977294922,347338,3126628,3168556,3147568,111714,0,730,0
22.617238998413086,347329,3726432,3769000,3747402,108924,0,742,0
22.617238998413086,347338,3133776,3175852,3154716,113162,0,730,0
22.64114999771118,347329,3734452,3776936,3755422,110928,0,743,0
22.64114999771118,347338,3141752,3183916,3162692,115148,0,731,0
22.6652410030365,347329,3743268,3785640,3764238,113079,0,743,0
22.6652410030365,347338,3149156,3191084,3170096,117346,0,731,0
22.693042993545532,347329,3743908,3787944,3764878,113551,0,743,0
22.693042993545532,347338,3149152,3191084,3170096,117346,0,731,0
22.71871304512024,347329,3745768,3787944,3766926,113552,0,743,0
22.71871304512024,347338,3150180,3192364,3171120,117346,0,731,0
22.743191957473755,347329,3748004,3789992,3768974,114064,0,743,0
22.743191957473755,347338,3153256,3195436,3174196,117859,0,731,0
22.769695043563843,347329,3753356,3795752,3774326,114596,0,743,0
22.769695043563843,347338,3161040,3203116,3181980,118926,0,731,0
22.793642044067383,347329,3761076,3803688,3782046,116540,0,743,0
22.793642044067383,347338,3169232,3211308,3190172,120932,0,731,0
22.81823205947876,347329,3769256,3811752,3790226,118585,0,744,0
22.81823205947876,347338,3177120,3219244,3198060,122962,0,732,0
22.842949867248535,347329,3777364,3819944,3798334,120615,0,744,0
22.842949867248535,347338,3185356,3227436,3206296,124997,0,732,0
22.86787486076355,347329,3785616,3828136,3806586,122653,0,744,0
22.86787486076355,347338,3193784,3235884,3214724,127076,0,732,0
22.89322304725647,347329,3793948,3836456,3814918,124743,0,744,0
22.89322304725647,347338,3201968,3244076,3222908,129124,0,732,0
22.9184410572052,347329,3797140,3839144,3818126,125841,0,744,0
22.9184410572052,347338,3202200,3244332,3223344,129636,0,732,0
22.944166898727417,347329,3797156,3839144,3818126,125841,0,744,0
22.944166898727417,347338,3202404,3244332,3223344,129636,0,732,0
22.97181987762451,347329,3803128,3845416,3824098,126970,0,744,0
22.97181987762451,347338,3210596,3252524,3231536,131241,0,732,0
22.99698805809021,347329,3811492,3853864,3832462,129071,0,744,0
22.99698805809021,347338,3218880,3260972,3239820,133344,0,732,0
23.022438049316406,347329,3819596,3861672,3840566,131102,0,744,0
23.022438049316406,347338,3224924,3266860,3245872,135268,0,732,0
23.047965049743652,347329,3821732,3863720,3842702,131474,0,744,0
23.047965049743652,347338,3229028,3270956,3249974,135780,0,732,0
23.073765993118286,347329,3827876,3869864,3848846,131476,0,744,0
23.073765993118286,347338,3237216,3279148,3258160,135784,0,732,0
23.099676847457886,347329,3834116,3876648,3855086,132749,0,745,0
23.099676847457886,347338,3244844,3286956,3265784,137298,0,733,0
23.124727964401245,347329,3842212,3884584,3863182,134720,0,745,0
23.124727964401245,347338,3253120,3295276,3274060,139369,0,733,0
23.14968705177307,347329,3850404,3892904,3871374,136787,0,745,0
23.14968705177307,347338,3261412,3303596,3282352,141417,0,733,0
23.174994945526123,347329,3858876,3901352,3879846,138901,0,745,0
23.174994945526123,347338,3269956,3311916,3290896,143495,0,733,0
23.20044493675232,347329,3866020,3908520,3886990,140681,0,746,0
23.20044493675232,347338,3278308,3320492,3299248,145635,0,734,0
23.22616195678711,347329,3872912,3914920,3893902,142741,0,746,0
23.22616195678711,347338,3281600,3323436,3302544,146881,0,734,0
23.25236201286316,347329,3873572,3915944,3894542,142741,0,746,0
23.25236201286316,347338,3282756,3326380,3303696,147128,0,734,0
23.27885603904724,347329,3881840,3924392,3902810,144623,0,746,0
23.27885603904724,347338,3287748,3329580,3308688,148418,0,734,0
23.304805040359497,347329,3890480,3932968,3911450,146763,0,746,0
23.304805040359497,347338,3287748,3329580,3308688,148418,0,734,0
23.33099102973938,347329,3899336,3941672,3920306,148921,0,746,0
23.33099102973938,347338,3287748,3329580,3308688,148418,0,734,0
23.357172966003418,347329,3907960,3950504,3928930,151121,0,746,0
23.357172966003418,347338,3287748,3329580,3308688,148418,0,734,0
23.383249044418335,347329,3911844,3953832,3932814,152469,0,746,0
23.383249044418335,347338,3287712,3329580,3308688,148418,0,734,0
23.410032033920288,347329,3912988,3955496,3933958,152469,0,746,0
23.410032033920288,347338,3289732,3333292,3310672,148870,0,734,0
23.43644404411316,347329,3921644,3964072,3942614,154517,0,746,0
23.43644404411316,347338,3298124,3341868,3319064,150978,0,734,0
23.462682962417603,347329,3930276,3972648,3951246,156663,0,747,0
23.462682962417603,347338,3306960,3350572,3327900,153160,0,734,0
23.489028930664062,347329,3934280,3976360,3955342,158101,0,747,0
23.489028930664062,347338,3308936,3352108,3331216,154050,0,734,0
23.51860785484314,347329,3938868,3981352,3959838,158843,0,747,0
23.51860785484314,347338,3315836,3359532,3336776,155377,0,734,0
23.54538893699646,347329,3947856,3990312,3968826,161068,0,747,0
23.54538893699646,347338,3324612,3368364,3345552,157597,0,734,0
23.57221484184265,347329,3956872,3998888,3977842,163262,0,747,0
23.57221484184265,347338,3332804,3374636,3353744,159682,0,734,0
23.5995090007782,347329,3959072,4001576,3980042,163878,0,748,0
23.5995090007782,347338,3336224,3379884,3357164,160457,0,735,0
23.626879930496216,347329,3968004,4010536,3988974,166109,0,748,0
23.626879930496216,347338,3345124,3388972,3366064,162729,0,735,0
23.654263019561768,347329,3977028,4019368,3997998,168341,0,748,0
23.654263019561768,347338,3354284,3397932,3375224,164952,0,735,0
23.681537866592407,347329,3981652,4024104,4002622,169493,0,748,0
23.681537866592407,347338,3360420,3404076,3381360,166483,0,735,0
23.70970892906189,347329,3990792,4033320,4011762,171769,0,748,0
23.70970892906189,347338,3369524,3413164,3390464,168749,0,736,0
23.73750901222229,347329,3999908,4042280,4020878,174022,0,748,0
23.73750901222229,347338,3378616,3421740,3399556,171014,0,736,0
23.7654550075531,347329,4001920,4043944,4022926,174997,0,748,0
23.7654550075531,347338,3380872,3423532,3401880,171670,0,736,0
23.79437804222107,347329,4001752,4043944,4022926,174997,0,748,0
23.79437804222107,347338,3384860,3428780,3406740,172860,0,736,0
23.822845935821533,347329,4010084,4052392,4031054,176533,0,748,0
23.822845935821533,347338,3391844,3434668,3412784,174403,0,736,0
23.850975036621094,347329,4019348,4061864,4040318,178884,0,748,0
23.850975036621094,347338,3396728,3439660,3417668,175579,0,736,0
23.87943983078003,347329,4028676,4071208,4049646,181208,0,749,0
23.87943983078003,347338,3402144,3444396,3423084,177016,0,736,0
23.908118963241577,347329,4029732,4072616,4051598,182165,0,749,0
23.908118963241577,347338,3401668,3445676,3423472,177115,0,736,0
23.9379620552063,347329,4038304,4080808,4059274,183621,0,749,0
23.9379620552063,347338,3410952,3453996,3431892,179139,0,736,0
23.966444969177246,347329,4047508,4090024,4068478,185910,0,749,0
23.966444969177246,347338,3416884,3460524,3437824,180579,0,736,0
23.99513292312622,347329,4055200,4097192,4076174,188274,0,749,0
23.99513292312622,347338,3423000,3464876,3443968,182239,0,736,0
24.024760961532593,347329,4054924,4097192,4076174,188309,0,749,0
24.024760961532593,347338,3422420,3464876,3443968,182239,0,736,0
24.05552387237549,347329,4055120,4097704,4076182,188309,0,749,0
24.05552387237549,347338,3428784,3472428,3449724,183514,0,736,0
24.085429906845093,347329,4064876,4107304,4085846,190237,0,750,0
24.085429906845093,347338,3438328,3482028,3459268,185891,0,737,0
24.114434957504272,347329,4074344,4116904,4095314,192604,0,750,0
24.114434957504272,347338,3447936,3491628,3468876,188342,0,737,0
24.1439528465271,347329,4080144,4122664,4101114,194040,0,750,0
24.1439528465271,347338,3455548,3499180,3476488,190183,0,737,0
24.173558950424194,347329,4090020,4132392,4110990,196501,0,750,0
24.173558950424194,347338,3465220,3508908,3486160,192590,0,737,0
24.202939987182617,347329,4099884,4142248,4120854,198952,0,750,0
24.202939987182617,347338,3474104,3516076,3495168,195039,0,738,0
24.233470916748047,347329,4100212,4142248,4121230,199573,0,750,0
24.233470916748047,347338,3473892,3516076,3495168,195039,0,738,0
24.264668941497803,347329,4104508,4146856,4125478,200106,0,750,0
24.264668941497803,347338,3478884,3522604,3499824,196059,0,738,0
24.294491052627563,347329,4114436,4156712,4135406,202582,0,750,0
24.294491052627563,347338,3488828,3532460,3509768,198528,0,738,0
24.324352025985718,347329,4122780,4164776,4143758,205034,0,750,0
24.324352025985718,347338,3496720,3538604,3517696,200671,0,738,0
24.356404066085815,347329,4125860,4168360,4146830,205429,0,751,0
24.356404066085815,347338,3501372,3545004,3522312,201660,0,738,0
24.38696002960205,347329,4135596,4178088,4156566,207876,0,751,0
24.38696002960205,347338,3511376,3555116,3532316,204153,0,738,0
24.4171199798584,347329,4145316,4187304,4166286,210331,0,751,0
24.4171199798584,347338,3521260,3563180,3542272,206613,0,738,0
24.448330879211426,347329,4152000,4194472,4172970,211935,0,751,0
24.448330879211426,347338,3528392,3572140,3549332,208351,0,738,0
24.4787118434906,347329,4162388,4204968,4183358,214572,0,752,0
24.4787118434906,347338,3539448,3583148,3560388,211110,0,739,0
24.511745929718018,347329,4171940,4213928,4192910,216981,0,752,0
24.511745929718018,347338,3543652,3585708,3564800,212447,0,739,0
24.54478883743286,347329,4178064,4222120,4199054,216984,0,752,0
24.54478883743286,347338,3552040,3596028,3572992,212962,0,739,0
24.57741403579712,347329,4192416,4234408,4213390,216990,0,752,0
24.57741403579712,347338,3566376,3610364,3587328,212968,0,740,0
24.609272003173828,347329,4204708,4246696,4225678,216996,0,752,0
24.609272003173828,347338,3578664,3622652,3599616,212974,0,740,0
24.641360998153687,347329,4216952,4258984,4237966,217003,0,752,0
24.641360998153687,347338,3590928,3634940,3611904,212980,0,740,0
24.67324185371399,347329,4229284,4273320,4250254,217009,0,753,0
24.67324185371399,347338,3603236,3647228,3624192,212986,0,740,0
24.705141067504883,347329,4243620,4285608,4264590,217016,0,753,0
24.705141067504883,347338,3615532,3659516,3636494,212994,0,740,0
24.736976861953735,347329,4255884,4297896,4276878,217022,0,754,0
24.736976861953735,347338,3627828,3671804,3648768,213000,0,740,0
24.769471883773804,347329,4268136,4310184,4289460,217028,0,754,0
24.769471883773804,347338,3640088,3684092,3661056,213006,0,741,0
24.801471948623657,347329,4280484,4322472,4301454,217035,0,754,0
24.801471948623657,347338,3654452,3698428,3675392,213012,0,741,0
24.833471059799194,347329,4290744,4333224,4311714,217551,0,754,0
24.833471059799194,347338,3662772,3706620,3683712,214409,0,742,0
24.864446878433228,347329,4298916,4340904,4319886,220089,0,754,0
24.864446878433228,347338,3669412,3713148,3690352,216086,0,742,0
24.8957040309906,347329,4308420,4350888,4329390,221882,0,754,0
24.8957040309906,347338,3679780,3723388,3700720,218621,0,742,0
24.92666983604431,347329,4318820,4361384,4339790,224478,0,754,0
24.92666983604431,347338,3690220,3733244,3711160,221206,0,742,0
24.958199977874756,347329,4321180,4363432,4342414,225743,0,755,0
24.958199977874756,347338,3691260,3733244,3712256,221718,0,742,0
24.992183923721313,347329,4321432,4363432,4342414,225743,0,755,0
24.992183923721313,347338,3693772,3737084,3714744,222207,0,742,0
25.024529933929443,347329,4325724,4368296,4346694,226247,0,755,0
25.024529933929443,347338,3703508,3747196,3724448,224479,0,742,0
25.05600094795227,347329,4336192,4378664,4357162,228815,0,755,0
25.05600094795227,347338,3713844,3757692,3734784,227104,0,742,0
25.08774995803833,347329,4343944,4385960,4364942,231375,0,755,0
25.08774995803833,347338,3722012,3763964,3742976,229398,0,742,0
25.120600938796997,347329,4343176,4385960,4364942,231375,0,755,0
25.120600938796997,347338,3721628,3764988,3742976,229398,0,742,0
25.154448986053467,347329,4352268,4394792,4373238,232871,0,755,0
25.154448986053467,347338,3731724,3775356,3752664,231509,0,743,0
25.186542987823486,347329,4362944,4405416,4383914,235488,0,756,0
25.186542987823486,347338,3742292,3785980,3763232,234154,0,743,0
25.21880793571472,347329,4372052,4414632,4393022,237753,0,756,0
25.21880793571472,347338,3749620,3793276,3770560,236028,0,743,0
25.251235961914062,347329,4382872,4425128,4403842,240450,0,756,0
25.251235961914062,347338,3760588,3804284,3781528,238704,0,743,0
25.28358292579651,347329,4393088,4435112,4414074,243148,0,756,0
25.28358292579651,347338,3767092,3809020,3788032,240662,0,744,0
25.317286014556885,347329,4394668,4437160,4415638,243663,0,756,0
25.317286014556885,347338,3770588,3814268,3791528,241201,0,744,0
25.350733995437622,347329,4405316,4447656,4426286,246077,0,756,0
25.350733995437622,347338,3781428,3825148,3802368,243925,0,744,0
25.383659839630127,347329,4415652,4457640,4436622,248772,0,756,0
25.383659839630127,347338,3791652,3833596,3812608,246652,0,744,0
25.41743803024292,347329,4421708,4463784,4442766,250319,0,757,0
25.41743803024292,347338,3793652,3835644,3814656,246807,0,744,0
25.4533588886261,347329,4427924,4469928,4448910,250834,0,757,0
25.4533588886261,347338,3797772,3841788,3818752,246808,0,744,0
25.489359855651855,347329,4440228,4484264,4461198,250839,0,757,0
25.489359855651855,347338,3812108,3856124,3833112,246815,0,744,0
25.52389097213745,347329,4454540,4496552,4475554,250845,0,758,0
25.52389097213745,347338,3824352,3870460,3845384,246822,0,745,0
25.557881832122803,347329,4466844,4510888,4487822,250852,0,758,0
25.557881832122803,347338,3838764,3882748,3859712,246828,0,745,0
25.59209895133972,347329,4481108,4523176,4502158,250858,0,758,0
25.59209895133972,347338,3853104,3897084,3874048,246835,0,745,0
25.626456022262573,347329,4493460,4537512,4514446,250865,0,758,0
25.626456022262573,347338,3865356,3909372,3886336,246841,0,746,0
25.660420894622803,347329,4507812,4549800,4528782,250871,0,758,0
25.660420894622803,347338,3879728,3923708,3900680,246848,0,746,0
25.694082021713257,347329,4522136,4564136,4543118,250878,0,759,0
25.694082021713257,347338,3889972,3931900,3910912,246854,0,746,0
25.727929830551147,347329,4529076,4571560,4550046,251935,0,759,0
25.727929830551147,347338,3899244,3942908,3920184,248366,0,746,0
25.761152982711792,347329,4539920,4582440,4560890,254621,0,759,0
25.761152982711792,347338,3910348,3954044,3931288,251072,0,746,0
25.794482946395874,347329,4550864,4593448,4571834,257398,0,760,0
25.794482946395874,347338,3921344,3965052,3942284,253853,0,746,0
25.82841205596924,347329,4562168,4604584,4583138,260167,0,760,0
25.82841205596924,347338,3932552,3976316,3953492,256604,0,747,0
25.861942052841187,347329,4567096,4609192,4588174,262144,0,760,0
25.861942052841187,347338,3936924,3979004,3958016,258119,0,747,0
25.897528886795044,347329,4566160,4609192,4588174,262144,0,760,0
25.897528886795044,347338,3936720,3979004,3958016,258119,0,747,0
25.93408989906311,347329,4568584,4611112,4589554,262144,0,760,0
25.93408989906311,347338,3940440,3984124,3961380,258631,0,747,0
25.968978881835938,347329,4579612,4622120,4600582,264591,0,760,0
25.968978881835938,347338,3951460,3995388,3972400,261376,0,747,0
26.002825021743774,347329,4589692,4631720,4610702,267264,0,760,0
26.002825021743774,347338,3959588,4001532,3980544,263751,0,748,0
26.038522005081177,347329,4590076,4632616,4611122,267776,0,760,0
26.038522005081177,347338,3961700,4005628,3982640,263931,0,748,0
26.073840856552124,347329,4601504,4644008,4622474,269983,0,760,0
26.073840856552124,347338,3973124,4016764,3994064,266776,0,748,0
26.10796093940735,347329,4612816,4655272,4633786,272850,0,760,0
26.10796093940735,347338,3982052,4024060,4003072,269383,0,748,0
26.143156051635742,347329,4617800,4660264,4638770,274047,0,761,0
26.143156051635742,347338,3987384,4031100,4008324,270333,0,748,0
26.177994966506958,347329,4629156,4671656,4650126,276929,0,761,0
26.177994966506958,347338,3998660,4042492,4019600,273168,0,748,0
26.21343493461609,347329,4636788,4678824,4657806,279552,0,761,0
26.21343493461609,347338,4004604,4046588,4025600,275015,0,748,0
26.251203060150146,347329,4641452,4683432,4662422,280548,0,761,0
26.251203060150146,347338,4014188,4057980,4035128,277002,0,748,0
26.28680992126465,347329,4641452,4683432,4662422,280706,0,761,0
26.28680992126465,347338,4026536,4070268,4047476,280070,0,749,0
26.322608947753906,347329,4641452,4683432,4662422,280706,0,761,0
26.322608947753906,347338,4038404,4082172,4059344,283042,0,749,0
26.358381986618042,347329,4641452,4683432,4662422,280706,0,761,0
26.358381986618042,347338,4043572,4085500,4064512,284743,0,749,0
26.394930839538574,347329,4641388,4683432,4662422,280706,0,761,0
26.394930839538574,347338,4045572,4087548,4066560,284743,0,749,0
26.43120288848877,347329,4641452,4683432,4662422,280706,0,761,0
26.43120288848877,347338,4051716,4097788,4072704,284747,0,749,0
26.467237949371338,347329,4641448,4683432,4662422,280706,0,761,0
26.467237949371338,347338,4066100,4110076,4087040,284753,0,750,0
26.503289937973022,347329,4641452,4683432,4662422,280706,0,761,0
26.503289937973022,347338,4082468,4126460,4103424,284761,0,750,0
26.540164947509766,347329,4641448,4683432,4662422,280706,0,761,0
26.540164947509766,347338,4096820,4140796,4117760,284768,0,750,0
26.57722496986389,347329,4641452,4683432,4662422,280706,0,761,0
26.57722496986389,347338,4109096,4153084,4130048,284774,0,750,0
26.614194869995117,347329,4641440,4683432,4662426,280706,0,761,0
26.614194869995117,347338,4123444,4167420,4144384,284781,0,751,0
26.65211296081543,347329,4641384,4683432,4662422,280706,0,761,0
26.65211296081543,347338,4137776,4181756,4158720,284788,0,751,0
26.688796997070312,347329,4641452,4683432,4662438,280706,0,761,0
26.688796997070312,347338,4152116,4196092,4173056,284795,0,751,0
26.725546836853027,347329,4641440,4683432,4662422,280706,0,761,0
26.725546836853027,347338,4166404,4210428,4187392,284802,0,752,0
26.762502908706665,347329,4641360,4683432,4662422,280706,0,761,0
26.762502908706665,347338,4180724,4224764,4201728,284809,0,752,0
26.799429893493652,347329,4641432,4683432,4662422,280706,0,761,0
26.799429893493652,347338,4195124,4239100,4216064,284816,0,752,0
26.8363778591156,347329,4641428,4683432,4662422,280706,0,761,0
26.8363778591156,347338,4209460,4253436,4230400,284823,0,752,0
26.87413787841797,347329,4641428,4683432,4662422,280706,0,761,0
26.87413787841797,347338,4223796,4267772,4244736,284830,0,753,0
26.910862922668457,347329,4641452,4683432,4662422,280706,0,761,0
26.910862922668457,347338,4238060,4282108,4259072,284837,0,753,0
26.94764995574951,347329,4641436,4683432,4662422,280706,0,761,0
26.94764995574951,347338,4252468,4298492,4273408,284844,0,754,0
26.984487056732178,347329,4641436,4683432,4662422,280706,0,761,0
26.984487056732178,347338,4268852,4312828,4289792,284852,0,754,0
27.02155303955078,347329,4641448,4683432,4662422,280706,0,761,0
27.02155303955078,347338,4283188,4327164,4304128,284859,0,754,0
27.058833837509155,347329,4641412,4683432,4662422,280706,0,761,0
27.058833837509155,347338,4293428,4335356,4314368,284865,0,754,0
27.0953209400177,347329,4641452,4683432,4662422,280706,0,761,0
27.0953209400177,347338,4301836,4345596,4322776,286545,0,754,0
27.131443977355957,347329,4641452,4683432,4662422,280706,0,761,0
27.131443977355957,347338,4313780,4357500,4334720,289476,0,754,0
27.167564868927002,347329,4641452,4683432,4662422,280706,0,761,0
27.167564868927002,347338,4325264,4369020,4346204,292382,0,755,0
27.20377492904663,347329,4641452,4683432,4662422,280706,0,761,0
27.20377492904663,347338,4337168,4380924,4358108,295356,0,755,0
27.240108966827393,347329,4641452,4683432,4662422,280706,0,761,0
27.240108966827393,347338,4348980,4392700,4369920,298286,0,755,0
27.276984930038452,347329,4641452,4683432,4662422,280706,0,761,0
27.276984930038452,347338,4361012,4404860,4381952,301299,0,756,0
27.3134708404541,347329,4641452,4683432,4662422,280706,0,761,0
27.3134708404541,347338,4372648,4416380,4393588,304191,0,756,0
27.350120067596436,347329,4641452,4683432,4662422,280706,0,761,0
27.350120067596436,347338,4383528,4425468,4404480,307195,0,756,0
27.387304067611694,347329,4641452,4683432,4662422,280706,0,761,0
27.387304067611694,347338,4383288,4425468,4404480,307393,0,756,0
27.427396059036255,347329,4641292,4683432,4662422,280706,0,761,0
27.427396059036255,347338,4385416,4429052,4406356,307393,0,756,0
27.46592903137207,347329,4641452,4683432,4662422,280706,0,761,0
27.46592903137207,347338,4397544,4441212,4418484,310403,0,756,0
27.50310492515564,347329,4641452,4683432,4662422,280706,0,761,0
27.50310492515564,347338,4409652,4453372,4430592,313428,0,756,0
27.540132999420166,347329,4641452,4683432,4662422,280706,0,761,0
27.540132999420166,347338,4421496,4465148,4442436,316372,0,757,0
27.577234029769897,347329,4641452,4683432,4662422,280706,0,761,0
27.577234029769897,347338,4426440,4468476,4447488,318145,0,757,0
27.616124868392944,347329,4640924,4683432,4662422,280706,0,761,0
27.616124868392944,347338,4426212,4468476,4447488,318145,0,757,0
27.65548086166382,347329,4641452,4683432,4662422,280706,0,761,0
27.65548086166382,347338,4429740,4473468,4450680,318466,0,757,0
27.69392490386963,347329,4641452,4683432,4662422,280706,0,761,0
27.69392490386963,347338,4441996,4485628,4462936,321491,0,757,0
27.7311429977417,347329,4641452,4683432,4662422,280706,0,761,0
27.7311429977417,347338,4454176,4497916,4475116,324515,0,758,0
27.76847791671753,347329,4641452,4683432,4662422,280706,0,761,0
27.76847791671753,347338,4466140,4509820,4487080,327505,0,758,0
27.80592393875122,347329,4641452,4683432,4662422,280706,0,761,0
27.80592393875122,347338,4469216,4511484,4490496,328897,0,758,0
27.844969987869263,347329,4641452,4683432,4662422,280706,0,761,0
27.844969987869263,347338,4476596,4520316,4497536,330112,0,758,0
27.88329792022705,347329,4641452,4683432,4662422,280706,0,761,0
27.88329792022705,347338,4489044,4532732,4509984,333212,0,758,0
27.921041011810303,347329,4641452,4683432,4662422,280706,0,761,0
27.921041011810303,347338,4501484,4544892,4522424,336315,0,758,0
27.958888053894043,347329,4641452,4683432,4662422,280706,0,761,0
27.958888053894043,347338,4512540,4554492,4533504,339304,0,758,0
27.9970920085907,347329,4641452,4683432,4662422,280706,0,761,0
27.9970920085907,347338,4512552,4554492,4533504,339649,0,758,0
28.03636384010315,347329,4641452,4683432,4662422,280706,0,761,0
28.03636384010315,347338,4512700,4556540,4533712,339649,0,758,0
28.07549285888672,347329,4641452,4683432,4662422,280706,0,761,0
28.07549285888672,347338,4525164,4568828,4546104,342221,0,759,0
28.113759994506836,347329,4641452,4683432,4662422,280706,0,761,0
28.113759994506836,347338,4537632,4581372,4558572,345336,0,759,0
28.151481866836548,347329,4641452,4683432,4662422,280706,0,761,0
28.151481866836548,347338,4549692,4593404,4570632,348353,0,760,0
28.189456939697266,347329,4641448,4683432,4662422,280706,0,761,0
28.189456939697266,347338,4553024,4597500,4576512,350401,0,760,0
28.228550910949707,347329,4640948,4683432,4662422,280706,0,761,0
28.228550910949707,347338,4557120,4600956,4578060,350401,0,760,0
28.268975973129272,347329,4641452,4683432,4662422,280706,0,761,0
28.268975973129272,347338,4569688,4613372,4590628,353340,0,760,0
28.307361841201782,347329,4641452,4683432,4662422,280706,0,761,0
28.307361841201782,347338,4582196,4625916,4603136,356457,0,760,0
28.345521926879883,347329,4641452,4683432,4662422,280706,0,761,0
28.345521926879883,347338,4595372,4639228,4616312,359617,0,760,0
28.38879895210266,347329,4641452,4683432,4662422,280706,0,761,0
28.38879895210266,347338,4598576,4640508,4619520,361153,0,760,0
28.42988896369934,347329,4641452,4683432,4662422,280706,0,761,0
28.42988896369934,347338,4604192,4647932,4625132,361939,0,760,0
28.468735933303833,347329,4641452,4683432,4662422,280706,0,761,0
28.468735933303833,347338,4616780,4660476,4637720,365071,0,761,0
28.507444858551025,347329,4641452,4683432,4662422,280706,0,761,0
28.507444858551025,347338,4629300,4673148,4650240,368232,0,761,0
28.54599690437317,347329,4641452,4683432,4662422,280706,0,761,0
28.54599690437317,347338,4641588,4683516,4662528,371333,0,761,0
28.585105895996094,347329,4641452,4683432,4662422,280706,0,761,0
28.585105895996094,347338,4641556,4683516,4662528,371905,0,761,0
28.62469506263733,347329,4641452,4683432,4662422,280706,0,761,0
28.62469506263733,347338,4643260,4685180,4664200,372323,0,761,0
28.664034843444824,347329,4641452,4683432,4662422,280706,0,761,0
28.664034843444824,347338,4643260,4685180,4664200,372323,0,761,0
28.70257592201233,347329,4641452,4683432,4662422,280706,0,761,0
28.70257592201233,347338,4643260,4685180,4664200,372323,0,761,0
28.741852045059204,347329,4641452,4683432,4662422,280706,0,761,0
28.741852045059204,347338,4643260,4685180,4664200,372323,0,761,0
28.780524969100952,347329,4641452,4683432,4662422,280706,0,761,0
28.780524969100952,347338,4643260,4685180,4664200,372323,0,761,0
28.819352865219116,347329,4641452,4683432,4662422,280706,0,761,0
28.819352865219116,347338,4643260,4685180,4664200,372323,0,761,0
28.85816192626953,347329,4641452,4683432,4662422,280706,0,761,0
28.85816192626953,347338,4643260,4685180,4664200,372323,0,761,0
28.896924018859863,347329,4641452,4683432,4662422,280706,0,761,0
28.896924018859863,347338,4643260,4685180,4664200,372323,0,761,0
28.934603929519653,347329,4641452,4683432,4662422,280706,0,761,0
28.934603929519653,347338,4643260,4685180,4664200,372323,0,761,0
28.972316026687622,347329,4641452,4683432,4662422,280706,0,761,0
28.972316026687622,347338,4643260,4685180,4664200,372323,0,761,0
29.00975799560547,347329,4641452,4683432,4662422,280706,0,761,0
29.00975799560547,347338,4643260,4685180,4664200,372323,0,761,0
29.047401905059814,347329,4641452,4683432,4662422,280706,0,761,0
29.047401905059814,347338,4643260,4685180,4664200,372323,0,761,0
29.085206031799316,347329,4641452,4683432,4662422,280706,0,761,0
29.085206031799316,347338,4643260,4685180,4664200,372323,0,761,0
29.122604846954346,347329,4641452,4683432,4662422,280706,0,761,0
29.122604846954346,347338,4643260,4685180,4664200,372323,0,761,0
29.16069483757019,347329,4641452,4683432,4662422,280706,0,761,0
29.16069483757019,347338,4643260,4685180,4664200,372323,0,761,0
29.197972059249878,347329,4641452,4683432,4662422,280706,0,761,0
29.197972059249878,347338,4643260,4685180,4664200,372323,0,761,0
29.23555898666382,347329,4641452,4683432,4662422,280706,0,761,0
29.23555898666382,347338,4643260,4685180,4664200,372323,0,761,0
29.272604942321777,347329,4641452,4683432,4662422,280706,0,761,0
29.272604942321777,347338,4643260,4685180,4664200,372323,0,761,0
29.310302019119263,347329,4641452,4683432,4662422,280706,0,761,0
29.310302019119263,347338,4643260,4685180,4664200,372323,0,761,0
29.349141836166382,347329,4641452,4683432,4662422,280706,0,761,0
29.349141836166382,347338,4643260,4685180,4664200,372323,0,761,0
29.386560916900635,347329,4641452,4683432,4662422,280706,0,761,0
29.386560916900635,347338,4643260,4685180,4664200,372323,0,761,0
29.425967931747437,347329,4641452,4683432,4662422,280706,0,761,0
29.425967931747437,347338,4643260,4685180,4664200,372323,0,761,0
29.465487957000732,347329,4641452,4683432,4662422,280706,0,761,0
29.465487957000732,347338,4643260,4685180,4664200,372323,0,761,0
29.50317883491516,347329,4641452,4683432,4662422,280706,0,761,0
29.50317883491516,347338,4643260,4685180,4664200,372323,0,761,0
29.540637969970703,347329,4641452,4683432,4662422,280706,0,761,0
29.540637969970703,347338,4643260,4685180,4664200,372323,0,761,0
29.57860803604126,347329,4641452,4683432,4662422,280706,0,761,0
29.57860803604126,347338,4643260,4685180,4664200,372323,0,761,0
29.616241931915283,347329,4641452,4683432,4662422,280706,0,761,0
29.616241931915283,347338,4643260,4685180,4664200,372323,0,761,0
29.653306007385254,347329,4641452,4683432,4662422,280706,0,761,0
29.653306007385254,347338,4643260,4685180,4664200,372323,0,761,0
29.690710067749023,347329,4641452,4683432,4662422,280706,0,761,0
29.690710067749023,347338,4643260,4685180,4664200,372323,0,761,0
29.72779083251953,347329,4641452,4683432,4662422,280706,0,761,0
29.72779083251953,347338,4643260,4685180,4664200,372323,0,761,0
29.76532483100891,347329,4641452,4683432,4662422,280706,0,761,0
29.76532483100891,347338,4643260,4685180,4664200,372323,0,761,0
29.80267095565796,347329,4641452,4683432,4662422,280706,0,761,0
29.80267095565796,347338,4643260,4685180,4664200,372323,0,761,0
29.840625047683716,347329,4641452,4683432,4662422,280706,0,761,0
29.840625047683716,347338,4643260,4685180,4664200,372323,0,761,0
29.877701997756958,347329,4641452,4683432,4662422,280706,0,761,0
29.877701997756958,347338,4643260,4685180,4664200,372323,0,761,0
29.915257930755615,347329,4641452,4683432,4662422,280706,0,761,0
29.915257930755615,347338,4643260,4685180,4664200,372323,0,761,0
29.952632904052734,347329,4641452,4683432,4662422,280706,0,761,0
29.952632904052734,347338,4643260,4685180,4664200,372323,0,761,0
29.99070906639099,347329,4641452,4683432,4662422,280706,0,761,0
29.99070906639099,347338,4643260,4685180,4664200,372323,0,761,0
30.028414011001587,347329,4641452,4683432,4662422,280706,0,761,0
30.028414011001587,347338,4643260,4685180,4664200,372323,0,761,0
30.06628704071045,347329,4641452,4683432,4662422,280706,0,761,0
30.06628704071045,347338,4643260,4685180,4664200,372323,0,761,0
30.10358500480652,347329,4641452,4683432,4662422,280706,0,761,0
30.10358500480652,347338,4643260,4685180,4664200,372323,0,761,0
30.14105200767517,347329,4641452,4683432,4662422,280706,0,761,0
30.14105200767517,347338,4643260,4685180,4664200,372323,0,761,0
30.178727865219116,347329,4641452,4683432,4662422,280706,0,761,0
30.178727865219116,347338,4643260,4685180,4664200,372323,0,761,0
30.216380834579468,347329,4641452,4683432,4662422,280706,0,761,0
30.216380834579468,347338,4643260,4685180,4664200,372323,0,761,0
30.253715991973877,347329,4641452,4683432,4662422,280706,0,761,0
30.253715991973877,347338,4643260,4685180,4664200,372323,0,761,0
30.291249990463257,347329,4641452,4683432,4662422,280706,0,761,0
30.291249990463257,347338,4643260,4685180,4664200,372323,0,761,0
30.329165935516357,347329,4641452,4683432,4662422,280706,0,761,0
30.329165935516357,347338,4643260,4685180,4664200,372323,0,761,0
30.366611003875732,347329,4641452,4683432,4662422,280706,0,761,0
30.366611003875732,347338,4643260,4685180,4664200,372323,0,761,0
30.404590845108032,347329,4641452,4683432,4662422,280706,0,761,0
30.404590845108032,347338,4643260,4685180,4664200,372323,0,761,0
30.442216873168945,347329,4641452,4683432,4662422,280706,0,761,0
30.442216873168945,347338,4643260,4685180,4664200,372323,0,761,0
30.47965383529663,347329,4641452,4683432,4662422,280706,0,761,0
30.47965383529663,347338,4643260,4685180,4664200,372323,0,761,0
30.517273902893066,347329,4641452,4683432,4662422,280706,0,761,0
30.517273902893066,347338,4643260,4685180,4664200,372323,0,761,0
30.555081844329834,347329,4641452,4683432,4662422,280706,0,761,0
30.555081844329834,347338,4643260,4685180,4664200,372323,0,761,0
30.592890977859497,347329,4641452,4683432,4662422,280706,0,761,0
30.592890977859497,347338,4643260,4685180,4664200,372323,0,761,0
30.630472898483276,347329,4641604,4683560,4662574,280712,0,761,0
30.630472898483276,347338,4643260,4685180,4664200,372323,0,761,0
30.667978048324585,347329,4641604,4683560,4662574,280744,0,761,0
30.667978048324585,347338,4643260,4685180,4664200,372323,0,761,0
30.70547103881836,347329,4642628,4684584,4663598,281000,0,761,0
30.70547103881836,347338,4643260,4685180,4664200,372323,0,761,0
30.742904901504517,347329,4642628,4684584,4663598,281000,0,761,0
30.742904901504517,347338,4643260,4685180,4664200,372323,0,761,0
30.78040599822998,347329,4642628,4684584,4663598,281000,0,761,0
30.78040599822998,347338,4643260,4685180,4664200,372323,0,761,0
30.818464994430542,347329,4642628,4684584,4663598,281000,0,761,0
30.818464994430542,347338,4643260,4685180,4664200,372323,0,761,0
30.85598397254944,347329,4642628,4684584,4663598,281000,0,761,0
30.85598397254944,347338,4643260,4685180,4664200,372323,0,761,0
30.893805980682373,347329,4642628,4684584,4663598,281000,0,761,0
30.893805980682373,347338,4643260,4685180,4664200,372323,0,761,0
30.931367874145508,347329,4642628,4684584,4663598,281000,0,761,0
30.931367874145508,347338,4643260,4685180,4664200,372323,0,761,0
30.969038009643555,347329,4642628,4684584,4663598,281000,0,761,0
30.969038009643555,347338,4643260,4685180,4664200,372323,0,761,0
31.006989002227783,347329,4642628,4684584,4663598,281000,0,761,0
31.006989002227783,347338,4643260,4685180,4664200,372323,0,761,0
31.04468584060669,347329,4642628,4684584,4663598,281000,0,761,0
31.04468584060669,347338,4643260,4685180,4664200,372323,0,761,0
31.082356929779053,347329,4642628,4684584,4663598,281000,0,761,0
31.082356929779053,347338,4643260,4685180,4664200,372323,0,761,0
31.119905948638916,347329,4642628,4684584,4663598,281000,0,761,0
31.119905948638916,347338,4643260,4685180,4664200,372323,0,761,0
31.15747594833374,347329,4642628,4684584,4663598,281000,0,761,0
31.15747594833374,347338,4643260,4685180,4664200,372323,0,761,0
31.195065021514893,347329,4642628,4684584,4663598,281000,0,761,0
31.195065021514893,347338,4643260,4685180,4664200,372323,0,761,0
31.233259916305542,347329,4642628,4684584,4663598,281000,0,761,0
31.233259916305542,347338,4643260,4685180,4664200,372323,0,761,0
31.271059036254883,347329,4642628,4684584,4663598,281000,0,761,0
31.271059036254883,347338,4643260,4685180,4664200,372323,0,761,0
31.30949902534485,347329,4642628,4684584,4663598,281000,0,761,0
31.30949902534485,347338,4643260,4685180,4664200,372323,0,761,0
31.347118854522705,347329,4642628,4684584,4663598,281000,0,761,0
31.347118854522705,347338,4643260,4685180,4664200,372323,0,761,0
31.384666919708252,347329,4642628,4684584,4663598,281000,0,761,0
31.384666919708252,347338,4643260,4685180,4664200,372323,0,761,0
31.424330949783325,347329,4642628,4684584,4663598,281000,0,761,0
31.424330949783325,347338,4643260,4685180,4664200,372323,0,761,0
31.462849855422974,347329,4642628,4684584,4663598,281000,0,761,0
31.462849855422974,347338,4643260,4685180,4664200,372323,0,761,0
31.50219202041626,347329,4642628,4684584,4663598,281000,0,761,0
31.50219202041626,347338,4643260,4685180,4664200,372323,0,761,0
31.539695024490356,347329,4642628,4684584,4663598,281000,0,761,0
31.539695024490356,347338,4643260,4685180,4664200,372323,0,761,0
31.57948398590088,347329,4642628,4684584,4663598,281000,0,761,0
31.57948398590088,347338,4643260,4685180,4664200,372323,0,761,0
31.617087841033936,347329,4642628,4684584,4663598,281000,0,761,0
31.617087841033936,347338,4643260,4685180,4664200,372323,0,761,0
31.65537405014038,347329,4642628,4684584,4663598,281000,0,761,0
31.65537405014038,347338,4643260,4685180,4664200,372323,0,761,0
31.69310998916626,347329,4642628,4684584,4663598,281000,0,761,0
31.69310998916626,347338,4643260,4685180,4664200,372323,0,761,0
31.730807065963745,347329,4642628,4684584,4663598,281000,0,761,0
31.730807065963745,347338,4643260,4685180,4664200,372323,0,761,0
31.76836895942688,347329,4642628,4684584,4663598,281000,0,761,0
31.76836895942688,347338,4643260,4685180,4664200,372323,0,761,0
31.80594491958618,347329,4642628,4684584,4663598,281000,0,761,0
31.80594491958618,347338,4643260,4685180,4664200,372323,0,761,0
31.843837022781372,347329,4642628,4684584,4663598,281000,0,761,0
31.843837022781372,347338,4643260,4685180,4664200,372323,0,761,0
31.881475925445557,347329,4642628,4684584,4663598,281000,0,761,0
31.881475925445557,347338,4643260,4685180,4664200,372323,0,761,0
31.91899299621582,347329,4642628,4684584,4663598,281000,0,761,0
31.91899299621582,347338,4643260,4685180,4664200,372323,0,761,0
31.956578016281128,347329,4642628,4684584,4663598,281000,0,761,0
31.956578016281128,347338,4643260,4685180,4664200,372323,0,761,0
31.994199991226196,347329,4642628,4684584,4663598,281000,0,761,0
31.994199991226196,347338,4643260,4685180,4664200,372323,0,761,0
32.031834840774536,347329,4642628,4684584,4663598,281000,0,761,0
32.031834840774536,347338,4643260,4685180,4664200,372323,0,761,0
32.07011890411377,347329,4642628,4684584,4663598,281000,0,761,0
32.07011890411377,347338,4643260,4685180,4664200,372323,0,761,0
32.107807874679565,347329,4642628,4684584,4663598,281000,0,761,0
32.107807874679565,347338,4643260,4685180,4664200,372323,0,761,0
32.1454758644104,347329,4642628,4684584,4663598,281000,0,761,0
32.1454758644104,347338,4643260,4685180,4664200,372323,0,761,0
32.183212995529175,347329,4642628,4684584,4663598,281000,0,761,0
32.183212995529175,347338,4643260,4685180,4664200,372323,0,761,0
32.220864057540894,347329,4642628,4684584,4663598,281000,0,761,0
32.220864057540894,347338,4643260,4685180,4664200,372323,0,761,0
32.258816957473755,347329,4642628,4684584,4663598,281000,0,761,0
32.258816957473755,347338,4643260,4685180,4664200,372323,0,761,0
32.29898691177368,347329,4642628,4684584,4663598,281000,0,761,0
32.29898691177368,347338,4643260,4685180,4664200,372323,0,761,0
32.33656597137451,347329,4642628,4684584,4663598,281000,0,761,0
32.33656597137451,347338,4643260,4685180,4664200,372323,0,761,0
32.37435603141785,347329,4642628,4684584,4663598,281000,0,761,0
32.37435603141785,347338,4643260,4685180,4664200,372323,0,761,0
32.41190195083618,347329,4642628,4684584,4663598,281000,0,761,0
32.41190195083618,347338,4643260,4685180,4664200,372323,0,761,0
32.44934296607971,347329,4642628,4684584,4663598,281000,0,761,0
32.44934296607971,347338,4643260,4685180,4664200,372323,0,761,0
32.48760795593262,347329,4642628,4684584,4663598,281000,0,761,0
32.48760795593262,347338,4643260,4685180,4664200,372323,0,761,0
32.52518105506897,347329,4642628,4684584,4663598,281000,0,761,0
32.52518105506897,347338,4643260,4685180,4664200,372323,0,761,0
32.56271696090698,347329,4642628,4684584,4663598,281000,0,761,0
32.56271696090698,347338,4643260,4685180,4664200,372323,0,761,0
32.60040998458862,347329,4642628,4684584,4663598,281000,0,761,0
32.60040998458862,347338,4643260,4685180,4664200,372323,0,761,0
32.63780188560486,347329,4642628,4684584,4663598,281000,0,761,0
32.63780188560486,347338,4643260,4685180,4664200,372323,0,761,0
32.67559099197388,347329,4642628,4684584,4663598,281000,0,761,0
32.67559099197388,347338,4643260,4685180,4664200,372323,0,761,0
32.713119983673096,347329,4642628,4684584,4663598,281000,0,761,0
32.713119983673096,347338,4643260,4685180,4664200,372323,0,761,0
32.75048899650574,347329,4642628,4684584,4663598,281000,0,761,0
32.75048899650574,347338,4643260,4685180,4664200,372323,0,761,0
32.78797483444214,347329,4642628,4684584,4663598,281000,0,761,0
32.78797483444214,347338,4643260,4685180,4664200,372323,0,761,0
32.8255820274353,347329,4642628,4684584,4663598,281000,0,761,0
32.8255820274353,347338,4643260,4685180,4664200,372323,0,761,0
32.862982988357544,347329,4642628,4684584,4663598,281000,0,761,0
32.862982988357544,347338,4643260,4685180,4664200,372323,0,761,0
32.90119504928589,347329,4642628,4684584,4663598,281000,0,761,0
32.90119504928589,347338,4643260,4685180,4664200,372323,0,761,0
32.93899989128113,347329,4642628,4684584,4663598,281000,0,761,0
32.93899989128113,347338,4643260,4685180,4664200,372323,0,761,0
32.97656488418579,347329,4642628,4684584,4663598,281000,0,761,0
32.97656488418579,347338,4643420,4685308,4664360,372331,0,761,0
33.01397204399109,347329,4642628,4684584,4663598,281000,0,761,0
33.01397204399109,347338,4643932,4685820,4664872,372491,0,761,0
33.05166792869568,347329,4642628,4684584,4663598,281000,0,761,0
33.05166792869568,347338,4643932,4685820,4664872,372491,0,761,0
33.08984398841858,347329,4642628,4684584,4663598,281000,0,761,0
33.08984398841858,347338,4645980,4687908,4666920,372492,0,761,0
33.12768197059631,347329,4642628,4684584,4663598,281000,0,761,0
33.12768197059631,347338,4645980,4687908,4666920,372492,0,761,0
33.165380001068115,347329,4642628,4684584,4663598,281000,0,761,0
33.165380001068115,347338,4645980,4687908,4666920,372492,0,761,0
33.203258991241455,347329,4642628,4684584,4663598,281000,0,761,0
33.203258991241455,347338,4645980,4687908,4666920,372492,0,761,0
33.24177598953247,347329,4642628,4684584,4663598,281000,0,761,0
33.24177598953247,347338,4645980,4687908,4666920,372492,0,761,0
33.27937388420105,347329,4642628,4684584,4663598,281000,0,761,0
33.27937388420105,347338,4645980,4687908,4666920,372492,0,761,0
33.317468881607056,347329,4642628,4684584,4663598,281000,0,761,0
33.317468881607056,347338,4645980,4687908,4666920,372492,0,761,0
33.35508894920349,347329,4642628,4684584,4663598,281000,0,761,0
33.35508894920349,347338,4645980,4687908,4666920,372492,0,761,0
33.392727851867676,347329,4642628,4684584,4663598,281000,0,761,0
33.392727851867676,347338,4645980,4687908,4666920,372492,0,761,0
33.43040704727173,347329,4642628,4684584,4663598,281000,0,761,0
33.43040704727173,347338,4645980,4687908,4666920,372492,0,761,0
33.46812701225281,347329,4642628,4684584,4663598,281000,0,761,0
33.46812701225281,347338,4645980,4687908,4666920,372492,0,761,0
33.50608491897583,347329,4642628,4684584,4663598,281000,0,761,0
33.50608491897583,347338,4645980,4687908,4666920,372492,0,761,0
33.5439178943634,347329,4642628,4684584,4663598,281000,0,761,0
33.5439178943634,347338,4645980,4687908,4666920,372492,0,761,0
33.581568002700806,347329,4642628,4684584,4663598,281000,0,761,0
33.581568002700806,347338,4645980,4687908,4666920,372492,0,761,0
33.61937189102173,347329,4642628,4684584,4663598,281000,0,761,0
33.61937189102173,347338,4645980,4687908,4666920,372492,0,761,0
33.65699791908264,347329,4642628,4684584,4663598,281000,0,761,0
33.65699791908264,347338,4645980,4687908,4666920,372492,0,761,0
33.69488883018494,347329,4642628,4684584,4663598,281000,0,761,0
33.69488883018494,347338,4645980,4687908,4666920,372492,0,761,0
33.733306884765625,347329,4642628,4684584,4663598,281000,0,761,0
33.733306884765625,347338,4645980,4687908,4666920,372492,0,761,0
33.771206855773926,347329,4642628,4684584,4663598,281000,0,761,0
33.771206855773926,347338,4645980,4687908,4666920,372492,0,761,0
33.80907702445984,347329,4642628,4684584,4663598,281000,0,761,0
33.80907702445984,347338,4645980,4687908,4666920,372492,0,761,0
33.846883058547974,347329,4642628,4684584,4663598,281000,0,761,0
33.846883058547974,347338,4645980,4687908,4666920,372492,0,761,0
33.884501934051514,347329,4642628,4684584,4663598,281000,0,761,0
33.884501934051514,347338,4645980,4687908,4666920,372492,0,761,0
33.9224648475647,347329,4642628,4684584,4663598,281000,0,761,0
33.9224648475647,347338,4645980,4687908,4666920,372492,0,761,0
33.96018385887146,347329,4642628,4684584,4663598,281000,0,761,0
33.96018385887146,347338,4645980,4687908,4666920,372492,0,761,0
33.99786901473999,347329,4642628,4684584,4663598,281000,0,761,0
33.99786901473999,347338,4645980,4687908,4666920,372492,0,761,0
34.03554892539978,347329,4642628,4684584,4663598,281000,0,761,0
34.03554892539978,347338,4645980,4687908,4666920,372492,0,761,0
34.073118925094604,347329,4642628,4684584,4663598,281000,0,761,0
34.073118925094604,347338,4645980,4687908,4666920,372492,0,761,0
34.11091494560242,347329,4642628,4684584,4663598,281000,0,761,0
34.11091494560242,347338,4645980,4687908,4666920,372492,0,761,0
34.1491858959198,347329,4642628,4684584,4663598,281000,0,761,0
34.1491858959198,347338,4645980,4687908,4666920,372492,0,761,0
34.18702793121338,347329,4642628,4684584,4663598,281000,0,761,0
34.18702793121338,347338,4645980,4687908,4666920,372492,0,761,0
34.225363969802856,347329,4642628,4684584,4663598,281000,0,761,0
34.225363969802856,347338,4645980,4687908,4666920,372492,0,761,0
34.2629599571228,347329,4642628,4684584,4663598,281000,0,761,0
34.2629599571228,347338,4645980,4687908,4666920,372492,0,761,0
34.300442934036255,347329,4642628,4684584,4663598,281000,0,761,0
34.300442934036255,347338,4645980,4687908,4666920,372492,0,761,0
34.33838200569153,347329,4642628,4684584,4663598,281000,0,761,0
34.33838200569153,347338,4645980,4687908,4666920,372492,0,761,0
34.37603306770325,347329,4642628,4684584,4663598,281000,0,761,0
34.37603306770325,347338,4645980,4687908,4666920,372492,0,761,0
34.41370105743408,347329,4642628,4684584,4663598,281000,0,761,0
34.41370105743408,347338,4645980,4687908,4666920,372492,0,761,0
34.451459884643555,347329,4642628,4684584,4663598,281000,0,761,0
34.451459884643555,347338,4645980,4687908,4666920,372492,0,761,0
34.489129066467285,347329,4642628,4684584,4663598,281000,0,761,0
34.489129066467285,347338,4645980,4687908,4666920,372492,0,761,0
34.526939868927,347329,4642628,4684584,4663598,281000,0,761,0
34.526939868927,347338,4645980,4687908,4666920,372492,0,761,0
34.56485295295715,347329,4642628,4684584,4663598,281000,0,761,0
34.56485295295715,347338,4645980,4687908,4666920,372492,0,761,0
34.602762937545776,347329,4642628,4684584,4663598,281000,0,761,0
34.602762937545776,347338,4645980,4687908,4666920,372492,0,761,0
34.64060306549072,347329,4642628,4684584,4663598,281000,0,761,0
34.64060306549072,347338,4645980,4687908,4666920,372492,0,761,0
34.67847800254822,347329,4642628,4684584,4663598,281000,0,761,0
34.67847800254822,347338,4645980,4687908,4666920,372492,0,761,0
34.71680283546448,347329,4642628,4684584,4663598,281000,0,761,0
34.71680283546448,347338,4645980,4687908,4666920,372492,0,761,0
34.75709295272827,347329,4642628,4684584,4663598,281000,0,761,0
34.75709295272827,347338,4645980,4687908,4666920,372492,0,761,0
34.79750394821167,347329,4642628,4684584,4663598,281000,0,761,0
34.79750394821167,347338,4645980,4687908,4666920,372492,0,761,0
34.83756995201111,347329,4642628,4684584,4663598,281000,0,761,0
34.83756995201111,347338,4645980,4687908,4666920,372492,0,761,0
34.87630105018616,347329,4642628,4684584,4663598,281000,0,761,0
34.87630105018616,347338,4645980,4687908,4666920,372492,0,761,0
34.91492700576782,347329,4642628,4684584,4663598,281000,0,761,0
34.91492700576782,347338,4645980,4687908,4666920,372492,0,761,0
34.953980922698975,347329,4642628,4684584,4663598,281000,0,761,0
34.953980922698975,347338,4645980,4687908,4666920,372492,0,761,0
34.992631912231445,347329,4642628,4684584,4663598,281000,0,761,0
34.992631912231445,347338,4645980,4687908,4666920,372492,0,761,0
35.03126287460327,347329,4642628,4684584,4663598,281000,0,761,0
35.03126287460327,347338,4645980,4687908,4666920,372492,0,761,0
35.070098876953125,347329,4642628,4684584,4663598,281000,0,761,0
35.070098876953125,347338,4645980,4687908,4666920,372492,0,761,0
35.108603954315186,347329,4642628,4684584,4663598,281000,0,761,0
35.108603954315186,347338,4645980,4687908,4666920,372492,0,761,0
35.14716291427612,347329,4642628,4684584,4663598,281000,0,761,0
35.14716291427612,347338,4645980,4687908,4666920,372492,0,761,0
35.18764686584473,347329,4642628,4684584,4663598,281000,0,761,0
35.18764686584473,347338,4645980,4687908,4666920,372492,0,761,0
35.22795104980469,347329,4642628,4684584,4663598,281000,0,761,0
35.22795104980469,347338,4645980,4687908,4666920,372492,0,761,0
35.26815485954285,347329,4642628,4684584,4663598,281000,0,761,0
35.26815485954285,347338,4645980,4687908,4666920,372492,0,761,0
35.30878186225891,347329,4642628,4684584,4663598,281000,0,761,0
35.30878186225891,347338,4645980,4687908,4666920,372492,0,761,0
35.34947204589844,347329,4642628,4684584,4663598,281000,0,761,0
35.34947204589844,347338,4645980,4687908,4666920,372492,0,761,0
35.390580892562866,347329,4642628,4684584,4663598,281000,0,761,0
35.390580892562866,347338,4645980,4687908,4666920,372492,0,761,0
35.431190967559814,347329,4642628,4684584,4663598,281000,0,761,0
35.431190967559814,347338,4645980,4687908,4666920,372492,0,761,0
35.47078204154968,347329,4642628,4684584,4663598,281000,0,761,0
35.47078204154968,347338,4645980,4687908,4666920,372492,0,761,0
35.51125502586365,347329,4642628,4684584,4663598,281000,0,761,0
35.51125502586365,347338,4645980,4687908,4666920,372492,0,761,0
35.552095890045166,347329,4642628,4684584,4663598,281000,0,761,0
35.552095890045166,347338,4645980,4687908,4666920,372492,0,761,0
35.593222856521606,347329,4642628,4684584,4663598,281000,0,761,0
35.593222856521606,347338,4645980,4687908,4666920,372492,0,761,0
35.633787870407104,347329,4642628,4684584,4663598,281000,0,761,0
35.633787870407104,347338,4645980,4687908,4666920,372492,0,761,0
35.674519062042236,347329,4642628,4684584,4663598,281000,0,761,0
35.674519062042236,347338,4645980,4687908,4666920,372492,0,761,0
35.71511197090149,347329,4642628,4684584,4663598,281000,0,761,0
35.71511197090149,347338,4645980,4687908,4666920,372492,0,761,0
35.755805015563965,347329,4642628,4684584,4663598,281000,0,761,0
35.755805015563965,347338,4645980,4687908,4666920,372492,0,761,0
35.79693102836609,347329,4642628,4684584,4663598,281000,0,761,0
35.79693102836609,347338,4645980,4687908,4666920,372492,0,761,0
35.83748483657837,347329,4642628,4684584,4663598,281000,0,761,0
35.83748483657837,347338,4645980,4687908,4666920,372492,0,761,0
35.87823295593262,347329,4642628,4684584,4663598,281000,0,761,0
35.87823295593262,347338,4645980,4687908,4666920,372492,0,761,0
35.91865086555481,347329,4642628,4684584,4663598,281000,0,761,0
35.91865086555481,347338,4645980,4687908,4666920,372492,0,761,0
35.959312915802,347329,4642628,4684584,4663598,281000,0,761,0
35.959312915802,347338,4645980,4687908,4666920,372492,0,761,0
36.000125885009766,347329,4642628,4684584,4663598,281000,0,761,0
36.000125885009766,347338,4645980,4687908,4666920,372492,0,761,0
36.04064702987671,347329,4642628,4684584,4663598,281000,0,761,0
36.04064702987671,347338,4645980,4687908,4666920,372492,0,761,0
36.08130884170532,347329,4642628,4684584,4663598,281000,0,761,0
36.08130884170532,347338,4645980,4687908,4666920,372492,0,761,0
36.121989011764526,347329,4642628,4684584,4663598,281000,0,761,0
36.121989011764526,347338,4645980,4687908,4666920,372492,0,761,0
36.16546702384949,347329,4642628,4684584,4663598,281000,0,761,0
36.16546702384949,347338,4645980,4687908,4666920,372492,0,761,0
36.206517934799194,347329,4642628,4684584,4663598,281000,0,761,0
36.206517934799194,347338,4645980,4687908,4666920,372492,0,761,0
36.24517893791199,347329,4642628,4684584,4663598,281000,0,761,0
36.24517893791199,347338,4645980,4687908,4666920,372492,0,761,0
36.2838568687439,347329,4642628,4684584,4663598,281000,0,761,0
36.2838568687439,347338,4645980,4687908,4666920,372492,0,761,0
36.32266092300415,347329,4642628,4684584,4663598,281000,0,761,0
36.32266092300415,347338,4645980,4687908,4666920,372492,0,761,0
36.36124801635742,347329,4642628,4684584,4663598,281000,0,761,0
36.36124801635742,347338,4645980,4687908,4666920,372492,0,761,0
36.40005397796631,347329,4642628,4684584,4663598,281000,0,761,0
36.40005397796631,347338,4645980,4687908,4666920,372492,0,761,0
36.43921399116516,347329,4642628,4684584,4663598,281000,0,761,0
36.43921399116516,347338,4645980,4687908,4666920,372492,0,761,0
36.47784399986267,347329,4642628,4684584,4663598,281000,0,761,0
36.47784399986267,347338,4645980,4687908,4666920,372492,0,761,0
36.51651692390442,347329,4642628,4684584,4663598,281000,0,761,0
36.51651692390442,347338,4645980,4687908,4666920,372492,0,761,0
36.55494284629822,347329,4642628,4684584,4663598,281000,0,761,0
36.55494284629822,347338,4645980,4687908,4666920,372492,0,761,0
36.593514919281006,347329,4642628,4684584,4663598,281000,0,761,0
36.593514919281006,347338,4645980,4687908,4666920,372492,0,761,0
36.63260197639465,347329,4642628,4684584,4663598,281000,0,761,0
36.63260197639465,347338,4645980,4687908,4666920,372492,0,761,0
36.67123889923096,347329,4642628,4684584,4663598,281000,0,761,0
36.67123889923096,347338,4645980,4687908,4666920,372492,0,761,0
36.70980501174927,347329,4642628,4684584,4663598,281000,0,761,0
36.70980501174927,347338,4645980,4687908,4666920,372492,0,761,0
36.74851703643799,347329,4642628,4684584,4663598,281000,0,761,0
36.74851703643799,347338,4645980,4687908,4666920,372492,0,761,0
36.78727102279663,347329,4642628,4684584,4663598,281000,0,761,0
36.78727102279663,347338,4645980,4687908,4666920,372492,0,761,0
36.826318979263306,347329,4642628,4684584,4663598,281000,0,761,0
36.826318979263306,347338,4645980,4687908,4666920,372492,0,761,0
36.86512303352356,347329,4642628,4684584,4663598,281000,0,761,0
36.86512303352356,347338,4645980,4687908,4666920,372492,0,761,0
36.90379595756531,347329,4642628,4684584,4663598,281000,0,761,0
36.90379595756531,347338,4645980,4687908,4666920,372492,0,761,0
36.94250297546387,347329,4642628,4684584,4663598,281000,0,761,0
36.94250297546387,347338,4645980,4687908,4666920,372492,0,761,0
36.98118591308594,347329,4642628,4684584,4663598,281000,0,761,0
36.98118591308594,347338,4645980,4687908,4666920,372492,0,761,0
37.019855976104736,347329,4642628,4684584,4663598,281000,0,761,0
37.019855976104736,347338,4645980,4687908,4666920,372492,0,761,0
37.05893802642822,347329,4642628,4684584,4663598,281000,0,761,0
37.05893802642822,347338,4645980,4687908,4666920,372492,0,761,0
37.09774684906006,347329,4642628,4684584,4663598,281000,0,761,0
37.09774684906006,347338,4645980,4687908,4666920,372492,0,761,0
37.13656306266785,347329,4642628,4684584,4663598,281000,0,761,0
37.13656306266785,347338,4645980,4687908,4666920,372492,0,761,0
37.17664289474487,347329,4642628,4684584,4663598,281000,0,761,0
37.17664289474487,347338,4645980,4687908,4666920,372492,0,761,0
37.21690106391907,347329,4642628,4684584,4663598,281000,0,761,0
37.21690106391907,347338,4645980,4687908,4666920,372492,0,761,0
37.25844883918762,347329,4642628,4684584,4663598,281000,0,761,0
37.25844883918762,347338,4645980,4687908,4666920,372492,0,761,0
37.2959508895874,347329,4642628,4684584,4663598,281000,0,761,0
37.2959508895874,347338,4645980,4687908,4666920,372492,0,761,0
37.333653926849365,347329,4642628,4684584,4663598,281000,0,761,0
37.333653926849365,347338,4645980,4687908,4666920,372492,0,761,0
37.37063789367676,347329,4642628,4684584,4663598,281000,0,761,0
37.37063789367676,347338,4645980,4687908,4666920,372492,0,761,0
37.408632040023804,347329,4642628,4684584,4663598,281000,0,761,0
37.408632040023804,347338,4645980,4687908,4666920,372492,0,761,0
37.44575095176697,347329,4642628,4684584,4663598,281000,0,761,0
37.44575095176697,347338,4645980,4687908,4666920,372492,0,761,0
37.483773946762085,347329,4642628,4684584,4663598,281000,0,761,0
37.483773946762085,347338,4645980,4687908,4666920,372492,0,761,0
37.52128195762634,347329,4642628,4684584,4663598,281000,0,761,0
37.52128195762634,347338,4645980,4687908,4666920,372492,0,761,0
37.55861496925354,347329,4642628,4684584,4663598,281000,0,761,0
37.55861496925354,347338,4645980,4687908,4666920,372492,0,761,0
37.59630298614502,347329,4642628,4684584,4663598,281000,0,761,0
37.59630298614502,347338,4645980,4687908,4666920,372492,0,761,0
37.63409996032715,347329,4642628,4684584,4663598,281000,0,761,0
37.63409996032715,347338,4645980,4687908,4666920,372492,0,761,0
37.672571897506714,347329,4642628,4684584,4663598,281000,0,761,0
37.672571897506714,347338,4645980,4687908,4666920,372492,0,761,0
37.710657835006714,347329,4642628,4684584,4663598,281000,0,761,0
37.710657835006714,347338,4645980,4687908,4666920,372492,0,761,0
37.74830102920532,347329,4642628,4684584,4663598,281000,0,761,0
37.74830102920532,347338,4645980,4687908,4666920,372492,0,761,0
37.785945892333984,347329,4642628,4684584,4663598,281000,0,761,0
37.785945892333984,347338,4645980,4687908,4666920,372492,0,761,0
37.823617935180664,347329,4642628,4684584,4663598,281000,0,761,0
37.823617935180664,347338,4645980,4687908,4666920,372492,0,761,0
37.861249923706055,347329,4642628,4684584,4663598,281000,0,761,0
37.861249923706055,347338,4645980,4687908,4666920,372492,0,761,0
37.899121046066284,347329,4642628,4684584,4663598,281000,0,761,0
37.899121046066284,347338,4645980,4687908,4666920,372492,0,761,0
37.93679690361023,347329,4642628,4684584,4663598,281000,0,761,0
37.93679690361023,347338,4645980,4687908,4666920,372492,0,761,0
37.974308013916016,347329,4642628,4684584,4663598,281000,0,761,0
37.974308013916016,347338,4645980,4687908,4666920,372492,0,761,0
38.01161599159241,347329,4642628,4684584,4663598,281000,0,761,0
38.01161599159241,347338,4645980,4687908,4666920,372492,0,761,0
38.049428939819336,347329,4642628,4684584,4663598,281000,0,761,0
38.049428939819336,347338,4645980,4687908,4666920,372492,0,761,0
38.08756899833679,347329,4642628,4684584,4663598,281000,0,761,0
38.08756899833679,347338,4645980,4687908,4666920,372492,0,761,0
38.125967025756836,347329,4642628,4684584,4663598,281000,0,761,0
38.125967025756836,347338,4645980,4687908,4666920,372492,0,761,0
38.16330289840698,347329,4642628,4684584,4663598,281000,0,761,0
38.16330289840698,347338,4645980,4687908,4666920,372492,0,761,0
38.20063900947571,347329,4642628,4684584,4663598,281000,0,761,0
38.20063900947571,347338,4645980,4687908,4666920,372492,0,761,0
38.238266944885254,347329,4642628,4684584,4663598,281000,0,761,0
38.238266944885254,347338,4645980,4687908,4666920,372492,0,761,0
38.27599883079529,347329,4642628,4684584,4663598,281000,0,761,0
38.27599883079529,347338,4645980,4687908,4666920,372492,0,761,0
38.31430792808533,347329,4642628,4684584,4663598,281000,0,761,0
38.31430792808533,347338,4645980,4687908,4666920,372492,0,761,0
38.35173797607422,347329,4642628,4684584,4663598,281000,0,761,0
38.35173797607422,347338,4645980,4687908,4666920,372492,0,761,0
38.38962697982788,347329,4642628,4684584,4663598,281000,0,761,0
38.38962697982788,347338,4645980,4687908,4666920,372492,0,761,0
38.42964506149292,347329,4642628,4684584,4663598,281000,0,761,0
38.42964506149292,347338,4645980,4687908,4666920,372492,0,761,0
38.46731185913086,347329,4642628,4684584,4663598,281000,0,761,0
38.46731185913086,347338,4645980,4687908,4666920,372492,0,761,0
38.505306005477905,347329,4642628,4684584,4663598,281000,0,761,0
38.505306005477905,347338,4645980,4687908,4666920,372492,0,761,0
38.54265594482422,347329,4642628,4684584,4663598,281000,0,761,0
38.54265594482422,347338,4645980,4687908,4666920,372492,0,761,0
38.5803120136261,347329,4642628,4684584,4663598,281000,0,761,0
38.5803120136261,347338,4645980,4687908,4666920,372492,0,761,0
38.61780500411987,347329,4642628,4684584,4663598,281000,0,761,0
38.61780500411987,347338,4645980,4687908,4666920,372492,0,761,0
38.655256032943726,347329,4642628,4684584,4663598,281000,0,761,0
38.655256032943726,347338,4645980,4687908,4666920,372492,0,761,0
38.69442701339722,347329,4642628,4684584,4663598,281000,0,761,0
38.69442701339722,347338,4645980,4687908,4666920,372492,0,761,0
38.73433184623718,347329,4642628,4684584,4663598,281000,0,761,0
38.73433184623718,347338,4645980,4687908,4666920,372492,0,761,0
38.77388596534729,347329,4642628,4684584,4663598,281000,0,761,0
38.77388596534729,347338,4645980,4687908,4666920,372492,0,761,0
38.81341886520386,347329,4642628,4684584,4663598,281000,0,761,0
38.81341886520386,347338,4645980,4687908,4666920,372492,0,761,0
38.85140299797058,347329,4642628,4684584,4663598,281000,0,761,0
38.85140299797058,347338,4645980,4687908,4666920,372492,0,761,0
38.88882493972778,347329,4642628,4684584,4663598,281000,0,761,0
38.88882493972778,347338,4645980,4687908,4666920,372492,0,761,0
38.92875695228577,347329,4642628,4684584,4663598,281000,0,761,0
38.92875695228577,347338,4645980,4687908,4666920,372492,0,761,0
38.96809196472168,347329,4642628,4684584,4663598,281000,0,761,0
38.96809196472168,347338,4645980,4687908,4666920,372492,0,761,0
39.00742793083191,347329,4642628,4684584,4663598,281000,0,761,0
39.00742793083191,347338,4645980,4687908,4666920,372492,0,761,0
39.045137882232666,347329,4642628,4684584,4663598,281000,0,761,0
39.045137882232666,347338,4645980,4687908,4666920,372492,0,761,0
39.08447885513306,347329,4642628,4684584,4663598,281000,0,761,0
39.08447885513306,347338,4645980,4687908,4666920,372492,0,761,0
39.12242603302002,347329,4642628,4684584,4663598,281000,0,761,0
39.12242603302002,347338,4645980,4687908,4666920,372492,0,761,0
39.16074800491333,347329,4642628,4684584,4663598,281000,0,761,0
39.16074800491333,347338,4645980,4687908,4666920,372492,0,761,0
39.1991548538208,347329,4642628,4684584,4663598,281000,0,761,0
39.1991548538208,347338,4645980,4687908,4666920,372492,0,761,0
39.23861789703369,347329,4642628,4684584,4663598,281000,0,761,0
39.23861789703369,347338,4646028,4687908,4666968,372504,0,761,0
39.27818489074707,347329,4642628,4684584,4663598,281000,0,761,0
39.27818489074707,347338,4646028,4687908,4666968,372504,0,761,0
39.31755590438843,347329,4642628,4684584,4663598,281000,0,761,0
39.31755590438843,347338,4646028,4687908,4666968,372504,0,761,0
39.35557794570923,347329,4642628,4684584,4663598,281000,0,761,0
39.35557794570923,347338,4646028,4687908,4666968,372504,0,761,0
39.39492392539978,347329,4642628,4684584,4663598,281000,0,761,0
39.39492392539978,347338,4646028,4687908,4666968,372504,0,761,0
39.432713985443115,347329,4642628,4684584,4663598,281000,0,761,0
39.432713985443115,347338,4646028,4687908,4666968,372504,0,761,0
39.47271990776062,347329,4642628,4684584,4663598,281000,0,761,0
39.47271990776062,347338,4646028,4687908,4666968,372504,0,761,0
39.51057291030884,347329,4642628,4684584,4663598,281000,0,761,0
39.51057291030884,347338,4646028,4687908,4666968,372504,0,761,0
39.5485360622406,347329,4642628,4684584,4663598,281000,0,761,0
39.5485360622406,347338,4646028,4687908,4666968,372504,0,761,0
39.58618998527527,347329,4642628,4684584,4663598,281000,0,761,0
39.58618998527527,347338,4646028,4687908,4666968,372504,0,761,0
39.623926877975464,347329,4642628,4684584,4663598,281000,0,761,0
39.623926877975464,347338,4646028,4687908,4666968,372504,0,761,0
39.66158103942871,347329,4642628,4684584,4663598,281000,0,761,0
39.66158103942871,347338,4646028,4687908,4666968,372504,0,761,0
39.69904184341431,347329,4642628,4684584,4663598,281000,0,761,0
39.69904184341431,347338,4646028,4687908,4666968,372504,0,761,0
39.73734402656555,347329,4642628,4684584,4663598,281000,0,761,0
39.73734402656555,347338,4646028,4687908,4666968,372504,0,761,0
39.775644063949585,347329,4642628,4684584,4663598,281000,0,761,0
39.775644063949585,347338,4646028,4687908,4666968,372504,0,761,0
39.813632011413574,347329,4642628,4684584,4663598,281000,0,761,0
39.813632011413574,347338,4646028,4687908,4666968,372504,0,761,0
39.851826906204224,347329,4642628,4684584,4663598,281000,0,761,0
39.851826906204224,347338,4646028,4687908,4666968,372504,0,761,0
39.889734983444214,347329,4642628,4684584,4663598,281000,0,761,0
39.889734983444214,347338,4646028,4687908,4666968,372504,0,761,0
39.930081844329834,347329,4642628,4684584,4663598,281000,0,761,0
39.930081844329834,347338,4646028,4687908,4666968,372504,0,761,0
39.9692268371582,347329,4642628,4684584,4663598,281000,0,761,0
39.9692268371582,347338,4646028,4687908,4666968,372504,0,761,0
40.007269859313965,347329,4642628,4684584,4663598,281000,0,761,0
40.007269859313965,347338,4646028,4687908,4666968,372504,0,761,0
40.04778504371643,347329,4642628,4684584,4663598,281000,0,761,0
40.04778504371643,347338,4646028,4687908,4666968,372504,0,761,0
40.08609104156494,347329,4642628,4684584,4663598,281000,0,761,0
40.08609104156494,347338,4646028,4687908,4666968,372504,0,761,0
40.12399888038635,347329,4642628,4684584,4663598,281000,0,761,0
40.12399888038635,347338,4646028,4687908,4666968,372504,0,761,0
40.16262888908386,347329,4642628,4684584,4663598,281000,0,761,0
40.16262888908386,347338,4646028,4687908,4666968,372504,0,761,0
40.20072889328003,347329,4642628,4684584,4663598,281000,0,761,0
40.20072889328003,347338,4646028,4687908,4666968,372504,0,761,0
40.23883390426636,347329,4642628,4684584,4663598,281000,0,761,0
40.23883390426636,347338,4646028,4687908,4666968,372504,0,761,0
40.27717399597168,347329,4642628,4684584,4663598,281000,0,761,0
40.27717399597168,347338,4646028,4687908,4666968,372504,0,761,0
40.31520986557007,347329,4642628,4684584,4663598,281000,0,761,0
40.31520986557007,347338,4646028,4687908,4666968,372504,0,761,0
40.35546684265137,347329,4642628,4684584,4663598,281000,0,761,0
40.35546684265137,347338,4646028,4687908,4666968,372504,0,761,0
40.396230936050415,347329,4642628,4684584,4663598,281000,0,761,0
40.396230936050415,347338,4646028,4687908,4666968,372504,0,761,0
40.43661093711853,347329,4642628,4684584,4663598,281000,0,761,0
40.43661093711853,347338,4646028,4687908,4666968,372504,0,761,0
40.477181911468506,347329,4642628,4684584,4663598,281000,0,761,0
40.477181911468506,347338,4646028,4687908,4666968,372504,0,761,0
40.51760983467102,347329,4642628,4684584,4663598,281000,0,761,0
40.51760983467102,347338,4646028,4687908,4666968,372504,0,761,0
40.55601501464844,347329,4642628,4684584,4663598,281000,0,761,0
40.55601501464844,347338,4646028,4687908,4666968,372504,0,761,0
40.59471106529236,347329,4642628,4684584,4663598,281000,0,761,0
40.59471106529236,347338,4646028,4687908,4666968,372504,0,761,0
40.63508605957031,347329,4642628,4684584,4663598,281000,0,761,0
40.63508605957031,347338,4646028,4687908,4666968,372504,0,761,0
40.67543005943298,347329,4642628,4684584,4663598,281000,0,761,0
40.67543005943298,347338,4646028,4687908,4666968,372504,0,761,0
40.715802907943726,347329,4642628,4684584,4663598,281000,0,761,0
40.715802907943726,347338,4646028,4687908,4666968,372504,0,761,0
40.754310846328735,347329,4642628,4684584,4663598,281000,0,761,0
40.754310846328735,347338,4646028,4687908,4666968,372504,0,761,0
40.79299998283386,347329,4642628,4684584,4663598,281000,0,761,0
40.79299998283386,347338,4646028,4687908,4666968,372504,0,761,0
40.83170795440674,347329,4642628,4684584,4663598,281000,0,761,0
40.83170795440674,347338,4646028,4687908,4666968,372504,0,761,0
40.87099099159241,347329,4642628,4684584,4663598,281000,0,761,0
40.87099099159241,347338,4646028,4687908,4666968,372504,0,761,0
40.91033601760864,347329,4642628,4684584,4663598,281000,0,761,0
40.91033601760864,347338,4646028,4687908,4666968,372504,0,761,0
40.949503898620605,347329,4642628,4684584,4663598,281000,0,761,0
40.949503898620605,347338,4646028,4687908,4666968,372504,0,761,0
40.988641023635864,347329,4642628,4684584,4663598,281000,0,761,0
40.988641023635864,347338,4646028,4687908,4666968,372504,0,761,0
41.027870893478394,347329,4642628,4684584,4663598,281000,0,761,0
41.027870893478394,347338,4646028,4687908,4666968,372504,0,761,0
41.06820297241211,347329,4642628,4684584,4663598,281000,0,761,0
41.06820297241211,347338,4646028,4687908,4666968,372504,0,761,0
41.10841393470764,347329,4642628,4684584,4663598,281000,0,761,0
41.10841393470764,347338,4646028,4687908,4666968,372504,0,761,0
41.14857792854309,347329,4642628,4684584,4663598,281000,0,761,0
41.14857792854309,347338,4646028,4687908,4666968,372504,0,761,0
41.18895101547241,347329,4642628,4684584,4663598,281000,0,761,0
41.18895101547241,347338,4646028,4687908,4666968,372504,0,761,0
41.22977304458618,347329,4642628,4684584,4663598,281000,0,761,0
41.22977304458618,347338,4646028,4687908,4666968,372504,0,761,0
41.26821184158325,347329,4642628,4684584,4663598,281000,0,761,0
41.26821184158325,347338,4646028,4687908,4666968,372504,0,761,0
41.30821990966797,347329,4642628,4684584,4663598,281000,0,761,0
41.30821990966797,347338,4646028,4687908,4666968,372504,0,761,0
41.34845185279846,347329,4642628,4684584,4663598,281000,0,761,0
41.34845185279846,347338,4646028,4687908,4666968,372504,0,761,0
41.38840985298157,347329,4642628,4684584,4663598,281000,0,761,0
41.38840985298157,347338,4646028,4687908,4666968,372504,0,761,0
41.42866897583008,347329,4642628,4684584,4663598,281000,0,761,0
41.42866897583008,347338,4646028,4687908,4666968,372504,0,761,0
41.46869897842407,347329,4642628,4684584,4663598,281000,0,761,0
41.46869897842407,347338,4646028,4687908,4666968,372504,0,761,0
41.50875401496887,347329,4642628,4684584,4663598,281000,0,761,0
41.50875401496887,347338,4646028,4687908,4666968,372504,0,761,0
41.54858589172363,347329,4642628,4684584,4663598,281000,0,761,0
41.54858589172363,347338,4646028,4687908,4666968,372504,0,761,0
41.58841586112976,347329,4642628,4684584,4663598,281000,0,761,0
41.58841586112976,347338,4646028,4687908,4666968,372504,0,761,0
41.62856101989746,347329,4642628,4684584,4663598,281000,0,761,0
41.62856101989746,347338,4646028,4687908,4666968,372504,0,761,0
41.66854500770569,347329,4642628,4684584,4663598,281000,0,761,0
41.66854500770569,347338,4646028,4687908,4666968,372504,0,761,0
41.70862698554993,347329,4642628,4684584,4663598,281000,0,761,0
41.70862698554993,347338,4646028,4687908,4666968,372504,0,761,0
41.74859595298767,347329,4642628,4684584,4663598,281000,0,761,0
41.74859595298767,347338,4646028,4687908,4666968,372504,0,761,0
41.788434982299805,347329,4642628,4684584,4663598,281000,0,761,0
41.788434982299805,347338,4646028,4687908,4666968,372504,0,761,0
41.828213930130005,347329,4642628,4684584,4663598,281000,0,761,0
41.828213930130005,347338,4646028,4687908,4666968,372504,0,761,0
41.86682105064392,347329,4642628,4684584,4663598,281000,0,761,0
41.86682105064392,347338,4646028,4687908,4666968,372504,0,761,0
41.90696883201599,347329,4642628,4684584,4663598,281000,0,761,0
41.90696883201599,347338,4646028,4687908,4666968,372504,0,761,0
41.947227001190186,347329,4642628,4684584,4663598,281000,0,761,0
41.947227001190186,347338,4646028,4687908,4666968,372504,0,761,0
41.98736500740051,347329,4642628,4684584,4663598,281000,0,761,0
41.98736500740051,347338,4646028,4687908,4666968,372504,0,761,0
42.02765083312988,347329,4642628,4684584,4663598,281000,0,761,0
42.02765083312988,347338,4646028,4687908,4666968,372504,0,761,0
42.068053007125854,347329,4642628,4684584,4663598,281000,0,761,0
42.068053007125854,347338,4646028,4687908,4666968,372504,0,761,0
42.10820698738098,347329,4642628,4684584,4663598,281000,0,761,0
42.10820698738098,347338,4646028,4687908,4666968,372504,0,761,0
42.148239850997925,347329,4642628,4684584,4663598,281000,0,761,0
42.148239850997925,347338,4646028,4687908,4666968,372504,0,761,0
42.1882860660553,347329,4642628,4684584,4663598,281000,0,761,0
42.1882860660553,347338,4646028,4687908,4666968,372504,0,761,0
42.22843885421753,347329,4642628,4684584,4663598,281000,0,761,0
42.22843885421753,347338,4646028,4687908,4666968,372504,0,761,0
42.268723011016846,347329,4642628,4684584,4663598,281000,0,761,0
42.268723011016846,347338,4646028,4687908,4666968,372504,0,761,0
42.30866885185242,347329,4642628,4684584,4663598,281000,0,761,0
42.30866885185242,347338,4646028,4687908,4666968,372504,0,761,0
42.34879183769226,347329,4642628,4684584,4663598,281000,0,761,0
42.34879183769226,347338,4646028,4687908,4666968,372504,0,761,0
42.38867497444153,347329,4642628,4684584,4663598,281000,0,761,0
42.38867497444153,347338,4646028,4687908,4666968,372504,0,761,0
42.428778886795044,347329,4642628,4684584,4663598,281000,0,761,0
42.428778886795044,347338,4646028,4687908,4666968,372504,0,761,0
42.46859002113342,347329,4642628,4684584,4663598,281000,0,761,0
42.46859002113342,347338,4646028,4687908,4666968,372504,0,761,0
42.50636887550354,347329,4642628,4684584,4663598,281000,0,761,0
42.50636887550354,347338,4646028,4687908,4666968,372504,0,761,0
42.54418087005615,347329,4642628,4684584,4663598,281000,0,761,0
42.54418087005615,347338,4646028,4687908,4666968,372504,0,761,0
42.582082986831665,347329,4642628,4684584,4663598,281000,0,761,0
42.582082986831665,347338,4646028,4687908,4666968,372504,0,761,0
42.619977951049805,347329,4642628,4684584,4663598,281000,0,761,0
42.619977951049805,347338,4646028,4687908,4666968,372504,0,761,0
42.65789794921875,347329,4642628,4684584,4663598,281000,0,761,0
42.65789794921875,347338,4646028,4687908,4666968,372504,0,761,0
42.69581484794617,347329,4642628,4684584,4663598,281000,0,761,0
42.69581484794617,347338,4646028,4687908,4666968,372504,0,761,0
42.7337920665741,347329,4642628,4684584,4663598,281000,0,761,0
42.7337920665741,347338,4646028,4687908,4666968,372504,0,761,0
42.771703004837036,347329,4642628,4684584,4663598,281000,0,761,0
42.771703004837036,347338,4646028,4687908,4666968,372504,0,761,0
42.80955791473389,347329,4642628,4684584,4663598,281000,0,761,0
42.80955791473389,347338,4646028,4687908,4666968,372504,0,761,0
42.8478000164032,347329,4642628,4684584,4663598,281000,0,761,0
42.8478000164032,347338,4646028,4687908,4666968,372504,0,761,0
42.88625383377075,347329,4642628,4684584,4663598,281000,0,761,0
42.88625383377075,347338,4646028,4687908,4666968,372504,0,761,0
42.924880027770996,347329,4642628,4684584,4663598,281000,0,761,0
42.924880027770996,347338,4646028,4687908,4666968,372504,0,761,0
42.96388792991638,347329,4642628,4684584,4663598,281000,0,761,0
42.96388792991638,347338,4646028,4687908,4666968,372504,0,761,0
43.002891063690186,347329,4642628,4684584,4663598,281000,0,761,0
43.002891063690186,347338,4646028,4687908,4666968,372504,0,761,0
43.04389691352844,347329,4642628,4684584,4663598,281000,0,761,0
43.04389691352844,347338,4646028,4687908,4666968,372504,0,761,0
43.085476875305176,347329,4642628,4684584,4663598,281000,0,761,0
43.085476875305176,347338,4646028,4687908,4666968,372504,0,761,0
43.12620401382446,347329,4642628,4684584,4663598,281000,0,761,0
43.12620401382446,347338,4646028,4687908,4666968,372504,0,761,0
43.16697692871094,347329,4642628,4684584,4663598,281000,0,761,0
43.16697692871094,347338,4646028,4687908,4666968,372504,0,761,0
43.20793700218201,347329,4642628,4684584,4663598,281000,0,761,0
43.20793700218201,347338,4646028,4687908,4666968,372504,0,761,0
43.24786686897278,347329,4642628,4684584,4663598,281000,0,761,0
43.24786686897278,347338,4646028,4687908,4666968,372504,0,761,0
43.28716206550598,347329,4642628,4684584,4663598,281000,0,761,0
43.28716206550598,347338,4646028,4687908,4666968,372504,0,761,0
43.32584285736084,347329,4642628,4684584,4663598,281000,0,761,0
43.32584285736084,347338,4646028,4687908,4666968,372504,0,761,0
43.36421990394592,347329,4642628,4684584,4663598,281000,0,761,0
43.36421990394592,347338,4646028,4687908,4666968,372504,0,761,0
43.402941942214966,347329,4642692,4684584,4663662,281016,0,761,0
43.402941942214966,347338,4646028,4687908,4666968,372504,0,761,0
43.44145083427429,347329,4642692,4684584,4663662,281016,0,761,0
43.44145083427429,347338,4646028,4687908,4666968,372504,0,761,0
43.47989106178284,347329,4642692,4684584,4663662,281016,0,761,0
43.47989106178284,347338,4646028,4687908,4666968,372504,0,761,0
43.518393993377686,347329,4642692,4684584,4663662,281016,0,761,0
43.518393993377686,347338,4646028,4687908,4666968,372504,0,761,0
43.55676889419556,347329,4642692,4684584,4663662,281016,0,761,0
43.55676889419556,347338,4646028,4687908,4666968,372504,0,761,0
43.59507393836975,347329,4642692,4684584,4663662,281016,0,761,0
43.59507393836975,347338,4646028,4687908,4666968,372504,0,761,0
43.63345789909363,347329,4642692,4684584,4663662,281016,0,761,0
43.63345789909363,347338,4646028,4687908,4666968,372504,0,761,0
43.671804904937744,347329,4642692,4684584,4663662,281016,0,761,0
43.671804904937744,347338,4646028,4687908,4666968,372504,0,761,0
43.71073603630066,347329,4642692,4684584,4663662,281016,0,761,0
43.71073603630066,347338,4646028,4687908,4666968,372504,0,761,0
43.75164484977722,347329,4642692,4684584,4663662,281016,0,761,0
43.75164484977722,347338,4646028,4687908,4666968,372504,0,761,0
43.79258394241333,347329,4642692,4684584,4663662,281016,0,761,0
43.79258394241333,347338,4646028,4687908,4666968,372504,0,761,0
43.83344483375549,347329,4642692,4684584,4663662,281016,0,761,0
43.83344483375549,347338,4646028,4687908,4666968,372504,0,761,0
43.87439203262329,347329,4642692,4684584,4663662,281016,0,761,0
43.87439203262329,347338,4646028,4687908,4666968,372504,0,761,0
43.91382193565369,347329,4642692,4684584,4663662,281016,0,761,0
43.91382193565369,347338,4646028,4687908,4666968,372504,0,761,0
43.953567028045654,347329,4642692,4684584,4663662,281016,0,761,0
43.953567028045654,347338,4646028,4687908,4666968,372504,0,761,0
43.99223303794861,347329,4642692,4684584,4663662,281016,0,761,0
43.99223303794861,347338,4646028,4687908,4666968,372504,0,761,0
44.0311119556427,347329,4642692,4684584,4663662,281016,0,761,0
44.0311119556427,347338,4646028,4687908,4666968,372504,0,761,0
44.06986689567566,347329,4642692,4684584,4663662,281016,0,761,0
44.06986689567566,347338,4646028,4687908,4666968,372504,0,761,0
44.10877585411072,347329,4642692,4684584,4663662,281016,0,761,0
44.10877585411072,347338,4646028,4687908,4666968,372504,0,761,0
44.147544860839844,347329,4642692,4684584,4663662,281016,0,761,0
44.147544860839844,347338,4646028,4687908,4666968,372504,0,761,0
44.18634486198425,347329,4642692,4684584,4663662,281016,0,761,0
44.18634486198425,347338,4646028,4687908,4666968,372504,0,761,0
44.2248649597168,347329,4642692,4684584,4663662,281016,0,761,0
44.2248649597168,347338,4646028,4687908,4666968,372504,0,761,0
44.263782024383545,347329,4642692,4684584,4663662,281016,0,761,0
44.263782024383545,347338,4646028,4687908,4666968,372504,0,761,0
44.304407835006714,347329,4642696,4684584,4663666,281017,0,761,0
44.304407835006714,347338,4646028,4687908,4666968,372504,0,761,0
44.34359693527222,347329,4642696,4684584,4663666,281017,0,761,0
44.34359693527222,347338,4646028,4687908,4666968,372504,0,761,0
44.3829288482666,347329,4642696,4684584,4663666,281017,0,761,0
44.3829288482666,347338,4646028,4687908,4666968,372504,0,761,0
44.421926975250244,347329,4642696,4684584,4663666,281017,0,761,0
44.421926975250244,347338,4646028,4687908,4666968,372504,0,761,0
44.460922956466675,347329,4642696,4684584,4663666,281017,0,761,0
44.460922956466675,347338,4646028,4687908,4666968,372504,0,761,0
44.50184202194214,347329,4642696,4684584,4663666,281017,0,761,0
44.50184202194214,347338,4646028,4687908,4666968,372504,0,761,0
44.54120683670044,347329,4642696,4684584,4663666,281017,0,761,0
44.54120683670044,347338,4646028,4687908,4666968,372504,0,761,0
44.580222845077515,347329,4642696,4684584,4663666,281017,0,761,0
44.580222845077515,347338,4646028,4687908,4666968,372504,0,761,0
44.61915302276611,347329,4642696,4684584,4663666,281017,0,761,0
44.61915302276611,347338,4646028,4687908,4666968,372504,0,761,0
44.65989589691162,347329,4642696,4684584,4663666,281017,0,761,0
44.65989589691162,347338,4646028,4687908,4666968,372504,0,761,0
44.698614835739136,347329,4642696,4684584,4663666,281017,0,761,0
44.698614835739136,347338,4646088,4687908,4667028,372519,0,761,0
44.73759984970093,347329,4642696,4684584,4663666,281017,0,761,0
44.73759984970093,347338,4646088,4687908,4667028,372519,0,761,0
44.77656888961792,347329,4642696,4684584,4663666,281017,0,761,0
44.77656888961792,347338,4646088,4687908,4667028,372519,0,761,0
44.815778970718384,347329,4642696,4684584,4663666,281017,0,761,0
44.815778970718384,347338,4646088,4687908,4667028,372519,0,761,0
44.85472083091736,347329,4642696,4684584,4663666,281017,0,761,0
44.85472083091736,347338,4646088,4687908,4667028,372519,0,761,0
44.8934440612793,347329,4642696,4684584,4663666,281017,0,761,0
44.8934440612793,347338,4646088,4687908,4667028,372519,0,761,0
44.93585991859436,347329,4642696,4684584,4663666,281017,0,761,0
44.93585991859436,347338,4646088,4687908,4667028,372519,0,761,0
44.9771089553833,347329,4642696,4684584,4663666,281017,0,761,0
44.9771089553833,347338,4646088,4687908,4667028,372519,0,761,0
45.0179660320282,347329,4642696,4684584,4663666,281017,0,761,0
45.0179660320282,347338,4646088,4687908,4667028,372519,0,761,0
45.05881905555725,347329,4642696,4684584,4663666,281017,0,761,0
45.05881905555725,347338,4646088,4687908,4667028,372519,0,761,0
45.097578048706055,347329,4642696,4684584,4663666,281017,0,761,0
45.097578048706055,347338,4646088,4687908,4667028,372519,0,761,0
45.13841390609741,347329,4642696,4684584,4663666,281017,0,761,0
45.13841390609741,347338,4646088,4687908,4667028,372519,0,761,0
45.17983794212341,347329,4642696,4684584,4663666,281017,0,761,0
45.17983794212341,347338,4646088,4687908,4667028,372519,0,761,0
45.22070288658142,347329,4642696,4684584,4663666,281017,0,761,0
45.22070288658142,347338,4646088,4687908,4667028,372519,0,761,0
45.2615430355072,347329,4642696,4684584,4663666,281017,0,761,0
45.2615430355072,347338,4646088,4687908,4667028,372519,0,761,0
45.30219388008118,347329,4642696,4684584,4663666,281017,0,761,0
45.30219388008118,347338,4646096,4687908,4667036,372521,0,761,0
45.342982053756714,347329,4642696,4684584,4663666,281017,0,761,0
45.342982053756714,347338,4646096,4687908,4667036,372521,0,761,0
45.38286805152893,347329,4642696,4684584,4663666,281017,0,761,0
45.38286805152893,347338,4646096,4687908,4667036,372521,0,761,0
45.422096967697144,347329,4642696,4684584,4663666,281017,0,761,0
45.422096967697144,347338,4646096,4687908,4667036,372521,0,761,0
45.4613778591156,347329,4642696,4684584,4663666,281017,0,761,0
45.4613778591156,347338,4646096,4687908,4667036,372521,0,761,0
45.5012629032135,347329,4642696,4684584,4663666,281017,0,761,0
45.5012629032135,347338,4646096,4687908,4667036,372521,0,761,0
45.54041600227356,347329,4642696,4684584,4663666,281017,0,761,0
45.54041600227356,347338,4646096,4687908,4667036,372521,0,761,0
45.57861685752869,347329,4642696,4684584,4663666,281017,0,761,0
45.57861685752869,347338,4646096,4687908,4667036,372521,0,761,0
45.61827492713928,347329,4642696,4684584,4663666,281017,0,761,0
45.61827492713928,347338,4646096,4687908,4667036,372521,0,761,0
45.65814995765686,347329,4642696,4684584,4663666,281017,0,761,0
45.65814995765686,347338,4646096,4687908,4667036,372521,0,761,0
45.697612047195435,347329,4642696,4684584,4663666,281017,0,761,0
45.697612047195435,347338,4646096,4687908,4667036,372521,0,761,0
45.73683500289917,347329,4642696,4684584,4663666,281017,0,761,0
45.73683500289917,347338,4646096,4687908,4667036,372521,0,761,0
45.77558493614197,347329,4642696,4684584,4663666,281017,0,761,0
45.77558493614197,347338,4646096,4687908,4667036,372521,0,761,0
45.81297993659973,347329,4642696,4684584,4663666,281017,0,761,0
45.81297993659973,347338,4646096,4687908,4667036,372521,0,761,0
45.850285053253174,347329,4642696,4684584,4663666,281017,0,761,0
45.850285053253174,347338,4646096,4687908,4667036,372521,0,761,0
45.88768291473389,347329,4642696,4684584,4663666,281017,0,761,0
45.88768291473389,347338,4646096,4687908,4667036,372521,0,761,0
45.92526984214783,347329,4642696,4684584,4663666,281017,0,761,0
45.92526984214783,347338,4646096,4687908,4667036,372521,0,761,0
45.965035915374756,347329,4642696,4684584,4663666,281017,0,761,0
45.965035915374756,347338,4646096,4687908,4667036,372521,0,761,0
46.005791902542114,347329,4642696,4684584,4663666,281017,0,761,0
46.005791902542114,347338,4646096,4687908,4667036,372521,0,761,0
46.0457398891449,347329,4642696,4684584,4663666,281017,0,761,0
46.0457398891449,347338,4646096,4687908,4667036,372521,0,761,0
46.08560085296631,347329,4642696,4684584,4663666,281017,0,761,0
46.08560085296631,347338,4646096,4687908,4667036,372521,0,761,0
46.12413787841797,347329,4642696,4684584,4663666,281017,0,761,0
46.12413787841797,347338,4646096,4687908,4667036,372521,0,761,0
46.16327095031738,347329,4642696,4684584,4663666,281017,0,761,0
46.16327095031738,347338,4646096,4687908,4667036,372521,0,761,0
46.20361304283142,347329,4642696,4684584,4663666,281017,0,761,0
46.20361304283142,347338,4646096,4687908,4667036,372521,0,761,0
46.24335694313049,347329,4642696,4684584,4663666,281017,0,761,0
46.24335694313049,347338,4646096,4687908,4667036,372521,0,761,0
46.2829909324646,347329,4642696,4684584,4663666,281017,0,761,0
46.2829909324646,347338,4646096,4687908,4667036,372521,0,761,0
46.32264304161072,347329,4642696,4684584,4663666,281017,0,761,0
46.32264304161072,347338,4646096,4687908,4667036,372521,0,761,0
46.362282037734985,347329,4642696,4684584,4663666,281017,0,761,0
46.362282037734985,347338,4646096,4687908,4667036,372521,0,761,0
46.40257692337036,347329,4642696,4684584,4663666,281017,0,761,0
46.40257692337036,347338,4646096,4687908,4667036,372521,0,761,0
46.44061899185181,347329,4642696,4684584,4663666,281017,0,761,0
46.44061899185181,347338,4646096,4687908,4667036,372521,0,761,0
46.48015785217285,347329,4642696,4684584,4663666,281017,0,761,0
46.48015785217285,347338,4646096,4687908,4667036,372521,0,761,0
46.52004098892212,347329,4642696,4684584,4663666,281017,0,761,0
46.52004098892212,347338,4646096,4687908,4667036,372521,0,761,0
46.559650897979736,347329,4642696,4684584,4663666,281017,0,761,0
46.559650897979736,347338,4646096,4687908,4667036,372521,0,761,0
46.5986430644989,347329,4642696,4684584,4663666,281017,0,761,0
46.5986430644989,347338,4646096,4687908,4667036,372521,0,761,0
46.636350870132446,347329,4642696,4684584,4663666,281017,0,761,0
46.636350870132446,347338,4646096,4687908,4667036,372521,0,761,0
46.67601990699768,347329,4642696,4684584,4663666,281017,0,761,0
46.67601990699768,347338,4646096,4687908,4667036,372521,0,761,0
46.71532392501831,347329,4642696,4684584,4663666,281017,0,761,0
46.71532392501831,347338,4646096,4687908,4667036,372521,0,761,0
46.754976987838745,347329,4642696,4684584,4663666,281017,0,761,0
46.754976987838745,347338,4646096,4687908,4667036,372521,0,761,0
46.792619943618774,347329,4642696,4684584,4663666,281017,0,761,0
46.792619943618774,347338,4646096,4687908,4667036,372521,0,761,0
46.83040404319763,347329,4642696,4684584,4663666,281017,0,761,0
46.83040404319763,347338,4646096,4687908,4667036,372521,0,761,0
46.86841297149658,347329,4642696,4684584,4663666,281017,0,761,0
46.86841297149658,347338,4646096,4687908,4667036,372521,0,761,0
46.908737897872925,347329,4642696,4684584,4663666,281017,0,761,0
46.908737897872925,347338,4646096,4687908,4667036,372521,0,761,0
46.94904589653015,347329,4642696,4684584,4663666,281017,0,761,0
46.94904589653015,347338,4646096,4687908,4667036,372521,0,761,0
46.988322019577026,347329,4642696,4684584,4663666,281017,0,761,0
46.988322019577026,347338,4646096,4687908,4667036,372521,0,761,0
47.02791094779968,347329,4642696,4684584,4663666,281017,0,761,0
47.02791094779968,347338,4646096,4687908,4667036,372521,0,761,0
47.06650185585022,347329,4642696,4684584,4663666,281017,0,761,0
47.06650185585022,347338,4646096,4687908,4667036,372521,0,761,0
47.10493993759155,347329,4642696,4684584,4663666,281017,0,761,0
47.10493993759155,347338,4646096,4687908,4667036,372521,0,761,0
47.14519691467285,347329,4642696,4684584,4663666,281017,0,761,0
47.14519691467285,347338,4646096,4687908,4667036,372521,0,761,0
47.18538784980774,347329,4642696,4684584,4663666,281017,0,761,0
47.18538784980774,347338,4646096,4687908,4667036,372521,0,761,0
47.22568202018738,347329,4642696,4684584,4663666,281017,0,761,0
47.22568202018738,347338,4646096,4687908,4667036,372521,0,761,0
47.26623201370239,347329,4642696,4684584,4663666,281017,0,761,0
47.26623201370239,347338,4646096,4687908,4667036,372521,0,761,0
47.30641484260559,347329,4642696,4684584,4663666,281017,0,761,0
47.30641484260559,347338,4646096,4687908,4667036,372521,0,761,0
47.34688687324524,347329,4642696,4684584,4663666,281017,0,761,0
47.34688687324524,347338,4646096,4687908,4667036,372521,0,761,0
47.38711500167847,347329,4642696,4684584,4663666,281017,0,761,0
47.38711500167847,347338,4646096,4687908,4667036,372521,0,761,0
47.42548584938049,347329,4642696,4684584,4663666,281017,0,761,0
47.42548584938049,347338,4646096,4687908,4667036,372521,0,761,0
47.465014934539795,347329,4642696,4684584,4663666,281017,0,761,0
47.465014934539795,347338,4646096,4687908,4667036,372521,0,761,0
47.503835916519165,347329,4642696,4684584,4663666,281017,0,761,0
47.503835916519165,347338,4646096,4687908,4667036,372521,0,761,0
47.5425980091095,347329,4642696,4684584,4663666,281017,0,761,0
47.5425980091095,347338,4646096,4687908,4667036,372521,0,761,0
47.58274793624878,347329,4642696,4684584,4663666,281017,0,761,0
47.58274793624878,347338,4646096,4687908,4667036,372521,0,761,0
47.62296986579895,347329,4642696,4684584,4663666,281017,0,761,0
47.62296986579895,347338,4646096,4687908,4667036,372521,0,761,0
47.66173696517944,347329,4642696,4684584,4663666,281017,0,761,0
47.66173696517944,347338,4646096,4687908,4667036,372521,0,761,0
47.700132846832275,347329,4642696,4684584,4663666,281017,0,761,0
47.700132846832275,347338,4646096,4687908,4667036,372521,0,761,0
47.740288972854614,347329,4642696,4684584,4663666,281017,0,761,0
47.740288972854614,347338,4646096,4687908,4667036,372521,0,761,0
47.77843904495239,347329,4642696,4684584,4663666,281017,0,761,0
47.77843904495239,347338,4646096,4687908,4667036,372521,0,761,0
47.818713903427124,347329,4642696,4684584,4663666,281017,0,761,0
47.818713903427124,347338,4646096,4687908,4667036,372521,0,761,0
47.85958385467529,347329,4642696,4684584,4663666,281017,0,761,0
47.85958385467529,347338,4646096,4687908,4667036,372521,0,761,0
47.89984488487244,347329,4642696,4684584,4663666,281017,0,761,0
47.89984488487244,347338,4646096,4687908,4667036,372521,0,761,0
47.940309047698975,347329,4642696,4684584,4663666,281017,0,761,0
47.940309047698975,347338,4646096,4687908,4667036,372521,0,761,0
47.98051905632019,347329,4642696,4684584,4663666,281017,0,761,0
47.98051905632019,347338,4646096,4687908,4667036,372521,0,761,0
48.020987033843994,347329,4642696,4684584,4663666,281017,0,761,0
48.020987033843994,347338,4646096,4687908,4667036,372521,0,761,0
48.06158685684204,347329,4642696,4684584,4663666,281017,0,761,0
48.06158685684204,347338,4646096,4687908,4667036,372521,0,761,0
48.10204601287842,347329,4642696,4684584,4663666,281017,0,761,0
48.10204601287842,347338,4646096,4687908,4667036,372521,0,761,0
48.14054083824158,347329,4642696,4684584,4663666,281017,0,761,0
48.14054083824158,347338,4646096,4687908,4667036,372521,0,761,0
48.17915201187134,347329,4642696,4684584,4663666,281017,0,761,0
48.17915201187134,347338,4646096,4687908,4667036,372521,0,761,0
48.21941804885864,347329,4642696,4684584,4663666,281017,0,761,0
48.21941804885864,347338,4646096,4687908,4667036,372521,0,761,0
48.25795292854309,347329,4642696,4684584,4663666,281017,0,761,0
48.25795292854309,347338,4646096,4687908,4667036,372521,0,761,0
48.297685861587524,347329,4642696,4684584,4663666,281017,0,761,0
48.297685861587524,347338,4646096,4687908,4667036,372521,0,761,0
48.336222887039185,347329,4642696,4684584,4663666,281017,0,761,0
48.336222887039185,347338,4646096,4687908,4667036,372521,0,761,0
48.374671936035156,347329,4642696,4684584,4663666,281017,0,761,0
48.374671936035156,347338,4646096,4687908,4667036,372521,0,761,0
48.413832902908325,347329,4642696,4684584,4663666,281017,0,761,0
48.413832902908325,347338,4646096,4687908,4667036,372521,0,761,0
48.45239806175232,347329,4642696,4684584,4663666,281017,0,761,0
48.45239806175232,347338,4646096,4687908,4667036,372521,0,761,0
48.491108894348145,347329,4642696,4684584,4663666,281017,0,761,0
48.491108894348145,347338,4646096,4687908,4667036,372521,0,761,0
48.53161287307739,347329,4642696,4684584,4663666,281017,0,761,0
48.53161287307739,347338,4646096,4687908,4667036,372521,0,761,0
48.571868896484375,347329,4642696,4684584,4663666,281017,0,761,0
48.571868896484375,347338,4646096,4687908,4667036,372521,0,761,0
48.612098932266235,347329,4642696,4684584,4663666,281017,0,761,0
48.612098932266235,347338,4646096,4687908,4667036,372521,0,761,0
48.65233302116394,347329,4642696,4684584,4663666,281017,0,761,0
48.65233302116394,347338,4646096,4687908,4667036,372521,0,761,0
48.692851066589355,347329,4642696,4684584,4663666,281017,0,761,0
48.692851066589355,347338,4646096,4687908,4667036,372521,0,761,0
48.73339295387268,347329,4642696,4684584,4663666,281017,0,761,0
48.73339295387268,347338,4646096,4687908,4667036,372521,0,761,0
48.77196788787842,347329,4642696,4684584,4663666,281017,0,761,0
48.77196788787842,347338,4646096,4687908,4667036,372521,0,761,0
48.811678886413574,347329,4642696,4684584,4663666,281017,0,761,0
48.811678886413574,347338,4646096,4687908,4667036,372521,0,761,0
48.852043867111206,347329,4642696,4684584,4663666,281017,0,761,0
48.852043867111206,347338,4646096,4687908,4667036,372521,0,761,0
48.8906569480896,347329,4642696,4684584,4663666,281017,0,761,0
48.8906569480896,347338,4646096,4687908,4667036,372521,0,761,0
48.93112087249756,347329,4642696,4684584,4663666,281017,0,761,0
48.93112087249756,347338,4646096,4687908,4667036,372521,0,761,0
48.9713499546051,347329,4642696,4684584,4663666,281017,0,761,0
48.9713499546051,347338,4646096,4687908,4667036,372521,0,761,0
49.011656045913696,347329,4642696,4684584,4663666,281017,0,761,0
49.011656045913696,347338,4646096,4687908,4667036,372521,0,761,0
49.05177903175354,347329,4642696,4684584,4663666,281017,0,761,0
49.05177903175354,347338,4646096,4687908,4667036,372521,0,761,0
49.09177589416504,347329,4642696,4684584,4663666,281017,0,761,0
49.09177589416504,347338,4646096,4687908,4667036,372521,0,761,0
49.13072395324707,347329,4642696,4684584,4663666,281017,0,761,0
49.13072395324707,347338,4646096,4687908,4667036,372521,0,761,0
49.17093801498413,347329,4642696,4684584,4663666,281017,0,761,0
49.17093801498413,347338,4646096,4687908,4667036,372521,0,761,0
49.211288928985596,347329,4642696,4684584,4663666,281017,0,761,0
49.211288928985596,347338,4646096,4687908,4667036,372521,0,761,0
49.251452922821045,347329,4642696,4684584,4663666,281017,0,761,0
49.251452922821045,347338,4646096,4687908,4667036,372521,0,761,0
49.291576862335205,347329,4642696,4684584,4663666,281017,0,761,0
49.291576862335205,347338,4646096,4687908,4667036,372521,0,761,0
49.332448959350586,347329,4642696,4684584,4663666,281017,0,761,0
49.332448959350586,347338,4646096,4687908,4667036,372521,0,761,0
49.37290406227112,347329,4642696,4684584,4663666,281017,0,761,0
49.37290406227112,347338,4646096,4687908,4667036,372521,0,761,0
49.413336992263794,347329,4642696,4684584,4663666,281017,0,761,0
49.413336992263794,347338,4646096,4687908,4667036,372521,0,761,0
49.4534330368042,347329,4642696,4684584,4663666,281017,0,761,0
49.4534330368042,347338,4646096,4687908,4667036,372521,0,761,0
49.49351406097412,347329,4642696,4684584,4663666,281017,0,761,0
49.49351406097412,347338,4646096,4687908,4667036,372521,0,761,0
49.53372383117676,347329,4642696,4684584,4663666,281017,0,761,0
49.53372383117676,347338,4646096,4687908,4667036,372521,0,761,0
49.573992013931274,347329,4642696,4684584,4663666,281017,0,761,0
49.573992013931274,347338,4646096,4687908,4667036,372521,0,761,0
49.61235189437866,347329,4642696,4684584,4663666,281017,0,761,0
49.61235189437866,347338,4646096,4687908,4667036,372521,0,761,0
49.652616024017334,347329,4642696,4684584,4663666,281017,0,761,0
49.652616024017334,347338,4646096,4687908,4667036,372521,0,761,0
49.69288206100464,347329,4642696,4684584,4663666,281017,0,761,0
49.69288206100464,347338,4646096,4687908,4667036,372521,0,761,0
49.73141098022461,347329,4642696,4684584,4663666,281017,0,761,0
49.73141098022461,347338,4646096,4687908,4667036,372521,0,761,0
49.77183198928833,347329,4642696,4684584,4663666,281017,0,761,0
49.77183198928833,347338,4646096,4687908,4667036,372521,0,761,0
49.81213903427124,347329,4642696,4684584,4663666,281017,0,761,0
49.81213903427124,347338,4646096,4687908,4667036,372521,0,761,0
49.850411891937256,347329,4642696,4684584,4663666,281017,0,761,0
49.850411891937256,347338,4646096,4687908,4667036,372521,0,761,0
49.89045691490173,347329,4642696,4684584,4663666,281017,0,761,0
49.89045691490173,347338,4646096,4687908,4667036,372521,0,761,0
49.93042993545532,347329,4642696,4684584,4663666,281017,0,761,0
49.93042993545532,347338,4646096,4687908,4667036,372521,0,761,0
49.97051787376404,347329,4642696,4684584,4663666,281017,0,761,0
49.97051787376404,347338,4646096,4687908,4667036,372521,0,761,0
50.01084303855896,347329,4642696,4684584,4663666,281017,0,761,0
50.01084303855896,347338,4646096,4687908,4667036,372521,0,761,0
50.050843954086304,347329,4642696,4684584,4663666,281017,0,761,0
50.050843954086304,347338,4646096,4687908,4667036,372521,0,761,0
50.090579986572266,347329,4642696,4684584,4663666,281017,0,761,0
50.090579986572266,347338,4646096,4687908,4667036,372521,0,761,0
50.13026285171509,347329,4642696,4684584,4663666,281017,0,761,0
50.13026285171509,347338,4646096,4687908,4667036,372521,0,761,0
50.168647050857544,347329,4642696,4684584,4663666,281017,0,761,0
50.168647050857544,347338,4646096,4687908,4667036,372521,0,761,0
50.20839285850525,347329,4642696,4684584,4663666,281017,0,761,0
50.20839285850525,347338,4646096,4687908,4667036,372521,0,761,0
50.248229026794434,347329,4642696,4684584,4663666,281017,0,761,0
50.248229026794434,347338,4646096,4687908,4667036,372521,0,761,0
50.28821587562561,347329,4642696,4684584,4663666,281017,0,761,0
50.28821587562561,347338,4646096,4687908,4667036,372521,0,761,0
50.328381061553955,347329,4642696,4684584,4663666,281017,0,761,0
50.328381061553955,347338,4646096,4687908,4667036,372521,0,761,0
50.36708903312683,347329,4642696,4684584,4663666,281017,0,761,0
50.36708903312683,347338,4646096,4687908,4667036,372521,0,761,0
50.40726685523987,347329,4642696,4684584,4663666,281017,0,761,0
50.40726685523987,347338,4646096,4687908,4667036,372521,0,761,0
50.44730806350708,347329,4642696,4684584,4663666,281017,0,761,0
50.44730806350708,347338,4646096,4687908,4667036,372521,0,761,0
50.48749804496765,347329,4642696,4684584,4663666,281017,0,761,0
50.48749804496765,347338,4646096,4687908,4667036,372521,0,761,0
50.5259850025177,347329,4642696,4684584,4663666,281017,0,761,0
50.5259850025177,347338,4646096,4687908,4667036,372521,0,761,0
50.56453895568848,347329,4642696,4684584,4663666,281017,0,761,0
50.56453895568848,347338,4646096,4687908,4667036,372521,0,761,0
50.60276198387146,347329,4642696,4684584,4663666,281017,0,761,0
50.60276198387146,347338,4646096,4687908,4667036,372521,0,761,0
50.64268183708191,347329,4642696,4684584,4663666,281017,0,761,0
50.64268183708191,347338,4646096,4687908,4667036,372521,0,761,0
50.682541847229004,347329,4642696,4684584,4663666,281017,0,761,0
50.682541847229004,347338,4646096,4687908,4667036,372521,0,761,0
50.72258996963501,347329,4642696,4684584,4663666,281017,0,761,0
50.72258996963501,347338,4646096,4687908,4667036,372521,0,761,0
50.7629508972168,347329,4642696,4684584,4663666,281017,0,761,0
50.7629508972168,347338,4646096,4687908,4667036,372521,0,761,0
50.80336904525757,347329,4642696,4684584,4663666,281017,0,761,0
50.80336904525757,347338,4646096,4687908,4667036,372521,0,761,0
50.84364891052246,347329,4642696,4684584,4663666,281017,0,761,0
50.84364891052246,347338,4646096,4687908,4667036,372521,0,761,0
50.883471965789795,347329,4642696,4684584,4663666,281017,0,761,0
50.883471965789795,347338,4646096,4687908,4667036,372521,0,761,0
50.92337894439697,347329,4642696,4684584,4663666,281017,0,761,0
50.92337894439697,347338,4646096,4687908,4667036,372521,0,761,0
50.96342992782593,347329,4642696,4684584,4663666,281017,0,761,0
50.96342992782593,347338,4646096,4687908,4667036,372521,0,761,0
51.003846883773804,347329,4642696,4684584,4663666,281017,0,761,0
51.003846883773804,347338,4646096,4687908,4667036,372521,0,761,0
51.04463791847229,347329,4642696,4684584,4663666,281017,0,761,0
51.04463791847229,347338,4646096,4687908,4667036,372521,0,761,0
51.08545684814453,347329,4642696,4684584,4663666,281017,0,761,0
51.08545684814453,347338,4646096,4687908,4667036,372521,0,761,0
51.126070976257324,347329,4642696,4684584,4663666,281017,0,761,0
51.126070976257324,347338,4646096,4687908,4667036,372521,0,761,0
51.166117906570435,347329,4642696,4684584,4663666,281017,0,761,0
51.166117906570435,347338,4646096,4687908,4667036,372521,0,761,0
51.20525503158569,347329,4642696,4684584,4663666,281017,0,761,0
51.20525503158569,347338,4646096,4687908,4667036,372521,0,761,0
51.2459499835968,347329,4642696,4684584,4663666,281017,0,761,0
51.2459499835968,347338,4646096,4687908,4667036,372521,0,761,0
51.28494095802307,347329,4642696,4684584,4663666,281017,0,761,0
51.28494095802307,347338,4646096,4687908,4667036,372521,0,761,0
51.325886964797974,347329,4642696,4684584,4663666,281017,0,761,0
51.325886964797974,347338,4646096,4687908,4667036,372521,0,761,0
51.36660385131836,347329,4642696,4684584,4663666,281017,0,761,0
51.36660385131836,347338,4646096,4687908,4667036,372521,0,761,0
51.40773606300354,347329,4642696,4684584,4663666,281017,0,761,0
51.40773606300354,347338,4646096,4687908,4667036,372521,0,761,0
51.44654083251953,347329,4642696,4684584,4663666,281017,0,761,0
51.44654083251953,347338,4646096,4687908,4667036,372521,0,761,0
51.486408948898315,347329,4642696,4684584,4663666,281017,0,761,0
51.486408948898315,347338,4646096,4687908,4667036,372521,0,761,0
51.52620983123779,347329,4642696,4684584,4663666,281017,0,761,0
51.52620983123779,347338,4646096,4687908,4667036,372521,0,761,0
51.565032958984375,347329,4642696,4684584,4663666,281017,0,761,0
51.565032958984375,347338,4646096,4687908,4667036,372521,0,761,0
51.604137897491455,347329,4642696,4684584,4663666,281017,0,761,0
51.604137897491455,347338,4646096,4687908,4667036,372521,0,761,0
51.6429009437561,347329,4642696,4684584,4663666,281017,0,761,0
51.6429009437561,347338,4646096,4687908,4667036,372521,0,761,0
51.68360495567322,347329,4642696,4684584,4663666,281017,0,761,0
51.68360495567322,347338,4646096,4687908,4667036,372521,0,761,0
51.72441792488098,347329,4642696,4684584,4663666,281017,0,761,0
51.72441792488098,347338,4646096,4687908,4667036,372521,0,761,0
51.76513600349426,347329,4642696,4684584,4663666,281017,0,761,0
51.76513600349426,347338,4646096,4687908,4667036,372521,0,761,0
51.80588984489441,347329,4642696,4684584,4663666,281017,0,761,0
51.80588984489441,347338,4646096,4687908,4667036,372521,0,761,0
51.84493899345398,347329,4642696,4684584,4663666,281017,0,761,0
51.84493899345398,347338,4646096,4687908,4667036,372521,0,761,0
51.8838849067688,347329,4642696,4684584,4663666,281017,0,761,0
51.8838849067688,347338,4646096,4687908,4667036,372521,0,761,0
51.9246129989624,347329,4642696,4684584,4663666,281017,0,761,0
51.9246129989624,347338,4646096,4687908,4667036,372521,0,761,0
51.9653639793396,347329,4642696,4684584,4663666,281017,0,761,0
51.9653639793396,347338,4646096,4687908,4667036,372521,0,761,0
52.00610589981079,347329,4642696,4684584,4663666,281017,0,761,0
52.00610589981079,347338,4646096,4687908,4667036,372521,0,761,0
52.047399044036865,347329,4642696,4684584,4663666,281017,0,761,0
52.047399044036865,347338,4646096,4687908,4667036,372521,0,761,0
52.086169958114624,347329,4642696,4684584,4663666,281017,0,761,0
52.086169958114624,347338,4646096,4687908,4667036,372521,0,761,0
52.1269109249115,347329,4642696,4684584,4663666,281017,0,761,0
52.1269109249115,347338,4646096,4687908,4667036,372521,0,761,0
52.16758394241333,347329,4642696,4684584,4663666,281017,0,761,0
52.16758394241333,347338,4646096,4687908,4667036,372521,0,761,0
52.20847487449646,347329,4642696,4684584,4663666,281017,0,761,0
52.20847487449646,347338,4646096,4687908,4667036,372521,0,761,0
52.250079870224,347329,4642696,4684584,4663666,281017,0,761,0
52.250079870224,347338,4646096,4687908,4667036,372521,0,761,0
52.29090094566345,347329,4642696,4684584,4663666,281017,0,761,0
52.29090094566345,347338,4646096,4687908,4667036,372521,0,761,0
52.331783056259155,347329,4642696,4684584,4663666,281017,0,761,0
52.331783056259155,347338,4646096,4687908,4667036,372521,0,761,0
52.37254190444946,347329,4642696,4684584,4663666,281017,0,761,0
52.37254190444946,347338,4646096,4687908,4667036,372521,0,761,0
52.411497831344604,347329,4642696,4684584,4663666,281017,0,761,0
52.411497831344604,347338,4646096,4687908,4667036,372521,0,761,0
52.45075988769531,347329,4642696,4684584,4663666,281017,0,761,0
52.45075988769531,347338,4646096,4687908,4667036,372521,0,761,0
52.491485834121704,347329,4642696,4684584,4663666,281017,0,761,0
52.491485834121704,347338,4646096,4687908,4667036,372521,0,761,0
52.5322539806366,347329,4642696,4684584,4663666,281017,0,761,0
52.5322539806366,347338,4646096,4687908,4667036,372521,0,761,0
52.57312488555908,347329,4642696,4684584,4663666,281017,0,761,0
52.57312488555908,347338,4646056,4687908,4667036,372521,0,761,0
52.620380878448486,347329,4642696,4684584,4663666,281017,0,761,0
52.620380878448486,347338,4645956,4687908,4667036,372521,0,761,0
52.661978006362915,347329,4642696,4684584,4663666,281017,0,761,0
52.661978006362915,347338,4646056,4687908,4667036,372521,0,761,0
52.70582890510559,347329,4642696,4684584,4663666,281017,0,761,0
52.70582890510559,347338,4646096,4687908,4667036,372521,0,761,0
52.744596004486084,347329,4642696,4684584,4663666,281017,0,761,0
52.744596004486084,347338,4646096,4687908,4667036,372521,0,761,0
52.782853841781616,347329,4642696,4684584,4663666,281017,0,761,0
52.782853841781616,347338,4646096,4687908,4667036,372521,0,761,0
52.823176860809326,347329,4642696,4684584,4663666,281017,0,761,0
52.823176860809326,347338,4646096,4687908,4667036,372521,0,761,0
52.862589836120605,347329,4642696,4684584,4663666,281017,0,761,0
52.862589836120605,347338,4646096,4687908,4667036,372521,0,761,0
52.90274095535278,347329,4642696,4684584,4663666,281017,0,761,0
52.90274095535278,347338,4646096,4687908,4667036,372521,0,761,0
52.94275498390198,347329,4642696,4684584,4663666,281017,0,761,0
52.94275498390198,347338,4646096,4687908,4667036,372521,0,761,0
52.98110604286194,347329,4642696,4684584,4663666,281017,0,761,0
52.98110604286194,347338,4646096,4687908,4667036,372521,0,761,0
53.02120804786682,347329,4642696,4684584,4663666,281017,0,761,0
53.02120804786682,347338,4646096,4687908,4667036,372521,0,761,0
53.05951404571533,347329,4642696,4684584,4663666,281017,0,761,0
53.05951404571533,347338,4646096,4687908,4667036,372521,0,761,0
53.10030794143677,347329,4642696,4684584,4663666,281017,0,761,0
53.10030794143677,347338,4646096,4687908,4667036,372521,0,761,0
53.141258001327515,347329,4642696,4684584,4663666,281017,0,761,0
53.141258001327515,347338,4646096,4687908,4667036,372521,0,761,0
53.18069100379944,347329,4642696,4684584,4663666,281017,0,761,0
53.18069100379944,347338,4646096,4687908,4667036,372521,0,761,0
53.220048904418945,347329,4642696,4684584,4663666,281017,0,761,0
53.220048904418945,347338,4646096,4687908,4667036,372521,0,761,0
53.26089787483215,347329,4642696,4684584,4663666,281017,0,761,0
53.26089787483215,347338,4646096,4687908,4667036,372521,0,761,0
53.29988193511963,347329,4642696,4684584,4663666,281017,0,761,0
53.29988193511963,347338,4646096,4687908,4667036,372521,0,761,0
53.3379909992218,347329,4642696,4684584,4663666,281017,0,761,0
53.3379909992218,347338,4646096,4687908,4667036,372521,0,761,0
53.3772509098053,347329,4642696,4684584,4663666,281017,0,761,0
53.3772509098053,347338,4646096,4687908,4667036,372521,0,761,0
53.41623783111572,347329,4642696,4684584,4663666,281017,0,761,0
53.41623783111572,347338,4646096,4687908,4667036,372521,0,761,0
53.455044984817505,347329,4642696,4684584,4663666,281017,0,761,0
53.455044984817505,347338,4646096,4687908,4667036,372521,0,761,0
53.49649000167847,347329,4642696,4684584,4663666,281017,0,761,0
53.49649000167847,347338,4646096,4687908,4667036,372521,0,761,0
53.53712797164917,347329,4642696,4684584,4663666,281017,0,761,0
53.53712797164917,347338,4646096,4687908,4667036,372521,0,761,0
53.57590889930725,347329,4642696,4684584,4663666,281017,0,761,0
53.57590889930725,347338,4646096,4687908,4667036,372521,0,761,0
53.616564989089966,347329,4642696,4684584,4663666,281017,0,761,0
53.616564989089966,347338,4646096,4687908,4667036,372521,0,761,0
53.65864706039429,347329,4642696,4684584,4663666,281017,0,761,0
53.65864706039429,347338,4646096,4687908,4667036,372521,0,761,0
53.698888063430786,347329,4642696,4684584,4663666,281017,0,761,0
53.698888063430786,347338,4646096,4687908,4667036,372521,0,761,0
53.73959684371948,347329,4642696,4684584,4663666,281017,0,761,0
53.73959684371948,347338,4646096,4687908,4667036,372521,0,761,0
53.78064584732056,347329,4642744,4684712,4663714,281029,0,761,0
53.78064584732056,347338,4646096,4687908,4667036,372521,0,761,0
53.821401834487915,347329,4642744,4684712,4663714,281029,0,761,0
53.821401834487915,347338,4646096,4687908,4667036,372521,0,761,0
53.85998797416687,347329,4642744,4684712,4663714,281029,0,761,0
53.85998797416687,347338,4646096,4687908,4667036,372521,0,761,0
53.9006929397583,347329,4642744,4684712,4663714,281029,0,761,0
53.9006929397583,347338,4646096,4687908,4667036,372521,0,761,0
53.938294887542725,347329,4642744,4684712,4663714,281029,0,761,0
53.938294887542725,347338,4646096,4687908,4667036,372521,0,761,0
53.97739005088806,347329,4642744,4684712,4663714,281029,0,761,0
53.97739005088806,347338,4646096,4687908,4667036,372521,0,761,0
54.01663589477539,347329,4642744,4684712,4663714,281029,0,761,0
54.01663589477539,347338,4646096,4687908,4667036,372521,0,761,0
54.05602788925171,347329,4642744,4684712,4663714,281029,0,761,0
54.05602788925171,347338,4646096,4687908,4667036,372521,0,761,0
54.095093965530396,347329,4642744,4684712,4663714,281029,0,761,0
54.095093965530396,347338,4646096,4687908,4667036,372521,0,761,0
54.132596015930176,347329,4642744,4684712,4663714,281029,0,761,0
54.132596015930176,347338,4646096,4687908,4667036,372521,0,761,0
54.17062783241272,347329,4642744,4684712,4663714,281029,0,761,0
54.17062783241272,347338,4646096,4687908,4667036,372521,0,761,0
54.21028399467468,347329,4642744,4684712,4663714,281029,0,761,0
54.21028399467468,347338,4646096,4687908,4667036,372521,0,761,0
54.25046706199646,347329,4642744,4684712,4663714,281029,0,761,0
54.25046706199646,347338,4646096,4687908,4667036,372521,0,761,0
54.29029202461243,347329,4642744,4684712,4663714,281029,0,761,0
54.29029202461243,347338,4646096,4687908,4667036,372521,0,761,0
54.33128499984741,347329,0,0,0,281178,0,0,0
54.33128499984741,347338,4657216,4687908,4672596,372521,0,761,0
54.35970091819763,347329,0,0,0,281178,0,0,0
54.35970091819763,347338,4657216,4687908,4672596,372521,0,761,0
54.38810396194458,347329,0,0,0,281178,0,0,0
54.38810396194458,347338,4657216,4687908,4672596,372521,0,761,0
54.416430950164795,347329,0,0,0,281178,0,0,0
54.416430950164795,347338,4687652,4687908,4687896,372521,0,761,0
54.44471001625061,347329,0,0,0,281178,0,0,0
54.44471001625061,347338,4687652,4687908,4687896,372521,0,761,0
54.47256088256836,347338,4687652,4687908,4687896,372521,0,761,0
54.500344038009644,347338,4687652,4687908,4687896,372521,0,761,0
54.52857995033264,347338,4687652,4687908,4687896,372521,0,761,0
54.5561580657959,347338,4687652,4687908,4687896,372521,0,761,0
54.583585023880005,347338,4687652,4687908,4687896,372521,0,761,0
54.61118197441101,347338,4687652,4687908,4687896,372521,0,761,0
54.63871192932129,347338,4687652,4687908,4687896,372521,0,761,0
54.66656684875488,347338,4687652,4687908,4687896,372521,0,761,0
54.69374489784241,347338,4687652,4687908,4687896,372521,0,761,0
54.72154402732849,347338,4687652,4687908,4687896,372521,0,761,0
54.74923086166382,347338,4687652,4687908,4687896,372521,0,761,0
54.77665400505066,347338,4687652,4687908,4687896,372521,0,761,0
54.803149938583374,347338,4687652,4687908,4687896,372521,0,761,0
54.83061695098877,347338,4687652,4687908,4687896,372521,0,761,0
54.85821604728699,347338,4687652,4687908,4687896,372521,0,761,0
54.88567495346069,347338,4687652,4687908,4687896,372521,0,761,0
54.913557052612305,347338,4687652,4687908,4687896,372521,0,761,0
54.94169497489929,347338,4687652,4687908,4687896,372521,0,761,0
54.969581842422485,347338,4687652,4687908,4687896,372521,0,761,0
54.995579957962036,347338,4687652,4687908,4687896,372521,0,761,0
55.023090839385986,347338,4687652,4687908,4687896,372521,0,761,0
55.04911494255066,347338,4687652,4687908,4687896,372521,0,761,0
55.07665705680847,347338,4687652,4687908,4687896,372521,0,761,0
55.10269594192505,347338,4687652,4687908,4687896,372521,0,761,0
55.13076996803284,347338,4687652,4687908,4687896,372521,0,761,0
55.15740084648132,347338,4687652,4687908,4687896,372521,0,761,0
55.183557987213135,347338,4687652,4687908,4687896,372521,0,761,0
55.21109890937805,347338,4687652,4687908,4687896,372521,0,761,0
55.23722791671753,347338,4687652,4687908,4687896,372521,0,761,0
55.264848947525024,347338,4687652,4687908,4687896,372521,0,761,0
55.291264057159424,347338,4687652,4687908,4687896,372521,0,761,0
55.319339990615845,347338,4687652,4687908,4687896,372521,0,761,0
55.347476959228516,347338,4687652,4687908,4687896,372521,0,761,0
55.37375593185425,347338,4687652,4687908,4687896,372521,0,761,0
55.401638984680176,347338,4687652,4687908,4687896,372521,0,761,0
55.42937088012695,347338,4687652,4687908,4687896,372521,0,761,0
55.45667386054993,347338,4687652,4687908,4687896,372521,0,761,0
55.484647035598755,347338,4687652,4687908,4687896,372521,0,761,0
55.51258897781372,347338,4687652,4687908,4687896,372521,0,761,0
55.54012489318848,347338,4687652,4687908,4687896,372521,0,761,0
55.56840491294861,347338,4687652,4687908,4687896,372521,0,761,0
55.596165895462036,347338,4687652,4687908,4687896,372521,0,761,0
55.62429690361023,347338,4687652,4687908,4687896,372521,0,761,0
55.652156829833984,347338,4687652,4687908,4687896,372521,0,761,0
55.67965888977051,347338,4687652,4687908,4687896,372521,0,761,0
55.70579504966736,347338,4687652,4687908,4687896,372521,0,761,0
55.73395395278931,347338,4687652,4687908,4687896,372521,0,761,0
55.761415004730225,347338,4687652,4687908,4687896,372521,0,761,0
55.78865885734558,347338,4687652,4687908,4687896,372521,0,761,0
55.81692695617676,347338,4687652,4687908,4687896,372521,0,761,0
55.845237016677856,347338,4687652,4687908,4687896,372521,0,761,0
55.872642993927,347338,4687652,4687908,4687896,372521,0,761,0
55.90051794052124,347338,4687652,4687908,4687896,372521,0,761,0
55.92805504798889,347338,4687652,4687908,4687896,372521,0,761,0
55.95612406730652,347338,4687652,4687908,4687896,372521,0,761,0
55.983453035354614,347338,4687652,4687908,4687896,372521,0,761,0
56.010154008865356,347338,4687652,4687908,4687896,372521,0,761,0
56.03809094429016,347338,4687652,4687908,4687896,372521,0,761,0
56.065364837646484,347338,4687652,4687908,4687896,372521,0,761,0
56.09330201148987,347338,4687652,4687908,4687896,372521,0,761,0
56.12126898765564,347338,4687652,4687908,4687896,372521,0,761,0
56.149378061294556,347338,4687652,4687908,4687896,372521,0,761,0
56.177968978881836,347338,4687652,4687908,4687896,372521,0,761,0
56.206552028656006,347338,4687652,4687908,4687896,372521,0,761,0
56.23437690734863,347338,4687652,4687908,4687896,372521,0,761,0
56.262552976608276,347338,4687652,4687908,4687896,372521,0,761,0
56.290672063827515,347338,4687652,4687908,4687896,372521,0,761,0
56.31907296180725,347338,4687652,4687908,4687896,372521,0,761,0
56.347445011138916,347338,4687652,4687908,4687896,372521,0,761,0
56.37516689300537,347338,4687652,4687908,4687896,372521,0,761,0
56.40346002578735,347338,4687652,4687908,4687896,372521,0,761,0
56.43119692802429,347338,4687652,4687908,4687896,372521,0,761,0
56.45890998840332,347338,4687652,4687908,4687896,372521,0,761,0
56.486512899398804,347338,4687652,4687908,4687896,372521,0,761,0
56.51426386833191,347338,4687652,4687908,4687896,372521,0,761,0
56.541703939437866,347338,4687652,4687908,4687896,372521,0,761,0
56.56965398788452,347338,4687652,4687908,4687896,372521,0,761,0
56.597662925720215,347338,4687652,4687908,4687896,372521,0,761,0
56.62468695640564,347338,4687652,4687908,4687896,372521,0,761,0
56.65165901184082,347338,4687652,4687908,4687896,372521,0,761,0
56.679287910461426,347338,4687652,4687908,4687896,372521,0,761,0
56.70564293861389,347338,4687652,4687908,4687896,372521,0,761,0
56.73323893547058,347338,4687652,4687908,4687896,372521,0,761,0
56.759647846221924,347338,4687652,4687908,4687896,372521,0,761,0
56.787269830703735,347338,4687652,4687908,4687896,372521,0,761,0
56.814493894577026,347338,4687652,4687908,4687896,372521,0,761,0
56.842215061187744,347338,4687652,4687908,4687896,372521,0,761,0
56.86945986747742,347338,4687652,4687908,4687896,372521,0,761,0
56.896721839904785,347338,4687652,4687908,4687896,372521,0,761,0
56.9241988658905,347338,4687652,4687908,4687896,372521,0,761,0
56.95175004005432,347338,4687652,4687908,4687896,372521,0,761,0
56.97980284690857,347338,4687652,4687908,4687896,372521,0,761,0
57.0077588558197,347338,4688112,4689780,4688356,372521,0,761,0
57.03532600402832,347338,0,0,0,372671,0,0,0
57.0491509437561,347338,0,0,0,372671,0,0,0
57.0632050037384,347338,0,0,0,372671,0,0,0
57.077263832092285,347338,0,0,0,372671,0,0,0
57.09127688407898,347338,0,0,0,372671,0,0,0
57.10525584220886,347338,0,0,0,372671,0,0,0
57.119147062301636,347338,0,0,0,372671,0,0,0
57.13299298286438,347338,0,0,0,372671,0,0,0
57.14715099334717,347338,0,0,0,372671,0,0,0
57.161303997039795,347338,0,0,0,372671,0,0,0
57.17537498474121,347338,0,0,0,372671,0,0,0
57.18929886817932,347338,0,0,0,372671,0,0,0
