elapsed_s,pid,uss,rss,pss,min_flt,maj_flt,oom,oomadj
8.199451923370361,359676,63544,106212,77779,8680,8,668,0
8.199451923370361,359684,55640,98208,69723,8533,0,668,0
8.199451923370361,359691,38632,81340,52661,8697,0,668,0
8.199451923370361,359698,1484,6664,2868,626,0,666,0
8.228686809539795,359676,63328,106212,77073,8680,8,668,0
8.228686809539795,359684,55632,98208,69250,8533,0,668,0
8.228686809539795,359691,36876,79624,50560,8697,0,668,0
8.228686809539795,359698,2656,12160,5158,996,0,666,0
8.25979495048523,359676,65376,108260,78837,8681,8,668,0
8.25979495048523,359684,55632,98208,68954,8533,0,668,0
8.25979495048523,359691,36844,79624,50259,8697,0,668,0
8.25979495048523,359698,3312,16448,6724,1337,0,666,0
8.285014867782593,359676,65376,108260,78678,8681,8,668,0
8.285014867782593,359684,55636,98208,68790,8533,0,668,0
8.285014867782593,359691,38892,81672,52137,8698,0,668,0
8.285014867782593,359698,3836,18864,7759,1613,0,666,0
8.31213092803955,359676,65324,108260,76371,8681,8,668,0
8.31213092803955,359684,55528,98208,66461,8533,0,668,0
8.31213092803955,359691,40940,83720,51899,8699,0,668,0
8.31213092803955,359698,17036,60124,27912,5460,0,667,0
8.340801000595093,359676,65324,112356,76319,8681,8,668,0
8.340801000595093,359684,55528,98208,66454,8533,0,668,0
8.340801000595093,359691,40940,83720,51892,8699,0,668,0
8.340801000595093,359698,30228,72848,41127,7347,0,668,0
8.368446826934814,359676,69416,112356,80411,8683,8,668,0
8.368446826934814,359684,55528,98208,66454,8533,0,668,0
8.368446826934814,359691,42988,85768,53940,8700,0,668,0
8.368446826934814,359698,36372,78992,47271,7876,0,668,0
8.397454977035522,359676,69416,112356,80411,8683,8,668,0
8.397454977035522,359684,55528,98208,66454,8533,0,668,0
8.397454977035522,359691,42988,85768,53940,8700,0,668,0
8.397454977035522,359698,37008,79632,47907,8034,0,668,0
8.443887948989868,359676,69416,112356,80411,8683,8,668,0
8.443887948989868,359684,55528,98208,66454,8533,0,668,0
8.443887948989868,359691,42988,85768,53940,8700,0,668,0
8.443887948989868,359698,28504,71124,39403,8113,0,668,0
8.496592998504639,359676,69416,112356,80411,8683,8,668,0
8.496592998504639,359684,57576,100256,68502,8534,0,668,0
8.496592998504639,359691,42988,85768,53940,8700,0,668,0
8.496592998504639,359698,28508,71124,39407,8114,0,668,0
8.583847999572754,359676,69416,112356,80411,8683,8,668,0
8.583847999572754,359684,57576,100256,68502,8534,0,668,0
8.583847999572754,359691,42988,85768,53940,8700,0,668,0
8.583847999572754,359698,29052,71636,39951,8250,0,668,0
8.614251852035522,359676,69416,112356,80411,8683,8,668,0
8.614251852035522,359684,57576,100256,68502,8534,0,668,0
8.614251852035522,359691,42988,85768,53940,8700,0,668,0
8.614251852035522,359698,29072,71636,39971,8255,0,668,0
8.651717901229858,359676,69416,112356,80411,8683,8,668,0
8.651717901229858,359684,57576,100256,68502,8534,0,668,0
8.651717901229858,359691,42988,85768,53940,8700,0,668,0
8.651717901229858,359698,29072,71636,39971,8255,0,668,0
8.724815845489502,359676,69416,112356,80411,8683,8,668,0
8.724815845489502,359684,57576,100256,68502,8534,0,668,0
8.724815845489502,359691,42988,85768,53940,8700,0,668,0
8.724815845489502,359698,29072,71636,39971,8255,0,668,0
8.774111986160278,359676,69416,112356,80411,8683,8,668,0
8.774111986160278,359684,57576,100256,68502,8534,0,668,0
8.774111986160278,359691,42988,85768,53940,8700,0,668,0
8.774111986160278,359698,29072,71636,39971,8255,0,668,0
8.815537929534912,359676,71464,114404,82459,8684,8,668,0
8.815537929534912,359684,57576,100256,68502,8534,0,668,0
8.815537929534912,359691,42988,85768,53940,8700,0,668,0
8.815537929534912,359698,29072,71636,39971,8255,0,668,0
8.90178894996643,359676,71464,114404,82459,8684,8,668,0
8.90178894996643,359684,57576,100256,68502,8534,0,668,0
8.90178894996643,359691,45036,87816,55988,8701,0,668,0
8.90178894996643,359698,29072,71636,39971,8255,0,668,0
8.930438995361328,359676,71464,114404,82459,8684,8,668,0
8.930438995361328,359684,57576,100256,68502,8534,0,668,0
8.930438995361328,359691,45036,87816,55988,8701,0,668,0
8.930438995361328,359698,29072,71636,39971,8255,0,668,0
8.965561866760254,359676,73512,116452,84507,8685,8,668,0
8.965561866760254,359684,57576,100256,68502,8534,0,668,0
8.965561866760254,359691,45036,87816,55988,8701,0,668,0
8.965561866760254,359698,29072,71636,39971,8255,0,668,0
8.996506929397583,359676,73512,116452,84507,8685,8,668,0
8.996506929397583,359684,57576,100256,68502,8534,0,668,0
8.996506929397583,359691,45036,87816,55988,8701,0,668,0
8.996506929397583,359698,31120,73740,42019,8256,0,668,0
9.065102815628052,359676,73512,116452,84507,8685,8,668,0
9.065102815628052,359684,57576,100256,68502,8534,0,668,0
9.065102815628052,359691,47084,89864,58036,8702,0,668,0
9.065102815628052,359698,31120,73740,42019,8256,0,668,0
9.180121898651123,359676,73512,116452,84507,8685,8,668,0
9.180121898651123,359684,59624,102304,70550,8535,0,668,0
9.180121898651123,359691,47084,89864,58036,8702,0,668,0
9.180121898651123,359698,33696,76684,44595,8389,0,668,0
9.318662881851196,359676,73512,116452,84507,8685,8,668,0
9.318662881851196,359684,59624,102304,70550,8535,0,668,0
9.318662881851196,359691,47084,89864,58036,8702,0,668,0
9.318662881851196,359698,34512,77068,45411,8593,0,668,0
9.377916812896729,359676,73512,116452,84507,8685,8,668,0
9.377916812896729,359684,61672,104352,72598,8536,0,668,0
9.377916812896729,359691,47084,89864,58036,8702,0,668,0
9.377916812896729,359698,36560,79180,47459,8594,0,668,0
9.414788961410522,359676,73512,116452,84507,8685,8,668,0
9.414788961410522,359684,61672,104352,72598,8536,0,668,0
9.414788961410522,359691,47084,89864,58036,8702,0,668,0
9.414788961410522,359698,37240,79860,48139,8596,0,668,0
9.505913972854614,359676,75560,118500,86555,8686,8,668,0
9.505913972854614,359684,61672,104352,72598,8536,0,668,0
9.505913972854614,359691,47084,89864,58036,8702,0,668,0
9.505913972854614,359698,41336,83956,52235,8598,0,668,0
9.590300798416138,359676,75560,118500,86555,8686,8,668,0
9.590300798416138,359684,61672,104352,72598,8536,0,668,0
9.590300798416138,359691,49132,91912,60084,8703,0,668,0
9.590300798416138,359698,43384,86004,54283,8599,0,668,0
9.675880908966064,359676,77608,120548,88603,8687,8,668,0
9.675880908966064,359684,61672,104352,72598,8536,0,668,0
9.675880908966064,359691,49132,91912,60084,8703,0,668,0
9.675880908966064,359698,43384,86004,54283,8599,0,668,0
9.772012948989868,359676,77608,120548,88603,8687,8,668,0
9.772012948989868,359684,61672,104352,72598,8536,0,668,0
9.772012948989868,359691,49132,91912,60084,8703,0,668,0
9.772012948989868,359698,43384,86004,54283,8599,0,668,0
9.834141969680786,359676,77608,120548,88603,8687,8,668,0
9.834141969680786,359684,61672,104352,72598,8536,0,668,0
9.834141969680786,359691,51180,93960,62132,8703,0,668,0
9.834141969680786,359698,43384,86004,54283,8599,0,668,0
9.862590789794922,359676,77608,120548,88603,8687,8,668,0
9.862590789794922,359684,63720,106400,74646,8537,0,668,0
9.862590789794922,359691,51180,93960,62132,8704,0,668,0
9.862590789794922,359698,43384,86004,54283,8599,0,668,0
9.90520191192627,359676,77608,120548,88603,8687,8,668,0
9.90520191192627,359684,63720,106400,74646,8537,0,668,0
9.90520191192627,359691,51180,93960,62132,8704,0,668,0
9.90520191192627,359698,43384,86004,54283,8599,0,668,0
9.951370000839233,359676,77608,120548,88603,8687,8,668,0
9.951370000839233,359684,63720,106400,74646,8537,0,668,0
9.951370000839233,359691,51180,93960,62132,8704,0,668,0
9.951370000839233,359698,43384,86004,54283,8599,0,668,0
10.04694390296936,359676,77608,120548,88603,8687,8,668,0
10.04694390296936,359684,65768,108448,76694,8538,0,668,0
10.04694390296936,359691,51180,93960,62132,8704,0,668,0
10.04694390296936,359698,45432,88052,56331,8600,0,668,0
10.092993974685669,359676,77608,120548,88603,8687,8,668,0
10.092993974685669,359684,65768,108448,76694,8538,0,668,0
10.092993974685669,359691,51180,93960,62132,8704,0,668,0
10.092993974685669,359698,45432,88052,56331,8600,0,668,0
10.144491910934448,359676,77608,120548,88603,8687,8,668,0
10.144491910934448,359684,65768,108448,76694,8538,0,668,0
10.144491910934448,359691,51180,93960,62132,8704,0,668,0
10.144491910934448,359698,45432,88052,56331,8600,0,668,0
10.178382873535156,359676,77608,120548,88603,8687,8,668,0
10.178382873535156,359684,65768,108448,76694,8538,0,668,0
10.178382873535156,359691,51180,93960,62132,8704,0,668,0
10.178382873535156,359698,45432,88052,56331,8600,0,668,0
10.211581945419312,359676,79656,122596,90651,8688,8,668,0
10.211581945419312,359684,69864,112544,80790,8540,0,668,0
10.211581945419312,359691,51180,93960,62132,8704,0,668,0
10.211581945419312,359698,45432,88052,56331,8600,0,668,0
10.259065866470337,359676,79656,122596,90651,8688,8,668,0
10.259065866470337,359684,69864,112544,80790,8540,0,668,0
10.259065866470337,359691,51180,93960,62132,8704,0,668,0
10.259065866470337,359698,45432,88052,56331,8600,0,668,0
10.288527965545654,359676,79656,122596,90651,8688,8,668,0
10.288527965545654,359684,69864,112544,80790,8540,0,668,0
10.288527965545654,359691,51180,93960,62132,8704,0,668,0
10.288527965545654,359698,45432,88052,56331,8600,0,668,0
10.320823907852173,359676,81704,124644,92699,8689,8,668,0
10.320823907852173,359684,69864,112544,80790,8540,0,668,0
10.320823907852173,359691,51180,93960,62132,8704,0,668,0
10.320823907852173,359698,45432,88052,56331,8600,0,668,0
10.349601984024048,359676,81704,124644,92699,8689,8,668,0
10.349601984024048,359684,69864,112544,80790,8540,0,668,0
10.349601984024048,359691,51180,93960,62132,8704,0,668,0
10.349601984024048,359698,45432,88052,56331,8600,0,668,0
10.380735874176025,359676,81704,124644,92699,8689,8,668,0
10.380735874176025,359684,69864,112544,80790,8540,0,668,0
10.380735874176025,359691,53228,96008,64180,8705,0,668,0
10.380735874176025,359698,45432,88052,56331,8600,0,668,0
10.409883975982666,359676,81704,124644,92699,8689,8,668,0
10.409883975982666,359684,69864,112544,80790,8540,0,668,0
10.409883975982666,359691,53228,96008,64180,8705,0,668,0
10.409883975982666,359698,47480,90100,58379,8601,0,668,0
10.439222812652588,359676,81704,124644,92699,8689,8,668,0
10.439222812652588,359684,69864,112544,80790,8540,0,668,0
10.439222812652588,359691,53228,96008,64180,8705,0,668,0
10.439222812652588,359698,47480,90100,58379,8601,0,668,0
10.467954874038696,359676,81704,124644,92699,8689,8,668,0
10.467954874038696,359684,69864,112544,80790,8540,0,668,0
10.467954874038696,359691,53228,96008,64180,8705,0,668,0
10.467954874038696,359698,47480,90100,58379,8601,0,668,0
10.497463941574097,359676,81704,124644,92699,8689,8,668,0
10.497463941574097,359684,69864,112544,80790,8540,0,668,0
10.497463941574097,359691,53228,96008,64180,8705,0,668,0
10.497463941574097,359698,47480,90100,58379,8601,0,668,0
10.526657819747925,359676,81704,124644,92699,8689,8,668,0
10.526657819747925,359684,71912,114592,82838,8541,0,668,0
10.526657819747925,359691,53228,96008,64180,8705,0,668,0
10.526657819747925,359698,47480,90100,58379,8601,0,668,0
10.555713891983032,359676,81704,124644,92699,8689,8,668,0
10.555713891983032,359684,71912,114592,82838,8541,0,668,0
10.555713891983032,359691,55276,98056,66228,8706,0,668,0
10.555713891983032,359698,47480,90100,58379,8601,0,668,0
10.584250926971436,359676,81704,124644,92699,8689,8,668,0
10.584250926971436,359684,71912,114592,82838,8541,0,668,0
10.584250926971436,359691,55276,98056,66228,8706,0,668,0
10.584250926971436,359698,47480,90100,58379,8601,0,668,0
10.620031833648682,359676,81704,124644,92699,8689,8,668,0
10.620031833648682,359684,73960,116640,84886,8542,0,668,0
10.620031833648682,359691,55276,98056,66228,8706,0,668,0
10.620031833648682,359698,47480,90100,58379,8601,0,668,0
10.648647785186768,359676,81704,124644,92699,8689,8,668,0
10.648647785186768,359684,73960,116640,84886,8542,0,668,0
10.648647785186768,359691,55276,98056,66228,8706,0,668,0
10.648647785186768,359698,47480,90100,58379,8601,0,668,0
10.677796840667725,359676,83752,126692,94747,8690,8,668,0
10.677796840667725,359684,73960,116640,84886,8542,0,668,0
10.677796840667725,359691,55276,98056,66228,8706,0,668,0
10.677796840667725,359698,47480,90100,58379,8601,0,668,0
10.707129955291748,359676,83752,126692,94747,8690,8,668,0
10.707129955291748,359684,73960,116640,84886,8542,0,668,0
10.707129955291748,359691,55276,98056,66228,8706,0,668,0
10.707129955291748,359698,47480,90100,58379,8601,0,668,0
10.73638391494751,359676,85800,128740,96795,8691,8,668,0
10.73638391494751,359684,73960,116640,84886,8542,0,668,0
10.73638391494751,359691,55276,98056,66228,8706,0,668,0
10.73638391494751,359698,47480,90100,58379,8601,0,668,0
10.766547918319702,359676,85800,128740,96795,8691,8,668,0
10.766547918319702,359684,73960,116640,84886,8542,0,668,0
10.766547918319702,359691,55276,98056,66228,8706,0,668,0
10.766547918319702,359698,49528,92148,60427,8602,0,668,0
10.796489000320435,359676,85800,128740,96795,8691,8,668,0
10.796489000320435,359684,73960,116640,84886,8542,0,668,0
10.796489000320435,359691,55276,98056,66228,8706,0,668,0
10.796489000320435,359698,49528,92148,60427,8602,0,668,0
10.825281858444214,359676,85800,128740,96795,8691,8,668,0
10.825281858444214,359684,73960,116640,84886,8542,0,668,0
10.825281858444214,359691,55276,98056,66228,8706,0,668,0
10.825281858444214,359698,49528,92148,60427,8602,0,668,0
10.854533910751343,359676,85800,128740,96795,8691,8,668,0
10.854533910751343,359684,73960,116640,84886,8542,0,668,0
10.854533910751343,359691,55276,98056,66228,8706,0,668,0
10.854533910751343,359698,49528,92148,60427,8602,0,668,0
10.884638786315918,359676,85800,128740,96795,8691,8,668,0
10.884638786315918,359684,73960,116640,84886,8542,0,668,0
10.884638786315918,359691,55276,98056,66228,8706,0,668,0
10.884638786315918,359698,49528,92148,60427,8602,0,668,0
10.913405895233154,359676,85800,128740,96795,8691,8,668,0
10.913405895233154,359684,73960,116640,84886,8542,0,668,0
10.913405895233154,359691,55276,98056,66228,8706,0,668,0
10.913405895233154,359698,51576,94196,62475,8603,0,668,0
10.943678855895996,359676,85800,128740,96795,8691,8,668,0
10.943678855895996,359684,76008,118688,86934,8543,0,668,0
10.943678855895996,359691,57324,100104,68276,8707,0,668,0
10.943678855895996,359698,51576,94196,62475,8603,0,668,0
10.972908020019531,359676,85800,128740,96795,8691,8,668,0
10.972908020019531,359684,76008,118688,86934,8543,0,668,0
10.972908020019531,359691,57324,100104,68276,8707,0,668,0
10.972908020019531,359698,51576,94196,62475,8603,0,668,0
11.00246286392212,359676,85800,128740,96795,8691,8,668,0
11.00246286392212,359684,76008,118688,86934,8543,0,668,0
11.00246286392212,359691,57324,100104,68276,8707,0,668,0
11.00246286392212,359698,51576,94196,62475,8603,0,668,0
11.031874895095825,359676,85800,128740,96795,8691,8,668,0
11.031874895095825,359684,78056,120736,88982,8544,0,668,0
11.031874895095825,359691,57324,100104,68276,8707,0,668,0
11.031874895095825,359698,51576,94196,62475,8603,0,668,0
11.06160593032837,359676,85800,128740,96795,8691,8,668,0
11.06160593032837,359684,78056,120736,88982,8544,0,668,0
11.06160593032837,359691,57324,100104,68276,8707,0,668,0
11.06160593032837,359698,51576,94196,62475,8603,0,668,0
11.091022968292236,359676,87848,130788,98843,8692,8,669,0
11.091022968292236,359684,78056,120736,88982,8544,0,668,0
11.091022968292236,359691,57324,100104,68276,8707,0,668,0
11.091022968292236,359698,51576,94196,62475,8603,0,668,0
11.120485782623291,359676,87848,130788,98843,8692,8,669,0
11.120485782623291,359684,78056,120736,88982,8544,0,668,0
11.120485782623291,359691,57324,100104,68276,8707,0,668,0
11.120485782623291,359698,51576,94196,62475,8603,0,668,0
11.149834871292114,359676,87848,130788,98843,8692,8,669,0
11.149834871292114,359684,78056,120736,88982,8544,0,668,0
11.149834871292114,359691,57324,100104,68276,8707,0,668,0
11.149834871292114,359698,51576,94196,62475,8603,0,668,0
11.179699897766113,359676,87848,130788,98843,8692,8,669,0
11.179699897766113,359684,78056,120736,88982,8544,0,668,0
11.179699897766113,359691,57324,100104,68276,8707,0,668,0
11.179699897766113,359698,51576,94196,62475,8603,0,668,0
11.208999872207642,359676,87848,130788,98843,8692,8,669,0
11.208999872207642,359684,78056,120736,88982,8544,0,668,0
11.208999872207642,359691,57324,100104,68276,8707,0,668,0
11.208999872207642,359698,51576,94196,62475,8603,0,668,0
11.238386869430542,359676,87848,130788,98843,8692,8,669,0
11.238386869430542,359684,78056,120736,88982,8544,0,668,0
11.238386869430542,359691,57324,100104,68276,8707,0,668,0
11.238386869430542,359698,51576,94196,62475,8603,0,668,0
11.268460988998413,359676,87848,130788,98843,8692,8,669,0
11.268460988998413,359684,78056,120736,88982,8544,0,668,0
11.268460988998413,359691,57324,100104,68276,8707,0,668,0
11.268460988998413,359698,53624,96244,64523,8604,0,668,0
11.29781699180603,359676,87848,130788,98843,8692,8,669,0
11.29781699180603,359684,78056,120736,88982,8544,0,668,0
11.29781699180603,359691,57324,100104,68276,8707,0,668,0
11.29781699180603,359698,53624,96244,64523,8604,0,668,0
11.327614784240723,359676,87848,130788,98843,8692,8,669,0
11.327614784240723,359684,78056,120736,88982,8544,0,668,0
11.327614784240723,359691,57324,100104,68276,8707,0,668,0
11.327614784240723,359698,53624,96244,64523,8604,0,668,0
11.357184886932373,359676,87848,130788,98843,8692,8,669,0
11.357184886932373,359684,80104,122784,91030,8545,0,668,0
11.357184886932373,359691,57324,100104,68276,8707,0,668,0
11.357184886932373,359698,53624,96244,64523,8604,0,668,0
11.386380910873413,359676,89100,131940,100095,9005,8,669,0
11.386380910873413,359684,80104,122784,91030,8545,0,668,0
11.386380910873413,359691,57324,100104,68276,8707,0,668,0
11.386380910873413,359698,55672,98292,66571,8605,0,668,0
11.414946794509888,359676,125964,170952,136959,9040,8,670,0
11.414946794509888,359684,82152,124832,93078,8546,0,668,0
11.414946794509888,359691,57324,100104,68276,8707,0,668,0
11.414946794509888,359698,55672,98292,66571,8605,0,668,0
11.441161870956421,359676,151516,194456,162511,9057,8,670,0
11.441161870956421,359684,82152,124832,93078,8546,0,668,0
11.441161870956421,359691,57324,100104,68276,8707,0,668,0
11.441161870956421,359698,55672,98292,66571,8605,0,668,0
11.468074798583984,359676,159708,202648,170703,9061,8,670,0
11.468074798583984,359684,82152,124832,93078,8546,0,668,0
11.468074798583984,359691,59372,102152,70324,8708,0,668,0
11.468074798583984,359698,55672,98292,66571,8605,0,668,0
11.493878841400146,359676,169948,212888,180943,9066,8,670,0
11.493878841400146,359684,82152,124832,93078,8546,0,668,0
11.493878841400146,359691,59372,102152,70324,8708,0,668,0
11.493878841400146,359698,55672,98292,66571,8605,0,668,0
11.519818782806396,359676,186332,231320,197327,9073,8,671,0
11.519818782806396,359684,82152,124832,93078,8546,0,668,0
11.519818782806396,359691,59372,102152,70324,8708,0,668,0
11.519818782806396,359698,55672,98292,66571,8605,0,668,0
11.550392866134644,359676,202716,245656,213711,9082,8,671,0
11.550392866134644,359684,82152,124832,93078,8546,0,668,0
11.550392866134644,359691,59372,102152,70324,8708,0,668,0
11.550392866134644,359698,55672,98292,66571,8605,0,668,0
11.576472997665405,359676,202716,251800,213711,9082,8,671,0
11.576472997665405,359684,82152,124832,93078,8546,0,668,0
11.576472997665405,359691,59372,102152,70324,8708,0,668,0
11.576472997665405,359698,55672,98292,66571,8605,0,668,0
11.602028846740723,359676,354268,397208,365263,9156,8,674,0
11.602028846740723,359684,82152,124832,93078,8546,0,668,0
11.602028846740723,359691,61420,104200,72372,8709,0,668,0
11.602028846740723,359698,55672,98292,66571,8605,0,668,0
11.629958868026733,359676,370652,415640,381647,9164,8,674,0
11.629958868026733,359684,82152,124832,93078,8546,0,668,0
11.629958868026733,359691,61420,104200,72372,8709,0,668,0
11.629958868026733,359698,55672,98292,66571,8605,0,668,0
11.659924983978271,359676,372700,415640,383695,9165,8,674,0
11.659924983978271,359684,82152,124832,93078,8546,0,668,0
11.659924983978271,359691,61420,104200,72372,8709,0,668,0
11.659924983978271,359698,55672,98292,66571,8605,0,668,0
11.69010591506958,359676,372700,415640,383695,9165,8,674,0
11.69010591506958,359684,82152,124832,93078,8546,0,668,0
11.69010591506958,359691,61420,104200,72372,8709,0,668,0
11.69010591506958,359698,55672,98292,66571,8605,0,668,0
11.716058015823364,359676,378844,421784,389839,9168,8,674,0
11.716058015823364,359684,82152,124832,93078,8546,0,668,0
11.716058015823364,359691,61420,104200,72372,8709,0,668,0
11.716058015823364,359698,57720,100340,68619,8606,0,668,0
11.74593186378479,359676,379188,422040,390183,9254,8,674,0
11.74593186378479,359684,82152,124832,93078,8546,0,668,0
11.74593186378479,359691,61420,104200,72372,8709,0,668,0
11.74593186378479,359698,57720,100340,68619,8606,0,668,0
11.774014949798584,359676,386780,429848,397775,11152,8,675,0
11.774014949798584,359684,84200,126880,95126,8547,0,668,0
11.774014949798584,359691,61420,104200,72372,8709,0,668,0
11.774014949798584,359698,57720,100340,68619,8606,0,668,0
11.802332878112793,359676,384808,427748,395803,11450,8,675,0
11.802332878112793,359684,84200,126880,95126,8547,0,668,0
11.802332878112793,359691,61420,104200,72372,8709,0,668,0
11.802332878112793,359698,57720,100340,68619,8606,0,668,0
11.831866979598999,359676,393000,435940,403995,11454,8,675,0
11.831866979598999,359684,84200,126880,95126,8547,0,668,0
11.831866979598999,359691,61420,104200,72372,8709,0,668,0
11.831866979598999,359698,57720,100340,68619,8606,0,668,0
11.858850002288818,359676,395048,437988,406043,11455,8,675,0
11.858850002288818,359684,86248,128928,97174,8548,0,668,0
11.858850002288818,359691,61420,104200,72372,8709,0,668,0
11.858850002288818,359698,57720,100340,68619,8606,0,668,0
11.885222911834717,359676,401192,444132,412187,11458,8,675,0
11.885222911834717,359684,86248,128928,97174,8548,0,668,0
11.885222911834717,359691,61420,104200,72372,8709,0,668,0
11.885222911834717,359698,57720,100340,68619,8606,0,668,0
11.912572860717773,359676,411432,454372,422427,11462,8,675,0
11.912572860717773,359684,86248,128928,97174,8548,0,668,0
11.912572860717773,359691,61420,104200,72372,8709,0,668,0
11.912572860717773,359698,57720,100340,68619,8606,0,668,0
11.940017938613892,359676,417576,460516,428571,11466,8,676,0
11.940017938613892,359684,86248,128928,97174,8548,0,668,0
11.940017938613892,359691,63468,106248,74420,8710,0,668,0
11.940017938613892,359698,57720,100340,68619,8606,0,668,0
11.968238830566406,359676,417576,460516,428571,11466,8,676,0
11.968238830566406,359684,86248,128928,97174,8548,0,668,0
11.968238830566406,359691,63468,106248,74420,8710,0,668,0
11.968238830566406,359698,57720,100340,68619,8606,0,668,0
11.997931957244873,359676,417576,460516,428571,11466,8,676,0
11.997931957244873,359684,86248,128928,97174,8548,0,668,0
11.997931957244873,359691,63468,106248,74420,8710,0,668,0
11.997931957244873,359698,57720,100340,68619,8606,0,668,0
12.0275559425354,359676,417576,460516,428571,11466,8,676,0
12.0275559425354,359684,86248,128928,97174,8548,0,668,0
12.0275559425354,359691,63468,106248,74420,8710,0,668,0
12.0275559425354,359698,57720,100340,68619,8606,0,668,0
12.053668975830078,359676,417576,460516,428571,11466,8,676,0
12.053668975830078,359684,86248,128928,97174,8548,0,668,0
12.053668975830078,359691,63468,106248,74420,8710,0,668,0
12.053668975830078,359698,57720,100340,68619,8606,0,668,0
12.082045793533325,359676,417576,460516,428571,11466,8,676,0
12.082045793533325,359684,86248,128928,97174,8548,0,668,0
12.082045793533325,359691,63468,106248,74420,8710,0,668,0
12.082045793533325,359698,57720,100340,68619,8606,0,668,0
12.111332893371582,359676,419624,462564,430619,11467,8,676,0
12.111332893371582,359684,86248,128928,97174,8548,0,668,0
12.111332893371582,359691,65516,108296,76468,8711,0,668,0
12.111332893371582,359698,57720,100340,68619,8606,0,668,0
12.139380931854248,359676,419624,462564,430619,11467,8,676,0
12.139380931854248,359684,86248,128928,97174,8548,0,668,0
12.139380931854248,359691,65516,108296,76468,8711,0,668,0
12.139380931854248,359698,59768,102388,70667,8607,0,668,0
12.169509887695312,359676,421672,464612,432667,11468,8,676,0
12.169509887695312,359684,86248,128928,97174,8548,0,668,0
12.169509887695312,359691,65516,108296,76468,8711,0,668,0
12.169509887695312,359698,59768,102388,70667,8607,0,668,0
12.199023008346558,359676,421672,464612,432667,11468,8,676,0
12.199023008346558,359684,88296,130976,99222,8549,0,669,0
12.199023008346558,359691,65516,108296,76468,8711,0,668,0
12.199023008346558,359698,59768,102388,70667,8607,0,668,0
12.228103876113892,359676,423904,468892,434899,11515,8,676,0
12.228103876113892,359684,88296,130976,99222,8549,0,669,0
12.228103876113892,359691,69612,112392,80564,8713,0,668,0
12.228103876113892,359698,59768,102388,70667,8607,0,668,0
12.257223844528198,359676,426116,469020,437111,11557,8,676,0
12.257223844528198,359684,88296,130976,99222,8549,0,669,0
12.257223844528198,359691,69612,112392,80564,8713,0,668,0
12.257223844528198,359698,59768,102388,70667,8607,0,668,0
12.286923885345459,359676,426116,469020,437111,11557,8,676,0
12.286923885345459,359684,88296,130976,99222,8549,0,669,0
12.286923885345459,359691,69612,112392,80564,8713,0,668,0
12.286923885345459,359698,61816,104436,72715,8608,0,668,0
12.306248903274536,359676,426116,469020,437111,11557,8,676,0
12.306248903274536,359684,88296,130976,99222,8549,0,669,0
12.306248903274536,359691,69612,112392,80564,8713,0,668,0
12.306248903274536,359698,61816,104436,72715,8608,0,668,0
12.32549500465393,359676,426116,469020,437111,11557,8,676,0
12.32549500465393,359684,88296,130976,99222,8549,0,669,0
12.32549500465393,359691,69612,112392,80564,8713,0,668,0
12.32549500465393,359698,61816,104436,72715,8608,0,668,0
12.344921827316284,359676,425956,469020,436951,11557,8,676,0
12.344921827316284,359684,88296,130976,99222,8549,0,669,0
12.344921827316284,359691,69612,112392,80564,8713,0,668,0
12.344921827316284,359698,61816,104436,72715,8608,0,668,0
12.364152908325195,359676,425956,469020,436951,11557,8,676,0
12.364152908325195,359684,88296,130976,99222,8549,0,669,0
12.364152908325195,359691,69612,112392,80564,8713,0,668,0
12.364152908325195,359698,61816,104436,72715,8608,0,668,0
12.383397817611694,359676,425956,469020,436951,11557,8,676,0
12.383397817611694,359684,88296,130976,99222,8549,0,669,0
12.383397817611694,359691,69612,112392,80564,8713,0,668,0
12.383397817611694,359698,61816,104436,72715,8608,0,668,0
12.403037786483765,359676,425956,469020,436951,11557,8,676,0
12.403037786483765,359684,88296,130976,99222,8549,0,669,0
12.403037786483765,359691,69612,112392,80564,8713,0,668,0
12.403037786483765,359698,61816,104436,72715,8608,0,668,0
12.422258853912354,359676,425956,469020,436951,11557,8,676,0
12.422258853912354,359684,88296,130976,99222,8549,0,669,0
12.422258853912354,359691,69612,112392,80564,8713,0,668,0
12.422258853912354,359698,61816,104436,72715,8608,0,668,0
12.44586992263794,359676,426020,469020,437015,11573,8,676,0
12.44586992263794,359684,88296,130976,99222,8549,0,669,0
12.44586992263794,359691,69612,112392,80564,8713,0,668,0
12.44586992263794,359698,61816,104436,72715,8608,0,668,0
12.47422194480896,359676,426020,469020,437015,11573,8,676,0
12.47422194480896,359684,88296,130976,99222,8549,0,669,0
12.47422194480896,359691,69612,112392,80564,8713,0,668,0
12.47422194480896,359698,61816,104436,72715,8608,0,668,0
12.503718852996826,359676,428068,471008,439063,11574,8,676,0
12.503718852996826,359684,95692,140420,106618,8864,0,669,0
12.503718852996826,359691,69612,112392,80564,8713,0,668,0
12.503718852996826,359698,61816,104436,72715,8608,0,668,0
12.5326988697052,359676,428068,471008,439063,11574,8,676,0
12.5326988697052,359684,146892,191620,157818,8911,0,670,0
12.5326988697052,359691,69612,112392,80564,8713,0,668,0
12.5326988697052,359698,61816,104436,72715,8608,0,668,0
12.556927919387817,359676,428068,471008,439063,11574,8,676,0
12.556927919387817,359684,160268,202948,171194,8918,0,670,0
12.556927919387817,359691,71660,114440,82612,8713,0,668,0
12.556927919387817,359698,61816,104436,72715,8608,0,668,0
12.580712795257568,359676,428068,471008,439063,11574,8,676,0
12.580712795257568,359684,174604,217284,185530,8925,0,670,0
12.580712795257568,359691,71660,114440,82612,8714,0,668,0
12.580712795257568,359698,63864,106484,74763,8609,0,668,0
12.607695817947388,359676,428068,471008,439063,11574,8,676,0
12.607695817947388,359684,190988,233668,201914,8933,0,671,0
12.607695817947388,359691,71660,114440,82612,8714,0,668,0
12.607695817947388,359698,63864,106484,74763,8609,0,668,0
12.632099866867065,359676,428132,471008,439127,11590,8,676,0
12.632099866867065,359684,203276,245956,214202,8939,0,671,0
12.632099866867065,359691,71660,114440,82612,8714,0,668,0
12.632099866867065,359698,63864,106484,74763,8609,0,668,0
12.657410860061646,359676,428132,471008,439127,11590,8,676,0
12.657410860061646,359684,315916,370884,326842,8990,0,674,0
12.657410860061646,359691,73708,116488,84660,8715,0,668,0
12.657410860061646,359698,63864,106484,74763,8609,0,668,0
12.686836957931519,359676,428132,471008,439127,11590,8,676,0
12.686836957931519,359684,369164,411844,380090,9020,0,674,0
12.686836957931519,359691,73708,116488,84660,8715,0,668,0
12.686836957931519,359698,63864,106484,74763,8609,0,668,0
12.714799880981445,359676,428132,471008,439127,11590,8,676,0
12.714799880981445,359684,373260,415940,384186,9022,0,674,0
12.714799880981445,359691,73708,116488,84660,8715,0,668,0
12.714799880981445,359698,65912,108532,76811,8610,0,668,0
12.742219924926758,359676,428180,471008,439175,11602,8,676,0
12.742219924926758,359684,373260,415940,384186,9022,0,674,0
12.742219924926758,359691,73708,116488,84660,8715,0,668,0
12.742219924926758,359698,65912,108532,76811,8610,0,668,0
12.768587827682495,359676,428180,471008,439175,11602,8,676,0
12.768587827682495,359684,379404,422084,390330,9025,0,674,0
12.768587827682495,359691,73708,116488,84660,8715,0,668,0
12.768587827682495,359698,65912,108532,76811,8610,0,668,0
12.807313919067383,359676,434324,477264,445319,11605,8,676,0
12.807313919067383,359684,380936,423620,391862,9390,0,674,0
12.807313919067383,359691,73708,116488,84660,8715,0,668,0
12.807313919067383,359698,65912,108532,76811,8610,0,668,0
12.848349809646606,359676,436372,479312,447367,11606,8,676,0
12.848349809646606,359684,383624,426764,394550,10391,0,675,0
12.848349809646606,359691,73708,116488,84660,8715,0,668,0
12.848349809646606,359698,70008,112628,80907,8612,0,668,0
12.877148866653442,359676,436372,479312,447367,11606,8,676,0
12.877148866653442,359684,388132,430812,399058,11007,0,675,0
12.877148866653442,359691,73708,116488,84660,8715,0,668,0
12.877148866653442,359698,70008,112628,80907,8612,0,668,0
12.898273944854736,359676,436372,479312,447367,11606,8,676,0
12.898273944854736,359684,400420,443100,411346,11013,0,675,0
12.898273944854736,359691,73708,116488,84660,8715,0,668,0
12.898273944854736,359698,70008,112628,80907,8612,0,668,0
12.929912805557251,359676,436372,479312,447367,11606,8,676,0
12.929912805557251,359684,397680,440360,408606,11015,0,675,0
12.929912805557251,359691,73708,116488,84660,8715,0,668,0
12.929912805557251,359698,70008,112628,80907,8612,0,668,0
12.960789918899536,359676,436372,479312,447367,11606,8,676,0
12.960789918899536,359684,407920,450600,418846,11019,0,675,0
12.960789918899536,359691,73708,116488,84660,8715,0,668,0
12.960789918899536,359698,70008,112628,80907,8612,0,668,0
12.988006830215454,359676,436372,479312,447367,11606,8,676,0
12.988006830215454,359684,418160,460840,429086,11025,0,676,0
12.988006830215454,359691,73708,116488,84660,8715,0,668,0
12.988006830215454,359698,70008,112628,80907,8612,0,668,0
13.017096996307373,359676,436372,479312,447367,11606,8,676,0
13.017096996307373,359684,418160,460840,429086,11025,0,676,0
13.017096996307373,359691,73708,116488,84660,8715,0,668,0
13.017096996307373,359698,70008,112628,80907,8612,0,668,0
13.07408094406128,359676,436436,479312,447431,11622,8,676,0
13.07408094406128,359684,418160,460840,429086,11025,0,676,0
13.07408094406128,359691,75756,118536,86708,8716,0,668,0
13.07408094406128,359698,70008,112628,80907,8612,0,668,0
13.125703811645508,359676,436436,479312,447431,11622,8,676,0
13.125703811645508,359684,418160,460840,429086,11025,0,676,0
13.125703811645508,359691,75756,118536,86708,8716,0,668,0
13.125703811645508,359698,70008,112628,80907,8612,0,668,0
13.15724802017212,359676,436436,479312,447431,11622,8,676,0
13.15724802017212,359684,418160,460840,429086,11025,0,676,0
13.15724802017212,359691,75756,118536,86708,8716,0,668,0
13.15724802017212,359698,70008,112628,80907,8612,0,668,0
13.186108827590942,359676,436436,479312,447431,11622,8,676,0
13.186108827590942,359684,418160,460840,429086,11025,0,676,0
13.186108827590942,359691,75756,118536,86708,8716,0,668,0
13.186108827590942,359698,70008,112628,80907,8612,0,668,0
13.215281009674072,359676,436572,479440,447567,11656,8,676,0
13.215281009674072,359684,418160,460840,429086,11025,0,676,0
13.215281009674072,359691,77804,120584,88756,8717,0,668,0
13.215281009674072,359698,70008,112628,80907,8612,0,668,0
13.24540090560913,359676,436572,479440,447567,11656,8,676,0
13.24540090560913,359684,418160,460840,429086,11025,0,676,0
13.24540090560913,359691,77804,120584,88756,8717,0,668,0
13.24540090560913,359698,70008,112628,80907,8612,0,668,0
13.274327993392944,359676,436572,479440,447567,11656,8,676,0
13.274327993392944,359684,418160,460840,429086,11025,0,676,0
13.274327993392944,359691,77804,120584,88756,8717,0,668,0
13.274327993392944,359698,70008,112628,80907,8612,0,668,0
13.30393099784851,359676,436576,479440,447571,11657,8,676,0
13.30393099784851,359684,422256,464936,433182,11027,0,676,0
13.30393099784851,359691,77804,120584,88756,8717,0,668,0
13.30393099784851,359698,72056,114676,82955,8613,0,668,0
13.333539009094238,359676,436576,479440,447571,11657,8,676,0
13.333539009094238,359684,424440,467112,435366,11062,0,676,0
13.333539009094238,359691,77804,120584,88756,8717,0,668,0
13.333539009094238,359698,72056,114676,82955,8613,0,668,0
13.36438798904419,359676,436576,479440,447571,11657,8,676,0
13.36438798904419,359684,426508,469188,437434,11068,0,676,0
13.36438798904419,359691,77804,120584,88756,8717,0,668,0
13.36438798904419,359698,72056,114676,82955,8613,0,668,0
13.3922758102417,359676,436576,479440,447571,11657,8,676,0
13.3922758102417,359684,426540,469316,437466,11114,0,676,0
13.3922758102417,359691,77804,120584,88756,8717,0,668,0
13.3922758102417,359698,74104,116724,85003,8614,0,668,0
13.42291784286499,359676,436640,479568,447635,11657,8,676,0
13.42291784286499,359684,426540,469316,437466,11114,0,676,0
13.42291784286499,359691,77804,120584,88756,8717,0,668,0
13.42291784286499,359698,74104,116724,85003,8614,0,668,0
13.442323923110962,359676,436644,479568,447639,11674,8,676,0
13.442323923110962,359684,426540,469316,437466,11114,0,676,0
13.442323923110962,359691,77804,120584,88756,8717,0,668,0
13.442323923110962,359698,74104,116724,85003,8614,0,668,0
13.46242380142212,359676,436644,479568,447639,11674,8,676,0
13.46242380142212,359684,426244,469008,437170,11114,0,676,0
13.46242380142212,359691,77804,120584,88756,8717,0,668,0
13.46242380142212,359698,74104,116724,85003,8614,0,668,0
13.482261896133423,359676,436644,479568,447639,11674,8,676,0
13.482261896133423,359684,426244,469008,437170,11114,0,676,0
13.482261896133423,359691,77804,120584,88756,8717,0,668,0
13.482261896133423,359698,74104,116724,85003,8614,0,668,0
13.501807928085327,359676,436644,479568,447639,11674,8,676,0
13.501807928085327,359684,426244,469008,437170,11114,0,676,0
13.501807928085327,359691,77804,120584,88756,8717,0,668,0
13.501807928085327,359698,74104,116724,85003,8614,0,668,0
13.521705865859985,359676,436644,479568,447639,11674,8,676,0
13.521705865859985,359684,426244,469008,437170,11114,0,676,0
13.521705865859985,359691,77804,120584,88756,8717,0,668,0
13.521705865859985,359698,74104,116724,85003,8614,0,668,0
13.542015790939331,359676,436644,479568,447639,11674,8,676,0
13.542015790939331,359684,426244,469008,437170,11114,0,676,0
13.542015790939331,359691,77804,120584,88756,8717,0,668,0
13.542015790939331,359698,74104,116724,85003,8614,0,668,0
13.564953804016113,359676,436644,479568,447639,11674,8,676,0
13.564953804016113,359684,426308,469008,437234,11130,0,676,0
13.564953804016113,359691,77804,120584,88756,8717,0,668,0
13.564953804016113,359698,74104,116724,85003,8614,0,668,0
13.591880798339844,359676,436648,479568,447643,11675,8,676,0
13.591880798339844,359684,426308,469008,437234,11130,0,676,0
13.591880798339844,359691,77804,120584,88756,8717,0,668,0
13.591880798339844,359698,74104,116724,85003,8614,0,668,0
13.622337818145752,359676,438696,481636,449691,11676,8,676,0
13.622337818145752,359684,428356,471036,439282,11131,0,676,0
13.622337818145752,359691,79852,122632,90804,8718,0,668,0
13.622337818145752,359698,74104,116724,85003,8614,0,668,0
13.651968002319336,359676,438696,481636,449691,11676,8,676,0
13.651968002319336,359684,428356,471036,439282,11131,0,676,0
13.651968002319336,359691,79852,122632,90804,8718,0,668,0
13.651968002319336,359698,74104,116724,85003,8614,0,668,0
13.675387859344482,359676,440744,483684,451739,11677,8,676,0
13.675387859344482,359684,428356,471036,439282,11131,0,676,0
13.675387859344482,359691,79852,122632,90804,8718,0,668,0
13.675387859344482,359698,74104,116724,85003,8614,0,668,0
13.697949886322021,359676,440744,483684,451739,11677,8,676,0
13.697949886322021,359684,428356,471036,439282,11131,0,676,0
13.697949886322021,359691,81900,124680,92852,8719,0,668,0
13.697949886322021,359698,74104,116724,85003,8614,0,668,0
13.726542949676514,359676,450984,493924,461979,11682,8,676,0
13.726542949676514,359684,428356,471036,439282,11131,0,676,0
13.726542949676514,359691,81900,124680,92852,8719,0,668,0
13.726542949676514,359698,74104,116724,85003,8614,0,668,0
13.754447937011719,359676,450984,493924,461979,11682,8,676,0
13.754447937011719,359684,428420,471036,439346,11147,0,676,0
13.754447937011719,359691,81900,124680,92852,8719,0,668,0
13.754447937011719,359698,76152,118772,87051,8615,0,668,0
13.78109097480774,359676,450984,493924,461979,11682,8,676,0
13.78109097480774,359684,428420,471036,439346,11147,0,676,0
13.78109097480774,359691,81900,124680,92852,8719,0,668,0
13.78109097480774,359698,76152,118772,87051,8615,0,668,0
13.8089759349823,359676,450984,493924,461979,11682,8,676,0
13.8089759349823,359684,428420,471036,439346,11147,0,676,0
13.8089759349823,359691,81900,124680,92852,8719,0,668,0
13.8089759349823,359698,76152,118772,87051,8615,0,668,0
13.836865901947021,359676,450984,493924,461979,11682,8,676,0
13.836865901947021,359684,428420,471036,439346,11147,0,676,0
13.836865901947021,359691,81900,124680,92852,8719,0,668,0
13.836865901947021,359698,78200,120820,89099,8616,0,668,0
13.86459994316101,359676,450984,493924,461979,11682,8,676,0
13.86459994316101,359684,428420,471036,439346,11147,0,676,0
13.86459994316101,359691,81900,124680,92852,8719,0,668,0
13.86459994316101,359698,78200,120820,89099,8616,0,668,0
13.894737958908081,359676,450984,493924,461979,11682,8,676,0
13.894737958908081,359684,434564,477244,445490,11150,0,676,0
13.894737958908081,359691,81900,124680,92852,8719,0,668,0
13.894737958908081,359698,78200,120820,89099,8616,0,668,0
13.922399997711182,359676,450984,493924,461979,11682,8,676,0
13.922399997711182,359684,436612,479292,447538,11151,0,676,0
13.922399997711182,359691,81900,124680,92852,8719,0,668,0
13.922399997711182,359698,78200,120820,89099,8616,0,668,0
13.950325965881348,359676,450984,493924,461979,11682,8,676,0
13.950325965881348,359684,436708,479292,447634,11175,0,676,0
13.950325965881348,359691,81900,124680,92852,8719,0,668,0
13.950325965881348,359698,78200,120820,89099,8616,0,668,0
13.980583906173706,359676,450984,493924,461979,11682,8,676,0
13.980583906173706,359684,436708,479292,447634,11175,0,676,0
13.980583906173706,359691,81900,124680,92852,8719,0,668,0
13.980583906173706,359698,78200,120820,89099,8616,0,668,0
14.0085289478302,359676,450984,493924,461979,11682,8,676,0
14.0085289478302,359684,436708,479292,447634,11175,0,676,0
14.0085289478302,359691,81900,124680,92852,8719,0,668,0
14.0085289478302,359698,78200,120820,89099,8616,0,668,0
14.037349939346313,359676,450984,493924,461979,11682,8,676,0
14.037349939346313,359684,436708,479292,447634,11175,0,676,0
14.037349939346313,359691,83948,126728,94900,8720,0,668,0
14.037349939346313,359698,78200,120820,89099,8616,0,668,0
14.065670013427734,359676,450984,493924,461979,11682,8,676,0
14.065670013427734,359684,436708,479292,447634,11175,0,676,0
14.065670013427734,359691,83948,126728,94900,8720,0,668,0
14.065670013427734,359698,78200,120820,89099,8616,0,668,0
14.093931913375854,359676,450984,493924,461979,11682,8,676,0
14.093931913375854,359684,436708,479292,447634,11175,0,676,0
14.093931913375854,359691,83948,126728,94900,8720,0,668,0
14.093931913375854,359698,78200,120820,89099,8616,0,668,0
14.122440814971924,359676,450984,493924,461979,11682,8,676,0
14.122440814971924,359684,436900,479548,447826,11207,0,676,0
14.122440814971924,359691,85996,128776,96948,8721,0,668,0
14.122440814971924,359698,78200,120820,89099,8616,0,668,0
14.15280294418335,359676,450984,493924,461979,11682,8,676,0
14.15280294418335,359684,436900,479548,447826,11223,0,676,0
14.15280294418335,359691,85996,128776,96948,8721,0,668,0
14.15280294418335,359698,78200,120820,89099,8616,0,668,0
14.181615829467773,359676,450984,493924,461979,11682,8,676,0
14.181615829467773,359684,436900,479548,447826,11223,0,676,0
14.181615829467773,359691,85996,128776,96948,8721,0,668,0
14.181615829467773,359698,80248,122868,91147,8617,0,668,0
14.210835933685303,359676,453032,495972,464027,11683,8,676,0
14.210835933685303,359684,436904,479548,447830,11224,0,676,0
14.210835933685303,359691,85996,128776,96948,8721,0,668,0
14.210835933685303,359698,80248,122868,91147,8617,0,668,0
14.24104380607605,359676,399784,438628,410779,11685,8,675,0
14.24104380607605,359684,436904,479548,447830,11224,0,676,0
14.24104380607605,359691,85996,128776,96948,8721,0,668,0
14.24104380607605,359698,82296,124916,93195,8618,0,668,0
14.269848823547363,359676,399784,442724,410779,11687,8,675,0
14.269848823547363,359684,436904,479548,447830,11224,0,676,0
14.269848823547363,359691,85996,128776,96948,8721,0,668,0
14.269848823547363,359698,82296,124916,93195,8618,0,668,0
14.298094987869263,359676,399784,442724,410779,11687,8,675,0
14.298094987869263,359684,436904,479548,447830,11224,0,676,0
14.298094987869263,359691,85996,128776,96948,8721,0,668,0
14.298094987869263,359698,82296,124916,93195,8618,0,668,0
14.32616901397705,359676,399784,442724,410779,11687,8,675,0
14.32616901397705,359684,436904,479548,447830,11224,0,676,0
14.32616901397705,359691,85996,128776,96948,8721,0,668,0
14.32616901397705,359698,82296,124916,93195,8618,0,668,0
14.354403972625732,359676,399784,442724,410779,11687,8,675,0
14.354403972625732,359684,436904,479548,447830,11224,0,676,0
14.354403972625732,359691,85996,128776,96948,8721,0,668,0
14.354403972625732,359698,82296,124916,93195,8618,0,668,0
14.381760835647583,359676,401832,444772,412827,11687,8,675,0
14.381760835647583,359684,436968,479548,447894,11240,0,676,0
14.381760835647583,359691,85996,128776,96948,8721,0,668,0
14.381760835647583,359698,82296,124916,93195,8618,0,668,0
14.408777952194214,359676,405928,448868,416923,11690,8,675,0
14.408777952194214,359684,436968,479548,447894,11240,0,676,0
14.408777952194214,359691,85996,128776,96948,8721,0,668,0
14.408777952194214,359698,82296,124916,93195,8618,0,668,0
14.437489986419678,359676,405928,448868,416923,11690,8,675,0
14.437489986419678,359684,436968,479548,447894,11240,0,676,0
14.437489986419678,359691,85996,128776,96948,8721,0,668,0
14.437489986419678,359698,82296,124916,93195,8618,0,668,0
14.466148853302002,359676,407976,450916,418971,11691,8,675,0
14.466148853302002,359684,436968,479548,447894,11240,0,676,0
14.466148853302002,359691,85996,128776,96948,8721,0,668,0
14.466148853302002,359698,82296,124916,93195,8618,0,668,0
14.496640920639038,359676,410024,452964,421019,11692,8,675,0
14.496640920639038,359684,436968,479548,447894,11240,0,676,0
14.496640920639038,359691,88044,130824,98996,8722,0,669,0
14.496640920639038,359698,82296,124916,93195,8618,0,668,0
14.526784896850586,359676,410024,452964,421019,11692,8,675,0
14.526784896850586,359684,436968,479548,447894,11240,0,676,0
14.526784896850586,359691,88044,130824,98996,8722,0,669,0
14.526784896850586,359698,82296,124916,93195,8618,0,668,0
14.556481838226318,359676,410088,452964,421083,11708,8,675,0
14.556481838226318,359684,436968,479548,447894,11240,0,676,0
14.556481838226318,359691,88044,130824,98996,8722,0,669,0
14.556481838226318,359698,82296,124916,93195,8618,0,668,0
14.585402011871338,359676,410152,453092,421147,11724,8,675,0
14.585402011871338,359684,436968,479548,447894,11240,0,676,0
14.585402011871338,359691,88044,130824,98996,8722,0,669,0
14.585402011871338,359698,82296,124916,93195,8618,0,668,0
14.615683794021606,359676,410152,453092,421147,11724,8,675,0
14.615683794021606,359684,436968,479548,447894,11240,0,676,0
14.615683794021606,359691,88044,130824,98996,8722,0,669,0
14.615683794021606,359698,84344,126964,95243,8619,0,668,0
14.64614486694336,359676,410152,453092,421147,11724,8,675,0
14.64614486694336,359684,436968,479548,447894,11240,0,676,0
14.64614486694336,359691,88044,130824,98996,8722,0,669,0
14.64614486694336,359698,84344,126964,95243,8619,0,668,0
14.674969911575317,359676,410152,453092,421147,11724,8,675,0
14.674969911575317,359684,436972,479548,447898,11241,0,676,0
14.674969911575317,359691,88044,130824,98996,8722,0,669,0
14.674969911575317,359698,86392,129012,97291,8620,0,668,0
14.69854998588562,359676,412200,455140,423195,11725,8,675,0
14.69854998588562,359684,443116,485796,454042,11244,0,676,0
14.69854998588562,359691,88044,130824,98996,8722,0,669,0
14.69854998588562,359698,86392,129012,97291,8620,0,668,0
14.726277828216553,359676,412200,455140,423195,11725,8,675,0
14.726277828216553,359684,443116,485796,454042,11244,0,676,0
14.726277828216553,359691,88044,130824,98996,8722,0,669,0
14.726277828216553,359698,86392,129012,97291,8620,0,668,0
14.755023956298828,359676,412200,455140,423195,11725,8,675,0
14.755023956298828,359684,449260,491940,460186,11247,0,676,0
14.755023956298828,359691,88044,130824,98996,8722,0,669,0
14.755023956298828,359698,86392,129012,97291,8620,0,668,0
14.781991004943848,359676,412200,455140,423195,11725,8,675,0
14.781991004943848,359684,449260,491940,460186,11247,0,676,0
14.781991004943848,359691,89296,131976,100248,9035,0,669,0
14.781991004943848,359698,86392,129012,97291,8620,0,668,0
14.808945894241333,359676,416296,459236,427291,11727,8,676,0
14.808945894241333,359684,449260,491940,460186,11247,0,676,0
14.808945894241333,359691,144592,189420,155544,9082,0,670,0
14.808945894241333,359698,86392,129012,97291,8620,0,668,0
14.839463949203491,359676,416296,459236,427291,11727,8,676,0
14.839463949203491,359684,449260,491940,460186,11247,0,676,0
14.839463949203491,359691,157864,202692,168816,9090,0,670,0
14.839463949203491,359698,86392,129012,97291,8620,0,668,0
14.868575811386108,359676,416296,459236,427291,11727,8,676,0
14.868575811386108,359684,449260,491940,460186,11247,0,676,0
14.868575811386108,359691,174248,217028,185200,9098,0,670,0
14.868575811386108,359698,86392,129012,97291,8620,0,668,0
14.896562814712524,359676,416296,459236,427291,11727,8,676,0
14.896562814712524,359684,449260,491940,460186,11247,0,676,0
14.896562814712524,359691,192680,237508,203632,9107,0,671,0
14.896562814712524,359698,86392,129012,97291,8620,0,668,0
14.924588918685913,359676,426536,469476,437531,11732,8,676,0
14.924588918685913,359684,449260,491940,460186,11247,0,676,0
14.924588918685913,359691,202920,247748,213872,9112,0,671,0
14.924588918685913,359698,86392,129012,97291,8620,0,668,0
14.95728087425232,359676,426536,469476,437531,11732,8,676,0
14.95728087425232,359684,449260,491940,460186,11247,0,676,0
14.95728087425232,359691,354472,397252,365424,9186,0,674,0
14.95728087425232,359698,86392,129012,97291,8620,0,668,0
14.990986824035645,359676,426536,469476,437531,11732,8,676,0
14.990986824035645,359684,449260,491940,460186,11247,0,676,0
14.990986824035645,359691,372904,415684,383856,9195,0,674,0
14.990986824035645,359698,86392,129012,97291,8620,0,668,0
15.019975900650024,359676,426536,469476,437531,11732,8,676,0
15.019975900650024,359684,449260,491940,460186,11247,0,676,0
15.019975900650024,359691,372904,415684,383856,9195,0,674,0
15.019975900650024,359698,86392,129012,97291,8620,0,668,0
15.051200866699219,359676,426536,469476,437531,11732,8,676,0
15.051200866699219,359684,449260,491940,460186,11247,0,676,0
15.051200866699219,359691,374952,417732,385904,9196,0,674,0
15.051200866699219,359698,88440,131060,99339,8621,0,669,0
15.078306913375854,359676,426536,469476,437531,11732,8,676,0
15.078306913375854,359684,449260,491940,460186,11247,0,676,0
15.078306913375854,359691,379048,421828,390000,9198,0,674,0
15.078306913375854,359698,88440,131060,99339,8621,0,669,0
15.108901977539062,359676,426536,469476,437531,11732,8,676,0
15.108901977539062,359684,449260,491940,460186,11247,0,676,0
15.108901977539062,359691,386320,429764,397272,10938,0,675,0
15.108901977539062,359698,88440,131060,99339,8621,0,669,0
15.137525796890259,359676,428584,471524,439579,11733,8,676,0
15.137525796890259,359684,449260,491940,460186,11247,0,676,0
15.137525796890259,359691,382956,425736,393908,11779,0,675,0
15.137525796890259,359698,88440,131060,99339,8621,0,669,0
15.16603684425354,359676,428584,471524,439579,11733,8,676,0
15.16603684425354,359684,449260,491940,460186,11247,0,676,0
15.16603684425354,359691,393196,435976,404148,11784,0,675,0
15.16603684425354,359698,88440,131060,99339,8621,0,669,0
15.194307804107666,359676,428584,471524,439579,11733,8,676,0
15.194307804107666,359684,449260,491940,460186,11247,0,676,0
15.194307804107666,359691,393196,435976,404148,11784,0,675,0
15.194307804107666,359698,88440,131060,99339,8621,0,669,0
15.221823930740356,359676,430632,473572,441627,11734,8,676,0
15.221823930740356,359684,449260,491940,460186,11247,0,676,0
15.221823930740356,359691,395244,438024,406196,11785,0,675,0
15.221823930740356,359698,88440,131060,99339,8621,0,669,0
15.24940299987793,359676,430632,473572,441627,11734,8,676,0
15.24940299987793,359684,449260,491940,460186,11247,0,676,0
15.24940299987793,359691,405484,450312,416436,11790,0,675,0
15.24940299987793,359698,88440,131060,99339,8621,0,669,0
15.278536796569824,359676,430632,473572,441627,11734,8,676,0
15.278536796569824,359684,449260,491940,460186,11247,0,676,0
15.278536796569824,359691,415724,458504,426676,11795,0,676,0
15.278536796569824,359698,88440,131060,99339,8621,0,669,0
15.307837963104248,359676,432680,475620,443675,11735,8,676,0
15.307837963104248,359684,449260,491940,460186,11247,0,676,0
15.307837963104248,359691,415724,458504,426676,11795,0,676,0
15.307837963104248,359698,88440,131060,99339,8621,0,669,0
15.337476968765259,359676,432680,475620,443675,11735,8,676,0
15.337476968765259,359684,453356,496036,464282,11249,0,676,0
15.337476968765259,359691,415724,458504,426676,11795,0,676,0
15.337476968765259,359698,89312,132212,100211,8746,0,669,0
15.364580869674683,359676,432680,475620,443675,11735,8,676,0
15.364580869674683,359684,455404,498084,466330,11250,0,676,0
15.364580869674683,359691,415724,458504,426676,11795,0,676,0
15.364580869674683,359698,124512,169180,135411,8967,0,670,0
15.39280891418457,359676,432680,475620,443675,11735,8,676,0
15.39280891418457,359684,398060,440740,408986,11251,0,675,0
15.39280891418457,359691,415724,458504,426676,11795,0,676,0
15.39280891418457,359698,153928,196548,164827,8988,0,670,0
15.420853853225708,359676,432680,475620,443675,11735,8,676,0
15.420853853225708,359684,398060,440740,408986,11251,0,675,0
15.420853853225708,359691,415724,458504,426676,11795,0,676,0
15.420853853225708,359698,168264,210884,179163,8995,0,670,0
15.449816942214966,359676,432680,475620,443675,11735,8,676,0
15.449816942214966,359684,398060,440740,408986,11251,0,675,0
15.449816942214966,359691,415724,458504,426676,11795,0,676,0
15.449816942214966,359698,180552,225220,191451,9001,0,670,0
15.479235887527466,359676,432680,475620,443675,11735,8,676,0
15.479235887527466,359684,398060,440740,408986,11251,0,675,0
15.479235887527466,359691,417772,460552,428724,11796,0,676,0
15.479235887527466,359698,196936,239556,207835,9008,0,671,0
15.508203983306885,359676,432680,475620,443675,11735,8,676,0
15.508203983306885,359684,398060,440740,408986,11251,0,675,0
15.508203983306885,359691,417772,460552,428724,11796,0,676,0
15.508203983306885,359698,203080,245700,213979,9012,0,671,0
15.537433862686157,359676,432680,475620,443675,11735,8,676,0
15.537433862686157,359684,400108,442788,411034,11252,0,675,0
15.537433862686157,359691,417772,460552,428724,11796,0,676,0
15.537433862686157,359698,303432,346052,314331,9061,0,673,0
15.574298858642578,359676,432680,475620,443675,11735,8,676,0
15.574298858642578,359684,400108,442788,411034,11252,0,675,0
15.574298858642578,359691,419820,462600,430772,11797,0,676,0
15.574298858642578,359698,354632,399300,365531,9086,0,674,0
15.605756998062134,359676,432680,475620,443675,11735,8,676,0
15.605756998062134,359684,408300,450980,419226,11256,0,675,0
15.605756998062134,359691,419820,462600,430772,11797,0,676,0
15.605756998062134,359698,373064,415684,383963,9095,0,674,0
15.633906841278076,359676,434728,477668,445723,11736,8,676,0
15.633906841278076,359684,408300,450980,419226,11256,0,675,0
15.633906841278076,359691,420004,462728,430956,11843,0,676,0
15.633906841278076,359698,373064,415684,383963,9095,0,674,0
15.662683963775635,359676,436776,479716,447771,11737,8,676,0
15.662683963775635,359684,410412,453028,421338,11273,0,675,0
15.662683963775635,359691,424100,466880,435052,11845,0,676,0
15.662683963775635,359698,373064,415684,383963,9095,0,674,0
15.690874814987183,359676,436776,479716,447771,11737,8,676,0
15.690874814987183,359684,410412,453028,421338,11273,0,675,0
15.690874814987183,359691,424096,466836,435048,11887,0,676,0
15.690874814987183,359698,381256,423876,392155,9099,0,674,0
15.720347881317139,359676,436776,479716,447771,11737,8,676,0
15.720347881317139,359684,410412,453028,421338,11273,0,675,0
15.720347881317139,359691,424096,466836,435048,11887,0,676,0
15.720347881317139,359698,381596,424132,392495,9184,0,674,0
15.741022825241089,359676,436776,479716,447771,11737,8,676,0
15.741022825241089,359684,410476,453156,421402,11289,0,675,0
15.741022825241089,359691,424096,466836,435048,11887,0,676,0
15.741022825241089,359698,387904,430532,398803,10731,0,675,0
15.761513948440552,359676,436776,479716,447771,11737,8,676,0
15.761513948440552,359684,410476,453156,421402,11289,0,675,0
15.761513948440552,359691,424096,466836,435048,11887,0,676,0
15.761513948440552,359698,392492,435012,403391,11908,0,675,0
15.782182931900024,359676,436776,479716,447771,11737,8,676,0
15.782182931900024,359684,410476,453156,421402,11289,0,675,0
15.782182931900024,359691,424096,466836,435048,11887,0,676,0
15.782182931900024,359698,402732,445352,413631,11913,0,675,0
15.803208827972412,359676,436776,479716,447771,11737,8,676,0
15.803208827972412,359684,410476,453156,421402,11289,0,675,0
15.803208827972412,359691,424096,466836,435048,11887,0,676,0
15.803208827972412,359698,406524,449144,417423,11915,0,675,0
15.824665784835815,359676,438824,481764,449819,11738,8,676,0
15.824665784835815,359684,410476,453156,421402,11289,0,675,0
15.824665784835815,359691,423936,466836,434888,11887,0,676,0
15.824665784835815,359698,397652,440272,408551,11916,0,675,0
15.845277786254883,359676,440872,483812,451867,11739,8,676,0
15.845277786254883,359684,410476,453156,421402,11289,0,675,0
15.845277786254883,359691,423936,466836,434888,11887,0,676,0
15.845277786254883,359698,405844,448464,416743,11920,0,675,0
15.867856979370117,359676,440872,483812,451867,11739,8,676,0
15.867856979370117,359684,410476,453156,421402,11289,0,675,0
15.867856979370117,359691,423936,466836,434888,11887,0,676,0
15.867856979370117,359698,418132,462800,429031,11926,0,676,0
15.893894910812378,359676,442920,485860,453915,11740,8,676,0
15.893894910812378,359684,410476,453156,421402,11289,0,675,0
15.893894910812378,359691,424000,466836,434952,11903,0,676,0
15.893894910812378,359698,420180,462800,431079,11927,0,676,0
15.921702861785889,359676,442920,485860,453915,11740,8,676,0
15.921702861785889,359684,412524,455204,423450,11290,0,675,0
15.921702861785889,359691,424000,466836,434952,11903,0,676,0
15.921702861785889,359698,420180,462800,431079,11927,0,676,0
15.950811862945557,359676,447016,489956,458011,11740,8,676,0
15.950811862945557,359684,414572,457252,425498,11291,0,675,0
15.950811862945557,359691,426048,468828,437000,11904,0,676,0
15.950811862945557,359698,420180,462800,431079,11927,0,676,0
15.979557991027832,359676,449064,492004,460059,11743,8,676,0
15.979557991027832,359684,414572,457252,425498,11291,0,675,0
15.979557991027832,359691,426048,468828,437000,11904,0,676,0
15.979557991027832,359698,420180,462800,431079,11927,0,676,0
16.002811908721924,359676,449064,492004,460059,11743,8,676,0
16.002811908721924,359684,414572,457252,425498,11291,0,675,0
16.002811908721924,359691,426048,468828,437000,11904,0,676,0
16.002811908721924,359698,420180,462800,431079,11927,0,676,0
16.028053998947144,359676,449228,492132,460223,11784,8,676,0
16.028053998947144,359684,414572,457252,425498,11291,0,675,0
16.028053998947144,359691,426048,468828,437000,11904,0,676,0
16.028053998947144,359698,420180,462800,431079,11927,0,676,0
16.05732297897339,359676,449228,492132,460223,11784,8,676,0
16.05732297897339,359684,416620,459300,427546,11292,0,676,0
16.05732297897339,359691,426112,468828,437064,11920,0,676,0
16.05732297897339,359698,422228,464848,433127,11928,0,676,0
16.08405089378357,359676,449228,492132,460223,11784,8,676,0
16.08405089378357,359684,416620,459300,427546,11292,0,676,0
16.08405089378357,359691,426112,468828,437064,11920,0,676,0
16.08405089378357,359698,422228,464848,433127,11928,0,676,0
16.1123948097229,359676,455372,498312,466367,11787,8,676,0
16.1123948097229,359684,416620,459300,427546,11292,0,676,0
16.1123948097229,359691,426112,468828,437064,11920,0,676,0
16.1123948097229,359698,426324,468944,437223,11930,0,676,0
16.141206979751587,359676,455420,498312,466415,11799,8,676,0
16.141206979751587,359684,416620,459300,427546,11292,0,676,0
16.141206979751587,359691,426112,468828,437064,11920,0,676,0
16.141206979751587,359698,428372,470992,439271,11931,0,676,0
16.170471906661987,359676,455420,498312,466415,11799,8,676,0
16.170471906661987,359684,416620,459300,427546,11292,0,676,0
16.170471906661987,359691,426112,468828,437064,11920,0,676,0
16.170471906661987,359698,434696,477316,445595,11979,0,676,0
16.1974458694458,359676,455420,498312,466415,11799,8,676,0
16.1974458694458,359684,418668,461348,429594,11293,0,676,0
16.1974458694458,359691,426112,468828,437064,11920,0,676,0
16.1974458694458,359698,436744,479364,447643,11980,0,676,0
16.221659898757935,359676,455420,498312,466415,11799,8,676,0
16.221659898757935,359684,418668,461348,429594,11293,0,676,0
16.221659898757935,359691,426112,468828,437064,11920,0,676,0
16.221659898757935,359698,436764,479492,447663,12022,0,676,0
16.242499828338623,359676,455420,498312,466415,11799,8,676,0
16.242499828338623,359684,418668,461348,429594,11293,0,676,0
16.242499828338623,359691,430208,472988,441160,11922,0,676,0
16.242499828338623,359698,436764,479492,447663,12022,0,676,0
16.262857913970947,359676,457252,500272,468247,11800,8,676,0
16.262857913970947,359684,418668,461348,429594,11293,0,676,0
16.262857913970947,359691,432256,475036,443208,11923,0,676,0
16.262857913970947,359698,436764,479492,447663,12022,0,676,0
16.283442974090576,359676,459300,502240,470295,11801,8,676,0
16.283442974090576,359684,418668,461348,429594,11293,0,676,0
16.283442974090576,359691,432256,475036,443208,11923,0,676,0
16.283442974090576,359698,436412,479132,447311,12022,0,676,0
16.303822994232178,359676,449060,492000,460055,11801,8,676,0
16.303822994232178,359684,418668,461348,429594,11293,0,676,0
16.303822994232178,359691,432256,475036,443208,11923,0,676,0
16.303822994232178,359698,436412,479132,447311,12022,0,676,0
16.324174880981445,359676,453156,496096,464151,11803,8,676,0
16.324174880981445,359684,418668,461348,429594,11293,0,676,0
16.324174880981445,359691,432256,475036,443208,11923,0,676,0
16.324174880981445,359698,436412,479132,447311,12022,0,676,0
16.344990015029907,359676,457252,500192,468247,11805,8,676,0
16.344990015029907,359684,418668,461348,429594,11293,0,676,0
16.344990015029907,359691,432256,475036,443208,11923,0,676,0
16.344990015029907,359698,436412,479132,447311,12022,0,676,0
16.365816831588745,359676,461348,504288,472343,11807,8,676,0
16.365816831588745,359684,418668,461348,429594,11293,0,676,0
16.365816831588745,359691,432256,475036,443208,11923,0,676,0
16.365816831588745,359698,436412,479132,447311,12022,0,676,0
16.39037299156189,359676,463396,506336,474391,11808,8,676,0
16.39037299156189,359684,418668,461348,429594,11293,0,676,0
16.39037299156189,359691,432256,475036,443208,11923,0,676,0
16.39037299156189,359698,436476,479132,447375,12038,0,676,0
16.41948699951172,359676,463396,506336,474391,11808,8,676,0
16.41948699951172,359684,422764,465444,433690,11295,0,676,0
16.41948699951172,359691,432388,475164,443340,11956,0,676,0
16.41948699951172,359698,436476,479132,447375,12038,0,676,0
16.448259830474854,359676,463396,506336,474391,11808,8,676,0
16.448259830474854,359684,424812,467492,435738,11296,0,676,0
16.448259830474854,359691,432460,475164,443412,11974,0,676,0
16.448259830474854,359698,438524,481144,449423,12039,0,676,0
16.47576093673706,359676,463396,506336,474391,11808,8,676,0
16.47576093673706,359684,424812,467492,435738,11296,0,676,0
16.47576093673706,359691,432460,475164,443412,11974,0,676,0
16.47576093673706,359698,438524,481144,449423,12039,0,676,0
16.50019598007202,359676,463396,506336,474391,11808,8,676,0
16.50019598007202,359684,424812,467492,435738,11296,0,676,0
16.50019598007202,359691,432464,475164,443416,11975,0,676,0
16.50019598007202,359698,438524,481144,449423,12039,0,676,0
16.52616786956787,359676,463396,506336,474391,11808,8,676,0
16.52616786956787,359684,424812,467492,435738,11296,0,676,0
16.52616786956787,359691,432464,475164,443416,11975,0,676,0
16.52616786956787,359698,438524,481144,449423,12039,0,676,0
16.557090997695923,359676,463396,506336,474391,11808,8,676,0
16.557090997695923,359684,424812,467492,435738,11296,0,676,0
16.557090997695923,359691,432468,475164,443420,11976,0,676,0
16.557090997695923,359698,438588,481144,449487,12055,0,676,0
16.585176944732666,359676,463396,506336,474391,11808,8,676,0
16.585176944732666,359684,424812,467492,435738,11296,0,676,0
16.585176944732666,359691,432468,475164,443420,11976,0,676,0
16.585176944732666,359698,438588,481144,449487,12055,0,676,0
16.623706817626953,359676,463396,506336,474391,11808,8,676,0
16.623706817626953,359684,424812,467492,435738,11296,0,676,0
16.623706817626953,359691,432468,475164,443420,11976,0,676,0
16.623706817626953,359698,438588,481144,449487,12055,0,676,0
16.662258863449097,359676,463396,506336,474391,11808,8,676,0
16.662258863449097,359684,424812,467492,435738,11296,0,676,0
16.662258863449097,359691,432468,475164,443420,11976,0,676,0
16.662258863449097,359698,438588,481144,449487,12055,0,676,0
16.720760822296143,359676,463396,506336,474391,11808,8,676,0
16.720760822296143,359684,424812,467492,435738,11296,0,676,0
16.720760822296143,359691,432468,475164,443420,11976,0,676,0
16.720760822296143,359698,438588,481144,449487,12055,0,676,0
16.758418798446655,359676,463396,506336,474391,11808,8,676,0
16.758418798446655,359684,424812,467492,435738,11296,0,676,0
16.758418798446655,359691,432468,475164,443420,11976,0,676,0
16.758418798446655,359698,438588,481144,449487,12055,0,676,0
16.79202890396118,359676,465444,508384,476439,11809,8,676,0
16.79202890396118,359684,424812,467492,435738,11296,0,676,0
16.79202890396118,359691,432532,475292,443484,11992,0,676,0
16.79202890396118,359698,438588,481144,449487,12055,0,676,0
16.82079291343689,359676,465444,508384,476439,11809,8,676,0
16.82079291343689,359684,424812,467492,435738,11296,0,676,0
16.82079291343689,359691,432532,475292,443484,11992,0,676,0
16.82079291343689,359698,438588,481144,449487,12055,0,676,0
16.849568843841553,359676,465444,508384,476439,11809,8,676,0
16.849568843841553,359684,424812,467492,435738,11296,0,676,0
16.849568843841553,359691,432532,475292,443484,11992,0,676,0
16.849568843841553,359698,438588,481144,449487,12055,0,676,0
16.878002882003784,359676,465444,508384,476439,11809,8,676,0
16.878002882003784,359684,424812,467492,435738,11296,0,676,0
16.878002882003784,359691,432532,475292,443484,11992,0,676,0
16.878002882003784,359698,438588,481144,449487,12055,0,676,0
16.906800985336304,359676,465444,508384,476439,11809,8,676,0
16.906800985336304,359684,426860,469540,437786,11297,0,676,0
16.906800985336304,359691,432532,475292,443484,11992,0,676,0
16.906800985336304,359698,438588,481144,449487,12055,0,676,0
16.93481683731079,359676,465444,508384,476439,11809,8,676,0
16.93481683731079,359684,426860,469540,437786,11297,0,676,0
16.93481683731079,359691,432532,475292,443484,11992,0,676,0
16.93481683731079,359698,444732,487352,455631,12058,0,676,0
16.963212966918945,359676,467492,510432,478487,11810,8,676,0
16.963212966918945,359684,426860,469540,437786,11297,0,676,0
16.963212966918945,359691,432532,475292,443484,11992,0,676,0
16.963212966918945,359698,444732,487352,455631,12058,0,676,0
16.992729902267456,359676,469540,512480,480535,11811,8,676,0
16.992729902267456,359684,426860,469540,437786,11297,0,676,0
16.992729902267456,359691,432532,475292,443484,11992,0,676,0
16.992729902267456,359698,444780,487352,455679,12070,0,676,0
17.02168297767639,359676,469540,512480,480535,11811,8,676,0
17.02168297767639,359684,426860,469540,437786,11297,0,676,0
17.02168297767639,359691,432532,475292,443484,11992,0,676,0
17.02168297767639,359698,444780,487352,455679,12070,0,676,0
17.05182194709778,359676,469540,512480,480535,11811,8,676,0
17.05182194709778,359684,426860,469540,437786,11297,0,676,0
17.05182194709778,359691,438676,481456,449628,11995,0,676,0
17.05182194709778,359698,444780,487352,455679,12070,0,676,0
17.079940795898438,359676,469540,512480,480535,11811,8,676,0
17.079940795898438,359684,428908,471588,439834,11298,0,676,0
17.079940795898438,359691,442772,485552,453724,11996,0,676,0
17.079940795898438,359698,444780,487352,455679,12070,0,676,0
17.109052896499634,359676,469540,512480,480535,11811,8,676,0
17.109052896499634,359684,433004,475684,443930,11300,0,676,0
17.109052896499634,359691,442772,485552,453724,11997,0,676,0
17.109052896499634,359698,444780,487352,455679,12070,0,676,0
17.138877868652344,359676,471588,514528,482583,11812,8,676,0
17.138877868652344,359684,433004,475684,443930,11300,0,676,0
17.138877868652344,359691,442772,485552,453724,11997,0,676,0
17.138877868652344,359698,444780,487352,455679,12070,0,676,0
17.168524980545044,359676,477732,520672,488727,11815,8,676,0
17.168524980545044,359684,435052,477732,445978,11301,0,676,0
17.168524980545044,359691,442772,485552,453724,11997,0,676,0
17.168524980545044,359698,444912,487480,455811,12103,0,676,0
17.19952392578125,359676,477732,520672,488727,11815,8,676,0
17.19952392578125,359684,439148,481828,450074,11302,0,676,0
17.19952392578125,359691,442772,485552,453724,11997,0,676,0
17.19952392578125,359698,444980,487480,455879,12120,0,676,0
17.229212999343872,359676,477732,520672,488727,11815,8,676,0
17.229212999343872,359684,441196,483876,452122,11304,0,676,0
17.229212999343872,359691,442772,485552,453724,11997,0,676,0
17.229212999343872,359698,444984,487480,455883,12121,0,676,0
17.258777856826782,359676,477732,520672,488727,11815,8,676,0
17.258777856826782,359684,441196,483876,452122,11304,0,676,0
17.258777856826782,359691,442772,485552,453724,11997,0,676,0
17.258777856826782,359698,444984,487480,455883,12121,0,676,0
17.287147998809814,359676,477732,520672,488727,11815,8,676,0
17.287147998809814,359684,441344,484004,452270,11341,0,676,0
17.287147998809814,359691,442772,485552,453724,11997,0,676,0
17.287147998809814,359698,444984,487480,455883,12121,0,676,0
17.31631588935852,359676,479780,522720,490775,11816,8,676,0
17.31631588935852,359684,441344,484004,452270,11341,0,676,0
17.31631588935852,359691,442772,485552,453724,11997,0,676,0
17.31631588935852,359698,444984,487480,455883,12121,0,676,0
17.344913959503174,359676,479780,522720,490775,11816,8,676,0
17.344913959503174,359684,443392,486072,454318,11342,0,676,0
17.344913959503174,359691,442772,485552,453724,11997,0,676,0
17.344913959503174,359698,444984,487480,455883,12121,0,676,0
17.373790979385376,359676,479780,522720,490775,11816,8,676,0
17.373790979385376,359684,443524,486200,454450,11375,0,676,0
17.373790979385376,359691,442772,485552,453724,11997,0,676,0
17.373790979385376,359698,444984,487480,455883,12121,0,676,0
17.402593851089478,359676,479780,522720,490775,11816,8,676,0
17.402593851089478,359684,447620,490300,458546,11377,0,676,0
17.402593851089478,359691,442772,485552,453724,11997,0,676,0
17.402593851089478,359698,445048,487608,455947,12137,0,676,0
17.43102478981018,359676,479780,522720,490775,11816,8,676,0
17.43102478981018,359684,447340,490020,458266,11378,0,676,0
17.43102478981018,359691,444820,487600,455772,11998,0,676,0
17.43102478981018,359698,445048,487608,455947,12137,0,676,0
17.459872007369995,359676,479780,522720,490775,11816,8,676,0
17.459872007369995,359684,449388,492068,460314,11379,0,676,0
17.459872007369995,359691,444820,487600,455772,11998,0,676,0
17.459872007369995,359698,445048,487608,455947,12137,0,676,0
17.48759889602661,359676,479780,522720,490775,11816,8,676,0
17.48759889602661,359684,449388,492068,460314,11379,0,676,0
17.48759889602661,359691,444820,487600,455772,11998,0,676,0
17.48759889602661,359698,445048,487608,455947,12137,0,676,0
17.50790286064148,359676,479780,522720,490775,11816,8,676,0
17.50790286064148,359684,449388,492068,460314,11379,0,676,0
17.50790286064148,359691,444820,487600,455772,11998,0,676,0
17.50790286064148,359698,445048,487608,455947,12137,0,676,0
17.528621912002563,359676,479780,522720,490775,11816,8,676,0
17.528621912002563,359684,449388,492068,460314,11379,0,676,0
17.528621912002563,359691,444820,487600,455772,11998,0,676,0
17.528621912002563,359698,445048,487608,455947,12137,0,676,0
17.549534797668457,359676,479780,522720,490775,11816,8,676,0
17.549534797668457,359684,449388,492068,460314,11379,0,676,0
17.549534797668457,359691,446868,489648,457820,11999,0,676,0
17.549534797668457,359698,445048,487608,455947,12137,0,676,0
17.570350885391235,359676,479780,522720,490775,11816,8,676,0
17.570350885391235,359684,453484,496164,464410,11381,0,676,0
17.570350885391235,359691,446868,489648,457820,11999,0,676,0
17.570350885391235,359698,445048,487608,455947,12137,0,676,0
17.591311931610107,359676,479780,522720,490775,11816,8,676,0
17.591311931610107,359684,455532,498212,466458,11382,0,676,0
17.591311931610107,359691,446868,489648,457820,11999,0,676,0
17.591311931610107,359698,445048,487608,455947,12137,0,676,0
17.61251997947693,359676,479780,522720,490775,11816,8,676,0
17.61251997947693,359684,457580,500260,468506,11383,0,676,0
17.61251997947693,359691,450964,493744,461916,12001,0,676,0
17.61251997947693,359698,445048,487608,455947,12137,0,676,0
17.632856845855713,359676,479780,522720,490775,11816,8,676,0
17.632856845855713,359684,457580,500260,468506,11383,0,676,0
17.632856845855713,359691,453012,495792,463964,12002,0,676,0
17.632856845855713,359698,445048,487608,455947,12137,0,676,0
17.653738975524902,359676,479780,522720,490775,11816,8,676,0
17.653738975524902,359684,457580,500260,468506,11383,0,676,0
17.653738975524902,359691,453012,495792,463964,12002,0,676,0
17.653738975524902,359698,445048,487608,455947,12137,0,676,0
17.67443084716797,359676,479780,522720,490775,11816,8,676,0
17.67443084716797,359684,457580,500260,468506,11383,0,676,0
17.67443084716797,359691,395668,438448,406620,12002,0,675,0
17.67443084716797,359698,447096,489716,457995,12138,0,676,0
17.694846868515015,359676,479780,522720,490775,11816,8,676,0
17.694846868515015,359684,457580,500260,468506,11383,0,676,0
17.694846868515015,359691,397716,440496,408668,12003,0,675,0
17.694846868515015,359698,447096,489716,457995,12138,0,676,0
17.715290784835815,359676,479780,522720,490775,11816,8,676,0
17.715290784835815,359684,457580,500260,468506,11383,0,676,0
17.715290784835815,359691,397716,440496,408668,12003,0,675,0
17.715290784835815,359698,453240,495860,464139,12141,0,676,0
17.73612380027771,359676,479780,522720,490775,11816,8,676,0
17.73612380027771,359684,457580,500260,468506,11383,0,676,0
17.73612380027771,359691,397716,440496,408668,12003,0,675,0
17.73612380027771,359698,453240,495860,464139,12141,0,676,0
17.757033824920654,359676,479780,522720,490775,11816,8,676,0
17.757033824920654,359684,457580,500260,468506,11383,0,676,0
17.757033824920654,359691,397716,440496,408668,12003,0,675,0
17.757033824920654,359698,453240,495860,464139,12141,0,676,0
17.77773094177246,359676,479780,522720,490775,11816,8,676,0
17.77773094177246,359684,457580,500260,468506,11383,0,676,0
17.77773094177246,359691,397716,440496,408668,12003,0,675,0
17.77773094177246,359698,453240,495860,464139,12141,0,676,0
17.798213958740234,359676,479780,522720,490775,11816,8,676,0
17.798213958740234,359684,457580,500260,468506,11383,0,676,0
17.798213958740234,359691,401812,446640,412764,12005,0,675,0
17.798213958740234,359698,453240,495860,464139,12141,0,676,0
17.81907296180725,359676,479780,522720,490775,11816,8,676,0
17.81907296180725,359684,457580,500260,468506,11383,0,676,0
17.81907296180725,359691,405908,448688,416860,12007,0,675,0
17.81907296180725,359698,453240,495860,464139,12141,0,676,0
17.839740991592407,359676,479780,522720,490775,11816,8,676,0
17.839740991592407,359684,465772,508452,476698,11387,0,676,0
17.839740991592407,359691,405908,448688,416860,12007,0,675,0
17.839740991592407,359698,453240,495860,464139,12141,0,676,0
17.86008882522583,359676,479780,522720,490775,11816,8,676,0
17.86008882522583,359684,465772,508452,476698,11387,0,676,0
17.86008882522583,359691,407956,452784,418908,12008,0,675,0
17.86008882522583,359698,453240,495860,464139,12141,0,676,0
17.880481004714966,359676,479780,522720,490775,11816,8,676,0
17.880481004714966,359684,465772,508452,476698,11387,0,676,0
17.880481004714966,359691,410004,452784,420956,12009,0,675,0
17.880481004714966,359698,453240,495860,464139,12141,0,676,0
17.900638818740845,359676,479780,522720,490775,11816,8,676,0
17.900638818740845,359684,467820,510500,478746,11388,0,676,0
17.900638818740845,359691,410068,452784,421020,12025,0,675,0
17.900638818740845,359698,453240,495860,464139,12141,0,676,0
17.92094087600708,359676,479780,522720,490775,11816,8,676,0
17.92094087600708,359684,467820,510500,478746,11388,0,676,0
17.92094087600708,359691,410068,452784,421020,12025,0,675,0
17.92094087600708,359698,453240,495860,464139,12141,0,676,0
17.94124984741211,359676,479780,522720,490775,11816,8,676,0
17.94124984741211,359684,467820,510500,478746,11388,0,676,0
17.94124984741211,359691,410068,452784,421020,12025,0,675,0
17.94124984741211,359698,453240,495860,464139,12141,0,676,0
17.96190595626831,359676,479780,522720,490775,11816,8,676,0
17.96190595626831,359684,469868,512548,480794,11389,0,676,0
17.96190595626831,359691,410068,452784,421020,12025,0,675,0
17.96190595626831,359698,453240,495860,464139,12141,0,676,0
17.983251810073853,359676,479780,522720,490775,11816,8,676,0
17.983251810073853,359684,469868,512548,480794,11389,0,676,0
17.983251810073853,359691,410132,452912,421084,12041,0,675,0
17.983251810073853,359698,453240,495860,464139,12141,0,676,0
18.003909826278687,359676,479780,522720,490775,11816,8,676,0
18.003909826278687,359684,469868,512548,480794,11389,0,676,0
18.003909826278687,359691,412180,454960,423132,12042,0,675,0
18.003909826278687,359698,453240,495860,464139,12141,0,676,0
18.024235010147095,359676,479780,522720,490775,11816,8,676,0
18.024235010147095,359684,469868,512548,480794,11389,0,676,0
18.024235010147095,359691,412180,454960,423132,12042,0,675,0
18.024235010147095,359698,453240,495860,464139,12141,0,676,0
18.0447359085083,359676,479780,522720,490775,11816,8,676,0
18.0447359085083,359684,469868,512548,480794,11389,0,676,0
18.0447359085083,359691,412180,454960,423132,12042,0,675,0
18.0447359085083,359698,453240,495860,464139,12141,0,676,0
18.06508183479309,359676,479780,522720,490775,11816,8,676,0
18.06508183479309,359684,469868,512548,480794,11389,0,676,0
18.06508183479309,359691,412180,454960,423132,12042,0,675,0
18.06508183479309,359698,455288,497908,466187,12142,0,676,0
18.085731983184814,359676,479780,522720,490775,11816,8,676,0
18.085731983184814,359684,469868,512548,480794,11389,0,676,0
18.085731983184814,359691,412180,454960,423132,12042,0,675,0
18.085731983184814,359698,455288,497908,466187,12142,0,676,0
18.10558581352234,359676,479780,522720,490775,11816,8,676,0
18.10558581352234,359684,469868,512548,480794,11389,0,676,0
18.10558581352234,359691,414228,457008,425180,12043,0,675,0
18.10558581352234,359698,455288,497908,466187,12142,0,676,0
18.12575888633728,359676,479780,522720,490775,11816,8,676,0
18.12575888633728,359684,478060,520740,488986,11393,0,676,0
18.12575888633728,359691,414228,457008,425180,12043,0,675,0
18.12575888633728,359698,455288,497908,466187,12142,0,676,0
18.146679878234863,359676,479780,522720,490775,11816,8,676,0
18.146679878234863,359684,478060,520740,488986,11393,0,676,0
18.146679878234863,359691,414232,457008,425184,12044,0,675,0
18.146679878234863,359698,457336,499956,468235,12143,0,676,0
18.166061878204346,359676,479780,522720,490775,11816,8,676,0
18.166061878204346,359684,478060,520740,488986,11393,0,676,0
18.166061878204346,359691,414232,457008,425184,12044,0,675,0
18.166061878204346,359698,457336,499956,468235,12143,0,676,0
18.185290813446045,359676,479780,522720,490775,11816,8,676,0
18.185290813446045,359684,480108,522788,491034,11394,0,676,0
18.185290813446045,359691,414232,457008,425184,12044,0,675,0
18.185290813446045,359698,459384,502004,470283,12144,0,676,0
18.205487966537476,359676,479780,522720,490775,11816,8,676,0
18.205487966537476,359684,480108,522788,491034,11394,0,676,0
18.205487966537476,359691,414232,457008,425184,12044,0,675,0
18.205487966537476,359698,461432,504052,472331,12145,0,676,0
18.225854873657227,359676,479780,522720,490775,11816,8,676,0
18.225854873657227,359684,480108,522788,491034,11394,0,676,0
18.225854873657227,359691,414232,457008,425184,12044,0,675,0
18.225854873657227,359698,404088,446708,414987,12146,0,675,0
18.246208906173706,359676,479780,522720,490775,11816,8,676,0
18.246208906173706,359684,480108,522788,491034,11394,0,676,0
18.246208906173706,359691,414232,457008,425184,12044,0,675,0
18.246208906173706,359698,406136,448756,417035,12147,0,675,0
18.266647815704346,359676,479780,522720,490775,11816,8,676,0
18.266647815704346,359684,480108,522788,491034,11394,0,676,0
18.266647815704346,359691,414232,457008,425184,12044,0,675,0
18.266647815704346,359698,406140,448756,417039,12148,0,675,0
18.287271976470947,359676,479780,522720,490775,11816,8,676,0
18.287271976470947,359684,480108,522788,491034,11394,0,676,0
18.287271976470947,359691,422424,465204,433376,12048,0,676,0
18.287271976470947,359698,406140,448756,417039,12148,0,675,0
18.307447910308838,359676,479780,522720,490775,11816,8,676,0
18.307447910308838,359684,480108,522788,491034,11394,0,676,0
18.307447910308838,359691,422424,465204,433376,12048,0,676,0
18.307447910308838,359698,406140,448756,417039,12148,0,675,0
18.328024864196777,359676,479780,522720,490775,11816,8,676,0
18.328024864196777,359684,480108,522788,491034,11394,0,676,0
18.328024864196777,359691,422424,465204,433376,12048,0,676,0
18.328024864196777,359698,406140,448756,417039,12148,0,675,0
18.348315000534058,359676,479780,522720,490775,11816,8,676,0
18.348315000534058,359684,480108,522788,491034,11394,0,676,0
18.348315000534058,359691,422424,465204,433376,12048,0,676,0
18.348315000534058,359698,410236,452856,421135,12150,0,675,0
18.369187831878662,359676,479780,522720,490775,11816,8,676,0
18.369187831878662,359684,480108,522788,491034,11394,0,676,0
18.369187831878662,359691,422424,465204,433376,12048,0,676,0
18.369187831878662,359698,414332,456952,425231,12152,0,675,0
18.389341831207275,359676,479780,522720,490775,11816,8,676,0
18.389341831207275,359684,480108,522788,491034,11394,0,676,0
18.389341831207275,359691,422424,465204,433376,12048,0,676,0
18.389341831207275,359698,414332,456952,425231,12152,0,675,0
18.40858793258667,359676,479780,522720,490775,11816,8,676,0
18.40858793258667,359684,480108,522788,491034,11394,0,676,0
18.40858793258667,359691,424472,467252,435424,12049,0,676,0
18.40858793258667,359698,414332,456952,425231,12152,0,675,0
18.42804479598999,359676,479780,522720,490775,11816,8,676,0
18.42804479598999,359684,480108,522788,491034,11394,0,676,0
18.42804479598999,359691,424472,467252,435424,12049,0,676,0
18.42804479598999,359698,416380,459000,427279,12153,0,676,0
18.449107885360718,359676,487972,530912,498967,11819,8,677,0
18.449107885360718,359684,480108,522788,491034,11394,0,676,0
18.449107885360718,359691,424472,467252,435424,12049,0,676,0
18.449107885360718,359698,420540,463096,431439,12171,0,676,0
18.478416919708252,359676,496164,539104,507159,11824,8,677,0
18.478416919708252,359684,480108,522788,491034,11394,0,676,0
18.478416919708252,359691,424472,467252,435424,12049,0,676,0
18.478416919708252,359698,420540,463096,431439,12171,0,676,0
18.50662899017334,359676,506404,549344,517399,11828,8,677,0
18.50662899017334,359684,482156,524836,493082,11395,0,677,0
18.50662899017334,359691,424472,467252,435424,12049,0,676,0
18.50662899017334,359698,420540,463096,431439,12171,0,676,0
18.527520895004272,359676,516644,559584,527639,11834,8,678,0
18.527520895004272,359684,482156,524836,493082,11395,0,677,0
18.527520895004272,359691,424472,467252,435424,12049,0,676,0
18.527520895004272,359698,420604,463224,431503,12187,0,676,0
18.54812788963318,359676,526884,569824,537879,11839,8,678,0
18.54812788963318,359684,482156,524836,493082,11395,0,677,0
18.54812788963318,359691,424472,467252,435424,12049,0,676,0
18.54812788963318,359698,420604,463224,431503,12187,0,676,0
18.56866979598999,359676,537124,580064,548119,11844,8,678,0
18.56866979598999,359684,482156,524836,493082,11395,0,677,0
18.56866979598999,359691,424472,467252,435424,12049,0,676,0
18.56866979598999,359698,420604,463224,431503,12187,0,676,0
18.58941888809204,359676,547364,590304,558359,11849,8,678,0
18.58941888809204,359684,482156,524836,493082,11395,0,677,0
18.58941888809204,359691,424472,467252,435424,12049,0,676,0
18.58941888809204,359698,420604,463224,431503,12187,0,676,0
18.61014986038208,359676,557604,600544,568599,11854,8,678,0
18.61014986038208,359684,482156,524836,493082,11395,0,677,0
18.61014986038208,359691,424472,467252,435424,12049,0,676,0
18.61014986038208,359698,420604,463224,431503,12187,0,676,0
18.630852937698364,359676,567844,610784,578839,11859,8,678,0
18.630852937698364,359684,482156,524836,493082,11395,0,677,0
18.630852937698364,359691,426520,469300,437472,12050,0,676,0
18.630852937698364,359698,420604,463224,431503,12187,0,676,0
18.651588916778564,359676,578084,621024,589079,11864,8,678,0
18.651588916778564,359684,482156,524836,493082,11395,0,677,0
18.651588916778564,359691,430616,473396,441568,12052,0,676,0
18.651588916778564,359698,420604,463224,431503,12187,0,676,0
18.672091007232666,359676,588324,631264,599319,11869,8,679,0
18.672091007232666,359684,482156,524836,493082,11395,0,677,0
18.672091007232666,359691,430616,473396,441568,12052,0,676,0
18.672091007232666,359698,420604,463224,431503,12187,0,676,0
18.69302988052368,359676,598564,643552,609559,11874,8,679,0
18.69302988052368,359684,482156,524836,493082,11395,0,677,0
18.69302988052368,359691,430616,473396,441568,12052,0,676,0
18.69302988052368,359698,420604,463224,431503,12187,0,676,0
18.71366596221924,359676,608804,653792,619799,11879,8,679,0
18.71366596221924,359684,482156,524836,493082,11395,0,677,0
18.71366596221924,359691,430616,473396,441568,12052,0,676,0
18.71366596221924,359698,420604,463224,431503,12187,0,676,0
18.734402894973755,359676,621092,664032,632087,11884,8,680,0
18.734402894973755,359684,482156,524836,493082,11395,0,677,0
18.734402894973755,359691,430616,473396,441568,12052,0,676,0
18.734402894973755,359698,420604,463224,431503,12187,0,676,0
18.754419803619385,359676,631332,674272,642327,11889,8,680,0
18.754419803619385,359684,482156,524836,493082,11395,0,677,0
18.754419803619385,359691,430616,473396,441568,12052,0,676,0
18.754419803619385,359698,420604,463224,431503,12187,0,676,0
18.775326013565063,359676,641572,684512,652567,11895,8,680,0
18.775326013565063,359684,482156,524836,493082,11395,0,677,0
18.775326013565063,359691,430616,473396,441568,12052,0,676,0
18.775326013565063,359698,420604,463224,431503,12187,0,676,0
18.796721935272217,359676,651812,694752,662807,11900,8,680,0
18.796721935272217,359684,482156,524836,493082,11395,0,677,0
18.796721935272217,359691,430616,473396,441568,12052,0,676,0
18.796721935272217,359698,420604,463224,431503,12187,0,676,0
18.81723189353943,359676,662052,704992,673047,11905,8,680,0
18.81723189353943,359684,482156,524836,493082,11395,0,677,0
18.81723189353943,359691,430616,473396,441568,12052,0,676,0
18.81723189353943,359698,422652,465272,433551,12188,0,676,0
18.83767580986023,359676,672292,715232,683287,11910,8,680,0
18.83767580986023,359684,482156,524836,493082,11395,0,677,0
18.83767580986023,359691,430616,473396,441568,12052,0,676,0
18.83767580986023,359698,422652,465272,433551,12188,0,676,0
18.858223915100098,359676,682532,725472,693527,11915,8,681,0
18.858223915100098,359684,482156,524836,493082,11395,0,677,0
18.858223915100098,359691,430616,473396,441568,12052,0,676,0
18.858223915100098,359698,422652,465272,433551,12188,0,676,0
18.878747940063477,359676,692772,735712,703767,11920,8,681,0
18.878747940063477,359684,482156,524836,493082,11395,0,677,0
18.878747940063477,359691,430616,473396,441568,12052,0,676,0
18.878747940063477,359698,430844,473464,441743,12192,0,676,0
18.89923882484436,359676,703012,745952,714007,11925,8,681,0
18.89923882484436,359684,482156,524836,493082,11395,0,677,0
18.89923882484436,359691,430616,473396,441568,12052,0,676,0
18.89923882484436,359698,430844,473464,441743,12192,0,676,0
18.91964101791382,359676,713252,756192,724247,11930,8,682,0
18.91964101791382,359684,482156,524836,493082,11395,0,677,0
18.91964101791382,359691,432664,475444,443616,12053,0,676,0
18.91964101791382,359698,430844,473464,441743,12192,0,676,0
18.940064907073975,359676,723492,766432,734487,11935,8,682,0
18.940064907073975,359684,482156,524836,493082,11395,0,677,0
18.940064907073975,359691,432664,475444,443616,12053,0,676,0
18.940064907073975,359698,430844,473464,441743,12192,0,676,0
18.96080994606018,359676,733732,776672,744727,11940,8,682,0
18.96080994606018,359684,482156,524836,493082,11395,0,677,0
18.96080994606018,359691,432664,475444,443616,12053,0,676,0
18.96080994606018,359698,430844,473464,441743,12192,0,676,0
18.98133087158203,359676,743972,786912,754967,11945,8,682,0
18.98133087158203,359684,482156,524836,493082,11395,0,677,0
18.98133087158203,359691,432664,475444,443616,12053,0,676,0
18.98133087158203,359698,430844,473464,441743,12192,0,676,0
19.002205848693848,359676,754212,797152,765207,11950,8,682,0
19.002205848693848,359684,482156,524836,493082,11395,0,677,0
19.002205848693848,359691,432664,475444,443616,12053,0,676,0
19.002205848693848,359698,430844,473464,441743,12192,0,676,0
19.023180961608887,359676,764452,807392,775447,11955,8,682,0
19.023180961608887,359684,482156,524836,493082,11395,0,677,0
19.023180961608887,359691,432664,475444,443616,12053,0,676,0
19.023180961608887,359698,430844,473464,441743,12192,0,676,0
19.043792009353638,359676,774692,819680,785687,11960,8,683,0
19.043792009353638,359684,482156,524836,493082,11395,0,677,0
19.043792009353638,359691,432664,475444,443616,12053,0,676,0
19.043792009353638,359698,432892,475512,443791,12193,0,676,0
19.064576864242554,359676,784932,829920,795927,11965,8,683,0
19.064576864242554,359684,482156,524836,493082,11395,0,677,0
19.064576864242554,359691,432664,475444,443616,12053,0,676,0
19.064576864242554,359698,432892,475512,443791,12193,0,676,0
19.08523201942444,359676,795172,840160,806167,11970,8,683,0
19.08523201942444,359684,482156,524836,493082,11395,0,677,0
19.08523201942444,359691,432664,475444,443616,12053,0,676,0
19.08523201942444,359698,432892,475512,443791,12193,0,676,0
19.106003999710083,359676,807460,850400,818455,11975,8,683,0
19.106003999710083,359684,482156,524836,493082,11395,0,677,0
19.106003999710083,359691,432664,475444,443616,12053,0,676,0
19.106003999710083,359698,432892,475512,443791,12193,0,676,0
19.126720905303955,359676,817700,860640,828695,11980,8,684,0
19.126720905303955,359684,482156,524836,493082,11395,0,677,0
19.126720905303955,359691,434712,477492,445664,12054,0,676,0
19.126720905303955,359698,432892,475512,443791,12193,0,676,0
19.147446870803833,359676,827940,870880,838935,11986,8,684,0
19.147446870803833,359684,482156,524836,493082,11395,0,677,0
19.147446870803833,359691,434712,477492,445664,12054,0,676,0
19.147446870803833,359698,432892,475512,443791,12193,0,676,0
19.168164014816284,359676,838180,881120,849175,11991,8,684,0
19.168164014816284,359684,482156,524836,493082,11395,0,677,0
19.168164014816284,359691,438808,481588,449760,12056,0,676,0
19.168164014816284,359698,432892,475512,443791,12193,0,676,0
19.18921184539795,359676,846372,889312,857367,11995,8,684,0
19.18921184539795,359684,482156,524836,493082,11395,0,677,0
19.18921184539795,359691,438808,481588,449760,12056,0,676,0
19.18921184539795,359698,432892,475512,443791,12193,0,676,0
19.20978593826294,359676,854564,897504,865559,11999,8,684,0
19.20978593826294,359684,482156,524836,493082,11395,0,677,0
19.20978593826294,359691,438808,481588,449760,12056,0,676,0
19.20978593826294,359698,434940,477560,445839,12194,0,676,0
19.230438947677612,359676,864804,907744,875799,12004,8,684,0
19.230438947677612,359684,482156,524836,493082,11395,0,677,0
19.230438947677612,359691,438808,481588,449760,12056,0,676,0
19.230438947677612,359698,439036,481656,449935,12196,0,676,0
19.251426935195923,359676,872996,915936,883991,12008,8,684,0
19.251426935195923,359684,482156,524836,493082,11395,0,677,0
19.251426935195923,359691,440856,483636,451808,12057,0,676,0
19.251426935195923,359698,439036,481656,449935,12196,0,676,0
19.27244782447815,359676,881188,926176,892183,12012,8,685,0
19.27244782447815,359684,482156,524836,493082,11395,0,677,0
19.27244782447815,359691,440856,485684,451808,12057,0,676,0
19.27244782447815,359698,439036,481656,449935,12196,0,676,0
19.293036937713623,359676,891428,934368,902423,12017,8,685,0
19.293036937713623,359684,482156,524836,493082,11395,0,677,0
19.293036937713623,359691,442904,485684,453856,12058,0,676,0
19.293036937713623,359698,439036,481656,449935,12196,0,676,0
19.313699960708618,359676,901668,944608,912663,12022,8,685,0
19.313699960708618,359684,482156,524836,493082,11395,0,677,0
19.313699960708618,359691,442904,485684,453856,12058,0,676,0
19.313699960708618,359698,439036,481656,449935,12196,0,676,0
19.33438801765442,359676,911908,954848,922903,12027,8,686,0
19.33438801765442,359684,482156,524836,493082,11395,0,677,0
19.33438801765442,359691,444952,487732,455904,12059,0,676,0
19.33438801765442,359698,439036,481656,449935,12196,0,676,0
19.354626893997192,359676,920100,965088,931095,12031,8,686,0
19.354626893997192,359684,482156,524836,493082,11395,0,677,0
19.354626893997192,359691,444952,487732,455904,12059,0,676,0
19.354626893997192,359698,439036,481656,449935,12196,0,676,0
19.375314950942993,359676,930340,973280,941335,12036,8,686,0
19.375314950942993,359684,482156,524836,493082,11395,0,677,0
19.375314950942993,359691,447168,489948,458120,12102,0,676,0
19.375314950942993,359698,439036,481656,449935,12196,0,676,0
19.39557695388794,359676,938532,981472,949527,12040,8,686,0
19.39557695388794,359684,482156,524836,493082,11395,0,677,0
19.39557695388794,359691,447172,489948,458124,12103,0,676,0
19.39557695388794,359698,439036,481656,449935,12196,0,676,0
19.414923906326294,359676,946724,989664,957719,12044,8,686,0
19.414923906326294,359684,482156,524836,493082,11395,0,677,0
19.414923906326294,359691,447172,489948,458124,12103,0,676,0
19.414923906326294,359698,439036,481656,449935,12196,0,676,0
19.434261798858643,359676,954916,997856,965911,12048,8,686,0
19.434261798858643,359684,482156,524836,493082,11395,0,677,0
19.434261798858643,359691,447172,489948,458124,12103,0,676,0
19.434261798858643,359698,439036,481656,449935,12196,0,676,0
19.453577995300293,359676,965156,1008096,976151,12053,8,686,0
19.453577995300293,359684,482156,524836,493082,11395,0,677,0
19.453577995300293,359691,449220,492000,460172,12104,0,676,0
19.453577995300293,359698,439036,481656,449935,12196,0,676,0
19.472996950149536,359676,975396,1018336,986391,12057,8,687,0
19.472996950149536,359684,482156,524836,493082,11395,0,677,0
19.472996950149536,359691,449060,491864,460012,12104,0,676,0
19.472996950149536,359698,439036,481656,449935,12196,0,676,0
19.492280960083008,359676,985636,1028576,996631,12063,8,687,0
19.492280960083008,359684,482156,524836,493082,11395,0,677,0
19.492280960083008,359691,453156,495936,464108,12106,0,676,0
19.492280960083008,359698,439036,481656,449935,12196,0,676,0
19.520623922348022,359676,997928,1040868,1008923,12070,8,687,0
19.520623922348022,359684,488300,530980,499226,11397,0,677,0
19.520623922348022,359691,453328,496064,464280,12149,0,676,0
19.520623922348022,359698,439036,481656,449935,12196,0,676,0
19.548438787460327,359676,1012264,1055204,1023259,12077,8,688,0
19.548438787460327,359684,494444,539172,505370,11401,0,677,0
19.548438787460327,359691,453328,496064,464280,12149,0,676,0
19.548438787460327,359698,439036,481656,449935,12196,0,676,0
19.57687497138977,359676,1026600,1069540,1037595,12084,8,688,0
19.57687497138977,359684,502636,545316,513562,11405,0,677,0
19.57687497138977,359691,453328,496064,464280,12149,0,676,0
19.57687497138977,359698,441084,483704,451983,12197,0,676,0
19.60487389564514,359676,1040936,1083876,1051931,12091,8,688,0
19.60487389564514,359684,510828,553508,521754,11409,0,677,0
19.60487389564514,359691,453328,496064,464280,12149,0,676,0
19.60487389564514,359698,443132,485752,454031,12197,0,676,0
19.63290286064148,359676,1055272,1098212,1066267,12098,8,688,0
19.63290286064148,359684,525164,567844,536090,11415,0,678,0
19.63290286064148,359691,455224,498004,466176,12150,0,676,0
19.63290286064148,359698,443132,485752,454031,12198,0,676,0
19.661950826644897,359676,1069608,1112548,1080603,12105,8,688,0
19.661950826644897,359684,533356,576036,544282,11420,0,678,0
19.661950826644897,359691,459320,502100,470272,12152,0,676,0
19.661950826644897,359698,443132,485752,454031,12198,0,676,0
19.690056800842285,359676,1083944,1126884,1094939,12112,8,689,0
19.690056800842285,359684,541548,584228,552474,11424,0,678,0
19.690056800842285,359691,461368,504148,472320,12153,0,676,0
19.690056800842285,359698,443132,485752,454031,12198,0,676,0
19.71800184249878,359676,1098280,1141220,1109275,12118,8,689,0
19.71800184249878,359684,549740,592420,560666,11428,0,678,0
19.71800184249878,359691,463416,506196,474368,12156,0,676,0
19.71800184249878,359698,443132,485752,454031,12198,0,676,0
19.746118783950806,359676,1110568,1155556,1121563,12125,8,690,0
19.746118783950806,359684,557932,600612,568858,11432,0,678,0
19.746118783950806,359691,465464,508244,476416,12157,0,676,0
19.746118783950806,359698,443132,485752,454031,12198,0,676,0
19.773883819580078,359676,1124904,1169892,1135899,12132,8,690,0
19.773883819580078,359684,564076,608804,575002,11435,0,678,0
19.773883819580078,359691,465464,508244,476416,12157,0,676,0
19.773883819580078,359698,443132,485752,454031,12198,0,676,0
19.80182981491089,359676,1139240,1184228,1150235,12139,8,690,0
19.80182981491089,359684,578412,621092,589338,11442,0,678,0
19.80182981491089,359691,465464,508244,476416,12157,0,676,0
19.80182981491089,359698,447228,489848,458127,12200,0,676,0
19.830790996551514,359676,1155624,1198564,1166619,12147,8,690,0
19.830790996551514,359684,592748,635428,603674,11449,0,679,0
19.830790996551514,359691,467512,510292,478464,12158,0,676,0
19.830790996551514,359698,449276,491896,460175,12201,0,676,0
19.86106586456299,359676,1169960,1212900,1180955,12154,8,690,0
19.86106586456299,359684,607084,651812,618010,11456,0,679,0
19.86106586456299,359691,469560,512340,480512,12159,0,676,0
19.86106586456299,359698,449276,491896,460175,12201,0,676,0
19.890045881271362,359676,1180200,1223140,1191195,12159,8,691,0
19.890045881271362,359684,621420,664100,632346,11463,0,680,0
19.890045881271362,359691,471608,514388,482560,12160,0,676,0
19.890045881271362,359698,451324,493944,462223,12202,0,676,0
19.91787099838257,359676,1192488,1235428,1203483,12164,8,691,0
19.91787099838257,359684,631660,674340,642586,11468,0,680,0
19.91787099838257,359691,471608,514388,482560,12160,0,676,0
19.91787099838257,359698,451324,493944,462223,12202,0,676,0
19.945079803466797,359676,1204776,1249764,1215771,12171,8,692,0
19.945079803466797,359684,637804,682532,648730,11471,0,680,0
19.945079803466797,359691,471608,514388,482560,12160,0,676,0
19.945079803466797,359698,453372,495992,464271,12203,0,676,0
19.972981929779053,359676,1221160,1264100,1232155,12178,8,692,0
19.972981929779053,359684,652140,694820,663066,11478,0,680,0
19.972981929779053,359691,471608,514388,482560,12160,0,676,0
19.972981929779053,359698,453372,495992,464271,12203,0,676,0
20.001288890838623,359676,1235496,1278436,1246491,12185,8,692,0
20.001288890838623,359684,666476,709156,677402,11485,0,680,0
20.001288890838623,359691,471608,514388,482560,12160,0,676,0
20.001288890838623,359698,455600,498168,466499,12249,0,676,0
20.02998685836792,359676,1243688,1286628,1254683,12190,8,692,0
20.02998685836792,359684,680812,723492,691738,11492,0,681,0
20.02998685836792,359691,471608,514388,482560,12160,0,676,0
20.02998685836792,359698,455600,498168,466499,12249,0,676,0
20.058074951171875,359676,1258024,1300964,1269019,12196,8,692,0
20.058074951171875,359684,695148,737828,706074,11499,0,681,0
20.058074951171875,359691,471608,514388,482560,12160,0,676,0
20.058074951171875,359698,457644,500264,468543,12250,0,676,0
20.08675789833069,359676,1272360,1315300,1283355,12204,8,693,0
20.08675789833069,359684,709484,752164,720410,11506,0,681,0
20.08675789833069,359691,471608,514388,482560,12160,0,676,0
20.08675789833069,359698,457644,500264,468543,12250,0,676,0
20.11541199684143,359676,1280552,1325540,1291547,12208,8,693,0
20.11541199684143,359684,723820,766500,734746,11513,0,682,0
20.11541199684143,359691,471608,514388,482560,12160,0,676,0
20.11541199684143,359698,457476,502144,468375,12250,0,676,0
20.14346194267273,359676,1294888,1337828,1305883,12214,8,693,0
20.14346194267273,359684,738156,782884,749082,11520,0,682,0
20.14346194267273,359691,475704,518484,486656,12162,0,676,0
20.14346194267273,359698,459524,502144,470423,12251,0,676,0
20.172467947006226,359676,1309224,1352164,1320219,12222,8,694,0
20.172467947006226,359684,752492,797220,763418,11527,0,682,0
20.172467947006226,359691,475704,518484,486656,12162,0,676,0
20.172467947006226,359698,461744,504320,472643,12295,0,676,0
20.20088791847229,359676,1315408,1358348,1326403,12235,8,694,0
20.20088791847229,359684,766828,809508,777754,11534,0,682,0
20.20088791847229,359691,475704,518484,486656,12162,0,676,0
20.20088791847229,359698,461744,508460,472643,12295,0,676,0
20.228790998458862,359676,1327696,1370636,1338691,12241,8,694,0
20.228790998458862,359684,783212,825892,794138,11541,0,683,0
20.228790998458862,359691,475704,518484,486656,12162,0,676,0
20.228790998458862,359698,467888,510508,478787,12298,0,676,0
20.25924587249756,359676,1344080,1387020,1355075,12248,8,694,0
20.25924587249756,359684,797548,840228,808474,11549,0,683,0
20.25924587249756,359691,475704,518484,486656,12162,0,676,0
20.25924587249756,359698,467888,510508,478787,12298,0,676,0
20.28867793083191,359676,1358416,1401356,1369411,12255,8,694,0
20.28867793083191,359684,811884,854564,822810,11556,0,684,0
20.28867793083191,359691,475704,518484,486656,12162,0,676,0
20.28867793083191,359698,465660,508312,476559,12299,0,676,0
20.316996812820435,359676,1366608,1409548,1377603,12260,8,694,0
20.316996812820435,359684,826220,868900,837146,11562,0,684,0
20.316996812820435,359691,483896,526676,494848,12166,0,677,0
20.316996812820435,359698,471804,514424,482703,12302,0,676,0
20.345143795013428,359676,1378896,1421836,1389891,12266,8,695,0
20.345143795013428,359684,837200,880036,848126,12187,0,684,0
20.345143795013428,359691,485944,528724,496896,12167,0,677,0
20.345143795013428,359698,471804,514424,482703,12302,0,676,0
20.37404489517212,359676,1389136,1432076,1400131,13804,8,695,0
20.37404489517212,359684,850696,893476,861622,14027,0,684,0
20.37404489517212,359691,486028,528724,496980,12188,0,677,0
20.37404489517212,359698,471804,514424,482703,12302,0,676,0
20.41136598587036,359676,1397824,1441036,1408819,14361,8,695,0
20.41136598587036,359684,860768,903716,871694,15520,0,684,0
20.41136598587036,359691,486700,529364,497652,12356,0,677,0
20.41136598587036,359698,471804,514424,482703,12302,0,676,0
20.44059181213379,359676,1403472,1446412,1414467,15855,8,696,0
20.44059181213379,359684,869564,912548,880490,17716,0,684,0
20.44059181213379,359691,486700,529364,497652,12356,0,677,0
20.44059181213379,359698,471804,514424,482703,12302,0,676,0
20.469716787338257,359676,1409616,1452556,1420611,16369,8,696,0
20.469716787338257,359684,879468,924196,890394,19254,0,685,0
20.469716787338257,359691,486700,529364,497652,12356,0,677,0
20.469716787338257,359698,471804,514424,482703,12304,0,676,0
20.498889923095703,359676,1415760,1458700,1426755,16372,8,696,0
20.498889923095703,359684,887660,930340,898586,19258,0,685,0
20.498889923095703,359691,486700,529364,497652,12356,0,677,0
20.498889923095703,359698,473852,516472,484751,12305,0,676,0
20.527793884277344,359676,1419860,1462924,1430855,16374,8,696,0
20.527793884277344,359684,895852,938532,906778,19262,0,685,0
20.527793884277344,359691,486700,529364,497652,12356,0,677,0
20.527793884277344,359698,473852,516472,484751,12305,0,676,0
20.556326866149902,359676,1426000,1468940,1436995,17910,8,696,0
20.556326866149902,359684,897900,940580,908826,19774,0,685,0
20.556326866149902,359691,486700,529364,497652,12356,0,677,0
20.556326866149902,359698,475900,518520,486799,12306,0,676,0
20.586206912994385,359676,1430232,1473292,1441227,18934,8,696,0
20.586206912994385,359684,905348,948388,916274,21521,0,685,0
20.586206912994385,359691,486700,529364,497652,12356,0,677,0
20.586206912994385,359698,479996,522616,490895,13330,0,676,0
20.615729808807373,359676,1438288,1481356,1449283,20872,8,696,0
20.615729808807373,359684,915112,958116,926038,23948,0,686,0
20.615729808807373,359691,486700,529364,497652,12356,0,677,0
20.615729808807373,359698,479996,522616,490895,13330,0,676,0
20.645336866378784,359676,1444652,1487756,1455647,22518,8,696,0
20.645336866378784,359684,921556,964388,932482,25596,0,686,0
20.645336866378784,359691,487116,529876,498068,12460,0,677,0
20.645336866378784,359698,479996,522616,490895,13330,0,676,0
20.667224884033203,359676,1451232,1494412,1462239,24136,8,696,0
20.667224884033203,359684,926120,968868,937110,26816,0,686,0
20.667224884033203,359691,487116,529876,498068,12460,0,677,0
20.667224884033203,359698,479996,522616,490895,13330,0,676,0
20.6894588470459,359676,1456780,1499916,1467907,25590,8,696,0
20.6894588470459,359684,928812,971556,939738,27469,0,686,0
20.6894588470459,359691,487116,529876,498068,12460,0,677,0
20.6894588470459,359698,479996,522616,490895,13330,0,676,0
20.71134090423584,359676,1463588,1506700,1474583,27203,8,696,0
20.71134090423584,359684,934116,976932,945042,28725,0,686,0
20.71134090423584,359691,487116,529876,498068,12460,0,677,0
20.71134090423584,359698,481236,523768,492135,13628,0,676,0
20.733032941818237,359676,1470216,1513356,1481211,28851,8,697,0
20.733032941818237,359684,940248,982948,951174,30301,0,686,0
20.733032941818237,359691,487116,529876,498068,12460,0,677,0
20.733032941818237,359698,481828,524408,492727,13788,0,677,0
20.755448818206787,359676,1477376,1520524,1488371,30709,8,697,0
20.755448818206787,359684,945652,988580,956578,31600,0,686,0
20.755448818206787,359691,487116,529876,498068,12460,0,677,0
20.755448818206787,359698,481828,524408,492727,13788,0,677,0
20.776973009109497,359676,1484816,1527948,1495811,32491,8,697,0
20.776973009109497,359684,952980,995748,963906,33424,0,686,0
20.776973009109497,359691,487116,529876,498068,12460,0,677,0
20.776973009109497,359698,482696,525304,493595,14004,0,677,0
20.79941987991333,359676,1490168,1533324,1501163,33828,8,697,0
20.79941987991333,359684,958632,1001508,969558,34828,0,686,0
20.79941987991333,359691,487116,529876,498068,12460,0,677,0
20.79941987991333,359698,482832,525432,493731,14039,0,677,0
20.82197594642639,359676,1497768,1540876,1508763,35747,8,697,0
20.82197594642639,359684,965840,1008676,976766,36680,0,686,0
20.82197594642639,359691,487116,529876,498068,12460,0,677,0
20.82197594642639,359698,482832,525432,493731,14039,0,677,0
20.84430980682373,359676,1505008,1548172,1516003,37521,8,698,0
20.84430980682373,359684,973356,1016228,984282,38502,0,687,0
20.84430980682373,359691,487116,529876,498068,12460,0,677,0
20.84430980682373,359698,482832,525432,493731,14039,0,677,0
20.866611003875732,359676,1512016,1554956,1523011,39415,8,698,0
20.866611003875732,359684,979860,1022500,990786,40264,0,687,0
20.866611003875732,359691,487116,529876,498068,12460,0,677,0
20.866611003875732,359698,482864,525432,493763,14047,0,677,0
20.890568017959595,359676,1518076,1561100,1529071,40792,8,698,0
20.890568017959595,359684,986804,1029668,997730,41875,0,687,0
20.890568017959595,359691,487116,529876,498068,12460,0,677,0
20.890568017959595,359698,482864,525432,493763,14047,0,677,0
20.913120985031128,359676,1525472,1568652,1536467,42621,8,698,0
20.913120985031128,359684,994868,1037732,1005794,43860,0,687,0
20.913120985031128,359691,487116,529876,498068,12460,0,677,0
20.913120985031128,359698,482880,525432,493779,14051,0,677,0
20.93564796447754,359676,1532888,1576076,1543883,44535,8,698,0
20.93564796447754,359684,1002892,1045796,1013818,45884,0,687,0
20.93564796447754,359691,487116,529876,498068,12460,0,677,0
20.93564796447754,359698,483056,525560,493955,14095,0,677,0
20.958881855010986,359676,1538284,1581452,1549279,45816,8,698,0
20.958881855010986,359684,1008948,1051812,1019874,47420,0,688,0
20.958881855010986,359691,487116,529876,498068,12460,0,677,0
20.958881855010986,359698,483056,525560,493955,14095,0,677,0
20.982028007507324,359676,1545884,1589004,1556879,47711,8,698,0
20.982028007507324,359684,1016724,1059492,1027650,49348,0,688,0
20.982028007507324,359691,487116,529876,498068,12460,0,677,0
20.982028007507324,359698,484108,526712,495007,14280,0,677,0
21.005010843276978,359676,1552976,1596044,1563971,49624,8,698,0
21.005010843276978,359684,1024424,1067300,1035350,51229,0,688,0
21.005010843276978,359691,487116,529876,498068,12460,0,677,0
21.005010843276978,359698,488240,530808,499139,15380,0,677,0
21.028437852859497,359676,1558832,1601932,1569827,50941,8,698,0
21.028437852859497,359684,1030664,1073572,1041590,52791,0,688,0
21.028437852859497,359691,487116,529876,498068,12460,0,677,0
21.028437852859497,359698,492980,535544,503879,16576,0,677,0
21.051743984222412,359676,1566372,1609484,1577367,52817,8,699,0
21.051743984222412,359684,1038968,1081892,1049894,54857,0,688,0
21.051743984222412,359691,487116,529876,498068,12460,0,677,0
21.051743984222412,359698,493004,535544,503903,16582,0,677,0
21.07516384124756,359676,1574120,1617292,1585115,54775,8,699,0
21.07516384124756,359684,1047252,1090084,1058178,56916,0,688,0
21.07516384124756,359691,487116,529876,498068,12460,0,677,0
21.07516384124756,359698,493004,535544,503903,16582,0,677,0
21.09887981414795,359676,1578824,1621900,1589819,55411,8,699,0
21.09887981414795,359684,1051620,1094564,1062546,58091,0,688,0
21.09887981414795,359691,487116,529876,498068,12460,0,677,0
21.09887981414795,359698,493456,536440,504355,16694,0,677,0
21.12296485900879,359676,1585464,1628684,1596459,57066,8,699,0
21.12296485900879,359684,1058424,1101348,1069350,59720,0,688,0
21.12296485900879,359691,487116,529876,498068,12460,0,677,0
21.12296485900879,359698,494156,536696,505055,16870,0,677,0
21.14692783355713,359676,1593316,1636492,1604311,59014,8,699,0
21.14692783355713,359684,1066924,1109796,1077850,61818,0,688,0
21.14692783355713,359691,487116,529876,498068,12460,0,677,0
21.14692783355713,359698,494220,536824,505119,16886,0,677,0
21.17091679573059,359676,1601068,1644172,1612063,60961,8,700,0
21.17091679573059,359684,1075512,1118372,1086438,63961,0,689,0
21.17091679573059,359691,487116,529876,498068,12460,0,677,0
21.17091679573059,359698,494220,536824,505119,16886,0,677,0
21.19451093673706,359676,1610320,1653260,1621315,62457,8,700,0
21.19451093673706,359684,1080212,1122852,1091138,65352,0,689,0
21.19451093673706,359691,487116,529876,498068,12460,0,677,0
21.19451093673706,359698,494220,536824,505119,16886,0,677,0
21.21926188468933,359676,1614692,1657740,1625687,63366,8,700,0
21.21926188468933,359684,1085256,1128100,1096182,66395,0,689,0
21.21926188468933,359691,487116,529876,498068,12460,0,677,0
21.21926188468933,359698,494220,536824,505119,16886,0,677,0
21.24346399307251,359676,1622888,1666060,1633883,65435,8,700,0
21.24346399307251,359684,1092880,1135780,1103806,68318,0,689,0
21.24346399307251,359691,487116,529876,498068,12460,0,677,0
21.24346399307251,359698,494220,536824,505119,16886,0,677,0
21.26739501953125,359676,1630800,1673740,1641795,67389,8,700,0
21.26739501953125,359684,1100692,1143332,1111618,70442,0,689,0
21.26739501953125,359691,487116,529876,498068,12460,0,677,0
21.26739501953125,359698,494220,536824,505119,16886,0,677,0
21.292056798934937,359676,1637876,1680908,1648871,69165,8,700,0
21.292056798934937,359684,1108792,1151524,1119718,72265,0,690,0
21.292056798934937,359691,487116,529876,498068,12460,0,677,0
21.292056798934937,359698,494220,536824,505119,16886,0,677,0
21.316537857055664,359676,1645672,1688844,1656667,71120,8,700,0
21.316537857055664,359684,1117540,1160356,1128466,74463,0,690,0
21.316537857055664,359691,487116,529876,498068,12460,0,677,0
21.316537857055664,359698,494220,536824,505119,16886,0,677,0
21.34136199951172,359676,1653328,1696268,1664323,73184,8,700,0
21.34136199951172,359684,1124896,1167908,1136194,76616,0,690,0
21.34136199951172,359691,487116,529876,498068,12460,0,677,0
21.34136199951172,359698,494236,536824,505135,16890,0,677,0
21.36726188659668,359676,1659472,1702540,1670467,74523,8,700,0
21.36726188659668,359684,1132736,1175588,1143662,78227,0,690,0
21.36726188659668,359691,487116,529876,498068,12460,0,677,0
21.36726188659668,359698,494748,537336,505647,17018,0,677,0
21.391661882400513,359676,1667664,1710732,1678659,76588,8,701,0
21.391661882400513,359684,1141024,1183908,1151950,80295,0,690,0
21.391661882400513,359691,487116,529876,498068,12460,0,677,0
21.391661882400513,359698,494748,537336,505647,17018,0,677,0
21.415458917617798,359676,1675800,1718796,1686795,78573,8,701,0
21.415458917617798,359684,1147612,1190436,1158722,82248,0,690,0
21.415458917617798,359691,487116,529876,498068,12460,0,677,0
21.415458917617798,359698,494748,537336,505647,17018,0,677,0
21.440862894058228,359676,1677748,1720844,1688743,79057,8,701,0
21.440862894058228,359684,1153940,1196708,1164866,83533,0,690,0
21.440862894058228,359691,487116,529876,498068,12460,0,677,0
21.440862894058228,359698,494748,537336,505647,17018,0,677,0
21.465828895568848,359676,1686104,1729292,1697099,81176,8,701,0
21.465828895568848,359684,1161988,1204772,1172914,85524,0,690,0
21.465828895568848,359691,487116,529876,498068,12460,0,677,0
21.465828895568848,359698,494748,537336,505647,17018,0,677,0
21.490871906280518,359676,1694292,1737484,1705287,83208,8,701,0
21.490871906280518,359684,1170052,1212964,1180978,87532,0,691,0
21.490871906280518,359691,487116,529876,498068,12460,0,677,0
21.490871906280518,359698,494748,537336,505647,17018,0,677,0
21.516495943069458,359676,1700864,1744012,1711859,84861,8,702,0
21.516495943069458,359684,1175908,1218724,1186834,88995,0,691,0
21.516495943069458,359691,487116,529876,498068,12460,0,677,0
21.516495943069458,359698,494748,537336,505647,17018,0,677,0
21.54177689552307,359676,1709044,1752204,1720039,86997,8,702,0
21.54177689552307,359684,1183696,1226532,1194622,90952,0,691,0
21.54177689552307,359691,487116,529876,498068,12460,0,677,0
21.54177689552307,359698,494748,537336,505647,17018,0,677,0
21.567075967788696,359676,1717604,1760780,1728599,89050,8,702,0
21.567075967788696,359684,1191984,1234852,1202910,93030,0,691,0
21.567075967788696,359691,487116,529876,498068,12460,0,677,0
21.567075967788696,359698,494748,537336,505647,17018,0,677,0
21.592492818832397,359676,1724020,1767180,1735015,90618,8,702,0
21.592492818832397,359684,1197152,1240100,1208078,94356,0,691,0
21.592492818832397,359691,487116,529876,498068,12460,0,677,0
21.592492818832397,359698,494748,537336,505647,17018,0,677,0
21.618323802947998,359676,1732316,1775500,1743311,92666,8,702,0
21.618323802947998,359684,1205680,1248548,1216606,96485,0,692,0
21.618323802947998,359691,487116,529876,498068,12460,0,677,0
21.618323802947998,359698,494748,537336,505647,17018,0,677,0
21.643739938735962,359676,1740644,1783820,1751639,94735,8,702,0
21.643739938735962,359684,1214680,1257508,1225606,98658,0,692,0
21.643739938735962,359691,487116,529876,498068,12460,0,677,0
21.643739938735962,359698,494748,537336,505647,17018,0,677,0
21.668649911880493,359676,1747052,1790220,1758047,96339,8,702,0
21.668649911880493,359684,1222392,1265316,1233318,100645,0,692,0
21.668649911880493,359691,487116,529876,498068,12460,0,677,0
21.668649911880493,359698,494748,537336,505647,17018,0,677,0
21.694678783416748,359676,1755588,1798668,1766583,98463,8,702,0
21.694678783416748,359684,1231324,1274276,1242250,102803,0,692,0
21.694678783416748,359691,487116,529876,498068,12460,0,677,0
21.694678783416748,359698,494748,537336,505647,17018,0,677,0
21.7199809551239,359676,1764244,1807372,1775239,100679,8,703,0
21.7199809551239,359684,1239880,1282596,1250806,104939,0,692,0
21.7199809551239,359691,487116,529876,498068,12460,0,677,0
21.7199809551239,359698,494748,537336,505647,17018,0,677,0
21.745505809783936,359676,1769052,1812236,1780047,101883,8,703,0
21.745505809783936,359684,1244620,1287460,1255546,106155,0,692,0
21.745505809783936,359691,487116,529876,498068,12460,0,677,0
21.745505809783936,359698,494748,537336,505647,17018,0,677,0
21.77289390563965,359676,1777644,1820812,1788639,103979,8,703,0
21.77289390563965,359684,1253432,1296292,1264358,108360,0,692,0
21.77289390563965,359691,490188,533204,501140,13184,0,677,0
21.77289390563965,359698,494748,537336,505647,17018,0,677,0
21.799170970916748,359676,1785676,1829132,1797063,106154,8,703,0
21.799170970916748,359684,1260072,1303076,1271362,110408,0,692,0
21.799170970916748,359691,495524,538452,506476,14508,0,677,0
21.799170970916748,359698,494748,537336,505647,17018,0,677,0
21.826647996902466,359676,1793600,1836684,1804595,108027,8,704,0
21.826647996902466,359684,1266840,1309988,1278058,111944,0,692,0
21.826647996902466,359691,504172,547156,515124,16669,0,677,0
21.826647996902466,359698,494748,537336,505647,17018,0,677,0
21.853877782821655,359676,1802428,1845516,1813423,110183,8,704,0
21.853877782821655,359684,1276064,1318948,1286990,114033,0,693,0
21.853877782821655,359691,511692,554452,522644,18604,0,677,0
21.853877782821655,359698,494748,537336,505647,17018,0,677,0
21.880854845046997,359676,1809460,1852684,1820455,111964,8,704,0
21.880854845046997,359684,1285012,1327908,1295938,116227,0,693,0
21.880854845046997,359691,520164,563156,531116,20653,0,678,0
21.880854845046997,359698,494748,537336,505647,17018,0,677,0
21.908386945724487,359676,1818920,1862028,1829915,114269,8,704,0
21.908386945724487,359684,1295236,1337932,1306178,118539,0,693,0
21.908386945724487,359691,528076,570856,539028,22189,0,678,0
21.908386945724487,359698,494748,537336,505647,17018,0,677,0
21.936253786087036,359676,1823312,1866252,1834307,115344,8,704,0
21.936253786087036,359684,1300756,1343692,1311682,119625,0,693,0
21.936253786087036,359691,534220,577000,545172,23178,0,678,0
21.936253786087036,359698,494748,537336,505647,17018,0,677,0
21.964269876480103,359676,1832568,1875724,1843563,117730,8,704,0
21.964269876480103,359684,1309588,1352396,1320514,121873,0,694,0
21.964269876480103,359691,542416,585320,553368,25217,0,678,0
21.964269876480103,359698,494748,537336,505647,17018,0,677,0
21.992055892944336,359676,1841744,1884684,1852739,120027,8,704,0
21.992055892944336,359684,1319828,1362508,1330754,124208,0,694,0
21.992055892944336,359691,552652,595432,563604,27311,0,678,0
21.992055892944336,359698,494748,537336,505647,17018,0,677,0
22.02120590209961,359676,1849384,1892492,1860379,121354,8,704,0
22.02120590209961,359684,1321876,1364556,1332802,124746,0,694,0
22.02120590209961,359691,559988,602984,570940,29054,0,678,0
22.02120590209961,359698,494748,537336,505647,17018,0,677,0
22.048892974853516,359676,1858612,1901708,1869607,123684,8,704,0
22.048892974853516,359684,1330068,1372876,1340994,126591,0,694,0
22.048892974853516,359691,568208,611176,579160,31106,0,678,0
22.048892974853516,359698,494748,537336,505647,17018,0,677,0
22.07696795463562,359676,1866668,1911180,1877663,125986,8,705,0
22.07696795463562,359684,1339500,1382348,1350426,128837,0,694,0
22.07696795463562,359691,577228,620008,588180,33363,0,678,0
22.07696795463562,359698,494748,537336,505647,17018,0,677,0
22.104806900024414,359676,1874244,1917452,1885507,127998,8,705,0
22.104806900024414,359684,1347352,1390284,1358362,130890,0,694,0
22.104806900024414,359691,584568,627688,595712,34752,0,679,0
22.104806900024414,359698,494748,537336,505647,17018,0,677,0
22.135090827941895,359676,1878780,1923340,1889775,129023,8,705,0
22.135090827941895,359684,1354644,1397324,1365570,132910,0,694,0
22.135090827941895,359691,589516,632296,600468,36016,0,679,0
22.135090827941895,359698,494748,537336,505647,17018,0,677,0
22.16413378715515,359676,1885880,1930252,1896875,130795,8,705,0
22.16413378715515,359684,1362948,1405900,1373874,134620,0,694,0
22.16413378715515,359691,598020,641000,608972,38064,0,679,0
22.16413378715515,359698,494748,537336,505647,17018,0,677,0
22.192482948303223,359676,1894596,1938956,1905591,132973,8,706,0
22.192482948303223,359684,1370992,1413708,1381954,137034,0,695,0
22.192482948303223,359691,605900,648808,616852,40112,0,679,0
22.192482948303223,359698,494748,537336,505647,17018,0,677,0
22.222107887268066,359676,1903184,1947532,1914179,135128,8,706,0
22.222107887268066,359684,1380148,1423052,1391074,138971,0,695,0
22.222107887268066,359691,615112,658024,626064,42293,0,680,0
22.222107887268066,359698,494748,537336,505647,17018,0,677,0
22.2510027885437,359676,1912728,1956364,1923723,137506,8,706,0
22.2510027885437,359684,1387288,1430092,1398338,141130,0,695,0
22.2510027885437,359691,623016,666216,633968,44247,0,680,0
22.2510027885437,359698,494748,537336,505647,17018,0,677,0
22.283692836761475,359676,1920240,1964556,1931235,139383,8,706,0
22.283692836761475,359684,1397300,1440076,1408226,143201,0,695,0
22.283692836761475,359691,633224,676200,644176,46819,0,680,0
22.283692836761475,359698,494748,537336,505647,17018,0,677,0
22.312739849090576,359676,1929604,1972748,1940807,141824,8,706,0
22.312739849090576,359684,1405536,1448396,1416462,145226,0,696,0
22.312739849090576,359691,641020,684008,651972,48816,0,680,0
22.312739849090576,359698,494748,537336,505647,17018,0,677,0
22.3440899848938,359676,1938152,1982860,1949147,143872,8,706,0
22.3440899848938,359684,1415432,1458380,1426358,147769,0,696,0
22.3440899848938,359691,650428,693352,661380,51108,0,680,0
22.3440899848938,359698,494748,537336,505647,17018,0,677,0
22.373560905456543,359676,1945548,1989132,1957191,145920,8,706,0
22.373560905456543,359684,1422220,1465036,1433146,149322,0,696,0
22.373560905456543,359691,660596,703720,671548,53560,0,680,0
22.373560905456543,359698,494748,537336,505647,17018,0,677,0
22.412572860717773,359676,1957020,2002444,1968015,148552,8,707,0
22.412572860717773,359684,1434476,1479244,1445442,152632,0,696,0
22.412572860717773,359691,669356,712168,680340,55984,0,680,0
22.412572860717773,359698,503056,545676,513955,18584,0,677,0
22.457117795944214,359676,1967712,2013068,1978707,151231,8,707,0
22.457117795944214,359684,1446456,1489484,1457382,154730,0,696,0
22.457117795944214,359691,675852,718952,686804,57429,0,680,0
22.457117795944214,359698,506776,549516,517675,19458,0,677,0
22.50070595741272,359676,1982504,2026252,1993499,154816,8,707,0
22.50070595741272,359684,1461140,1503820,1472066,158269,0,696,0
22.50070595741272,359691,687692,730600,698772,60592,0,681,0
22.50070595741272,359698,513228,555916,524195,21144,0,677,0
22.545349836349487,359676,1985832,2029964,1996859,155769,8,707,0
22.545349836349487,359684,1468304,1511372,1479230,159404,0,697,0
22.545349836349487,359691,698060,740968,709012,62936,0,681,0
22.545349836349487,359698,526020,568972,536919,23194,0,678,0
22.589473009109497,359676,1992408,2036236,2003403,157380,8,708,0
22.589473009109497,359684,1482116,1525068,1493042,162661,0,697,0
22.589473009109497,359691,711564,754664,722516,66266,0,682,0
22.589473009109497,359698,539916,582540,550815,26648,0,678,0
22.63407301902771,359676,1998620,2043788,2009615,158844,8,708,0
22.63407301902771,359684,1489972,1532876,1500898,164610,0,697,0
22.63407301902771,359691,719008,762088,729960,68273,0,682,0
22.63407301902771,359698,546064,588812,556963,28209,0,678,0
22.68028497695923,359676,2009684,2054672,2020679,161792,8,708,0
22.68028497695923,359684,1498852,1542732,1510978,167246,0,698,0
22.68028497695923,359691,731720,774824,742672,69827,0,682,0
22.68028497695923,359698,556304,598924,567203,29341,0,678,0
22.72759699821472,359676,2018296,2063248,2029291,162818,8,708,0
22.72759699821472,359684,1512696,1555660,1523622,169787,0,698,0
22.72759699821472,359691,745228,788264,756180,72686,0,682,0
22.72759699821472,359698,561452,604172,572351,30548,0,678,0
22.7729709148407,359676,2032532,2077584,2043527,166377,8,708,0
22.7729709148407,359684,1527108,1570124,1538034,173391,0,698,0
22.7729709148407,359691,759252,802344,770204,76141,0,682,0
22.7729709148407,359698,569360,612108,580263,32531,0,678,0
22.819146871566772,359676,2040216,2084112,2051399,168450,8,708,0
22.819146871566772,359684,1536368,1579344,1547294,175121,0,698,0
22.819146871566772,359691,763904,806952,774856,77398,0,682,0
22.819146871566772,359698,575948,618764,586847,33651,0,678,0
22.867506980895996,359676,2051096,2096144,2062091,171010,8,708,0
22.867506980895996,359684,1551128,1593936,1562054,178814,0,698,0
22.867506980895996,359691,777996,822824,788948,80920,0,683,0
22.867506980895996,359698,582872,625548,593827,35486,0,679,0
22.91555094718933,359676,2060884,2104720,2071879,172548,8,709,0
22.91555094718933,359684,1561496,1604176,1572422,179755,0,698,0
22.91555094718933,359691,794380,837160,805332,81100,0,683,0
22.91555094718933,359698,589072,631692,599971,35489,0,679,0
22.964898824691772,359676,2070108,2115344,2081103,174173,8,709,0
22.964898824691772,359684,1572868,1615824,1583794,182212,0,699,0
22.964898824691772,359691,805052,848168,816004,83660,0,683,0
22.964898824691772,359698,595892,638604,606791,37100,0,679,0
23.012476921081543,359676,2084528,2129808,2095523,177776,8,709,0
23.012476921081543,359684,1587684,1630544,1598618,185940,0,699,0
23.012476921081543,359691,816780,861736,827860,86732,0,684,0
23.012476921081543,359698,603392,646028,614307,39073,0,679,0
23.061864852905273,359676,2089436,2134672,2100551,179206,8,710,0
23.061864852905273,359684,1590168,1632848,1601094,187063,0,699,0
23.061864852905273,359691,823052,865832,834004,87757,0,684,0
23.061864852905273,359698,607504,650380,618403,40097,0,679,0
23.112234830856323,359676,2101536,2146448,2112531,181413,8,710,0
23.112234830856323,359684,1597412,1640272,1608338,188668,0,700,0
23.112234830856323,359691,836696,879656,847648,90829,0,684,0
23.112234830856323,359698,623888,666508,634787,43681,0,680,0
23.161269903182983,359676,2112036,2155024,2123079,183305,8,710,0
23.161269903182983,359684,1608600,1651280,1619526,189271,0,700,0
23.161269903182983,359691,849676,894504,860628,91347,0,684,0
23.161269903182983,359698,632080,676748,642979,43686,0,680,0
23.21238684654236,359676,2126232,2170640,2137415,183312,8,710,0
23.21238684654236,359684,1618816,1661520,1629742,189310,0,700,0
23.21238684654236,359691,862608,905640,873560,91865,0,684,0
23.21238684654236,359698,647420,690316,658319,44252,0,680,0
23.263033866882324,359676,2136796,2181648,2147791,185701,8,710,0
23.263033866882324,359684,1632356,1675344,1643282,191901,0,700,0
23.263033866882324,359691,876840,919976,887792,95253,0,685,0
23.263033866882324,359698,656208,698892,667107,46533,0,680,0
23.31257200241089,359676,2153044,2198032,2164039,189457,8,711,0
23.31257200241089,359684,1647140,1690192,1658438,195423,0,700,0
23.31257200241089,359691,894732,937512,905684,97501,0,685,0
23.31257200241089,359698,664848,707468,675747,47790,0,680,0
23.364612817764282,359676,2163284,2206224,2174279,189462,8,711,0
23.364612817764282,359684,1653516,1696336,1664458,195426,0,700,0
23.364612817764282,359691,904560,947624,915512,98017,0,685,0
23.364612817764282,359698,671532,714252,682431,48339,0,680,0
23.418497800827026,359676,2175756,2220816,2186751,192331,8,711,0
23.418497800827026,359684,1669340,1712336,1680266,199093,0,701,0
23.418497800827026,359691,919308,962088,930260,101773,0,686,0
23.418497800827026,359698,679216,721804,690115,50270,0,681,0
23.469620943069458,359676,2187456,2230800,2198855,195606,8,712,0
23.469620943069458,359684,1676868,1720016,1687910,201570,0,701,0
23.469620943069458,359691,929020,971944,939972,103274,0,686,0
23.469620943069458,359698,684964,727948,695863,51563,0,681,0
23.526274919509888,359676,2195360,2240400,2206355,197175,8,712,0
23.526274919509888,359684,1682904,1725648,1693830,202986,0,701,0
23.526274919509888,359691,942060,985128,953012,106420,0,686,0
23.526274919509888,359698,697264,740236,708163,54620,0,681,0
23.578651905059814,359676,2204000,2247184,2215239,199702,8,712,0
23.578651905059814,359684,1688252,1731152,1699342,204206,0,701,0
23.578651905059814,359691,951940,994856,963028,108772,0,686,0
23.578651905059814,359698,703792,746380,714691,56506,0,681,0
23.636210918426514,359676,2207448,2252688,2218443,200214,8,712,0
23.636210918426514,359684,1691908,1736272,1702834,205465,0,701,0
23.636210918426514,359691,953772,996776,964724,108773,0,686,0
23.636210918426514,359698,716080,758796,726979,59348,0,682,0
23.689198970794678,359676,2220604,2263568,2231623,203798,8,712,0
23.689198970794678,359684,1706536,1749584,1717830,207717,0,702,0
23.689198970794678,359691,962096,1005096,973268,110310,0,686,0
23.689198970794678,359698,723808,767148,735171,60605,0,682,0
23.745598793029785,359676,2220632,2264208,2231627,203799,8,712,0
23.745598793029785,359684,1711752,1756112,1722678,208892,0,702,0
23.745598793029785,359691,974268,1017384,985220,112870,0,687,0
23.745598793029785,359698,737220,780204,748119,63662,0,682,0
23.798622846603394,359676,2234884,2277904,2245959,207202,8,712,0
23.798622846603394,359684,1719016,1761872,1730118,210789,0,702,0
23.798622846603394,359691,988940,1031720,999892,115432,0,687,0
23.798622846603394,359698,746800,789420,757699,65215,0,682,0
23.8561007976532,359676,2243504,2288528,2254499,207386,8,712,0
23.8561007976532,359684,1721652,1765712,1732578,210893,0,702,0
23.8561007976532,359691,1002296,1045416,1013248,117888,0,687,0
23.8561007976532,359698,761500,804396,772399,68160,0,682,0
23.90938091278076,359676,2257280,2302480,2268487,210970,8,713,0
23.90938091278076,359684,1731444,1775568,1742406,212328,0,702,0
23.90938091278076,359691,1007356,1050152,1018324,119530,0,688,0
23.90938091278076,359698,765432,809900,778179,69824,0,682,0
23.9687979221344,359676,2267412,2311824,2278407,212641,8,713,0
23.9687979221344,359684,1738120,1782608,1749046,213955,0,702,0
23.9687979221344,359691,1021304,1064360,1032256,122579,0,688,0
23.9687979221344,359698,782656,825516,793559,73408,0,683,0
24.02427101135254,359676,2271596,2314768,2282823,214043,8,713,0
24.02427101135254,359684,1741360,1784400,1752646,214888,0,702,0
24.02427101135254,359691,1033496,1076520,1044448,123630,0,688,0
24.02427101135254,359698,789788,832428,800687,74244,0,683,0
24.084486961364746,359676,2283308,2328336,2294303,216603,8,714,0
24.084486961364746,359684,1754796,1800528,1765722,218087,0,702,0
24.084486961364746,359691,1049212,1092264,1060164,127522,0,688,0
24.084486961364746,359698,798360,840876,809259,76482,0,683,0
24.139227867126465,359676,2298452,2341392,2309447,220187,8,714,0
24.139227867126465,359684,1766276,1808976,1777222,221032,0,703,0
24.139227867126465,359691,1066708,1109544,1077716,129267,0,688,0
24.139227867126465,359698,802044,844716,813035,77516,0,683,0
24.20169687271118,359676,2308692,2353680,2319687,221186,8,714,0
24.20169687271118,359684,1776536,1821264,1787462,222059,0,703,0
24.20169687271118,359691,1082408,1125416,1093360,131198,0,689,0
24.20169687271118,359698,808536,851284,819435,78532,0,683,0
24.261387825012207,359676,2324492,2369808,2335487,224288,8,714,0
24.261387825012207,359684,1792540,1838416,1803466,225990,0,704,0
24.261387825012207,359691,1099472,1142312,1110424,135415,0,689,0
24.261387825012207,359698,818520,861140,829419,80957,0,684,0
24.318187952041626,359676,2337064,2380304,2348359,227872,8,714,0
24.318187952041626,359684,1805968,1851216,1817186,229448,0,704,0
24.318187952041626,359691,1103448,1146408,1114580,136951,0,689,0
24.318187952041626,359698,822616,865236,833515,81614,0,684,0
24.380298852920532,359676,2341988,2387344,2352983,228709,8,714,0
24.380298852920532,359684,1814144,1860304,1825070,231394,0,704,0
24.380298852920532,359691,1118664,1161768,1129616,140197,0,690,0
24.380298852920532,359698,829520,872276,840419,83150,0,684,0
24.438535928726196,359676,2353232,2396688,2364743,231968,8,715,0
24.438535928726196,359684,1821308,1864272,1832518,233323,0,704,0
24.438535928726196,359691,1127724,1170984,1138996,142535,0,690,0
24.438535928726196,359698,832764,875476,843663,83758,0,684,0
24.500770807266235,359676,2364636,2409616,2375631,234217,8,715,0
24.500770807266235,359684,1834404,1880656,1845330,236384,0,704,0
24.500770807266235,359691,1136396,1179176,1147348,145143,0,690,0
24.500770807266235,359698,844588,887764,856043,86224,0,684,0
24.56258201599121,359676,2372172,2417168,2383175,235554,8,715,0
24.56258201599121,359684,1843124,1888848,1854050,237488,0,704,0
24.56258201599121,359691,1146380,1189416,1157332,147370,0,690,0
24.56258201599121,359698,853064,895828,863963,87971,0,684,0
24.622179985046387,359676,2386516,2430608,2397511,238880,8,716,0
24.622179985046387,359684,1861824,1907280,1872750,242165,0,705,0
24.622179985046387,359691,1165104,1207920,1176092,151639,0,690,0
24.622179985046387,359698,871624,914388,882667,91857,0,684,0
24.684201955795288,359676,2400836,2443792,2411847,240166,8,716,0
24.684201955795288,359684,1868612,1911376,1879622,243055,0,705,0
24.684201955795288,359691,1174488,1217648,1185440,151822,0,691,0
24.684201955795288,359698,880108,922836,891007,92375,0,685,0
24.746802806854248,359676,2416052,2460816,2427047,242469,8,716,0
24.746802806854248,359684,1884728,1930704,1895654,246358,0,705,0
24.746802806854248,359691,1192724,1235824,1203676,156086,0,691,0
24.746802806854248,359698,891404,934228,902303,94994,0,685,0
24.80837893486023,359676,2429396,2474512,2440519,246313,8,716,0
24.80837893486023,359684,1899356,1946192,1910342,249713,0,706,0
24.80837893486023,359691,1208148,1250928,1219100,157969,0,692,0
24.80837893486023,359698,900440,943060,911339,95962,0,685,0
24.874329805374146,359676,2449956,2492944,2460999,246323,8,717,0
24.874329805374146,359684,1915668,1958480,1926726,249721,0,706,0
24.874329805374146,359691,1216428,1259888,1227756,157975,0,692,0
24.874329805374146,359698,908088,950868,918987,96602,0,686,0
24.939818859100342,359676,2461600,2506768,2472595,248759,8,717,0
24.939818859100342,359684,1930136,1976272,1941062,253150,0,706,0
24.939818859100342,359691,1234772,1277552,1245724,162236,0,692,0
24.939818859100342,359698,918248,961364,929491,99264,0,686,0
25.0031099319458,359676,2474580,2521616,2485575,251444,8,717,0
25.0031099319458,359684,1938328,1983056,1949254,254841,0,706,0
25.0031099319458,359691,1248628,1291888,1260060,162589,0,692,0
25.0031099319458,359698,929280,972116,940275,99553,0,686,0
25.069698810577393,359676,2489092,2534032,2500087,252983,8,718,0
25.069698810577393,359684,1952664,1998416,1963590,257651,0,706,0
25.069698810577393,359691,1263992,1307120,1274944,165685,0,692,0
25.069698810577393,359698,941400,984020,952299,101602,0,686,0
25.132200956344604,359676,2511444,2558480,2522439,256060,8,718,0
25.132200956344604,359684,1977240,2024016,1988166,259970,0,707,0
25.132200956344604,359691,1290068,1332848,1301020,167209,0,693,0
25.132200956344604,359698,955736,998356,966635,101610,0,686,0
25.19947600364685,359676,2537672,2585104,2549063,256074,8,718,0
25.19947600364685,359684,1993188,2040400,2004114,260087,0,708,0
25.19947600364685,359691,1316692,1359472,1327644,167222,0,694,0
25.19947600364685,359698,970104,1012724,981003,102136,0,686,0
25.263784885406494,359676,2560596,2605584,2571591,256086,8,719,0
25.263784885406494,359684,2016152,2062928,2027078,260501,0,708,0
25.263784885406494,359691,1345364,1388144,1356316,167236,0,694,0
25.263784885406494,359698,996728,1041396,1007627,102148,0,687,0
25.326900959014893,359676,2583124,2628112,2594119,256095,8,720,0
25.326900959014893,359684,2046872,2093648,2057798,260515,0,708,0
25.326900959014893,359691,1369940,1414768,1380892,167249,0,695,0
25.326900959014893,359698,1013112,1055732,1024011,102157,0,688,0
25.390516996383667,359676,2609748,2656784,2620743,256109,8,720,0
25.390516996383667,359684,2073496,2122320,2084422,260529,0,709,0
25.390516996383667,359691,1400660,1443440,1411612,167263,0,696,0
25.390516996383667,359698,1029496,1072116,1040395,102164,0,688,0
25.454067945480347,359676,2640468,2685456,2651463,256123,8,720,0
25.454067945480347,359684,2102168,2148944,2113094,260542,0,710,0
25.454067945480347,359691,1425236,1470064,1436188,167276,0,696,0
25.454067945480347,359698,1043832,1086452,1054731,102172,0,688,0
25.517828941345215,359676,2667092,2712080,2678087,256136,8,721,0
25.517828941345215,359684,2130840,2177616,2141766,260556,0,710,0
25.517828941345215,359691,1453908,1496688,1464860,167289,0,696,0
25.517828941345215,359698,1060216,1102836,1071115,102179,0,688,0
25.58138680458069,359676,2691668,2734608,2702663,256149,8,722,0
25.58138680458069,359684,2159512,2206288,2170438,260570,0,711,0
25.58138680458069,359691,1480532,1523312,1491484,167303,0,697,0
25.58138680458069,359698,1084792,1129460,1095691,102659,0,689,0
25.645204782485962,359676,2712148,2757136,2723143,256158,8,722,0
25.645204782485962,359684,2186136,2234960,2197062,260584,0,712,0
25.645204782485962,359691,1503060,1545840,1514012,167315,0,698,0
25.645204782485962,359698,1101176,1143796,1112075,102710,0,689,0
25.7096529006958,359676,2738772,2783760,2749767,256172,8,722,0
25.7096529006958,359684,2212760,2259536,2223686,261107,0,712,0
25.7096529006958,359691,1531732,1574512,1542684,167327,0,698,0
25.7096529006958,359698,1115512,1158132,1126411,102718,0,690,0
25.773420810699463,359676,2761300,2806288,2772295,256184,8,723,0
25.773420810699463,359684,2241432,2288208,2252358,261121,0,712,0
25.773420810699463,359691,1560404,1603184,1571356,167341,0,698,0
25.773420810699463,359698,1142136,1186804,1153035,102730,0,690,0
25.83708381652832,359676,2783828,2830864,2794823,256193,8,724,0
25.83708381652832,359684,2270104,2316880,2281030,261135,0,713,0
25.83708381652832,359691,1582932,1629808,1593884,167354,0,699,0
25.83708381652832,359698,1158520,1201140,1169419,102739,0,690,0
25.90119695663452,359676,2808404,2853392,2819399,256206,8,724,0
25.90119695663452,359684,2296728,2343504,2307654,261148,0,714,0
25.90119695663452,359691,1611604,1658480,1622556,167368,0,700,0
25.90119695663452,359698,1187192,1229812,1198091,102752,0,691,0
25.964977979660034,359676,2828884,2873872,2839879,256215,8,724,0
25.964977979660034,359684,2325400,2372176,2336326,261162,0,714,0
25.964977979660034,359691,1640276,1687152,1651228,167382,0,700,0
25.964977979660034,359698,1203576,1246196,1214475,102760,0,692,0
26.02878999710083,359676,2857556,2902544,2868551,256229,8,725,0
26.02878999710083,359684,2354072,2402896,2364998,261176,0,715,0
26.02878999710083,359691,1664852,1711728,1675804,167394,0,701,0
26.02878999710083,359698,1217916,1260536,1228815,102768,0,692,0
26.093154907226562,359676,2886228,2931216,2897223,256243,8,726,0
26.093154907226562,359684,2382744,2429520,2393670,261190,0,716,0
26.093154907226562,359691,1691476,1734256,1702428,167407,0,701,0
26.093154907226562,359698,1231292,1274104,1242191,102775,0,692,0
26.15877389907837,359676,2905976,2951056,2916971,258596,8,726,0
26.15877389907837,359684,2403224,2449232,2414150,264482,0,716,0
26.15877389907837,359691,1707248,1751408,1718200,171322,0,702,0
26.15877389907837,359698,1243324,1286008,1254223,105830,0,692,0
26.22548484802246,359676,2921040,2966032,2932039,261883,8,726,0
26.22548484802246,359684,2427800,2474576,2438726,267855,0,716,0
26.22548484802246,359691,1730420,1775248,1741372,173055,0,702,0
26.22548484802246,359698,1260892,1303544,1271823,106877,0,692,0
26.291943788528442,359676,2933208,2976400,2944327,261889,8,726,0
26.291943788528442,359684,2450316,2493008,2461254,268132,0,717,0
26.291943788528442,359691,1740568,1783440,1751612,173573,0,702,0
26.291943788528442,359698,1269108,1311736,1280015,107393,0,693,0
26.362442016601562,359676,2937828,2982160,2948823,262727,8,726,0
26.362442016601562,359684,2457976,2504016,2468902,270081,0,717,0
26.362442016601562,359691,1751816,1797136,1762768,176272,0,702,0
26.362442016601562,359698,1277280,1319928,1288207,109307,0,693,0
26.429643869400024,359676,2949652,2992656,2960711,265175,8,727,0
26.429643869400024,359684,2474904,2517584,2485830,272989,0,717,0
26.429643869400024,359691,1761624,1807248,1772576,177196,0,703,0
26.429643869400024,359698,1279356,1321976,1290255,111312,0,693,0
26.501014947891235,359676,2957940,3003152,2968935,267013,8,727,0
26.501014947891235,359684,2487068,2532944,2497994,275662,0,718,0
26.501014947891235,359691,1771744,1816208,1782708,179761,0,703,0
26.501014947891235,359698,1295740,1338360,1306639,115074,0,693,0
26.569628953933716,359676,2970184,3014544,2981199,270270,8,727,0
26.569628953933716,359684,2497432,2540112,2508358,278542,0,718,0
26.569628953933716,359691,1777524,1820304,1788476,181256,0,703,0
26.569628953933716,359698,1304824,1347704,1315723,116342,0,694,0
26.639292001724243,359676,2978676,3023120,2989671,272415,8,728,0
26.639292001724243,359684,2511708,2554448,2522694,281952,0,718,0
26.639292001724243,359691,1791676,1834640,1802812,184840,0,703,0
26.639292001724243,359698,1316300,1359224,1327199,119684,0,694,0
26.70923089981079,359676,2983236,3027472,2994231,273671,8,728,0
26.70923089981079,359684,2522984,2568912,2533910,284190,0,718,0
26.70923089981079,359691,1802432,1847440,1813384,187400,0,704,0
26.70923089981079,359698,1329288,1372280,1340187,122446,0,694,0
26.77875590324402,359676,2990596,3033616,3001671,275720,8,728,0
26.77875590324402,359684,2535668,2581072,2546594,286815,0,718,0
26.77875590324402,359691,1812340,1855120,1823292,189960,0,704,0
26.77875590324402,359698,1340796,1383800,1351695,125316,0,694,0
26.84903597831726,359676,3004080,3047952,3015075,278693,8,728,0
26.84903597831726,359684,2552264,2595408,2563654,291399,0,719,0
26.84903597831726,359691,1824588,1867408,1835580,193032,0,704,0
26.84903597831726,359698,1353464,1396472,1364487,128900,0,694,0
26.922748804092407,359676,3013204,3057168,3024199,280583,8,728,0
26.922748804092407,359684,2562968,2607184,2573894,293983,0,719,0
26.922748804092407,359691,1834828,1880464,1845780,195507,0,704,0
26.922748804092407,359698,1372136,1415032,1383035,133097,0,695,0
26.99270987510681,359676,3022680,3066384,3034439,283404,8,728,0
26.99270987510681,359684,2577104,2619984,2588230,297567,0,719,0
26.99270987510681,359691,1845548,1890192,1856564,198224,0,704,0
26.99270987510681,359698,1380212,1423096,1391111,135114,0,695,0
27.065703868865967,359676,3034196,3078672,3045191,285452,8,728,0
27.065703868865967,359684,2591188,2634320,2602566,301151,0,720,0
27.065703868865967,359691,1858200,1902352,1869288,201352,0,705,0
27.065703868865967,359698,1389948,1432568,1400847,138116,0,695,0
27.142464876174927,359676,3045680,3089680,3056675,288528,8,729,0
27.142464876174927,359684,2608024,2652752,2618950,304786,0,720,0
27.142464876174927,359691,1875520,1918608,1886780,205832,0,705,0
27.142464876174927,359698,1405052,1448056,1416031,141700,0,696,0
27.217312812805176,359676,3059464,3104528,3070459,291714,8,729,0
27.217312812805176,359684,2616584,2660560,2627574,307296,0,720,0
27.217312812805176,359691,1876348,1921808,1887300,205832,0,705,0
27.217312812805176,359698,1427628,1470584,1438527,146939,0,696,0
27.291762828826904,359676,3078516,3121680,3089543,296769,8,730,0
27.291762828826904,359684,2628076,2671952,2639430,309855,0,720,0
27.291762828826904,359691,1894056,1939088,1905212,209880,0,706,0
27.291762828826904,359698,1436244,1479416,1447395,149381,0,696,0
27.37010097503662,359676,3084884,3127824,3095879,298764,8,730,0
27.37010097503662,359684,2638404,2682960,2649330,312227,0,720,0
27.37010097503662,359691,1908596,1954320,1919548,212330,0,706,0
27.37010097503662,359698,1452968,1495928,1463867,153217,0,696,0
27.44341492652893,359676,3096956,3140112,3108087,301447,8,730,0
27.44341492652893,359684,2654868,2697808,2666054,316516,0,721,0
27.44341492652893,359691,1926112,1971856,1937172,216674,0,706,0
27.44341492652893,359698,1464140,1506680,1475039,156087,0,696,0
27.523634910583496,359676,3110972,3156496,3122027,304621,8,730,0
27.523634910583496,359684,2657176,2701392,2668102,316772,0,721,0
27.523634910583496,359691,1949556,1995536,1960508,222581,0,706,0
27.523634910583496,359698,1478012,1520632,1488911,159541,0,697,0
27.599644899368286,359676,3125544,3169168,3136839,309004,8,730,0
27.599644899368286,359684,2663072,2706000,2674246,318568,0,721,0
27.599644899368286,359691,1962104,2008080,1973056,225701,0,707,0
27.599644899368286,359698,1488492,1531384,1499391,162102,0,697,0
27.6799259185791,359676,3140176,3183120,3151175,312350,8,731,0
27.6799259185791,359684,2673452,2716240,2684486,321128,0,721,0
27.6799259185791,359691,1979984,2025232,1990952,230072,0,707,0
27.6799259185791,359698,1500448,1543160,1511347,165059,0,698,0
27.760089874267578,359676,3154516,3197456,3165511,315491,8,731,0
27.760089874267578,359684,2681604,2725712,2692678,323176,0,722,0
27.760089874267578,359691,1998268,2043664,2009220,234545,0,708,0
27.760089874267578,359698,1517492,1563128,1528391,169930,0,698,0
27.839884996414185,359676,3168488,3213072,3179847,319756,8,731,0
27.839884996414185,359684,2696088,2743504,2707014,326324,0,722,0
27.839884996414185,359691,2019188,2064016,2030140,238937,0,708,0
27.839884996414185,359698,1529212,1573496,1540111,171400,0,698,0
27.92160987854004,359676,3190984,3236240,3201979,322983,8,732,0
27.92160987854004,359684,2714856,2759504,2725782,329741,0,722,0
27.92160987854004,359691,2037916,2083472,2048868,242982,0,708,0
27.92160987854004,359698,1549196,1592312,1560591,176520,0,698,0
28.00271701812744,359676,3206844,3250704,3217939,326928,8,732,0
28.00271701812744,359684,2732676,2779728,2743602,333200,0,722,0
28.00271701812744,359691,2053812,2100880,2064956,246288,0,709,0
28.00271701812744,359698,1564028,1608696,1574927,178571,0,699,0
28.085251808166504,359676,3215956,3263888,3226951,327956,8,732,0
28.085251808166504,359684,2753984,2798416,2764910,334841,0,723,0
28.085251808166504,359691,2080096,2125584,2091048,247838,0,709,0
28.085251808166504,359698,1589028,1635064,1599927,181175,0,699,0
28.16659379005432,359676,3240764,3285520,3251971,333095,8,733,0
28.16659379005432,359684,2765440,2808400,2776646,338036,0,723,0
28.16659379005432,359691,2094860,2137744,2105916,251929,0,710,0
28.16659379005432,359698,1609560,1655800,1620471,186318,0,700,0
28.251986980438232,359676,3253292,3299472,3264343,335712,8,733,0
28.251986980438232,359684,2775876,2821456,2786802,339062,0,724,0
28.251986980438232,359691,2109348,2154640,2120300,254112,0,710,0
28.251986980438232,359698,1634604,1680248,1645503,189904,0,700,0
28.335883855819702,359676,3270888,3318288,3281883,340053,8,734,0
28.335883855819702,359684,2794344,2837072,2805318,344072,0,724,0
28.335883855819702,359691,2127564,2170512,2138684,259099,0,710,0
28.335883855819702,359698,1651764,1697144,1662763,194227,0,700,0
28.422797918319702,359676,3284680,3330576,3295675,343533,8,734,0
28.422797918319702,359684,2811424,2857552,2822350,347806,0,724,0
28.422797918319702,359691,2138316,2182800,2149268,261370,0,710,0
28.422797918319702,359698,1676640,1719288,1687567,200578,0,701,0
28.509907960891724,359676,3293700,3336720,3304775,345880,8,734,0
28.509907960891724,359684,2830544,2877136,2841902,352718,0,724,0
28.509907960891724,359691,2157076,2202768,2168100,266011,0,711,0
28.509907960891724,359698,1676572,1719928,1687567,200599,0,701,0
28.600753784179688,359676,3306324,3355152,3317319,346910,8,734,0
28.600753784179688,359684,2845948,2890704,2856874,356307,0,725,0
28.600753784179688,359691,2183028,2228752,2193980,270936,0,711,0
28.600753784179688,359698,1702396,1747960,1713295,205828,0,702,0
28.686872959136963,359676,3325996,3369488,3337543,352030,8,734,0
28.686872959136963,359684,2857880,2902608,2868806,358519,0,725,0
28.686872959136963,359691,2199220,2245008,2210172,275004,0,712,0
28.686872959136963,359698,1712264,1756152,1723163,208377,0,702,0
28.779320001602173,359676,3338396,3383696,3349831,355102,8,735,0
28.779320001602173,359684,2874264,2918992,2885190,362596,0,726,0
28.779320001602173,359691,2213280,2258832,2224232,278500,0,712,0
28.779320001602173,359698,1721528,1764344,1732427,210691,0,702,0
28.8699369430542,359676,3354220,3400464,3365215,358915,8,735,0
28.8699369430542,359684,2898720,2943312,2909646,368759,0,726,0
28.8699369430542,359691,2230112,2272912,2241084,283168,0,712,0
28.8699369430542,359698,1739732,1785464,1750631,215167,0,702,0
28.959250926971436,359676,3361180,3404304,3372359,360734,8,735,0
28.959250926971436,359684,2921444,2966096,2932966,374512,0,726,0
28.959250926971436,359691,2244244,2287248,2255420,286753,0,712,0
28.959250926971436,359698,1754232,1797112,1765391,219036,0,702,0
29.055136919021606,359676,3360632,3404304,3372359,360735,8,735,0
29.055136919021606,359684,2925696,2970192,2936890,375927,0,726,0
29.055136919021606,359691,2248564,2291600,2259516,287777,0,712,0
29.055136919021606,359698,1766780,1812344,1777679,220261,0,703,0
29.152148008346558,359676,3375120,3424144,3386115,364098,8,736,0
29.152148008346558,359684,2945900,2988624,2956870,381215,0,727,0
29.152148008346558,359691,2260852,2303632,2271804,290849,0,713,0
29.152148008346558,359698,1784332,1829880,1795351,224680,0,703,0
29.245659828186035,359676,3401348,3449360,3412343,370670,8,736,0
29.245659828186035,359684,2960176,3004368,2971206,385143,0,727,0
29.245659828186035,359691,2272524,2316304,2283476,293554,0,713,0
29.245659828186035,359698,1801680,1846136,1812579,229182,0,704,0
29.35244393348694,359676,3422676,3466128,3433799,376069,8,736,0
29.35244393348694,359684,2977052,3021008,2987978,388792,0,728,0
29.35244393348694,359691,2279284,2323088,2290236,295457,0,713,0
29.35244393348694,359698,1819584,1864952,1830483,233517,0,704,0
29.447621822357178,359676,3443284,3488272,3454279,381115,8,737,0
29.447621822357178,359684,2997552,3041872,3008478,393320,0,728,0
29.447621822357178,359691,2301792,2346640,2312744,300577,0,714,0
29.447621822357178,359698,1836280,1879032,1847203,237823,0,704,0
29.54531478881836,359676,3463132,3511696,3474127,385971,8,738,0
29.54531478881836,359684,3013484,3056208,3024454,397943,0,728,0
29.54531478881836,359691,2318124,2363664,2329076,304673,0,714,0
29.54531478881836,359698,1856892,1902584,1867791,242843,0,705,0
29.641113996505737,359676,3486264,3529616,3497287,391967,8,738,0
29.641113996505737,359684,3028076,3072848,3039002,401106,0,728,0
29.641113996505737,359691,2339644,2385296,2350596,310000,0,714,0
29.641113996505737,359698,1867952,1912440,1878851,245724,0,705,0
29.737645864486694,359676,3503956,3552016,3515719,396575,8,738,0
29.737645864486694,359684,3049192,3093968,3060118,406288,0,729,0
29.737645864486694,359691,2362652,2406032,2373604,315712,0,715,0
29.737645864486694,359698,1879192,1923960,1890319,248736,0,705,0
29.836402893066406,359676,3527252,3574288,3538247,402041,8,738,0
29.836402893066406,359684,3065612,3109456,3076538,411255,0,729,0
29.836402893066406,359691,2383744,2429072,2394696,320963,0,716,0
29.836402893066406,359698,1898456,1943160,1909355,253312,0,706,0
29.93424081802368,359676,3547556,3592336,3558727,407327,8,739,0
29.93424081802368,359684,3075000,3119952,3085926,413815,0,730,0
29.93424081802368,359691,2401260,2446480,2412212,325321,0,716,0
29.93424081802368,359698,1907332,1951480,1918231,255453,0,706,0
30.034265995025635,359676,3565924,3611152,3577159,411935,8,740,0
30.034265995025635,359684,3093272,3136976,3104198,417702,0,730,0
30.034265995025635,359691,2419636,2464784,2430588,329904,0,716,0
30.034265995025635,359698,1918332,1961464,1929231,258215,0,706,0
30.137255907058716,359676,3589568,3637904,3600563,417513,8,740,0
30.137255907058716,359684,3113880,3156560,3124806,423436,0,730,0
30.137255907058716,359691,2438960,2481936,2449980,335393,0,716,0
30.137255907058716,359698,1926240,1970424,1937139,260181,0,706,0
30.24216079711914,359676,3609612,3654288,3620607,422536,8,740,0
30.24216079711914,359684,3128132,3170896,3139058,426136,0,730,0
30.24216079711914,359691,2463276,2508432,2474228,340753,0,717,0
30.24216079711914,359698,1951100,1993720,1962031,266256,0,706,0
30.3454749584198,359676,3631136,3678864,3642295,427986,8,741,0
30.3454749584198,359684,3149240,3192272,3160166,430924,0,731,0
30.3454749584198,359691,2487172,2532240,2498124,346671,0,718,0
30.3454749584198,359698,1956740,2000888,1967639,267827,0,707,0
30.44451594352722,359676,3651552,3695120,3663183,433441,8,741,0
30.44451594352722,359684,3170692,3213904,3181618,436295,0,731,0
30.44451594352722,359691,2507744,2552848,2518696,351815,0,718,0
30.44451594352722,359698,1970524,2014840,1981423,271278,0,707,0
30.550243854522705,359676,3664404,3707408,3675471,436513,8,742,0
30.550243854522705,359684,3189656,3232592,3200582,441543,0,732,0
30.550243854522705,359691,2530852,2576016,2541804,357633,0,718,0
30.550243854522705,359698,1992076,2034680,2002991,276592,0,708,0
30.659198999404907,359676,3678600,3727248,3689595,439589,8,742,0
30.659198999404907,359684,3203992,3246672,3214918,445154,0,732,0
30.659198999404907,359691,2552812,2598032,2563764,363041,0,719,0
30.659198999404907,359698,2012936,2058872,2023835,281770,0,708,0
30.764050006866455,359676,3709284,3757712,3720279,447284,8,742,0
30.764050006866455,359684,3224040,3266768,3235066,450963,0,732,0
30.764050006866455,359691,2578340,2623888,2589292,369359,0,720,0
30.764050006866455,359698,2032132,2076152,2043031,286633,0,708,0
30.870577812194824,359676,3732024,3779344,3743179,453440,8,743,0
30.870577812194824,359684,3236428,3285584,3247354,454129,0,733,0
30.870577812194824,359691,2603292,2648976,2614244,375699,0,720,0
30.870577812194824,359698,2041824,2085880,2052723,289046,0,708,0
30.978855848312378,359676,3754688,3799312,3765751,459083,8,743,0
30.978855848312378,359684,3256556,3306960,3267482,459144,0,733,0
30.978855848312378,359691,2625320,2671120,2636620,381228,0,720,0
30.978855848312378,359698,2053532,2098424,2064431,291932,0,708,0
31.09185290336609,359676,3780936,3828752,3792143,465345,8,744,0
31.09185290336609,359684,3284252,3333328,3295178,466067,0,734,0
31.09185290336609,359691,2652628,2697360,2663616,388128,0,721,0
31.09185290336609,359698,2059612,2102264,2070575,293801,0,709,0
31.200724840164185,359676,3802804,3851024,3813799,470507,8,744,0
31.200724840164185,359684,3306504,3350736,3317430,471628,0,734,0
31.200724840164185,359691,2673668,2719120,2684620,393193,0,721,0
31.200724840164185,359698,2075676,2119928,2086583,297497,0,709,0
31.31203293800354,359676,3832980,3879696,3843975,478139,8,745,0
31.31203293800354,359684,3321496,3371728,3333370,475684,0,734,0
31.31203293800354,359691,2702572,2747792,2713524,400417,0,722,0
31.31203293800354,359698,2092720,2137080,2103619,301805,0,710,0
31.424166917800903,359676,3863508,3906448,3874503,485760,8,746,0
31.424166917800903,359684,3348708,3392720,3359994,482340,0,735,0
31.424166917800903,359691,2729408,2775056,2740360,407073,0,722,0
31.424166917800903,359698,2105788,2149880,2116687,305065,0,710,0
31.539132833480835,359676,3885152,3933072,3896147,491125,8,746,0
31.539132833480835,359684,3373644,3421904,3384570,488484,0,736,0
31.539132833480835,359691,2753348,2797200,2764300,413217,0,723,0
31.539132833480835,359698,2125212,2169592,2136111,309932,0,710,0
31.655189990997314,359676,3903808,3949968,3914803,496012,8,746,0
31.655189990997314,359684,3404296,3449040,3415222,495987,0,736,0
31.655189990997314,359691,2783492,2827536,2794444,420162,0,724,0
31.655189990997314,359698,2157484,2202232,2168383,317748,0,711,0
31.77168297767639,359676,3925236,3973904,3936231,501251,8,747,0
31.77168297767639,359684,3419696,3464144,3430622,499812,0,736,0
31.77168297767639,359691,2809716,2854032,2820668,426694,0,724,0
31.77168297767639,359698,2175772,2219896,2186671,322473,0,711,0
31.893749952316284,359676,3945084,3991056,3956587,506793,8,747,0
31.893749952316284,359684,3446828,3496912,3457754,506582,0,737,0
31.893749952316284,359691,2840380,2884496,2851332,434414,0,724,0
31.893749952316284,359698,2198952,2243960,2209851,328105,0,712,0
32.01040196418762,359676,3965296,4011024,3976291,511346,8,748,0
32.01040196418762,359684,3480088,3522768,3491066,515108,0,738,0
32.01040196418762,359691,2869716,2913936,2881052,442031,0,725,0
32.01040196418762,359698,2231632,2277368,2242531,336146,0,712,0
32.1296169757843,359676,3988680,4035088,3999675,517014,8,748,0
32.1296169757843,359684,3492156,3538896,3503082,517950,0,738,0
32.1296169757843,359691,2899964,2944016,2910916,449473,0,726,0
32.1296169757843,359698,2263852,2309752,2274751,344204,0,713,0
32.24983501434326,359676,4021512,4070416,4032507,525035,8,749,0
32.24983501434326,359684,3514152,3561296,3525078,523363,0,738,0
32.24983501434326,359691,2934644,2978320,2945596,458034,0,726,0
32.24983501434326,359698,2301340,2346744,2312239,353439,0,714,0
32.37093496322632,359676,4057264,4106256,4068259,534029,8,750,0
32.37093496322632,359684,3535572,3582416,3546498,528854,0,739,0
32.37093496322632,359691,2968928,3012880,2979880,466685,0,727,0
32.37093496322632,359698,2337768,2382840,2348667,362539,0,714,0
32.49116492271423,359676,4092056,4140816,4103051,542703,8,750,0
32.49116492271423,359684,3555376,3601744,3566302,533723,0,739,0
32.49116492271423,359691,3000336,3044624,3011288,474295,0,728,0
32.49116492271423,359698,2371984,2417400,2382883,371113,0,715,0
32.61560893058777,359676,4122064,4164880,4133059,550806,8,750,0
32.61560893058777,359684,3570284,3612880,3581210,537644,0,740,0
32.61560893058777,359691,3012468,3055248,3023420,478753,0,728,0
32.61560893058777,359698,2379164,2421752,2390063,373673,0,715,0
32.79485893249512,359676,4126020,4166800,4137015,551424,8,751,0
32.79485893249512,359684,3573640,3618256,3584586,539922,0,740,0
32.79485893249512,359691,3025436,3068536,3036388,481173,0,728,0
32.79485893249512,359698,2394212,2439064,2405111,378293,0,716,0
32.922029972076416,359676,4148316,4194320,4159311,558973,10,752,0
32.922029972076416,359684,3589960,3633488,3600886,544826,0,740,0
32.922029972076416,359691,3049500,3093368,3060452,487972,2,729,0
32.922029972076416,359698,2417000,2460952,2427899,384724,6,716,0
33.04796290397644,359676,4133948,4178960,4145603,564450,10,752,0
33.04796290397644,359684,3573444,3620304,3584370,549479,0,740,0
33.04796290397644,359691,3058268,3099768,3069220,492508,2,729,0
33.04796290397644,359698,2438108,2482840,2449007,390060,6,716,0
33.178277015686035,359676,4118760,4161552,4129755,568001,10,752,0
33.178277015686035,359684,3562392,3607248,3573318,555600,6,741,0
33.178277015686035,359691,3054260,3095416,3065212,497021,2,730,0
33.178277015686035,359698,2447700,2491800,2458599,394757,6,717,0
33.30653381347656,359676,4104724,4145552,4115719,571322,10,752,0
33.30653381347656,359684,3554176,3600592,3565102,560730,6,742,0
33.30653381347656,359691,3042404,3085560,3053356,501794,2,730,0
33.30653381347656,359698,2452888,2495384,2463867,400138,6,718,0
33.43660593032837,359676,4086472,4131984,4097603,574413,10,752,0
33.43660593032837,359684,3544124,3590352,3555126,564833,6,742,0
33.43660593032837,359691,3040104,3081976,3051256,505890,2,730,0
33.43660593032837,359698,2459948,2502552,2470847,403396,6,718,0
33.570767879486084,359676,4091172,4133136,4102227,580152,10,753,0
33.570767879486084,359684,3539984,3585488,3550910,569376,13,742,0
33.570767879486084,359691,3044124,3085304,3055076,511013,12,731,0
33.570767879486084,359698,2458460,2501016,2469359,407041,18,718,0
33.70140194892883,359676,4073608,4115216,4084603,583214,10,753,0
33.70140194892883,359684,3531576,3578064,3542502,574581,13,742,0
33.70140194892883,359691,3040984,3082616,3051936,516604,12,731,0
33.70140194892883,359698,2457940,2499096,2468839,411566,18,718,0
33.83159899711609,359676,4062180,4105360,4073175,586311,22,754,0
33.83159899711609,359684,3530028,3573456,3540954,579101,13,743,0
33.83159899711609,359691,3035360,3076984,3046312,521253,12,732,0
33.83159899711609,359698,2451636,2493976,2462535,416354,18,719,0
33.96144986152649,359676,4047080,4091664,4058559,590415,22,754,0
33.96144986152649,359684,3523528,3563856,3534454,583815,13,743,0
33.96144986152649,359691,3022760,3064696,3033712,525427,12,732,0
33.96144986152649,359698,2443928,2486808,2455207,420529,18,719,0
34.09468078613281,359676,4036040,4078992,4047035,594653,22,754,0
34.09468078613281,359684,3509188,3551696,3520114,587901,13,744,0
34.09468078613281,359691,3015964,3058808,3026916,530469,12,732,0
34.09468078613281,359698,2442744,2486808,2453643,423853,18,720,0
34.22743892669678,359676,4028280,4072592,4039275,598346,22,754,0
34.22743892669678,359684,3507800,3546832,3518726,592213,13,744,0
34.22743892669678,359691,3003908,3048312,3014860,533022,12,732,0
34.22743892669678,359698,2445824,2489752,2456723,428677,27,720,0
34.3613178730011,359676,4020716,4062352,4031835,603030,32,755,0
34.3613178730011,359684,3493808,3535312,3504734,595753,13,744,0
34.3613178730011,359691,2989516,3034488,3000468,536499,12,733,0
34.3613178730011,359698,2445800,2488472,2456699,433755,27,720,0
34.495508909225464,359676,4013612,4057616,4024607,605462,32,755,0
34.495508909225464,359684,3500848,3545040,3511774,602299,13,745,0
34.495508909225464,359691,2987888,3033592,2998840,540194,28,733,0
34.495508909225464,359698,2458668,2503320,2469567,438951,27,720,0
34.63238978385925,359676,4014556,4058384,4025631,610424,32,756,0
34.63238978385925,359684,3509024,3553104,3519950,608952,13,746,0
34.63238978385925,359691,2980876,3023992,2991828,543778,28,734,0
34.63238978385925,359698,2469144,2512536,2480127,445357,27,721,0
34.77033996582031,359676,4007544,4050448,4018539,613834,32,756,0
34.77033996582031,359684,3504072,3549520,3514998,614541,13,746,0
34.77033996582031,359691,2973708,3016184,2984660,546850,28,734,0
34.77033996582031,359698,2471204,2515480,2482103,450477,27,722,0
34.90747690200806,359676,3993316,4036496,4004563,617093,32,756,0
34.90747690200806,359684,3494800,3537104,3505726,618699,16,746,0
34.90747690200806,359691,2963592,3006200,2974544,549923,29,734,0
34.90747690200806,359698,2464772,2506520,2475671,455161,27,722,0
35.043519020080566,359676,3981556,4022800,3992555,620171,32,756,0
35.043519020080566,359684,3482240,3525328,3493166,623316,16,746,0
35.043519020080566,359691,2951608,2992376,2962560,553934,29,734,0
35.043519020080566,359698,2460200,2501784,2471299,459695,45,722,0
35.18169188499451,359676,3971160,4015632,3982155,623600,32,756,0
35.18169188499451,359684,3468664,3512144,3479590,627933,16,747,0
35.18169188499451,359691,2942164,2983288,2953116,558055,29,734,0
35.18169188499451,359698,2448284,2492056,2459183,464303,45,723,0
35.320013999938965,359676,3966780,4010896,3978171,628379,32,757,0
35.320013999938965,359684,3450136,3493072,3461062,631425,16,747,0
35.320013999938965,359691,2927160,2971896,2938112,562771,29,735,0
35.320013999938965,359698,2444152,2487192,2455143,468911,45,723,0
35.45963096618652,359676,3955376,3998096,3966371,631468,32,757,0
35.45963096618652,359684,3439996,3482064,3450922,636176,16,748,0
35.45963096618652,359691,2925100,2969336,2936060,567843,29,736,0
35.45963096618652,359698,2437508,2480152,2448407,473007,45,724,0
35.5967538356781,359676,3939088,3981584,3950087,635049,32,758,0
35.5967538356781,359684,3434888,3480656,3445814,640830,16,748,0
35.5967538356781,359691,2913832,2958840,2924784,572963,29,736,0
35.5967538356781,359698,2429380,2471960,2440279,478407,45,724,0
35.73592281341553,359676,3919444,3963152,3930439,638057,32,758,0
35.73592281341553,359684,3428180,3475536,3439106,644865,16,748,0
35.73592281341553,359691,2913928,2957304,2925060,578595,29,736,0
35.73592281341553,359698,2425000,2469528,2435899,483636,45,724,0
35.87484288215637,359676,3908720,3952656,3919715,641718,32,758,0
35.87484288215637,359684,3432704,3477584,3443630,651532,16,749,0
35.87484288215637,359691,2920452,2964472,2931428,584797,29,737,0
35.87484288215637,359698,2425552,2467480,2436451,487352,45,724,0
36.016066789627075,359676,3896636,3940880,3908147,645699,32,758,0
36.016066789627075,359684,3422748,3464912,3433678,657061,16,749,0
36.016066789627075,359691,2912332,2957048,2923284,588906,29,737,0
36.016066789627075,359698,2432768,2474008,2443695,493487,45,725,0
36.15759992599487,359676,3877144,3918608,3888139,648387,32,758,0
36.15759992599487,359684,3416160,3458384,3427086,662819,16,750,0
36.15759992599487,359691,2911328,2953720,2922280,594979,29,738,0
36.15759992599487,359698,2418560,2460696,2429459,498607,45,726,0
36.30011701583862,359676,3857412,3899792,3868407,651605,32,759,0
36.30011701583862,359684,3403112,3445712,3414050,667949,16,750,0
36.30011701583862,359691,2897192,2942584,2908224,598563,29,738,0
36.30011701583862,359698,2418612,2461464,2429511,504239,46,726,0
36.44371795654297,359676,3846940,3888912,3857995,655528,32,759,0
36.44371795654297,359684,3396792,3440080,3407906,671540,16,750,0
36.44371795654297,359691,2886312,2926968,2897264,602661,29,738,0
36.44371795654297,359698,2419204,2458520,2430127,508847,46,726,0
36.58803701400757,359676,3830240,3873296,3841235,657622,32,760,0
36.58803701400757,359684,3380944,3422288,3391870,676620,16,751,0
36.58803701400757,359691,2870236,2914936,2881200,607269,29,738,0
36.58803701400757,359698,2410496,2451736,2422147,513455,46,726,0
36.73425889015198,359676,3815236,3857040,3826231,660715,32,760,0
36.73425889015198,359684,3367304,3410896,3378230,680334,16,751,0
36.73425889015198,359691,2857424,2898296,2868376,612276,29,739,0
36.73425889015198,359698,2407848,2444824,2418831,517057,46,727,0
36.87595796585083,359676,3805168,3846800,3816163,663592,32,760,0
36.87595796585083,359684,3347904,3392080,3358830,685054,16,752,0
36.87595796585083,359691,2846816,2892152,2857976,616485,29,740,0
36.87595796585083,359698,2390688,2428184,2401587,520623,46,727,0
37.02134895324707,359676,3810244,3850512,3821303,668730,32,760,0
37.02134895324707,359684,3330888,3374160,3342062,688982,16,752,0
37.02134895324707,359691,2837960,2881784,2848912,621093,29,740,0
37.02134895324707,359698,2372392,2412056,2383291,523993,46,728,0
37.16521382331848,359676,3797488,3840912,3808499,673012,32,760,0
37.16521382331848,359684,3318768,3362896,3329962,693762,16,752,0
37.16521382331848,359691,2831816,2876536,2842768,625701,29,740,0
37.16521382331848,359698,2344012,2388888,2355699,524207,46,728,0
37.31081485748291,359676,3788172,3832720,3799167,678294,32,761,0
37.31081485748291,359684,3306120,3350608,3317058,699243,16,752,0
37.31081485748291,359691,2828676,2874616,2839640,631316,29,740,0
37.31081485748291,359698,2335536,2378392,2346435,526504,46,728,0
37.45534896850586,359676,3775192,3813520,3786679,680612,32,761,0
37.45534896850586,359684,3302592,3345616,3313706,704373,16,753,0
37.45534896850586,359691,2824604,2869112,2836416,635429,29,741,0
37.45534896850586,359698,2336248,2377624,2347147,531375,46,728,0
37.60378980636597,359676,3748404,3783312,3759399,680612,32,761,0
37.60378980636597,359684,3299452,3342672,3310390,709698,16,754,0
37.60378980636597,359691,2820416,2864760,2831368,638501,29,741,0
37.60378980636597,359698,2338264,2378136,2349163,537007,46,728,0
37.75219392776489,359676,3719044,3760272,3730039,680618,68,761,0
37.75219392776489,359684,3300484,3344720,3311830,714120,16,754,0
37.75219392776489,359691,2817548,2860152,2828500,641232,29,742,0
37.75219392776489,359698,2335660,2378008,2346559,540079,46,729,0
37.85399293899536,359676,3704740,3743376,3715735,680618,68,761,0
37.85399293899536,359684,3302648,3345232,3313574,717711,16,754,0
37.85399293899536,359691,2816972,2860024,2827924,645157,29,742,0
37.85399293899536,359698,2332968,2373784,2343867,543448,46,729,0
37.95411682128906,359676,3683716,3722384,3694711,680619,68,761,0
37.95411682128906,359684,3299044,3342160,3309978,721302,16,754,0
37.95411682128906,359691,2815288,2860152,2826260,648748,29,742,0
37.95411682128906,359698,2330172,2372888,2341071,546223,46,729,0
38.05392098426819,359676,3664976,3703440,3675971,680619,68,761,0
38.05392098426819,359684,3296912,3342800,3307854,724894,16,755,0
38.05392098426819,359691,2813316,2859384,2824360,653365,29,742,0
38.05392098426819,359698,2334308,2374936,2345207,550096,46,730,0
38.19231200218201,359676,3642084,3679632,3653079,680619,68,761,0
38.19231200218201,359684,3298276,3342288,3309202,729599,16,755,0
38.19231200218201,359691,2813436,2853880,2824388,658024,29,743,0
38.19231200218201,359698,2335412,2377880,2346379,553903,46,730,0
38.29262590408325,359676,3619740,3657360,3630735,680619,68,761,0
38.29262590408325,359684,3295608,3339472,3306534,733101,16,756,0
38.29262590408325,359691,2806940,2850808,2817892,661826,29,743,0
38.29262590408325,359698,2337840,2380056,2348747,557999,46,730,0
38.393324851989746,359676,3601304,3642896,3612299,680619,68,761,0
38.393324851989746,359684,3288584,3333328,3299510,734640,16,756,0
38.393324851989746,359691,2804828,2849272,2815780,665164,29,743,0
38.393324851989746,359698,2345612,2386840,2356511,561302,46,730,0
38.492960929870605,359676,3581016,3621264,3592011,680619,69,761,0
38.492960929870605,359684,3285980,3331024,3297534,738744,16,756,0
38.492960929870605,359691,2799672,2842744,2810624,667900,29,744,0
38.492960929870605,359698,2347592,2389656,2358491,564143,46,731,0
38.59442687034607,359676,3562996,3603472,3573991,680619,69,761,0
38.59442687034607,359684,3288504,3330768,3299762,742347,16,756,0
38.59442687034607,359691,2792256,2835064,2803408,671833,29,744,0
38.59442687034607,359698,2347580,2390040,2358479,567727,46,731,0
38.69560480117798,359676,3545248,3584272,3556243,680619,69,761,0
38.69560480117798,359684,3286944,3331664,3297870,745927,16,756,0
38.69560480117798,359691,2786644,2830072,2797596,675937,29,744,0
38.69560480117798,359698,2345560,2388632,2357063,571311,46,732,0
38.797688007354736,359676,3525964,3566096,3536959,680619,69,761,0
38.797688007354736,359684,3284892,3328464,3295834,749005,16,757,0
38.797688007354736,359691,2783476,2828792,2794428,679015,29,744,0
38.797688007354736,359698,2349072,2391320,2360099,575217,46,732,0
38.89811897277832,359676,3513648,3555984,3524643,680619,69,761,0
38.89811897277832,359684,3287512,3330640,3298514,752081,16,757,0
38.89811897277832,359691,2789644,2834808,2800612,683670,29,745,0
38.89811897277832,359698,2357964,2401688,2368863,579853,48,732,0
38.99977684020996,359676,3491124,3532944,3502119,680619,69,761,0
38.99977684020996,359684,3279516,3322448,3290442,755923,16,757,0
38.99977684020996,359691,2803080,2846328,2814088,687736,29,745,0
38.99977684020996,359698,2373456,2417304,2384355,583720,48,732,0
39.102964878082275,359676,3478932,3518864,3489927,680619,69,761,0
39.102964878082275,359684,3279816,3319888,3290742,758752,16,758,0
39.102964878082275,359691,2808884,2853496,2819836,690301,29,745,0
39.102964878082275,359698,2388556,2431640,2399455,587694,49,733,0
39.20412087440491,359676,3464468,3503376,3475463,680619,69,761,0
39.20412087440491,359684,3277716,3320624,3288642,760806,16,758,0
39.20412087440491,359691,2809628,2856620,2820580,691848,29,746,0
39.20412087440491,359698,2383512,2425880,2394411,589947,50,733,0
39.30568194389343,359676,3450316,3491088,3461311,680619,69,761,0
39.30568194389343,359684,3272404,3314096,3283330,763034,16,758,0
39.30568194389343,359691,2810024,2856748,2820976,694926,29,746,0
39.30568194389343,359698,2386624,2430104,2397523,592856,50,733,0
39.40721392631531,359676,3438312,3480336,3449307,680619,69,761,0
39.40721392631531,359684,3283100,3328688,3294026,767437,16,758,0
39.40721392631531,359691,2824392,2871756,2835344,699095,29,746,0
39.40721392631531,359698,2392036,2441412,2402999,594721,50,733,0
39.52783489227295,359676,2905108,2928616,2916103,680621,83,746,0
39.52783489227295,359684,3306324,3357464,3317250,769542,16,759,0
39.52783489227295,359691,2852540,2900492,2864080,700084,29,747,0
39.52783489227295,359698,2426664,2470084,2437815,594740,50,734,0
39.64422082901001,359676,2878824,2922384,2889911,680621,83,746,0
39.64422082901001,359684,3321196,3364524,3332394,769567,16,759,0
39.64422082901001,359691,2861028,2906656,2872300,700096,30,747,0
39.64422082901001,359698,2433044,2478276,2443959,595255,50,734,0
39.755208015441895,359676,2878916,2922384,2889911,680621,83,746,0
39.755208015441895,359684,3312888,3358920,3324262,770088,16,759,0
39.755208015441895,359691,2877700,2921280,2888712,701133,30,748,0
39.755208015441895,359698,2447804,2492612,2458795,597308,50,734,0
39.857433795928955,359676,2876572,2920336,2887863,680621,83,746,0
39.857433795928955,359684,3332032,3379912,3342958,775165,16,760,0
39.857433795928955,359691,2876604,2924480,2887556,701999,30,748,0
39.857433795928955,359698,2459856,2508612,2470755,601916,50,735,0
39.9568657875061,359676,2870724,2914192,2881719,680621,83,746,0
39.9568657875061,359684,3354872,3399976,3365834,780865,16,760,0
39.9568657875061,359691,2866136,2913360,2877088,705628,30,748,0
39.9568657875061,359698,2478932,2525380,2489831,605137,50,735,0
40.05898690223694,359676,2870724,2914192,2881719,680621,83,746,0
40.05898690223694,359684,3379524,3427624,3390450,785509,16,760,0
40.05898690223694,359691,2875912,2922424,2886864,710890,37,748,0
40.05898690223694,359698,2498720,2546756,2509795,610623,50,736,0
40.16120195388794,359676,2868676,2912144,2879671,680621,83,746,0
40.16120195388794,359684,3401880,3445100,3412806,791586,16,761,0
40.16120195388794,359691,2890824,2939576,2901776,714243,37,748,0
40.16120195388794,359698,2513644,2559940,2524543,616714,50,736,0
40.2624249458313,359676,2868676,2912144,2879671,680621,83,746,0
40.2624249458313,359684,3403416,3446380,3414342,791920,66,761,0
40.2624249458313,359691,2918092,2965524,2929044,721152,37,749,0
40.2624249458313,359698,2531008,2574148,2542055,622401,50,736,0
40.36657500267029,359676,2868676,2911248,2879671,680621,83,746,0
40.36657500267029,359684,3401880,3444076,3412806,792003,111,761,0
40.36657500267029,359691,2938612,2987952,2949564,724238,37,750,0
40.36657500267029,359698,2552304,2601616,2563203,627080,50,737,0
40.47027397155762,359676,2859828,2900880,2870823,680621,83,746,0
40.47027397155762,359684,3396952,3437804,3407878,792003,111,761,0
40.47027397155762,359691,2963244,3012732,2974196,728866,37,750,0
40.47027397155762,359698,2580316,2629528,2591215,631114,50,738,0
40.58100986480713,359676,2802600,2846096,2813595,680621,83,746,0
40.58100986480713,359684,3394904,3437804,3405830,792003,111,761,0
40.58100986480713,359691,2987364,3031208,2998824,728889,37,750,0
40.58100986480713,359698,2606940,2654104,2617839,631127,50,738,0
40.69140100479126,359676,2771280,2812432,2782275,680621,83,746,0
40.69140100479126,359684,3394904,3437804,3405830,792003,111,761,0
40.69140100479126,359691,3006620,3053932,3017572,729421,76,751,0
40.69140100479126,359698,2629520,2672588,2640419,631139,62,738,0
40.80001497268677,359676,2720800,2761744,2731795,680621,83,746,0
40.80001497268677,359684,3394904,3437804,3405830,792003,111,761,0
40.80001497268677,359691,3029240,3076680,3040192,729954,119,752,0
40.80001497268677,359698,2645904,2691788,2656803,631150,62,739,0
40.909050941467285,359676,2663416,2706704,2676379,680621,83,746,0
40.909050941467285,359684,3394904,3437804,3405830,792003,111,761,0
40.909050941467285,359691,3043612,3090508,3054564,732351,119,752,0
40.909050941467285,359698,2665336,2709452,2676235,635836,62,740,0
41.01804494857788,359676,2616556,2657552,2627551,680621,83,746,0
41.01804494857788,359684,3394904,3437804,3405830,792003,111,761,0
41.01804494857788,359691,3063172,3109452,3074124,737086,119,752,0
41.01804494857788,359698,2682316,2728012,2693215,640597,62,740,0
41.127657890319824,359676,2564752,2605712,2575747,680621,83,746,0
41.127657890319824,359684,3394752,3437804,3405830,792003,111,761,0
41.127657890319824,359691,3076440,3123880,3087392,739788,119,752,0
41.127657890319824,359698,2699152,2745676,2710051,641908,62,740,0
41.24133801460266,359676,2532100,2573200,2543095,680621,83,746,0
41.24133801460266,359684,3384664,3425516,3395590,792003,111,761,0
41.24133801460266,359691,3093844,3142348,3104796,742796,119,753,0
41.24133801460266,359698,2711440,2756556,2722339,644980,62,740,0
41.35573983192444,359676,2505404,2548624,2516399,680651,98,746,0
41.35573983192444,359684,3358156,3400940,3369082,792003,111,761,0
41.35573983192444,359691,3108256,3154636,3119208,746391,119,753,0
41.35573983192444,359698,2725776,2770892,2736675,648564,62,741,0
41.46869778633118,359676,2473000,2516240,2483995,680651,98,746,0
41.46869778633118,359684,3326620,3366764,3337546,792003,111,761,0
41.46869778633118,359691,3125816,3169100,3136768,750527,148,754,0
41.46869778633118,359698,2736224,2782796,2747123,652148,62,741,0
41.58191394805908,359676,2323000,2230496,2333995,680651,98,740,0
41.58191394805908,359684,3303404,3346028,3314330,792003,111,761,0
41.58191394805908,359691,3148528,3200100,3159480,754091,212,754,0
41.58191394805908,359698,2766016,2819348,2776915,655228,62,742,0
41.69134998321533,359676,1746016,1789328,1757011,680651,98,730,0
41.69134998321533,359684,3302968,3346028,3313894,792003,111,761,0
41.69134998321533,359691,3200592,3252164,3211544,754141,418,755,0
41.69134998321533,359698,2819264,2872596,2830163,655254,62,743,0
41.7961528301239,359676,1759328,1803024,1770323,683404,632,730,0
41.7961528301239,359684,3302968,3346028,3313894,792003,111,761,0
41.7961528301239,359691,3254248,3305820,3265200,754193,540,756,0
41.7961528301239,359698,2872512,2923796,2883411,655280,62,744,0
41.901026010513306,359676,1774492,1820904,1785487,686197,1246,730,0
41.901026010513306,359684,3302968,3346028,3313894,792003,111,761,0
41.901026010513306,359691,3305496,3350836,3316448,754245,540,757,0
41.901026010513306,359698,2914836,2959696,2925847,655302,62,744,0
42.00768494606018,359676,1784168,1828020,1795163,687887,1518,730,0
42.00768494606018,359684,3284056,3327468,3295478,792003,111,761,0
42.00768494606018,359691,3315152,3361096,3326716,754258,540,757,0
42.00768494606018,359698,2921944,2969188,2932919,655306,62,745,0
42.119507789611816,359676,1787716,1831604,1798711,691605,2121,730,0
42.119507789611816,359684,3268204,3309420,3279142,792003,111,761,0
42.119507789611816,359691,3327412,3373408,3339020,754267,540,758,0
42.119507789611816,359698,2936172,2979256,2947087,655312,62,745,0
42.23485493659973,359676,1788544,1833524,1799539,696091,2813,730,0
42.23485493659973,359684,2820916,2863312,2831874,792006,130,750,0
42.23485493659973,359691,3344476,3389824,3355440,754284,540,758,0
42.23485493659973,359698,2961408,3004404,2972307,655327,62,746,0
42.37908887863159,359676,1815096,1860148,1826091,703913,3957,730,0
42.37908887863159,359684,2788968,2831008,2799894,792007,149,746,0
42.37908887863159,359691,3352368,3398032,3363652,754294,540,758,0
42.37908887863159,359698,2972172,3017020,2983267,655333,63,746,0
42.487263917922974,359676,1814924,1860020,1825943,707973,4585,730,0
42.487263917922974,359684,2768552,2811040,2779538,792007,154,746,0
42.487263917922974,359691,3364832,3408296,3376064,754304,541,758,0
42.487263917922974,359698,2977528,3022932,2988759,655337,63,746,0
42.59656095504761,359676,1829352,1874228,1840371,712751,5302,730,0
42.59656095504761,359684,2759128,2802336,2770266,792007,154,746,0
42.59656095504761,359691,3379624,3429168,3390640,754828,597,759,0
42.59656095504761,359698,2994240,3042260,3005139,656367,63,746,0
42.7002809047699,359676,1852584,1898164,1863579,717776,6066,730,0
42.7002809047699,359684,2759328,2802336,2770254,792007,155,746,0
42.7002809047699,359691,3412352,3460656,3423304,760646,723,759,0
42.7002809047699,359698,3026108,3074900,3037007,664092,63,747,0
42.80796980857849,359676,1878996,1924916,1890077,723619,6934,730,0
42.80796980857849,359684,2759308,2802336,2770240,792007,155,746,0
42.80796980857849,359691,3440020,3487236,3450936,766966,821,760,0
42.80796980857849,359698,3044204,3092820,3055065,668655,63,748,0
42.915156841278076,359676,1907904,1953844,1918869,729615,7844,730,0
42.915156841278076,359684,2759208,2802208,2770120,792007,155,746,0
42.915156841278076,359691,3472768,3519592,3483500,771176,891,760,0
42.915156841278076,359698,3075404,3120212,3086065,673357,63,748,0
43.039254903793335,359676,1932084,1977140,1942845,735047,8664,730,0
43.039254903793335,359684,2717536,2757408,2728235,792007,156,746,0
43.039254903793335,359691,3489404,3531880,3500127,775825,893,761,0
43.039254903793335,359698,3093684,3138132,3104345,678111,63,748,0
43.15425491333008,359676,1948540,1993268,1959337,738881,9245,730,0
43.15425491333008,359684,2691644,2731808,2702343,792007,156,746,0
43.15425491333008,359691,3492592,3535080,3503363,776419,994,761,0
43.15425491333008,359698,3109464,3154516,3120189,682049,63,749,0
43.262128829956055,359676,1966484,2011700,1977245,742631,9926,730,0
43.262128829956055,359684,2678292,2720544,2688991,792007,156,746,0
43.262128829956055,359691,3495912,3538408,3506635,777009,1140,761,0
43.262128829956055,359698,3137536,3181140,3148197,689041,63,749,0
43.36506795883179,359676,1986736,2031156,1997497,747146,10649,730,0
43.36506795883179,359684,2678292,2720544,2688991,792007,156,746,0
43.36506795883179,359691,3495912,3538408,3506635,777218,1187,761,0
43.36506795883179,359698,3165492,3214036,3176153,696039,63,750,0
43.4686439037323,359676,2008616,2053812,2019377,751589,11455,730,0
43.4686439037323,359684,2678292,2720544,2688991,792007,156,746,0
43.4686439037323,359691,3495920,3538408,3506643,777218,1189,761,0
43.4686439037323,359698,3185704,3234388,3196365,701015,63,750,0
43.57978391647339,359676,2026536,2070836,2037297,755400,12226,730,0
43.57978391647339,359684,2678292,2720544,2688991,792007,156,746,0
43.57978391647339,359691,3495920,3538408,3506643,777218,1189,761,0
43.57978391647339,359698,3217216,3265364,3227877,708985,63,751,0
43.686548948287964,359676,2043152,2082060,2053977,759229,12902,729,0
43.686548948287964,359684,2678292,2720544,2688991,792007,156,746,0
43.686548948287964,359691,3495920,3538408,3506643,777218,1189,761,0
43.686548948287964,359698,3238728,3287892,3249389,714223,63,752,0
43.797338008880615,359676,1996948,2008656,2007709,761954,13325,723,0
43.797338008880615,359684,2678296,2720544,2688995,792007,157,746,0
43.797338008880615,359691,3495920,3538408,3506643,777218,1189,761,0
43.797338008880615,359698,3279532,3322472,3290193,721307,63,752,0
43.90854597091675,359676,1810508,1853212,1821389,763521,13609,717,0
43.90854597091675,359684,2678296,2720544,2688995,792007,157,746,0
43.90854597091675,359691,3495920,3538408,3506643,777218,1189,761,0
43.90854597091675,359698,3302480,3351528,3313141,726033,63,753,0
44.01240801811218,359676,1811944,1854792,1822705,766952,14190,714,0
44.01240801811218,359684,2678296,2720544,2688995,792007,157,746,0
44.01240801811218,359691,3495920,3538408,3506643,777218,1189,761,0
44.01240801811218,359698,3325172,3367528,3335897,732157,63,753,0
44.11631178855896,359676,1835752,1878600,1846513,772125,14970,714,0
44.11631178855896,359684,2678296,2720544,2688995,792007,157,746,0
44.11631178855896,359691,3495920,3538408,3506643,777218,1189,761,0
44.11631178855896,359698,3351828,3401320,3362489,738373,63,754,0
44.218689918518066,359676,1863680,1906632,1874441,778187,15866,714,0
44.218689918518066,359684,2678296,2720544,2688995,792007,157,746,0
44.218689918518066,359691,3495920,3538408,3506643,777218,1189,761,0
44.218689918518066,359698,3370000,3419112,3380661,742909,63,754,0
44.32416486740112,359676,1887900,1930824,1898661,783570,16681,714,0
44.32416486740112,359684,2678296,2720544,2688995,792007,157,746,0
44.32416486740112,359691,3495920,3538408,3506643,777218,1189,761,0
44.32416486740112,359698,3405552,3455592,3416213,751734,63,755,0
44.42713689804077,359676,1915844,1958344,1926605,789719,17629,714,0
44.42713689804077,359684,2209800,2228040,2220499,792007,157,733,0
44.42713689804077,359691,3495920,3538408,3506643,777218,1189,761,0
44.42713689804077,359698,3452212,3496552,3462873,753679,63,756,0
44.52346181869507,359676,1915664,1958344,1926605,790232,17704,714,0
44.52346181869507,359684,2155472,2197860,2166211,792044,198,730,0
44.52346181869507,359691,3495632,3538408,3506643,777218,1189,761,0
44.52346181869507,359698,3454204,3498600,3464921,753682,63,756,0
44.62245798110962,359676,1915844,1958344,1926605,790232,17704,714,0
44.62245798110962,359684,2168156,2211300,2178855,794111,739,730,0
44.62245798110962,359691,3495844,3538792,3506647,777218,1189,761,0
44.62245798110962,359698,3478724,3529320,3489497,753695,63,756,0
44.721431016922,359676,1915844,1958344,1926605,790232,17704,714,0
44.721431016922,359684,2196804,2241168,2207523,796822,1184,730,0
44.721431016922,359691,3496640,3539304,3507559,777356,1283,761,0
44.721431016922,359698,3513652,3564136,3524313,753711,63,757,0
44.81950879096985,359676,1915772,1958344,1926605,790232,17704,714,0
44.81950879096985,359684,2223356,2265616,2234059,798821,1500,731,0
44.81950879096985,359691,3496752,3539304,3507559,777356,1283,761,0
44.81950879096985,359698,3546184,3594856,3557081,753727,63,758,0
44.915918827056885,359676,1915844,1958344,1926605,790232,17704,714,0
44.915918827056885,359684,2225856,2268432,2236555,799316,1646,731,0
44.915918827056885,359691,3496812,3539304,3507559,777356,1283,761,0
44.915918827056885,359698,3579180,3627624,3589849,753743,63,758,0
45.01126289367676,359676,1915844,1958344,1926605,790232,17704,714,0
45.01126289367676,359684,2229412,2271632,2240111,800207,1860,731,0
45.01126289367676,359691,3496836,3539304,3507559,777356,1283,761,0
45.01126289367676,359698,3607540,3656680,3618201,758255,63,759,0
45.10664987564087,359676,1924020,1967176,1934781,791340,17867,714,0
45.10664987564087,359684,2229412,2271632,2240111,800207,1860,731,0
45.10664987564087,359691,3004800,3016948,3015523,777360,1298,750,0
45.10664987564087,359698,3657012,3711592,3667673,764000,63,760,0
45.224167823791504,359676,1953440,1995976,1964201,797771,18810,714,0
45.224167823791504,359684,2229412,2271632,2240111,800207,1860,731,0
45.224167823791504,359691,2811192,2853700,2821915,777360,1299,746,0
45.224167823791504,359698,3704232,3748840,3714893,764024,63,761,0
45.31546688079834,359676,1974088,2017480,1984849,802269,19473,714,0
45.31546688079834,359684,2229412,2272272,2240111,800207,1860,731,0
45.31546688079834,359691,2811192,2853700,2821915,777360,1299,746,0
45.31546688079834,359698,3707192,3749480,3717853,764180,166,761,0
45.406091928482056,359676,1996608,2040264,2007369,807190,20198,714,0
45.406091928482056,359684,2230684,2272912,2241383,800462,1923,731,0
45.406091928482056,359691,2811192,2853700,2821915,777360,1299,746,0
45.406091928482056,359698,3707216,3749480,3717877,764181,171,761,0
45.497318983078,359676,2018524,2062024,2029285,811985,20908,714,0
45.497318983078,359684,2230684,2272912,2241383,800462,1923,731,0
45.497318983078,359691,2811192,2853700,2821915,777360,1299,746,0
45.497318983078,359698,3707216,3749480,3717877,764181,171,761,0
45.58807182312012,359676,2040004,2083656,2050765,816800,21619,714,0
45.58807182312012,359684,2230684,2272912,2241383,800462,1923,731,0
45.58807182312012,359691,2811192,2853700,2821915,777360,1299,746,0
45.58807182312012,359698,3707216,3749480,3717877,764181,171,761,0
45.68001198768616,359676,2061512,2104008,2072273,821533,22313,714,0
45.68001198768616,359684,2230684,2272912,2241383,800462,1923,731,0
45.68001198768616,359691,2811192,2853700,2821915,777360,1299,746,0
45.68001198768616,359698,3707216,3749480,3717877,764181,171,761,0
45.7714958190918,359676,2080448,2123976,2091209,825721,22932,714,0
45.7714958190918,359684,2235052,2278928,2245751,800930,1996,731,0
45.7714958190918,359691,2811192,2853700,2821915,777360,1299,746,0
45.7714958190918,359698,3707220,3749480,3717881,764181,172,761,0
45.8662109375,359676,2100556,2143944,2111317,830127,23583,714,0
45.8662109375,359684,2255684,2300304,2266383,805426,2671,731,0
45.8662109375,359691,2811196,2853700,2821919,777360,1300,746,0
45.8662109375,359698,3707220,3749480,3717881,764181,172,761,0
45.958595991134644,359676,2120040,2163912,2130801,834152,24182,714,0
45.958595991134644,359684,2273732,2318096,2284431,809616,3294,731,0
45.958595991134644,359691,2811196,2853700,2821919,777360,1300,746,0
45.958595991134644,359698,3707220,3749480,3717881,764181,172,761,0
46.05317997932434,359676,2019256,2061852,2030017,836345,24507,709,0
46.05317997932434,359684,2296624,2340368,2307323,814761,4092,731,0
46.05317997932434,359691,2811196,2853700,2821919,777360,1300,746,0
46.05317997932434,359698,3707220,3749480,3717881,764181,172,761,0
46.14661979675293,359676,2062264,2106908,2073025,836424,24516,710,0
46.14661979675293,359684,2319272,2363408,2329971,819295,4785,731,0
46.14661979675293,359691,2811196,2853700,2821919,777360,1300,746,0
46.14661979675293,359698,3707220,3749480,3717881,764181,172,761,0
46.24032497406006,359676,2109368,2154012,2120129,836446,24516,711,0
46.24032497406006,359684,2343080,2387600,2353779,824462,5570,731,0
46.24032497406006,359691,2811196,2853700,2821919,777360,1300,746,0
46.24032497406006,359698,3707220,3749480,3717881,764181,172,761,0
46.33233094215393,359676,2148292,2192540,2159053,838382,24516,712,0
46.33233094215393,359684,2368176,2412816,2378875,829913,6382,731,0
46.33233094215393,359691,2811196,2853700,2821919,777360,1300,746,0
46.33233094215393,359698,3707220,3749480,3717881,764181,172,761,0
46.42251896858215,359676,2181284,2224540,2192045,846355,24516,712,0
46.42251896858215,359684,2389700,2434448,2400399,834578,7086,731,0
46.42251896858215,359691,2811136,2853700,2821919,777360,1300,746,0
46.42251896858215,359698,3706972,3749480,3717881,764181,172,761,0
46.51940393447876,359676,2199672,2244340,2210457,848770,24555,713,0
46.51940393447876,359684,2412224,2455824,2422927,839543,7829,731,0
46.51940393447876,359691,2810972,2853700,2821919,777360,1300,746,0
46.51940393447876,359698,3707216,3749480,3717885,764181,173,761,0
46.619481801986694,359676,2211932,2254580,2222745,848777,24555,713,0
46.619481801986694,359684,2045460,2081200,2056159,841794,8216,721,0
46.619481801986694,359691,2811196,2853700,2821919,777360,1300,746,0
46.619481801986694,359698,3707224,3749480,3717885,764181,173,761,0
46.71190786361694,359676,2252900,2295544,2263709,848797,24556,714,0
46.71190786361694,359684,2001768,2044324,2012783,844236,8613,718,0
46.71190786361694,359691,2811192,2853700,2821919,777360,1300,746,0
46.71190786361694,359698,3707184,3749480,3717885,764181,173,761,0
46.80623984336853,359676,2275476,2320120,2286237,848808,24556,714,0
46.80623984336853,359684,2021140,2063652,2032067,848144,9268,718,0
46.80623984336853,359691,2811196,2853700,2821919,777360,1300,746,0
46.80623984336853,359698,3707224,3749480,3717885,764181,173,761,0
46.896087884902954,359676,2293828,2338552,2304669,848818,24556,715,0
46.896087884902954,359684,2036068,2078628,2046771,851296,9845,718,0
46.896087884902954,359691,2810384,2853700,2821919,777360,1300,746,0
46.896087884902954,359698,3707016,3749480,3717885,764181,173,761,0
46.989601850509644,359676,2295832,2338552,2306717,848819,24556,715,0
46.989601850509644,359684,2045952,2088356,2056775,853382,10268,718,0
46.989601850509644,359691,2811196,2853700,2821919,777360,1300,746,0
46.989601850509644,359698,3707224,3749480,3717885,764181,173,761,0
47.08143496513367,359676,2322236,2366456,2332997,852630,24556,716,0
47.08143496513367,359684,2055736,2098084,2066435,855576,10719,718,0
47.08143496513367,359691,2811196,2853700,2821919,777360,1300,746,0
47.08143496513367,359698,3707224,3749480,3717885,764181,173,761,0
47.171550989151,359676,2353232,2397432,2363993,860400,24556,716,0
47.171550989151,359684,2064100,2106404,2074799,857325,11097,718,0
47.171550989151,359691,2811196,2853700,2821919,777360,1300,746,0
47.171550989151,359698,3707224,3749480,3717885,764181,173,761,0
47.26155185699463,359676,2384156,2430848,2394917,866253,24571,717,0
47.26155185699463,359684,2082128,2125092,2092827,860709,11714,718,0
47.26155185699463,359691,2134692,2128072,2145415,777360,1300,731,0
47.26155185699463,359698,3707224,3749480,3717885,764181,173,761,0
47.34481501579285,359676,2419060,2465752,2429821,869849,24589,718,0
47.34481501579285,359684,2106796,2149924,2117495,865965,12540,718,0
47.34481501579285,359691,2048804,2091316,2059527,777360,1300,730,0
47.34481501579285,359698,3014648,3056940,3025309,764187,186,746,0
47.4334819316864,359676,2460020,2504152,2470781,870892,24589,718,0
47.4334819316864,359684,2127500,2170660,2138207,870624,13250,718,0
47.4334819316864,359691,2048664,2091316,2059527,777360,1300,730,0
47.4334819316864,359698,3014636,3056940,3025309,764187,186,746,0
47.510029792785645,359676,2470260,2514904,2481021,871411,24589,718,0
47.510029792785645,359684,2144828,2187940,2155531,874313,13814,718,0
47.510029792785645,359691,2053920,2096820,2064731,777876,1600,730,0
47.510029792785645,359698,3014108,3056940,3025309,764187,186,746,0
47.59014582633972,359676,2482504,2527192,2493309,871420,24589,719,0
47.59014582633972,359684,2164288,2207524,2174987,878601,14465,718,0
47.59014582633972,359691,2068324,2112436,2079047,780956,2095,730,0
47.59014582633972,359698,3014472,3056940,3025309,764187,186,746,0
47.667338848114014,359676,2503012,2547672,2513789,871429,24589,719,0
47.667338848114014,359684,2184212,2227492,2194947,882925,15122,718,0
47.667338848114014,359691,2088124,2136780,2098847,782557,2356,731,0
47.667338848114014,359698,3014492,3056940,3025309,764187,186,746,0
47.745826959609985,359676,2530472,2576344,2542461,871442,24589,720,0
47.745826959609985,359684,2204728,2248100,2215451,887331,15791,718,0
47.745826959609985,359691,2114084,2156748,2124807,782628,2371,731,0
47.745826959609985,359698,3014648,3056940,3025309,764187,186,746,0
47.823675870895386,359676,2554148,2598872,2564989,871455,24589,720,0
47.823675870895386,359684,2225140,2268580,2235839,891840,16453,718,0
47.823675870895386,359691,2131348,2175180,2142083,786039,2980,731,0
47.823675870895386,359698,3014524,3056940,3025309,764187,186,746,0
47.900826930999756,359676,2578760,2623448,2589565,871465,24589,721,0
47.900826930999756,359684,2245248,2288804,2255947,896181,17102,718,0
47.900826930999756,359691,2150904,2194892,2161635,790197,3672,731,0
47.900826930999756,359698,3014556,3056940,3025309,764187,186,746,0
47.979235887527466,359676,2603284,2648024,2614141,871478,24589,721,0
47.979235887527466,359684,2264224,2307876,2274931,900272,17767,718,0
47.979235887527466,359691,2171712,2215884,2182563,794723,4354,731,0
47.979235887527466,359698,3014648,3056940,3025309,764187,186,746,0
48.057084798812866,359676,2627908,2672600,2638717,871491,24589,722,0
48.057084798812866,359684,2284784,2328356,2295503,904742,18439,718,0
48.057084798812866,359691,2192488,2236364,2203215,799242,5023,731,0
48.057084798812866,359698,3014636,3056940,3025309,764187,186,746,0
48.135657787323,359676,2644220,2686936,2655101,871499,24589,722,0
48.135657787323,359684,2305448,2349092,2316159,909307,19111,718,0
48.135657787323,359691,2213540,2258124,2224287,803883,5711,731,0
48.135657787323,359698,3014644,3056940,3025309,764187,186,746,0
48.21478080749512,359676,2643804,2686936,2655101,871499,24589,722,0
48.21478080749512,359684,2324700,2368420,2335399,913428,19734,718,0
48.21478080749512,359691,2233592,2277964,2244327,808255,6343,731,0
48.21478080749512,359698,3014520,3056940,3025309,764187,186,746,0
48.294641971588135,359676,2643956,2686936,2655101,871499,24589,722,0
48.294641971588135,359684,2342156,2385956,2352979,917337,20317,718,0
48.294641971588135,359691,2253968,2298444,2264731,812670,6993,731,0
48.294641971588135,359698,3014528,3056940,3025309,764187,186,746,0
48.37518095970154,359676,2623820,2667736,2634621,871501,24589,722,0
48.37518095970154,359684,2361764,2405668,2372463,921490,20942,718,0
48.37518095970154,359691,2273812,2318412,2284535,816950,7650,731,0
48.37518095970154,359698,3014648,3056940,3025309,764187,186,746,0
48.45289182662964,359676,2650060,2695000,2660821,877460,24589,722,0
48.45289182662964,359684,2383096,2426532,2393795,926169,21635,718,0
48.45289182662964,359691,2294240,2338636,2304963,821429,8326,731,0
48.45289182662964,359698,3014648,3056940,3025309,764187,186,746,0
48.5303897857666,359676,2678208,2723288,2688969,884479,24589,723,0
48.5303897857666,359684,2404280,2447908,2414979,930792,22319,718,0
48.5303897857666,359691,2314456,2359372,2325179,825818,9013,731,0
48.5303897857666,359698,3014648,3056940,3025309,764187,186,746,0
48.61034083366394,359676,2686232,2728792,2696993,887094,24589,723,0
48.61034083366394,359684,2425012,2469028,2435711,935318,23037,718,0
48.61034083366394,359691,2336580,2381388,2347303,830624,9748,731,0
48.61034083366394,359698,3014648,3056940,3025309,764187,186,746,0
48.68828082084656,359676,2686488,2729048,2697249,887101,24646,723,0
48.68828082084656,359684,2445344,2489508,2456043,939604,23778,718,0
48.68828082084656,359691,2354452,2398796,2365175,834488,10400,731,0
48.68828082084656,359698,3014648,3056940,3025309,764187,186,746,0
48.76617884635925,359676,2686488,2729048,2697249,887101,24646,723,0
48.76617884635925,359684,2171264,2213516,2181963,942295,24171,712,0
48.76617884635925,359691,2371960,2416716,2382683,838184,11005,731,0
48.76617884635925,359698,3014648,3056940,3025309,764187,186,746,0
48.844040870666504,359676,2686488,2729048,2697249,887101,24646,723,0
48.844040870666504,359684,2175476,2219660,2186175,942850,24252,712,0
48.844040870666504,359691,2392120,2435148,2402843,842929,11728,731,0
48.844040870666504,359698,3014648,3056940,3025309,764187,186,746,0
48.92168378829956,359676,2686488,2729048,2697249,887101,24646,723,0
48.92168378829956,359684,2212224,2254520,2222923,944988,24561,713,0
48.92168378829956,359691,2405156,2450252,2415879,845766,12213,731,0
48.92168378829956,359698,3014648,3056940,3025309,764187,186,746,0
48.99988794326782,359676,2686488,2729048,2697249,887101,24646,723,0
48.99988794326782,359684,2251136,2295480,2261835,945007,24561,714,0
48.99988794326782,359691,2415032,2457420,2425755,847894,12618,731,0
48.99988794326782,359698,3014648,3056940,3025309,764187,186,746,0
49.07825183868408,359676,2686488,2729048,2697249,887101,24646,723,0
49.07825183868408,359684,2290048,2334392,2300747,945027,24561,715,0
49.07825183868408,359691,2425552,2470220,2436275,849735,12931,731,0
49.07825183868408,359698,3014648,3056940,3025309,764187,186,746,0
49.15633201599121,359676,2686488,2729048,2697249,887101,24646,723,0
49.15633201599121,359684,2328960,2373304,2339659,945046,24561,716,0
49.15633201599121,359691,2437796,2480972,2448519,852437,13395,731,0
49.15633201599121,359698,3014648,3056940,3025309,764187,186,746,0
49.235684871673584,359676,2686488,2729048,2697249,887101,24646,723,0
49.235684871673584,359684,2367872,2412216,2378571,945065,24561,716,0
49.235684871673584,359691,2449956,2494540,2460679,855043,13940,731,0
49.235684871673584,359698,3014648,3056940,3025309,764187,186,746,0
49.3134880065918,359676,2686488,2729048,2697249,887101,24646,723,0
49.3134880065918,359684,2408832,2451128,2419531,945084,24561,717,0
49.3134880065918,359691,2466580,2382300,2477303,858540,14607,728,0
49.3134880065918,359698,3014648,3056940,3025309,764187,186,746,0
49.39157485961914,359676,2686488,2729048,2697249,887101,24646,723,0
49.39157485961914,359684,2447744,2490040,2458443,945103,24561,718,0
49.39157485961914,359691,2115804,2136284,2126527,860049,15116,722,0
49.39157485961914,359698,3014648,3056940,3025309,764187,186,746,0
49.46741485595703,359676,2686488,2729048,2697249,887101,24646,723,0
49.46741485595703,359684,2486656,2531000,2497355,945123,24561,719,0
49.46741485595703,359691,1882472,1924984,1893195,862446,15538,716,0
49.46741485595703,359698,2228216,2270508,2238877,764187,186,730,0
49.543431997299194,359676,2686488,2729048,2697249,887101,24646,723,0
49.543431997299194,359684,2523520,2565816,2534219,945140,24561,720,0
49.543431997299194,359691,1882472,1924984,1893195,862446,15538,716,0
49.543431997299194,359698,2228216,2270508,2238877,764187,186,730,0
49.61292791366577,359676,2686488,2729048,2697249,887101,24646,723,0
49.61292791366577,359684,2556288,2600632,2566987,945157,24561,720,0
49.61292791366577,359691,1882472,1924984,1893195,862446,15538,716,0
49.61292791366577,359698,2232116,2275372,2242777,764422,561,730,0
49.68173384666443,359676,2686488,2729048,2697249,887101,24646,723,0
49.68173384666443,359684,2591104,2635448,2601803,945174,24561,721,0
49.68173384666443,359691,1882472,1924984,1893195,862446,15538,716,0
49.68173384666443,359698,2245492,2288940,2256153,766860,1038,730,0
49.75085186958313,359676,2686488,2729048,2697249,887101,24646,723,0
49.75085186958313,359684,2625920,2670264,2636619,945191,24561,722,0
49.75085186958313,359691,1882472,1924984,1893195,862446,15538,716,0
49.75085186958313,359698,2266412,2310752,2277073,769850,1514,731,0
49.820241928100586,359676,2686488,2729048,2697249,887101,24646,723,0
49.820241928100586,359684,2662784,2707128,2673483,945208,24561,722,0
49.820241928100586,359691,1883628,1926136,1894351,862526,15747,716,0
49.820241928100586,359698,2299180,2343520,2309841,769867,1514,732,0
49.8902850151062,359676,2686488,2729048,2697249,887101,24646,723,0
49.8902850151062,359684,2695552,2739896,2706251,945225,24561,723,0
49.8902850151062,359691,1883628,1926136,1894351,862526,15747,716,0
49.8902850151062,359698,2301228,2343520,2311889,769870,1514,732,0
49.95919990539551,359676,2686488,2729048,2697249,887101,24646,723,0
49.95919990539551,359684,2730368,2774712,2741067,945242,24561,724,0
49.95919990539551,359691,1895284,1938168,1906007,864404,16026,716,0
49.95919990539551,359698,2301228,2343520,2311889,769870,1514,732,0
50.028883934020996,359676,2686488,2729048,2697249,887101,24646,723,0
50.028883934020996,359684,2754944,2797240,2765643,945256,24561,724,0
50.028883934020996,359691,1907116,1950072,1917839,866978,16407,716,0
50.028883934020996,359698,2301228,2343520,2311889,769870,1514,732,0
50.09848999977112,359676,2686488,2729048,2697249,887101,24646,723,0
50.09848999977112,359684,2754944,2797240,2765643,945256,24561,724,0
50.09848999977112,359691,1919864,1962360,1930587,870418,16914,716,0
50.09848999977112,359698,2301228,2343520,2311889,769870,1514,732,0
50.168463945388794,359676,2686488,2729048,2697249,887101,24646,723,0
50.168463945388794,359684,2754944,2797240,2765643,945256,24561,724,0
50.168463945388794,359691,1937024,1980024,1947747,873474,17394,716,0
50.168463945388794,359698,2301356,2344032,2312017,769870,1514,732,0
50.24152493476868,359676,2686488,2729048,2697249,887101,24646,723,0
50.24152493476868,359684,2754944,2797240,2765643,945256,24561,724,0
50.24152493476868,359691,1951072,1994104,1961795,876547,17864,716,0
50.24152493476868,359698,2303904,2346080,2314565,770363,1627,732,0
50.31105995178223,359676,2686488,2729048,2697249,887101,24646,723,0
50.31105995178223,359684,2754944,2797240,2765643,945256,24561,724,0
50.31105995178223,359691,1967616,2010744,1978339,880132,18413,716,0
50.31105995178223,359698,2303904,2346080,2314565,770415,1638,732,0
50.382723808288574,359676,2686488,2729048,2697249,887101,24646,723,0
50.382723808288574,359684,2754944,2797240,2765643,945256,24561,724,0
50.382723808288574,359691,1986580,2029688,1997303,884262,19033,716,0
50.382723808288574,359698,2304040,2346336,2314701,770429,1642,732,0
50.45516490936279,359676,2686488,2729048,2697249,887101,24646,723,0
50.45516490936279,359684,2754944,2797240,2765643,945256,24561,724,0
50.45516490936279,359691,2006992,2050296,2017715,888734,19696,716,0
50.45516490936279,359698,2309192,2351456,2319853,771371,1863,732,0
50.533326864242554,359676,2289180,2331776,2299941,887101,24647,715,0
50.533326864242554,359684,2754944,2797240,2765643,945256,24561,724,0
50.533326864242554,359691,2023480,2065912,2034203,892346,20254,716,0
50.533326864242554,359698,2309384,2351584,2320045,771523,1900,732,0
50.60220193862915,359676,2289180,2331776,2299941,887101,24647,715,0
50.60220193862915,359684,2754944,2797240,2765643,945256,24561,724,0
50.60220193862915,359691,2036568,2079864,2047291,895150,20676,716,0
50.60220193862915,359698,2309568,2351840,2320229,771558,1911,732,0
50.67145395278931,359676,2289180,2331776,2299941,887101,24647,715,0
50.67145395278931,359684,2754944,2797240,2765643,945256,24561,724,0
50.67145395278931,359691,2051156,2094584,2061879,898367,21168,716,0
50.67145395278931,359698,2309592,2351840,2320253,771562,1913,732,0
50.74054980278015,359676,2289180,2331776,2299941,887101,24647,715,0
50.74054980278015,359684,2754944,2797240,2765643,945256,24561,724,0
50.74054980278015,359691,2070296,2113784,2081019,902572,21805,716,0
50.74054980278015,359698,2309644,2351968,2320305,771562,1913,732,0
50.81345987319946,359676,2289180,2331776,2299941,887101,24647,715,0
50.81345987319946,359684,2394496,2436792,2405195,945256,24561,717,0
50.81345987319946,359691,2085552,2128888,2096275,905811,22334,716,0
50.81345987319946,359698,2309776,2351968,2320437,771594,1927,732,0
50.88457489013672,359676,2289180,2331776,2299941,887101,24647,715,0
50.88457489013672,359684,2394496,2436792,2405195,945256,24561,717,0
50.88457489013672,359691,2101368,2144888,2112091,909417,22902,716,0
50.88457489013672,359698,2309792,2351968,2320453,771594,1927,732,0
50.95502686500549,359676,2289180,2331776,2299941,887101,24647,715,0
50.95502686500549,359684,2394496,2436792,2405195,945256,24561,717,0
50.95502686500549,359691,2119028,2162552,2129751,912994,23475,716,0
50.95502686500549,359698,2309792,2352096,2320453,771596,1929,732,0
51.02562999725342,359676,2289180,2331776,2299941,887101,24647,715,0
51.02562999725342,359684,2394496,2436792,2405195,945256,24561,717,0
51.02562999725342,359691,2135624,2179320,2146347,916590,24045,716,0
51.02562999725342,359698,2310160,2353120,2320821,771636,1975,732,0
51.09720587730408,359676,2289180,2331776,2299941,887101,24647,715,0
51.09720587730408,359684,2394496,2436792,2405195,945256,24561,717,0
51.09720587730408,359691,2146112,2189816,2156835,919159,24431,716,0
51.09720587730408,359698,2315768,2359008,2326429,772617,2203,732,0
51.166104793548584,359676,2289180,2331776,2299941,887101,24647,715,0
51.166104793548584,359684,2394496,2436792,2405195,945256,24561,717,0
51.166104793548584,359691,2164080,2207736,2174803,923017,25025,716,0
51.166104793548584,359698,2323540,2366944,2334201,774034,2707,732,0
51.237565994262695,359676,2289180,2331776,2299941,887101,24647,715,0
51.237565994262695,359684,2394496,2436792,2405195,945256,24561,717,0
51.237565994262695,359691,2172344,2216184,2183067,924611,25269,716,0
51.237565994262695,359698,2338840,2383328,2349501,777090,3298,732,0
51.30879783630371,359676,2289180,2331776,2299941,887101,24647,715,0
51.30879783630371,359684,2394496,2436792,2405195,945256,24561,717,0
51.30879783630371,359691,2189968,2233720,2200691,928497,25863,716,0
51.30879783630371,359698,2356288,2400352,2366949,780818,3909,732,0
51.380011796951294,359676,2289180,2331776,2299941,887101,24647,715,0
51.380011796951294,359684,2394496,2436792,2405195,945256,24561,717,0
51.380011796951294,359691,2202448,2244856,2213171,931616,26362,716,0
51.380011796951294,359698,2373504,2418784,2384165,784592,4510,732,0
51.449243783950806,359676,2289180,2331776,2299941,887101,24647,715,0
51.449243783950806,359684,2394496,2436792,2405195,945256,24561,717,0
51.449243783950806,359691,2219184,2263160,2229907,934728,26821,716,0
51.449243783950806,359698,2391652,2436960,2402313,788566,5099,732,0
51.51887083053589,359676,2289180,2331776,2299941,887101,24647,715,0
51.51887083053589,359684,2394496,2436792,2405195,945256,24561,717,0
51.51887083053589,359691,2152896,2196480,2163619,937346,27246,713,0
51.51887083053589,359698,2410804,2294892,2421465,792689,5715,728,0
51.59025979042053,359676,2289180,2331776,2299941,887101,24647,715,0
51.59025979042053,359684,2394496,2436792,2405195,945256,24561,717,0
51.59025979042053,359691,2090564,2133076,2101287,938693,27461,711,0
51.59025979042053,359698,2014632,2013796,2025293,795713,6164,719,0
51.69429087638855,359676,2289180,2331776,2299941,887101,24647,715,0
51.69429087638855,359684,2394496,2436792,2405195,945256,24561,717,0
51.69429087638855,359691,2119400,2163960,2130123,938714,27495,712,0
51.69429087638855,359698,1989268,2035812,1999929,799589,6785,719,0
51.79255390167236,359676,2289180,2331776,2299941,887101,24647,715,0
51.79255390167236,359684,2394496,2436792,2405195,945256,24561,717,0
51.79255390167236,359691,2152168,2194680,2162891,938729,27495,712,0
51.79255390167236,359698,2002176,2044644,2012837,801962,7251,719,0
51.858951807022095,359676,2289180,2331776,2299941,887101,24647,715,0
51.858951807022095,359684,2394496,2436792,2405195,945256,24561,717,0
51.858951807022095,359691,2182888,2227448,2193611,938745,27495,713,0
51.858951807022095,359698,2017456,2060004,2028117,804860,7774,719,0
51.92533087730408,359676,2289180,2331776,2299941,887101,24647,715,0
51.92533087730408,359684,2394496,2436792,2405195,945256,24561,717,0
51.92533087730408,359691,2215656,2260216,2226379,938761,27495,714,0
51.92533087730408,359698,2029844,2072420,2040505,807697,8294,719,0
51.98967385292053,359676,2289180,2331776,2299941,887101,24647,715,0
51.98967385292053,359684,2394496,2436792,2405195,945256,24561,717,0
51.98967385292053,359691,2248424,2292984,2259147,938777,27495,714,0
51.98967385292053,359698,2043572,2086244,2054233,810389,8814,719,0
52.05584478378296,359676,2289180,2331776,2299941,887101,24647,715,0
52.05584478378296,359684,2394496,2436792,2405195,945256,24561,717,0
52.05584478378296,359691,2281192,2325752,2291915,938793,27495,715,0
52.05584478378296,359698,2061516,2104164,2072177,814281,9404,719,0
52.12315082550049,359676,2289180,2331776,2299941,887101,24647,715,0
52.12315082550049,359684,2394496,2436792,2405195,945256,24561,717,0
52.12315082550049,359691,2313960,2358520,2324683,938809,27495,716,0
52.12315082550049,359698,2078784,2121572,2089445,818200,9990,719,0
52.18959879875183,359676,2289180,2331776,2299941,887101,24647,715,0
52.18959879875183,359684,2394496,2436792,2405195,945256,24561,717,0
52.18959879875183,359691,2346728,2391288,2357451,938825,27495,716,0
52.18959879875183,359698,2096216,2138980,2106877,821799,10584,719,0
52.25592088699341,359676,2289180,2331776,2299941,887101,24647,715,0
52.25592088699341,359684,2394496,2436792,2405195,945256,24561,717,0
52.25592088699341,359691,2379496,2424056,2390219,938841,27495,717,0
52.25592088699341,359698,2112796,2155620,2123457,825452,11173,719,0
52.323089838027954,359676,2289180,2331776,2299941,887101,24647,715,0
52.323089838027954,359684,2394496,2436792,2405195,945256,24561,717,0
52.323089838027954,359691,2412264,2456824,2422987,938857,27495,718,0
52.323089838027954,359698,2129600,2172260,2140261,829113,11751,719,0
52.390503883361816,359676,2289180,2331776,2299941,887101,24647,715,0
52.390503883361816,359684,2394496,2436792,2405195,945256,24561,717,0
52.390503883361816,359691,2445032,2489592,2455755,938874,27495,718,0
52.390503883361816,359698,2144700,2186980,2155361,832521,12312,719,0
52.45651292800903,359676,2289180,2331776,2299941,887101,24647,715,0
52.45651292800903,359684,2394496,2436792,2405195,945256,24561,717,0
52.45651292800903,359691,2477800,2522360,2488523,938889,27495,719,0
52.45651292800903,359698,2160900,2203876,2171561,835773,12812,719,0
52.52401900291443,359676,2113056,2122884,2123817,887101,24648,710,0
52.52401900291443,359684,2394496,2436792,2405195,945256,24561,717,0
52.52401900291443,359691,2516712,2561272,2527435,938908,27495,720,0
52.52401900291443,359698,2178464,2221540,2189125,839803,13451,719,0
52.6039400100708,359676,1879616,1922180,1890377,887104,24653,706,0
52.6039400100708,359684,2394496,2436792,2405195,945256,24561,717,0
52.6039400100708,359691,2549480,2594040,2560203,938924,27495,720,0
52.6039400100708,359698,2183764,2226148,2194425,841336,13711,719,0
52.66918396949768,359676,1879616,1922180,1890377,887104,24653,706,0
52.66918396949768,359684,2394496,2436792,2405195,945256,24561,717,0
52.66918396949768,359691,2584296,2630904,2595019,938940,27495,721,0
52.66918396949768,359698,2187164,2229348,2197825,842017,13913,719,0
52.75314283370972,359676,1879616,1922180,1890377,887104,24653,706,0
52.75314283370972,359684,2394496,2436792,2405195,945256,24561,717,0
52.75314283370972,359691,2621160,2665720,2631883,938959,27495,722,0
52.75314283370972,359698,2187164,2229348,2197825,842017,13913,719,0
52.81487679481506,359676,1879620,1922180,1890381,887104,24654,706,0
52.81487679481506,359684,2308480,2279096,2319179,945256,24561,714,0
52.81487679481506,359691,2655976,2702584,2666699,938976,27495,723,0
52.81487679481506,359698,2187164,2229348,2197825,842017,13913,719,0
52.894309997558594,359676,1879620,1922180,1890381,887104,24654,706,0
52.894309997558594,359684,1986944,2029240,1997643,945256,24561,708,0
52.894309997558594,359691,2690792,2735352,2701515,938993,27495,724,0
52.894309997558594,359698,2187164,2229348,2197825,842017,13913,719,0
52.952948808670044,359676,1879620,1922180,1890381,887104,24654,706,0
52.952948808670044,359684,1986944,2029240,1997643,945256,24561,708,0
52.952948808670044,359691,2719464,2766072,2730187,939008,27495,724,0
52.952948808670044,359698,2187776,2229988,2198437,842129,13954,719,0
53.01148581504822,359676,1879620,1922180,1890381,887104,24654,706,0
53.01148581504822,359684,1986944,2029240,1997643,945256,24561,708,0
53.01148581504822,359691,2746088,2788600,2756811,939022,27495,724,0
53.01148581504822,359698,2187776,2229988,2198437,842129,13954,719,0
53.07013988494873,359676,1879620,1922180,1890381,887104,24654,706,0
53.07013988494873,359684,1986944,2029240,1997643,945256,24561,708,0
53.07013988494873,359691,2746088,2788600,2756811,939022,27495,724,0
53.07013988494873,359698,2187776,2229988,2198437,842129,13954,719,0
53.12914180755615,359676,1879620,1922180,1890381,887104,24654,706,0
53.12914180755615,359684,1986944,2029240,1997643,945256,24561,708,0
53.12914180755615,359691,2746088,2788600,2756811,939022,27495,724,0
53.12914180755615,359698,2187776,2229988,2198437,842129,13954,719,0
53.18775987625122,359676,1879620,1922180,1890381,887104,24654,706,0
53.18775987625122,359684,1986944,2029240,1997643,945256,24561,708,0
53.18775987625122,359691,2746088,2788600,2756811,939022,27495,724,0
53.18775987625122,359698,2187776,2229988,2198437,842129,13954,719,0
53.24578499794006,359676,1879620,1922180,1890381,887104,24654,706,0
53.24578499794006,359684,1986944,2029240,1997643,945256,24561,708,0
53.24578499794006,359691,2746088,2788600,2756811,939022,27495,724,0
53.24578499794006,359698,2197920,2240100,2208581,843909,14213,719,0
53.30444884300232,359676,1879620,1922180,1890381,887104,24654,706,0
53.30444884300232,359684,1986944,2029240,1997643,945256,24561,708,0
53.30444884300232,359691,2746088,2788600,2756811,939022,27495,724,0
53.30444884300232,359698,2210000,2252260,2220661,846976,14663,719,0
53.363850831985474,359676,1879624,1922180,1890385,887104,24654,706,0
53.363850831985474,359684,1986944,2029240,1997643,945256,24561,708,0
53.363850831985474,359691,2746088,2788600,2756811,939022,27495,724,0
53.363850831985474,359698,2223564,2265828,2234225,849419,15037,719,0
53.423527002334595,359676,1879712,1922308,1890473,887127,24654,706,0
53.423527002334595,359684,1986944,2029240,1997643,945256,24561,708,0
53.423527002334595,359691,2746088,2788600,2756811,939022,27495,724,0
53.423527002334595,359698,2235168,2278500,2245829,851822,15402,719,0
53.482547998428345,359676,1879716,1925384,1890477,887127,24655,706,0
53.482547998428345,359684,1986944,2029240,1997643,945256,24561,708,0
53.482547998428345,359691,2746088,2788600,2756811,939022,27495,724,0
53.482547998428345,359698,2248728,2292196,2259389,855081,15888,719,0
53.54401683807373,359676,1907364,1949960,1918125,887396,24655,707,0
53.54401683807373,359684,1986944,2029240,1997643,945256,24561,708,0
53.54401683807373,359691,2746088,2788600,2756811,939022,27495,724,0
53.54401683807373,359698,2264916,2308452,2275577,858276,16396,719,0
53.60515284538269,359676,1907364,1949960,1918125,887396,24655,707,0
53.60515284538269,359684,1986944,2029240,1997643,945256,24561,708,0
53.60515284538269,359691,2746088,2788600,2756811,939022,27495,724,0
53.60515284538269,359698,2280248,2323812,2290909,861767,16911,719,0
53.66484880447388,359676,1907364,1949960,1918125,887396,24655,707,0
53.66484880447388,359684,1987016,2029240,1997715,945271,24564,708,0
53.66484880447388,359691,2746088,2788600,2756811,939022,27495,724,0
53.66484880447388,359698,2294024,2337636,2304685,864631,17344,719,0
53.72546887397766,359676,1907364,1949960,1918125,887396,24655,707,0
53.72546887397766,359684,1987024,2029240,1997723,945271,24566,708,0
53.72546887397766,359691,2746088,2788600,2756811,939022,27495,724,0
53.72546887397766,359698,2244008,2262232,2254669,866640,17639,715,0
53.78697681427002,359676,1907364,1949960,1918125,887396,24655,707,0
53.78697681427002,359684,1987024,2029240,1997723,945271,24566,708,0
53.78697681427002,359691,2746088,2788600,2756811,939022,27495,724,0
53.78697681427002,359698,2200348,2244688,2211009,866956,17685,713,0
53.8514928817749,359676,1907364,1949960,1918125,887396,24655,707,0
53.8514928817749,359684,1987024,2029240,1997723,945271,24566,708,0
53.8514928817749,359691,2363112,2405624,2373835,939022,27495,716,0
53.8514928817749,359698,2231068,2275408,2241729,866971,17685,714,0
53.910637855529785,359676,1907364,1949960,1918125,887396,24655,707,0
53.910637855529785,359684,1987024,2029240,1997723,945271,24566,708,0
53.910637855529785,359691,2363112,2405624,2373835,939022,27495,716,0
53.910637855529785,359698,2259740,2304080,2270401,866986,17685,714,0
53.97046494483948,359676,1907364,1949960,1918125,887396,24655,707,0
53.97046494483948,359684,1987024,2029240,1997723,945271,24566,708,0
53.97046494483948,359691,2363112,2405624,2373835,939022,27495,716,0
53.97046494483948,359698,2288412,2332752,2299073,867000,17685,715,0
54.03023099899292,359676,1907364,1949960,1918125,887396,24655,707,0
54.03023099899292,359684,1987028,2029240,1997727,945271,24567,708,0
54.03023099899292,359691,2363112,2405624,2373835,939022,27495,716,0
54.03023099899292,359698,2319132,2361424,2329793,867014,17685,716,0
54.08887982368469,359676,1907364,1949960,1918125,887396,24655,707,0
54.08887982368469,359684,1987028,2029240,1997727,945271,24567,708,0
54.08887982368469,359691,2363112,2405624,2373835,939022,27495,716,0
54.08887982368469,359698,2345764,2390104,2356425,867029,17686,716,0
54.14893698692322,359676,1907364,1949960,1918125,887396,24655,707,0
54.14893698692322,359684,1987028,2029240,1997727,945271,24567,708,0
54.14893698692322,359691,2363112,2405624,2373835,939022,27495,716,0
54.14893698692322,359698,2376484,2420824,2387145,867043,17686,717,0
54.20799994468689,359676,1907364,1949960,1918125,887396,24655,707,0
54.20799994468689,359684,1987028,2029240,1997727,945271,24567,708,0
54.20799994468689,359691,2363112,2405624,2373835,939022,27495,716,0
54.20799994468689,359698,2405156,2449496,2415817,867058,17686,718,0
54.26566696166992,359676,1907364,1949960,1918125,887396,24655,707,0
54.26566696166992,359684,1987028,2029240,1997727,945271,24567,708,0
54.26566696166992,359691,2363112,2405624,2373835,939022,27495,716,0
54.26566696166992,359698,2435876,2480216,2446537,867072,17686,718,0
54.32382798194885,359676,1907364,1949960,1918125,887396,24655,707,0
54.32382798194885,359684,1987028,2029240,1997727,945271,24567,708,0
54.32382798194885,359691,2363112,2405624,2373835,939022,27495,716,0
54.32382798194885,359698,2464548,2506840,2475209,867087,17686,718,0
54.38224697113037,359676,1907364,1949960,1918125,887396,24655,707,0
54.38224697113037,359684,1987028,2029240,1997727,945271,24567,708,0
54.38224697113037,359691,2363112,2405624,2373835,939022,27495,716,0
54.38224697113037,359698,2493220,2537560,2503881,867100,17686,719,0
54.44049382209778,359676,1907364,1949960,1918125,887396,24655,707,0
54.44049382209778,359684,1987028,2029240,1997727,945271,24567,708,0
54.44049382209778,359691,2363112,2405624,2373835,939022,27495,716,0
54.44049382209778,359698,2521908,2566248,2532569,867118,17687,720,0
54.49836492538452,359676,1907364,1949960,1918125,887396,24655,707,0
54.49836492538452,359684,1987028,2029240,1997727,945271,24567,708,0
54.49836492538452,359691,2363112,2405624,2373835,939022,27495,716,0
54.49836492538452,359698,2550580,2594920,2561241,867132,17687,720,0
54.55650997161865,359676,1907364,1949960,1918125,887396,24655,707,0
54.55650997161865,359684,1987028,2029240,1997727,945271,24567,708,0
54.55650997161865,359691,2363112,2405624,2373835,939022,27495,716,0
54.55650997161865,359698,2581300,2625640,2591961,867147,17687,721,0
54.615062952041626,359676,1620644,1663240,1631405,887396,24655,701,0
54.615062952041626,359684,1987028,2029240,1997727,945271,24567,708,0
54.615062952041626,359691,2363112,2405624,2373835,939022,27495,716,0
54.615062952041626,359698,2609972,2654312,2620633,867161,17687,722,0
54.670740842819214,359676,1620644,1663240,1631405,887396,24655,701,0
54.670740842819214,359684,1987028,2029240,1997727,945271,24567,708,0
54.670740842819214,359691,2363112,2405624,2373835,939022,27495,716,0
54.670740842819214,359698,2636628,2683016,2647289,867178,17691,722,0
54.72630786895752,359676,1620644,1663240,1631405,887396,24655,701,0
54.72630786895752,359684,1987028,2029240,1997727,945271,24567,708,0
54.72630786895752,359691,2363112,2405624,2373835,939022,27495,716,0
54.72630786895752,359698,2665300,2709640,2675961,867192,17691,723,0
54.78230381011963,359676,1620644,1663240,1631405,887396,24655,701,0
54.78230381011963,359684,1987028,2029240,1997727,945271,24567,708,0
54.78230381011963,359691,2363112,2405624,2373835,939022,27495,716,0
54.78230381011963,359698,2693972,2738312,2704633,867206,17691,724,0
54.838521003723145,359676,1620644,1663240,1631405,887396,24655,701,0
54.838521003723145,359684,1987028,2029240,1997727,945271,24567,708,0
54.838521003723145,359691,2363112,2405624,2373835,939022,27495,716,0
54.838521003723145,359698,2698096,2740360,2708757,867216,17692,724,0
54.89432382583618,359676,1620644,1663240,1631405,887396,24655,701,0
54.89432382583618,359684,1987028,2029240,1997727,945271,24567,708,0
54.89432382583618,359691,2363112,2405624,2373835,939022,27495,716,0
54.89432382583618,359698,2698096,2740360,2708757,867216,17692,724,0
54.951048851013184,359676,1620644,1665288,1631405,887396,24655,701,0
54.951048851013184,359684,1839572,1845004,1850271,945274,24567,705,0
54.951048851013184,359691,2363112,2405624,2373835,939022,27495,716,0
54.951048851013184,359698,2698096,2740360,2708757,867216,17692,724,0
55.00678992271423,359676,1649316,1693960,1660077,887409,24655,702,0
55.00678992271423,359684,1593812,1636108,1604511,945282,24567,700,0
55.00678992271423,359691,2363112,2405624,2373835,939022,27495,716,0
55.00678992271423,359698,2698096,2740360,2708757,867216,17692,724,0
55.06006193161011,359676,1677988,1720584,1688749,887422,24655,702,0
55.06006193161011,359684,1612244,1654540,1622943,945292,24567,701,0
55.06006193161011,359691,2363112,2405624,2373835,939022,27495,716,0
55.06006193161011,359698,2698096,2740360,2708757,867216,17692,724,0
55.112525939941406,359676,1704612,1747208,1715373,887435,24655,703,0
55.112525939941406,359684,1612244,1654540,1622943,945292,24567,701,0
55.112525939941406,359691,2363112,2405624,2373835,939022,27495,716,0
55.112525939941406,359698,2698096,2740360,2708757,867216,17692,724,0
55.16633486747742,359676,1731236,1775880,1741997,887449,24655,704,0
55.16633486747742,359684,1612244,1654540,1622943,945292,24567,701,0
55.16633486747742,359691,2363112,2405624,2373835,939022,27495,716,0
55.16633486747742,359698,2698096,2740360,2708757,867216,17692,724,0
55.221640825271606,359676,1759908,1802504,1770669,887462,24655,704,0
55.221640825271606,359684,1612244,1654540,1622943,945292,24567,701,0
55.221640825271606,359691,2363112,2405624,2373835,939022,27495,716,0
55.221640825271606,359698,2698096,2740360,2708757,867216,17692,724,0
55.27530384063721,359676,1786532,1829128,1797293,887475,24655,704,0
55.27530384063721,359684,1612244,1654540,1622943,945292,24567,701,0
55.27530384063721,359691,2363112,2405624,2373835,939022,27495,716,0
55.27530384063721,359698,2698096,2740360,2708757,867216,17692,724,0
55.32869791984558,359676,1811108,1855752,1821869,887488,24655,705,0
55.32869791984558,359684,1612244,1654540,1622943,945292,24567,701,0
55.32869791984558,359691,2363112,2405624,2373835,939022,27495,716,0
55.32869791984558,359698,2698096,2740360,2708757,867216,17692,724,0
55.382067918777466,359676,1839780,1882376,1850541,887501,24655,706,0
55.382067918777466,359684,1612244,1654540,1622943,945292,24567,701,0
55.382067918777466,359691,2363112,2405624,2373835,939022,27495,716,0
55.382067918777466,359698,2698096,2740360,2708757,867216,17692,724,0
55.437376976013184,359676,1866404,1909000,1877165,887514,24655,706,0
55.437376976013184,359684,1612244,1654540,1622943,945292,24567,701,0
55.437376976013184,359691,2363112,2405624,2373835,939022,27495,716,0
55.437376976013184,359698,2698096,2740360,2708757,867216,17692,724,0
55.491673946380615,359676,1893028,1935624,1903789,887527,24655,707,0
55.491673946380615,359684,1612244,1654540,1622943,945292,24567,701,0
55.491673946380615,359691,2363112,2405624,2373835,939022,27495,716,0
55.491673946380615,359698,2698096,2740360,2708757,867216,17692,724,0
55.54629898071289,359676,1919652,1962248,1930413,887540,24655,707,0
55.54629898071289,359684,1612244,1654540,1622943,945292,24567,701,0
55.54629898071289,359691,2363112,2405624,2373835,939022,27495,716,0
55.54629898071289,359698,2698096,2740360,2708757,867216,17692,724,0
55.59954786300659,359676,1946276,1990920,1957037,887554,24655,708,0
55.59954786300659,359684,1612244,1654540,1622943,945292,24567,701,0
55.59954786300659,359691,2363112,2405624,2373835,939022,27495,716,0
55.59954786300659,359698,2698096,2740360,2708757,867216,17692,724,0
55.65452790260315,359676,1972900,2015496,1983661,887566,24655,708,0
55.65452790260315,359684,1612244,1654540,1622943,945292,24567,701,0
55.65452790260315,359691,2363112,2405624,2373835,939022,27495,716,0
55.65452790260315,359698,2698096,2740360,2708757,867216,17692,724,0
55.70932078361511,359676,1999524,2042120,2010285,887579,24655,709,0
55.70932078361511,359684,1612244,1654540,1622943,945292,24567,701,0
55.70932078361511,359691,2363112,2405624,2373835,939022,27495,716,0
55.70932078361511,359698,2698096,2740360,2708757,867216,17692,724,0
55.763206005096436,359676,2026148,2070792,2036909,887593,24655,710,0
55.763206005096436,359684,1612244,1654540,1622943,945292,24567,701,0
55.763206005096436,359691,2363112,2405624,2373835,939022,27495,716,0
55.763206005096436,359698,2698096,2740360,2708757,867216,17692,724,0
55.81804800033569,359676,2048664,2091528,2059425,889514,24655,710,0
55.81804800033569,359684,1612244,1654540,1622943,945292,24567,701,0
55.81804800033569,359691,2363112,2405624,2373835,939022,27495,716,0
55.81804800033569,359698,2698096,2740360,2708757,867216,17692,724,0
55.871163845062256,359676,2067108,2111752,2077869,893744,24655,710,0
55.871163845062256,359684,1612244,1654540,1622943,945292,24567,701,0
55.871163845062256,359691,2037480,2039032,2048203,939022,27495,709,0
55.871163845062256,359698,2698096,2740360,2708757,867216,17692,724,0
55.936617851257324,359676,2097828,2142472,2108589,893760,24655,711,0
55.936617851257324,359684,1612244,1654540,1622943,945292,24567,701,0
55.936617851257324,359691,1955576,1998072,1966299,939022,27499,708,0
55.936617851257324,359698,2698096,2740360,2708757,867216,17692,724,0
55.988462924957275,359676,2124452,2167048,2135213,893772,24655,712,0
55.988462924957275,359684,1612244,1654540,1622943,945292,24567,701,0
55.988462924957275,359691,1955576,1998072,1966299,939022,27499,708,0
55.988462924957275,359698,2698096,2740360,2708757,867216,17692,724,0
56.04126286506653,359676,2151076,2193672,2161837,893785,24655,712,0
56.04126286506653,359684,1612244,1654540,1622943,945292,24567,701,0
56.04126286506653,359691,1955576,1998072,1966299,939022,27499,708,0
56.04126286506653,359698,2698096,2740360,2708757,867216,17692,724,0
56.091890811920166,359676,2175652,2220296,2186413,893798,24655,712,0
56.091890811920166,359684,1612244,1654540,1622943,945292,24567,701,0
56.091890811920166,359691,1955576,1998072,1966299,939022,27499,708,0
56.091890811920166,359698,2698096,2740360,2708757,867216,17692,724,0
56.144197940826416,359676,2200228,2244872,2210989,893810,24655,713,0
56.144197940826416,359684,1612244,1654540,1622943,945292,24567,701,0
56.144197940826416,359691,1955580,1998072,1966303,939022,27500,708,0
56.144197940826416,359698,2698056,2740360,2708757,867216,17692,724,0
56.19671988487244,359676,2218656,2261256,2229421,893818,24655,713,0
56.19671988487244,359684,1612244,1654540,1622943,945292,24567,701,0
56.19671988487244,359691,1955544,1998072,1966303,939022,27500,708,0
56.19671988487244,359698,2697860,2740360,2708757,867216,17692,724,0
56.253034830093384,359676,2220172,2263304,2231469,893821,24655,714,0
56.253034830093384,359684,1614204,1658636,1624991,945293,24567,701,0
56.253034830093384,359691,1955464,1998072,1966303,939023,27500,708,0
56.253034830093384,359698,2697756,2740360,2708757,867216,17692,724,0
56.311476945877075,359676,2220492,2263304,2231469,893821,24655,714,0
56.311476945877075,359684,1620340,1664780,1631135,945300,24567,701,0
56.311476945877075,359691,1955492,1998072,1966303,939023,27500,708,0
56.311476945877075,359698,2697844,2740360,2708757,867217,17692,724,0
56.37198781967163,359676,2228900,2271496,2239661,893823,24655,714,0
56.37198781967163,359684,1630676,1675020,1641375,945312,24567,702,0
56.37198781967163,359691,1955580,1998072,1966303,939023,27500,708,0
56.37198781967163,359698,2339696,2381988,2350357,867218,17692,716,0
56.423579931259155,359676,2253476,2298120,2264237,893836,24655,714,0
56.423579931259155,359684,1655252,1699596,1665951,945325,24567,702,0
56.423579931259155,359691,1955584,1998072,1966307,939023,27501,708,0
56.423579931259155,359698,2339696,2381988,2350357,867218,17692,716,0
56.47549486160278,359676,2280100,2322696,2290861,893848,24655,714,0
56.47549486160278,359684,1681876,1724172,1692575,945337,24567,702,0
56.47549486160278,359691,1955584,1998072,1966307,939023,27501,708,0
56.47549486160278,359698,2339696,2381988,2350357,867218,17692,716,0
56.52799582481384,359676,2304676,2349320,2315437,893861,24655,715,0
56.52799582481384,359684,1706452,1748748,1717151,945349,24567,703,0
56.52799582481384,359691,1955584,1998072,1966307,939023,27501,708,0
56.52799582481384,359698,2339768,2381988,2350429,867230,17698,716,0
56.57789897918701,359676,2331300,2373896,2342061,893873,24655,716,0
56.57789897918701,359684,1731028,1773324,1741727,945361,24567,704,0
56.57789897918701,359691,1955584,1998072,1966307,939023,27501,708,0
56.57789897918701,359698,2339768,2381988,2350429,867230,17698,716,0
56.62825679779053,359676,2337444,2382088,2348205,893885,24655,716,0
56.62825679779053,359684,1755592,1797900,1766303,945373,24567,704,0
56.62825679779053,359691,1955284,1998072,1966307,939023,27501,708,0
56.62825679779053,359698,2339756,2381988,2350429,867230,17698,716,0
56.68140983581543,359676,2355872,2400520,2366637,893894,24655,716,0
56.68140983581543,359684,1774028,1816332,1784735,945383,24567,704,0
56.68140983581543,359691,1955584,1998072,1966307,939023,27501,708,0
56.68140983581543,359698,2339728,2381988,2350433,867230,17699,716,0
56.73502588272095,359676,2374308,2418952,2385069,893903,24655,716,0
56.73502588272095,359684,1792460,1834764,1803167,945391,24567,704,0
56.73502588272095,359691,1955580,1998072,1966307,939023,27501,708,0
56.73502588272095,359698,2339760,2381988,2350433,867230,17699,716,0
56.787789821624756,359676,2394788,2437384,2405549,893912,24655,717,0
56.787789821624756,359684,1810892,1855244,1821599,945400,24567,705,0
56.787789821624756,359691,1955580,1998072,1966307,939023,27501,708,0
56.787789821624756,359698,2339772,2381988,2350433,867230,17699,716,0
56.84105896949768,359676,2415260,2457864,2426029,893923,24655,717,0
56.84105896949768,359684,1831380,1873676,1842085,945410,24567,706,0
56.84105896949768,359691,1955560,1998072,1966307,939023,27501,708,0
56.84105896949768,359698,2339752,2381988,2350433,867230,17699,716,0
56.89459180831909,359676,2435740,2480392,2446509,893933,24655,718,0
56.89459180831909,359684,1851860,1896204,1862559,945421,24567,706,0
56.89459180831909,359691,1955568,1998072,1966307,939023,27501,708,0
56.89459180831909,359698,2339736,2381988,2350433,867230,17699,716,0
56.946913957595825,359676,2456224,2500872,2466989,893943,24655,718,0
56.946913957595825,359684,1872340,1914636,1883039,945430,24567,706,0
56.946913957595825,359691,1955568,1998072,1966307,939023,27501,708,0
56.946913957595825,359698,2339764,2381988,2350433,867230,17699,716,0
56.99960279464722,359676,2476656,2521352,2487469,893953,24655,718,0
56.99960279464722,359684,1892788,1935116,1903519,945440,24567,707,0
56.99960279464722,359691,1955584,1998072,1966307,939023,27501,708,0
56.99960279464722,359698,2339740,2381988,2350433,867230,17699,716,0
57.0516939163208,359676,2499236,2541832,2509997,893963,24655,719,0
57.0516939163208,359684,1894868,1939212,1905567,945450,24567,707,0
57.0516939163208,359691,1955568,1998072,1966307,939023,27501,708,0
57.0516939163208,359698,2339748,2381988,2350433,867230,17699,716,0
57.105132818222046,359676,2519716,2562312,2530477,893973,24655,720,0
57.105132818222046,359684,1915328,1959692,1926047,945460,24567,707,0
57.105132818222046,359691,1955536,1998072,1966307,939023,27501,708,0
57.105132818222046,359698,2339748,2381988,2350433,867230,17699,716,0
57.15802884101868,359676,2542232,2584840,2553005,893984,24655,720,0
57.15802884101868,359684,1935812,1978124,1946527,945470,24567,708,0
57.15802884101868,359691,1955496,1998072,1966307,939023,27501,708,0
57.15802884101868,359698,2339616,2381988,2350433,867230,17699,716,0
57.239874839782715,359676,2550332,2593032,2561197,893991,24655,720,0
57.239874839782715,359684,1939916,1982220,1950623,945472,24567,708,0
57.239874839782715,359691,1955508,1998072,1966307,939023,27501,708,0
57.239874839782715,359698,2339428,2381988,2350433,867232,17699,716,0
57.29403901100159,359676,2562048,2605320,2572809,895861,24655,720,0
57.29403901100159,359684,1947948,1990540,1958647,947117,24567,708,0
57.29403901100159,359691,1955584,1998072,1966307,939023,27501,708,0
57.29403901100159,359698,2339772,2381988,2350433,867232,17699,716,0
57.34534788131714,359676,2579640,2623112,2590401,900289,24655,721,0
57.34534788131714,359684,1965304,2007948,1976003,951459,24567,708,0
57.34534788131714,359691,1955584,1998072,1966307,939023,27501,708,0
57.34534788131714,359698,2339772,2381988,2350433,867232,17699,716,0
57.39546084403992,359676,2597872,2641160,2608633,904745,24655,721,0
57.39546084403992,359684,1982932,2025228,1993631,955829,24567,708,0
57.39546084403992,359691,1955580,1998072,1966307,939023,27501,708,0
57.39546084403992,359698,2339772,2381988,2350433,867232,17699,716,0
57.44733691215515,359676,2603652,2646280,2614445,906282,24655,721,0
57.44733691215515,359684,1993040,2035468,2003871,956229,24567,709,0
57.44733691215515,359691,1955532,1998072,1966307,939023,27501,708,0
57.44733691215515,359698,2339768,2381988,2350433,867232,17699,716,0
57.5003387928009,359676,2603684,2646280,2614445,906282,24655,721,0
57.5003387928009,359684,2011604,2053900,2022303,956238,24567,709,0
57.5003387928009,359691,1955584,1998072,1966307,939023,27501,708,0
57.5003387928009,359698,2339772,2381988,2350433,867232,17699,716,0
57.55221199989319,359676,2603660,2646280,2614445,906282,24655,721,0
57.55221199989319,359684,2030036,2072332,2040735,956247,24567,710,0
57.55221199989319,359691,1955584,1998072,1966307,939023,27501,708,0
57.55221199989319,359698,2339772,2381988,2350433,867232,17699,716,0
57.60497188568115,359676,2603676,2646280,2614445,906282,24655,721,0
57.60497188568115,359684,2048468,2090764,2059167,956256,24567,710,0
57.60497188568115,359691,1955560,1998072,1966307,939023,27501,708,0
57.60497188568115,359698,2339736,2381988,2350433,867232,17699,716,0
57.6569938659668,359676,2603684,2646280,2614445,906282,24655,721,0
57.6569938659668,359684,2066836,2111244,2077599,956266,24567,710,0
57.6569938659668,359691,1955560,1998072,1966307,939023,27501,708,0
57.6569938659668,359698,2339760,2381988,2350433,867232,17699,716,0
57.70953893661499,359676,2603640,2646280,2614493,906282,24655,721,0
57.70953893661499,359684,2087376,2129676,2098079,956275,24567,710,0
57.70953893661499,359691,1955552,1998072,1966307,939023,27501,708,0
57.70953893661499,359698,2339772,2381988,2350433,867232,17699,716,0
57.76205897331238,359676,2603684,2646280,2614445,906282,24655,721,0
57.76205897331238,359684,2095572,2137868,2106271,956280,24567,711,0
57.76205897331238,359691,1955580,1998072,1966307,939023,27501,708,0
57.76205897331238,359698,2339772,2381988,2350433,867232,17699,716,0
57.81564497947693,359676,2603564,2646280,2614445,906282,24655,721,0
57.81564497947693,359684,2095544,2137868,2106271,956280,24567,711,0
57.81564497947693,359691,1955548,1998072,1966307,939023,27501,708,0
57.81564497947693,359698,2339464,2381988,2350433,867232,17699,716,0
57.870593786239624,359676,2603684,2646280,2614445,906282,24655,721,0
57.870593786239624,359684,2104792,2147596,2115491,958239,24567,711,0
57.870593786239624,359691,1955584,1998072,1966307,939023,27501,708,0
57.870593786239624,359698,2339772,2381988,2350433,867232,17699,716,0
57.92229390144348,359676,2603684,2646280,2614445,906282,24655,721,0
57.92229390144348,359684,2124244,2168588,2134943,962425,24567,712,0
57.92229390144348,359691,1675008,1717520,1685731,939023,27501,702,0
57.92229390144348,359698,2339772,2381988,2350433,867232,17699,716,0
57.97286796569824,359676,2603684,2646280,2614445,906282,24655,721,0
57.97286796569824,359684,2150868,2193164,2161567,962438,24567,712,0
57.97286796569824,359691,1543936,1586448,1554659,939023,27501,700,0
57.97286796569824,359698,2339772,2381988,2350433,867232,17699,716,0
58.0230507850647,359676,2603684,2646280,2614445,906282,24655,721,0
58.0230507850647,359684,2175444,2217740,2186143,962450,24567,712,0
58.0230507850647,359691,1543936,1586448,1554659,939023,27501,700,0
58.0230507850647,359698,2339772,2381988,2350433,867232,17699,716,0
58.07365393638611,359676,2603684,2646280,2614445,906282,24655,721,0
58.07365393638611,359684,2200020,2242316,2210719,962462,24567,713,0
58.07365393638611,359691,1562368,1606928,1573091,939031,27501,700,0
58.07365393638611,359698,2339772,2381988,2350433,867232,17699,716,0
58.124146938323975,359676,2603684,2646280,2614445,906282,24655,721,0
58.124146938323975,359684,2224596,2268940,2235295,962474,24567,714,0
58.124146938323975,359691,1586944,1629456,1597667,939044,27501,701,0
58.124146938323975,359698,2339772,2381988,2350433,867232,17699,716,0
58.17510390281677,359676,2603684,2646280,2614445,906282,24655,721,0
58.17510390281677,359684,2251220,2293516,2261919,962487,24567,714,0
58.17510390281677,359691,1586944,1629456,1597667,939044,27501,701,0
58.17510390281677,359698,2339772,2381988,2350433,867232,17699,716,0
58.22605586051941,359676,2603684,2646280,2614445,906282,24655,721,0
58.22605586051941,359684,2275796,2320140,2286495,962499,24567,714,0
58.22605586051941,359691,1586944,1629456,1597667,939044,27501,701,0
58.22605586051941,359698,2339772,2381988,2350433,867232,17699,716,0
58.288275957107544,359676,2603684,2646280,2614445,906282,24655,721,0
58.288275957107544,359684,2304468,2348812,2315167,962513,24567,715,0
58.288275957107544,359691,1586948,1629456,1597671,939044,27501,701,0
58.288275957107544,359698,2339772,2381988,2350433,867232,17699,716,0
58.33887791633606,359676,2603684,2646280,2614445,906282,24655,721,0
58.33887791633606,359684,2331092,2373388,2341791,962526,24567,716,0
58.33887791633606,359691,1586948,1629456,1597671,939045,27501,701,0
58.33887791633606,359698,2339772,2381988,2350433,867232,17699,716,0
58.38911581039429,359676,2603684,2646280,2614445,906282,24655,721,0
58.38911581039429,359684,2355668,2397964,2366367,962538,24567,716,0
58.38911581039429,359691,1586948,1629456,1597671,939045,27501,701,0
58.38911581039429,359698,1921980,1964272,1932641,867232,17699,708,0
58.43841481208801,359676,2603684,2646280,2614445,906282,24655,721,0
58.43841481208801,359684,2380244,2422540,2390943,962550,24567,716,0
58.43841481208801,359691,1586948,1629456,1597671,939045,27501,701,0
58.43841481208801,359698,1921980,1964272,1932641,867232,17699,708,0
58.48789381980896,359676,2603684,2646280,2614445,906282,24655,721,0
58.48789381980896,359684,2404820,2447116,2415519,962562,24567,717,0
58.48789381980896,359691,1586948,1629456,1597671,939045,27501,701,0
58.48789381980896,359698,1921980,1964272,1932641,867232,17699,708,0
58.53798294067383,359676,2603684,2646280,2614445,906282,24655,721,0
58.53798294067383,359684,2429396,2471692,2440095,962574,24567,718,0
58.53798294067383,359691,1586948,1629456,1597671,939045,27501,701,0
58.53798294067383,359698,1921980,1964272,1932641,867232,17699,708,0
58.58774495124817,359676,2603684,2646280,2614445,906282,24655,721,0
58.58774495124817,359684,2453972,2496268,2464671,962586,24567,718,0
58.58774495124817,359691,1586948,1629456,1597671,939045,27501,701,0
58.58774495124817,359698,1921980,1964272,1932641,867232,17699,708,0
58.637229919433594,359676,2603684,2646280,2614445,906282,24655,721,0
58.637229919433594,359684,2478548,2520844,2489247,962598,24567,718,0
58.637229919433594,359691,1586948,1629456,1597671,939045,27501,701,0
58.637229919433594,359698,1921980,1964272,1932641,867232,17699,708,0
58.68645191192627,359676,2603684,2646280,2614445,906282,24655,721,0
58.68645191192627,359684,2503124,2545420,2513823,962610,24567,719,0
58.68645191192627,359691,1586948,1629456,1597671,939045,27501,701,0
58.68645191192627,359698,1921980,1964272,1932641,867232,17699,708,0
58.73611283302307,359676,2603684,2646280,2614445,906282,24655,721,0
58.73611283302307,359684,2527700,2569996,2538399,962622,24567,720,0
58.73611283302307,359691,1586948,1629456,1597671,939045,27501,701,0
58.73611283302307,359698,1921980,1964272,1932641,867232,17699,708,0
58.785316944122314,359676,2603684,2646280,2614445,906282,24655,721,0
58.785316944122314,359684,2552276,2594572,2562975,962634,24567,720,0
58.785316944122314,359691,1586948,1629456,1597671,939045,27501,701,0
58.785316944122314,359698,1921980,1964272,1932641,867232,17699,708,0
58.83473992347717,359676,2603684,2646280,2614445,906282,24655,721,0
58.83473992347717,359684,2576852,2619148,2587551,962646,24567,720,0
58.83473992347717,359691,1586948,1629456,1597671,939045,27501,701,0
58.83473992347717,359698,1921980,1964272,1932641,867232,17699,708,0
58.88397979736328,359676,2603684,2646280,2614445,906282,24655,721,0
58.88397979736328,359684,2601428,2643724,2612127,962658,24567,721,0
58.88397979736328,359691,1586948,1629456,1597671,939045,27501,701,0
58.88397979736328,359698,1921980,1964272,1932641,867232,17699,708,0
58.93330192565918,359676,2603684,2646280,2614445,906282,24655,721,0
58.93330192565918,359684,2626004,2668300,2636703,962670,24567,722,0
58.93330192565918,359691,1586948,1629456,1597671,939045,27501,701,0
58.93330192565918,359698,1921980,1964272,1932641,867232,17699,708,0
58.98231387138367,359676,2603684,2646280,2614445,906282,24655,721,0
58.98231387138367,359684,2650620,2692916,2661319,962692,24567,722,0
58.98231387138367,359691,1586948,1629456,1597671,939045,27501,701,0
58.98231387138367,359698,1921980,1964272,1932641,867232,17699,708,0
59.03125500679016,359676,2603684,2646280,2614445,906282,24655,721,0
59.03125500679016,359684,2675220,2717516,2685919,962710,24567,722,0
59.03125500679016,359691,1586948,1629456,1597671,939045,27501,701,0
59.03125500679016,359698,1921980,1964272,1932641,867232,17699,708,0
59.08073592185974,359676,2603684,2646280,2614445,906282,24655,721,0
59.08073592185974,359684,2681364,2723660,2692063,962714,24567,723,0
59.08073592185974,359691,1586948,1629456,1597671,939045,27501,701,0
59.08073592185974,359698,1921980,1964272,1932641,867232,17699,708,0
59.13038682937622,359676,2603684,2646280,2614445,906282,24655,721,0
59.13038682937622,359684,2681364,2723660,2692063,962714,24567,723,0
59.13038682937622,359691,1586948,1629456,1597671,939045,27501,701,0
59.13038682937622,359698,1921980,1964272,1932641,867232,17699,708,0
59.18030095100403,359676,2603684,2646280,2614445,906282,24655,721,0
59.18030095100403,359684,2681364,2723660,2692063,962714,24567,723,0
59.18030095100403,359691,1586956,1629456,1597679,939047,27501,701,0
59.18030095100403,359698,1921980,1964272,1932641,867232,17699,708,0
59.22978496551514,359676,2603684,2646280,2614445,906282,24655,721,0
59.22978496551514,359684,2681364,2723660,2692063,962714,24567,723,0
59.22978496551514,359691,1586956,1629456,1597679,939047,27501,701,0
59.22978496551514,359698,1921980,1964272,1932641,867232,17699,708,0
59.279836893081665,359676,2603684,2646280,2614445,906282,24655,721,0
59.279836893081665,359684,2681364,2723660,2692063,962714,24567,723,0
59.279836893081665,359691,1586956,1629456,1597679,939047,27501,701,0
59.279836893081665,359698,1921980,1964272,1932641,867232,17699,708,0
59.32997679710388,359676,2603684,2646280,2614445,906282,24655,721,0
59.32997679710388,359684,2681364,2723660,2692063,962714,24567,723,0
59.32997679710388,359691,1601292,1643804,1612015,939052,27501,701,0
59.32997679710388,359698,1921980,1964272,1932641,867232,17699,708,0
59.380472898483276,359676,2603684,2646280,2614445,906282,24655,721,0
59.380472898483276,359684,2681364,2723660,2692063,962714,24567,723,0
59.380472898483276,359691,1625868,1668380,1636591,939064,27501,702,0
59.380472898483276,359698,1921980,1964272,1932641,867232,17699,708,0
59.43091583251953,359676,2239140,2263304,2249901,906282,24655,714,0
59.43091583251953,359684,2681364,2723660,2692063,962714,24567,723,0
59.43091583251953,359691,1652492,1695004,1663215,939077,27501,702,0
59.43091583251953,359698,1921980,1964272,1932641,867232,17699,708,0
59.48462986946106,359676,2220708,2263304,2231469,906282,24655,714,0
59.48462986946106,359684,2681364,2723660,2692063,962714,24567,723,0
59.48462986946106,359691,1675020,1719580,1685743,939089,27501,703,0
59.48462986946106,359698,1921980,1964272,1932641,867232,17699,708,0
59.53464078903198,359676,2220708,2263304,2231469,906282,24655,714,0
59.53464078903198,359684,2507284,2395980,2517983,962714,24567,716,0
59.53464078903198,359691,1699596,1744156,1710319,939101,27501,703,0
59.53464078903198,359698,1921980,1964272,1932641,867232,17699,708,0
59.58519101142883,359676,2220708,2263304,2231469,906282,24655,714,0
59.58519101142883,359684,2312724,2355020,2323423,962714,24567,715,0
59.58519101142883,359691,1724172,1768732,1734895,939113,27501,704,0
59.58519101142883,359698,1921980,1964272,1932641,867232,17699,708,0
59.63439679145813,359676,2220708,2263304,2231469,906282,24655,714,0
59.63439679145813,359684,2312724,2355020,2323423,962714,24567,715,0
59.63439679145813,359691,1746700,1793308,1757423,939125,27501,704,0
59.63439679145813,359698,1921980,1964272,1932641,867232,17699,708,0
59.68296980857849,359676,2220708,2263304,2231469,906282,24655,714,0
59.68296980857849,359684,2312724,2355020,2323423,962714,24567,715,0
59.68296980857849,359691,1771276,1817884,1781999,939136,27501,705,0
59.68296980857849,359698,1921980,1964272,1932641,867232,17699,708,0
59.73199200630188,359676,2220708,2263304,2231469,906282,24655,714,0
59.73199200630188,359684,2312724,2355020,2323423,962714,24567,715,0
59.73199200630188,359691,1795852,1840412,1806575,939148,27501,705,0
59.73199200630188,359698,1928124,1972464,1938785,867233,17699,708,0
59.78141379356384,359676,2220708,2263304,2231469,906282,24655,714,0
59.78141379356384,359684,2312724,2355020,2323423,962714,24567,715,0
59.78141379356384,359691,1820428,1864988,1831151,939160,27501,706,0
59.78141379356384,359698,1950652,1997040,1961313,867246,17699,708,0
59.83012080192566,359676,2220708,2263304,2231469,906282,24655,714,0
59.83012080192566,359684,2312724,2355020,2323423,962714,24567,715,0
59.83012080192566,359691,1842956,1889564,1853679,939172,27501,706,0
59.83012080192566,359698,1977276,2019568,1987937,867258,17699,709,0
59.8802227973938,359676,2220708,2263304,2231469,906282,24655,714,0
59.8802227973938,359684,2312724,2355020,2323423,962714,24567,715,0
59.8802227973938,359691,1867532,1914140,1878255,939184,27501,706,0
59.8802227973938,359698,1977276,2019568,1987937,867259,17699,709,0
59.92853093147278,359676,2220708,2263304,2231469,906282,24655,714,0
59.92853093147278,359684,2312724,2355020,2323423,962714,24567,715,0
59.92853093147278,359691,1892108,1938716,1902831,939195,27501,707,0
59.92853093147278,359698,1977276,2019568,1987937,867259,17699,709,0
59.9784619808197,359676,2220708,2263304,2231469,906282,24655,714,0
59.9784619808197,359684,2312724,2355020,2323423,962714,24567,715,0
59.9784619808197,359691,1902348,1944860,1913071,939207,27501,707,0
59.9784619808197,359698,1977276,2019568,1987937,867259,17699,709,0
60.028199911117554,359676,2220708,2263304,2231469,906282,24655,714,0
60.028199911117554,359684,2312724,2355020,2323423,962714,24567,715,0
60.028199911117554,359691,1924876,1969436,1935599,939219,27501,708,0
60.028199911117554,359698,1977276,2019568,1987937,867259,17699,709,0
60.07782983779907,359676,2220708,2263304,2231469,906282,24655,714,0
60.07782983779907,359684,2312724,2355020,2323423,962714,24567,715,0
60.07782983779907,359691,1949452,1994012,1960175,939231,27501,708,0
60.07782983779907,359698,1977276,2019568,1987937,867259,17699,709,0
60.127681016922,359676,2220708,2263304,2231469,906282,24655,714,0
60.127681016922,359684,2312724,2355020,2323423,962714,24567,715,0
60.127681016922,359691,1971980,2016540,1982703,939242,27501,709,0
60.127681016922,359698,1977276,2019568,1987937,867259,17699,709,0
60.17734885215759,359676,2220708,2263304,2231469,906282,24655,714,0
60.17734885215759,359684,2312724,2355020,2323423,962714,24567,715,0
60.17734885215759,359691,1994508,2041116,2005231,939254,27501,709,0
60.17734885215759,359698,1977276,2019568,1987937,867259,17699,709,0
60.22633099555969,359676,2220708,2263304,2231469,906282,24655,714,0
60.22633099555969,359684,2312724,2355020,2323423,962714,24567,715,0
60.22633099555969,359691,2019084,2065692,2029807,939266,27501,710,0
60.22633099555969,359698,1977276,2019568,1987937,867259,17699,709,0
60.27503991127014,359676,2220708,2263304,2231469,906282,24655,714,0
60.27503991127014,359684,2312724,2355020,2323423,962714,24567,715,0
60.27503991127014,359691,2045708,2090268,2056431,939277,27501,710,0
60.27503991127014,359698,1977276,2019568,1987937,867259,17699,709,0
60.32324290275574,359676,2220708,2263304,2231469,906282,24655,714,0
60.32324290275574,359684,2312724,2355020,2323423,962714,24567,715,0
60.32324290275574,359691,2070284,2112796,2081007,939289,27501,711,0
60.32324290275574,359698,1977276,2019568,1987937,867259,17699,709,0
60.37159299850464,359676,2220708,2263304,2231469,906282,24655,714,0
60.37159299850464,359684,2312724,2355020,2323423,962714,24567,715,0
60.37159299850464,359691,2094860,2137372,2105583,939301,27501,711,0
60.37159299850464,359698,1977276,2019568,1987937,867259,17699,709,0
60.42177391052246,359676,2220708,2263304,2231469,906282,24655,714,0
60.42177391052246,359684,2312724,2355020,2323423,962714,24567,715,0
60.42177391052246,359691,2117416,2161976,2128139,939318,27501,712,0
60.42177391052246,359698,1919932,1872112,1930593,867259,17699,706,0
60.4713180065155,359676,2220708,2263304,2231469,906282,24655,714,0
60.4713180065155,359684,2312724,2355020,2323423,962714,24567,715,0
60.4713180065155,359691,2142028,2184540,2152751,939340,27501,712,0
60.4713180065155,359698,1698748,1741040,1709409,867259,17699,703,0
60.51814389228821,359676,2220708,2263304,2231469,906282,24655,714,0
60.51814389228821,359684,2312724,2355020,2323423,962714,24567,715,0
60.51814389228821,359691,2164556,2209116,2175279,939352,27501,712,0
60.51814389228821,359698,1698748,1741040,1709409,867259,17699,703,0
60.565189838409424,359676,2220708,2263304,2231469,906282,24655,714,0
60.565189838409424,359684,2312724,2355020,2323423,962714,24567,715,0
60.565189838409424,359691,2187084,2231644,2197807,939363,27501,713,0
60.565189838409424,359698,1698748,1741040,1709409,867259,17699,703,0
60.61242485046387,359676,2220708,2263304,2231469,906282,24655,714,0
60.61242485046387,359684,2312724,2355020,2323423,962714,24567,715,0
60.61242485046387,359691,2211660,2254172,2222383,939374,27501,714,0
60.61242485046387,359698,1698748,1741040,1709409,867259,17699,703,0
60.65825700759888,359676,2220708,2263304,2231469,906282,24655,714,0
60.65825700759888,359684,2312724,2355020,2323423,962714,24567,715,0
60.65825700759888,359691,2232140,2276700,2242863,939385,27501,714,0
60.65825700759888,359698,1698748,1741040,1709409,867259,17699,703,0
60.704089879989624,359676,2220708,2263304,2231469,906282,24655,714,0
60.704089879989624,359684,2312724,2355020,2323423,962714,24567,715,0
60.704089879989624,359691,2254668,2299228,2265391,939396,27501,714,0
60.704089879989624,359698,1698748,1741040,1709409,867259,17699,703,0
60.75167489051819,359676,2220708,2263304,2231469,906282,24655,714,0
60.75167489051819,359684,2312724,2355020,2323423,962714,24567,715,0
60.75167489051819,359691,2271124,2314204,2281847,942391,27501,715,0
60.75167489051819,359698,1698748,1741040,1709409,867259,17699,703,0
60.798919916152954,359676,2220708,2263304,2231469,906282,24655,714,0
60.798919916152954,359684,2312724,2355020,2323423,962714,24567,715,0
60.798919916152954,359691,2287340,2330332,2298063,946419,27501,715,0
60.798919916152954,359698,1698748,1741040,1709409,867259,17699,703,0
60.84532189369202,359676,2220708,2263304,2231469,906282,24655,714,0
60.84532189369202,359684,2312724,2355020,2323423,962714,24567,715,0
60.84532189369202,359691,2303440,2346460,2314163,950446,27501,716,0
60.84532189369202,359698,1698748,1741040,1709409,867259,17699,703,0
60.89174795150757,359676,2220708,2263304,2231469,906282,24655,714,0
60.89174795150757,359684,2312724,2355020,2323423,962714,24567,715,0
60.89174795150757,359691,2319620,2362716,2330343,954535,27501,716,0
60.89174795150757,359698,1698748,1741040,1709409,867259,17699,703,0
60.94066286087036,359676,2220692,2263304,2231469,906282,24655,714,0
60.94066286087036,359684,2312724,2355020,2323423,962714,24567,715,0
60.94066286087036,359691,2321620,2364764,2332975,955782,27501,716,0
60.94066286087036,359698,1698592,1741040,1709409,867260,17699,703,0
60.9920859336853,359676,2220668,2263304,2231469,906282,24655,714,0
60.9920859336853,359684,2312684,2355020,2323423,962714,24567,715,0
60.9920859336853,359691,2322140,2364764,2332975,955782,27501,716,0
60.9920859336853,359698,1698428,1741040,1709409,867260,17699,703,0
61.04336500167847,359676,2220636,2263304,2231469,906282,24655,714,0
61.04336500167847,359684,2312704,2355020,2323423,962714,24567,715,0
61.04336500167847,359691,2322164,2364764,2332975,955782,27501,716,0
61.04336500167847,359698,1698736,1741040,1709409,867261,17699,703,0
61.09491586685181,359676,2220592,2263304,2231469,906282,24655,714,0
61.09491586685181,359684,2312688,2355020,2323423,962714,24567,715,0
61.09491586685181,359691,2326316,2368860,2337071,955784,27501,716,0
61.09491586685181,359698,1698724,1741040,1709409,867263,17699,703,0
61.14607286453247,359676,2220680,2263304,2231469,906282,24655,714,0
61.14607286453247,359684,2312720,2355020,2323423,962714,24567,715,0
61.14607286453247,359691,2326124,2368860,2337071,955784,27501,716,0
61.14607286453247,359698,1698740,1741040,1709409,867263,17699,703,0
61.19766187667847,359676,2220592,2263304,2231469,906282,24655,714,0
61.19766187667847,359684,2312724,2355020,2323423,962714,24567,715,0
61.19766187667847,359691,2326284,2368860,2337071,955784,27501,716,0
61.19766187667847,359698,1698732,1741040,1709409,867263,17699,703,0
61.24988794326782,359676,2220620,2263304,2231469,906282,24655,714,0
61.24988794326782,359684,2312724,2355020,2323423,962714,24567,715,0
61.24988794326782,359691,2330436,2372956,2341167,955785,27501,716,0
61.24988794326782,359698,1698748,1741040,1709409,867263,17699,703,0
61.30011487007141,359676,2220708,2263304,2231469,906282,24655,714,0
61.30011487007141,359684,2312716,2355020,2323423,962714,24567,715,0
61.30011487007141,359691,2346808,2391388,2357551,955793,27501,716,0
61.30011487007141,359698,1698740,1741040,1709409,867263,17699,703,0
61.348593950271606,359676,2220648,2263304,2231469,906282,24655,714,0
61.348593950271606,359684,2312704,2355020,2323423,962714,24567,715,0
61.348593950271606,359691,2365260,2407772,2375983,955802,27501,717,0
61.348593950271606,359698,1698744,1741040,1709409,867263,17699,703,0
61.39779591560364,359676,2220688,2263304,2231469,906282,24655,714,0
61.39779591560364,359684,2312696,2355020,2323423,962714,24567,715,0
61.39779591560364,359691,2381608,2424156,2392367,955811,27501,717,0
61.39779591560364,359698,1701516,1745008,1712177,867264,17699,703,0
61.44823098182678,359676,2220708,2263304,2231469,906282,24655,714,0
61.44823098182678,359684,2312724,2355020,2323423,962715,24567,715,0
61.44823098182678,359691,2396052,2439132,2406775,958720,27501,717,0
61.44823098182678,359698,1718524,1761904,1729185,871168,17699,704,0
61.49573993682861,359676,1817252,1859848,1828013,906282,24655,705,0
61.49573993682861,359684,2312724,2355020,2323423,962715,24567,715,0
61.49573993682861,359691,2418508,2461020,2429231,960426,27501,718,0
61.49573993682861,359698,1741756,1786096,1752417,872393,17699,704,0
61.54443693161011,359676,1817252,1859848,1828013,906282,24655,705,0
61.54443693161011,359684,2312724,2355020,2323423,962715,24567,715,0
61.54443693161011,359691,2443104,2485616,2453827,960441,27501,718,0
61.54443693161011,359698,1766332,1810672,1776993,872405,17699,704,0
61.5924289226532,359676,1817252,1859848,1828013,906282,24655,705,0
61.5924289226532,359684,1907220,1949516,1917919,962715,24567,707,0
61.5924289226532,359691,2465676,2508188,2476399,960464,27501,719,0
61.5924289226532,359698,1799100,1845488,1809761,872420,17699,705,0
61.661996841430664,359676,1817252,1859848,1828013,906282,24655,705,0
61.661996841430664,359684,1907220,1949516,1917919,962715,24567,707,0
61.661996841430664,359691,2488204,2532764,2498927,960476,27501,719,0
61.661996841430664,359698,1825724,1870064,1836385,872433,17699,706,0
61.70877981185913,359676,1817252,1859848,1828013,906282,24655,705,0
61.70877981185913,359684,1907220,1949516,1917919,962715,24567,707,0
61.70877981185913,359691,2512780,2555292,2523503,960487,27501,720,0
61.70877981185913,359698,1848252,1892592,1858913,872445,17699,706,0
61.755249977111816,359676,1817252,1859848,1828013,906282,24655,705,0
61.755249977111816,359684,1907220,1949516,1917919,962715,24567,707,0
61.755249977111816,359691,2533260,2575772,2543983,960498,27501,720,0
61.755249977111816,359698,1883072,1929460,1893733,872462,17699,707,0
61.827682971954346,359676,1817252,1859848,1828013,906282,24655,705,0
61.827682971954346,359684,1907220,1949516,1917919,962715,24567,707,0
61.827682971954346,359691,2555788,2598300,2566511,960509,27501,720,0
61.827682971954346,359698,1907648,1951988,1918309,872475,17699,708,0
61.87498497962952,359676,1817252,1859848,1828013,906282,24655,705,0
61.87498497962952,359684,1907220,1949516,1917919,962715,24567,707,0
61.87498497962952,359691,2578316,2622876,2589039,960520,27501,721,0
61.87498497962952,359698,1930176,1976564,1940837,872486,17699,708,0
61.921926975250244,359676,1817252,1859848,1828013,906282,24655,705,0
61.921926975250244,359684,1907220,1949516,1917919,962715,24567,707,0
61.921926975250244,359691,2600844,2645404,2611567,960532,27501,722,0
61.921926975250244,359698,1952704,1999092,1963365,872498,17699,708,0
61.968732833862305,359676,1817252,1859848,1828013,906282,24655,705,0
61.968732833862305,359684,1907220,1949516,1917919,962715,24567,707,0
61.968732833862305,359691,2625420,2667932,2636143,960543,27501,722,0
61.968732833862305,359698,1977280,2023668,1987941,872509,17699,709,0
62.01528286933899,359676,1817252,1859848,1828013,906282,24655,705,0
62.01528286933899,359684,1907220,1949516,1917919,962715,24567,707,0
62.01528286933899,359691,2647948,2690460,2658671,960554,27501,722,0
62.01528286933899,359698,1999808,2046196,2010469,872521,17699,709,0
62.06224083900452,359676,1817252,1859848,1828013,906282,24655,705,0
62.06224083900452,359684,1907220,1949516,1917919,962715,24567,707,0
62.06224083900452,359691,2658256,2700700,2668979,960578,27501,722,0
62.06224083900452,359698,2024384,2070772,2035045,872533,17699,710,0
62.109946966171265,359676,1817252,1859848,1828013,906282,24655,705,0
62.109946966171265,359684,1907220,1949516,1917919,962715,24567,707,0
62.109946966171265,359691,2658256,2700700,2668979,960578,27501,722,0
62.109946966171265,359698,2048960,2095348,2059621,872544,17699,710,0
62.15733599662781,359676,1817252,1859848,1828013,906282,24655,705,0
62.15733599662781,359684,1907220,1949516,1917919,962715,24567,707,0
62.15733599662781,359691,2658256,2700700,2668979,960578,27501,722,0
62.15733599662781,359698,2071488,2117876,2082149,872555,17699,711,0
62.203492879867554,359676,1817252,1859848,1828013,906282,24655,705,0
62.203492879867554,359684,1907220,1949516,1917919,962715,24567,707,0
62.203492879867554,359691,2658256,2700700,2668979,960578,27501,722,0
62.203492879867554,359698,2094016,2140404,2104677,872567,17699,711,0
62.249584913253784,359676,1817252,1859848,1828013,906282,24655,705,0
62.249584913253784,359684,1907220,1949516,1917919,962715,24567,707,0
62.249584913253784,359691,2658256,2700700,2668979,960578,27501,722,0
62.249584913253784,359698,2118592,2164980,2129253,872578,17699,712,0
62.298067808151245,359676,1821348,1863944,1832109,906282,24655,705,0
62.298067808151245,359684,1907220,1949516,1917919,962715,24567,707,0
62.298067808151245,359691,2658256,2700700,2668979,960578,27501,722,0
62.298067808151245,359698,2141120,2187508,2151781,872590,17699,712,0
62.345908880233765,359676,1843876,1888520,1854637,906294,24655,706,0
62.345908880233765,359684,1907220,1949516,1917919,962715,24567,707,0
62.345908880233765,359691,2658256,2700700,2668979,960578,27501,722,0
62.345908880233765,359698,2162440,2207348,2173101,873134,17699,712,0
62.39326500892639,359676,1852068,1894664,1862829,907321,24655,706,0
62.39326500892639,359684,1907220,1949516,1917919,962715,24567,707,0
62.39326500892639,359691,2658256,2700700,2668979,960578,27501,722,0
62.39326500892639,359698,2178920,2223860,2189581,877250,17699,713,0
62.44085383415222,359676,1852068,1894664,1862829,907321,24655,706,0
62.44085383415222,359684,1907220,1949516,1917919,962715,24567,707,0
62.44085383415222,359691,2658256,2700700,2668979,960578,27501,722,0
62.44085383415222,359698,2197152,2240756,2207813,881419,17699,713,0
62.48949098587036,359676,1852068,1894664,1862829,907321,24655,706,0
62.48949098587036,359684,1907220,1949516,1917919,962715,24567,707,0
62.48949098587036,359691,2658240,2700700,2668979,960578,27501,722,0
62.48949098587036,359698,2208728,2251028,2219397,884383,17699,714,0
62.53870487213135,359676,1851836,1894664,1862829,907321,24655,706,0
62.53870487213135,359684,1907148,1949516,1917919,962715,24567,707,0
62.53870487213135,359691,2658200,2700700,2668979,960578,27501,722,0
62.53870487213135,359698,2198496,2242836,2209157,884385,17699,713,0
62.5889937877655,359676,1852068,1894664,1862829,907322,24655,706,0
62.5889937877655,359684,1907220,1949516,1917919,962715,24567,707,0
62.5889937877655,359691,2658256,2700700,2668979,960578,27501,722,0
62.5889937877655,359698,2216916,2261268,2227589,884395,17699,714,0
62.637988805770874,359676,1852060,1894664,1862857,907324,24660,706,0
62.637988805770874,359684,1907220,1949516,1917919,962718,24567,707,0
62.637988805770874,359691,2658192,2700700,2668979,960578,27501,722,0
62.637988805770874,359698,2235224,2279700,2246021,884404,17699,714,0
62.687503814697266,359676,1852096,1894664,1862857,907324,24660,706,0
62.687503814697266,359684,1907220,1949516,1917919,962718,24567,707,0
62.687503814697266,359691,2658256,2700700,2668979,960578,27501,722,0
62.687503814697266,359698,2247352,2290708,2258013,885284,17699,714,0
62.73622989654541,359676,1852096,1894664,1862857,907324,24660,706,0
62.73622989654541,359684,1907220,1949516,1917919,962718,24567,707,0
62.73622989654541,359691,2658256,2700700,2668979,960578,27501,722,0
62.73622989654541,359698,2263836,2307348,2274497,889440,17699,714,0
62.784868001937866,359676,1852096,1894664,1862857,907324,24660,706,0
62.784868001937866,359684,1907220,1949516,1917919,962718,24567,707,0
62.784868001937866,359691,2285520,2328032,2296243,960578,27501,715,0
62.784868001937866,359698,2286560,2330900,2297221,892093,17699,715,0
62.836236000061035,359676,1852096,1894664,1862857,907324,24660,706,0
62.836236000061035,359684,1907220,1949516,1917919,962718,24567,707,0
62.836236000061035,359691,2285520,2328032,2296243,960578,27501,715,0
62.836236000061035,359698,2309128,2353472,2319789,892112,17701,716,0
62.884557008743286,359676,1852096,1894664,1862857,907324,24660,706,0
62.884557008743286,359684,1907220,1949516,1917919,962718,24567,707,0
62.884557008743286,359691,2285520,2328032,2296243,960578,27501,715,0
62.884557008743286,359698,2333752,2378096,2344413,892134,17702,716,0
62.93256187438965,359676,1852096,1894664,1862857,907324,24660,706,0
62.93256187438965,359684,1907220,1949516,1917919,962718,24567,707,0
62.93256187438965,359691,2285520,2328032,2296243,960578,27501,715,0
62.93256187438965,359698,2356320,2400660,2366981,892157,17702,716,0
62.98074984550476,359676,1852096,1894664,1862857,907324,24660,706,0
62.98074984550476,359684,1907220,1949516,1917919,962718,24567,707,0
62.98074984550476,359691,2285520,2328032,2296243,960578,27501,715,0
62.98074984550476,359698,2380896,2425236,2391557,892168,17702,717,0
63.028520822525024,359676,1852096,1894664,1862857,907324,24660,706,0
63.028520822525024,359684,1907220,1949516,1917919,962718,24567,707,0
63.028520822525024,359691,2285520,2328032,2296243,960578,27501,715,0
63.028520822525024,359698,2403424,2447764,2414085,892180,17702,718,0
63.07633996009827,359676,1852096,1894664,1862857,907324,24660,706,0
63.07633996009827,359684,1907220,1949516,1917919,962718,24567,707,0
63.07633996009827,359691,2285520,2328032,2296243,960578,27501,715,0
63.07633996009827,359698,2428000,2472340,2438661,892192,17702,718,0
63.124910831451416,359676,1852096,1894664,1862857,907324,24660,706,0
63.124910831451416,359684,1907220,1949516,1917919,962718,24567,707,0
63.124910831451416,359691,2285520,2328032,2296243,960578,27501,715,0
63.124910831451416,359698,2450528,2494868,2461189,892202,17702,718,0
63.17269587516785,359676,1852096,1894664,1862857,907324,24660,706,0
63.17269587516785,359684,1907220,1949516,1917919,962718,24567,707,0
63.17269587516785,359691,2285520,2328032,2296243,960578,27501,715,0
63.17269587516785,359698,2475104,2517396,2485765,892214,17702,719,0
63.22037696838379,359676,1852096,1894664,1862857,907324,24660,706,0
63.22037696838379,359684,1907220,1949516,1917919,962718,24567,707,0
63.22037696838379,359691,2285520,2328032,2296243,960578,27501,715,0
63.22037696838379,359698,2499680,2541972,2510341,892226,17702,720,0
63.26744890213013,359676,1852096,1894664,1862857,907324,24660,706,0
63.26744890213013,359684,1907220,1949516,1917919,962718,24567,707,0
63.26744890213013,359691,2285520,2328032,2296243,960578,27501,715,0
63.26744890213013,359698,2522208,2566548,2532869,892237,17702,720,0
63.3146607875824,359676,1852096,1894664,1862857,907324,24660,706,0
63.3146607875824,359684,1907220,1949516,1917919,962718,24567,707,0
63.3146607875824,359691,2285520,2328032,2296243,960578,27501,715,0
63.3146607875824,359698,2546784,2591124,2557445,892249,17702,720,0
63.36161279678345,359676,1852096,1894664,1862857,907324,24660,706,0
63.36161279678345,359684,1907220,1949516,1917919,962718,24567,707,0
63.36161279678345,359691,2285520,2328032,2296243,960578,27501,715,0
63.36161279678345,359698,2571360,2615700,2582021,892261,17702,721,0
63.40859293937683,359676,1852096,1894664,1862857,907324,24660,706,0
63.40859293937683,359684,1907220,1949516,1917919,962718,24567,707,0
63.40859293937683,359691,2285520,2328032,2296243,960578,27501,715,0
63.40859293937683,359698,2593888,2638228,2604549,892273,17702,721,0
63.45533084869385,359676,1852096,1894664,1862857,907324,24660,706,0
63.45533084869385,359684,1907220,1949516,1917919,962718,24567,707,0
63.45533084869385,359691,2285520,2328032,2296243,960578,27501,715,0
63.45533084869385,359698,2613672,2657044,2624333,894021,17702,722,0
63.50223088264465,359676,1852096,1894664,1862857,907324,24660,706,0
63.50223088264465,359684,1907220,1949516,1917919,962718,24567,707,0
63.50223088264465,359691,2285520,2328032,2296243,960578,27501,715,0
63.50223088264465,359698,2615528,2657812,2626189,895129,17702,722,0
63.55026197433472,359676,1581760,1624352,1592521,907326,24660,700,0
63.55026197433472,359684,1907220,1949516,1917919,962718,24567,707,0
63.55026197433472,359691,2285520,2328032,2296243,960578,27501,715,0
63.55026197433472,359698,2615528,2657812,2626189,895129,17702,722,0
63.62379598617554,359676,1581760,1624352,1592521,907326,24660,700,0
63.62379598617554,359684,1907220,1949516,1917919,962718,24567,707,0
63.62379598617554,359691,2285520,2328032,2296243,960578,27501,715,0
63.62379598617554,359698,2615528,2657812,2626189,895129,17702,722,0
63.67085099220276,359676,1581756,1624352,1592519,907326,24660,700,0
63.67085099220276,359684,1499684,1541964,1510385,962719,24571,699,0
63.67085099220276,359691,2285520,2328032,2296243,960578,27501,715,0
63.67085099220276,359698,2615528,2657812,2626189,895129,17702,722,0
63.716004848480225,359676,1581756,1624352,1592519,907326,24660,700,0
63.716004848480225,359684,1499688,1541964,1510389,962719,24572,699,0
63.716004848480225,359691,2285520,2328032,2296243,960578,27501,715,0
63.716004848480225,359698,2615528,2657812,2626189,895129,17702,722,0
63.761662006378174,359676,1581756,1624352,1592519,907326,24660,700,0
63.761662006378174,359684,1499688,1541964,1510389,962719,24572,699,0
63.761662006378174,359691,2285520,2328032,2296243,960578,27501,715,0
63.761662006378174,359698,2615528,2657812,2626189,895129,17702,722,0
63.80809187889099,359676,1581756,1624352,1592519,907326,24660,700,0
63.80809187889099,359684,1499688,1541964,1510389,962719,24572,699,0
63.80809187889099,359691,2285520,2328032,2296243,960578,27501,715,0
63.80809187889099,359698,2615528,2657812,2626189,895129,17702,722,0
63.85420489311218,359676,1581756,1624352,1592519,907326,24660,700,0
63.85420489311218,359684,1499688,1541964,1510389,962719,24572,699,0
63.85420489311218,359691,2285520,2328032,2296243,960578,27501,715,0
63.85420489311218,359698,2615528,2657812,2626189,895129,17702,722,0
63.900091886520386,359676,1589948,1632544,1600711,907329,24660,700,0
63.900091886520386,359684,1499688,1541964,1510389,962719,24572,699,0
63.900091886520386,359691,2285520,2328032,2296243,960578,27501,715,0
63.900091886520386,359698,2615528,2657812,2626189,895129,17702,722,0
63.94702887535095,359676,1614524,1657120,1625287,907340,24660,701,0
63.94702887535095,359684,1499688,1541964,1510389,962719,24572,699,0
63.94702887535095,359691,2285520,2328032,2296243,960578,27501,715,0
63.94702887535095,359698,2615528,2657812,2626189,895129,17702,722,0
63.99462294578552,359676,1637052,1681696,1647815,907352,24660,702,0
63.99462294578552,359684,1499688,1541964,1510389,962719,24572,699,0
63.99462294578552,359691,2285520,2328032,2296243,960578,27501,715,0
63.99462294578552,359698,2615528,2657812,2626189,895129,17702,722,0
64.04178786277771,359676,1659580,1704224,1670343,907363,24660,702,0
64.04178786277771,359684,1509928,1554272,1520629,962724,24572,699,0
64.04178786277771,359691,2285520,2328032,2296243,960578,27501,715,0
64.04178786277771,359698,2615528,2657812,2626189,895129,17702,722,0
64.08909893035889,359676,1684156,1726752,1694919,907375,24660,702,0
64.08909893035889,359684,1532456,1576800,1543157,962735,24572,700,0
64.08909893035889,359691,2285520,2328032,2296243,960578,27501,715,0
64.08909893035889,359698,2615528,2657812,2626189,895129,17702,722,0
64.13521194458008,359676,1706684,1749280,1717447,907386,24660,703,0
64.13521194458008,359684,1548840,1591136,1559541,962743,24572,700,0
64.13521194458008,359691,2285520,2328032,2296243,960578,27501,715,0
64.13521194458008,359698,2615528,2657812,2626189,895129,17702,722,0
64.18184280395508,359676,1729212,1773856,1739975,907397,24660,704,0
64.18184280395508,359684,1548840,1591136,1559541,962743,24572,700,0
64.18184280395508,359691,2285520,2328032,2296243,960578,27501,715,0
64.18184280395508,359698,2615528,2657812,2626189,895129,17702,722,0
64.22918391227722,359676,1753788,1796384,1764551,907408,24660,704,0
64.22918391227722,359684,1548840,1591136,1559541,962743,24572,700,0
64.22918391227722,359691,2285520,2328032,2296243,960578,27501,715,0
64.22918391227722,359698,2615528,2657812,2626189,895129,17702,722,0
64.2751247882843,359676,1776316,1820960,1787079,907420,24660,704,0
64.2751247882843,359684,1548840,1591136,1559541,962743,24572,700,0
64.2751247882843,359691,2285520,2328032,2296243,960578,27501,715,0
64.2751247882843,359698,2615528,2657812,2626189,895129,17702,722,0
64.32293796539307,359676,1800892,1843488,1811655,907431,24660,705,0
64.32293796539307,359684,1548840,1591136,1559541,962743,24572,700,0
64.32293796539307,359691,2285520,2328032,2296243,960578,27501,715,0
64.32293796539307,359698,2615528,2657812,2626189,895129,17702,722,0
64.3702449798584,359676,1823420,1868064,1834183,907443,24660,705,0
64.3702449798584,359684,1548840,1591136,1559541,962743,24572,700,0
64.3702449798584,359691,2285520,2328032,2296243,960578,27501,715,0
64.3702449798584,359698,2615528,2657812,2626189,895129,17702,722,0
64.41718578338623,359676,1847996,1890592,1858759,907454,24660,706,0
64.41718578338623,359684,1548840,1591136,1559541,962743,24572,700,0
64.41718578338623,359691,2285520,2328032,2296243,960578,27501,715,0
64.41718578338623,359698,2615528,2657812,2626189,895129,17702,722,0
64.46445894241333,359676,1870524,1915168,1881287,907466,24660,706,0
64.46445894241333,359684,1548840,1591136,1559541,962743,24572,700,0
64.46445894241333,359691,2285520,2328032,2296243,960578,27501,715,0
64.46445894241333,359698,2615528,2657812,2626189,895129,17702,722,0
64.5116798877716,359676,1893052,1937696,1903815,907477,24660,707,0
64.5116798877716,359684,1548840,1591136,1559541,962743,24572,700,0
64.5116798877716,359691,2285520,2328032,2296243,960578,27501,715,0
64.5116798877716,359698,2615528,2657812,2626189,895129,17702,722,0
64.55928587913513,359676,1917628,1962272,1928391,907489,24660,707,0
64.55928587913513,359684,1548840,1591136,1559541,962743,24572,700,0
64.55928587913513,359691,2285520,2328032,2296243,960578,27501,715,0
64.55928587913513,359698,2615528,2657812,2626189,895129,17702,722,0
64.60615301132202,359676,1942204,1984800,1952967,907500,24660,708,0
64.60615301132202,359684,1548840,1591136,1559541,962743,24572,700,0
64.60615301132202,359691,2285520,2328032,2296243,960578,27501,715,0
64.60615301132202,359698,2615528,2657812,2626189,895129,17702,722,0
64.65332198143005,359676,1964732,2009376,1975495,907512,24660,708,0
64.65332198143005,359684,1548840,1591136,1559541,962743,24572,700,0
64.65332198143005,359691,2285520,2328032,2296243,960578,27501,715,0
64.65332198143005,359698,2615528,2657812,2626189,895129,17702,722,0
64.69917583465576,359676,1987260,2031904,1998023,907523,24660,708,0
64.69917583465576,359684,1548840,1591136,1559541,962743,24572,700,0
64.69917583465576,359691,2285520,2328032,2296243,960578,27501,715,0
64.69917583465576,359698,2615528,2657812,2626189,895129,17702,722,0
64.74655079841614,359676,2011836,2056480,2022599,907535,24660,709,0
64.74655079841614,359684,1548840,1591136,1559541,962743,24572,700,0
64.74655079841614,359691,2285520,2328032,2296243,960578,27501,715,0
64.74655079841614,359698,2615528,2657812,2626189,895129,17702,722,0
64.79443979263306,359676,2034364,2079008,2045127,907546,24660,710,0
64.79443979263306,359684,1548840,1591136,1559541,962743,24572,700,0
64.79443979263306,359691,2285520,2328032,2296243,960578,27501,715,0
64.79443979263306,359698,2615528,2657812,2626189,895129,17702,722,0
64.84163188934326,359676,2056892,2103584,2067655,907558,24660,710,0
64.84163188934326,359684,1548840,1591136,1559541,962743,24572,700,0
64.84163188934326,359691,1880016,1922528,1890739,960578,27501,707,0
64.84163188934326,359698,2615528,2657812,2626189,895129,17702,722,0
64.88886880874634,359676,2081468,2126112,2092231,907569,24660,710,0
64.88886880874634,359684,1548840,1591136,1559541,962743,24572,700,0
64.88886880874634,359691,1880016,1922528,1890739,960578,27501,707,0
64.88886880874634,359698,2615528,2657812,2626189,895129,17702,722,0
64.93587493896484,359676,2103996,2148640,2114759,907580,24660,711,0
64.93587493896484,359684,1548840,1591136,1559541,962743,24572,700,0
64.93587493896484,359691,1880016,1922528,1890739,960578,27501,707,0
64.93587493896484,359698,2615528,2657812,2626189,895129,17702,722,0
64.98368287086487,359676,2126524,2173216,2137287,907592,24660,712,0
64.98368287086487,359684,1548840,1591136,1559541,962743,24572,700,0
64.98368287086487,359691,1880016,1922528,1890739,960578,27501,707,0
64.98368287086487,359698,2615528,2657812,2626189,895129,17702,722,0
65.03072595596313,359676,2151100,2195744,2161863,907603,24660,712,0
65.03072595596313,359684,1548840,1591136,1559541,962743,24572,700,0
65.03072595596313,359691,1880016,1922528,1890739,960578,27501,707,0
65.03072595596313,359698,2615528,2657812,2626189,895129,17702,722,0
65.07809686660767,359676,2173628,2218272,2184391,907614,24660,712,0
65.07809686660767,359684,1548840,1591136,1559541,962743,24572,700,0
65.07809686660767,359691,1880016,1922528,1890739,960578,27501,707,0
65.07809686660767,359698,2615528,2657812,2626189,895129,17702,722,0
65.12395882606506,359676,2196156,2240800,2206919,907625,24660,713,0
65.12395882606506,359684,1548840,1591136,1559541,962743,24572,700,0
65.12395882606506,359691,1880016,1922528,1890739,960578,27501,707,0
65.12395882606506,359698,2615528,2657812,2626189,895129,17702,722,0
65.17131090164185,359676,2218684,2263328,2229447,907636,24660,714,0
65.17131090164185,359684,1548840,1591136,1559541,962743,24572,700,0
65.17131090164185,359691,1880016,1922528,1890739,960578,27501,707,0
65.17131090164185,359698,2615528,2657812,2626189,895129,17702,722,0
65.21724390983582,359676,2241212,2285856,2251975,907647,24660,714,0
65.21724390983582,359684,1548840,1591136,1559541,962743,24572,700,0
65.21724390983582,359691,1880016,1922528,1890739,960578,27501,707,0
65.21724390983582,359698,2615528,2657812,2626189,895129,17702,722,0
65.26305294036865,359676,2263740,2308384,2274503,907658,24660,714,0
65.26305294036865,359684,1548840,1591136,1559541,962743,24572,700,0
65.26305294036865,359691,1880016,1922528,1890739,960578,27501,707,0
65.26305294036865,359698,2580712,2487836,2591373,895129,17702,718,0
65.31348991394043,359676,2288316,2335008,2299079,907671,24660,715,0
65.31348991394043,359684,1569320,1611616,1580021,962752,24572,700,0
65.31348991394043,359691,1880016,1922528,1890739,960578,27501,707,0
65.31348991394043,359698,2261224,2303516,2271885,895129,17702,714,0
65.36009788513184,359676,2312892,2357536,2323655,907682,24660,715,0
65.36009788513184,359684,1591848,1634144,1602549,962763,24572,700,0
65.36009788513184,359691,1880016,1922528,1890739,960578,27501,707,0
65.36009788513184,359698,2261224,2303516,2271885,895129,17702,714,0
65.4073338508606,359676,2337468,2380064,2348231,907693,24660,716,0
65.4073338508606,359684,1614376,1656672,1625077,962774,24572,701,0
65.4073338508606,359691,1880016,1922528,1890739,960578,27501,707,0
65.4073338508606,359698,2261224,2303516,2271885,895129,17702,714,0
65.45347881317139,359676,2359996,2404640,2370759,907705,24660,716,0
65.45347881317139,359684,1636904,1679200,1647605,962785,24572,702,0
65.45347881317139,359691,1880016,1922528,1890739,960578,27501,707,0
65.45347881317139,359698,2261224,2303516,2271885,895129,17702,714,0
65.50007891654968,359676,2382524,2427168,2393287,907716,24660,717,0
65.50007891654968,359684,1657384,1701728,1668085,962796,24572,702,0
65.50007891654968,359691,1880016,1922528,1890739,960578,27501,707,0
65.50007891654968,359698,2261224,2303516,2271885,895129,17702,714,0
65.54563188552856,359676,2407100,2449696,2417863,907727,24660,717,0
65.54563188552856,359684,1679912,1724256,1690613,962807,24572,702,0
65.54563188552856,359691,1880016,1922528,1890739,960578,27501,707,0
65.54563188552856,359698,2261224,2303516,2271885,895129,17702,714,0
65.59147596359253,359676,2415292,2457888,2426055,907738,24660,717,0
65.59147596359253,359684,1702440,1746784,1713141,962818,24572,703,0
65.59147596359253,359691,1880016,1922528,1890739,960578,27501,707,0
65.59147596359253,359698,2261224,2303516,2271885,895129,17702,714,0
65.63850593566895,359676,2437820,2482464,2448583,907750,24660,718,0
65.63850593566895,359684,1724968,1769312,1735669,962829,24572,703,0
65.63850593566895,359691,1880016,1922528,1890739,960578,27501,707,0
65.63850593566895,359698,2261224,2303516,2271885,895129,17702,714,0
65.68512797355652,359676,2460348,2504992,2471111,907761,24660,718,0
65.68512797355652,359684,1731112,1773408,1741813,962839,24572,704,0
65.68512797355652,359691,1880016,1922528,1890739,960578,27501,707,0
65.68512797355652,359698,2261224,2303516,2271885,895129,17702,714,0
65.73158693313599,359676,2484924,2527520,2495687,907772,24660,719,0
65.73158693313599,359684,1753640,1795936,1764341,962850,24572,704,0
65.73158693313599,359691,1880016,1922528,1890739,960578,27501,707,0
65.73158693313599,359698,2261224,2303516,2271885,895129,17702,714,0
65.77686095237732,359676,2507452,2552096,2518215,907784,24660,719,0
65.77686095237732,359684,1776168,1818464,1786869,962861,24572,704,0
65.77686095237732,359691,1880016,1922528,1890739,960578,27501,707,0
65.77686095237732,359698,2261224,2303516,2271885,895129,17702,714,0
65.82392382621765,359676,2527856,2570656,2538619,908673,24660,720,0
65.82392382621765,359684,1793844,1836384,1804545,964455,24572,705,0
65.82392382621765,359691,1880016,1922528,1890739,960578,27501,707,0
65.82392382621765,359698,2261224,2303516,2271885,895129,17702,714,0
65.87046194076538,359676,2530628,2573216,2541391,910002,24660,720,0
65.87046194076538,359684,1810200,1852896,1820901,968548,24572,705,0
65.87046194076538,359691,1880016,1922528,1890739,960578,27501,707,0
65.87046194076538,359698,2261224,2303516,2271885,895129,17702,714,0
65.91750884056091,359676,2530628,2573216,2541391,910002,24660,720,0
65.91750884056091,359684,1821224,1863520,1831925,971571,24572,705,0
65.91750884056091,359691,1880008,1922528,1890739,960578,27501,707,0
65.91750884056091,359698,2261192,2303516,2271885,895129,17702,714,0
65.96701788902283,359676,2530456,2573216,2541390,910002,24660,720,0
65.96701788902283,359684,1821200,1863520,1831924,971571,24572,705,0
65.96701788902283,359691,1879944,1922528,1890749,960579,27503,707,0
65.96701788902283,359698,2260908,2303516,2271885,895129,17702,714,0
66.01818299293518,359676,2530548,2573216,2541390,910002,24660,720,0
66.01818299293518,359684,1821224,1863520,1831924,971571,24572,705,0
66.01818299293518,359691,1879940,1922528,1890749,960579,27503,707,0
66.01818299293518,359698,2261116,2303516,2271885,895129,17702,714,0
66.06884098052979,359676,2530532,2573216,2541433,910002,24660,720,0
66.06884098052979,359684,1821224,1863520,1831924,971571,24572,705,0
66.06884098052979,359691,1880024,1922528,1890749,960579,27503,707,0
66.06884098052979,359698,2261224,2303516,2271885,895129,17702,714,0
66.11689686775208,359676,2530628,2573216,2541390,910002,24660,720,0
66.11689686775208,359684,1836056,1878880,1846756,975029,24572,706,0
66.11689686775208,359691,1880024,1922528,1890749,960579,27503,707,0
66.11689686775208,359698,2261224,2303516,2271885,895129,17702,714,0
66.16209578514099,359676,2530628,2573216,2541390,910002,24660,720,0
66.16209578514099,359684,1852252,1894752,1862952,979014,24572,706,0
66.16209578514099,359691,1880024,1922528,1890749,960579,27503,707,0
66.16209578514099,359698,2261224,2303516,2271885,895129,17702,714,0
66.20870399475098,359676,2530628,2573216,2541390,910002,24660,720,0
66.20870399475098,359684,1866280,1908576,1876980,982835,24572,706,0
66.20870399475098,359691,1879992,1922528,1890749,960579,27503,707,0
66.20870399475098,359698,2261224,2303516,2271885,895129,17702,714,0
66.25687289237976,359676,2530556,2573216,2541390,910002,24660,720,0
66.25687289237976,359684,1876520,1918816,1887220,982840,24572,706,0
66.25687289237976,359691,1879976,1922528,1890749,960579,27503,707,0
66.25687289237976,359698,2261116,2303516,2271885,895129,17702,714,0
66.30433988571167,359676,2530628,2573216,2541390,910002,24660,720,0
66.30433988571167,359684,1894912,1937248,1905652,982848,24572,707,0
66.30433988571167,359691,1879968,1922528,1890749,960579,27503,707,0
66.30433988571167,359698,2261188,2303516,2271885,895129,17702,714,0
66.35198593139648,359676,2530508,2573216,2541390,910002,24660,720,0
66.35198593139648,359684,1911300,1953632,1922036,982856,24572,707,0
66.35198593139648,359691,1880024,1922528,1890752,960579,27503,707,0
66.35198593139648,359698,2261204,2303516,2271885,895129,17702,714,0
66.39938497543335,359676,2530628,2573216,2541390,910002,24660,720,0
66.39938497543335,359684,1921260,1963872,1931960,982968,24572,707,0
66.39938497543335,359691,1880024,1922528,1890749,960579,27503,707,0
66.39938497543335,359698,2261224,2303516,2271885,895129,17702,714,0
66.44651794433594,359676,2530628,2573216,2541390,910002,24660,720,0
66.44651794433594,359684,1936516,1979232,1947216,986814,24572,708,0
66.44651794433594,359691,1880024,1922528,1890749,960579,27503,707,0
66.44651794433594,359698,2261224,2303516,2271885,895129,17702,714,0
66.49267888069153,359676,2530628,2573216,2541390,910002,24660,720,0
66.49267888069153,359684,1952400,1995232,1963100,990771,24572,708,0
66.49267888069153,359691,1880024,1922528,1890749,960579,27503,707,0
66.49267888069153,359698,2261240,2303516,2271902,895129,17702,714,0
66.53911185264587,359676,2530628,2573216,2541390,910002,24660,720,0
66.53911185264587,359684,1968768,2011616,1979468,994862,24572,708,0
66.53911185264587,359691,1880024,1922528,1890748,960579,27503,707,0
66.53911185264587,359698,2261252,2303516,2271914,895132,17707,714,0
66.58548879623413,359676,2530628,2573216,2541390,910002,24660,720,0
66.58548879623413,359684,1984640,2028000,1995340,998957,24572,708,0
66.58548879623413,359691,1880024,1922528,1890748,960579,27503,707,0
66.58548879623413,359698,2261252,2303516,2271914,895132,17707,714,0
66.63276195526123,359676,2530628,2573216,2541390,910002,24660,720,0
66.63276195526123,359684,2001476,2044896,2012176,1003158,24572,709,0
66.63276195526123,359691,1880024,1922528,1890748,960579,27503,707,0
66.63276195526123,359698,2261252,2303516,2271914,895132,17707,714,0
66.67962694168091,359676,2530620,2573216,2541390,910002,24660,720,0
66.67962694168091,359684,2013736,2056032,2024436,1005902,24572,709,0
66.67962694168091,359691,1880024,1922528,1890748,960579,27503,707,0
66.67962694168091,359698,2261112,2303516,2271914,895132,17707,714,0
66.72806286811829,359676,2530628,2573216,2541390,910002,24660,720,0
66.72806286811829,359684,2023524,2066656,2034224,1006597,24572,710,0
66.72806286811829,359691,1880024,1922528,1890748,960579,27503,707,0
66.72806286811829,359698,2261252,2303516,2271914,895132,17707,714,0
66.77601981163025,359676,2530628,2573216,2541390,910002,24660,720,0
66.77601981163025,359684,2039868,2083296,2050568,1010676,24572,710,0
66.77601981163025,359691,1880024,1922528,1890748,960579,27503,707,0
66.77601981163025,359698,2261252,2303516,2271914,895132,17707,714,0
66.82309985160828,359676,2530628,2573216,2541390,910002,24660,720,0
66.82309985160828,359684,2057244,2100064,2067944,1014843,24572,710,0
66.82309985160828,359691,1880024,1922528,1890748,960579,27503,707,0
66.82309985160828,359698,2261252,2303516,2271914,895132,17707,714,0
66.87099289894104,359676,2530628,2573216,2541390,910002,24660,720,0
66.87099289894104,359684,2074208,2116832,2084908,1019048,24572,710,0
66.87099289894104,359691,1736664,1779176,1747388,960579,27503,704,0
66.87099289894104,359698,2261252,2303516,2271914,895132,17707,714,0
66.91762089729309,359676,2530628,2573216,2541390,910002,24660,720,0
66.91762089729309,359684,2097704,2140000,2108404,1019739,24572,711,0
66.91762089729309,359691,1490904,1517032,1501628,960579,27503,698,0
66.91762089729309,359698,2261252,2303516,2271914,895132,17707,714,0
66.9618558883667,359676,2530628,2573216,2541390,910002,24660,720,0
66.9618558883667,359684,2118184,2162528,2128884,1019750,24572,711,0
66.9618558883667,359691,1474520,1517032,1485244,960579,27503,698,0
66.9618558883667,359698,2261252,2303516,2271914,895132,17707,714,0
67.00624084472656,359676,2530628,2573216,2541390,910002,24660,720,0
67.00624084472656,359684,2142760,2187104,2153460,1019761,24572,712,0
67.00624084472656,359691,1474948,1517928,1485672,960579,27503,698,0
67.00624084472656,359698,2261252,2303516,2271914,895132,17707,714,0
67.05332493782043,359676,2530628,2573216,2541390,910002,24660,720,0
67.05332493782043,359684,2157788,2201184,2168488,1022744,24572,712,0
67.05332493782043,359691,1490904,1533416,1501628,964330,27503,699,0
67.05332493782043,359698,2261252,2303516,2271914,895132,17707,714,0
67.09988379478455,359676,2530628,2573216,2541390,910002,24660,720,0
67.09988379478455,359684,2161016,2203488,2171892,1023859,24572,712,0
67.09988379478455,359691,1490760,1533416,1501628,964675,27503,699,0
67.09988379478455,359698,2261228,2303516,2271914,895132,17707,714,0
67.14986181259155,359676,2530612,2573216,2541390,910003,24660,720,0
67.14986181259155,359684,2163164,2206688,2173956,1024126,24572,712,0
67.14986181259155,359691,1490844,1533416,1501628,964675,27503,699,0
67.14986181259155,359698,2261220,2303516,2271914,895132,17707,714,0
67.1982069015503,359676,2530628,2573216,2541390,910004,24660,720,0
67.1982069015503,359684,2178784,2222048,2189484,1027970,24572,712,0
67.1982069015503,359691,1505052,1548136,1515776,967841,27503,699,0
67.1982069015503,359698,2261252,2303516,2271914,895132,17707,714,0
67.24341487884521,359676,2530324,2573216,2541390,910004,24660,720,0
67.24341487884521,359684,2188792,2232160,2200564,1031027,24572,713,0
67.24341487884521,359691,1515356,1557992,1526204,970819,27503,700,0
67.24341487884521,359698,2260928,2303516,2271914,895132,17707,714,0
67.29542589187622,359676,2530604,2573216,2541390,910004,24660,720,0
67.29542589187622,359684,2195984,2240352,2206708,1031541,24572,713,0
67.29542589187622,359691,1517528,1560040,1528252,970820,27503,700,0
67.29542589187622,359698,2261196,2303516,2271914,895132,17707,714,0
67.34254193305969,359676,2530628,2573216,2541390,910004,24660,720,0
67.34254193305969,359684,2216488,2260832,2227188,1031550,24572,713,0
67.34254193305969,359691,1517528,1560040,1528252,970821,27503,700,0
67.34254193305969,359698,1853700,1895992,1864362,895132,17707,706,0
67.38670897483826,359676,2530628,2573216,2541390,910004,24660,720,0
67.38670897483826,359684,2236968,2281312,2247668,1031561,24572,714,0
67.38670897483826,359691,1517528,1560040,1528252,970821,27503,700,0
67.38670897483826,359698,1853700,1895992,1864362,895132,17707,706,0
67.43063879013062,359676,2530628,2573216,2541390,910004,24660,720,0
67.43063879013062,359684,2261544,2303840,2272244,1031571,24572,714,0
67.43063879013062,359691,1517528,1560040,1528252,970821,27503,700,0
67.43063879013062,359698,1853700,1895992,1864362,895132,17707,706,0
67.47502779960632,359676,2530628,2573216,2541390,910004,24660,720,0
67.47502779960632,359684,2282024,2326368,2292724,1031582,24572,714,0
67.47502779960632,359691,1517528,1560040,1528252,970821,27503,700,0
67.47502779960632,359698,1853700,1895992,1864362,895132,17707,706,0
67.51901984214783,359676,2530628,2573216,2541390,910004,24660,720,0
67.51901984214783,359684,2304552,2346848,2315252,1031593,24572,715,0
67.51901984214783,359691,1517528,1560040,1528252,970821,27503,700,0
67.51901984214783,359698,1853700,1895992,1864362,895132,17707,706,0
67.56297898292542,359676,2530628,2573216,2541390,910004,24660,720,0
67.56297898292542,359684,2325032,2369376,2335732,1031603,24572,716,0
67.56297898292542,359691,1517528,1560040,1528252,970821,27503,700,0
67.56297898292542,359698,1853700,1895992,1864362,895132,17707,706,0
67.60685086250305,359676,2530628,2573216,2541390,910004,24660,720,0
67.60685086250305,359684,2347560,2391904,2358260,1031614,24572,716,0
67.60685086250305,359691,1517528,1560040,1528252,970821,27503,700,0
67.60685086250305,359698,1853700,1895992,1864362,895132,17707,706,0
67.65040493011475,359676,2530628,2573216,2541390,910004,24660,720,0
67.65040493011475,359684,2370088,2412384,2380788,1031625,24572,716,0
67.65040493011475,359691,1517528,1560040,1528252,970821,27503,700,0
67.65040493011475,359698,1853700,1895992,1864362,895132,17707,706,0
67.69431281089783,359676,2530628,2573216,2541390,910004,24660,720,0
67.69431281089783,359684,2390568,2434912,2401268,1031635,24572,717,0
67.69431281089783,359691,1517528,1560040,1528252,970821,27503,700,0
67.69431281089783,359698,1853700,1895992,1864362,895132,17707,706,0
67.73794794082642,359676,2530628,2573216,2541390,910004,24660,720,0
67.73794794082642,359684,2413096,2457440,2423796,1031646,24572,717,0
67.73794794082642,359691,1517528,1560040,1528252,970821,27503,700,0
67.73794794082642,359698,1853700,1895992,1864362,895132,17707,706,0
67.7814769744873,359676,2530628,2573216,2541390,910004,24660,720,0
67.7814769744873,359684,2435624,2477920,2446324,1031657,24572,718,0
67.7814769744873,359691,1517528,1560040,1528252,970821,27503,700,0
67.7814769744873,359698,1853700,1895992,1864362,895132,17707,706,0
67.82557082176208,359676,2530628,2573216,2541390,910004,24660,720,0
67.82557082176208,359684,2456104,2500448,2466804,1031667,24572,718,0
67.82557082176208,359691,1517528,1560040,1528252,970821,27503,700,0
67.82557082176208,359698,1853700,1895992,1864362,895132,17707,706,0
67.86912298202515,359676,2530628,2573216,2541390,910004,24660,720,0
67.86912298202515,359684,2480680,2525024,2491380,1031678,24572,719,0
67.86912298202515,359691,1517528,1560040,1528252,970821,27503,700,0
67.86912298202515,359698,1853700,1895992,1864362,895132,17707,706,0
67.92664790153503,359676,2157892,2200488,2168654,910004,24660,712,0
67.92664790153503,359684,2507304,2551648,2518004,1031692,24572,719,0
67.92664790153503,359691,1517528,1560040,1528252,970821,27503,700,0
67.92664790153503,359698,1853700,1895992,1864362,895132,17707,706,0
67.97008299827576,359676,2157896,2200488,2168658,910004,24660,712,0
67.97008299827576,359684,2533928,2580320,2544628,1031705,24572,720,0
67.97008299827576,359691,1517528,1560040,1528252,970821,27503,700,0
67.97008299827576,359698,1853700,1895992,1864362,895132,17707,706,0
68.03692293167114,359676,2158572,2201128,2169334,910046,24787,712,0
68.03692293167114,359684,2570792,2615136,2581492,1031722,24572,720,0
68.03692293167114,359691,1517528,1560040,1528252,970821,27503,700,0
68.03692293167114,359698,1853700,1895992,1864362,895132,17707,706,0
68.10839796066284,359676,2158908,2201384,2169670,910077,24836,712,0
68.10839796066284,359684,2605608,2647904,2616308,1031739,24572,721,0
68.10839796066284,359691,1517528,1560040,1528252,970821,27503,700,0
68.10839796066284,359698,1853700,1895992,1864362,895132,17707,706,0
68.17655086517334,359676,2159020,2201512,2169782,910083,24862,712,0
68.17655086517334,359684,2609704,2652000,2620404,1031743,24572,721,0
68.17655086517334,359691,1517528,1560040,1528252,970821,27503,700,0
68.17655086517334,359698,1853700,1895992,1864362,895132,17707,706,0
68.24281883239746,359676,2159024,2201512,2169786,910083,24863,712,0
68.24281883239746,359684,2609704,2652000,2620404,1031743,24572,721,0
68.24281883239746,359691,1517528,1560040,1528252,970821,27503,700,0
68.24281883239746,359698,1853700,1895992,1864362,895132,17707,706,0
68.30821895599365,359676,2159024,2201512,2169786,910083,24863,712,0
68.30821895599365,359684,2609704,2652000,2620404,1031743,24572,721,0
68.30821895599365,359691,1517528,1560040,1528252,970821,27503,700,0
68.30821895599365,359698,1853820,1895992,1864482,895162,17707,706,0
68.35121583938599,359676,2159024,2201512,2169786,910083,24863,712,0
68.35121583938599,359684,2609704,2652000,2620404,1031743,24572,721,0
68.35121583938599,359691,1517528,1560040,1528252,970821,27503,700,0
68.35121583938599,359698,1854076,1896248,1864738,895226,17707,706,0
68.39453101158142,359676,2159024,2201512,2169786,910083,24863,712,0
68.39453101158142,359684,2609704,2652000,2620404,1031743,24572,721,0
68.39453101158142,359691,1517528,1560040,1528252,970821,27503,700,0
68.39453101158142,359698,1854588,1896760,1865250,895354,17707,706,0
68.43752980232239,359676,2159024,2201512,2169786,910083,24863,712,0
68.43752980232239,359684,2609704,2652000,2620404,1031743,24572,721,0
68.43752980232239,359691,1517528,1560040,1528252,970821,27503,700,0
68.43752980232239,359698,1873020,1917360,1883682,895362,17707,706,0
68.48159384727478,359676,2159028,2201512,2169790,910083,24864,712,0
68.48159384727478,359684,2609704,2652000,2620404,1031743,24572,721,0
68.48159384727478,359691,1535960,1578472,1546684,970828,27503,700,0
68.48159384727478,359698,1897596,1941936,1908258,895373,17707,707,0
68.53063583374023,359676,2159208,2201896,2169970,910121,24871,712,0
68.53063583374023,359684,2249256,2291552,2259956,1031743,24572,714,0
68.53063583374023,359691,1558488,1603048,1569212,970840,27503,700,0
68.53063583374023,359698,1911932,1954224,1922594,895382,17707,708,0
68.57573294639587,359676,2159844,2202408,2170606,910255,24895,712,0
68.57573294639587,359684,2249256,2291552,2259956,1031743,24572,714,0
68.57573294639587,359691,1581016,1623528,1591740,970851,27503,701,0
68.57573294639587,359698,1911932,1954224,1922594,895382,17707,708,0
68.61846494674683,359676,2160112,2202664,2170874,910304,24914,712,0
68.61846494674683,359684,2249256,2291552,2259956,1031743,24572,714,0
68.61846494674683,359691,1601496,1644008,1612220,970861,27503,701,0
68.61846494674683,359698,1911932,1954224,1922594,895382,17707,708,0
68.66111183166504,359676,2160584,2203176,2171346,910354,24977,712,0
68.66111183166504,359684,2249256,2291552,2259956,1031743,24572,714,0
68.66111183166504,359691,1621976,1664488,1632700,970871,27503,702,0
68.66111183166504,359698,1911932,1954224,1922594,895382,17707,708,0
68.7044289112091,359676,2162096,2205096,2172858,910584,25073,712,0
68.7044289112091,359684,2249256,2291552,2259956,1031743,24572,714,0
68.7044289112091,359691,1642456,1687016,1653180,970881,27503,702,0
68.7044289112091,359698,1911932,1954224,1922594,895382,17707,708,0
68.74970698356628,359676,2164312,2206888,2175074,911056,25209,712,0
68.74970698356628,359684,2249256,2291552,2259956,1031743,24572,714,0
68.74970698356628,359691,1662936,1707496,1673660,970891,27503,702,0
68.74970698356628,359698,1911932,1954224,1922594,895382,17707,708,0
68.79244494438171,359676,2164620,2207144,2175382,911102,25240,712,0
68.79244494438171,359684,2249256,2291552,2259956,1031743,24572,714,0
68.79244494438171,359691,1685464,1727976,1696188,970901,27503,703,0
68.79244494438171,359698,1911932,1954224,1922594,895382,17707,708,0
68.83534479141235,359676,2164624,2207144,2175386,911102,25240,712,0
68.83534479141235,359684,2249256,2291552,2259956,1031743,24572,714,0
68.83534479141235,359691,1705944,1748456,1716668,970912,27503,703,0
68.83534479141235,359698,1911932,1954224,1922594,895382,17707,708,0
68.87785792350769,359676,2164652,2207144,2175414,911110,25240,712,0
68.87785792350769,359684,2249256,2291552,2259956,1031743,24572,714,0
68.87785792350769,359691,1726424,1768936,1737148,970922,27503,704,0
68.87785792350769,359698,1911932,1954224,1922594,895382,17707,708,0
68.92001795768738,359676,2164652,2207144,2175414,911110,25240,712,0
68.92001795768738,359684,2249256,2291552,2259956,1031743,24572,714,0
68.92001795768738,359691,1746904,1789416,1757628,970932,27503,704,0
68.92001795768738,359698,1911932,1954224,1922594,895382,17707,708,0
68.96234083175659,359676,2164652,2207144,2175414,911110,25240,712,0
68.96234083175659,359684,2249256,2291552,2259956,1031743,24572,714,0
68.96234083175659,359691,1767384,1811944,1778108,970942,27503,704,0
68.96234083175659,359698,1911932,1954224,1922594,895382,17707,708,0
69.00477194786072,359676,2164652,2207144,2175414,911110,25240,712,0
69.00477194786072,359684,2249256,2291552,2259956,1031743,24572,714,0
69.00477194786072,359691,1769432,1813992,1780156,970952,27503,704,0
69.00477194786072,359698,1911932,1954224,1922594,895382,17707,708,0
69.04834079742432,359676,2164652,2207144,2175414,911110,25240,712,0
69.04834079742432,359684,2249256,2291552,2259956,1031743,24572,714,0
69.04834079742432,359691,1791960,1834472,1802684,970962,27503,705,0
69.04834079742432,359698,1911932,1954224,1922594,895382,17707,708,0
69.09058594703674,359676,2164652,2207144,2175414,911110,25240,712,0
69.09058594703674,359684,2249256,2291552,2259956,1031743,24572,714,0
69.09058594703674,359691,1812440,1854952,1823164,970973,27503,706,0
69.09058594703674,359698,1911932,1954224,1922594,895382,17707,708,0
69.13313698768616,359676,2164652,2207144,2175414,911110,25240,712,0
69.13313698768616,359684,2249256,2291552,2259956,1031743,24572,714,0
69.13313698768616,359691,1832920,1875432,1843644,970983,27503,706,0
69.13313698768616,359698,1911932,1954224,1922594,895382,17707,708,0
69.17548394203186,359676,2164652,2207144,2175414,911110,25240,712,0
69.17548394203186,359684,2249256,2291552,2259956,1031743,24572,714,0
69.17548394203186,359691,1853400,1895912,1864124,970993,27503,706,0
69.17548394203186,359698,1911928,1954224,1922594,895382,17707,708,0
69.21891593933105,359676,2164716,2207272,2175478,911112,25254,712,0
69.21891593933105,359684,2249256,2291552,2259956,1031743,24572,714,0
69.21891593933105,359691,1871832,1916392,1882556,971002,27503,707,0
69.21891593933105,359698,1911932,1954224,1922594,895382,17707,708,0
69.26213693618774,359676,2169448,2211276,2180222,911330,25432,712,0
69.26213693618774,359684,2249232,2291552,2259944,1031743,24572,714,0
69.26213693618774,359691,1894360,1936872,1905084,971013,27503,707,0
69.26213693618774,359698,1911932,1954224,1922594,895382,17707,708,0
69.30571579933167,359676,0,0,0,911681,25794,0,0
69.30571579933167,359684,2249232,2291552,2260899,1031743,24572,714,0
69.30571579933167,359691,1908696,1951208,1920376,971020,27503,708,0
69.30571579933167,359698,1911956,1954224,1923483,895382,17707,708,0
69.3407928943634,359676,0,0,0,911681,25794,0,0
69.3407928943634,359684,2249232,2291552,2260899,1031743,24572,714,0
69.3407928943634,359691,1925080,1969640,1936760,971028,27503,708,0
69.3407928943634,359698,1912172,1954224,1926221,895382,17707,708,0
69.37608790397644,359676,0,0,0,911681,25794,0,0
69.37608790397644,359684,2249332,2291552,2263500,1031743,24572,714,0
69.37608790397644,359691,1943572,1986024,1957796,971037,27503,708,0
69.37608790397644,359698,1777004,1810864,1791053,895382,17707,704,0
69.41011381149292,359684,2249332,2291552,2263500,1031743,24572,714,0
69.41011381149292,359691,1959956,2002408,1974180,971045,27503,708,0
69.41011381149292,359698,1629548,1671600,1643597,895382,17707,702,0
69.4520308971405,359684,2249332,2291552,2263500,1031743,24572,714,0
69.4520308971405,359691,1978388,2020840,1992612,971053,27503,709,0
69.4520308971405,359698,1629548,1671600,1643597,895383,17707,702,0
69.48483800888062,359684,2249332,2291552,2263500,1031743,24572,714,0
69.48483800888062,359691,1992724,2037224,2006948,971061,27503,709,0
69.48483800888062,359698,1629548,1671600,1643597,895383,17707,702,0
69.51761484146118,359684,2249332,2291552,2263500,1031743,24572,714,0
69.51761484146118,359691,2009108,2051560,2023332,971069,27503,710,0
69.51761484146118,359698,1629548,1671600,1643597,895383,17707,702,0
69.55112886428833,359684,2249332,2291552,2263500,1031743,24572,714,0
69.55112886428833,359691,2025492,2067944,2039716,971077,27503,710,0
69.55112886428833,359698,1629548,1671600,1643597,895383,17707,702,0
69.58451294898987,359684,2249332,2291552,2263500,1031743,24572,714,0
69.58451294898987,359691,2041876,2084328,2056100,971084,27503,710,0
69.58451294898987,359698,1629548,1671600,1643597,895383,17707,702,0
69.61744689941406,359684,2249332,2291552,2263500,1031743,24572,714,0
69.61744689941406,359691,2056212,2100712,2070436,971092,27503,710,0
69.61744689941406,359698,1629548,1671600,1643597,895383,17707,702,0
69.65073299407959,359684,2249332,2291552,2263500,1031743,24572,714,0
69.65073299407959,359691,2072596,2115048,2086820,971100,27503,711,0
69.65073299407959,359698,1629548,1671600,1643597,895383,17707,702,0
69.6840648651123,359684,2249332,2291552,2263500,1031743,24572,714,0
69.6840648651123,359691,2088980,2131432,2103204,971108,27503,711,0
69.6840648651123,359698,1629548,1671600,1643597,895383,17707,702,0
69.71687293052673,359684,2249332,2291552,2263500,1031743,24572,714,0
69.71687293052673,359691,2103316,2147816,2117540,971115,27503,712,0
69.71687293052673,359698,1629548,1671600,1643597,895383,17707,702,0
69.75006985664368,359684,2249332,2291552,2263500,1031743,24572,714,0
69.75006985664368,359691,2119700,2162152,2133924,971123,27503,712,0
69.75006985664368,359698,1629548,1671600,1643597,895383,17707,702,0
69.78346085548401,359684,2249332,2291552,2263500,1031743,24572,714,0
69.78346085548401,359691,2136084,2178536,2150308,971131,27503,712,0
69.78346085548401,359698,1629548,1671600,1643597,895383,17707,702,0
69.81642580032349,359684,2249332,2291552,2263500,1031743,24572,714,0
69.81642580032349,359691,2150420,2194920,2164644,971138,27503,712,0
69.81642580032349,359698,1629548,1671600,1643597,895383,17707,702,0
69.84938883781433,359684,2249332,2291552,2263500,1031743,24572,714,0
69.84938883781433,359691,2166804,2209256,2181028,971146,27503,712,0
69.84938883781433,359698,1629548,1671600,1643597,895383,17707,702,0
69.88272094726562,359684,2249332,2291552,2263500,1031743,24572,714,0
69.88272094726562,359691,2183188,2225640,2197412,971154,27503,713,0
69.88272094726562,359698,1629548,1671600,1643597,895383,17707,702,0
69.91576790809631,359684,2249332,2291552,2263500,1031743,24572,714,0
69.91576790809631,359691,2199572,2242024,2213796,971161,27503,713,0
69.91576790809631,359698,1629548,1671600,1643597,895383,17707,702,0
69.95006394386292,359684,2249332,2291552,2263500,1031743,24572,714,0
69.95006394386292,359691,2215956,2258408,2230180,971169,27503,714,0
69.95006394386292,359698,1629548,1671600,1643597,895383,17707,702,0
69.98265886306763,359684,2249332,2291552,2263500,1031743,24572,714,0
69.98265886306763,359691,2230292,2274792,2244516,971177,27503,714,0
69.98265886306763,359698,1643884,1685936,1657933,895388,17707,702,0
70.01624083518982,359684,2249332,2291552,2263500,1031743,24572,714,0
70.01624083518982,359691,2246676,2289128,2260900,971185,27503,714,0
70.01624083518982,359698,1660268,1702320,1674317,895396,17707,702,0
70.04971385002136,359684,2249332,2291552,2263500,1031743,24572,714,0
70.04971385002136,359691,2263060,2305512,2277284,971193,27503,714,0
70.04971385002136,359698,1676652,1718704,1690701,895405,17707,702,0
70.08315587043762,359684,2249332,2291552,2263500,1031743,24572,714,0
70.08315587043762,359691,2279444,2321896,2293668,971201,27503,715,0
70.08315587043762,359698,1693036,1735088,1707085,895413,17707,703,0
70.11658382415771,359684,2249332,2291552,2263500,1031743,24572,714,0
70.11658382415771,359691,2295828,2338280,2310052,971208,27503,715,0
70.11658382415771,359698,1709420,1751472,1723469,895421,17707,703,0
70.15015387535095,359684,2249332,2291552,2263500,1031743,24572,714,0
70.15015387535095,359691,2310164,2354664,2324388,971216,27503,716,0
70.15015387535095,359698,1725804,1769904,1739853,895429,17707,704,0
70.18405199050903,359684,2249332,2291552,2263500,1031743,24572,714,0
70.18405199050903,359691,2326548,2371048,2340772,971224,27503,716,0
70.18405199050903,359698,1742188,1786288,1756237,895437,17707,704,0
70.21762800216675,359684,2249332,2291552,2263500,1031743,24572,714,0
70.21762800216675,359691,2342932,2385384,2357156,971232,27503,716,0
70.21762800216675,359698,1760620,1802672,1774669,895445,17707,704,0
70.25110697746277,359684,2249332,2291552,2263500,1031743,24572,714,0
70.25110697746277,359691,2359316,2401768,2373540,971240,27503,716,0
70.25110697746277,359698,1777004,1819056,1791053,895453,17707,704,0
70.28474378585815,359684,2249648,2291808,2263816,1031778,24605,714,0
70.28474378585815,359691,2375700,2418152,2389924,971248,27503,717,0
70.28474378585815,359698,1793388,1835440,1807437,895461,17707,705,0
70.31764197349548,359684,2249892,2292064,2264060,1031798,24657,714,0
70.31764197349548,359691,2390036,2434536,2404260,971255,27503,717,0
70.31764197349548,359698,1809772,1851824,1823821,895469,17707,705,0
70.34981989860535,359684,2249984,2292192,2264152,1031808,24670,714,0
70.34981989860535,359691,2406420,2450920,2420644,971263,27503,718,0
70.34981989860535,359698,1826156,1868208,1840205,895477,17707,706,0
70.38284182548523,359684,2250292,2292448,2264460,1031839,24706,714,0
70.38284182548523,359691,2420756,2465256,2434980,971271,27503,718,0
70.38284182548523,359698,1842540,1884592,1856589,895486,17707,706,0
70.41533279418945,359684,2250512,2292704,2264680,1031866,24742,714,0
70.41533279418945,359691,2439188,2481640,2453412,971279,27503,718,0
70.41533279418945,359698,1858924,1900976,1872973,895493,17707,706,0
70.44806790351868,359684,2250540,2292704,2264708,1031869,24748,714,0
70.44806790351868,359691,2455572,2498024,2469796,971287,27503,718,0
70.44806790351868,359698,1875308,1917360,1889357,895502,17707,706,0
70.4804790019989,359684,2250540,2292704,2264708,1031869,24748,714,0
70.4804790019989,359691,2469908,2514408,2484132,971294,27503,719,0
70.4804790019989,359698,1891692,1933744,1905741,895510,17707,707,0
70.5128219127655,359684,2250544,2292704,2264712,1031870,24748,714,0
70.5128219127655,359691,2486292,2530792,2500516,971302,27503,719,0
70.5128219127655,359698,1908076,1950128,1922125,895518,17707,707,0
70.54496192932129,359684,2250544,2292704,2264712,1031870,24748,714,0
70.54496192932129,359691,2502676,2545128,2516900,971310,27503,720,0
70.54496192932129,359698,1924460,1968560,1938509,895526,17707,708,0
70.57722592353821,359684,1836848,1879068,1851016,1031870,24748,706,0
70.57722592353821,359691,2517012,2561512,2531236,971317,27503,720,0
70.57722592353821,359698,1940844,1982896,1954893,895534,17707,708,0
70.60856294631958,359684,1836848,1879068,1851016,1031870,24748,706,0
70.60856294631958,359691,2531348,2575848,2545572,971325,27503,720,0
70.60856294631958,359698,1957228,1999280,1971277,895541,17707,708,0
70.63910388946533,359684,1836848,1879068,1851016,1031870,24748,706,0
70.63910388946533,359691,2547732,2592232,2561956,971332,27503,720,0
70.63910388946533,359698,1973612,2015664,1987661,895549,17707,708,0
70.66994190216064,359684,1836848,1879068,1851016,1031870,24748,706,0
70.66994190216064,359691,2564116,2606568,2578340,971340,27503,721,0
70.66994190216064,359698,1987948,2032048,2001997,895557,17707,709,0
70.70200681686401,359684,1836848,1879068,1851016,1031870,24748,706,0
70.70200681686401,359691,2578452,2622952,2592676,971347,27503,721,0
70.70200681686401,359698,2004332,2046384,2018381,895565,17707,709,0
70.73410201072693,359684,1836860,1879068,1851028,1031870,24750,706,0
70.73410201072693,359691,2586712,2629096,2600936,971369,27503,721,0
70.73410201072693,359698,2020716,2062768,2034765,895573,17707,710,0
70.76625180244446,359684,1836888,1879068,1851056,1031875,24752,706,0
70.76625180244446,359691,2586712,2629096,2600936,971369,27503,721,0
70.76625180244446,359698,2037100,2079152,2051149,895581,17707,710,0
70.79862093925476,359684,1837136,1879324,1851304,1031918,24772,706,0
70.79862093925476,359691,2586712,2629096,2600936,971369,27503,721,0
70.79862093925476,359698,2053484,2095536,2067533,895589,17707,710,0
70.8307409286499,359684,1837424,1879580,1851592,1031961,24801,706,0
70.8307409286499,359691,2586712,2629096,2600936,971369,27503,721,0
70.8307409286499,359698,2069868,2111920,2083917,895596,17707,710,0
70.86282300949097,359684,1837888,1880092,1852056,1032041,24836,706,0
70.86282300949097,359691,2586712,2629096,2600936,971369,27503,721,0
70.86282300949097,359698,2084204,2128304,2098253,895604,17707,711,0
70.89466881752014,359684,1837932,1880092,1852100,1032043,24845,706,0
70.89466881752014,359691,2586712,2629096,2600936,971369,27503,721,0
70.89466881752014,359698,2100588,2142640,2114637,895611,17707,711,0
70.92875385284424,359684,1838900,1881372,1853068,1032214,24884,706,0
70.92875385284424,359691,2586712,2629096,2600936,971369,27503,721,0
70.92875385284424,359698,2114924,2156976,2128973,895619,17707,712,0
70.96134495735168,359684,1840628,1882780,1854796,1032592,24970,706,0
70.96134495735168,359691,2586712,2629096,2600936,971369,27503,721,0
70.96134495735168,359698,2129260,2173360,2143309,895626,17707,712,0
70.99293184280396,359684,1840724,1882908,1854892,1032611,24975,706,0
70.99293184280396,359691,2586712,2629096,2600936,971369,27503,721,0
70.99293184280396,359698,2143596,2187696,2157645,895634,17707,712,0
71.0256679058075,359684,1840784,1882908,1854952,1032624,24977,706,0
71.0256679058075,359691,2586712,2629096,2600936,971369,27503,721,0
71.0256679058075,359698,2159980,2204080,2174029,895641,17707,712,0
71.05751299858093,359684,1840792,1882908,1854960,1032624,24977,706,0
71.05751299858093,359691,2586712,2629096,2600936,971369,27503,721,0
71.05751299858093,359698,2176364,2220464,2190413,895649,17707,713,0
71.0897889137268,359684,1840824,1883036,1854992,1032630,24981,706,0
71.0897889137268,359691,2586712,2629096,2600936,971369,27503,721,0
71.0897889137268,359698,2190700,2234800,2204749,895657,17707,713,0
71.12175583839417,359684,1840824,1883036,1854992,1032630,24981,706,0
71.12175583839417,359691,2586712,2629096,2600936,971369,27503,721,0
71.12175583839417,359698,2207084,2251184,2221133,895664,17707,714,0
71.15395283699036,359684,1840824,1883036,1854992,1032630,24981,706,0
71.15395283699036,359691,2586712,2629096,2600936,971369,27503,721,0
71.15395283699036,359698,2221420,2265520,2235469,895672,17707,714,0
71.18644499778748,359684,1840824,1883036,1854992,1032630,24981,706,0
71.18644499778748,359691,2586712,2629096,2600936,971369,27503,721,0
71.18644499778748,359698,2235756,2279856,2249805,895679,17707,714,0
71.21897578239441,359684,1840824,1883036,1854992,1032630,24981,706,0
71.21897578239441,359691,2586712,2629096,2600936,971369,27503,721,0
71.21897578239441,359698,2252140,2296240,2266189,895686,17707,714,0
71.25101900100708,359684,1840824,1883036,1854992,1032630,24981,706,0
71.25101900100708,359691,2586712,2629096,2600936,971369,27503,721,0
71.25101900100708,359698,2266476,2310576,2280525,895694,17707,714,0
71.28301692008972,359684,1840824,1883036,1854992,1032630,24981,706,0
71.28301692008972,359691,2586712,2629096,2600936,971369,27503,721,0
71.28301692008972,359698,2282860,2326960,2296909,895701,17707,715,0
71.31523299217224,359684,1840824,1883036,1854992,1032630,24981,706,0
71.31523299217224,359691,2586712,2629096,2600936,971369,27503,721,0
71.31523299217224,359698,2299244,2343344,2313293,895709,17707,715,0
71.34727382659912,359684,1840824,1883036,1854992,1032630,24981,706,0
71.34727382659912,359691,2586712,2629096,2600936,971369,27503,721,0
71.34727382659912,359698,2313580,2357680,2327629,895716,17707,716,0
71.37945795059204,359684,1840824,1883036,1854992,1032630,24981,706,0
71.37945795059204,359691,2586712,2629096,2600936,971369,27503,721,0
71.37945795059204,359698,2329964,2374064,2344013,895724,17707,716,0
71.41157293319702,359684,1840824,1883036,1854992,1032630,24981,706,0
71.41157293319702,359691,2586712,2629096,2600936,971369,27503,721,0
71.41157293319702,359698,2344300,2374064,2358349,895732,17707,716,0
71.44356989860535,359684,1840876,1883036,1855044,1032631,24993,706,0
71.44356989860535,359691,2586712,2629096,2600936,971369,27503,721,0
71.44356989860535,359698,2346348,2390448,2360397,895739,17707,716,0
71.47579097747803,359684,1841700,1883784,1855868,1032764,25065,706,0
71.47579097747803,359691,2586700,2629096,2600930,971369,27503,721,0
71.47579097747803,359698,2360684,2404784,2374733,895747,17707,716,0
71.50688695907593,359684,0,0,0,1033130,25532,0,0
71.50688695907593,359691,2587184,2629096,2602935,971369,27503,721,0
71.50688695907593,359698,2377068,2419120,2392881,895753,17707,717,0
71.5345208644867,359684,0,0,0,1033130,25532,0,0
71.5345208644867,359691,2587640,2629096,2608072,971369,27503,721,0
71.5345208644867,359698,2387872,2433456,2408324,895760,17707,717,0
71.5626449584961,359684,0,0,0,1033130,25532,0,0
71.5626449584961,359691,2587640,2629096,2608092,971369,27503,721,0
71.5626449584961,359698,2402208,2445744,2422660,895767,17707,718,0
71.58988285064697,359691,2587640,2629096,2608092,971369,27503,721,0
71.58988285064697,359698,2416544,2460080,2436996,895773,17707,718,0
71.61741781234741,359691,2587640,2629096,2608092,971369,27503,721,0
71.61741781234741,359698,2430880,2474416,2451332,895780,17707,718,0
71.64456081390381,359691,2587640,2629096,2608092,971369,27503,721,0
71.64456081390381,359698,2443168,2486704,2463620,895787,17707,718,0
71.67157483100891,359691,2587640,2629096,2608092,971369,27503,721,0
71.67157483100891,359698,2459552,2501040,2480004,895793,17707,718,0
71.69818496704102,359691,2587640,2629096,2608092,971369,27503,721,0
71.69818496704102,359698,2471840,2515376,2492292,895800,17707,719,0
71.72516179084778,359691,2587640,2629096,2608092,971369,27503,721,0
71.72516179084778,359698,2486176,2527664,2506628,895807,17707,719,0
71.7521538734436,359691,2587640,2629096,2608092,971369,27503,721,0
71.7521538734436,359698,2500512,2542000,2520964,895813,17707,720,0
71.77919578552246,359691,2587640,2629096,2608092,971369,27503,721,0
71.77919578552246,359698,2512800,2556336,2533252,895820,17707,720,0
71.80623888969421,359691,2587640,2543148,2608092,971369,27503,720,0
71.80623888969421,359698,2525088,2568624,2545540,895827,17707,720,0
71.83352899551392,359691,2208760,2250284,2229212,971369,27503,714,0
71.83352899551392,359698,2539424,2582960,2559876,895833,17707,720,0
71.86003684997559,359691,2208760,2250284,2229212,971369,27503,714,0
71.86003684997559,359698,2545568,2587056,2566020,895837,17707,720,0
71.88663792610168,359691,2208760,2250284,2229212,971369,27503,714,0
71.88663792610168,359698,2545568,2587056,2566020,895837,17707,720,0
71.91300296783447,359691,2208760,2250284,2229212,971369,27503,714,0
71.91300296783447,359698,2545568,2587056,2566020,895837,17707,720,0
71.93967080116272,359691,2208760,2250284,2229212,971369,27503,714,0
71.93967080116272,359698,2545568,2587056,2566020,895837,17707,720,0
71.96642398834229,359691,2208760,2250284,2229212,971369,27503,714,0
71.96642398834229,359698,2545568,2587056,2566020,895837,17707,720,0
71.99284601211548,359691,2208760,2250284,2229212,971369,27503,714,0
71.99284601211548,359698,2545568,2587056,2566020,895837,17707,720,0
72.01843690872192,359691,2208760,2250284,2229212,971369,27503,714,0
72.01843690872192,359698,2545568,2587056,2566020,895837,17707,720,0
72.04421901702881,359691,2208760,2250284,2229212,971369,27503,714,0
72.04421901702881,359698,2545568,2587056,2566020,895837,17707,720,0
72.07007598876953,359691,2208760,2250284,2229212,971369,27503,714,0
72.07007598876953,359698,2545568,2587056,2566020,895837,17707,720,0
72.09602880477905,359691,2208760,2250284,2229212,971369,27503,714,0
72.09602880477905,359698,2545568,2587056,2566020,895837,17707,720,0
72.12202000617981,359691,2208760,2250284,2229212,971369,27503,714,0
72.12202000617981,359698,2545568,2587056,2566020,895837,17707,720,0
72.14798283576965,359691,2208760,2250284,2229212,971369,27503,714,0
72.14798283576965,359698,2545568,2587056,2566020,895837,17707,720,0
72.17415690422058,359691,2208760,2250284,2229212,971369,27503,714,0
72.17415690422058,359698,2545568,2587056,2566020,895837,17707,720,0
72.20007181167603,359691,2208760,2250284,2229212,971369,27503,714,0
72.20007181167603,359698,2545568,2587056,2566020,895837,17707,720,0
72.22601795196533,359691,2208760,2250284,2229212,971369,27503,714,0
72.22601795196533,359698,2545568,2587056,2566020,895837,17707,720,0
72.25201082229614,359691,2208760,2250284,2229212,971369,27503,714,0
72.25201082229614,359698,2545568,2587056,2566020,895837,17707,720,0
72.27803492546082,359691,2208760,2250284,2229212,971369,27503,714,0
72.27803492546082,359698,2545568,2587056,2566020,895837,17707,720,0
72.30402088165283,359691,2208760,2250284,2229212,971369,27503,714,0
72.30402088165283,359698,2545568,2587056,2566020,895837,17707,720,0
72.33001494407654,359691,2208760,2250284,2229212,971369,27503,714,0
72.33001494407654,359698,2545568,2587056,2566020,895837,17707,720,0
72.35602879524231,359691,2208760,2250284,2229212,971369,27503,714,0
72.35602879524231,359698,2545568,2587056,2566020,895837,17707,720,0
72.38209891319275,359691,2208760,2250284,2229212,971369,27503,714,0
72.38209891319275,359698,2545568,2587056,2566020,895837,17707,720,0
72.40800189971924,359691,2208760,2250284,2229212,971369,27503,714,0
72.40800189971924,359698,2545568,2587056,2566020,895837,17707,720,0
72.43406200408936,359691,2208760,2250284,2229212,971369,27503,714,0
72.43406200408936,359698,2545568,2587056,2566020,895837,17707,720,0
72.46014499664307,359691,2208760,2250284,2229212,971369,27503,714,0
72.46014499664307,359698,2545568,2587056,2566020,895837,17707,720,0
72.48602199554443,359691,2208760,2250284,2229212,971369,27503,714,0
72.48602199554443,359698,2545568,2587056,2566020,895837,17707,720,0
72.51199197769165,359691,2208760,2250284,2229212,971369,27503,714,0
72.51199197769165,359698,2545568,2587056,2566020,895837,17707,720,0
72.53785395622253,359691,2208760,2250284,2229212,971369,27503,714,0
72.53785395622253,359698,2545568,2587056,2566020,895837,17707,720,0
72.56392478942871,359691,2208760,2250284,2229212,971369,27503,714,0
72.56392478942871,359698,2545568,2587056,2566020,895837,17707,720,0
72.59003186225891,359691,2208760,2250284,2229212,971369,27503,714,0
72.59003186225891,359698,2545568,2587056,2566020,895837,17707,720,0
72.61602783203125,359691,2208760,2250284,2229212,971369,27503,714,0
72.61602783203125,359698,2545568,2587056,2566020,895837,17707,720,0
72.64199090003967,359691,2208760,2250284,2229212,971369,27503,714,0
72.64199090003967,359698,2545568,2587056,2566020,895837,17707,720,0
72.66805100440979,359691,2208760,2250284,2229212,971369,27503,714,0
72.66805100440979,359698,2545568,2587056,2566020,895837,17707,720,0
72.6940369606018,359691,2208760,2250284,2229212,971369,27503,714,0
72.6940369606018,359698,2545568,2587056,2566020,895837,17707,720,0
72.72001481056213,359691,2208760,2250284,2229212,971369,27503,714,0
72.72001481056213,359698,2545568,2587056,2566020,895837,17707,720,0
72.74603986740112,359691,2208760,2250284,2229212,971369,27503,714,0
72.74603986740112,359698,2545568,2587056,2566020,895837,17707,720,0
72.77181482315063,359691,2208760,2250284,2229212,971369,27503,714,0
72.77181482315063,359698,2545568,2587056,2566020,895837,17707,720,0
72.79813480377197,359691,2208760,2250284,2229212,971369,27503,714,0
72.79813480377197,359698,2545568,2587056,2566020,895837,17707,720,0
72.82401585578918,359691,2208760,2250284,2229212,971369,27503,714,0
72.82401585578918,359698,2545568,2587056,2566020,895837,17707,720,0
72.85000896453857,359691,2208760,2250284,2229212,971369,27503,714,0
72.85000896453857,359698,2545568,2587056,2566020,895837,17707,720,0
72.87698483467102,359691,2208832,2250412,2229284,971376,27513,714,0
72.87698483467102,359698,2545568,2587056,2566020,895837,17707,720,0
72.9040060043335,359691,2209116,2250540,2229568,971388,27573,714,0
72.9040060043335,359698,2545568,2587056,2566020,895837,17707,720,0
72.93048691749573,359691,2209352,2250796,2229804,971393,27618,714,0
72.93048691749573,359698,2545568,2587056,2566020,895837,17707,720,0
72.95749092102051,359691,2211672,2253100,2232124,971666,27676,714,0
72.95749092102051,359698,2545568,2587056,2566020,895837,17707,720,0
72.98456001281738,359691,2211752,2253228,2232204,971918,27702,714,0
72.98456001281738,359698,2545568,2587056,2566020,895837,17707,720,0
73.01145386695862,359691,2211776,2253228,2232228,971923,27703,714,0
73.01145386695862,359698,2545568,2587056,2566020,895837,17707,720,0
73.03800988197327,359691,2211776,2253228,2232228,971923,27703,714,0
73.03800988197327,359698,2545568,2587056,2566020,895837,17707,720,0
73.0644040107727,359691,2211776,2253228,2232228,971923,27703,714,0
73.0644040107727,359698,2545568,2587056,2566020,895837,17707,720,0
73.09103178977966,359691,2211776,2253228,2232228,971923,27703,714,0
73.09103178977966,359698,2545568,2587056,2566020,895837,17707,720,0
73.11663389205933,359691,2211776,2253228,2232228,971923,27703,714,0
73.11663389205933,359698,2545568,2587056,2566020,895837,17707,720,0
73.14254689216614,359691,2211776,2253228,2232228,971923,27703,714,0
73.14254689216614,359698,2545568,2587056,2566020,895837,17707,720,0
73.1684319972992,359691,2211776,2253228,2232228,971923,27703,714,0
73.1684319972992,359698,2545568,2587056,2566020,895837,17707,720,0
73.19430994987488,359691,2211776,2253228,2232228,971923,27703,714,0
73.19430994987488,359698,2545568,2587056,2566020,895837,17707,720,0
73.22008681297302,359691,2211776,2253228,2232228,971923,27703,714,0
73.22008681297302,359698,2545568,2587056,2566020,895837,17707,720,0
73.24579882621765,359691,2211776,2253228,2232228,971923,27703,714,0
73.24579882621765,359698,2545568,2587056,2566020,895837,17707,720,0
73.27153897285461,359691,2211776,2253228,2232228,971923,27703,714,0
73.27153897285461,359698,2545568,2587056,2566020,895837,17707,720,0
73.29788589477539,359691,2211776,2253228,2232228,971923,27703,714,0
73.29788589477539,359698,2545568,2587056,2566020,895837,17707,720,0
73.32446098327637,359691,2212012,2253484,2232464,971928,27734,714,0
73.32446098327637,359698,2545568,2587056,2566020,895837,17707,720,0
73.35118579864502,359691,2212064,2253484,2232516,971934,27762,714,0
73.35118579864502,359698,2545568,2587056,2566020,895837,17707,720,0
73.37808585166931,359691,2212260,2253740,2232712,971965,27782,714,0
73.37808585166931,359698,2545568,2587056,2566020,895837,17707,720,0
73.40515184402466,359691,2212496,2253996,2232948,971991,27815,714,0
73.40515184402466,359698,2545568,2587056,2566020,895837,17707,720,0
73.43195581436157,359691,2212744,2254252,2233196,972026,27841,714,0
73.43195581436157,359698,2545568,2587056,2566020,895837,17707,720,0
73.45907592773438,359691,2212968,2254380,2233420,972049,27872,714,0
73.45907592773438,359698,2545568,2587056,2566020,895837,17707,720,0
73.48622989654541,359691,2213040,2254508,2233492,972056,27886,714,0
73.48622989654541,359698,2545568,2587056,2566020,895837,17707,720,0
73.51344084739685,359691,2213096,2254508,2233548,972057,27888,714,0
73.51344084739685,359698,2545568,2587056,2566020,895837,17707,720,0
73.54023694992065,359691,2213124,2254636,2233576,972063,27900,714,0
73.54023694992065,359698,2545568,2587056,2566020,895837,17707,720,0
73.56842494010925,359691,2214324,2255916,2234776,972300,27959,714,0
73.56842494010925,359698,2545568,2587056,2566020,895837,17707,720,0
73.59518098831177,359691,2215012,2256556,2235464,972439,27995,714,0
73.59518098831177,359698,2545568,2587056,2566020,895837,17707,720,0
73.623291015625,359691,2215044,2256684,2235496,972441,28002,714,0
73.623291015625,359698,2545568,2587056,2566020,895837,17707,720,0
73.65061283111572,359691,2215192,2256684,2235644,972453,28027,714,0
73.65061283111572,359698,2545568,2587056,2566020,895837,17707,720,0
73.67674589157104,359691,2215192,2256684,2235644,972453,28027,714,0
73.67674589157104,359698,2545568,2587056,2566020,895837,17707,720,0
73.70303797721863,359691,2215192,2256684,2235644,972453,28027,714,0
73.70303797721863,359698,2545568,2587056,2566020,895837,17707,720,0
73.72902584075928,359691,2215192,2256684,2235644,972453,28027,714,0
73.72902584075928,359698,2545568,2587056,2566020,895837,17707,720,0
73.75505900382996,359691,2215192,2256684,2235644,972453,28027,714,0
73.75505900382996,359698,2545568,2587056,2566020,895837,17707,720,0
73.78201079368591,359691,2215304,2256812,2235756,972461,28046,714,0
73.78201079368591,359698,2545568,2587056,2566020,895837,17707,720,0
73.8096330165863,359691,2215380,2256812,2235832,972466,28061,714,0
73.8096330165863,359698,2545568,2587056,2566020,895837,17707,720,0
73.836669921875,359691,2215428,2256940,2235880,972473,28066,714,0
73.836669921875,359698,2545568,2587056,2566020,895837,17707,720,0
73.86290192604065,359691,1801732,1843256,1822184,972473,28066,705,0
73.86290192604065,359698,2545568,2587056,2566020,895837,17707,720,0
73.88875389099121,359691,1801732,1843256,1822184,972473,28066,705,0
73.88875389099121,359698,2545568,2587056,2566020,895837,17707,720,0
73.91504693031311,359691,1801732,1843256,1822184,972473,28066,705,0
73.91504693031311,359698,2191264,2232752,2211716,895837,17707,713,0
73.94103693962097,359691,1801732,1843256,1822184,972473,28066,705,0
73.94103693962097,359698,2191264,2232752,2211716,895837,17707,713,0
73.96686387062073,359691,1801732,1843256,1822184,972473,28066,705,0
73.96686387062073,359698,2191264,2232752,2211716,895837,17707,713,0
73.9921669960022,359691,1801732,1843256,1822184,972473,28066,705,0
73.9921669960022,359698,2191612,2233136,2212064,895840,17749,713,0
74.01841592788696,359691,1801732,1843256,1822184,972473,28066,705,0
74.01841592788696,359698,2191804,2233264,2212256,895869,17810,713,0
74.04461288452148,359691,1801732,1843256,1822184,972473,28066,705,0
74.04461288452148,359698,2192048,2233520,2212500,895884,17834,713,0
74.07101082801819,359691,1801732,1843256,1822184,972473,28066,705,0
74.07101082801819,359698,2192360,2235696,2212812,895952,17866,713,0
74.09770584106445,359691,1801732,1843256,1822184,972473,28066,705,0
74.09770584106445,359698,2194756,2236208,2215208,896458,17958,713,0
74.12430381774902,359691,1801732,1843256,1822184,972473,28066,705,0
74.12430381774902,359698,2194880,2236336,2215332,896467,17980,713,0
74.15062499046326,359691,1801732,1843256,1822184,972473,28066,705,0
74.15062499046326,359698,2194936,2236336,2215388,896473,17988,713,0
74.17810678482056,359691,1801880,1843512,1822332,972473,28066,705,0
74.17810678482056,359698,2194956,2236336,2215408,896477,17990,713,0
74.20493578910828,359691,1802860,1844280,1823312,972605,28216,705,0
74.20493578910828,359698,2194956,2236336,2215408,896477,17990,713,0
74.23095893859863,359691,1802880,1844536,1823332,972605,28221,705,0
74.23095893859863,359698,2194956,2236336,2215408,896477,17990,713,0
74.25750279426575,359691,0,0,0,973224,28754,0,0
74.25750279426575,359698,2194908,2236336,2215384,896477,17990,713,0
74.27841997146606,359691,0,0,0,973224,28754,0,0
74.27841997146606,359698,2205492,2236336,2220676,896477,17990,713,0
74.2995958328247,359691,0,0,0,973224,28754,0,0
74.2995958328247,359698,2205492,2236336,2220676,896477,17990,713,0
74.32096886634827,359691,0,0,0,973224,28754,0,0
74.32096886634827,359698,2235504,2236336,2235760,896477,17990,713,0
74.34099578857422,359691,0,0,0,973224,28754,0,0
74.34099578857422,359698,2235504,2236336,2235760,896477,17990,713,0
74.36081290245056,359698,2235504,2236336,2235760,896477,17990,713,0
74.38647294044495,359698,2235504,2236336,2235760,896477,17990,713,0
74.40619492530823,359698,2235504,2236336,2235760,896477,17990,713,0
74.42568898200989,359698,2235504,2236336,2235760,896477,17990,713,0
74.44547986984253,359698,2235508,2236336,2235764,896477,17991,713,0
74.46559000015259,359698,2235508,2236336,2235764,896477,17991,713,0
74.48551893234253,359698,2235600,2236592,2235856,896493,17997,713,0
74.50589084625244,359698,2235904,2236976,2236160,896550,18004,713,0
74.52609181404114,359698,2236524,2237360,2236780,896642,18044,713,0
74.54642391204834,359698,2236740,2237744,2236996,896707,18068,713,0
74.56698989868164,359698,2237036,2237872,2237292,896769,18081,713,0
74.58733081817627,359698,2237108,2238000,2237364,896771,18083,713,0
74.60762000083923,359698,2237192,2238128,2237448,896787,18102,713,0
74.62821078300476,359698,2237212,2238128,2237468,896788,18106,713,0
74.64845895767212,359698,2237220,2238128,2237476,896788,18107,713,0
74.66932082176208,359698,2237864,2239152,2238120,896930,18127,713,0
74.69012594223022,359698,2238472,2239792,2238728,897023,18164,713,0
74.7115728855133,359698,2239336,2240176,2239592,897204,18221,713,0
74.73154592514038,359698,2239388,2240304,2239644,897209,18229,713,0
74.75188779830933,359698,2240368,2241584,2240624,897382,18290,713,0
74.77232193946838,359698,2240728,2241584,2240984,897465,18308,713,0
74.79285597801208,359698,2240768,2241584,2241024,897472,18311,713,0
74.81296801567078,359698,2240800,2241712,2241056,897473,18316,713,0
74.83372783660889,359698,2240800,2241712,2241056,897474,18317,713,0
74.85368585586548,359698,2240800,2241712,2241056,897474,18317,713,0
74.8734679222107,359698,2240800,2241712,2241056,897474,18317,713,0
74.89290499687195,359698,2240800,2241712,2241056,897474,18317,713,0
74.91205596923828,359698,2240800,2241712,2241056,897474,18317,713,0
74.93166184425354,359698,2240800,2241712,2241056,897474,18317,713,0
74.95164394378662,359698,2240800,2241712,2241056,897474,18317,713,0
74.97098278999329,359698,2240800,2241712,2241056,897474,18317,713,0
74.99072098731995,359698,2240800,2241712,2241056,897474,18317,713,0
75.01005983352661,359698,2240800,2241712,2241056,897474,18317,713,0
75.0295479297638,359698,2240800,2241712,2241056,897474,18317,713,0
75.04907393455505,359698,2240800,2241712,2241056,897474,18317,713,0
75.06879496574402,359698,2240800,2241712,2241056,897474,18317,713,0
75.08846688270569,359698,2240800,2241712,2241056,897474,18317,713,0
75.10792684555054,359698,2240800,2241712,2241056,897474,18317,713,0
75.12705683708191,359698,2240800,2241712,2241056,897474,18317,713,0
75.14676785469055,359698,2240800,2241712,2241056,897474,18317,713,0
75.16676187515259,359698,2240800,2241712,2241056,897474,18317,713,0
75.18682980537415,359698,2240864,2241712,2241120,897477,18330,713,0
75.20687985420227,359698,2240872,2241712,2241128,897477,18332,713,0
75.22646689414978,359698,2244800,2245976,2245056,897620,18469,713,0
75.24631786346436,359698,0,0,0,898093,18903,0,0
75.25991892814636,359698,0,0,0,898093,18903,0,0
75.27363085746765,359698,0,0,0,898093,18903,0,0
75.28729891777039,359698,0,0,0,898093,18903,0,0
75.30097198486328,359698,0,0,0,898093,18903,0,0
75.31486082077026,359698,0,0,0,898093,18903,0,0
75.32878589630127,359698,0,0,0,898093,18903,0,0
75.34239482879639,359698,0,0,0,898093,18903,0,0
